day,price,market_cap,buyers,total_buy_qty,total_buy_usd,avg_buy_usd,ratio_pct,bucket
2024-03-07,1.331436949,2392085861.0,1,10000000000.0,13314369490.0,13314369490.0,556.6008188532995,Mega Whale Orders
2024-03-08,1.331436949,2392085861.0,0,0.0,0.0,,,Normal
2024-03-09,1.331436949,2392085861.0,0,0.0,0.0,,,Normal
2024-03-10,1.331436949,2392085861.0,0,0.0,0.0,,,Normal
2024-03-11,1.331436949,2392085861.0,0,0.0,0.0,,,Normal
2024-03-12,1.331436949,2392085861.0,0,0.0,0.0,,,Normal
2024-03-13,1.331436949,2392085861.0,0,0.0,0.0,,,Normal
2024-03-14,1.331436949,2392085861.0,0,0.0,0.0,,,Normal
2024-03-15,1.331436949,2392085861.0,0,0.0,0.0,,,Normal
2024-03-16,1.331436949,2392085861.0,0,0.0,0.0,,,Normal
2024-03-17,1.331436949,2392085861.0,0,0.0,0.0,,,Normal
2024-03-18,1.331436949,2392085861.0,0,0.0,0.0,,,Normal
2024-03-19,1.331436949,2392085861.0,0,0.0,0.0,,,Normal
2024-03-20,1.331436949,2392085861.0,0,0.0,0.0,,,Normal
2024-03-21,1.331436949,2392085861.0,0,0.0,0.0,,,Normal
2024-03-22,1.331436949,2392085861.0,0,0.0,0.0,,,Normal
2024-03-23,1.331436949,2392085861.0,0,0.0,0.0,,,Normal
2024-03-24,1.331436949,2392085861.0,0,0.0,0.0,,,Normal
2024-03-25,1.331436949,2392085861.0,2,40.0,53.25747796,26.62873898,1.113201637706599e-06,Retail Orders
2024-03-26,1.331436949,2392085861.0,1,10.0,13.31436949,13.31436949,5.566008188532995e-07,Retail Orders
2024-03-27,1.331436949,2392085861.0,0,0.0,0.0,,,Normal
2024-03-28,1.331436949,2392085861.0,7,140.0,186.40117286,26.62873898,1.113201637706599e-06,Retail Orders
2024-03-29,1.331436949,2392085861.0,2,40.0,53.25747796,26.62873898,1.113201637706599e-06,Retail Orders
2024-03-30,1.331436949,2392085861.0,0,0.0,0.0,,,Normal
2024-03-31,1.331436949,2392085861.0,1,20.0,26.62873898,26.62873898,1.113201637706599e-06,Retail Orders
2024-04-01,1.331436949,2392085861.0,1,20.0,26.62873898,26.62873898,1.113201637706599e-06,Retail Orders
2024-04-02,1.331436949,2392085861.0,25,160032608.987256,213073328.6505021,8522933.146020085,0.3562971248221463,Big Whale Orders
2024-04-03,1.331436949,2392085861.0,93474,5016313914.092029,6678905693.004939,71452.015458897,0.0029870171729131,Normal
2024-04-04,1.331436949,2392085861.0,23125,1235166908.764068,1644546860.510592,71115.53991397154,0.002972950974437,Normal
2024-04-05,1.078949488,1944819902.0,13704,302391019.95315194,326264636.15425104,23807.98570886245,0.0012241743147722,Normal
2024-04-06,0.973129446,1761365499.0,12051,39415767.582237,38356644.07096705,3182.8598515448552,0.0001807041101549,Retail Orders
2024-04-07,1.064816529,1920876374.0,10901,17568895.521318097,18707650.347373582,1716.14075290098,8.934155139444596e-05,Retail Orders
2024-04-08,1.009114749,1812261903.0,11423,42215772.043975,42600558.20999706,3729.3669097432426,0.0002057852070702,Retail Orders
2024-04-09,0.996016569,1794528447.0,9946,62036648.762359,61789530.05254291,6212.500507997477,0.0003461912525478,Retail Orders
2024-04-10,0.846737564,1525608583.0,15499,78045148.011651,66083758.50940481,4263.743371146836,0.0002794781976621,Retail Orders
2024-04-11,0.838867222,1511212579.0,10493,92782246.309962,77831985.21295758,7417.515030301875,0.0004908320069179,Retail Orders
2024-04-12,0.781079207,1408307651.0,7111,40043763.13437401,31277350.75429268,4398.4461755439015,0.000312321400258,Retail Orders
2024-04-13,0.609033665,1096038957.0,5720,81761029.847796,49795219.66237759,8705.457982933145,0.0007942653796504,Normal
2024-04-14,0.542534108,974500760.3,4398,16985883.990881007,9215421.419584109,2095.366398268328,0.0002150194729066,Retail Orders
2024-04-15,0.708963085,1275714096.0,4294,8238206.258238,5840584.12370672,1360.173293830163,0.0001066205428077,Retail Orders
2024-04-16,0.656127232,1177097517.0,2863,6147554.944835071,4033578.209522548,1408.8642017193672,0.0001196896757806,Retail Orders
2024-04-17,0.611188751,1101962935.0,3730,13273808.867905997,8112802.662988191,2175.01411876359,0.0001973763408624,Retail Orders
2024-04-18,0.565352824,1019493346.0,2910,8106661.707854,4583124.089747922,1574.956731872138,0.0001544842580926,Retail Orders
2024-04-19,0.590390164,1062901625.0,2472,10523311.355250008,6212859.516849114,2513.292684809512,0.0002364558135668,Retail Orders
2024-04-20,0.59189143,1065404575.0,2444,6506553.238712,3851173.100832377,1575.7664078692214,0.0001479031013048,Retail Orders
2024-04-21,0.65712916,1183914561.0,2175,5008333.589871,3291122.0449117143,1513.1595608789492,0.0001278098615157,Retail Orders
2024-04-22,0.613335004,1104267173.0,2173,2678905583.660662,1643066566.8701344,756128.1946019946,0.0684733018502936,Big Whale Orders
2024-04-23,0.641528574,1154208089.0,2097,7022478.653309001,4505120.716402764,2148.36467162745,0.0001861332191397,Retail Orders
2024-04-24,0.593108395,1066991177.0,2223,5506425.016747003,3265906.903870664,1469.1439063745677,0.0001376903519019,Retail Orders
2024-04-25,0.546150404,982473607.3,2840,13629058.071575,7443515.571930149,2620.956187299348,0.0002667711547491,Retail Orders
2024-04-26,0.657234232,1183324389.0,2194,5853483.718615,3847109.876328434,1753.4684942244455,0.0001481815561755,Retail Orders
2024-04-27,0.58670476,1057419533.0,2267,3995525.251907001,2344193.6839940366,1034.0510295518468,9.77900442805464e-05,Retail Orders
2024-04-28,0.619509622,1116495813.0,1885,7164982.691894994,4438775.71909241,2354.788179889873,0.0002109088231654,Retail Orders
2024-04-29,0.62875531,1131250889.0,2117,7260755.970548999,4565238.871096887,2156.4661649016944,0.000190626693501,Retail Orders
2024-04-30,0.679130144,1223032958.0,2378,8123761.45428,5517091.286266826,2320.055208690844,0.0001896968674077,Retail Orders
2024-05-01,0.60784815,1097736431.0,2408,14954455.519388,9090038.121717284,3774.932774799537,0.0003438833465115,Retail Orders
2024-05-02,0.687634808,1240694543.0,2588,25653423.048981,17640186.632828824,6816.146303256887,0.0005493815010079,Normal
2024-05-03,0.727297745,1312265307.0,1980,19516747.240786,14194486.25795863,7168.93245351446,0.0005463020637117,Normal
2024-05-04,0.739348515,1333339686.0,1579,3411626.0591120003,2522380.66053976,1597.4545031917412,0.0001198085169117,Retail Orders
2024-05-05,0.726335224,1306876942.0,1547,9749414.48039706,7081343.15048804,4577.4680998629865,0.0003502600706121,Retail Orders
2024-05-06,0.675393167,1215435087.0,1716,13411858.185430052,9058277.375212476,5278.71641912149,0.0004343067330852,Retail Orders
2024-05-07,0.645537707,1161542720.0,3936,5839528.75739899,3769636.004011904,957.73272459652,8.245350843372511e-05,Retail Orders
2024-05-08,0.633727652,1140115663.0,1977,3440806.6179360007,2180534.298970643,1102.9510869856565,9.67402801995938e-05,Retail Orders
2024-05-09,0.607583042,1096469227.0,1717,5891792.777744996,3579753.378735935,2084.888397633043,0.0001901456371317,Retail Orders
2024-05-10,0.629781086,1133733198.0,1250,4883157.317344944,3075320.1184263458,2460.2560947410766,0.0002170048560879,Retail Orders
2024-05-11,0.597426852,1075429766.0,1015,2300267.391393054,1374241.506398204,1353.9325186189203,0.0001258968796869,Retail Orders
2024-05-12,0.594359473,1070127216.0,1027,3330976.2573339976,1979797.2928845475,1927.7480943374364,0.0001801419556025,Retail Orders
2024-05-13,0.589303832,1061239387.0,1366,8748098.90087796,5155288.20500237,3774.003078332628,0.0003556222210147,Retail Orders
2024-05-14,0.547982545,985511317.9,1411,5421103.526007026,2970670.106889804,2105.3650651238863,0.0002136317490102,Retail Orders
2024-05-15,0.526900526,948995711.1,1416,25862926.81916802,13627189.744919136,9623.721571270577,0.0010140953703695,Normal
2024-05-16,0.571914691,1030605060.0,1436,13701533.054629011,7836108.043164438,5456.899751507269,0.0005294850533246,Normal
2024-05-17,0.537442561,967832597.6,1240,4299156.289785003,2310549.5665213102,1863.34642461396,0.0001925277604034,Retail Orders
2024-05-18,0.555960701,1000243625.0,1013,3335773.0510839983,1854558.7238575688,1830.75885869454,0.0001830312948702,Retail Orders
2024-05-19,0.559007673,1005073823.0,888,3198037.8419809905,1787727.6922117353,2013.206860598801,0.0002003043771043,Retail Orders
2024-05-20,0.532618286,956658177.6,1216,12112442.672384998,6451308.455438958,5305.352348222827,0.0005545713685877,Normal
2024-05-21,0.572107182,1029904899.0,1368,140599705.2933611,80438101.1854153,58799.78156828604,0.0057092437976922,Small Whale Orders
2024-05-22,0.577898211,1041517325.0,1144,16297337.759807996,9418202.335455788,8232.69434917464,0.0007904519830406,Normal
2024-05-23,0.575500807,1036579165.0,1146,4415942.016584878,2541378.1942098043,2217.607499310475,0.0002139351796937,Retail Orders
2024-05-24,0.55452887,999218162.0,967,5321705.216026,2951039.179916004,3051.746825145816,0.0003054134663683,Retail Orders
2024-05-25,0.560648711,1009495446.0,982,2247913.923292,1260290.0435326127,1283.3910830271006,0.0001271319338895,Retail Orders
2024-05-26,0.574543607,1033483343.0,886,4872386.441994,2799398.4810811286,3159.591965102854,0.0003057225824202,Retail Orders
2024-05-27,0.561972814,1013269935.0,1248,4614844.965359031,2593417.4113565474,2078.058823202361,0.0002050844253266,Retail Orders
2024-05-28,0.63089282,1126194054.0,1078,6671579.086521846,4209051.343748792,3904.5003188764304,0.0003466987154663,Retail Orders
2024-05-29,0.591550067,1065110742.0,970,2628264.252994116,1554749.8949523745,1602.8349432498703,0.0001504852857121,Retail Orders
2024-05-30,0.579679008,1042420172.0,870,7184604.639813192,4164764.490479109,4787.085621240354,0.0004592280300999,Retail Orders
2024-05-31,0.564953124,1017307938.0,782,20849287.805522,11778870.278904757,15062.493962793806,0.0014806228674875,Normal
2024-06-01,0.589900212,1061421873.0,777,3012543.3838290004,1777099.980779925,2287.129962393725,0.0002154779377147,Retail Orders
2024-06-02,0.596213143,1073287746.0,1137,3141866.505559945,1873222.1041663208,1647.5128444734578,0.0001535015051288,Retail Orders
2024-06-03,0.635742156,1143390380.0,1912,6338795.56162,4029839.5567875295,2107.656671960005,0.0001843339518004,Retail Orders
2024-06-04,0.666221242,1195274380.0,1147,4655466.974055009,3101570.98954491,2704.0723535701045,0.0002262302613371,Retail Orders
2024-06-05,0.64226738,1156656224.0,1045,3295559.877596,2116630.608216704,2025.4838356140704,0.0001751154572626,Retail Orders
2024-06-06,0.621856276,1120667891.0,2976,8665799.100774033,5388881.55737149,1810.7800932027856,0.000161580438571,Retail Orders
2024-06-07,0.691781963,1244504798.0,5474,35079418.58450803,24267309.049289647,4433.19493045116,0.0003562216021646,Retail Orders
2024-06-08,0.668928967,1202084525.0,5876,3547529.6907089576,2373045.3714077724,403.853875324672,3.35961296336189e-05,Retail Orders
2024-06-09,0.656548896,1181290516.0,7466,4048571.750735996,2658085.313322505,356.02535672682893,3.013867900441426e-05,Retail Orders
2024-06-10,0.678708995,1222157509.0,8916,5664764.214675924,3844726.427054661,431.2165126799754,3.528321918447383e-05,Retail Orders
2024-06-11,0.55547236,999262531.9,2108,7236236.022655994,4019529.101021738,1906.7974862531964,0.0001908204726367,Retail Orders
2024-06-12,0.52554534,945410097.3,1674,10495374.319510002,5515795.065174152,3294.9791309284064,0.0003485237930437,Retail Orders
2024-06-13,0.525707023,946000253.0,1446,6997478.581713,3678623.633698604,2543.999746679533,0.0002689216771995,Retail Orders
2024-06-14,0.477804092,861366322.6,1841,7220984.833072003,3450216.10151174,1874.0989144550465,0.0002175728102299,Retail Orders
2024-06-15,0.450598583,810549431.1,1294,2446607.6040100013,1102437.9195239316,851.961297931941,0.0001051091105912,Retail Orders
2024-06-16,0.451229571,812317200.2,1183,1619863.391251,730930.2631127938,617.8615918113219,7.606161628230926e-05,Retail Orders
2024-06-17,0.446536559,816401103.6,1651,3945375.226020995,1761754.277391262,1067.0831480262036,0.0001307057454137,Retail Orders
2024-06-18,0.397913583,716289823.7,1415,9131670.626801,3633615.777886242,2567.9263447959306,0.0003585038150523,Retail Orders
2024-06-19,0.369787288,666211227.1,1033,3654911.572569001,1351539.838300106,1308.3638318490862,0.000196388739581,Retail Orders
2024-06-20,0.365874476,659333295.5,973,2517336.546169,921029.1897452328,946.587039820383,0.0001435673044696,Retail Orders
2024-06-21,0.348787484,627918370.5,853,7350376.637263,2563719.3737633424,3005.5326773309994,0.0004786502224704,Retail Orders
2024-06-22,0.339950988,611817111.6,732,1687276.7112,573591.3850018306,783.594788253867,0.0001280766381647,Retail Orders
2024-06-23,0.343007164,616610586.6,745,1904116.880907,653125.7312444358,876.6788338851487,0.0001421770648991,Retail Orders
2024-06-24,0.33147201,596378109.6,937,10742927.592707,3560979.8024390503,3800.405338782338,0.0006372476248887,Normal
2024-06-25,0.353734881,638129015.4,857,4071120.344763,1440097.2706914186,1680.3935480646658,0.0002633313181992,Retail Orders
2024-06-26,0.34870277,626866084.5,724,4427132.794752,1543753.4686878638,2132.2561722208065,0.0003401454034511,Retail Orders
2024-06-27,0.335365235,603966076.9,780,3483726.660192,1168320.810071055,1497.8471923987886,0.0002480018745567,Retail Orders
2024-06-28,0.350987908,632538453.0,945,4509355.296881,1582729.182080981,1674.8456953237894,0.0002647816409232,Retail Orders
2024-06-29,0.330051181,594198105.8,575,1928988.74373,636665.013003793,1107.2435008761618,0.000186342482426,Retail Orders
2024-06-30,0.336620052,604984549.7,934,2201818.247711,741176.1730390257,793.5505064657664,0.0001311687227151,Retail Orders
2024-07-01,0.3649763,657875561.0,1002,3393323.225064,1238482.5553879258,1236.0105343192872,0.0001878790773806,Retail Orders
2024-07-02,0.374708607,673478254.8,776,3413415.069371,1279036.005756816,1648.2422754598142,0.0002447357822932,Retail Orders
2024-07-03,0.363505925,653890361.1,1083,2899614.695906,1054027.1221789045,973.2475735723956,0.0001488395656934,Retail Orders
2024-07-04,0.328048436,590994280.4,1792,11729865.129847,3847963.910337245,2147.301289250695,0.0003633370677965,Retail Orders
2024-07-05,0.269520182,485481719.6,1230,9230882.403675,2487909.105459084,2022.6903296415312,0.0004166357347724,Retail Orders
2024-07-06,0.252238787,453876577.7,1109,4437087.857888,1119205.6590860975,1009.202578075832,0.0002223517642593,Retail Orders
2024-07-07,0.29251879,526114506.9,860,1540148.637732,450522.41592951294,523.8632743366429,9.957210216904646e-05,Retail Orders
2024-07-08,0.269440504,483303986.5,1021,236838181.614051,63813799.02053344,62501.27230218751,0.0129320829225536,Small Whale Orders
2024-07-09,0.28731281,516870768.9,678,87886978.16290501,25251054.65839288,37243.44344895704,0.0072055619489216,Small Whale Orders
2024-07-10,0.292502755,526627637.6,609,1293461.30223,378340.9943881627,621.2495802761292,0.0001179675231454,Retail Orders
2024-07-11,0.288679681,520303672.5,528,2362787.946059,682088.8705389574,1291.8349820813587,0.0002482848094986,Retail Orders
2024-07-12,0.27334027,492181501.8,478,1258825.044885,344087.577651628,719.8484888109373,0.0001462567134641,Retail Orders
2024-07-13,0.275591254,495713619.0,483,608933.516664,167816.75146006167,347.4466903935024,7.009020472231618e-05,Retail Orders
2024-07-14,0.276164089,497407259.1,540,1753713.840591,484312.7851535048,896.8755280620459,0.0001803101003561,Retail Orders
2024-07-15,0.289127816,521581040.0,642,2905703.709474,840119.7674633161,1308.5977686344488,0.0002508905938441,Retail Orders
2024-07-16,0.32122669,578312856.6,676,4608955.599784,1480519.5516755788,2190.11767999346,0.0003787081084224,Retail Orders
2024-07-17,0.332086509,598419555.1,570,1677402.218007,557042.6467668015,977.2678013452658,0.0001633081327333,Retail Orders
2024-07-18,0.323107211,581929667.7,554,800162.528128,258538.28281014712,466.67560074033776,8.019450229867318e-05,Retail Orders
2024-07-19,0.322727563,580350411.5,705,2133563.821898,688559.8527461076,976.6806421930604,0.0001682915395318,Retail Orders
2024-07-20,0.340268858,612380764.6,580,3712328.375173,1263189.7367411123,2177.9133392088143,0.0003556469218348,Retail Orders
2024-07-21,0.348587611,627374822.1,661,4101434.873301,1429709.3841560837,2162.9491439577664,0.0003447618660751,Retail Orders
2024-07-22,0.353170702,635269563.7,689,61629529.451462,21765744.18030251,31590.33988432875,0.0049727456955968,Normal
2024-07-23,0.322072853,579541389.5,702,2877719.788021999,926835.4222628004,1320.2783792917385,0.0002278143378906,Retail Orders
2024-07-24,0.313646289,564411112.5,726,1593844.907832,499903.5405830539,688.57236994911,0.0001219983722324,Retail Orders
2024-07-25,0.296923349,534653601.8,771,2785686.561985994,827135.3832491775,1072.8085385851848,0.0002006548791541,Retail Orders
2024-07-26,0.279751977,503780227.3,676,1997441.353387,558788.167551569,826.6097153129718,0.0001640814129889,Retail Orders
2024-07-27,0.290475913,523656495.6,603,3677625.7588239983,1068261.699966719,1771.5782752350226,0.0003383092332704,Retail Orders
2024-07-28,0.300798874,541911270.5,456,2007895.129852,603972.5941695654,1324.501303003433,0.0002444129463816,Retail Orders
2024-07-29,0.284505421,512278223.9,767,2698784.276934003,767818.7568972891,1001.0674796574824,0.0001954148025337,Retail Orders
2024-07-30,0.263669787,475623020.7,616,3144757.6226520147,829177.5725312831,1346.0674878754596,0.0002830114248663,Retail Orders
2024-07-31,0.252779852,455525759.6,570,3424624.284697997,865676.0198415656,1518.7298593711678,0.000333401531607,Retail Orders
2024-08-01,0.249006145,447799267.2,661,5651989.4149189945,1407380.0957897843,2129.16807229922,0.0004754737732405,Retail Orders
2024-08-02,0.244901519,440719850.5,713,43724145.89327402,10708109.746240417,15018.38674087015,0.0034076946440764,Normal
2024-08-03,0.225299335,404827020.2,609,4569982.237825,1029613.9591437842,1690.663315507035,0.0004176261047673,Retail Orders
2024-08-04,0.20716676,372853228.8,673,6066567.454897999,1256791.123952665,1867.4459494096056,0.0005008528303267,Normal
2024-08-05,0.21617155,389772397.2,1132,67915996.66640401,14681506.269171383,12969.528506335146,0.0033274620264298,Normal
2024-08-06,0.175142728,452468930.4,805,63782995.422647,11171127.818333909,13877.17741407939,0.003066990125004,Normal
2024-08-07,0.190776581,491809257.1,596,3654628.792804,697217.5859153046,1169.8281642874238,0.0002378621685946,Retail Orders
2024-08-08,0.183627514,474656150.5,740,5643087.729864,1036226.17111883,1400.305636647067,0.0002950147459738,Retail Orders
2024-08-09,0.211754145,544182351.3,596,9267081.981579,1962343.021654167,3292.521848413032,0.0006050401745935,Normal
2024-08-10,0.208709791,537663616.7,523,3123170.382211,651836.2377286479,1246.340798716344,0.0002318067951791,Retail Orders
2024-08-11,0.224105006,577365835.5,400,4378389.443822,981218.992578066,2453.047481445165,0.0004248688319635,Retail Orders
2024-08-12,0.205281923,528532272.7,517,6383928.584621991,1310505.136145871,2534.8261821003302,0.0004795972380553,Retail Orders
2024-08-13,0.222500608,573622639.7,449,18036277.846222,4013082.7868413264,8937.823578711195,0.0015581364751198,Normal
2024-08-14,0.22866368,589466062.0,569,4179309.481693,955656.285942814,1679.5365306552092,0.0002849250599698,Retail Orders
2024-08-15,0.217115135,560116730.1,418,62450120.94859499,13558866.440520529,32437.47952277638,0.0057911999016678,Small Whale Orders
2024-08-16,0.211772839,546412599.0,395,40092595.59341901,8490522.791697232,21494.99440936008,0.0039338394555137,Normal
2024-08-17,0.205354646,529378319.6,362,4064494.622891,834662.8544526848,2305.6984929632176,0.0004355483418182,Retail Orders
2024-08-18,0.213988327,551885943.7,421,681207.6251560239,145770.48004678066,346.24817113249566,6.273908134190727e-05,Retail Orders
2024-08-19,0.212397816,547578071.6,478,1909579.817202,405590.58265138406,848.5158632874144,0.0001549579698851,Retail Orders
2024-08-20,0.234873574,605336525.4,461,3406670.148107018,800136.7931250046,1735.6546488611814,0.0002867255775973,Retail Orders
2024-08-21,0.234743614,604621753.3,378,1945558.206479988,456707.3646364706,1208.2205413663244,0.000199830809059,Retail Orders
2024-08-22,0.243936002,628524878.1,379,216550073.223429,52824359.09493052,139378.25618715177,0.0221754557446453,Small Whale Orders
2024-08-23,0.241498744,622485773.4,451,2991259.848344024,722385.4963527122,1601.7416770570114,0.0002573137805717,Retail Orders
2024-08-24,0.264387085,680132680.6,477,4013986.579299006,1061246.2109299856,2224.83482375259,0.000327117764991,Retail Orders
2024-08-25,0.265665108,684343885.8,443,1546358.776963994,410813.57148888736,927.3444051667886,0.0001355085395528,Retail Orders
2024-08-26,0.259424992,670341662.4,396,21166193.106572,5491039.477342896,13866.261306421457,0.0020685364022842,Normal
2024-08-27,0.238040611,612986327.1,426,1345737.623273,320340.2060895928,751.9723147643023,0.0001226735869169,Retail Orders
2024-08-28,0.225698728,584811516.6,422,4547450.292960994,1026353.7467645236,2432.1178833282547,0.000415880640906,Retail Orders
2024-08-29,0.217622075,561330754.6,388,2201258.8183269943,479042.5116563685,1234.645648598888,0.000219949760187,Retail Orders
2024-08-30,0.22082337,568944028.2,416,23217244.037672,5126910.070511138,12324.303054113312,0.0021661714409947,Normal
2024-08-31,0.218790451,563827865.9,329,2646169.24499,578956.5625336916,1759.7463906799137,0.0003121070271812,Retail Orders
2024-09-01,0.209029773,538653889.7,354,4217531.610034997,881589.6750659399,2490.366313745593,0.0004623314453614,Retail Orders
2024-09-02,0.199390312,513495328.4,415,1554338.255926,309919.98980262096,746.7951561508938,0.0001454336806681,Retail Orders
2024-09-03,0.210605242,542909790.1,438,2454675.123071006,516967.448325749,1180.290977912669,0.0002174009383207,Retail Orders
2024-09-04,0.197646892,511452731.0,406,938709.35644,185532.98679168613,456.9777999795226,8.934898032239124e-05,Retail Orders
2024-09-05,0.203945166,525481135.6,376,1695535.4497959765,345796.258767525,919.6709009774602,0.0001750150174139,Retail Orders
2024-09-06,0.200766585,517448094.8,444,26524921.15447501,5325317.837578205,11993.959093644607,0.0023179057405323,Normal
2024-09-07,0.191782985,492965633.5,344,2076533.381351,398243.7703276381,1157.685378859413,0.0002348409909713,Retail Orders
2024-09-08,0.196593612,506758305.1,386,880742.397713,173148.3292079392,448.57080105683735,8.85177009518018e-05,Retail Orders
2024-09-09,0.200904597,519972764.2,423,2458416.627425991,493907.2017911178,1167.629318655125,0.0002245558612,Retail Orders
2024-09-10,0.209499509,540505008.2,401,1463014.5770889912,306500.8355599863,764.3412358104397,0.0001414124243466,Retail Orders
2024-09-11,0.207217683,533844786.0,480,917289.16871,190078.53618108228,395.99695037725473,7.417829315977524e-05,Retail Orders
2024-09-12,0.200226728,516222464.0,467,1232496.435931994,246778.7286383248,528.4341084332436,0.0001023655778825,Retail Orders
2024-09-13,0.205514048,530211790.4,447,2748065.703755,564766.1069486588,1263.458852234136,0.000238293239628,Retail Orders
2024-09-14,0.211938326,546196179.9,382,3715507.063729012,787458.3473279021,2061.4092861986965,0.0003774118827737,Retail Orders
2024-09-15,0.207376044,534593454.7,414,7200567.633768994,1493225.230445455,3606.824228129119,0.0006746854448775,Normal
2024-09-16,0.199537987,514383707.7,430,3620705.75145,722468.3371636553,1680.1589236364075,0.0003266353304907,Retail Orders
2024-09-17,0.192057354,495711530.0,437,2335750.890576012,448598.13564717246,1026.5403561720193,0.0002070842201657,Retail Orders
2024-09-18,0.201185039,518580576.6,470,2134671.542113,429463.977452194,913.7531435153064,0.0001762027319854,Retail Orders
2024-09-19,0.2081035,535423614.6,659,2315854.298651991,481937.3850395246,731.3162140205229,0.0001365864698677,Retail Orders
2024-09-20,0.228931897,589846061.4,645,6288700.523216003,1439684.140444732,2232.068434798034,0.0003784154173209,Retail Orders
2024-09-21,0.234461592,604333404.7,497,1500874.635094,351897.4563365584,708.0431717033367,0.0001171610184373,Retail Orders
2024-09-22,0.239249278,617613275.6,473,1282864.8617710029,306924.4919502823,648.888989324064,0.0001050639639657,Retail Orders
2024-09-23,0.231171557,595912253.2,637,3248532.0365850027,750968.208861736,1178.9139856542167,0.0001978334862764,Retail Orders
2024-09-24,0.243939027,628990976.5,676,2576299.537103,628460.0023414562,929.6745596767104,0.0001478041171353,Retail Orders
2024-09-25,0.257185832,663210521.0,598,2327928.672166996,598710.272387924,1001.1877464681004,0.0001509607756159,Retail Orders
2024-09-26,0.250309779,645266970.5,951,6211228.041619,1554731.1184162546,1634.83818971215,0.0002533584182133,Retail Orders
2024-09-27,0.294361149,760458160.6,919,980902329.339617,288739536.72118604,314188.83212316217,0.0413157289120637,Small Whale Orders
2024-09-28,0.32726787,843002548.7,644,1892747.342833,619435.3913371157,961.8561977284404,0.0001140988481246,Retail Orders
2024-09-29,0.299159032,771247567.4,604,1335577.331829,399550.0217511064,661.5066585283219,8.577098800562413e-05,Retail Orders
2024-09-30,0.312642705,806015684.2,595,6413064.274829,2004997.762221402,3369.7441381872304,0.0004180742638441,Retail Orders
2024-10-01,0.289415776,746077287.9,656,5654352.818334,1636458.9086959215,2494.601994963295,0.0003343624092866,Retail Orders
2024-10-02,0.305786372,788278612.5,1428,82328837.884048,25175036.64753919,17629.577484271143,0.0022364652807665,Normal
2024-10-03,0.342144386,881463263.4,834,10493234.508267,3590201.277985025,4304.79769542569,0.0004883694958336,Retail Orders
2024-10-04,0.317206837,822306510.9,672,61247465.046837,19428114.661775224,28910.88491335599,0.0035158282866705,Normal
2024-10-05,0.327940107,844746450.7,544,8163712.867888,2677208.871412467,4921.33983715527,0.0005825818898768,Normal
2024-10-06,0.342199548,882147179.4,588,8928111.519389,3055195.726428509,5195.911099368213,0.000589007279137,Normal
2024-10-07,0.342892806,884241505.9,630,48048043.53199799,16475328.469496945,26151.315030947528,0.0029574855801787,Normal
2024-10-08,0.323955815,835234801.4,606,47466438.135675,15377028.651389675,25374.634738266792,0.0030380241215685,Normal
2024-10-09,0.313963807,809509869.8,511,54388785.740814,17076110.22929328,33417.04545849957,0.0041280590521713,Normal
2024-10-10,0.302468429,779725377.0,460,1283326.631962,388165.7902634073,843.838674485668,0.000108222548525,Retail Orders
2024-10-11,0.301004127,775269057.0,456,5019648.6816920005,1510934.9692794017,3313.453879998688,0.000427394057596,Retail Orders
2024-10-12,0.315337691,843838669.5,474,4951708.889273999,1561460.4476478377,3294.2203536874213,0.0003903850905101,Retail Orders
2024-10-13,0.320678847,859409962.5,459,50014162.663498,16038484.016600989,34942.2309729869,0.0040658396455331,Normal
2024-10-14,0.306534804,820619351.9,650,629492084.448528,192961232.72598097,296863.4349630476,0.036175534280993,Small Whale Orders
2024-10-15,0.326797409,876399762.8,642,1694843898.467427,553870594.6786141,862726.7829884955,0.0984398695216643,Big Whale Orders
2024-10-16,0.305884619,820435912.0,535,296130301.171112,90581704.34808084,169311.59691230065,0.0206367852059967,Small Whale Orders
2024-10-17,0.296124013,795478732.5,518,52786697.078532994,15631408.571910568,30176.46442453777,0.0037934973232659,Normal
2024-10-18,0.286714708,769810386.1,467,49180255.956978,14100702.726070208,30194.224252827,0.0039222936969967,Normal
2024-10-19,0.289748052,779496618.6,401,3430088.590266,993861.4872169996,2478.457574107231,0.0003179561674762,Retail Orders
2024-10-20,0.290147612,780538588.8,516,4774744.801625,1385380.8021009073,2684.846515699433,0.0003439735785295,Retail Orders
2024-10-21,0.299986332,807482502.7,596,19088992.29385,5726436.779808328,9608.115402362966,0.0011898852755615,Normal
2024-10-22,0.283646831,763795878.8,520,6143274.15772,1742520.246801472,3351.000474618216,0.000438729844927,Retail Orders
2024-10-23,0.280906182,756551488.6,486,38415925.218489,10791270.881123262,22204.261072270085,0.0029349305905615,Normal
2024-10-24,0.269057176,725059729.9,593,7127019.16646,1917575.6502256016,3233.685750802026,0.0004459888775298,Retail Orders
2024-10-25,0.272865237,735508476.2,578,7660272.94547,2090222.19275036,3616.301371540414,0.0004916736500745,Retail Orders
2024-10-26,0.238551846,641846246.5,509,4179589.661532,997048.8292809738,1958.838564402699,0.000305188131127,Retail Orders
2024-10-27,0.242773205,655297743.7,454,2354230.644418,571544.1188545731,1258.907750780998,0.0001921123280041,Retail Orders
2024-10-28,0.241905447,653528795.4,691,24660277.934094,5965455.556791246,8633.076059032193,0.0013209939821776,Normal
2024-10-29,0.237207384,641406206.9,618,10305425.295657,2444522.975390224,3955.538795129811,0.0006166979291091,Normal
2024-10-30,0.245603118,664163156.3,556,4703957.532830001,1155306.6370026355,2077.8896348968265,0.0003128583112728,Retail Orders
2024-10-31,0.239776269,649205723.8,525,3577182.792926,857723.5436187958,1633.7591307024682,0.0002516550718529,Retail Orders
2024-11-01,0.222988793,603501142.9,559,36799017.936467,8205768.5932381265,14679.371365363377,0.0024323684450413,Normal
2024-11-02,0.214858288,582062628.0,458,8080642.495426999,1736193.0125074931,3790.8144377892863,0.0006512726046018,Normal
2024-11-03,0.219345276,594693790.8,493,6790524.955082,1489469.5704573488,3021.236451231945,0.0005080322845085,Normal
2024-11-04,0.211778863,574608851.3,467,11502970.155356,2436085.940624228,5216.458116968367,0.000907827664883,Normal
2024-11-05,0.19604459,532284238.0,432,5448041.742913,1068059.1097922644,2472.3590504450567,0.0004644809810139,Retail Orders
2024-11-06,0.206846995,562190615.8,569,9280955.696028,1919737.7964515253,3373.880134361205,0.0006001309946378,Normal
2024-11-07,0.235038835,640791564.0,586,6400915.481118999,1504463.7176156742,2567.344228013096,0.000400652001719,Retail Orders
2024-11-08,0.240029214,653000050.1,665,6078166.608140999,1458937.5535131302,2193.8910579144813,0.0003359710397539,Retail Orders
2024-11-09,0.237682705,646440164.8,769,11109371.685047,2640505.512952379,3433.6872730199984,0.0005311686154405,Normal
2024-11-10,0.259587197,707288454.3,802,6948015.814103,1803615.9498946704,2248.8976931355,0.0003179604699416,Retail Orders
2024-11-11,0.267910956,728814838.8,820,7525755.181012999,2016232.2651671453,2458.81983556969,0.0003373723619044,Retail Orders
2024-11-12,0.281429751,768270569.7,756,6400046.056902001,1801163.3681824617,2382.491227754579,0.000310110958524,Retail Orders
2024-11-13,0.254486934,692859344.8,813,13715483.81845,3490411.425283953,4293.248985589118,0.0006196422142258,Normal
2024-11-14,0.243756426,665266457.2,681,14619715.314957002,3563649.554311383,5232.96557167604,0.0007865969364667,Normal
2024-11-15,0.229074081,623896936.7,604,5623109.643579001,1288108.6739650972,2132.630254909101,0.000341824126624,Retail Orders
2024-11-16,0.235341342,642112012.5,675,5934195.892543,1396561.6250419577,2068.9801852473443,0.0003222148386839,Retail Orders
2024-11-17,0.25060616,684076713.1,801,4280226.630756999,1072651.1598637498,1339.1400247986887,0.0001957587503205,Retail Orders
2024-11-18,0.246042689,672888777.2,779,4040608.239806,994162.1165174252,1276.202973706579,0.0001896603148914,Retail Orders
2024-11-19,0.256093951,700210538.1,714,7883563.418349001,2018932.9037640607,2827.6371201177326,0.0004038267015789,Retail Orders
2024-11-20,0.242484848,662857662.1,651,6029887.631105,1462156.385685576,2246.0159534340646,0.0003388383482388,Retail Orders
2024-11-21,0.221100435,605379794.2,649,11715205.626091,2590237.060043168,3991.120277416283,0.0006592754359584,Normal
2024-11-22,0.238266535,652745761.4,665,8663190.197289,2064148.3103540165,3103.9824215849867,0.000475527012987,Retail Orders
2024-11-23,0.243926637,667290064.9,643,8041983.896631,1961654.0867133555,3050.783960673959,0.0004571900768717,Retail Orders
2024-11-24,0.263751187,722282751.4,664,7243705.504756,1910535.9251578287,2877.313140297936,0.0003983638173168,Retail Orders
2024-11-25,0.285588643,783327717.4,609,3758095.816657,1073269.4845430497,1762.347265259523,0.000224982114907,Retail Orders
2024-11-26,0.274863358,754407476.6,553,4630191.627731,1272670.0189816286,2301.3924393881166,0.00030505960118,Retail Orders
2024-11-27,0.266212376,731044774.6,666,7910937.966661,2105989.592493433,3162.146535275426,0.0004325516911061,Retail Orders
2024-11-28,0.30106359,827110250.9,623,6521884.211462,1963501.874267069,3151.688401712792,0.000381048161147,Retail Orders
2024-11-29,0.306640147,842219350.7,603,10140867.036676,3109596.958833783,5156.877211996323,0.0006122962156723,Normal
2024-11-30,0.308676744,848936576.0,690,9530605.021577,2941876.126410438,4263.588589000635,0.0005022269872137,Normal
2024-12-01,0.326521794,898588883.7,1037,10267288.104767,3352493.3314833804,3232.876886676356,0.0003597726329937,Retail Orders
2024-12-02,0.343208347,944895267.2,871,12978445.873272,4454310.954794655,5114.019465895126,0.000541226064244,Normal
2024-12-03,0.342052347,941162800.3,1059,23901740.064854,8175646.286567243,7720.157022254242,0.0008202785978996,Normal
2024-12-04,0.365465711,1009671755.0,1236,31796255.300857,11620441.050665224,9401.651335489663,0.0009311591899973,Normal
2024-12-05,0.372401411,1026674273.0,1155,19049637.119398,7094111.742301791,6142.088088572979,0.0005982509010014,Normal
2024-12-06,0.38464033,1060886072.0,1021,15191826.852179,5843389.293724991,5723.202050661108,0.0005394737664782,Normal
2024-12-07,0.400141476,1104097433.0,865,5089428.875731,2036491.5823320227,2354.325528707541,0.0002132353049957,Retail Orders
2024-12-08,0.393254619,1086728378.0,684,6242200.43518,2454774.153858345,3588.851102132084,0.0003302436169686,Retail Orders
2024-12-09,0.390969409,1080387430.0,834,5120606.866755,2002000.640416544,2400.4803841924986,0.0002221869967695,Retail Orders
2024-12-10,0.3197302,883993942.4,934,20217707.347594,6464211.6137877,6920.997445168844,0.0007829236280034,Normal
2024-12-11,0.312800199,865211910.7,799,22035992.568065,6892862.860453253,8626.862153258138,0.0009970808361015,Normal
2024-12-12,0.343861774,951715051.4,746,7786437.255028,2677458.127653619,3589.08596200217,0.0003771177052125,Retail Orders
2024-12-13,0.333097268,921704995.2,561,8704638.362668,2899491.257532704,5168.433614140293,0.0005607470547578,Normal
2024-12-14,0.327295109,906585862.6,622,4673479.898862,1529607.112907347,2459.1754226806224,0.0002712567583646,Retail Orders
2024-12-15,0.332568311,921138108.9,700,11755985.057393,3909668.094678428,5585.240135254897,0.0006063412295388,Normal
2024-12-16,0.354310773,982572914.5,1661,9959509.487778002,3528761.505315458,2124.4801356504863,0.0002162160287851,Retail Orders
2024-12-17,0.33131235,919616237.1,854,9426709.091532,3123185.141881832,3657.125458878024,0.0003976795223201,Retail Orders
2024-12-18,0.31445612,872070836.8,912,17177292.351405002,5401504.704928493,5922.702527333874,0.0006791538344599,Normal
2024-12-19,0.295113731,819892186.9,783,7726851.57462,2280299.997069333,2912.260532655598,0.0003552004250298,Retail Orders
2024-12-20,0.268453664,747621119.4,846,8247906.147004,2214180.625491346,2617.2347819046645,0.0003500750198182,Retail Orders
2024-12-21,0.279179206,776193399.8,648,8685067.119186,2424690.142391055,3741.805775294838,0.000482071320918,Retail Orders
2024-12-22,0.261398568,727376895.4,683,3522906.442073,920882.6991558572,1348.2909211652373,0.0001853634518352,Retail Orders
2024-12-23,0.258783357,722367540.3,604,3933074.562755,1017814.238681046,1685.1229117235862,0.0002332777731158,Retail Orders
2024-12-24,0.288668281,807173826.4,614,3425554.180163,988848.8366600176,1610.5029913029605,0.0001995236885325,Retail Orders
2024-12-25,0.295644,822550568.4,588,4510174.145433,1333405.925052394,2267.697151449649,0.0002756909105127,Retail Orders
2024-12-26,0.291277279,811781564.1,511,9019956.471173,2627308.3776217136,5141.503674406485,0.0006333604878187,Normal
2024-12-27,0.271276068,757044466.9,602,17409806.72251,4722863.912322479,7845.288890901128,0.0010363048980499,Normal
2024-12-28,0.302600522,844561779.2,511,3617470.655574,1094648.5086963745,2142.1692929478954,0.0002536426991731,Retail Orders
2024-12-29,0.297843271,831863975.5,619,4695232.183294,1398443.3115767566,2259.197595439025,0.0002715825738313,Retail Orders
2024-12-30,0.291823227,813871345.7,1156,6558954.977736999,1914055.4073509248,1655.7572727949175,0.0002034421388027,Retail Orders
2024-12-31,0.294008933,822175137.3,531,6662497.448512,1958833.765952236,3688.952478252797,0.0004486820764694,Retail Orders
2025-01-01,0.286453556,801191892.0,391,3189036.969475,913510.9801215772,2336.345217702243,0.0002916086946249,Retail Orders
2025-01-02,0.289161512,809222056.8,503,8341823.30213,2412134.238880744,4795.495504733089,0.0005926056345641,Normal
2025-01-03,0.305004738,854514004.3,438,30111408.833262,9184122.361999962,20968.315894977084,0.0024538294035513,Normal
2025-01-04,0.317528074,889518412.5,397,4061480.269835,1289634.0076697078,3248.4483820395662,0.0003651918090048,Retail Orders
2025-01-05,0.312413841,876582080.5,392,3703938.791153,1157161.7445730057,2951.943225951545,0.0003367560541812,Retail Orders
2025-01-06,0.309364629,868412204.0,526,7064303.006481,2185445.4787435792,4154.839313200721,0.0004784409171201,Retail Orders
2025-01-07,0.305376104,856785287.2,573,10859459.109897,3316219.3145276536,5787.468262700966,0.0006754864198957,Normal
2025-01-08,0.271433257,762144721.5,526,6799609.288609,1845640.0955345936,3508.8214744003685,0.0004603878207664,Retail Orders
2025-01-09,0.26142286,735223423.6,422,4392757.148248,1148367.136980436,2721.2491397640665,0.0003701254683154,Retail Orders
2025-01-10,0.251786747,708775969.4,507,3309031.006854,833170.1529379033,1643.3336349860026,0.0002318551567679,Retail Orders
2025-01-11,0.255250737,717495969.0,487,3215638.190521,820794.0180558318,1685.4086613056097,0.0002349014815587,Retail Orders
2025-01-12,0.254976269,717126987.5,396,1448694.930854,369382.82838836586,932.784920172641,0.0001300724887546,Retail Orders
2025-01-13,0.249876525,702803537.6,571,5494657.5914,1372985.9450039018,2404.528800357096,0.0003421338498904,Retail Orders
2025-01-14,0.239476366,673579594.5,442,11352409.177137,2718633.695085819,6150.754966257508,0.0009131444919769,Normal
2025-01-15,0.246231834,693648917.6,419,6715688.392588001,1653616.2694794554,3946.578208781517,0.0005689590380154,Normal
2025-01-16,0.263699244,743354402.9,910,9146278.598365,2411866.7518022303,2650.403023958495,0.0003565463544197,Retail Orders
2025-01-17,0.257528078,726260093.2,1405,6630657.616507,1707580.511855109,1215.359794914668,0.0001673449782377,Retail Orders
2025-01-18,0.269597251,761160279.6,781,5409440.395742,1458370.260140395,1867.3114726509536,0.000245324345305,Retail Orders
2025-01-19,0.255263119,720730285.7,804,4934912.81193,1259701.236366312,1566.792582545164,0.000217389585762,Retail Orders
2025-01-20,0.229276882,653246012.2,668,6095716.072775,1397606.774723137,2092.225710663379,0.0003202814363331,Retail Orders
2025-01-21,0.232193067,657020596.8,642,6273283.85835,1456613.01923188,2268.8676312023053,0.0003453267130821,Retail Orders
2025-01-22,0.238191112,671066807.0,3624,2786730.537982,663774.4456862909,183.1607190083584,2.7293961956958843e-05,Retail Orders
2025-01-23,0.230230797,651685167.1,404,2786770.749198,641600.4506441426,1588.1199273369866,0.0002436943492828,Retail Orders
2025-01-24,0.227543687,644322819.1,428,4944898.138713,1125180.3543221934,2628.926061500452,0.0004080138066773,Retail Orders
2025-01-25,0.224207111,634176971.4,541,3373040.180648,756259.5941900061,1397.8920410166472,0.000220426175036,Retail Orders
2025-01-26,0.22587162,640291300.9,565,6502034.458618,1468625.0564638707,2599.336383121895,0.0004059615333627,Retail Orders
2025-01-27,0.220791274,626867752.5,546,5374778.064556001,1186704.0963405736,2173.4507258984863,0.0003467159886962,Retail Orders
2025-01-28,0.215145756,610173091.4,483,3301846.968902,710378.3623207293,1470.7626549083425,0.0002410402352443,Retail Orders
2025-01-29,0.200817958,569890134.1,1262,9518200.774803,1911425.643429956,1514.6003513708051,0.0002657705864241,Retail Orders
2025-01-30,0.215067426,611248149.1,618,11904210.191596,2560207.8444695184,4142.7311399183145,0.0006777494780177,Normal
2025-01-31,0.243372965,691561405.8,2215,13046340.354912,3175126.534574086,1433.4657040966526,0.0002072795983226,Retail Orders
2025-02-01,0.250850512,711880882.8,1121,9520748.334477,2388284.594326703,2130.49473178118,0.0002992768570215,Retail Orders
2025-02-02,0.23300194,664106435.4,770,8393392.411313,1955676.7150172067,2539.839889632736,0.0003824447037774,Retail Orders
2025-02-03,0.208080353,592916302.1,1320,14536293.19606,3024717.019547663,2291.4522875361085,0.0003864714597018,Retail Orders
2025-02-04,0.201344343,572683574.6,599,18353413.973266,3695356.078254264,6169.208811776732,0.0010772456353555,Normal
2025-02-05,0.181573118,515569333.5,1364,18290267.285011,3321020.8599928417,2434.7660263877137,0.0004722480310958,Retail Orders
2025-02-06,0.16733558,476854281.9,524,4562939.847374001,763542.1858654398,1457.1415760790835,0.0003055737635977,Retail Orders
2025-02-07,0.160090838,456434951.3,439,7433065.77156,1189965.728278157,2710.628082638171,0.0005938695261872,Normal
2025-02-08,0.164835975,469654501.3,376,3068604.9701750004,505816.492148642,1345.256628054899,0.0002864353741593,Retail Orders
2025-02-09,0.174616344,498169553.4,1580,3541135.509664,618340.1363061044,391.3545166494332,7.855849759955104e-05,Retail Orders
2025-02-10,0.172330276,492059020.7,342,3668936.613559,632268.8592411279,1848.7393545062216,0.0003757149603468,Retail Orders
2025-02-11,0.175871535,502089485.7,397,2557629.621352,449814.247468645,1133.0333689386523,0.0002256636319239,Retail Orders
2025-02-12,0.174249868,498124588.1,378,4542965.699407999,791611.1734503717,2094.209453572412,0.0004204188075839,Retail Orders
2025-02-13,0.184632482,528012849.1,419,1306347.524152,241194.18573873868,575.6424480638154,0.0001090205378609,Retail Orders
2025-02-14,0.179772151,514407019.8,466,6423326.050069,1154735.1405952375,2477.9724047108107,0.000481714344737,Retail Orders
2025-02-15,0.184221489,527266177.6,366,1375599.524537,253414.9926778981,692.3906903767709,0.000131317106955,Retail Orders
2025-02-16,0.178293334,510645998.3,391,1494986.208331,266546.0753673526,681.7035175635616,0.0001334982590352,Retail Orders
2025-02-17,0.176705424,506323920.9,427,4822446.597239999,852152.4706826513,1995.673233448832,0.0003941495060911,Retail Orders
2025-02-18,0.175162405,501484261.8,384,7269228.183776,1273295.491163986,3315.8736749062136,0.0006612119118164,Normal
2025-02-19,0.165557446,474445084.2,351,2165010.5880150003,358433.62351472164,1021.1784145718564,0.0002152363779453,Retail Orders
2025-02-20,0.16341392,469316697.7,405,15005831.727276,2452161.7854145416,6054.720457813683,0.0012901140077662,Normal
2025-02-21,0.172055347,494012246.8,1027,9391535.884092,1615863.9654004008,1573.3826342749765,0.000318490613232,Retail Orders
2025-02-22,0.161997465,465539767.6,645,9027545.379714,1462439.4666861305,2267.3480103660936,0.0004870363754432,Retail Orders
2025-02-23,0.165992501,477304017.6,389,2871591.657118,476662.6810157512,1225.3539357731393,0.0002567239936371,Retail Orders
2025-02-24,0.16318174,469348824.1,555,9763239.461336,1593182.4033374712,2870.5989249323807,0.0006116131068266,Normal
2025-02-25,0.135062047,387344034.7,574,4739007.996405,640060.1207438279,1115.087318369038,0.0002878803385297,Retail Orders
2025-02-26,0.138943549,400619741.6,460,17647109.296327,2451951.9952225657,5330.330424396882,0.0013305211578212,Normal
2025-02-27,0.137867749,397345055.8,460,13452853.284245,1854714.599926116,4031.988260708947,0.001014732208657,Normal
2025-02-28,0.140667926,405177264.8,434,4514285.678765001,635015.2038033748,1463.1686723580065,0.0003611181572787,Retail Orders
2025-03-01,0.140562842,405308900.0,355,7698332.847693,1082099.543733681,3048.167728827271,0.0007520603985817,Normal
2025-03-02,0.135447816,390482328.4,451,3596470.705254,487134.10233463405,1080.1199608306742,0.0002766117394496,Retail Orders
2025-03-03,0.146001721,421333570.1,490,12056978.501481,1760339.6112762273,3592.529818931076,0.0008526569145863,Normal
2025-03-04,0.116983723,337666168.6,505,7936027.500861,928386.0428811054,1838.3882037249607,0.0005444395603347,Normal
2025-03-05,0.110500758,319175033.7,405,6706334.522221,741055.0481069883,1829.7655508814528,0.0005732796609027,Normal
2025-03-06,0.11085748,320739760.2,417,14130187.66229,1566436.9961685603,3756.443635895828,0.0011711811574447,Normal
2025-03-07,0.105422864,304823835.4,425,4364400.138440001,460107.56223634136,1082.6060287913915,0.0003551579315871,Retail Orders
2025-03-08,0.100117503,289624711.9,464,6367076.687073001,637455.8193192611,1373.8271968087524,0.0004743473675972,Retail Orders
2025-03-09,0.099617849,287957895.3,443,2925890.75114,291470.9430375611,657.9479526807248,0.0002284875544027,Retail Orders
2025-03-10,0.087353008,252110081.9,456,7800443.363255003,681392.1915139611,1494.281121741143,0.0005927097839482,Normal
2025-03-11,0.085056859,246736148.1,409,12357333.797289,1051075.9984119448,2569.867966777372,0.0010415449809712,Normal
2025-03-12,0.086723555,251470224.8,329,7364434.131082001,638669.9084107671,1941.245922221177,0.0007719585584198,Normal
2025-03-13,0.090112268,261146884.2,295,2592146.090248998,233584.16317966985,791.8107226429486,0.0003032051196278,Retail Orders
2025-03-14,0.084377694,244881169.9,323,11937375.541606,1007248.2206127152,3118.415543692617,0.0012734403159565,Normal
2025-03-15,0.087532536,254099804.7,303,6388731.673335,559221.8851905362,1845.61678280705,0.0007263353802991,Normal
2025-03-16,0.091510589,266124862.0,316,9198967.634585,841802.9464328103,2663.9333747873743,0.0010010088327588,Normal
2025-03-17,0.084838571,246385405.2,312,5660785.45265,480252.94854041416,1539.2722709628658,0.0006247416602105,Normal
2025-03-18,0.090101714,262052548.4,391,7413940.255733,668008.7245351417,1708.462211087319,0.0006519540533067,Normal
2025-03-19,0.085298522,248199938.6,388,12222499.51373,1042561.1436668878,2687.013256873422,0.0010826002907292,Normal
2025-03-20,0.088306973,256770196.6,362,13549122.344518,1196481.9810510478,3305.1988426824523,0.0012872205911931,Normal
2025-03-21,0.082728927,240981851.4,385,11942356.816928,987978.3653155888,2566.1775722482826,0.0010648841634089,Normal
2025-03-22,0.082312494,240323855.4,386,11019672.182765998,907056.7004258932,2349.887824937547,0.0009778004855266,Normal
2025-03-23,0.089031664,259654332.2,920,13078470.382119,1164397.9806947703,1265.6499790160549,0.0004874364961649,Retail Orders
2025-03-24,0.108583331,316765678.9,574,22238295.766528,2414708.2300928086,4206.808763227889,0.0013280506833431,Normal
2025-03-25,0.10598439,308339512.2,434,24405100.599403,2586559.6999163614,5959.81497676581,0.0019328742314737,Normal
2025-03-26,0.101017584,295045517.2,415,18329267.039317,1851578.2728026365,4461.634392295509,0.0015121851145669,Normal
2025-03-27,0.102906826,300654298.0,342,11367352.491899,1169778.1649645169,3420.4039911243185,0.0011376534491199,Normal
2025-03-28,0.101509847,296659550.1,553,12445757.252191998,1263366.9144691504,2284.569465586167,0.0007700980685826,Normal
2025-03-29,0.091937985,268508962.3,420,4876571.589805,448342.1656749182,1067.4813468450434,0.0003975589260414,Retail Orders
2025-03-30,0.084514535,247270184.0,457,5079230.310927999,429268.7878859853,939.3190106914338,0.0003798755658674,Retail Orders
2025-03-31,0.084619951,247674682.0,408,123104135.590528,10417065.921567837,25532.024317568223,0.010308693691012,Small Whale Orders
2025-04-01,0.081999082,240313137.0,316,166896631.39681202,13685370.563430963,43308.13469440178,0.0180215427400466,Small Whale Orders
2025-04-02,0.079136815,232150352.4,551,119400032.114925,9448938.252472878,17148.70826220123,0.0073868973641072,Small Whale Orders
2025-04-03,0.078707276,230777159.0,431,237896993.661979,18724224.33972363,43443.67596223581,0.0188249461733931,Small Whale Orders
2025-04-04,0.090078364,408727124.0,332,305537103.40916604,27522282.41639649,82898.44101324245,0.0202820992651425,Small Whale Orders
2025-04-05,0.088356085,399590991.9,274,5918640.339583,522947.8889286244,1908.5689376957096,0.0004776306214063,Retail Orders
2025-04-06,0.082357194,372337701.1,334,32997189.731409,2717555.9561644588,8136.395078336703,0.0021852192389594,Normal
2025-04-07,0.073752236,334696220.7,415,98895236.978304,7293744.8568998035,17575.288811806757,0.0052511166021083,Small Whale Orders
2025-04-08,0.073936349,335733585.5,346,15072705.716715,1114420.8302453354,3220.869451576113,0.00095935276978,Normal
2025-04-09,0.069689899,315636185.5,367,3910338.946806,272511.12625867646,742.5371287702357,0.0002352509512158,Retail Orders
2025-04-10,0.075321153,341115193.1,297,23604477.1637,1777916.435932054,5986.250626033851,0.0017549058931183,Normal
2025-04-11,0.06976643,316061668.3,297,10532183.366047,734792.8335544826,2474.049944627888,0.0007827744370062,Normal
2025-04-12,0.074216907,335946894.5,272,13258198.608317,983982.4931009922,3617.582695224236,0.0010768317119312,Normal
2025-04-13,0.077225272,349956570.0,274,14244399.753195,1100027.645417217,4014.699435829259,0.0011471993327141,Normal
2025-04-14,0.070676803,319331611.7,295,8662884.084133001,612264.9518261034,2075.474412969842,0.000649943299356,Normal
2025-04-15,0.071332162,323691877.6,339,18078969.184917,1289611.958691507,3804.165069886452,0.0011752426715468,Normal
2025-04-16,0.068731775,311838377.4,411,100500662.674238,6907588.934276624,16806.785728166968,0.0053895822150872,Small Whale Orders
2025-04-17,0.066287675,301371654.0,575,102053951.998782,6764919.202560863,11765.07687401889,0.0039038432174576,Normal
2025-04-18,0.066858413,303714465.4,498,18843234.272707,1259828.7392603992,2529.7765848602394,0.0008329457016571,Normal
2025-04-19,0.070830904,321529704.7,354,5867021.767402,415566.4555727614,1173.9165411659926,0.0003651036044278,Retail Orders
2025-04-20,0.073299032,332728984.2,282,6071999.993594,445071.7218344464,1578.268517143427,0.0004743405570567,Retail Orders
2025-04-21,0.079373161,360664886.8,585,12714351.06176,1009178.2338355974,1725.0909980095682,0.0004783085521064,Retail Orders
2025-04-22,0.077464733,352154238.0,512,8792917.750804,681141.0258569923,1330.3535661269382,0.0003777758216633,Retail Orders
2025-04-23,0.081180155,369620722.0,414,8142385.785402999,661000.1401288123,1596.6186959633146,0.000431961359559,Retail Orders
2025-04-24,0.081676729,370927691.0,275,3772876.131704,308156.1813597559,1120.5679322172944,0.0003020987538558,Retail Orders
2025-04-25,0.083568562,380363684.5,322,17504830.41018,1462853.5054326127,4543.023308796934,0.0011943893420763,Normal
2025-04-26,0.084920013,386598616.7,320,3738135.8365230006,317442.5438332991,992.0079494790596,0.0002565989392168,Retail Orders
2025-04-27,0.091229169,416358445.9,296,4162744.146967,379763.6892874133,1282.9854367818018,0.0003081444484711,Retail Orders
2025-04-28,0.085973352,391577571.6,304,10531131.72156,905396.694456044,2978.2786001843547,0.0007605845728127,Normal
2025-04-29,0.089705023,408773760.1,397,12329419.948506,1106010.9000573894,2785.9216626130715,0.0006815314324313,Normal
2025-04-30,0.086562972,394537155.9,353,19609190.192247,1697429.7815541518,4808.582950578334,0.0012187908993284,Normal
2025-05-01,0.087380563,398674077.4,360,6518610.381224,569599.8450889977,1582.2217919138825,0.0003968709985441,Retail Orders
2025-05-02,0.089684878,409112680.0,309,11352897.496048,1018183.2268795704,3295.091349124823,0.0008054239113597,Normal
2025-05-03,0.088034609,401244890.6,252,6280967.228359,552942.4940903983,2194.2162463904697,0.0005468521338949,Normal
2025-05-04,0.080896383,369075755.1,262,2062616.62204,166858.2242387141,636.8634512928019,0.0001725562956906,Retail Orders
2025-05-05,0.078695353,359315878.0,268,4384366.790619,345029.29226923926,1287.4227323479076,0.0003582983138718,Retail Orders
2025-05-06,0.077789601,355227710.3,262,4523076.286726001,351848.2996369772,1342.9324413625084,0.0003780483341877,Retail Orders
2025-05-07,0.077084915,352126284.7,450,10743384.383518,828152.8720158124,1840.3397155906944,0.0005226362800943,Normal
2025-05-08,0.079347809,362696366.8,1176,25520653.663915,2025007.9524794773,1721.945537822685,0.0004747622792627,Retail Orders
2025-05-09,0.090403201,412416384.7,1129,41089858.319628,3714654.720730852,3290.216758840436,0.0007977900202082,Normal
2025-05-10,0.099022639,452232418.9,823,9556051.654242,946265.4532233584,1149.7757633333638,0.0002542444361087,Retail Orders
2025-05-11,0.106500154,486621579.4,872,11946480.532203998,1272302.0164377275,1459.0619454561097,0.0002998350273029,Retail Orders
2025-05-12,0.103987806,476404390.3,828,7600787.061767001,790389.1704263368,954.576292785431,0.0002003710108935,Retail Orders
2025-05-13,0.104697586,478655534.2,901,364987115.281438,38213269.89107027,42412.06425202028,0.0088606651802126,Small Whale Orders
2025-05-14,0.110375748,505473359.6,782,15916509.842485,1756796.679413644,2246.5430683038926,0.0004444434163813,Retail Orders
2025-05-15,0.107154106,490586957.8,1018,31913358.802259,3419647.431913294,3359.1821531564774,0.0006847271619735,Normal
2025-05-16,0.097336989,446249216.9,766,19831873.753825,1930374.8774254527,2520.071641547589,0.0005647229274829,Normal
2025-05-17,0.096035362,440357007.3,472,15162603.623678,1456146.1278624283,3085.0553556407385,0.0007005805072925,Normal
2025-05-18,0.093344958,428072699.0,465,10699760.635965,998768.7071742064,2147.889692847755,0.0005017581588046,Normal
2025-05-19,0.096808513,442825406.0,526,7493228.122529,725408.2721118142,1379.103178919799,0.0003114327137137,Retail Orders
2025-05-20,0.094388009,431633883.9,433,169207198.923206,15971130.614828356,36884.82820976526,0.0085453968248495,Small Whale Orders
2025-05-21,0.095814167,439596358.1,413,7688834.530882999,736699.2757773905,1783.7754861438025,0.0004057757652619,Retail Orders
2025-05-22,0.098901248,454669900.6,531,76324671.533592,7548605.267862323,14215.829129684224,0.0031266263966285,Normal
2025-05-23,0.109288684,502369877.3,577,14736051.045098,1610483.626075585,2791.132800824237,0.0005555931848114,Normal
2025-05-24,0.096717271,444271977.6,496,4312346.5891,417078.3937039103,840.8838582740127,0.0001892723153093,Retail Orders
2025-05-25,0.097002325,445681815.9,502,5321173.492419,516166.2004930129,1028.219522894448,0.0002307070843395,Retail Orders
2025-05-26,0.099141548,455653527.6,488,4871728.446817,482990.699653073,989.7350402726906,0.000217212197497,Retail Orders
2025-05-27,0.101278234,464092419.2,484,9095242.184465,921150.0662449172,1903.202616208507,0.0004100912959296,Retail Orders
2025-05-28,0.103226008,474520065.2,631,29776301.038337,3073688.689193784,4871.138968611384,0.0010265401456855,Normal
2025-05-29,0.101820113,468781037.2,553,6286026.525956,640043.9311938374,1157.4031305494348,0.0002468963201802,Retail Orders
2025-05-30,0.096391938,443613853.6,451,8458830.91064,815363.1046908945,1807.9004538600764,0.0004075392234008,Retail Orders
2025-05-31,0.080821919,372060325.8,476,9195560.241158,743202.8249704924,1561.3504726270849,0.0004196498159995,Retail Orders
2025-06-01,0.078373683,361273339.4,386,5511694.737859,431971.8161777293,1119.097969372356,0.0003097648919322,Retail Orders
2025-06-02,0.081670503,376188602.1,399,13721664.9786,1120655.2807997465,2808.6598516284366,0.0007466095027732,Normal
2025-06-03,0.081820735,377278703.4,399,7535755.184881001,616581.0280070243,1545.3158596667276,0.0004095953060007,Retail Orders
2025-06-04,0.082107257,378652298.3,337,27012169.175307,2217895.11660441,6581.291147194095,0.0017380829792243,Normal
2025-06-05,0.077511282,357348920.5,368,12198151.768541,945494.38161018,2569.2782108972287,0.0007189830620734,Normal
2025-06-06,0.07110365,327884033.0,347,14675210.793818,1043461.0519598572,3007.092368760396,0.0009171207091869,Normal
2025-06-07,0.072433,334532933.4,341,3627700.196035,262765.20829940314,770.5724583560209,0.0002303427798645,Retail Orders
2025-06-08,0.073969111,341337540.8,431,6030031.047624,446036.035895146,1034.886394188274,0.0003031856360606,Retail Orders
2025-06-09,0.073935687,341380948.1,414,13799224.236374,1020255.123983362,2464.3843574477346,0.0007218869041062,Normal
2025-06-10,0.07702025,355632287.3,444,3836505.083479,295488.58065582346,665.5148212968996,0.0001871356581117,Retail Orders
2025-06-11,0.079699727,368026840.3,458,15159217.707934,1208185.5128559056,2637.9596350565625,0.0007167845782406,Normal
2025-06-12,0.074944462,346287470.2,397,6298422.840499,472031.9112297093,1188.9972575055651,0.0003433555527778,Retail Orders
2025-06-13,0.069680349,322107968.6,405,29108168.787407,2028267.3598574265,5008.067555203522,0.0015547791558744,Normal
2025-06-14,0.068409791,316743818.5,249,4316888.850322,295317.4640207583,1186.013911729953,0.0003744394815174,Retail Orders
2025-06-15,0.06730326,310136088.9,291,5426535.75189,365223.5466087482,1255.0637340506812,0.0004046816152554,Retail Orders
2025-06-16,0.067666219,313282356.7,288,15481933.262947,1047603.8867139564,3637.51349553457,0.0011610974629566,Normal
2025-06-17,0.068172971,316349307.7,383,25410663.334925003,1732320.4146226053,4523.029803192181,0.001429758084845,Normal
2025-06-18,0.06477249,300162513.3,317,22401014.363955,1450969.4788791316,4577.19078510767,0.0015249042043211,Normal
2025-06-19,0.065280127,302372921.9,320,32215841.307296,2103054.2119521284,6572.044412350401,0.0021734897328286,Normal
2025-06-20,0.063947807,295992774.2,265,100554555.944526,6430243.336511251,24265.06919438208,0.0081978586335308,Small Whale Orders
2025-06-21,0.06117137,283505665.6,345,14793676.794378,904949.4768493106,2623.04196188206,0.0009252167699473,Normal
2025-06-22,0.056856134,262595666.8,405,10057560.043156,571833.9815267234,1411.935756856107,0.0005376843319853,Normal
2025-06-23,0.05411711,251203926.2,1338,8550719.090069,462740.205576364,345.8446977401824,0.0001376748775275,Retail Orders
2025-06-24,0.060758383,281801756.7,1327,8733783.385346001,530650.5559658889,399.8873820391024,0.000141903793192,Retail Orders
2025-06-25,0.063033553,291671497.1,919,4068688.966093,256463.9215847384,279.0684674480286,9.56790328238174e-05,Retail Orders
2025-06-26,0.059702486,277079339.5,1019,20468687.404108,1222031.523182134,1199.2458519942436,0.0004328167715999,Retail Orders
2025-06-27,0.067079688,312136467.7,667,59020189.205656,3959055.877616373,5935.616008420348,0.001901609271149,Normal
2025-06-28,0.066362355,307540046.8,770,24639403.208361,1635128.8227013915,2123.543925586223,0.0006904934650566,Normal
2025-06-29,0.078854841,366566403.8,785,17052622.625199,1344681.8457430697,1712.9705041312989,0.0004673015547452,Retail Orders
2025-06-30,0.078462485,364994382.6,626,17171914.828398,1347351.1096444556,2152.3180665246896,0.0005896852579464,Normal
2025-07-01,0.071637378,333026518.5,708,50951644.988977,3650042.2517971513,5155.42690931801,0.001548052969637,Normal
2025-07-02,0.071161229,329581007.4,713,35635959.487560004,2535898.67372898,3556.660131457196,0.0010791459615695,Normal
2025-07-03,0.07371886,342790862.9,660,28320090.62081,2087724.7956628047,3163.219387367887,0.000922784044069,Normal
2025-07-04,0.071275862,331502171.9,508,17786181.348217,1267725.407282489,2495.52245528049,0.0007527921886536,Normal
2025-07-05,0.066293532,308464879.9,423,2496878.847323,165526.91776513043,391.3165904613013,0.0001268593658338,Retail Orders
2025-07-06,0.066452607,309546824.8,460,2920737.839938,194090.6438274288,421.9361822335409,0.0001363077080522,Retail Orders
2025-07-07,0.066497899,309646386.0,484,6965345.936931999,463180.8706141645,956.985269863976,0.0003090574646215,Retail Orders
2025-07-08,0.064547626,300620656.0,502,10954382.345462,707079.374695884,1408.5246507886134,0.0004685388787085,Retail Orders
2025-07-09,0.065164549,303641145.7,526,7297632.159407,475546.90843565325,904.0815749727248,0.0002977467276012,Retail Orders
2025-07-10,0.068142803,317727907.2,640,16175166.808193,1102221.2053028345,1722.220633285679,0.0005420426076081,Normal
2025-07-11,0.073537108,342527756.6,767,40434121.221653,2973408.3391617886,3876.67319317052,0.0011317836637973,Normal
2025-07-12,0.077216944,360264450.9,522,6465688.346304,499260.6949580086,956.4381129463766,0.000265482234108,Retail Orders
2025-07-13,0.075171354,350240549.3,555,10531700.162919,791682.1611686418,1426.4543444480032,0.0004072784682695,Retail Orders
2025-07-14,0.080223231,374476973.7,646,16225815.692413002,1301687.3604558732,2014.99591401838,0.0005380827275197,Normal
2025-07-15,0.080725382,377362276.5,617,63636970.732458,5137118.771700492,8325.962352837103,0.0022063578877198,Normal
2025-07-16,0.085116909,397211579.3,678,17599130.913309,1497983.6244272091,2209.41537526137,0.0005562313614207,Normal
2025-07-17,0.08664817,404864605.6,829,42747883.605298,3704025.885772074,4468.065000931332,0.0011035948658218,Normal
2025-07-18,0.092927942,434526870.5,806,14164592.862854,1316286.4640129104,1633.1097568398393,0.0003758363101827,Retail Orders
2025-07-19,0.088633749,413366416.1,785,12268156.814939,1087372.731827943,1385.188193411392,0.0003350993548242,Retail Orders
2025-07-20,0.090419552,422565621.1,1037,15638186.012515,1413997.7733442727,1363.5465509587973,0.0003226827936,Retail Orders
2025-07-21,0.094723617,443276140.3,936,31697458.427458,3002497.9119559536,3207.796914482856,0.000723656570442,Normal
2025-07-22,0.098331072,460789501.6,668,4767585.670549,468801.8098369221,701.7991165223384,0.0001523036254266,Retail Orders
2025-07-23,0.094449429,441691714.9,688,15357760.819896,1450531.740157749,2108.331017671147,0.0004773308954071,Retail Orders
2025-07-24,0.083289574,389890787.1,562,8218509.866872,684516.1857265657,1218.000330474316,0.00031239525805,Retail Orders
2025-07-25,0.080525401,377226422.4,478,9098064.570006,732625.2978236257,1532.688907580807,0.0004063047593086,Retail Orders
2025-07-26,0.084118939,393820407.3,477,4555622.452695,383214.1272052811,803.3839144764803,0.00020399753278,Retail Orders
2025-07-27,0.084341415,395354691.8,440,7361831.805999001,620907.3115099611,1411.1529807044571,0.00035693340941,Retail Orders
2025-07-28,0.089002097,417287952.9,516,8896000.072178,791762.6613359934,1534.423762279057,0.0003677134102758,Retail Orders
2025-07-29,0.081785632,385224036.2,509,10453572.116252,854952.0021852473,1679.6699453541205,0.0004360241800908,Retail Orders
2025-07-30,0.083014495,388716348.0,469,409925804.317187,34029783.632860094,72558.174057271,0.018666097896472,Small Whale Orders
2025-07-31,0.081506231,382463791.6,459,81055270.238405,6606509.579818863,14393.267058428894,0.0037633018796932,Normal
2025-08-01,0.077205409,362057043.4,472,19067753.726754,1472133.725185317,3118.927383867197,0.0008614464048477,Normal
2025-08-02,0.074115724,347875633.6,408,6892725.717774999,510859.35690631374,1252.1062669272396,0.0003599292810392,Retail Orders
2025-08-03,0.072388023,339939116.2,410,2503615.781739,181231.7967916857,442.028772662648,0.0001300317473328,Retail Orders
2025-08-04,0.075582178,355045601.2,454,5830059.738724,440648.6129228709,970.5916584204203,0.0002733709853438,Retail Orders
2025-08-05,0.079808479,375043831.4,462,5429593.535481,433327.60165497113,937.9385317207168,0.0002500877106069,Retail Orders
2025-08-06,0.077109118,362455296.7,461,14191937.785578,1094327.8053567929,2373.813026804323,0.0006549257379922,Normal
2025-08-07,0.078938053,371484210.4,466,14304914.527124,1129202.101102584,2423.1804744690644,0.0006522970308374,Normal
2025-08-08,0.082494421,387688097.9,572,21053697.342269,1736812.57215972,3036.385615663846,0.0007832032069364,Normal
2025-08-09,0.091168112,431132966.4,700,12955106.312568,1181092.5832761065,1687.275118965866,0.0003913584092292,Retail Orders
2025-08-10,0.090798365,426795481.6,595,6023637.214516,546936.4104312072,919.2208578675752,0.0002153773639827,Retail Orders
2025-08-11,0.089420224,420733100.0,581,55192340.815258,4935311.478784713,8494.512011677647,0.0020189787805327,Normal
2025-08-12,0.084368685,397387196.7,610,15743444.45235,1328253.7058153143,2177.4650915005154,0.0005479454571215,Normal
2025-08-13,0.088091435,415496323.4,778,22506319.31934,1982613.965408884,2548.3469992402106,0.0006133260045208,Normal
2025-08-14,0.091441491,430955956.5,705,10759896.721661,983900.9992346938,1395.6042542336083,0.0003238391843027,Retail Orders
2025-08-15,0.080899199,381499119.6,591,118220175.50075,9563917.5036501,16182.601529018782,0.0042418450522208,Normal
2025-08-16,0.080214691,378185663.6,442,27804609.100343,2230338.127359802,5046.013862804982,0.0013342689447218,Normal
2025-08-17,0.08229524,388268943.0,475,2654597.699993,218460.75482437195,459.9173785776252,0.0001184533007002,Retail Orders
2025-08-18,0.083569049,394327567.5,512,8329031.461043999,696049.2382905277,1359.471168536187,0.0003447568165611,Retail Orders
2025-08-19,0.07959356,375426658.4,453,9519249.788867,757670.9792251729,1672.5628680467394,0.0004455098833883,Retail Orders
2025-08-20,0.075279915,355313986.7,464,9709473.907235,730928.3704313687,1575.2766604124326,0.0004433477767207,Retail Orders
2025-08-21,0.080654471,381121171.5,411,6769580.330683,545996.9204632425,1328.4596604945073,0.0003485662198365,Retail Orders
2025-08-22,0.078578685,370557841.2,530,12462823.908047,979312.314080894,1847.7590831714983,0.0004986425539364,Retail Orders
2025-08-23,0.085344171,403810759.8,471,3737889.924453,319007.11689169385,677.2974880927683,0.0001677264589057,Retail Orders
2025-08-24,0.084020398,397219180.7,455,14779482.665931,1241778.0158256236,2729.182452364008,0.0006870721719818,Normal
2025-08-25,0.081568353,386100836.9,536,12906737.015411,1052781.2809512108,1964.1441808791249,0.0005087127488894,Normal
2025-08-26,0.071819512,339860165.0,428,27167151.483986,1951131.5620099504,4558.718602826987,0.0013413512592236,Normal
2025-08-27,0.072906606,344815299.4,413,9170032.908745,668555.9762849057,1618.7796035954134,0.0004694628128195,Retail Orders
2025-08-28,0.072324107,342397504.0,678,40813748.281566,2951817.897787045,4353.713713550214,0.00127153780699,Normal
2025-08-29,0.081440675,385498834.0,1306,74498580.287228,6067214.665133542,4645.646757376372,0.0012051000801149,Normal
2025-08-30,0.085046745,401475657.5,546,15097498.694292,1283993.1215912849,2351.635753830192,0.0005857480297744,Normal
2025-08-31,0.088650325,419611035.4,547,4755116.814075,421542.6509807133,770.6447001475564,0.0001836569191782,Retail Orders
2025-09-01,0.083102536,394082263.5,483,18196513.182393,1512176.391814289,3130.799983052358,0.0007944534106271,Normal
2025-09-02,0.077776604,368293813.5,460,5968320.644734001,464195.711330501,1009.1211115880456,0.0002739989309073,Retail Orders
2025-09-03,0.078362423,371611216.3,499,16334857.51999,1280039.0146261873,2565.208446144664,0.0006902936008459,Normal
2025-09-04,0.079621592,377676403.6,538,11564881.746985,920814.295986687,1711.5507360347342,0.0004531791554146,Retail Orders
2025-09-05,0.075370058,357788925.6,435,14285582.011676,1076705.144783777,2475.184240882246,0.0006918001267734,Normal
2025-09-06,0.07813758,370692546.3,381,2145086.72971,167611.8859496535,439.9262098416102,0.0001186768426375,Retail Orders
2025-09-07,0.078671212,373480570.7,436,8445889.821566999,664448.3886811397,1523.9641942227977,0.0004080437682116,Retail Orders
2025-09-08,0.078214505,372130593.8,477,3260897.9974080003,255049.52272275803,534.6950161902685,0.0001436847776288,Retail Orders
2025-09-09,0.081998342,389368355.5,580,10126477.671285,830354.3793453911,1431.6454816299845,0.0003676840866514,Retail Orders
2025-09-10,0.085474583,405866839.6,812,28011497.8654,2394271.0992504554,2948.6097281409548,0.0007264968310904,Normal
2025-09-11,0.094484669,449297747.7,854,19113467.684775,1805929.6676381624,2114.671741965061,0.0004706615496717,Retail Orders
2025-09-12,0.095737423,456977502.1,644,12745536.481158,1220224.817458555,1894.7590333207377,0.0004146285155425,Retail Orders
2025-09-13,0.094530029,449757750.6,435,7908447.265291,747585.7493329289,1718.587929500986,0.0003821141330434,Retail Orders
2025-09-14,0.094313187,448569489.6,523,7244873.350971,683287.0951414446,1306.4762813411942,0.0002912539331433,Retail Orders
2025-09-15,0.090810217,431557280.4,482,19377187.048595,1759646.5607325016,3650.71900566909,0.000845940775761,Normal
2025-09-16,0.087626637,416891412.1,509,12673849.985928,1110566.8521093675,2181.8602202541606,0.0005233641559713,Normal
2025-09-17,0.089514778,425912470.9,1001,13434640.976756,1202598.9045440166,1201.3975070369795,0.0002820761515853,Retail Orders
2025-09-18,0.099369006,473056716.2,1367,56450046.027214,5609384.962378504,4103.427185353697,0.0008674281634379,Normal
2025-09-19,0.120784108,575954713.3,1716,37854964.193036005,4572278.083427793,2664.4977176152643,0.0004626227819803,Retail Orders
2025-09-20,0.111472818,530821401.5,1107,20505341.830815,2285788.237934228,2064.84935676082,0.0003889913539518,Retail Orders
2025-09-21,0.120071603,572614025.5,614,12466256.567792,1496843.4095040634,2437.855715804664,0.0004257415304621,Retail Orders
2025-09-22,0.112308906,536765804.0,621,21614265.483232,2427474.510415348,3908.976667335503,0.000728246218035,Normal
2025-09-23,0.103361396,493284008.9,489,197343122.943548,20397660.67844475,41713.0075223819,0.0084561848285736,Small Whale Orders
2025-09-24,0.099797622,467598804.3,604,43305725.539167,4321808.427793535,7155.311966545587,0.0015302246072372,Normal
2025-09-25,0.105948184,495142603.7,532,28760874.283514,3047162.4005906093,5727.748873290619,0.0011567877275131,Normal
2025-09-26,0.102391161,477477129.7,563,14870059.960271,1522562.7034717614,2704.374251281992,0.000566388227428,Normal
2025-09-27,0.103693962,485744534.3,495,50707777.179688,5258090.319975034,10622.40468681825,0.0021868294827292,Normal
2025-09-28,0.105734426,495551974.6,467,9351302.699956,988754.623332098,2117.2475874349,0.0004272503583794,Retail Orders
2025-09-29,0.109285422,512264159.4,450,20657772.230074,2257593.355743518,5016.874123874484,0.0009793529435575,Normal
2025-09-30,0.104094486,488226811.8,492,61364478.461354,6387703.844092716,12983.13789449739,0.0026592431183021,Normal
2025-10-01,0.100293843,470488819.2,535,267349958.821105,26813554.79606037,50118.7940113278,0.0106524941648024,Small Whale Orders
2025-10-02,0.112681796,529880356.7,592,15742121.387242,1773850.51076444,2996.369106021013,0.0005654803142131,Normal
2025-10-03,0.112223105,526653049.5,532,9512892.443411,1067566.3275306192,2006.703623177856,0.00038102952695,Retail Orders
2025-10-04,0.12076996,573105938.5,390,11480763.670329,1386531.3692350865,3555.2086390643244,0.0006203405688605,Normal
2025-10-05,0.115922373,550538162.4,405,30736040.172507003,3562994.713420341,8797.517810914422,0.0015979851010805,Normal
2025-10-06,0.118313213,561880494.9,550,16210027.268347,1917860.4089357464,3487.018925337721,0.0006205979664694,Normal
2025-10-07,0.13334014,633483361.3,701,12314242.485662,1641982.817032119,2342.3435335693566,0.0003697561256798,Retail Orders
2025-10-08,0.123787583,588353055.2,592,9847412.06646,1218987.338512119,2059.100233973174,0.0003499769765405,Retail Orders
2025-10-09,0.117855423,559740449.4,473,10868690.441323,1280934.109418179,2708.105939573317,0.0004838145862919,Retail Orders
2025-10-10,0.113034809,537068343.2,838,301686493.82371,34101075.20724274,40693.40716854743,0.0075769513663912,Small Whale Orders
2025-10-11,0.075979074,365081537.2,891,54869509.023333,4168934.4864274855,4678.938817539265,0.0012816147465096,Normal
2025-10-12,0.072764736,346174209.6,816,21038373.197414,1530851.6715793053,1876.0437151707167,0.0005419363034983,Normal
2025-10-13,0.080937854,385035965.0,565,24184956.661489,1957478.491263924,3464.563701352078,0.0008998026200882,Normal
2025-10-14,0.088439085,420487009.0,567,30720948.003199,2716932.5317354966,4791.768133572305,0.0011395757849851,Normal
2025-10-15,0.083758799,399040474.5,2195,35039208.027432,2934841.982288863,1337.0578507010766,0.00033506822895,Retail Orders
2025-10-16,0.080650741,384195568.8,609,32113930.656377,2590012.303859421,4252.893766600036,0.0011069606502447,Normal
2025-10-17,0.074571819,355448449.6,695,26967122.410299,2010987.3713316608,2893.5070091103034,0.0008140440652833,Normal
2025-10-18,0.073183893,352389528.0,354,6019019.910759,440495.3091138562,1244.337031395074,0.000353114077611,Retail Orders
2025-10-19,0.07380809,355682647.6,480,5618474.128458,414688.8441358997,863.935091949791,0.0002428949227012,Retail Orders
2025-10-20,0.074769388,360363721.5,334,5707371.70262,426736.6892934154,1277.6547583635192,0.0003545458885387,Retail Orders
2025-10-21,0.076086812,366221737.7,399,47947623.663569,3648181.827536726,9143.312850969238,0.0024966603316319,Normal
2025-10-22,0.072954304,351767696.7,371,14181531.838681,1034603.7849448124,2788.6894472906,0.0007927645072165,Normal
2025-10-23,0.069869087,336862679.2,399,12554626.947076,877180.3224177974,2198.446923352876,0.0006526240688264,Normal
2025-10-24,0.072515893,349844509.0,434,4219150.387613,305955.4580590528,704.966493223624,0.000201508520239,Retail Orders
2025-10-25,0.072838538,351534119.2,353,25222918.883147,1837200.5355410203,5204.534095017055,0.0014805203281152,Normal
2025-10-26,0.073172377,353301983.5,428,2797619.436012,204708.46407439743,478.29080391214353,0.0001353773333435,Retail Orders
2025-10-27,0.075657954,365386555.8,329,1610337.8920830002,121834.8701636726,370.3187542968772,0.0001013498576832,Retail Orders
2025-10-28,0.073295485,353782398.5,333,9551661.391745,700093.6542637247,2102.3833461373115,0.000594258887681,Normal
2025-10-29,0.070589872,341069679.0,329,4034954.219716,284826.9018956123,865.7352641204021,0.0002538294423176,Retail Orders
2025-10-30,0.069165576,333772786.1,356,5446736.171312,376726.6446088292,1058.220911822554,0.0003170482903017,Retail Orders
2025-10-31,0.063007677,304467822.8,496,4737059.442315,298471.11127118365,601.7562727241606,0.0001976419929009,Retail Orders
2025-11-01,0.065024434,317688986.4,340,2889056.980798,187859.29497013884,552.5273381474672,0.0001739208350936,Retail Orders
2025-11-02,0.067350408,328839513.0,362,3295349.440159,221943.12929728025,613.1025671195587,0.0001864443118548,Retail Orders
2025-11-03,0.065852596,321675479.3,464,40706773.03054,2680646.678843846,5777.255773370358,0.0017959888599349,Normal
2025-11-04,0.056709258,276999178.8,400,15124303.991565,857688.0571280894,2144.2201428202234,0.0007740889890393,Normal
2025-11-05,0.056327659,275602109.3,372,6977535.40164,393028.234764006,1056.5275128064677,0.000383352477051,Retail Orders
2025-11-06,0.059653656,292008342.1,341,9266859.51152,552802.0495005421,1621.1203797669857,0.0005551623519069,Normal
2025-11-07,0.056282554,275065214.3,346,7744737.376918,435893.5996322057,1259.8080914225598,0.0004580034209809,Retail Orders
2025-11-08,0.065732268,322106758.7,304,3199765.379006,210327.83542994395,691.867879703763,0.0002147945862719,Retail Orders
2025-11-09,0.063285077,310122459.4,278,4278004.90175,270733.86961362616,973.8628403367848,0.0003140252538371,Retail Orders
2025-11-10,0.064699749,317011718.2,319,5076165.206498,328426.61474295374,1029.5505164355916,0.0003247673373973,Retail Orders
2025-11-11,0.066763714,327541564.3,296,8615757.193525,575219.9491619458,1943.310639060628,0.0005933019961035,Normal
2025-11-12,0.061476768,301915327.7,268,2503972.104584,153936.11215198232,574.3884781790385,0.0001902482005649,Retail Orders
2025-11-13,0.060489477,296493572.4,299,20532246.590702,1241984.8579065972,4153.795511393301,0.0014009732075369,Normal
2025-11-14,0.058330482,286774036.4,290,12162465.813815,709442.4932283512,2446.353424925349,0.0008530595920172,Normal
2025-11-15,0.054494824,270811484.5,260,3189839.691166,173829.7525583055,668.5759713780981,0.0002468787365545,Retail Orders
2025-11-16,0.054646691,271136378.3,350,30715104.901264,1678478.846571959,4795.653847348454,0.0017687238715132,Normal
2025-11-17,0.052142532,259328221.2,287,4655228.457204999,242735.39879712235,845.7679400596596,0.0003261380254513,Retail Orders
2025-11-18,0.050642242,250456028.8,256,19026286.31845,963533.796100234,3763.803891016538,0.0015027803119972,Normal
2025-11-19,0.053535341,265386867.0,306,6064841.236734,324683.3437194164,1061.0566788216222,0.0003998150665163,Retail Orders
2025-11-20,0.051592928,255926880.1,426,6791444.785585,350390.52183866233,822.5129620625876,0.0003213859215339,Retail Orders
2025-11-21,0.049588819,246976299.9,430,93433351.509014,4633249.556543872,10774.99896870668,0.0043627663759921,Normal
2025-11-22,0.045780929,227269774.7,281,7510568.086194999,343840.7843037592,1223.6326843550148,0.0005384053757127,Normal
2025-11-23,0.045915761,228146956.0,293,6963507.774552,319734.7586979715,1091.2449102319847,0.0004783078982793,Retail Orders
2025-11-24,0.045261836,225149801.6,322,13843153.562993998,626566.54629105,1945.858839413199,0.0008642507457635,Normal
2025-11-25,0.047154759,234727989.8,290,3795338.475185,178968.27112077613,617.1319693819867,0.0002629136686714,Retail Orders
2025-11-26,0.046940815,233793444.1,284,180689312.01589105,8481703.567815216,29865.15340780006,0.0127741620483703,Small Whale Orders
2025-11-27,0.047033098,233716698.4,396,108087453.599985,5083687.797738547,12837.595448834716,0.0054928019849328,Small Whale Orders
2025-11-28,0.045316267,225534450.5,251,42584005.593517,1929748.1674053096,7688.239710778127,0.0034088981500314,Normal
2025-11-29,0.045651566,229545957.9,226,8326148.852431,380101.733862578,1681.8660790379558,0.0007326925267708,Normal
2025-11-30,0.044928863,225914383.0,276,34044171.077694,1529565.898298276,5541.905428616942,0.0024530998668716,Normal
2025-12-01,0.042497064,213802441.1,365,29198503.538098004,1240850.6735627772,3399.5908864733624,0.0015900617733748,Normal
2025-12-02,0.040254208,202423459.6,327,12195190.555046,490907.7372024571,1501.2469027598077,0.0007416368170598,Normal
2025-12-03,0.042598737,214442628.7,307,1457591.432172,62091.554072548366,202.25261912882203,9.431549144632456e-05,Retail Orders
2025-12-04,0.043533894,219285186.3,287,49326035.702669,2147354.409720208,7482.071114007692,0.0034120276158425,Normal
2025-12-05,0.042397621,213649986.1,259,5732228.377544,243032.84623655543,938.3507576700983,0.0004392000087614,Retail Orders
2025-12-06,0.04017105,202378535.7,220,1764376.020644,70876.83734409115,322.1674424731416,0.0001591905195671,Retail Orders
2025-12-07,0.040434365,203724096.2,262,1626551.368637,65768.57173071802,251.02508294167183,0.0001232181600625,Retail Orders
2025-12-08,0.038761082,195253274.4,239,6003934.501721,232718.99754383683,973.7196549951332,0.0004986956853795,Retail Orders
2025-12-09,0.040977785,206674488.9,272,51321573.166112,2103044.391062707,7731.780849495247,0.0037410426853583,Normal
2025-12-10,0.042570927,214937118.9,314,2660562.66012,113262.61878289434,360.70897701558704,0.0001678206997756,Retail Orders
2025-12-11,0.040692017,205514268.4,299,2974311.163167,121030.72041488132,404.785018109971,0.0001969620023278,Retail Orders
2025-12-12,0.03925929,198469924.0,270,5086387.347011999,199687.95590867475,739.5850218839805,0.0003726433743603,Retail Orders
2025-12-13,0.038122834,194450947.3,231,3428749.770334,130713.65832198122,565.8599927358495,0.0002910039784289,Retail Orders
2025-12-14,0.038633646,197033824.2,277,5810178.315028001,224468.37221966824,810.3551343670333,0.0004112771691141,Retail Orders
2025-12-15,0.036237844,184771606.6,384,5827357.091539,211170.857215484,549.9241073319896,0.0002976237082369,Retail Orders
2025-12-16,0.036237308,184774006.3,310,5350396.106074,193883.9516178042,625.4321019929168,0.0003384848954227,Retail Orders
2025-12-17,0.036374836,185366701.1,308,7487439.560814001,272354.3860845213,884.2674872874069,0.0004770368583138,Retail Orders
2025-12-18,0.033963149,173416547.7,312,3607121.42805,122509.20252195493,392.6577003908812,0.0002264245861185,Retail Orders
2025-12-19,0.032397089,165435310.8,272,30069085.424846,974150.8366573384,3581.4368994755096,0.0021648563913935,Normal
2025-12-20,0.035333831,180512138.8,251,5622456.205360999,198662.9173651269,791.4857265542904,0.0004384667600837,Retail Orders
2025-12-21,0.035540056,181626427.6,217,1175540.017044,41778.75803598472,192.5288388755056,0.0001060026568928,Retail Orders
2025-12-22,0.034506973,176450034.4,255,6866695.422839,236948.873555129,929.2112688436432,0.0005266143880353,Normal
2025-12-23,0.034937825,178641037.9,240,2917316.006707,101924.67611202798,424.68615046678326,0.0002377315735841,Retail Orders
2025-12-24,0.034235708,175157888.4,246,22518249.137484,770928.202142154,3133.8544802526585,0.0017891597740068,Normal
2025-12-25,0.03452209,176622313.7,228,4341361.549258,149872.8741260241,657.337167219404,0.0003721710770565,Retail Orders
2025-12-26,0.033641394,172289414.0,233,14774086.961753,497020.8804705956,2133.136826054058,0.0012381125320062,Normal
2025-12-27,0.034423038,177775525.3,230,2349244.800146,80868.14302672817,351.60062185533985,0.0001977778556761,Retail Orders
2025-12-28,0.035377408,182774802.3,226,3664327.489859,129634.4086543577,573.603578116627,0.0003138307747558,Retail Orders
2025-12-29,0.034665895,179391921.3,266,29204337.637474,1012394.5020852218,3805.994368741435,0.0021216085658487,Normal
2025-12-30,0.033948096,175671148.2,290,2324126.884066,78899.68257645343,272.0678709532877,0.0001548733948294,Retail Orders
2025-12-31,0.033812341,174818990.4,267,10039835.856485,339470.3535634979,1271.42454518164,0.0007272805673299,Normal
2026-01-01,0.032819745,170185692.6,254,1699956.57788,55792.14139709424,219.65409998856,0.0001290673126705,Retail Orders
2026-01-02,0.034535781,179040729.1,266,4536619.837907,156675.70920221167,589.0064255722243,0.000328979014179,Retail Orders
2026-01-03,0.036212969,187707374.3,226,4836505.308352,175144.2167996864,774.9744106180814,0.0004128630606592,Retail Orders
2026-01-04,0.037916287,196475104.2,298,5254360.5442630015,199225.84239775216,668.5430952944704,0.0003402686045219,Retail Orders
2026-01-05,0.03834724,198672932.0,283,9784707.790425,375216.5379692972,1325.8534910575872,0.0006673548720052,Normal
2026-01-06,0.0397490500008504,206287925.0550725,457,106794658.3221,4244986.213468887,9288.810095117917,0.0045028375231551,Normal
2026-01-07,0.0375124116196078,194554274.3364921,308,51433399.487066,1929390.8525545448,6264.256014787482,0.0032197987097179,Normal
2026-01-08,0.0363155385155203,188448805.50343245,279,64904532.079206,2357043.0345542287,8448.182919549206,0.0044830121883661,Normal
2026-01-09,0.0367577005813881,192576784.86140385,237,56108950.999679,2062436.0207819776,8702.261691063197,0.0045188529330397,Normal
2026-01-10,0.0369425303829371,193653068.8800975,206,6452317.257534001,238364.9263267992,1157.1112928485395,0.0005975176636962,Normal
2026-01-11,0.0366935466508191,192354595.2711349,197,4848039.691015,177891.77056728152,903.0039115090432,0.000469447537885,Retail Orders
2026-01-12,0.0359515338019568,188515552.4019807,234,8557496.084231,307655.10973234376,1314.765426206597,0.0006974307474658,Normal
2026-01-13,0.0385543744557838,202148976.6045715,240,54163115.37910201,2088225.032017721,8700.937633407171,0.0043042204712355,Normal
2026-01-14,0.0383648947348427,201377725.3467918,214,3178865.30224,121956.83269668152,569.8917415732781,0.0002829964141226,Retail Orders
2026-01-15,0.0365963963107385,192037934.431314,253,56406807.385929,2064285.8777189488,8159.232718256716,0.0042487609244594,Normal
2026-01-16,0.0365433505429884,191975383.62586835,228,7593456.719758999,277490.350743164,1217.0629418559822,0.0006339682301288,Normal
2026-01-17,0.0363182451201587,190743996.04351395,217,3079354.373947,111836.74696484,515.3767141236866,0.0002701928893248,Retail Orders
2026-01-18,0.0348859127747388,184120026.29284063,214,6651327.595620002,232037.6343370125,1084.2880109206192,0.0005889028112542,Normal
2026-01-19,0.0335748107393928,176714551.7842056,294,46040597.770138,1545804.3564608935,5257.837947145897,0.0029753282307879,Normal
2026-01-20,0.030352767097976,159522772.2947063,254,3629352.21738,110160.88257065792,433.7042620892044,0.0002718760812957,Retail Orders
2026-01-21,0.0302733225137086,159195540.4902766,277,14413346.042744,436339.87325367465,1575.2341994717497,0.0009894964360311,Normal
2026-01-22,0.0292754785427524,153951520.6700612,283,5639693.595118,165104.72883157514,583.4089358006189,0.0003789562670517,Retail Orders
2026-01-23,0.0292646168632288,155386278.21423975,255,4012003.715813,117409.75159711772,460.4303984200696,0.0002963134220804,Retail Orders
2026-01-24,0.0300475436030278,159458436.8916885,134,5424218.364942,162984.43783293891,1216.3017748726784,0.0007627704112632,Normal
2026-01-25,0.0280260064602861,148889939.62317997,190,6327376.2333860025,177331.08719353683,933.3215115449308,0.0006268533078239,Normal
2026-01-26,0.0292369568710027,155399296.35487542,179,20365509.737242,595425.5298437298,3326.3996080655297,0.002140549980657,Normal
2026-01-27,0.0289871920366057,154108596.04349312,261,4831676.504287999,140056.73468855195,536.6158417185899,0.0003482063009432,Retail Orders
2026-01-28,0.0291731145265878,155126433.06477565,194,9821659.157673,286528.3874479044,1476.9504507623935,0.0009520946376338,Normal
2026-01-29,0.0264813338797303,140917396.1321683,222,17801816.386434,471415.8433948127,2123.494790066724,0.0015069074850595,Normal
2026-01-30,0.0264923472691745,140946014.41526297,198,6409132.058131,169792.95217800554,857.5401625151795,0.0006084174611625,Normal
2026-01-31,0.0231591966729145,123266912.86168216,357,60145411.433413,1392919.412359772,3901.735048626813,0.0031652735986054,Normal
2026-02-01,0.0227288944357721,121307984.29600568,238,8062246.561305,183245.95100706795,769.9409706179325,0.0006346993358155,Normal
2026-02-02,0.0238521605892808,126898592.94863564,189,15852999.675997997,378128.2940937207,2000.678804728681,0.0015765965234448,Normal
2026-02-03,0.0238624409005757,127205803.77133274,172,12102970.266258,288806.41270000645,1679.1070505814328,0.0013199924852484,Normal
2026-02-04,0.0229603970201116,122394511.94552644,163,3730163.281412,85646.0298910618,525.4357662028332,0.0004292968351691,Retail Orders
2026-02-05,0.0190329939204661,101835856.07340024,261,12200525.572666,232212.5290510432,889.7031764407785,0.0008736639635056,Normal
2026-02-06,0.0209080533665632,112657626.2045355,263,11331697.768355004,236923.7416745315,900.8507288005,0.0007996358161896,Normal
2026-02-07,0.020651466330516,111089530.85673907,176,5105283.277617,105431.58571545384,599.0431006559878,0.000539243523702,Normal
2026-02-08,0.0196568596822047,105710571.57504892,170,3071645.868024,60378.911821171634,355.17006953630374,0.000335983491759,Retail Orders
2026-02-09,0.0196910223693751,106348929.38703144,143,3837268.614865,75559.74213260772,528.3898051231309,0.000496845439036,Retail Orders
2026-02-10,0.0188132421781912,101357128.90776722,180,10859051.398633,204293.9637879085,1134.966465488381,0.0011197697465574,Normal
2026-02-11,0.0189295867995173,101953175.8440338,173,4218042.673031,79845.80490320829,461.5364445272156,0.0004526945244288,Retail Orders
2026-02-12,0.0195867840632111,105650815.9426798,160,6228659.664586999,121999.41185349844,762.4963240843651,0.0007217136160103,Normal
2026-02-13,0.0207106852925768,111632847.02137683,154,4753650.035591,98451.3498781717,639.2944797283877,0.0005726759612302,Normal
2026-02-14,0.0214612916429285,115979421.6626894,151,2925542.089982,62785.91200676627,415.8007417666641,0.0003585125152425,Retail Orders
2026-02-15,0.020223337830888,109093783.07695667,171,30306023.539034,612888.9523407286,3584.14592012122,0.0032853805405143,Normal
2026-02-16,0.0205926176460862,111109159.46636157,145,18109413.544062,372920.2289077236,2571.8636476394727,0.0023147179404395,Normal
2026-02-17,0.0204522033459998,110430344.15039536,142,16994506.401251998,347575.1006833011,2447.711976642965,0.0022165211885144,Normal
2026-02-18,0.0197040199478387,106355127.01786429,129,4492716.453110999,88524.57461208227,686.2370124967618,0.0006452317173026,Normal
2026-02-19,0.0193487901217868,104540615.96704148,137,6245603.832196,120844.87773298776,882.0793995108596,0.0008437671725494,Normal
2026-02-20,0.0200492393410433,109180997.56655762,120,11317580.928576998,226908.8887986673,1890.907406655561,0.0017319015660237,Normal
2026-02-21,0.0197070131622527,107476479.93777692,118,9547726.33669,188157.16858673657,1594.5522761587845,0.0014836290480316,Normal
2026-02-22,0.0189562563833314,103409655.7834433,153,5062276.08623,95961.80337378332,627.2013292404139,0.0006065210492082,Normal
2026-02-23,0.0183761286111831,100271988.78735578,148,43143771.428714,792815.4925455353,5356.861436118482,0.0053423308951003,Small Whale Orders
2026-02-24,0.0186857439101314,101960668.7523393,160,6243772.376019999,116669.53165146236,729.1845728216397,0.0007151626031335,Normal
2026-02-25,0.0197342194018458,107445026.31424011,172,11711402.925520996,231115.3948356501,1343.6941560212215,0.0012505875814962,Normal
2026-02-26,0.0191743603354997,104672595.15228398,151,9562023.493004,183345.6839913721,1214.2098277574316,0.0011600073791912,Normal
2026-02-27,0.0189339724953175,103373652.3107274,119,4667488.735430001,88374.1033388359,742.639523855764,0.0007184031010372,Normal
2026-02-28,0.0190354995334919,104006467.5320342,175,103009887.369438,1960844.6629659904,11204.826645519945,0.0107732018127323,Small Whale Orders
2026-03-01,0.0183362727859565,100184052.72671984,125,4268014.851441,78259.48457053577,626.0758765642862,0.0006249256838032,Normal
2026-03-02,0.0190523674274499,104163293.5088764,137,14309543.315068,272630.676957685,1990.0049412969704,0.0019104666089762,Normal
2026-03-03,0.0185091545555816,101209835.512139,147,732938512.271885,13566072.20337836,92286.20546515891,0.0911830406582275,Big Whale Orders
2026-03-04,0.0190112553309511,104024372.51541544,130,3330790.78408,63322.5140501237,487.09626192402845,0.0004682520549228,Retail Orders
2026-03-05,0.0186704584798363,102131878.3765432,152,8644631.152552,161399.22700722152,1061.8370197843522,0.0010396724672677,Normal
2026-03-06,0.0183166463320933,101176377.6065894,143,428188508.924155,7842977.481430123,54845.99637363722,0.0542083020474388,Big Whale Orders
2026-03-07,0.0176365760433961,97449280.7719728,123,3818488.504347,67345.0628777497,547.5208364044692,0.000561852106108,Normal
2026-03-08,0.017779737891092,98406069.33666356,114,18519936.636688,329279.61915994453,2888.417711929338,0.0029352028095417,Normal
2026-03-09,0.0181683718204556,100411221.55259158,109,3312361.5237990003,60180.21576815112,552.1120712674415,0.0005498509655898,Normal
2026-03-10,0.0182090462189197,100954542.75677496,148,7122219.275178,129688.81996299696,876.2758105607903,0.0008679904703961,Normal
2026-03-11,0.017937913955125,99200987.00519451,151,11526091.895472,206754.0446598404,1369.2320838400026,0.0013802605449563,Normal
2026-03-12,0.0183171841098004,101406367.91536844,150,161374279.976883,2955922.3969230424,19706.14931282028,0.0194328519183988,Small Whale Orders
2026-03-13,0.0172655159623776,95530382.124284,215,42282796.753884,730034.3022881519,3395.50838273559,0.0035543753800943,Normal
2026-03-14,0.0165063844465974,91428330.28169094,244,44071979.80968,727469.0420612566,2981.4305002510514,0.0032609482105439,Normal
2026-03-15,0.0168863658674128,93391771.56042153,142,10166371.093352,171673.0618262314,1208.96522412839,0.0012945093597953,Normal
2026-03-16,0.0180019998839617,99685986.7768238,145,26365125.895522,474624.99331182265,3273.2758159436044,0.003283586712415,Normal
2026-03-17,0.0184656381576025,102170700.10421243,145,558758322.9215541,10317829.008618228,71157.4414387464,0.0696456433852043,Big Whale Orders
2026-03-18,0.0172167138947485,95388184.89636084,207,42200015.593637,726545.5948295734,3509.882100625958,0.0036795774072432,Normal
2026-03-19,0.016620304622568,92108509.42979464,165,13020592.753771,216406.2179340756,1311.5528359640946,0.0014239214640247,Normal
2026-03-20,0.0171320804041781,95871016.12068395,167,24339373.615972,416984.1057761634,2496.9108130309187,0.0026044480532967,Normal
2026-03-21,0.0171201073040715,96106882.55386008,152,19956570.979247,341658.6365860279,2247.7541880659733,0.0023388066789142,Normal
2026-03-22,0.0162770859049729,91248712.41862328,160,2347996.19939,38218.5358420209,238.86584901263063,0.0002617744872023,Retail Orders
2026-03-23,0.0165991201901567,92853255.04633509,169,8481607.110175999,140787.21582749908,833.0604486834266,0.0008971795854304,Normal
2026-03-24,0.0166233291029122,93079770.21338189,160,23909007.007704,397447.2920128976,2484.04557508061,0.0026687276616455,Normal
2026-03-25,0.0166716797601317,93475746.31916653,145,15728855.642848,262226.44427090226,1808.45823635105,0.001934681783846,Normal
2026-03-26,0.0155285244603082,86936736.08687349,172,249916211.16344905,3880829.998079167,22562.96510511144,0.0259533151584675,Small Whale Orders
2026-03-27,0.0150501835175959,84249963.94374067,135,6860380.128671,103249.97993696672,764.8146661997536,0.0009077922771699,Normal
2026-03-28,0.0148157622796702,83213091.49348146,127,9182072.497223,136039.40335355367,1071.1764043586904,0.0012872690884734,Normal
2026-03-29,0.0145940302635525,81806759.48813082,143,6293879.750992,91853.07156113752,642.3291717562064,0.0007851786035473,Normal
2026-03-30,0.0146564257650376,82178316.39964677,141,39335007.349344,576510.6151828687,4088.727767254388,0.0049754338448237,Normal
2026-03-31,0.0142822235240465,79919743.66549419,190,19274509.232219,275282.84917084966,1448.8571008992087,0.0018128900750275,Normal
2026-04-01,0.0149131588594269,83518794.84804173,133,14303057.781227,213303.77286700028,1603.7877659172957,0.001920271681165,Normal
2026-04-02,0.0139703609985092,78465043.46618469,163,47971029.123959,670172.5943317058,4111.488308783471,0.0052398980834763,Small Whale Orders
2026-04-03,0.0131989917313477,74983291.33542751,208,281457534.628881,3714955.672292109,17860.363809096678,0.0238191248890379,Small Whale Orders
2026-04-04,0.0133349423532021,75659181.30471954,220,19355362.617425,258102.6447286853,1173.193839675842,0.001550629836914,Normal
2026-04-05,0.0132491394070294,75100507.3194566,212,25190193.480675,333748.3851155062,1574.2848354505009,0.0020962372847282,Normal
2026-04-06,0.0133588225520872,75722671.31986433,145,9741539.963969,130135.5037627278,897.4862328463987,0.0011852279075777,Normal
2026-04-07,0.0141239780376285,80099239.5881621,260,5500203.654372999,77684.75561684826,298.7875216032625,0.000373021670542,Retail Orders
2026-04-08,0.0130469532152757,73917668.44957598,226,46052196.51514301,600840.8533937534,2658.587846875015,0.0035966879132404,Normal
2026-04-09,0.0133542729802467,75718334.60829014,201,25914120.990846,346064.2457548985,1721.7126654472563,0.0022738385284807,Normal
2026-04-10,0.0130068022802053,73842287.68810743,194,44810521.68611801,582841.5956441887,3004.338121877261,0.0040685875477841,Normal
2026-04-11,0.0130314368514657,74039780.71845566,148,14102221.750914996,183772.21221241483,1241.7041365703706,0.0016770770044445,Normal
2026-04-12,0.0121743515246877,69051085.28180134,176,24348767.094696,296430.4498035779,1684.263919338511,0.0024391563325397,Normal
2026-04-13,0.0123583451130789,70199388.55130082,480,35569912.529615,439585.2546830115,915.8026139229406,0.0013045734910549,Normal
2026-04-14,0.0118992482662343,67573264.00032523,285,27507145.453632005,327314.35284818534,1148.4714135024046,0.00169959440393,Normal
2026-04-15,0.0122669586456053,69697785.33815765,191,24017283.409197006,294619.022360402,1542.507970473309,0.0022131377101717,Normal
2026-04-16,0.0131806028614454,74926508.89528747,173,35237527.877098,464451.86076714,2684.692836804277,0.003583101463537,Normal
2026-04-17,0.0131629973483224,75504440.70542006,154,9311837.580478,122571.69337984078,795.9200868820831,0.0010541367891027,Normal
2026-04-18,0.0123165473694872,70771353.18161106,158,9840405.831529,121199.824559005,767.0874972088924,0.0010838954785002,Normal
2026-04-19,0.0123012369086142,70511203.80757321,148,69504059.988371,854985.9080274848,5776.931810996519,0.0081929275051974,Small Whale Orders
2026-04-20,0.0127222077393145,72848018.81574063,62,23109669.812163003,294006.0201373028,4742.032582859722,0.0065094873682894,Small Whale Orders
2026-04-21,0.0124430554390096,71499699.7946334,160,20599589.065355,256321.82876102813,1602.0114297564262,0.0022405848337235,Normal
2026-04-22,0.0128222330101293,73680218.33254354,149,14206154.507096,182154.6232678835,1222.5142501200237,0.0016592163782718,Normal
2026-04-23,0.0131478399783824,75465062.49838077,138,17301491.215932,227477.23789446268,1648.3857818439326,0.0021843032090237,Normal
2026-04-24,0.0143871735348501,82543134.93144482,178,103119344.999594,1483595.9113092355,8334.808490501324,0.010097518706339,Small Whale Orders
2026-04-25,0.0135888070508812,78112394.00875252,175,77744474.30429098,1056454.6605932016,6036.883774818295,0.0077284582701969,Small Whale Orders
2026-04-26,0.0135134294521805,77905122.08937943,168,16075161.534624,217230.56133054703,1293.0390555389706,0.0016597612850866,Normal
2026-04-27,0.0128536582157236,73874941.40605913,151,19017814.410714,244448.48644538067,1618.864148644905,0.0021913576076449,Normal
2026-04-28,0.0127748748718748,73573741.0879021,115,15418088.966367,196964.15730877192,1712.7318026849732,0.0023279118029878,Normal
2026-04-29,0.012479014756069,71870059.17646869,169,14045725.712523,175276.81842627228,1037.1409374335635,0.0014430778954654,Normal
2026-04-30,0.0123529911893497,71092189.82253341,129,10734948.719181,132608.72694616372,1027.9746274896413,0.001445974065584,Normal
2026-05-01,0.0126500204127803,73526976.85134944,135,33545118.16159,424346.4294932406,3143.3068851351154,0.0042750389309354,Normal
2026-05-02,0.0129197121726243,75042360.28761603,112,6229424.501819001,80482.37156459501,718.5926032553126,0.0009575826246684,Normal
2026-05-03,0.0127664638862984,74105322.29525624,136,4022494.005903,51353.02445921243,377.5957680824444,0.0005095393372395,Normal
2026-05-04,0.0139812904795811,81165243.93764943,147,21992951.14743,307489.8384954553,2091.767608812621,0.0025771715913519,Normal
2026-05-05,0.013643367271994,79315573.45233339,187,41153123.162941,561467.1737016074,3002.4982550888094,0.0037855091054636,Normal
2026-05-06,0.0138627412205647,80654128.70989296,171,16781476.311376,232637.2634036421,1360.451832769837,0.0016867727102518,Normal
2026-05-07,0.0144191589376844,83862343.00250049,196,45335000.109833,653692.5720236218,3335.1661837939887,0.0039769532598135,Normal
2026-05-08,0.0151658661835282,88205714.23102528,174,160978031.78180003,2441371.2884905287,14030.869474083498,0.0159069847077416,Small Whale Orders
2026-05-09,0.014669836461783,85334579.60571674,165,6845230.553938,100418.41276947071,608.5964410270952,0.0007131885383851,Normal
2026-05-10,0.0158410770063395,92277976.71566293,216,38574907.935701005,611068.0871218963,2829.018921860631,0.0030657574239817,Normal
2026-05-11,0.0164284347398923,95648658.92044528,182,95826643.356626,1574281.7567272645,8649.899762237716,0.0090434093481981,Small Whale Orders
2026-05-12,0.0158484429663316,92312590.98851484,201,38560391.008789,611122.1576622382,3040.40874458825,0.0032936013517013,Normal
2026-05-13,0.0146819389792849,85508335.10036597,176,16311579.80045,239485.61928594307,1360.7137459428584,0.0015913229328412,Normal
2026-05-14,0.0143473526639632,83563690.3022991,204,17658549.756454997,253353.4408900013,1241.928631813732,0.001486206063089,Normal
2026-05-15,0.0131441436320031,77251838.35167795,230,52840550.887986,694543.7904658569,3019.755610721117,0.0039089757281556,Normal
2026-05-16,0.0128273239215248,75534155.39232945,166,3387469.929331,43452.17405795346,261.7600846864666,0.0003465453255244,Retail Orders
2026-05-17,0.0124250633278103,72395019.63841185,144,4724678.421535,58704.42859111118,407.66964299382767,0.0005631183540387,Normal
2026-05-18,0.0123252432857796,72506612.1228087,177,26296879.891488,324115.44231951504,1831.1606910707064,0.0025255085535773,Normal
2026-05-19,0.0119300043984622,70267369.26206358,203,16712955.857475,199385.6368909813,982.1952556205978,0.0013977971082957,Normal
2026-05-20,0.0125641528540295,73870494.01472646,133,5666810.49685,71198.67327724225,535.3283705055809,0.0007246849742183,Normal
2026-05-21,0.0129292119316429,76058665.57900502,149,15699135.957988,202977.4559445025,1362.2648049966613,0.0017910711351905,Normal
2026-05-22,0.0121260888368644,71453608.50363469,152,16535922.469852,200516.06486892755,1319.184637295576,0.0018462113599601,Normal
2026-05-23,0.012547473738618,73865040.51159953,167,9953654.921277,124893.22372798897,747.8636151376585,0.00101247303184,Normal
2026-05-24,0.0120402882978956,71350828.87339848,154,12747201.878847,153479.98561279435,996.6232831999632,0.0013967928599236,Normal
2026-05-25,0.0123232810390241,72605863.8546813,123,13238048.97175,163136.19788723928,1326.3105519287749,0.0018267264949609,Normal
2026-05-26,0.012291788354487,72504414.94335952,142,12140676.823058,149230.62998925455,1050.9199295017927,0.0014494564645791,Normal
2026-05-27,0.0119160756574215,70080883.17592366,171,35237981.165923,419898.4495879324,2455.546488818318,0.0035038749192902,Normal
2026-05-28,0.01151150102674,67877322.1934252,194,28869562.059317,332331.9932873618,1713.0515117905247,0.0025237464537993,Normal
2026-05-29,0.0115699986472612,68823169.72168392,143,12693738.210245,146866.53392122244,1027.0386987498073,0.00149228625026,Normal
2026-05-30,0.0116414011561759,69234176.51450475,127,2588017.171601,30128.146093678963,237.2294968006217,0.0003426479648399,Retail Orders
2026-05-31,0.0118121866174428,70377655.72636472,115,8635547.316788,102004.6964496573,886.9973604318027,0.0012603394518858,Normal
2026-06-01,0.0132243970045011,79050868.62856479,168,43719509.783823,578164.1542234453,3441.4532989490795,0.0043534667722873,Normal
2026-06-02,0.0122315601274658,72841680.60567813,183,56566411.944708,691895.4688966955,3780.849556812544,0.0051905029172512,Small Whale Orders
2026-06-03,0.0127662864668586,76029828.54813743,175,31211327.608851,398452.7492655647,2276.872852946084,0.0029947099663713,Normal
2026-06-04,0.0107404335244615,63821412.10298739,263,49654459.66558,533310.4232312168,2027.796286050254,0.0031772977426103,Normal
2026-06-05,0.0094766789221232,56257754.7606386,291,34240325.556002,324484.5714832005,1115.0672559560153,0.0019820685356184,Normal
2026-06-06,0.0095264954307814,56778860.19895187,183,11169997.528969,106410.9304215627,581.4804941069,0.0010241144187632,Normal
2026-06-07,0.0095490209549162,56924345.02458273,168,9855071.156651,94106.28098705065,560.1564344467299,0.0009840366792184,Normal
2026-06-08,0.0093844602648703,55944616.29628675,156,26291879.912709,246735.1023295592,1581.6352713433282,0.0028271447300073,Normal
2026-06-09,0.0089705711389756,53486858.907678746,174,15192765.253173,136287.78150134505,783.2631120766956,0.001464402898343,Normal
2026-06-10,0.0085996850891969,51233524.81490017,147,9043175.373105,77768.46041508368,529.0371456808414,0.0010325995480345,Normal
2026-06-11,0.0091128845099994,54368793.62575801,143,20666366.333594,188330.20963938185,1316.9944730026702,0.0024223352867971,Normal
2026-06-12,0.0094939413118863,57094558.26303149,153,28826114.869372,273673.4428195108,1788.7153125458224,0.0031328998191128,Normal
2026-06-13,0.0098072562250135,59057254.26223596,154,32631532.198051,320025.7972810641,2078.0895927341826,0.00351877109543,Normal
2026-06-14,0.0100307193947266,60365852.60301422,146,6432349.12233,64521.08909500816,441.9252677740285,0.0007320782341637,Normal
2026-06-15,0.0100359656716227,60434741.72675087,173,15638003.404685,156942.46534213756,907.1818805903904,0.0015010933358367,Normal
2026-06-16,0.0099528686243291,59906948.46101172,212,62876705.537378,625803.5897441494,2951.903725208252,0.0049274813707618,Normal
2026-06-17,0.0098375393826119,59264342.466445856,162,5332798.087091,52461.61120127512,323.83710618071063,0.0005464282445452,Normal
2026-06-18,0.0096555258415047,58172880.78127484,156,10917002.914948,105409.40375706257,675.7013061350164,0.0011615400459117,Normal
2026-06-19,0.0094903519840437,57216203.433635294,161,6710724.121342,63687.13397934797,395.5722607412917,0.0006913640489972,Normal
2026-06-20,0.0103898994085458,62612123.68938034,243,28035108.806081,291281.96040281816,1198.6911950733258,0.0019144713905889,Normal
2026-06-21,0.0111121613356476,67089836.00779072,217,53903365.209146,598982.8907383642,2760.289819070803,0.0041143189241814,Normal
2026-06-22,0.0115627192229517,69798227.98379833,228,85722172.37255199,991181.410325286,4347.286887391606,0.0062283628294986,Small Whale Orders
2026-06-23,0.0102419880485448,61673962.30116079,211,32641001.846322004,334308.7508025588,1584.4016625713684,0.0025689960616354,Normal
2026-06-24,0.0098419203819982,59420827.75816613,193,483355916.651188,4757150.44784875,24648.44791631477,0.0414811587893562,Small Whale Orders
2026-06-25,0.0091272792919075,55112908.82760684,254,13006366.413336,118712.73882740288,467.3729875094602,0.0008480281615535,Normal
2026-06-26,0.0104506167767752,63633595.11252772,225,42348450.412344,442567.4263496749,1966.9663393318883,0.0030910815833264,Normal
2026-06-27,0.0097105791943119,59164740.6313858,236,6557853.169388,63680.55254601147,269.83284977123503,0.000456070367066,Retail Orders
2026-06-28,0.0093891995309023,57208069.14935246,231,387294490.01576805,3636385.243977095,15741.927463104308,0.0275169704154968,Small Whale Orders
2026-06-29,0.0096899706688439,59052308.9816213,233,19313264.335278,187144.9649284728,803.1972743711278,0.0013601454172115,Normal
2026-06-30,0.0094352385449119,57511714.07964396,306,8651708.829297,81630.93662553767,266.7677667501231,0.0004638494453159,Retail Orders
2026-07-01,0.009266758189475,56495630.38794427,186,26334458.26921,244035.0568315894,1312.0164345784376,0.0023223325867311,Normal
2026-07-02,0.0100632765523532,61369815.21192189,130,19335646.972991,194579.96280787943,1496.768944675996,0.0024389334390324,Normal
2026-07-03,0.0102233173785449,62361610.21119417,144,26852556.243593,274522.2049034787,1906.404200718602,0.0030570156772128,Normal
2026-07-04,0.0103122862980641,62923050.12041107,126,6684987.768065,68937.5077633428,547.1230774868476,0.0008695113737173,Normal
2026-07-05,0.0104264236557687,63642808.45125622,132,24216100.428691,252487.3223601744,1912.7827451528365,0.0030054970729612,Normal
2026-07-06,0.010389536345993,63422544.3836721,137,13905295.80103,144469.57612658502,1054.5224534787228,0.0016626933903809,Normal
2026-07-07,0.0099120202824686,60523521.78590684,159,11881458.140508998,117769.25407402686,740.6871325410494,0.0012238004509405,Normal
2026-07-08,0.0096009180544951,58624399.66543282,154,10861970.140988998,104284.88523400796,677.17457944161,0.0011551070600402,Normal
2026-07-09,0.0096260890109622,58800227.90682976,122,69533114.418983,669331.9486065496,5486.327447594669,0.0093304526919315,Small Whale Orders
2026-07-10,0.0098644343106882,60781167.9536656,114,8300108.306372,81875.87315980408,718.2094136824919,0.0011816314787336,Normal
2026-07-11,0.0097566184944728,60121562.42823966,112,18593905.973697,181413.6469074604,1619.7647045308963,0.0026941493851964,Normal
2026-07-12,0.0095741692048509,59007154.56176386,144,4862204.950964,46551.57290919311,323.2748118693966,0.0005478569747521,Normal
2026-07-13,0.0094842091893641,58467440.13715944,135,8123590.266412,77045.82945533344,570.7098478172848,0.0009761156747729,Normal
2026-07-14,0.0096728455690733,59654608.87432248,125,40027640.489734,387181.1849515825,3097.44947961266,0.0051923054028201,Small Whale Orders
2026-07-15,0.0096110800964416,59277605.8823065,126,16635156.890244,159881.82528900745,1268.903375309583,0.0021406117140239,Normal
2026-07-16,0.0097149580632508,59931306.94333692,105,10313810.788093,100198.23927862718,954.2689455107352,0.0015922712087906,Normal
2026-07-17,0.0094019273607869,58003022.57733034,135,10037929.664366,94375.88555705716,699.0806337559789,0.0012052486279037,Normal
2026-07-18,0.0093194510396309,57523307.927558914,115,22398220.979621,208739.1237944116,1815.1228156035784,0.0031554562506895,Normal
2026-07-19,0.0090474616232161,55838526.87303408,110,3379854.803294,30579.106624845062,277.9918784076824,0.0004978495923429,Retail Orders
2026-07-20,0.0091662195637357,56638566.33854263,136,65715766.503952,602365.144574412,4429.155474811853,0.0078200345826864,Small Whale Orders
2026-07-21,0.0092092234448595,56884203.11932537,130,7363887.979892001,67815.68982974047,521.6591525364652,0.0009170545141367,Normal
2026-07-22,0.0090781204866981,56078378.18039805,121,531944162.210998,4829053.196747119,39909.53055162908,0.0711674121944904,Big Whale Orders
2026-07-23,0.0089144528919068,55084916.31579947,126,3908485.687898,34842.01154345866,276.5239011385608,0.0005019956816368,Normal
2026-07-24,0.0088189814459062,54951495.56290257,142,17696389.619673,156064.13171542325,1099.04318109453,0.0020000241482717,Normal
2026-07-25,0.0089379772339941,55705771.20345055,91,21961000.889212,196286.92598350105,2156.99918663188,0.0038721287579953,Normal
2026-07-26,0.0092585702320653,57717569.12183423,94,10259332.188797,94986.74760406524,1010.4973149368642,0.0017507620821726,Normal
2026-07-27,0.0087019465091621,54260274.8641832,164,6371488.623515,55444.35318556239,338.0753243022097,0.0006230623142776,Normal
2026-07-28,0.0088467365308021,55175988.644309975,108,8999578.622652,79616.90096284109,737.1935274337137,0.001336076698482,Normal
2026-07-29,0.0083129414634617,51858885.45371557,151,20697002.301274,172052.9685996229,1139.4236331100851,0.0021971618231692,Normal
2026-07-30,0.0083298138934654,51976275.69844366,130,16828416.551963,140177.5779995645,1078.2890615351116,0.0020745793095895,Normal
2026-07-31,0.0080692778182264,50362340.61933688,150,126135143.507558,1017819.5156043414,6785.463437362276,0.0134732884808712,Small Whale Orders
2026-08-01,0.0079600806914842,49692410.41111751,112,7511762.73354,59794.23749426233,533.8771204844851,0.0010743635015238,Normal
2026-08-02,0.0081503452082574,50892048.051756285,87,8433848.533485001,68738.77698205817,790.1008848512433,0.0015525036132319242,Normal
2026-08-03,0.0083629994051065,52232077.347855456,88,121533104.44528201,1016381.2801766396,11549.787274734541,0.022112440977247006,Small Whale Orders
2026-08-04,0.0083095952498985,51910640.51498039,110,17684144.218735,146948.0807985204,1335.8916436229126,0.0025734447318896026,Normal
2026-08-05,0.0083052342719724,51895495.788323686,91,27897186.999470998,231692.6735596294,2546.0733358201032,0.004906154758026151,Normal
