day,bucket_id,price_low,price_high,price_mid,sth_tokens,lth_tokens,exchange_tokens
2025-09-10,0,0.0014666011851749,0.0019671959414714023,0.0017168985633231513,0.0,0.0,0.0
2025-09-10,1,0.0019671959414714023,0.0024677906977679043,0.0022174933196196533,0.0,0.0,0.0
2025-09-10,2,0.0024677906977679043,0.0029683854540644063,0.0027180880759161553,0.0,0.0,0.0
2025-09-10,3,0.0029683854540644063,0.0034689802103609084,0.0032186828322126573,0.0,0.0,0.0
2025-09-10,4,0.0034689802103609084,0.00396957496665741,0.0037192775885091594,0.0,0.0,0.0
2025-09-10,5,0.00396957496665741,0.004470169722953912,0.004219872344805661,0.0,0.0,0.0
2025-09-10,6,0.004470169722953912,0.0049707644792504144,0.004720467101102164,0.0,0.0,0.0
2025-09-10,7,0.0049707644792504144,0.0054713592355469165,0.005221061857398665,0.0,0.0,0.0
2025-09-10,8,0.0054713592355469165,0.0059719539918434185,0.005721656613695168,0.0,0.0,0.0
2025-09-10,9,0.0059719539918434185,0.0064725487481399205,0.006222251369991669,0.0,0.0,0.0
2025-09-10,10,0.0064725487481399205,0.0069731435044364225,0.006722846126288172,0.0,0.0,0.0
2025-09-10,11,0.0069731435044364225,0.007473738260732925,0.007223440882584673,0.0,0.0,0.0
2025-09-10,12,0.007473738260732925,0.007974333017029427,0.007724035638881176,0.0,0.0,0.0
2025-09-10,13,0.007974333017029427,0.008474927773325928,0.008224630395177677,86356684.28636706,0.0,89521090.1213
2025-09-10,14,0.008474927773325928,0.00897552252962243,0.00872522515147418,0.0,0.0,0.0
2025-09-10,15,0.00897552252962243,0.009476117285918932,0.009225819907770681,0.0,0.0,0.0
2025-09-10,16,0.009476117285918932,0.009976712042215433,0.009726414664067182,0.0,0.0,0.0
2025-09-10,17,0.009976712042215433,0.010477306798511936,0.010227009420363684,0.0,0.0,0.0
2025-09-10,18,0.010477306798511936,0.010977901554808439,0.010727604176660188,0.0,0.0,0.0
2025-09-10,19,0.010977901554808439,0.01147849631110494,0.01122819893295669,0.0,0.0,0.0
2025-09-10,20,0.01147849631110494,0.011979091067401441,0.01172879368925319,0.0,0.0,0.0
2025-09-10,21,0.011979091067401441,0.012479685823697944,0.012229388445549692,0.0,0.0,0.0
2025-09-10,22,0.012479685823697944,0.012980280579994447,0.012729983201846196,0.0,0.0,0.0
2025-09-10,23,0.012980280579994447,0.013480875336290948,0.013230577958142697,0.0,0.0,0.0
2025-09-10,24,0.013480875336290948,0.01398147009258745,0.013731172714439199,0.0,0.0,0.0
2025-09-10,25,0.01398147009258745,0.014482064848883952,0.0142317674707357,0.0,0.0,0.0
2025-09-10,26,0.014482064848883952,0.014982659605180455,0.014732362227032204,0.0,0.0,0.0
2025-09-10,27,0.014982659605180455,0.015483254361476956,0.015232956983328706,0.0,0.0,0.0
2025-09-10,28,0.015483254361476956,0.01598384911777346,0.015733551739625207,0.0,0.0,0.0
2025-09-10,29,0.01598384911777346,0.01648444387406996,0.01623414649592171,0.0,0.0,0.0
2025-09-10,30,0.01648444387406996,0.016985038630366465,0.016734741252218212,0.0,0.0,0.0
2025-09-10,31,0.016985038630366465,0.017485633386662966,0.017235336008514714,0.0,0.0,0.0
2025-09-10,32,0.017485633386662966,0.017986228142959467,0.01773593076481122,0.0,0.0,0.0
2025-09-10,33,0.017986228142959467,0.01848682289925597,0.018236525521107716,0.0,0.0,0.0
2025-09-10,34,0.01848682289925597,0.018987417655552473,0.01873712027740422,0.0,0.0,0.0
2025-09-10,35,0.018987417655552473,0.019488012411848974,0.019237715033700725,0.0,0.0,0.0
2025-09-10,36,0.019488012411848974,0.019988607168145475,0.019738309789997223,0.0,0.0,0.0
2025-09-10,37,0.019988607168145475,0.02048920192444198,0.020238904546293728,0.0,0.0,0.0
2025-09-10,38,0.02048920192444198,0.02098979668073848,0.020739499302590232,0.0,0.0,0.0
2025-09-10,39,0.02098979668073848,0.021490391437034982,0.02124009405888673,0.0,0.0,0.0
2025-09-10,40,0.021490391437034982,0.021990986193331483,0.021740688815183234,0.0,0.0,0.0
2025-09-10,41,0.021990986193331483,0.022491580949627984,0.022241283571479732,0.0,0.0,0.0
2025-09-10,42,0.022491580949627984,0.02299217570592449,0.022741878327776237,0.0,0.0,0.0
2025-09-10,43,0.02299217570592449,0.02349277046222099,0.02324247308407274,0.0,0.0,0.0
2025-09-10,44,0.02349277046222099,0.02399336521851749,0.02374306784036924,0.0,0.0,0.0
2025-09-10,45,0.02399336521851749,0.024493959974813996,0.024243662596665744,0.0,0.0,0.0
2025-09-10,46,0.024493959974813996,0.024994554731110497,0.02474425735296225,0.0,0.0,0.0
2025-09-10,47,0.024994554731110497,0.025495149487407,0.025244852109258746,0.0,0.0,0.0
2025-09-10,48,0.025495149487407,0.0259957442437035,0.02574544686555525,0.0,0.0,0.0
2025-09-10,49,0.0259957442437035,0.026496339,0.02624604162185175,0.0,0.0,0.0
2025-09-11,0,0.0014666011851749,0.0019671959414714023,0.0017168985633231513,0.0,0.0,0.0
2025-09-11,1,0.0019671959414714023,0.0024677906977679043,0.0022174933196196533,0.0,0.0,0.0
2025-09-11,2,0.0024677906977679043,0.0029683854540644063,0.0027180880759161553,0.0,0.0,0.0
2025-09-11,3,0.0029683854540644063,0.0034689802103609084,0.0032186828322126573,0.0,0.0,0.0
2025-09-11,4,0.0034689802103609084,0.00396957496665741,0.0037192775885091594,0.0,0.0,0.0
2025-09-11,5,0.00396957496665741,0.004470169722953912,0.004219872344805661,0.0,0.0,0.0
2025-09-11,6,0.004470169722953912,0.0049707644792504144,0.004720467101102164,0.0,0.0,0.0
2025-09-11,7,0.0049707644792504144,0.0054713592355469165,0.005221061857398665,0.0,0.0,0.0
2025-09-11,8,0.0054713592355469165,0.0059719539918434185,0.005721656613695168,0.0,0.0,0.0
2025-09-11,9,0.0059719539918434185,0.0064725487481399205,0.006222251369991669,0.0,0.0,0.0
2025-09-11,10,0.0064725487481399205,0.0069731435044364225,0.006722846126288172,1324471605.9366899,0.0,392587840.21300006
2025-09-11,11,0.0069731435044364225,0.007473738260732925,0.007223440882584673,0.0,0.0,0.0
2025-09-11,12,0.007473738260732925,0.007974333017029427,0.007724035638881176,0.0,0.0,0.0
2025-09-11,13,0.007974333017029427,0.008474927773325928,0.008224630395177677,67216425.15243898,0.0,0.0
2025-09-11,14,0.008474927773325928,0.00897552252962243,0.00872522515147418,0.0,0.0,0.0
2025-09-11,15,0.00897552252962243,0.009476117285918932,0.009225819907770681,0.0,0.0,0.0
2025-09-11,16,0.009476117285918932,0.009976712042215433,0.009726414664067182,0.0,0.0,0.0
2025-09-11,17,0.009976712042215433,0.010477306798511936,0.010227009420363684,0.0,0.0,0.0
2025-09-11,18,0.010477306798511936,0.010977901554808439,0.010727604176660188,0.0,0.0,0.0
2025-09-11,19,0.010977901554808439,0.01147849631110494,0.01122819893295669,0.0,0.0,0.0
2025-09-11,20,0.01147849631110494,0.011979091067401441,0.01172879368925319,0.0,0.0,0.0
2025-09-11,21,0.011979091067401441,0.012479685823697944,0.012229388445549692,0.0,0.0,0.0
2025-09-11,22,0.012479685823697944,0.012980280579994447,0.012729983201846196,0.0,0.0,0.0
2025-09-11,23,0.012980280579994447,0.013480875336290948,0.013230577958142697,0.0,0.0,0.0
2025-09-11,24,0.013480875336290948,0.01398147009258745,0.013731172714439199,0.0,0.0,0.0
2025-09-11,25,0.01398147009258745,0.014482064848883952,0.0142317674707357,0.0,0.0,0.0
2025-09-11,26,0.014482064848883952,0.014982659605180455,0.014732362227032204,0.0,0.0,0.0
2025-09-11,27,0.014982659605180455,0.015483254361476956,0.015232956983328706,0.0,0.0,0.0
2025-09-11,28,0.015483254361476956,0.01598384911777346,0.015733551739625207,0.0,0.0,0.0
2025-09-11,29,0.01598384911777346,0.01648444387406996,0.01623414649592171,0.0,0.0,0.0
2025-09-11,30,0.01648444387406996,0.016985038630366465,0.016734741252218212,0.0,0.0,0.0
2025-09-11,31,0.016985038630366465,0.017485633386662966,0.017235336008514714,0.0,0.0,0.0
2025-09-11,32,0.017485633386662966,0.017986228142959467,0.01773593076481122,0.0,0.0,0.0
2025-09-11,33,0.017986228142959467,0.01848682289925597,0.018236525521107716,0.0,0.0,0.0
2025-09-11,34,0.01848682289925597,0.018987417655552473,0.01873712027740422,0.0,0.0,0.0
2025-09-11,35,0.018987417655552473,0.019488012411848974,0.019237715033700725,0.0,0.0,0.0
2025-09-11,36,0.019488012411848974,0.019988607168145475,0.019738309789997223,0.0,0.0,0.0
2025-09-11,37,0.019988607168145475,0.02048920192444198,0.020238904546293728,0.0,0.0,0.0
2025-09-11,38,0.02048920192444198,0.02098979668073848,0.020739499302590232,0.0,0.0,0.0
2025-09-11,39,0.02098979668073848,0.021490391437034982,0.02124009405888673,0.0,0.0,0.0
2025-09-11,40,0.021490391437034982,0.021990986193331483,0.021740688815183234,0.0,0.0,0.0
2025-09-11,41,0.021990986193331483,0.022491580949627984,0.022241283571479732,0.0,0.0,0.0
2025-09-11,42,0.022491580949627984,0.02299217570592449,0.022741878327776237,0.0,0.0,0.0
2025-09-11,43,0.02299217570592449,0.02349277046222099,0.02324247308407274,0.0,0.0,0.0
2025-09-11,44,0.02349277046222099,0.02399336521851749,0.02374306784036924,0.0,0.0,0.0
2025-09-11,45,0.02399336521851749,0.024493959974813996,0.024243662596665744,0.0,0.0,0.0
2025-09-11,46,0.024493959974813996,0.024994554731110497,0.02474425735296225,0.0,0.0,0.0
2025-09-11,47,0.024994554731110497,0.025495149487407,0.025244852109258746,0.0,0.0,0.0
2025-09-11,48,0.025495149487407,0.0259957442437035,0.02574544686555525,0.0,0.0,0.0
2025-09-11,49,0.0259957442437035,0.026496339,0.02624604162185175,0.0,0.0,0.0
2025-09-12,0,0.0014666011851749,0.0019671959414714023,0.0017168985633231513,0.0,0.0,0.0
2025-09-12,1,0.0019671959414714023,0.0024677906977679043,0.0022174933196196533,0.0,0.0,0.0
2025-09-12,2,0.0024677906977679043,0.0029683854540644063,0.0027180880759161553,0.0,0.0,0.0
2025-09-12,3,0.0029683854540644063,0.0034689802103609084,0.0032186828322126573,0.0,0.0,0.0
2025-09-12,4,0.0034689802103609084,0.00396957496665741,0.0037192775885091594,0.0,0.0,0.0
2025-09-12,5,0.00396957496665741,0.004470169722953912,0.004219872344805661,0.0,0.0,0.0
2025-09-12,6,0.004470169722953912,0.0049707644792504144,0.004720467101102164,0.0,0.0,0.0
2025-09-12,7,0.0049707644792504144,0.0054713592355469165,0.005221061857398665,0.0,0.0,0.0
2025-09-12,8,0.0054713592355469165,0.0059719539918434185,0.005721656613695168,0.0,0.0,0.0
2025-09-12,9,0.0059719539918434185,0.0064725487481399205,0.006222251369991669,0.0,0.0,0.0
2025-09-12,10,0.0064725487481399205,0.0069731435044364225,0.006722846126288172,1231849314.0587854,0.0,329871273.20600003
2025-09-12,11,0.0069731435044364225,0.007473738260732925,0.007223440882584673,0.0,0.0,0.0
2025-09-12,12,0.007473738260732925,0.007974333017029427,0.007724035638881176,0.0,0.0,0.0
2025-09-12,13,0.007974333017029427,0.008474927773325928,0.008224630395177677,192768089.54819226,0.0,58374290.28830001
2025-09-12,14,0.008474927773325928,0.00897552252962243,0.00872522515147418,0.0,0.0,0.0
2025-09-12,15,0.00897552252962243,0.009476117285918932,0.009225819907770681,0.0,0.0,0.0
2025-09-12,16,0.009476117285918932,0.009976712042215433,0.009726414664067182,0.0,0.0,0.0
2025-09-12,17,0.009976712042215433,0.010477306798511936,0.010227009420363684,0.0,0.0,0.0
2025-09-12,18,0.010477306798511936,0.010977901554808439,0.010727604176660188,0.0,0.0,0.0
2025-09-12,19,0.010977901554808439,0.01147849631110494,0.01122819893295669,0.0,0.0,0.0
2025-09-12,20,0.01147849631110494,0.011979091067401441,0.01172879368925319,0.0,0.0,0.0
2025-09-12,21,0.011979091067401441,0.012479685823697944,0.012229388445549692,0.0,0.0,0.0
2025-09-12,22,0.012479685823697944,0.012980280579994447,0.012729983201846196,0.0,0.0,0.0
2025-09-12,23,0.012980280579994447,0.013480875336290948,0.013230577958142697,0.0,0.0,0.0
2025-09-12,24,0.013480875336290948,0.01398147009258745,0.013731172714439199,0.0,0.0,0.0
2025-09-12,25,0.01398147009258745,0.014482064848883952,0.0142317674707357,0.0,0.0,0.0
2025-09-12,26,0.014482064848883952,0.014982659605180455,0.014732362227032204,0.0,0.0,0.0
2025-09-12,27,0.014982659605180455,0.015483254361476956,0.015232956983328706,0.0,0.0,0.0
2025-09-12,28,0.015483254361476956,0.01598384911777346,0.015733551739625207,0.0,0.0,0.0
2025-09-12,29,0.01598384911777346,0.01648444387406996,0.01623414649592171,0.0,0.0,0.0
2025-09-12,30,0.01648444387406996,0.016985038630366465,0.016734741252218212,0.0,0.0,0.0
2025-09-12,31,0.016985038630366465,0.017485633386662966,0.017235336008514714,0.0,0.0,0.0
2025-09-12,32,0.017485633386662966,0.017986228142959467,0.01773593076481122,0.0,0.0,0.0
2025-09-12,33,0.017986228142959467,0.01848682289925597,0.018236525521107716,0.0,0.0,0.0
2025-09-12,34,0.01848682289925597,0.018987417655552473,0.01873712027740422,0.0,0.0,0.0
2025-09-12,35,0.018987417655552473,0.019488012411848974,0.019237715033700725,0.0,0.0,0.0
2025-09-12,36,0.019488012411848974,0.019988607168145475,0.019738309789997223,0.0,0.0,0.0
2025-09-12,37,0.019988607168145475,0.02048920192444198,0.020238904546293728,0.0,0.0,0.0
2025-09-12,38,0.02048920192444198,0.02098979668073848,0.020739499302590232,0.0,0.0,0.0
2025-09-12,39,0.02098979668073848,0.021490391437034982,0.02124009405888673,0.0,0.0,0.0
2025-09-12,40,0.021490391437034982,0.021990986193331483,0.021740688815183234,0.0,0.0,0.0
2025-09-12,41,0.021990986193331483,0.022491580949627984,0.022241283571479732,0.0,0.0,0.0
2025-09-12,42,0.022491580949627984,0.02299217570592449,0.022741878327776237,0.0,0.0,0.0
2025-09-12,43,0.02299217570592449,0.02349277046222099,0.02324247308407274,0.0,0.0,0.0
2025-09-12,44,0.02349277046222099,0.02399336521851749,0.02374306784036924,0.0,0.0,0.0
2025-09-12,45,0.02399336521851749,0.024493959974813996,0.024243662596665744,0.0,0.0,0.0
2025-09-12,46,0.024493959974813996,0.024994554731110497,0.02474425735296225,0.0,0.0,0.0
2025-09-12,47,0.024994554731110497,0.025495149487407,0.025244852109258746,0.0,0.0,0.0
2025-09-12,48,0.025495149487407,0.0259957442437035,0.02574544686555525,0.0,0.0,0.0
2025-09-12,49,0.0259957442437035,0.026496339,0.02624604162185175,0.0,0.0,0.0
2025-09-13,0,0.0014666011851749,0.0019671959414714023,0.0017168985633231513,0.0,0.0,0.0
2025-09-13,1,0.0019671959414714023,0.0024677906977679043,0.0022174933196196533,0.0,0.0,0.0
2025-09-13,2,0.0024677906977679043,0.0029683854540644063,0.0027180880759161553,0.0,0.0,0.0
2025-09-13,3,0.0029683854540644063,0.0034689802103609084,0.0032186828322126573,0.0,0.0,0.0
2025-09-13,4,0.0034689802103609084,0.00396957496665741,0.0037192775885091594,0.0,0.0,0.0
2025-09-13,5,0.00396957496665741,0.004470169722953912,0.004219872344805661,0.0,0.0,0.0
2025-09-13,6,0.004470169722953912,0.0049707644792504144,0.004720467101102164,0.0,0.0,0.0
2025-09-13,7,0.0049707644792504144,0.0054713592355469165,0.005221061857398665,0.0,0.0,0.0
2025-09-13,8,0.0054713592355469165,0.0059719539918434185,0.005721656613695168,0.0,0.0,0.0
2025-09-13,9,0.0059719539918434185,0.0064725487481399205,0.006222251369991669,0.0,0.0,0.0
2025-09-13,10,0.0064725487481399205,0.0069731435044364225,0.006722846126288172,1285191153.5911233,0.0,333928944.69570005
2025-09-13,11,0.0069731435044364225,0.007473738260732925,0.007223440882584673,0.0,0.0,0.0
2025-09-13,12,0.007473738260732925,0.007974333017029427,0.007724035638881176,0.0,0.0,0.0
2025-09-13,13,0.007974333017029427,0.008474927773325928,0.008224630395177677,160939482.3056904,0.0,58374290.28830001
2025-09-13,14,0.008474927773325928,0.00897552252962243,0.00872522515147418,0.0,0.0,0.0
2025-09-13,15,0.00897552252962243,0.009476117285918932,0.009225819907770681,0.0,0.0,0.0
2025-09-13,16,0.009476117285918932,0.009976712042215433,0.009726414664067182,0.0,0.0,0.0
2025-09-13,17,0.009976712042215433,0.010477306798511936,0.010227009420363684,0.0,0.0,0.0
2025-09-13,18,0.010477306798511936,0.010977901554808439,0.010727604176660188,0.0,0.0,0.0
2025-09-13,19,0.010977901554808439,0.01147849631110494,0.01122819893295669,0.0,0.0,0.0
2025-09-13,20,0.01147849631110494,0.011979091067401441,0.01172879368925319,0.0,0.0,0.0
2025-09-13,21,0.011979091067401441,0.012479685823697944,0.012229388445549692,0.0,0.0,0.0
2025-09-13,22,0.012479685823697944,0.012980280579994447,0.012729983201846196,0.0,0.0,0.0
2025-09-13,23,0.012980280579994447,0.013480875336290948,0.013230577958142697,0.0,0.0,0.0
2025-09-13,24,0.013480875336290948,0.01398147009258745,0.013731172714439199,0.0,0.0,0.0
2025-09-13,25,0.01398147009258745,0.014482064848883952,0.0142317674707357,0.0,0.0,0.0
2025-09-13,26,0.014482064848883952,0.014982659605180455,0.014732362227032204,0.0,0.0,0.0
2025-09-13,27,0.014982659605180455,0.015483254361476956,0.015232956983328706,0.0,0.0,0.0
2025-09-13,28,0.015483254361476956,0.01598384911777346,0.015733551739625207,0.0,0.0,0.0
2025-09-13,29,0.01598384911777346,0.01648444387406996,0.01623414649592171,0.0,0.0,0.0
2025-09-13,30,0.01648444387406996,0.016985038630366465,0.016734741252218212,0.0,0.0,0.0
2025-09-13,31,0.016985038630366465,0.017485633386662966,0.017235336008514714,0.0,0.0,0.0
2025-09-13,32,0.017485633386662966,0.017986228142959467,0.01773593076481122,0.0,0.0,0.0
2025-09-13,33,0.017986228142959467,0.01848682289925597,0.018236525521107716,0.0,0.0,0.0
2025-09-13,34,0.01848682289925597,0.018987417655552473,0.01873712027740422,0.0,0.0,0.0
2025-09-13,35,0.018987417655552473,0.019488012411848974,0.019237715033700725,0.0,0.0,0.0
2025-09-13,36,0.019488012411848974,0.019988607168145475,0.019738309789997223,0.0,0.0,0.0
2025-09-13,37,0.019988607168145475,0.02048920192444198,0.020238904546293728,0.0,0.0,0.0
2025-09-13,38,0.02048920192444198,0.02098979668073848,0.020739499302590232,0.0,0.0,0.0
2025-09-13,39,0.02098979668073848,0.021490391437034982,0.02124009405888673,0.0,0.0,0.0
2025-09-13,40,0.021490391437034982,0.021990986193331483,0.021740688815183234,0.0,0.0,0.0
2025-09-13,41,0.021990986193331483,0.022491580949627984,0.022241283571479732,0.0,0.0,0.0
2025-09-13,42,0.022491580949627984,0.02299217570592449,0.022741878327776237,0.0,0.0,0.0
2025-09-13,43,0.02299217570592449,0.02349277046222099,0.02324247308407274,0.0,0.0,0.0
2025-09-13,44,0.02349277046222099,0.02399336521851749,0.02374306784036924,0.0,0.0,0.0
2025-09-13,45,0.02399336521851749,0.024493959974813996,0.024243662596665744,0.0,0.0,0.0
2025-09-13,46,0.024493959974813996,0.024994554731110497,0.02474425735296225,0.0,0.0,0.0
2025-09-13,47,0.024994554731110497,0.025495149487407,0.025244852109258746,0.0,0.0,0.0
2025-09-13,48,0.025495149487407,0.0259957442437035,0.02574544686555525,0.0,0.0,0.0
2025-09-13,49,0.0259957442437035,0.026496339,0.02624604162185175,0.0,0.0,0.0
2025-09-14,0,0.0014666011851749,0.0019671959414714023,0.0017168985633231513,0.0,0.0,0.0
2025-09-14,1,0.0019671959414714023,0.0024677906977679043,0.0022174933196196533,0.0,0.0,0.0
2025-09-14,2,0.0024677906977679043,0.0029683854540644063,0.0027180880759161553,0.0,0.0,0.0
2025-09-14,3,0.0029683854540644063,0.0034689802103609084,0.0032186828322126573,0.0,0.0,0.0
2025-09-14,4,0.0034689802103609084,0.00396957496665741,0.0037192775885091594,0.0,0.0,0.0
2025-09-14,5,0.00396957496665741,0.004470169722953912,0.004219872344805661,0.0,0.0,0.0
2025-09-14,6,0.004470169722953912,0.0049707644792504144,0.004720467101102164,0.0,0.0,0.0
2025-09-14,7,0.0049707644792504144,0.0054713592355469165,0.005221061857398665,0.0,0.0,0.0
2025-09-14,8,0.0054713592355469165,0.0059719539918434185,0.005721656613695168,41031376.94884847,0.0,22121208.77417
2025-09-14,9,0.0059719539918434185,0.0064725487481399205,0.006222251369991669,0.0,0.0,0.0
2025-09-14,10,0.0064725487481399205,0.0069731435044364225,0.006722846126288172,1267210869.2881224,0.0,312696171.71900004
2025-09-14,11,0.0069731435044364225,0.007473738260732925,0.007223440882584673,0.0,0.0,0.0
2025-09-14,12,0.007473738260732925,0.007974333017029427,0.007724035638881176,0.0,0.0,0.0
2025-09-14,13,0.007974333017029427,0.008474927773325928,0.008224630395177677,146956298.5652887,0.0,58374290.28830001
2025-09-14,14,0.008474927773325928,0.00897552252962243,0.00872522515147418,0.0,0.0,0.0
2025-09-14,15,0.00897552252962243,0.009476117285918932,0.009225819907770681,0.0,0.0,0.0
2025-09-14,16,0.009476117285918932,0.009976712042215433,0.009726414664067182,0.0,0.0,0.0
2025-09-14,17,0.009976712042215433,0.010477306798511936,0.010227009420363684,0.0,0.0,0.0
2025-09-14,18,0.010477306798511936,0.010977901554808439,0.010727604176660188,0.0,0.0,0.0
2025-09-14,19,0.010977901554808439,0.01147849631110494,0.01122819893295669,0.0,0.0,0.0
2025-09-14,20,0.01147849631110494,0.011979091067401441,0.01172879368925319,0.0,0.0,0.0
2025-09-14,21,0.011979091067401441,0.012479685823697944,0.012229388445549692,0.0,0.0,0.0
2025-09-14,22,0.012479685823697944,0.012980280579994447,0.012729983201846196,0.0,0.0,0.0
2025-09-14,23,0.012980280579994447,0.013480875336290948,0.013230577958142697,0.0,0.0,0.0
2025-09-14,24,0.013480875336290948,0.01398147009258745,0.013731172714439199,0.0,0.0,0.0
2025-09-14,25,0.01398147009258745,0.014482064848883952,0.0142317674707357,0.0,0.0,0.0
2025-09-14,26,0.014482064848883952,0.014982659605180455,0.014732362227032204,0.0,0.0,0.0
2025-09-14,27,0.014982659605180455,0.015483254361476956,0.015232956983328706,0.0,0.0,0.0
2025-09-14,28,0.015483254361476956,0.01598384911777346,0.015733551739625207,0.0,0.0,0.0
2025-09-14,29,0.01598384911777346,0.01648444387406996,0.01623414649592171,0.0,0.0,0.0
2025-09-14,30,0.01648444387406996,0.016985038630366465,0.016734741252218212,0.0,0.0,0.0
2025-09-14,31,0.016985038630366465,0.017485633386662966,0.017235336008514714,0.0,0.0,0.0
2025-09-14,32,0.017485633386662966,0.017986228142959467,0.01773593076481122,0.0,0.0,0.0
2025-09-14,33,0.017986228142959467,0.01848682289925597,0.018236525521107716,0.0,0.0,0.0
2025-09-14,34,0.01848682289925597,0.018987417655552473,0.01873712027740422,0.0,0.0,0.0
2025-09-14,35,0.018987417655552473,0.019488012411848974,0.019237715033700725,0.0,0.0,0.0
2025-09-14,36,0.019488012411848974,0.019988607168145475,0.019738309789997223,0.0,0.0,0.0
2025-09-14,37,0.019988607168145475,0.02048920192444198,0.020238904546293728,0.0,0.0,0.0
2025-09-14,38,0.02048920192444198,0.02098979668073848,0.020739499302590232,0.0,0.0,0.0
2025-09-14,39,0.02098979668073848,0.021490391437034982,0.02124009405888673,0.0,0.0,0.0
2025-09-14,40,0.021490391437034982,0.021990986193331483,0.021740688815183234,0.0,0.0,0.0
2025-09-14,41,0.021990986193331483,0.022491580949627984,0.022241283571479732,0.0,0.0,0.0
2025-09-14,42,0.022491580949627984,0.02299217570592449,0.022741878327776237,0.0,0.0,0.0
2025-09-14,43,0.02299217570592449,0.02349277046222099,0.02324247308407274,0.0,0.0,0.0
2025-09-14,44,0.02349277046222099,0.02399336521851749,0.02374306784036924,0.0,0.0,0.0
2025-09-14,45,0.02399336521851749,0.024493959974813996,0.024243662596665744,0.0,0.0,0.0
2025-09-14,46,0.024493959974813996,0.024994554731110497,0.02474425735296225,0.0,0.0,0.0
2025-09-14,47,0.024994554731110497,0.025495149487407,0.025244852109258746,0.0,0.0,0.0
2025-09-14,48,0.025495149487407,0.0259957442437035,0.02574544686555525,0.0,0.0,0.0
2025-09-14,49,0.0259957442437035,0.026496339,0.02624604162185175,0.0,0.0,0.0
2025-09-15,0,0.0014666011851749,0.0019671959414714023,0.0017168985633231513,0.0,0.0,0.0
2025-09-15,1,0.0019671959414714023,0.0024677906977679043,0.0022174933196196533,0.0,0.0,0.0
2025-09-15,2,0.0024677906977679043,0.0029683854540644063,0.0027180880759161553,0.0,0.0,0.0
2025-09-15,3,0.0029683854540644063,0.0034689802103609084,0.0032186828322126573,0.0,0.0,0.0
2025-09-15,4,0.0034689802103609084,0.00396957496665741,0.0037192775885091594,0.0,0.0,0.0
2025-09-15,5,0.00396957496665741,0.004470169722953912,0.004219872344805661,0.0,0.0,0.0
2025-09-15,6,0.004470169722953912,0.0049707644792504144,0.004720467101102164,0.0,0.0,0.0
2025-09-15,7,0.0049707644792504144,0.0054713592355469165,0.005221061857398665,87795681.42787541,0.0,52057956.982839994
2025-09-15,8,0.0054713592355469165,0.0059719539918434185,0.005721656613695168,32533216.177603353,0.0,22121208.77417
2025-09-15,9,0.0059719539918434185,0.0064725487481399205,0.006222251369991669,0.0,0.0,0.0
2025-09-15,10,0.0064725487481399205,0.0069731435044364225,0.006722846126288172,1222248630.7008095,0.0,272117708.60856
2025-09-15,11,0.0069731435044364225,0.007473738260732925,0.007223440882584673,0.0,0.0,0.0
2025-09-15,12,0.007473738260732925,0.007974333017029427,0.007724035638881176,0.0,0.0,0.0
2025-09-15,13,0.007974333017029427,0.008474927773325928,0.008224630395177677,119715885.38421355,0.0,58374290.28830001
2025-09-15,14,0.008474927773325928,0.00897552252962243,0.00872522515147418,0.0,0.0,0.0
2025-09-15,15,0.00897552252962243,0.009476117285918932,0.009225819907770681,0.0,0.0,0.0
2025-09-15,16,0.009476117285918932,0.009976712042215433,0.009726414664067182,0.0,0.0,0.0
2025-09-15,17,0.009976712042215433,0.010477306798511936,0.010227009420363684,0.0,0.0,0.0
2025-09-15,18,0.010477306798511936,0.010977901554808439,0.010727604176660188,0.0,0.0,0.0
2025-09-15,19,0.010977901554808439,0.01147849631110494,0.01122819893295669,0.0,0.0,0.0
2025-09-15,20,0.01147849631110494,0.011979091067401441,0.01172879368925319,0.0,0.0,0.0
2025-09-15,21,0.011979091067401441,0.012479685823697944,0.012229388445549692,0.0,0.0,0.0
2025-09-15,22,0.012479685823697944,0.012980280579994447,0.012729983201846196,0.0,0.0,0.0
2025-09-15,23,0.012980280579994447,0.013480875336290948,0.013230577958142697,0.0,0.0,0.0
2025-09-15,24,0.013480875336290948,0.01398147009258745,0.013731172714439199,0.0,0.0,0.0
2025-09-15,25,0.01398147009258745,0.014482064848883952,0.0142317674707357,0.0,0.0,0.0
2025-09-15,26,0.014482064848883952,0.014982659605180455,0.014732362227032204,0.0,0.0,0.0
2025-09-15,27,0.014982659605180455,0.015483254361476956,0.015232956983328706,0.0,0.0,0.0
2025-09-15,28,0.015483254361476956,0.01598384911777346,0.015733551739625207,0.0,0.0,0.0
2025-09-15,29,0.01598384911777346,0.01648444387406996,0.01623414649592171,0.0,0.0,0.0
2025-09-15,30,0.01648444387406996,0.016985038630366465,0.016734741252218212,0.0,0.0,0.0
2025-09-15,31,0.016985038630366465,0.017485633386662966,0.017235336008514714,0.0,0.0,0.0
2025-09-15,32,0.017485633386662966,0.017986228142959467,0.01773593076481122,0.0,0.0,0.0
2025-09-15,33,0.017986228142959467,0.01848682289925597,0.018236525521107716,0.0,0.0,0.0
2025-09-15,34,0.01848682289925597,0.018987417655552473,0.01873712027740422,0.0,0.0,0.0
2025-09-15,35,0.018987417655552473,0.019488012411848974,0.019237715033700725,0.0,0.0,0.0
2025-09-15,36,0.019488012411848974,0.019988607168145475,0.019738309789997223,0.0,0.0,0.0
2025-09-15,37,0.019988607168145475,0.02048920192444198,0.020238904546293728,0.0,0.0,0.0
2025-09-15,38,0.02048920192444198,0.02098979668073848,0.020739499302590232,0.0,0.0,0.0
2025-09-15,39,0.02098979668073848,0.021490391437034982,0.02124009405888673,0.0,0.0,0.0
2025-09-15,40,0.021490391437034982,0.021990986193331483,0.021740688815183234,0.0,0.0,0.0
2025-09-15,41,0.021990986193331483,0.022491580949627984,0.022241283571479732,0.0,0.0,0.0
2025-09-15,42,0.022491580949627984,0.02299217570592449,0.022741878327776237,0.0,0.0,0.0
2025-09-15,43,0.02299217570592449,0.02349277046222099,0.02324247308407274,0.0,0.0,0.0
2025-09-15,44,0.02349277046222099,0.02399336521851749,0.02374306784036924,0.0,0.0,0.0
2025-09-15,45,0.02399336521851749,0.024493959974813996,0.024243662596665744,0.0,0.0,0.0
2025-09-15,46,0.024493959974813996,0.024994554731110497,0.02474425735296225,0.0,0.0,0.0
2025-09-15,47,0.024994554731110497,0.025495149487407,0.025244852109258746,0.0,0.0,0.0
2025-09-15,48,0.025495149487407,0.0259957442437035,0.02574544686555525,0.0,0.0,0.0
2025-09-15,49,0.0259957442437035,0.026496339,0.02624604162185175,0.0,0.0,0.0
2025-09-16,0,0.0014666011851749,0.0019671959414714023,0.0017168985633231513,0.0,0.0,0.0
2025-09-16,1,0.0019671959414714023,0.0024677906977679043,0.0022174933196196533,0.0,0.0,0.0
2025-09-16,2,0.0024677906977679043,0.0029683854540644063,0.0027180880759161553,0.0,0.0,0.0
2025-09-16,3,0.0029683854540644063,0.0034689802103609084,0.0032186828322126573,0.0,0.0,0.0
2025-09-16,4,0.0034689802103609084,0.00396957496665741,0.0037192775885091594,0.0,0.0,0.0
2025-09-16,5,0.00396957496665741,0.004470169722953912,0.004219872344805661,0.0,0.0,0.0
2025-09-16,6,0.004470169722953912,0.0049707644792504144,0.004720467101102164,60526949.87427691,0.0,25113364.4481
2025-09-16,7,0.0049707644792504144,0.0054713592355469165,0.005221061857398665,77854231.20118715,0.0,52057956.982839994
2025-09-16,8,0.0054713592355469165,0.0059719539918434185,0.005721656613695168,21585873.33876102,0.0,22121208.77417
2025-09-16,9,0.0059719539918434185,0.0064725487481399205,0.006222251369991669,0.0,0.0,0.0
2025-09-16,10,0.0064725487481399205,0.0069731435044364225,0.006722846126288172,1200029764.2627573,0.0,239446662.53156003
2025-09-16,11,0.0069731435044364225,0.007473738260732925,0.007223440882584673,0.0,0.0,0.0
2025-09-16,12,0.007473738260732925,0.007974333017029427,0.007724035638881176,0.0,0.0,0.0
2025-09-16,13,0.007974333017029427,0.008474927773325928,0.008224630395177677,115952246.33449046,0.0,58374290.28830001
2025-09-16,14,0.008474927773325928,0.00897552252962243,0.00872522515147418,0.0,0.0,0.0
2025-09-16,15,0.00897552252962243,0.009476117285918932,0.009225819907770681,0.0,0.0,0.0
2025-09-16,16,0.009476117285918932,0.009976712042215433,0.009726414664067182,0.0,0.0,0.0
2025-09-16,17,0.009976712042215433,0.010477306798511936,0.010227009420363684,0.0,0.0,0.0
2025-09-16,18,0.010477306798511936,0.010977901554808439,0.010727604176660188,0.0,0.0,0.0
2025-09-16,19,0.010977901554808439,0.01147849631110494,0.01122819893295669,0.0,0.0,0.0
2025-09-16,20,0.01147849631110494,0.011979091067401441,0.01172879368925319,0.0,0.0,0.0
2025-09-16,21,0.011979091067401441,0.012479685823697944,0.012229388445549692,0.0,0.0,0.0
2025-09-16,22,0.012479685823697944,0.012980280579994447,0.012729983201846196,0.0,0.0,0.0
2025-09-16,23,0.012980280579994447,0.013480875336290948,0.013230577958142697,0.0,0.0,0.0
2025-09-16,24,0.013480875336290948,0.01398147009258745,0.013731172714439199,0.0,0.0,0.0
2025-09-16,25,0.01398147009258745,0.014482064848883952,0.0142317674707357,0.0,0.0,0.0
2025-09-16,26,0.014482064848883952,0.014982659605180455,0.014732362227032204,0.0,0.0,0.0
2025-09-16,27,0.014982659605180455,0.015483254361476956,0.015232956983328706,0.0,0.0,0.0
2025-09-16,28,0.015483254361476956,0.01598384911777346,0.015733551739625207,0.0,0.0,0.0
2025-09-16,29,0.01598384911777346,0.01648444387406996,0.01623414649592171,0.0,0.0,0.0
2025-09-16,30,0.01648444387406996,0.016985038630366465,0.016734741252218212,0.0,0.0,0.0
2025-09-16,31,0.016985038630366465,0.017485633386662966,0.017235336008514714,0.0,0.0,0.0
2025-09-16,32,0.017485633386662966,0.017986228142959467,0.01773593076481122,0.0,0.0,0.0
2025-09-16,33,0.017986228142959467,0.01848682289925597,0.018236525521107716,0.0,0.0,0.0
2025-09-16,34,0.01848682289925597,0.018987417655552473,0.01873712027740422,0.0,0.0,0.0
2025-09-16,35,0.018987417655552473,0.019488012411848974,0.019237715033700725,0.0,0.0,0.0
2025-09-16,36,0.019488012411848974,0.019988607168145475,0.019738309789997223,0.0,0.0,0.0
2025-09-16,37,0.019988607168145475,0.02048920192444198,0.020238904546293728,0.0,0.0,0.0
2025-09-16,38,0.02048920192444198,0.02098979668073848,0.020739499302590232,0.0,0.0,0.0
2025-09-16,39,0.02098979668073848,0.021490391437034982,0.02124009405888673,0.0,0.0,0.0
2025-09-16,40,0.021490391437034982,0.021990986193331483,0.021740688815183234,0.0,0.0,0.0
2025-09-16,41,0.021990986193331483,0.022491580949627984,0.022241283571479732,0.0,0.0,0.0
2025-09-16,42,0.022491580949627984,0.02299217570592449,0.022741878327776237,0.0,0.0,0.0
2025-09-16,43,0.02299217570592449,0.02349277046222099,0.02324247308407274,0.0,0.0,0.0
2025-09-16,44,0.02349277046222099,0.02399336521851749,0.02374306784036924,0.0,0.0,0.0
2025-09-16,45,0.02399336521851749,0.024493959974813996,0.024243662596665744,0.0,0.0,0.0
2025-09-16,46,0.024493959974813996,0.024994554731110497,0.02474425735296225,0.0,0.0,0.0
2025-09-16,47,0.024994554731110497,0.025495149487407,0.025244852109258746,0.0,0.0,0.0
2025-09-16,48,0.025495149487407,0.0259957442437035,0.02574544686555525,0.0,0.0,0.0
2025-09-16,49,0.0259957442437035,0.026496339,0.02624604162185175,0.0,0.0,0.0
2025-09-17,0,0.0014666011851749,0.0019671959414714023,0.0017168985633231513,0.0,0.0,0.0
2025-09-17,1,0.0019671959414714023,0.0024677906977679043,0.0022174933196196533,0.0,0.0,0.0
2025-09-17,2,0.0024677906977679043,0.0029683854540644063,0.0027180880759161553,0.0,0.0,0.0
2025-09-17,3,0.0029683854540644063,0.0034689802103609084,0.0032186828322126573,0.0,0.0,0.0
2025-09-17,4,0.0034689802103609084,0.00396957496665741,0.0037192775885091594,0.0,0.0,0.0
2025-09-17,5,0.00396957496665741,0.004470169722953912,0.004219872344805661,24465900.580824066,0.0,14829563.043
2025-09-17,6,0.004470169722953912,0.0049707644792504144,0.004720467101102164,58737654.11850412,0.0,25113364.4481
2025-09-17,7,0.0049707644792504144,0.0054713592355469165,0.005221061857398665,68658660.02764122,0.0,52057956.982839994
2025-09-17,8,0.0054713592355469165,0.0059719539918434185,0.005721656613695168,18684567.030121546,0.0,22121208.77417
2025-09-17,9,0.0059719539918434185,0.0064725487481399205,0.006222251369991669,0.0,0.0,0.0
2025-09-17,10,0.0064725487481399205,0.0069731435044364225,0.006722846126288172,1193089873.3148263,0.0,229345951.23883
2025-09-17,11,0.0069731435044364225,0.007473738260732925,0.007223440882584673,0.0,0.0,0.0
2025-09-17,12,0.007473738260732925,0.007974333017029427,0.007724035638881176,0.0,0.0,0.0
2025-09-17,13,0.007974333017029427,0.008474927773325928,0.008224630395177677,112631347.7394829,0.0,58374290.28830001
2025-09-17,14,0.008474927773325928,0.00897552252962243,0.00872522515147418,0.0,0.0,0.0
2025-09-17,15,0.00897552252962243,0.009476117285918932,0.009225819907770681,0.0,0.0,0.0
2025-09-17,16,0.009476117285918932,0.009976712042215433,0.009726414664067182,0.0,0.0,0.0
2025-09-17,17,0.009976712042215433,0.010477306798511936,0.010227009420363684,0.0,0.0,0.0
2025-09-17,18,0.010477306798511936,0.010977901554808439,0.010727604176660188,0.0,0.0,0.0
2025-09-17,19,0.010977901554808439,0.01147849631110494,0.01122819893295669,0.0,0.0,0.0
2025-09-17,20,0.01147849631110494,0.011979091067401441,0.01172879368925319,0.0,0.0,0.0
2025-09-17,21,0.011979091067401441,0.012479685823697944,0.012229388445549692,0.0,0.0,0.0
2025-09-17,22,0.012479685823697944,0.012980280579994447,0.012729983201846196,0.0,0.0,0.0
2025-09-17,23,0.012980280579994447,0.013480875336290948,0.013230577958142697,0.0,0.0,0.0
2025-09-17,24,0.013480875336290948,0.01398147009258745,0.013731172714439199,0.0,0.0,0.0
2025-09-17,25,0.01398147009258745,0.014482064848883952,0.0142317674707357,0.0,0.0,0.0
2025-09-17,26,0.014482064848883952,0.014982659605180455,0.014732362227032204,0.0,0.0,0.0
2025-09-17,27,0.014982659605180455,0.015483254361476956,0.015232956983328706,0.0,0.0,0.0
2025-09-17,28,0.015483254361476956,0.01598384911777346,0.015733551739625207,0.0,0.0,0.0
2025-09-17,29,0.01598384911777346,0.01648444387406996,0.01623414649592171,0.0,0.0,0.0
2025-09-17,30,0.01648444387406996,0.016985038630366465,0.016734741252218212,0.0,0.0,0.0
2025-09-17,31,0.016985038630366465,0.017485633386662966,0.017235336008514714,0.0,0.0,0.0
2025-09-17,32,0.017485633386662966,0.017986228142959467,0.01773593076481122,0.0,0.0,0.0
2025-09-17,33,0.017986228142959467,0.01848682289925597,0.018236525521107716,0.0,0.0,0.0
2025-09-17,34,0.01848682289925597,0.018987417655552473,0.01873712027740422,0.0,0.0,0.0
2025-09-17,35,0.018987417655552473,0.019488012411848974,0.019237715033700725,0.0,0.0,0.0
2025-09-17,36,0.019488012411848974,0.019988607168145475,0.019738309789997223,0.0,0.0,0.0
2025-09-17,37,0.019988607168145475,0.02048920192444198,0.020238904546293728,0.0,0.0,0.0
2025-09-17,38,0.02048920192444198,0.02098979668073848,0.020739499302590232,0.0,0.0,0.0
2025-09-17,39,0.02098979668073848,0.021490391437034982,0.02124009405888673,0.0,0.0,0.0
2025-09-17,40,0.021490391437034982,0.021990986193331483,0.021740688815183234,0.0,0.0,0.0
2025-09-17,41,0.021990986193331483,0.022491580949627984,0.022241283571479732,0.0,0.0,0.0
2025-09-17,42,0.022491580949627984,0.02299217570592449,0.022741878327776237,0.0,0.0,0.0
2025-09-17,43,0.02299217570592449,0.02349277046222099,0.02324247308407274,0.0,0.0,0.0
2025-09-17,44,0.02349277046222099,0.02399336521851749,0.02374306784036924,0.0,0.0,0.0
2025-09-17,45,0.02399336521851749,0.024493959974813996,0.024243662596665744,0.0,0.0,0.0
2025-09-17,46,0.024493959974813996,0.024994554731110497,0.02474425735296225,0.0,0.0,0.0
2025-09-17,47,0.024994554731110497,0.025495149487407,0.025244852109258746,0.0,0.0,0.0
2025-09-17,48,0.025495149487407,0.0259957442437035,0.02574544686555525,0.0,0.0,0.0
2025-09-17,49,0.0259957442437035,0.026496339,0.02624604162185175,0.0,0.0,0.0
2025-09-18,0,0.0014666011851749,0.0019671959414714023,0.0017168985633231513,0.0,0.0,0.0
2025-09-18,1,0.0019671959414714023,0.0024677906977679043,0.0022174933196196533,0.0,0.0,0.0
2025-09-18,2,0.0024677906977679043,0.0029683854540644063,0.0027180880759161553,0.0,0.0,0.0
2025-09-18,3,0.0029683854540644063,0.0034689802103609084,0.0032186828322126573,0.0,0.0,0.0
2025-09-18,4,0.0034689802103609084,0.00396957496665741,0.0037192775885091594,0.0,0.0,0.0
2025-09-18,5,0.00396957496665741,0.004470169722953912,0.004219872344805661,42512347.582114406,0.0,26030141.125109
2025-09-18,6,0.004470169722953912,0.0049707644792504144,0.004720467101102164,57265836.02293111,0.0,25113364.4481
2025-09-18,7,0.0049707644792504144,0.0054713592355469165,0.005221061857398665,61343364.907833196,0.0,52057956.982839994
2025-09-18,8,0.0054713592355469165,0.0059719539918434185,0.005721656613695168,17779140.733655453,0.0,22121208.77417
2025-09-18,9,0.0059719539918434185,0.0064725487481399205,0.006222251369991669,0.0,0.0,0.0
2025-09-18,10,0.0064725487481399205,0.0069731435044364225,0.006722846126288172,1186532960.0281744,0.0,219379653.674264
2025-09-18,11,0.0069731435044364225,0.007473738260732925,0.007223440882584673,0.0,0.0,0.0
2025-09-18,12,0.007473738260732925,0.007974333017029427,0.007724035638881176,0.0,0.0,0.0
2025-09-18,13,0.007974333017029427,0.008474927773325928,0.008224630395177677,110699052.98901366,0.0,58374290.28830001
2025-09-18,14,0.008474927773325928,0.00897552252962243,0.00872522515147418,0.0,0.0,0.0
2025-09-18,15,0.00897552252962243,0.009476117285918932,0.009225819907770681,0.0,0.0,0.0
2025-09-18,16,0.009476117285918932,0.009976712042215433,0.009726414664067182,0.0,0.0,0.0
2025-09-18,17,0.009976712042215433,0.010477306798511936,0.010227009420363684,0.0,0.0,0.0
2025-09-18,18,0.010477306798511936,0.010977901554808439,0.010727604176660188,0.0,0.0,0.0
2025-09-18,19,0.010977901554808439,0.01147849631110494,0.01122819893295669,0.0,0.0,0.0
2025-09-18,20,0.01147849631110494,0.011979091067401441,0.01172879368925319,0.0,0.0,0.0
2025-09-18,21,0.011979091067401441,0.012479685823697944,0.012229388445549692,0.0,0.0,0.0
2025-09-18,22,0.012479685823697944,0.012980280579994447,0.012729983201846196,0.0,0.0,0.0
2025-09-18,23,0.012980280579994447,0.013480875336290948,0.013230577958142697,0.0,0.0,0.0
2025-09-18,24,0.013480875336290948,0.01398147009258745,0.013731172714439199,0.0,0.0,0.0
2025-09-18,25,0.01398147009258745,0.014482064848883952,0.0142317674707357,0.0,0.0,0.0
2025-09-18,26,0.014482064848883952,0.014982659605180455,0.014732362227032204,0.0,0.0,0.0
2025-09-18,27,0.014982659605180455,0.015483254361476956,0.015232956983328706,0.0,0.0,0.0
2025-09-18,28,0.015483254361476956,0.01598384911777346,0.015733551739625207,0.0,0.0,0.0
2025-09-18,29,0.01598384911777346,0.01648444387406996,0.01623414649592171,0.0,0.0,0.0
2025-09-18,30,0.01648444387406996,0.016985038630366465,0.016734741252218212,0.0,0.0,0.0
2025-09-18,31,0.016985038630366465,0.017485633386662966,0.017235336008514714,0.0,0.0,0.0
2025-09-18,32,0.017485633386662966,0.017986228142959467,0.01773593076481122,0.0,0.0,0.0
2025-09-18,33,0.017986228142959467,0.01848682289925597,0.018236525521107716,0.0,0.0,0.0
2025-09-18,34,0.01848682289925597,0.018987417655552473,0.01873712027740422,0.0,0.0,0.0
2025-09-18,35,0.018987417655552473,0.019488012411848974,0.019237715033700725,0.0,0.0,0.0
2025-09-18,36,0.019488012411848974,0.019988607168145475,0.019738309789997223,0.0,0.0,0.0
2025-09-18,37,0.019988607168145475,0.02048920192444198,0.020238904546293728,0.0,0.0,0.0
2025-09-18,38,0.02048920192444198,0.02098979668073848,0.020739499302590232,0.0,0.0,0.0
2025-09-18,39,0.02098979668073848,0.021490391437034982,0.02124009405888673,0.0,0.0,0.0
2025-09-18,40,0.021490391437034982,0.021990986193331483,0.021740688815183234,0.0,0.0,0.0
2025-09-18,41,0.021990986193331483,0.022491580949627984,0.022241283571479732,0.0,0.0,0.0
2025-09-18,42,0.022491580949627984,0.02299217570592449,0.022741878327776237,0.0,0.0,0.0
2025-09-18,43,0.02299217570592449,0.02349277046222099,0.02324247308407274,0.0,0.0,0.0
2025-09-18,44,0.02349277046222099,0.02399336521851749,0.02374306784036924,0.0,0.0,0.0
2025-09-18,45,0.02399336521851749,0.024493959974813996,0.024243662596665744,0.0,0.0,0.0
2025-09-18,46,0.024493959974813996,0.024994554731110497,0.02474425735296225,0.0,0.0,0.0
2025-09-18,47,0.024994554731110497,0.025495149487407,0.025244852109258746,0.0,0.0,0.0
2025-09-18,48,0.025495149487407,0.0259957442437035,0.02574544686555525,0.0,0.0,0.0
2025-09-18,49,0.0259957442437035,0.026496339,0.02624604162185175,0.0,0.0,0.0
2025-09-19,0,0.0014666011851749,0.0019671959414714023,0.0017168985633231513,0.0,0.0,0.0
2025-09-19,1,0.0019671959414714023,0.0024677906977679043,0.0022174933196196533,0.0,0.0,0.0
2025-09-19,2,0.0024677906977679043,0.0029683854540644063,0.0027180880759161553,0.0,0.0,0.0
2025-09-19,3,0.0029683854540644063,0.0034689802103609084,0.0032186828322126573,0.0,0.0,0.0
2025-09-19,4,0.0034689802103609084,0.00396957496665741,0.0037192775885091594,16124347.473784793,0.0,6006103.32895
2025-09-19,5,0.00396957496665741,0.004470169722953912,0.004219872344805661,39656877.62009841,0.0,26030141.125109
2025-09-19,6,0.004470169722953912,0.0049707644792504144,0.004720467101102164,56721419.2201138,0.0,25113364.4481
2025-09-19,7,0.0049707644792504144,0.0054713592355469165,0.005221061857398665,58088679.424669005,0.0,52057956.982839994
2025-09-19,8,0.0054713592355469165,0.0059719539918434185,0.005721656613695168,17403636.735626746,0.0,22121208.77417
2025-09-19,9,0.0059719539918434185,0.0064725487481399205,0.006222251369991669,0.0,0.0,0.0
2025-09-19,10,0.0064725487481399205,0.0069731435044364225,0.006722846126288172,1184744856.4294145,0.0,207753734.878064
2025-09-19,11,0.0069731435044364225,0.007473738260732925,0.007223440882584673,0.0,0.0,0.0
2025-09-19,12,0.007473738260732925,0.007974333017029427,0.007724035638881176,0.0,0.0,0.0
2025-09-19,13,0.007974333017029427,0.008474927773325928,0.008224630395177677,109679761.78447145,0.0,58374290.28830001
2025-09-19,14,0.008474927773325928,0.00897552252962243,0.00872522515147418,0.0,0.0,0.0
2025-09-19,15,0.00897552252962243,0.009476117285918932,0.009225819907770681,0.0,0.0,0.0
2025-09-19,16,0.009476117285918932,0.009976712042215433,0.009726414664067182,0.0,0.0,0.0
2025-09-19,17,0.009976712042215433,0.010477306798511936,0.010227009420363684,0.0,0.0,0.0
2025-09-19,18,0.010477306798511936,0.010977901554808439,0.010727604176660188,0.0,0.0,0.0
2025-09-19,19,0.010977901554808439,0.01147849631110494,0.01122819893295669,0.0,0.0,0.0
2025-09-19,20,0.01147849631110494,0.011979091067401441,0.01172879368925319,0.0,0.0,0.0
2025-09-19,21,0.011979091067401441,0.012479685823697944,0.012229388445549692,0.0,0.0,0.0
2025-09-19,22,0.012479685823697944,0.012980280579994447,0.012729983201846196,0.0,0.0,0.0
2025-09-19,23,0.012980280579994447,0.013480875336290948,0.013230577958142697,0.0,0.0,0.0
2025-09-19,24,0.013480875336290948,0.01398147009258745,0.013731172714439199,0.0,0.0,0.0
2025-09-19,25,0.01398147009258745,0.014482064848883952,0.0142317674707357,0.0,0.0,0.0
2025-09-19,26,0.014482064848883952,0.014982659605180455,0.014732362227032204,0.0,0.0,0.0
2025-09-19,27,0.014982659605180455,0.015483254361476956,0.015232956983328706,0.0,0.0,0.0
2025-09-19,28,0.015483254361476956,0.01598384911777346,0.015733551739625207,0.0,0.0,0.0
2025-09-19,29,0.01598384911777346,0.01648444387406996,0.01623414649592171,0.0,0.0,0.0
2025-09-19,30,0.01648444387406996,0.016985038630366465,0.016734741252218212,0.0,0.0,0.0
2025-09-19,31,0.016985038630366465,0.017485633386662966,0.017235336008514714,0.0,0.0,0.0
2025-09-19,32,0.017485633386662966,0.017986228142959467,0.01773593076481122,0.0,0.0,0.0
2025-09-19,33,0.017986228142959467,0.01848682289925597,0.018236525521107716,0.0,0.0,0.0
2025-09-19,34,0.01848682289925597,0.018987417655552473,0.01873712027740422,0.0,0.0,0.0
2025-09-19,35,0.018987417655552473,0.019488012411848974,0.019237715033700725,0.0,0.0,0.0
2025-09-19,36,0.019488012411848974,0.019988607168145475,0.019738309789997223,0.0,0.0,0.0
2025-09-19,37,0.019988607168145475,0.02048920192444198,0.020238904546293728,0.0,0.0,0.0
2025-09-19,38,0.02048920192444198,0.02098979668073848,0.020739499302590232,0.0,0.0,0.0
2025-09-19,39,0.02098979668073848,0.021490391437034982,0.02124009405888673,0.0,0.0,0.0
2025-09-19,40,0.021490391437034982,0.021990986193331483,0.021740688815183234,0.0,0.0,0.0
2025-09-19,41,0.021990986193331483,0.022491580949627984,0.022241283571479732,0.0,0.0,0.0
2025-09-19,42,0.022491580949627984,0.02299217570592449,0.022741878327776237,0.0,0.0,0.0
2025-09-19,43,0.02299217570592449,0.02349277046222099,0.02324247308407274,0.0,0.0,0.0
2025-09-19,44,0.02349277046222099,0.02399336521851749,0.02374306784036924,0.0,0.0,0.0
2025-09-19,45,0.02399336521851749,0.024493959974813996,0.024243662596665744,0.0,0.0,0.0
2025-09-19,46,0.024493959974813996,0.024994554731110497,0.02474425735296225,0.0,0.0,0.0
2025-09-19,47,0.024994554731110497,0.025495149487407,0.025244852109258746,0.0,0.0,0.0
2025-09-19,48,0.025495149487407,0.0259957442437035,0.02574544686555525,0.0,0.0,0.0
2025-09-19,49,0.0259957442437035,0.026496339,0.02624604162185175,0.0,0.0,0.0
2025-09-20,0,0.0014666011851749,0.0019671959414714023,0.0017168985633231513,0.0,0.0,0.0
2025-09-20,1,0.0019671959414714023,0.0024677906977679043,0.0022174933196196533,0.0,0.0,0.0
2025-09-20,2,0.0024677906977679043,0.0029683854540644063,0.0027180880759161553,0.0,0.0,0.0
2025-09-20,3,0.0029683854540644063,0.0034689802103609084,0.0032186828322126573,0.0,0.0,0.0
2025-09-20,4,0.0034689802103609084,0.00396957496665741,0.0037192775885091594,15971667.597010596,0.0,6006103.32895
2025-09-20,5,0.00396957496665741,0.004470169722953912,0.004219872344805661,38374551.00022242,0.0,26030141.125109
2025-09-20,6,0.004470169722953912,0.0049707644792504144,0.004720467101102164,80109237.08294082,0.0,32226802.5684
2025-09-20,7,0.0049707644792504144,0.0054713592355469165,0.005221061857398665,53096182.04310461,0.0,52057956.982839994
2025-09-20,8,0.0054713592355469165,0.0059719539918434185,0.005721656613695168,17246808.862509746,0.0,22121208.77417
2025-09-20,9,0.0059719539918434185,0.0064725487481399205,0.006222251369991669,0.0,0.0,0.0
2025-09-20,10,0.0064725487481399205,0.0069731435044364225,0.006722846126288172,1180315922.798127,0.0,202721694.525364
2025-09-20,11,0.0069731435044364225,0.007473738260732925,0.007223440882584673,0.0,0.0,0.0
2025-09-20,12,0.007473738260732925,0.007974333017029427,0.007724035638881176,0.0,0.0,0.0
2025-09-20,13,0.007974333017029427,0.008474927773325928,0.008224630395177677,109451290.34322219,0.0,58374290.28830001
2025-09-20,14,0.008474927773325928,0.00897552252962243,0.00872522515147418,0.0,0.0,0.0
2025-09-20,15,0.00897552252962243,0.009476117285918932,0.009225819907770681,0.0,0.0,0.0
2025-09-20,16,0.009476117285918932,0.009976712042215433,0.009726414664067182,0.0,0.0,0.0
2025-09-20,17,0.009976712042215433,0.010477306798511936,0.010227009420363684,0.0,0.0,0.0
2025-09-20,18,0.010477306798511936,0.010977901554808439,0.010727604176660188,0.0,0.0,0.0
2025-09-20,19,0.010977901554808439,0.01147849631110494,0.01122819893295669,0.0,0.0,0.0
2025-09-20,20,0.01147849631110494,0.011979091067401441,0.01172879368925319,0.0,0.0,0.0
2025-09-20,21,0.011979091067401441,0.012479685823697944,0.012229388445549692,0.0,0.0,0.0
2025-09-20,22,0.012479685823697944,0.012980280579994447,0.012729983201846196,0.0,0.0,0.0
2025-09-20,23,0.012980280579994447,0.013480875336290948,0.013230577958142697,0.0,0.0,0.0
2025-09-20,24,0.013480875336290948,0.01398147009258745,0.013731172714439199,0.0,0.0,0.0
2025-09-20,25,0.01398147009258745,0.014482064848883952,0.0142317674707357,0.0,0.0,0.0
2025-09-20,26,0.014482064848883952,0.014982659605180455,0.014732362227032204,0.0,0.0,0.0
2025-09-20,27,0.014982659605180455,0.015483254361476956,0.015232956983328706,0.0,0.0,0.0
2025-09-20,28,0.015483254361476956,0.01598384911777346,0.015733551739625207,0.0,0.0,0.0
2025-09-20,29,0.01598384911777346,0.01648444387406996,0.01623414649592171,0.0,0.0,0.0
2025-09-20,30,0.01648444387406996,0.016985038630366465,0.016734741252218212,0.0,0.0,0.0
2025-09-20,31,0.016985038630366465,0.017485633386662966,0.017235336008514714,0.0,0.0,0.0
2025-09-20,32,0.017485633386662966,0.017986228142959467,0.01773593076481122,0.0,0.0,0.0
2025-09-20,33,0.017986228142959467,0.01848682289925597,0.018236525521107716,0.0,0.0,0.0
2025-09-20,34,0.01848682289925597,0.018987417655552473,0.01873712027740422,0.0,0.0,0.0
2025-09-20,35,0.018987417655552473,0.019488012411848974,0.019237715033700725,0.0,0.0,0.0
2025-09-20,36,0.019488012411848974,0.019988607168145475,0.019738309789997223,0.0,0.0,0.0
2025-09-20,37,0.019988607168145475,0.02048920192444198,0.020238904546293728,0.0,0.0,0.0
2025-09-20,38,0.02048920192444198,0.02098979668073848,0.020739499302590232,0.0,0.0,0.0
2025-09-20,39,0.02098979668073848,0.021490391437034982,0.02124009405888673,0.0,0.0,0.0
2025-09-20,40,0.021490391437034982,0.021990986193331483,0.021740688815183234,0.0,0.0,0.0
2025-09-20,41,0.021990986193331483,0.022491580949627984,0.022241283571479732,0.0,0.0,0.0
2025-09-20,42,0.022491580949627984,0.02299217570592449,0.022741878327776237,0.0,0.0,0.0
2025-09-20,43,0.02299217570592449,0.02349277046222099,0.02324247308407274,0.0,0.0,0.0
2025-09-20,44,0.02349277046222099,0.02399336521851749,0.02374306784036924,0.0,0.0,0.0
2025-09-20,45,0.02399336521851749,0.024493959974813996,0.024243662596665744,0.0,0.0,0.0
2025-09-20,46,0.024493959974813996,0.024994554731110497,0.02474425735296225,0.0,0.0,0.0
2025-09-20,47,0.024994554731110497,0.025495149487407,0.025244852109258746,0.0,0.0,0.0
2025-09-20,48,0.025495149487407,0.0259957442437035,0.02574544686555525,0.0,0.0,0.0
2025-09-20,49,0.0259957442437035,0.026496339,0.02624604162185175,0.0,0.0,0.0
2025-09-21,0,0.0014666011851749,0.0019671959414714023,0.0017168985633231513,0.0,0.0,0.0
2025-09-21,1,0.0019671959414714023,0.0024677906977679043,0.0022174933196196533,0.0,0.0,0.0
2025-09-21,2,0.0024677906977679043,0.0029683854540644063,0.0027180880759161553,0.0,0.0,0.0
2025-09-21,3,0.0029683854540644063,0.0034689802103609084,0.0032186828322126573,0.0,0.0,0.0
2025-09-21,4,0.0034689802103609084,0.00396957496665741,0.0037192775885091594,14841695.685746899,0.0,6006103.32895
2025-09-21,5,0.00396957496665741,0.004470169722953912,0.004219872344805661,47943868.57906304,0.0,32383143.111808997
2025-09-21,6,0.004470169722953912,0.0049707644792504144,0.004720467101102164,78374881.85352083,0.0,32226802.5684
2025-09-21,7,0.0049707644792504144,0.0054713592355469165,0.005221061857398665,49812507.047248915,0.0,52057956.982839994
2025-09-21,8,0.0054713592355469165,0.0059719539918434185,0.005721656613695168,16776496.16283561,0.0,22121208.77417
2025-09-21,9,0.0059719539918434185,0.0064725487481399205,0.006222251369991669,0.0,0.0,0.0
2025-09-21,10,0.0064725487481399205,0.0069731435044364225,0.006722846126288172,1178965353.785427,0.0,197395444.834564
2025-09-21,11,0.0069731435044364225,0.007473738260732925,0.007223440882584673,0.0,0.0,0.0
2025-09-21,12,0.007473738260732925,0.007974333017029427,0.007724035638881176,0.0,0.0,0.0
2025-09-21,13,0.007974333017029427,0.008474927773325928,0.008224630395177677,109254773.93919826,0.0,58374290.28830001
2025-09-21,14,0.008474927773325928,0.00897552252962243,0.00872522515147418,0.0,0.0,0.0
2025-09-21,15,0.00897552252962243,0.009476117285918932,0.009225819907770681,0.0,0.0,0.0
2025-09-21,16,0.009476117285918932,0.009976712042215433,0.009726414664067182,0.0,0.0,0.0
2025-09-21,17,0.009976712042215433,0.010477306798511936,0.010227009420363684,0.0,0.0,0.0
2025-09-21,18,0.010477306798511936,0.010977901554808439,0.010727604176660188,0.0,0.0,0.0
2025-09-21,19,0.010977901554808439,0.01147849631110494,0.01122819893295669,0.0,0.0,0.0
2025-09-21,20,0.01147849631110494,0.011979091067401441,0.01172879368925319,0.0,0.0,0.0
2025-09-21,21,0.011979091067401441,0.012479685823697944,0.012229388445549692,0.0,0.0,0.0
2025-09-21,22,0.012479685823697944,0.012980280579994447,0.012729983201846196,0.0,0.0,0.0
2025-09-21,23,0.012980280579994447,0.013480875336290948,0.013230577958142697,0.0,0.0,0.0
2025-09-21,24,0.013480875336290948,0.01398147009258745,0.013731172714439199,0.0,0.0,0.0
2025-09-21,25,0.01398147009258745,0.014482064848883952,0.0142317674707357,0.0,0.0,0.0
2025-09-21,26,0.014482064848883952,0.014982659605180455,0.014732362227032204,0.0,0.0,0.0
2025-09-21,27,0.014982659605180455,0.015483254361476956,0.015232956983328706,0.0,0.0,0.0
2025-09-21,28,0.015483254361476956,0.01598384911777346,0.015733551739625207,0.0,0.0,0.0
2025-09-21,29,0.01598384911777346,0.01648444387406996,0.01623414649592171,0.0,0.0,0.0
2025-09-21,30,0.01648444387406996,0.016985038630366465,0.016734741252218212,0.0,0.0,0.0
2025-09-21,31,0.016985038630366465,0.017485633386662966,0.017235336008514714,0.0,0.0,0.0
2025-09-21,32,0.017485633386662966,0.017986228142959467,0.01773593076481122,0.0,0.0,0.0
2025-09-21,33,0.017986228142959467,0.01848682289925597,0.018236525521107716,0.0,0.0,0.0
2025-09-21,34,0.01848682289925597,0.018987417655552473,0.01873712027740422,0.0,0.0,0.0
2025-09-21,35,0.018987417655552473,0.019488012411848974,0.019237715033700725,0.0,0.0,0.0
2025-09-21,36,0.019488012411848974,0.019988607168145475,0.019738309789997223,0.0,0.0,0.0
2025-09-21,37,0.019988607168145475,0.02048920192444198,0.020238904546293728,0.0,0.0,0.0
2025-09-21,38,0.02048920192444198,0.02098979668073848,0.020739499302590232,0.0,0.0,0.0
2025-09-21,39,0.02098979668073848,0.021490391437034982,0.02124009405888673,0.0,0.0,0.0
2025-09-21,40,0.021490391437034982,0.021990986193331483,0.021740688815183234,0.0,0.0,0.0
2025-09-21,41,0.021990986193331483,0.022491580949627984,0.022241283571479732,0.0,0.0,0.0
2025-09-21,42,0.022491580949627984,0.02299217570592449,0.022741878327776237,0.0,0.0,0.0
2025-09-21,43,0.02299217570592449,0.02349277046222099,0.02324247308407274,0.0,0.0,0.0
2025-09-21,44,0.02349277046222099,0.02399336521851749,0.02374306784036924,0.0,0.0,0.0
2025-09-21,45,0.02399336521851749,0.024493959974813996,0.024243662596665744,0.0,0.0,0.0
2025-09-21,46,0.024493959974813996,0.024994554731110497,0.02474425735296225,0.0,0.0,0.0
2025-09-21,47,0.024994554731110497,0.025495149487407,0.025244852109258746,0.0,0.0,0.0
2025-09-21,48,0.025495149487407,0.0259957442437035,0.02574544686555525,0.0,0.0,0.0
2025-09-21,49,0.0259957442437035,0.026496339,0.02624604162185175,0.0,0.0,0.0
2025-09-22,0,0.0014666011851749,0.0019671959414714023,0.0017168985633231513,0.0,0.0,0.0
2025-09-22,1,0.0019671959414714023,0.0024677906977679043,0.0022174933196196533,0.0,0.0,0.0
2025-09-22,2,0.0024677906977679043,0.0029683854540644063,0.0027180880759161553,0.0,0.0,0.0
2025-09-22,3,0.0029683854540644063,0.0034689802103609084,0.0032186828322126573,0.0,0.0,0.0
2025-09-22,4,0.0034689802103609084,0.00396957496665741,0.0037192775885091594,27642570.994871605,0.0,12784347.45989
2025-09-22,5,0.00396957496665741,0.004470169722953912,0.004219872344805661,46312355.833276145,0.0,32383143.111808997
2025-09-22,6,0.004470169722953912,0.0049707644792504144,0.004720467101102164,76342164.29916856,0.0,32226802.5684
2025-09-22,7,0.0049707644792504144,0.0054713592355469165,0.005221061857398665,45512231.34896448,0.0,52057956.982839994
2025-09-22,8,0.0054713592355469165,0.0059719539918434185,0.005721656613695168,16728186.89540161,0.0,22121208.77417
2025-09-22,9,0.0059719539918434185,0.0064725487481399205,0.006222251369991669,0.0,0.0,0.0
2025-09-22,10,0.0064725487481399205,0.0069731435044364225,0.006722846126288172,1176875161.772311,0.0,190273855.011124
2025-09-22,11,0.0069731435044364225,0.007473738260732925,0.007223440882584673,0.0,0.0,0.0
2025-09-22,12,0.007473738260732925,0.007974333017029427,0.007724035638881176,0.0,0.0,0.0
2025-09-22,13,0.007974333017029427,0.008474927773325928,0.008224630395177677,108780513.3667211,0.0,58374290.28830001
2025-09-22,14,0.008474927773325928,0.00897552252962243,0.00872522515147418,0.0,0.0,0.0
2025-09-22,15,0.00897552252962243,0.009476117285918932,0.009225819907770681,0.0,0.0,0.0
2025-09-22,16,0.009476117285918932,0.009976712042215433,0.009726414664067182,0.0,0.0,0.0
2025-09-22,17,0.009976712042215433,0.010477306798511936,0.010227009420363684,0.0,0.0,0.0
2025-09-22,18,0.010477306798511936,0.010977901554808439,0.010727604176660188,0.0,0.0,0.0
2025-09-22,19,0.010977901554808439,0.01147849631110494,0.01122819893295669,0.0,0.0,0.0
2025-09-22,20,0.01147849631110494,0.011979091067401441,0.01172879368925319,0.0,0.0,0.0
2025-09-22,21,0.011979091067401441,0.012479685823697944,0.012229388445549692,0.0,0.0,0.0
2025-09-22,22,0.012479685823697944,0.012980280579994447,0.012729983201846196,0.0,0.0,0.0
2025-09-22,23,0.012980280579994447,0.013480875336290948,0.013230577958142697,0.0,0.0,0.0
2025-09-22,24,0.013480875336290948,0.01398147009258745,0.013731172714439199,0.0,0.0,0.0
2025-09-22,25,0.01398147009258745,0.014482064848883952,0.0142317674707357,0.0,0.0,0.0
2025-09-22,26,0.014482064848883952,0.014982659605180455,0.014732362227032204,0.0,0.0,0.0
2025-09-22,27,0.014982659605180455,0.015483254361476956,0.015232956983328706,0.0,0.0,0.0
2025-09-22,28,0.015483254361476956,0.01598384911777346,0.015733551739625207,0.0,0.0,0.0
2025-09-22,29,0.01598384911777346,0.01648444387406996,0.01623414649592171,0.0,0.0,0.0
2025-09-22,30,0.01648444387406996,0.016985038630366465,0.016734741252218212,0.0,0.0,0.0
2025-09-22,31,0.016985038630366465,0.017485633386662966,0.017235336008514714,0.0,0.0,0.0
2025-09-22,32,0.017485633386662966,0.017986228142959467,0.01773593076481122,0.0,0.0,0.0
2025-09-22,33,0.017986228142959467,0.01848682289925597,0.018236525521107716,0.0,0.0,0.0
2025-09-22,34,0.01848682289925597,0.018987417655552473,0.01873712027740422,0.0,0.0,0.0
2025-09-22,35,0.018987417655552473,0.019488012411848974,0.019237715033700725,0.0,0.0,0.0
2025-09-22,36,0.019488012411848974,0.019988607168145475,0.019738309789997223,0.0,0.0,0.0
2025-09-22,37,0.019988607168145475,0.02048920192444198,0.020238904546293728,0.0,0.0,0.0
2025-09-22,38,0.02048920192444198,0.02098979668073848,0.020739499302590232,0.0,0.0,0.0
2025-09-22,39,0.02098979668073848,0.021490391437034982,0.02124009405888673,0.0,0.0,0.0
2025-09-22,40,0.021490391437034982,0.021990986193331483,0.021740688815183234,0.0,0.0,0.0
2025-09-22,41,0.021990986193331483,0.022491580949627984,0.022241283571479732,0.0,0.0,0.0
2025-09-22,42,0.022491580949627984,0.02299217570592449,0.022741878327776237,0.0,0.0,0.0
2025-09-22,43,0.02299217570592449,0.02349277046222099,0.02324247308407274,0.0,0.0,0.0
2025-09-22,44,0.02349277046222099,0.02399336521851749,0.02374306784036924,0.0,0.0,0.0
2025-09-22,45,0.02399336521851749,0.024493959974813996,0.024243662596665744,0.0,0.0,0.0
2025-09-22,46,0.024493959974813996,0.024994554731110497,0.02474425735296225,0.0,0.0,0.0
2025-09-22,47,0.024994554731110497,0.025495149487407,0.025244852109258746,0.0,0.0,0.0
2025-09-22,48,0.025495149487407,0.0259957442437035,0.02574544686555525,0.0,0.0,0.0
2025-09-22,49,0.0259957442437035,0.026496339,0.02624604162185175,0.0,0.0,0.0
2025-09-23,0,0.0014666011851749,0.0019671959414714023,0.0017168985633231513,0.0,0.0,0.0
2025-09-23,1,0.0019671959414714023,0.0024677906977679043,0.0022174933196196533,0.0,0.0,0.0
2025-09-23,2,0.0024677906977679043,0.0029683854540644063,0.0027180880759161553,0.0,0.0,0.0
2025-09-23,3,0.0029683854540644063,0.0034689802103609084,0.0032186828322126573,0.0,0.0,0.0
2025-09-23,4,0.0034689802103609084,0.00396957496665741,0.0037192775885091594,36925175.58726451,0.0,16904334.28907
2025-09-23,5,0.00396957496665741,0.004470169722953912,0.004219872344805661,45265949.81386486,0.0,32383143.111808997
2025-09-23,6,0.004470169722953912,0.0049707644792504144,0.004720467101102164,73782546.54247224,0.0,32226802.5684
2025-09-23,7,0.0049707644792504144,0.0054713592355469165,0.005221061857398665,44150088.21586089,0.0,52057956.982839994
2025-09-23,8,0.0054713592355469165,0.0059719539918434185,0.005721656613695168,16208409.68055061,0.0,22121208.77417
2025-09-23,9,0.0059719539918434185,0.0064725487481399205,0.006222251369991669,0.0,0.0,0.0
2025-09-23,10,0.0064725487481399205,0.0069731435044364225,0.006722846126288172,1175683464.0070632,0.0,185292261.852524
2025-09-23,11,0.0069731435044364225,0.007473738260732925,0.007223440882584673,0.0,0.0,0.0
2025-09-23,12,0.007473738260732925,0.007974333017029427,0.007724035638881176,0.0,0.0,0.0
2025-09-23,13,0.007974333017029427,0.008474927773325928,0.008224630395177677,108567179.4485626,0.0,58374290.28830001
2025-09-23,14,0.008474927773325928,0.00897552252962243,0.00872522515147418,0.0,0.0,0.0
2025-09-23,15,0.00897552252962243,0.009476117285918932,0.009225819907770681,0.0,0.0,0.0
2025-09-23,16,0.009476117285918932,0.009976712042215433,0.009726414664067182,0.0,0.0,0.0
2025-09-23,17,0.009976712042215433,0.010477306798511936,0.010227009420363684,0.0,0.0,0.0
2025-09-23,18,0.010477306798511936,0.010977901554808439,0.010727604176660188,0.0,0.0,0.0
2025-09-23,19,0.010977901554808439,0.01147849631110494,0.01122819893295669,0.0,0.0,0.0
2025-09-23,20,0.01147849631110494,0.011979091067401441,0.01172879368925319,0.0,0.0,0.0
2025-09-23,21,0.011979091067401441,0.012479685823697944,0.012229388445549692,0.0,0.0,0.0
2025-09-23,22,0.012479685823697944,0.012980280579994447,0.012729983201846196,0.0,0.0,0.0
2025-09-23,23,0.012980280579994447,0.013480875336290948,0.013230577958142697,0.0,0.0,0.0
2025-09-23,24,0.013480875336290948,0.01398147009258745,0.013731172714439199,0.0,0.0,0.0
2025-09-23,25,0.01398147009258745,0.014482064848883952,0.0142317674707357,0.0,0.0,0.0
2025-09-23,26,0.014482064848883952,0.014982659605180455,0.014732362227032204,0.0,0.0,0.0
2025-09-23,27,0.014982659605180455,0.015483254361476956,0.015232956983328706,0.0,0.0,0.0
2025-09-23,28,0.015483254361476956,0.01598384911777346,0.015733551739625207,0.0,0.0,0.0
2025-09-23,29,0.01598384911777346,0.01648444387406996,0.01623414649592171,0.0,0.0,0.0
2025-09-23,30,0.01648444387406996,0.016985038630366465,0.016734741252218212,0.0,0.0,0.0
2025-09-23,31,0.016985038630366465,0.017485633386662966,0.017235336008514714,0.0,0.0,0.0
2025-09-23,32,0.017485633386662966,0.017986228142959467,0.01773593076481122,0.0,0.0,0.0
2025-09-23,33,0.017986228142959467,0.01848682289925597,0.018236525521107716,0.0,0.0,0.0
2025-09-23,34,0.01848682289925597,0.018987417655552473,0.01873712027740422,0.0,0.0,0.0
2025-09-23,35,0.018987417655552473,0.019488012411848974,0.019237715033700725,0.0,0.0,0.0
2025-09-23,36,0.019488012411848974,0.019988607168145475,0.019738309789997223,0.0,0.0,0.0
2025-09-23,37,0.019988607168145475,0.02048920192444198,0.020238904546293728,0.0,0.0,0.0
2025-09-23,38,0.02048920192444198,0.02098979668073848,0.020739499302590232,0.0,0.0,0.0
2025-09-23,39,0.02098979668073848,0.021490391437034982,0.02124009405888673,0.0,0.0,0.0
2025-09-23,40,0.021490391437034982,0.021990986193331483,0.021740688815183234,0.0,0.0,0.0
2025-09-23,41,0.021990986193331483,0.022491580949627984,0.022241283571479732,0.0,0.0,0.0
2025-09-23,42,0.022491580949627984,0.02299217570592449,0.022741878327776237,0.0,0.0,0.0
2025-09-23,43,0.02299217570592449,0.02349277046222099,0.02324247308407274,0.0,0.0,0.0
2025-09-23,44,0.02349277046222099,0.02399336521851749,0.02374306784036924,0.0,0.0,0.0
2025-09-23,45,0.02399336521851749,0.024493959974813996,0.024243662596665744,0.0,0.0,0.0
2025-09-23,46,0.024493959974813996,0.024994554731110497,0.02474425735296225,0.0,0.0,0.0
2025-09-23,47,0.024994554731110497,0.025495149487407,0.025244852109258746,0.0,0.0,0.0
2025-09-23,48,0.025495149487407,0.0259957442437035,0.02574544686555525,0.0,0.0,0.0
2025-09-23,49,0.0259957442437035,0.026496339,0.02624604162185175,0.0,0.0,0.0
2025-09-24,0,0.0014666011851749,0.0019671959414714023,0.0017168985633231513,0.0,0.0,0.0
2025-09-24,1,0.0019671959414714023,0.0024677906977679043,0.0022174933196196533,0.0,0.0,0.0
2025-09-24,2,0.0024677906977679043,0.0029683854540644063,0.0027180880759161553,0.0,0.0,0.0
2025-09-24,3,0.0029683854540644063,0.0034689802103609084,0.0032186828322126573,54584214.880315825,0.0,11180672.8178726
2025-09-24,4,0.0034689802103609084,0.00396957496665741,0.0037192775885091594,34391296.39161539,0.0,16904334.28907
2025-09-24,5,0.00396957496665741,0.004470169722953912,0.004219872344805661,43113737.05261997,0.0,32383143.111808997
2025-09-24,6,0.004470169722953912,0.0049707644792504144,0.004720467101102164,69237925.59974726,0.0,32226802.5684
2025-09-24,7,0.0049707644792504144,0.0054713592355469165,0.005221061857398665,41279709.0338196,0.0,52057956.982839994
2025-09-24,8,0.0054713592355469165,0.0059719539918434185,0.005721656613695168,16110301.03142061,0.0,22121208.77417
2025-09-24,9,0.0059719539918434185,0.0064725487481399205,0.006222251369991669,0.0,0.0,0.0
2025-09-24,10,0.0064725487481399205,0.0069731435044364225,0.006722846126288172,1173304964.7071218,0.0,178309714.15052402
2025-09-24,11,0.0069731435044364225,0.007473738260732925,0.007223440882584673,0.0,0.0,0.0
2025-09-24,12,0.007473738260732925,0.007974333017029427,0.007724035638881176,0.0,0.0,0.0
2025-09-24,13,0.007974333017029427,0.008474927773325928,0.008224630395177677,105877056.86344627,0.0,58374290.28830001
2025-09-24,14,0.008474927773325928,0.00897552252962243,0.00872522515147418,0.0,0.0,0.0
2025-09-24,15,0.00897552252962243,0.009476117285918932,0.009225819907770681,0.0,0.0,0.0
2025-09-24,16,0.009476117285918932,0.009976712042215433,0.009726414664067182,0.0,0.0,0.0
2025-09-24,17,0.009976712042215433,0.010477306798511936,0.010227009420363684,0.0,0.0,0.0
2025-09-24,18,0.010477306798511936,0.010977901554808439,0.010727604176660188,0.0,0.0,0.0
2025-09-24,19,0.010977901554808439,0.01147849631110494,0.01122819893295669,0.0,0.0,0.0
2025-09-24,20,0.01147849631110494,0.011979091067401441,0.01172879368925319,0.0,0.0,0.0
2025-09-24,21,0.011979091067401441,0.012479685823697944,0.012229388445549692,0.0,0.0,0.0
2025-09-24,22,0.012479685823697944,0.012980280579994447,0.012729983201846196,0.0,0.0,0.0
2025-09-24,23,0.012980280579994447,0.013480875336290948,0.013230577958142697,0.0,0.0,0.0
2025-09-24,24,0.013480875336290948,0.01398147009258745,0.013731172714439199,0.0,0.0,0.0
2025-09-24,25,0.01398147009258745,0.014482064848883952,0.0142317674707357,0.0,0.0,0.0
2025-09-24,26,0.014482064848883952,0.014982659605180455,0.014732362227032204,0.0,0.0,0.0
2025-09-24,27,0.014982659605180455,0.015483254361476956,0.015232956983328706,0.0,0.0,0.0
2025-09-24,28,0.015483254361476956,0.01598384911777346,0.015733551739625207,0.0,0.0,0.0
2025-09-24,29,0.01598384911777346,0.01648444387406996,0.01623414649592171,0.0,0.0,0.0
2025-09-24,30,0.01648444387406996,0.016985038630366465,0.016734741252218212,0.0,0.0,0.0
2025-09-24,31,0.016985038630366465,0.017485633386662966,0.017235336008514714,0.0,0.0,0.0
2025-09-24,32,0.017485633386662966,0.017986228142959467,0.01773593076481122,0.0,0.0,0.0
2025-09-24,33,0.017986228142959467,0.01848682289925597,0.018236525521107716,0.0,0.0,0.0
2025-09-24,34,0.01848682289925597,0.018987417655552473,0.01873712027740422,0.0,0.0,0.0
2025-09-24,35,0.018987417655552473,0.019488012411848974,0.019237715033700725,0.0,0.0,0.0
2025-09-24,36,0.019488012411848974,0.019988607168145475,0.019738309789997223,0.0,0.0,0.0
2025-09-24,37,0.019988607168145475,0.02048920192444198,0.020238904546293728,0.0,0.0,0.0
2025-09-24,38,0.02048920192444198,0.02098979668073848,0.020739499302590232,0.0,0.0,0.0
2025-09-24,39,0.02098979668073848,0.021490391437034982,0.02124009405888673,0.0,0.0,0.0
2025-09-24,40,0.021490391437034982,0.021990986193331483,0.021740688815183234,0.0,0.0,0.0
2025-09-24,41,0.021990986193331483,0.022491580949627984,0.022241283571479732,0.0,0.0,0.0
2025-09-24,42,0.022491580949627984,0.02299217570592449,0.022741878327776237,0.0,0.0,0.0
2025-09-24,43,0.02299217570592449,0.02349277046222099,0.02324247308407274,0.0,0.0,0.0
2025-09-24,44,0.02349277046222099,0.02399336521851749,0.02374306784036924,0.0,0.0,0.0
2025-09-24,45,0.02399336521851749,0.024493959974813996,0.024243662596665744,0.0,0.0,0.0
2025-09-24,46,0.024493959974813996,0.024994554731110497,0.02474425735296225,0.0,0.0,0.0
2025-09-24,47,0.024994554731110497,0.025495149487407,0.025244852109258746,0.0,0.0,0.0
2025-09-24,48,0.025495149487407,0.0259957442437035,0.02574544686555525,0.0,0.0,0.0
2025-09-24,49,0.0259957442437035,0.026496339,0.02624604162185175,0.0,0.0,0.0
2025-09-25,0,0.0014666011851749,0.0019671959414714023,0.0017168985633231513,0.0,0.0,0.0
2025-09-25,1,0.0019671959414714023,0.0024677906977679043,0.0022174933196196533,0.0,0.0,0.0
2025-09-25,2,0.0024677906977679043,0.0029683854540644063,0.0027180880759161553,0.0,0.0,0.0
2025-09-25,3,0.0029683854540644063,0.0034689802103609084,0.0032186828322126573,75973066.78604972,0.0,28892676.999872603
2025-09-25,4,0.0034689802103609084,0.00396957496665741,0.0037192775885091594,32613018.02490438,0.0,16904334.28907
2025-09-25,5,0.00396957496665741,0.004470169722953912,0.004219872344805661,40337526.62163707,0.0,32383143.111808997
2025-09-25,6,0.004470169722953912,0.0049707644792504144,0.004720467101102164,54041747.179655254,0.0,32226802.5684
2025-09-25,7,0.0049707644792504144,0.0054713592355469165,0.005221061857398665,39331655.982148,0.0,52057956.982839994
2025-09-25,8,0.0054713592355469165,0.0059719539918434185,0.005721656613695168,15868074.08430721,0.0,22121208.77417
2025-09-25,9,0.0059719539918434185,0.0064725487481399205,0.006222251369991669,0.0,0.0,0.0
2025-09-25,10,0.0064725487481399205,0.0069731435044364225,0.006722846126288172,1172006541.6237242,0.0,166788622.06952402
2025-09-25,11,0.0069731435044364225,0.007473738260732925,0.007223440882584673,0.0,0.0,0.0
2025-09-25,12,0.007473738260732925,0.007974333017029427,0.007724035638881176,0.0,0.0,0.0
2025-09-25,13,0.007974333017029427,0.008474927773325928,0.008224630395177677,104745090.50000824,0.0,58374290.28830001
2025-09-25,14,0.008474927773325928,0.00897552252962243,0.00872522515147418,0.0,0.0,0.0
2025-09-25,15,0.00897552252962243,0.009476117285918932,0.009225819907770681,0.0,0.0,0.0
2025-09-25,16,0.009476117285918932,0.009976712042215433,0.009726414664067182,0.0,0.0,0.0
2025-09-25,17,0.009976712042215433,0.010477306798511936,0.010227009420363684,0.0,0.0,0.0
2025-09-25,18,0.010477306798511936,0.010977901554808439,0.010727604176660188,0.0,0.0,0.0
2025-09-25,19,0.010977901554808439,0.01147849631110494,0.01122819893295669,0.0,0.0,0.0
2025-09-25,20,0.01147849631110494,0.011979091067401441,0.01172879368925319,0.0,0.0,0.0
2025-09-25,21,0.011979091067401441,0.012479685823697944,0.012229388445549692,0.0,0.0,0.0
2025-09-25,22,0.012479685823697944,0.012980280579994447,0.012729983201846196,0.0,0.0,0.0
2025-09-25,23,0.012980280579994447,0.013480875336290948,0.013230577958142697,0.0,0.0,0.0
2025-09-25,24,0.013480875336290948,0.01398147009258745,0.013731172714439199,0.0,0.0,0.0
2025-09-25,25,0.01398147009258745,0.014482064848883952,0.0142317674707357,0.0,0.0,0.0
2025-09-25,26,0.014482064848883952,0.014982659605180455,0.014732362227032204,0.0,0.0,0.0
2025-09-25,27,0.014982659605180455,0.015483254361476956,0.015232956983328706,0.0,0.0,0.0
2025-09-25,28,0.015483254361476956,0.01598384911777346,0.015733551739625207,0.0,0.0,0.0
2025-09-25,29,0.01598384911777346,0.01648444387406996,0.01623414649592171,0.0,0.0,0.0
2025-09-25,30,0.01648444387406996,0.016985038630366465,0.016734741252218212,0.0,0.0,0.0
2025-09-25,31,0.016985038630366465,0.017485633386662966,0.017235336008514714,0.0,0.0,0.0
2025-09-25,32,0.017485633386662966,0.017986228142959467,0.01773593076481122,0.0,0.0,0.0
2025-09-25,33,0.017986228142959467,0.01848682289925597,0.018236525521107716,0.0,0.0,0.0
2025-09-25,34,0.01848682289925597,0.018987417655552473,0.01873712027740422,0.0,0.0,0.0
2025-09-25,35,0.018987417655552473,0.019488012411848974,0.019237715033700725,0.0,0.0,0.0
2025-09-25,36,0.019488012411848974,0.019988607168145475,0.019738309789997223,0.0,0.0,0.0
2025-09-25,37,0.019988607168145475,0.02048920192444198,0.020238904546293728,0.0,0.0,0.0
2025-09-25,38,0.02048920192444198,0.02098979668073848,0.020739499302590232,0.0,0.0,0.0
2025-09-25,39,0.02098979668073848,0.021490391437034982,0.02124009405888673,0.0,0.0,0.0
2025-09-25,40,0.021490391437034982,0.021990986193331483,0.021740688815183234,0.0,0.0,0.0
2025-09-25,41,0.021990986193331483,0.022491580949627984,0.022241283571479732,0.0,0.0,0.0
2025-09-25,42,0.022491580949627984,0.02299217570592449,0.022741878327776237,0.0,0.0,0.0
2025-09-25,43,0.02299217570592449,0.02349277046222099,0.02324247308407274,0.0,0.0,0.0
2025-09-25,44,0.02349277046222099,0.02399336521851749,0.02374306784036924,0.0,0.0,0.0
2025-09-25,45,0.02399336521851749,0.024493959974813996,0.024243662596665744,0.0,0.0,0.0
2025-09-25,46,0.024493959974813996,0.024994554731110497,0.02474425735296225,0.0,0.0,0.0
2025-09-25,47,0.024994554731110497,0.025495149487407,0.025244852109258746,0.0,0.0,0.0
2025-09-25,48,0.025495149487407,0.0259957442437035,0.02574544686555525,0.0,0.0,0.0
2025-09-25,49,0.0259957442437035,0.026496339,0.02624604162185175,0.0,0.0,0.0
2025-09-26,0,0.0014666011851749,0.0019671959414714023,0.0017168985633231513,0.0,0.0,0.0
2025-09-26,1,0.0019671959414714023,0.0024677906977679043,0.0022174933196196533,0.0,0.0,0.0
2025-09-26,2,0.0024677906977679043,0.0029683854540644063,0.0027180880759161553,24298292.547302015,0.0,6986056.552999999
2025-09-26,3,0.0029683854540644063,0.0034689802103609084,0.0032186828322126573,73600294.95331755,0.0,28892676.999872603
2025-09-26,4,0.0034689802103609084,0.00396957496665741,0.0037192775885091594,32390551.023973174,0.0,16904334.28907
2025-09-26,5,0.00396957496665741,0.004470169722953912,0.004219872344805661,35059666.03477901,0.0,32383143.111808997
2025-09-26,6,0.004470169722953912,0.0049707644792504144,0.004720467101102164,52524845.17084805,0.0,32226802.5684
2025-09-26,7,0.0049707644792504144,0.0054713592355469165,0.005221061857398665,35741879.683508,0.0,52057956.982839994
2025-09-26,8,0.0054713592355469165,0.0059719539918434185,0.005721656613695168,15809928.490227051,0.0,22121208.77417
2025-09-26,9,0.0059719539918434185,0.0064725487481399205,0.006222251369991669,0.0,0.0,0.0
2025-09-26,10,0.0064725487481399205,0.0069731435044364225,0.006722846126288172,1170904216.9812543,0.0,154344151.796804
2025-09-26,11,0.0069731435044364225,0.007473738260732925,0.007223440882584673,0.0,0.0,0.0
2025-09-26,12,0.007473738260732925,0.007974333017029427,0.007724035638881176,0.0,0.0,0.0
2025-09-26,13,0.007974333017029427,0.008474927773325928,0.008224630395177677,102516368.69687356,0.0,58374290.28830001
2025-09-26,14,0.008474927773325928,0.00897552252962243,0.00872522515147418,0.0,0.0,0.0
2025-09-26,15,0.00897552252962243,0.009476117285918932,0.009225819907770681,0.0,0.0,0.0
2025-09-26,16,0.009476117285918932,0.009976712042215433,0.009726414664067182,0.0,0.0,0.0
2025-09-26,17,0.009976712042215433,0.010477306798511936,0.010227009420363684,0.0,0.0,0.0
2025-09-26,18,0.010477306798511936,0.010977901554808439,0.010727604176660188,0.0,0.0,0.0
2025-09-26,19,0.010977901554808439,0.01147849631110494,0.01122819893295669,0.0,0.0,0.0
2025-09-26,20,0.01147849631110494,0.011979091067401441,0.01172879368925319,0.0,0.0,0.0
2025-09-26,21,0.011979091067401441,0.012479685823697944,0.012229388445549692,0.0,0.0,0.0
2025-09-26,22,0.012479685823697944,0.012980280579994447,0.012729983201846196,0.0,0.0,0.0
2025-09-26,23,0.012980280579994447,0.013480875336290948,0.013230577958142697,0.0,0.0,0.0
2025-09-26,24,0.013480875336290948,0.01398147009258745,0.013731172714439199,0.0,0.0,0.0
2025-09-26,25,0.01398147009258745,0.014482064848883952,0.0142317674707357,0.0,0.0,0.0
2025-09-26,26,0.014482064848883952,0.014982659605180455,0.014732362227032204,0.0,0.0,0.0
2025-09-26,27,0.014982659605180455,0.015483254361476956,0.015232956983328706,0.0,0.0,0.0
2025-09-26,28,0.015483254361476956,0.01598384911777346,0.015733551739625207,0.0,0.0,0.0
2025-09-26,29,0.01598384911777346,0.01648444387406996,0.01623414649592171,0.0,0.0,0.0
2025-09-26,30,0.01648444387406996,0.016985038630366465,0.016734741252218212,0.0,0.0,0.0
2025-09-26,31,0.016985038630366465,0.017485633386662966,0.017235336008514714,0.0,0.0,0.0
2025-09-26,32,0.017485633386662966,0.017986228142959467,0.01773593076481122,0.0,0.0,0.0
2025-09-26,33,0.017986228142959467,0.01848682289925597,0.018236525521107716,0.0,0.0,0.0
2025-09-26,34,0.01848682289925597,0.018987417655552473,0.01873712027740422,0.0,0.0,0.0
2025-09-26,35,0.018987417655552473,0.019488012411848974,0.019237715033700725,0.0,0.0,0.0
2025-09-26,36,0.019488012411848974,0.019988607168145475,0.019738309789997223,0.0,0.0,0.0
2025-09-26,37,0.019988607168145475,0.02048920192444198,0.020238904546293728,0.0,0.0,0.0
2025-09-26,38,0.02048920192444198,0.02098979668073848,0.020739499302590232,0.0,0.0,0.0
2025-09-26,39,0.02098979668073848,0.021490391437034982,0.02124009405888673,0.0,0.0,0.0
2025-09-26,40,0.021490391437034982,0.021990986193331483,0.021740688815183234,0.0,0.0,0.0
2025-09-26,41,0.021990986193331483,0.022491580949627984,0.022241283571479732,0.0,0.0,0.0
2025-09-26,42,0.022491580949627984,0.02299217570592449,0.022741878327776237,0.0,0.0,0.0
2025-09-26,43,0.02299217570592449,0.02349277046222099,0.02324247308407274,0.0,0.0,0.0
2025-09-26,44,0.02349277046222099,0.02399336521851749,0.02374306784036924,0.0,0.0,0.0
2025-09-26,45,0.02399336521851749,0.024493959974813996,0.024243662596665744,0.0,0.0,0.0
2025-09-26,46,0.024493959974813996,0.024994554731110497,0.02474425735296225,0.0,0.0,0.0
2025-09-26,47,0.024994554731110497,0.025495149487407,0.025244852109258746,0.0,0.0,0.0
2025-09-26,48,0.025495149487407,0.0259957442437035,0.02574544686555525,0.0,0.0,0.0
2025-09-26,49,0.0259957442437035,0.026496339,0.02624604162185175,0.0,0.0,0.0
2025-09-27,0,0.0014666011851749,0.0019671959414714023,0.0017168985633231513,0.0,0.0,0.0
2025-09-27,1,0.0019671959414714023,0.0024677906977679043,0.0022174933196196533,0.0,0.0,0.0
2025-09-27,2,0.0024677906977679043,0.0029683854540644063,0.0027180880759161553,23729177.960063018,0.0,6986056.552999999
2025-09-27,3,0.0029683854540644063,0.0034689802103609084,0.0032186828322126573,103440785.7171043,0.0,38596510.6168726
2025-09-27,4,0.0034689802103609084,0.00396957496665741,0.0037192775885091594,27136314.74309078,0.0,16904334.28907
2025-09-27,5,0.00396957496665741,0.004470169722953912,0.004219872344805661,28333772.0672782,0.0,32383143.111808997
2025-09-27,6,0.004470169722953912,0.0049707644792504144,0.004720467101102164,49000053.19951904,0.0,32226802.5684
2025-09-27,7,0.0049707644792504144,0.0054713592355469165,0.005221061857398665,30733667.8231938,0.0,52057956.982839994
2025-09-27,8,0.0054713592355469165,0.0059719539918434185,0.005721656613695168,15779359.90627845,0.0,22121208.77417
2025-09-27,9,0.0059719539918434185,0.0064725487481399205,0.006222251369991669,0.0,0.0,0.0
2025-09-27,10,0.0064725487481399205,0.0069731435044364225,0.006722846126288172,1169911909.9507792,0.0,139361061.69980404
2025-09-27,11,0.0069731435044364225,0.007473738260732925,0.007223440882584673,0.0,0.0,0.0
2025-09-27,12,0.007473738260732925,0.007974333017029427,0.007724035638881176,0.0,0.0,0.0
2025-09-27,13,0.007974333017029427,0.008474927773325928,0.008224630395177677,100970835.87949337,0.0,58374290.28830001
2025-09-27,14,0.008474927773325928,0.00897552252962243,0.00872522515147418,0.0,0.0,0.0
2025-09-27,15,0.00897552252962243,0.009476117285918932,0.009225819907770681,0.0,0.0,0.0
2025-09-27,16,0.009476117285918932,0.009976712042215433,0.009726414664067182,0.0,0.0,0.0
2025-09-27,17,0.009976712042215433,0.010477306798511936,0.010227009420363684,0.0,0.0,0.0
2025-09-27,18,0.010477306798511936,0.010977901554808439,0.010727604176660188,0.0,0.0,0.0
2025-09-27,19,0.010977901554808439,0.01147849631110494,0.01122819893295669,0.0,0.0,0.0
2025-09-27,20,0.01147849631110494,0.011979091067401441,0.01172879368925319,0.0,0.0,0.0
2025-09-27,21,0.011979091067401441,0.012479685823697944,0.012229388445549692,0.0,0.0,0.0
2025-09-27,22,0.012479685823697944,0.012980280579994447,0.012729983201846196,0.0,0.0,0.0
2025-09-27,23,0.012980280579994447,0.013480875336290948,0.013230577958142697,0.0,0.0,0.0
2025-09-27,24,0.013480875336290948,0.01398147009258745,0.013731172714439199,0.0,0.0,0.0
2025-09-27,25,0.01398147009258745,0.014482064848883952,0.0142317674707357,0.0,0.0,0.0
2025-09-27,26,0.014482064848883952,0.014982659605180455,0.014732362227032204,0.0,0.0,0.0
2025-09-27,27,0.014982659605180455,0.015483254361476956,0.015232956983328706,0.0,0.0,0.0
2025-09-27,28,0.015483254361476956,0.01598384911777346,0.015733551739625207,0.0,0.0,0.0
2025-09-27,29,0.01598384911777346,0.01648444387406996,0.01623414649592171,0.0,0.0,0.0
2025-09-27,30,0.01648444387406996,0.016985038630366465,0.016734741252218212,0.0,0.0,0.0
2025-09-27,31,0.016985038630366465,0.017485633386662966,0.017235336008514714,0.0,0.0,0.0
2025-09-27,32,0.017485633386662966,0.017986228142959467,0.01773593076481122,0.0,0.0,0.0
2025-09-27,33,0.017986228142959467,0.01848682289925597,0.018236525521107716,0.0,0.0,0.0
2025-09-27,34,0.01848682289925597,0.018987417655552473,0.01873712027740422,0.0,0.0,0.0
2025-09-27,35,0.018987417655552473,0.019488012411848974,0.019237715033700725,0.0,0.0,0.0
2025-09-27,36,0.019488012411848974,0.019988607168145475,0.019738309789997223,0.0,0.0,0.0
2025-09-27,37,0.019988607168145475,0.02048920192444198,0.020238904546293728,0.0,0.0,0.0
2025-09-27,38,0.02048920192444198,0.02098979668073848,0.020739499302590232,0.0,0.0,0.0
2025-09-27,39,0.02098979668073848,0.021490391437034982,0.02124009405888673,0.0,0.0,0.0
2025-09-27,40,0.021490391437034982,0.021990986193331483,0.021740688815183234,0.0,0.0,0.0
2025-09-27,41,0.021990986193331483,0.022491580949627984,0.022241283571479732,0.0,0.0,0.0
2025-09-27,42,0.022491580949627984,0.02299217570592449,0.022741878327776237,0.0,0.0,0.0
2025-09-27,43,0.02299217570592449,0.02349277046222099,0.02324247308407274,0.0,0.0,0.0
2025-09-27,44,0.02349277046222099,0.02399336521851749,0.02374306784036924,0.0,0.0,0.0
2025-09-27,45,0.02399336521851749,0.024493959974813996,0.024243662596665744,0.0,0.0,0.0
2025-09-27,46,0.024493959974813996,0.024994554731110497,0.02474425735296225,0.0,0.0,0.0
2025-09-27,47,0.024994554731110497,0.025495149487407,0.025244852109258746,0.0,0.0,0.0
2025-09-27,48,0.025495149487407,0.0259957442437035,0.02574544686555525,0.0,0.0,0.0
2025-09-27,49,0.0259957442437035,0.026496339,0.02624604162185175,0.0,0.0,0.0
2025-09-28,0,0.0014666011851749,0.0019671959414714023,0.0017168985633231513,0.0,0.0,0.0
2025-09-28,1,0.0019671959414714023,0.0024677906977679043,0.0022174933196196533,0.0,0.0,0.0
2025-09-28,2,0.0024677906977679043,0.0029683854540644063,0.0027180880759161553,23460891.973356854,0.0,6986056.552999999
2025-09-28,3,0.0029683854540644063,0.0034689802103609084,0.0032186828322126573,95216526.439958,0.0,38596510.6168726
2025-09-28,4,0.0034689802103609084,0.00396957496665741,0.0037192775885091594,23695785.59817258,0.0,16904334.28907
2025-09-28,5,0.00396957496665741,0.004470169722953912,0.004219872344805661,67312648.67828496,0.0,44645298.77730899
2025-09-28,6,0.004470169722953912,0.0049707644792504144,0.004720467101102164,44346131.33435323,0.0,32226802.5684
2025-09-28,7,0.0049707644792504144,0.0054713592355469165,0.005221061857398665,30161736.543249708,0.0,52057956.982839994
2025-09-28,8,0.0054713592355469165,0.0059719539918434185,0.005721656613695168,15774751.65307045,0.0,22121208.77417
2025-09-28,9,0.0059719539918434185,0.0064725487481399205,0.006222251369991669,0.0,0.0,0.0
2025-09-28,10,0.0064725487481399205,0.0069731435044364225,0.006722846126288172,1167138627.8468344,0.0,125116646.59110403
2025-09-28,11,0.0069731435044364225,0.007473738260732925,0.007223440882584673,0.0,0.0,0.0
2025-09-28,12,0.007473738260732925,0.007974333017029427,0.007724035638881176,0.0,0.0,0.0
2025-09-28,13,0.007974333017029427,0.008474927773325928,0.008224630395177677,88809427.00948814,0.0,57612173.89
2025-09-28,14,0.008474927773325928,0.00897552252962243,0.00872522515147418,0.0,0.0,0.0
2025-09-28,15,0.00897552252962243,0.009476117285918932,0.009225819907770681,0.0,0.0,0.0
2025-09-28,16,0.009476117285918932,0.009976712042215433,0.009726414664067182,0.0,0.0,0.0
2025-09-28,17,0.009976712042215433,0.010477306798511936,0.010227009420363684,0.0,0.0,0.0
2025-09-28,18,0.010477306798511936,0.010977901554808439,0.010727604176660188,0.0,0.0,0.0
2025-09-28,19,0.010977901554808439,0.01147849631110494,0.01122819893295669,0.0,0.0,0.0
2025-09-28,20,0.01147849631110494,0.011979091067401441,0.01172879368925319,0.0,0.0,0.0
2025-09-28,21,0.011979091067401441,0.012479685823697944,0.012229388445549692,0.0,0.0,0.0
2025-09-28,22,0.012479685823697944,0.012980280579994447,0.012729983201846196,0.0,0.0,0.0
2025-09-28,23,0.012980280579994447,0.013480875336290948,0.013230577958142697,0.0,0.0,0.0
2025-09-28,24,0.013480875336290948,0.01398147009258745,0.013731172714439199,0.0,0.0,0.0
2025-09-28,25,0.01398147009258745,0.014482064848883952,0.0142317674707357,0.0,0.0,0.0
2025-09-28,26,0.014482064848883952,0.014982659605180455,0.014732362227032204,0.0,0.0,0.0
2025-09-28,27,0.014982659605180455,0.015483254361476956,0.015232956983328706,0.0,0.0,0.0
2025-09-28,28,0.015483254361476956,0.01598384911777346,0.015733551739625207,0.0,0.0,0.0
2025-09-28,29,0.01598384911777346,0.01648444387406996,0.01623414649592171,0.0,0.0,0.0
2025-09-28,30,0.01648444387406996,0.016985038630366465,0.016734741252218212,0.0,0.0,0.0
2025-09-28,31,0.016985038630366465,0.017485633386662966,0.017235336008514714,0.0,0.0,0.0
2025-09-28,32,0.017485633386662966,0.017986228142959467,0.01773593076481122,0.0,0.0,0.0
2025-09-28,33,0.017986228142959467,0.01848682289925597,0.018236525521107716,0.0,0.0,0.0
2025-09-28,34,0.01848682289925597,0.018987417655552473,0.01873712027740422,0.0,0.0,0.0
2025-09-28,35,0.018987417655552473,0.019488012411848974,0.019237715033700725,0.0,0.0,0.0
2025-09-28,36,0.019488012411848974,0.019988607168145475,0.019738309789997223,0.0,0.0,0.0
2025-09-28,37,0.019988607168145475,0.02048920192444198,0.020238904546293728,0.0,0.0,0.0
2025-09-28,38,0.02048920192444198,0.02098979668073848,0.020739499302590232,0.0,0.0,0.0
2025-09-28,39,0.02098979668073848,0.021490391437034982,0.02124009405888673,0.0,0.0,0.0
2025-09-28,40,0.021490391437034982,0.021990986193331483,0.021740688815183234,0.0,0.0,0.0
2025-09-28,41,0.021990986193331483,0.022491580949627984,0.022241283571479732,0.0,0.0,0.0
2025-09-28,42,0.022491580949627984,0.02299217570592449,0.022741878327776237,0.0,0.0,0.0
2025-09-28,43,0.02299217570592449,0.02349277046222099,0.02324247308407274,0.0,0.0,0.0
2025-09-28,44,0.02349277046222099,0.02399336521851749,0.02374306784036924,0.0,0.0,0.0
2025-09-28,45,0.02399336521851749,0.024493959974813996,0.024243662596665744,0.0,0.0,0.0
2025-09-28,46,0.024493959974813996,0.024994554731110497,0.02474425735296225,0.0,0.0,0.0
2025-09-28,47,0.024994554731110497,0.025495149487407,0.025244852109258746,0.0,0.0,0.0
2025-09-28,48,0.025495149487407,0.0259957442437035,0.02574544686555525,0.0,0.0,0.0
2025-09-28,49,0.0259957442437035,0.026496339,0.02624604162185175,0.0,0.0,0.0
2025-09-29,0,0.0014666011851749,0.0019671959414714023,0.0017168985633231513,0.0,0.0,0.0
2025-09-29,1,0.0019671959414714023,0.0024677906977679043,0.0022174933196196533,0.0,0.0,0.0
2025-09-29,2,0.0024677906977679043,0.0029683854540644063,0.0027180880759161553,15920533.049859576,0.0,6986056.552999999
2025-09-29,3,0.0029683854540644063,0.0034689802103609084,0.0032186828322126573,85376833.81411327,0.0,38596510.6168726
2025-09-29,4,0.0034689802103609084,0.00396957496665741,0.0037192775885091594,20609507.350045163,0.0,16904334.28907
2025-09-29,5,0.00396957496665741,0.004470169722953912,0.004219872344805661,59398893.75735643,0.0,44645298.77730899
2025-09-29,6,0.004470169722953912,0.0049707644792504144,0.004720467101102164,36794071.75545679,0.0,32226802.5684
2025-09-29,7,0.0049707644792504144,0.0054713592355469165,0.005221061857398665,85027179.56179465,0.0,70975492.75384
2025-09-29,8,0.0054713592355469165,0.0059719539918434185,0.005721656613695168,14087549.83293468,0.0,22121208.77417
2025-09-29,9,0.0059719539918434185,0.0064725487481399205,0.006222251369991669,0.0,0.0,0.0
2025-09-29,10,0.0064725487481399205,0.0069731435044364225,0.006722846126288172,1164763443.327536,0.0,99365124.15570402
2025-09-29,11,0.0069731435044364225,0.007473738260732925,0.007223440882584673,0.0,0.0,0.0
2025-09-29,12,0.007473738260732925,0.007974333017029427,0.007724035638881176,0.0,0.0,0.0
2025-09-29,13,0.007974333017029427,0.008474927773325928,0.008224630395177677,86667399.38713314,0.0,57612173.89
2025-09-29,14,0.008474927773325928,0.00897552252962243,0.00872522515147418,0.0,0.0,0.0
2025-09-29,15,0.00897552252962243,0.009476117285918932,0.009225819907770681,0.0,0.0,0.0
2025-09-29,16,0.009476117285918932,0.009976712042215433,0.009726414664067182,0.0,0.0,0.0
2025-09-29,17,0.009976712042215433,0.010477306798511936,0.010227009420363684,0.0,0.0,0.0
2025-09-29,18,0.010477306798511936,0.010977901554808439,0.010727604176660188,0.0,0.0,0.0
2025-09-29,19,0.010977901554808439,0.01147849631110494,0.01122819893295669,0.0,0.0,0.0
2025-09-29,20,0.01147849631110494,0.011979091067401441,0.01172879368925319,0.0,0.0,0.0
2025-09-29,21,0.011979091067401441,0.012479685823697944,0.012229388445549692,0.0,0.0,0.0
2025-09-29,22,0.012479685823697944,0.012980280579994447,0.012729983201846196,0.0,0.0,0.0
2025-09-29,23,0.012980280579994447,0.013480875336290948,0.013230577958142697,0.0,0.0,0.0
2025-09-29,24,0.013480875336290948,0.01398147009258745,0.013731172714439199,0.0,0.0,0.0
2025-09-29,25,0.01398147009258745,0.014482064848883952,0.0142317674707357,0.0,0.0,0.0
2025-09-29,26,0.014482064848883952,0.014982659605180455,0.014732362227032204,0.0,0.0,0.0
2025-09-29,27,0.014982659605180455,0.015483254361476956,0.015232956983328706,0.0,0.0,0.0
2025-09-29,28,0.015483254361476956,0.01598384911777346,0.015733551739625207,0.0,0.0,0.0
2025-09-29,29,0.01598384911777346,0.01648444387406996,0.01623414649592171,0.0,0.0,0.0
2025-09-29,30,0.01648444387406996,0.016985038630366465,0.016734741252218212,0.0,0.0,0.0
2025-09-29,31,0.016985038630366465,0.017485633386662966,0.017235336008514714,0.0,0.0,0.0
2025-09-29,32,0.017485633386662966,0.017986228142959467,0.01773593076481122,0.0,0.0,0.0
2025-09-29,33,0.017986228142959467,0.01848682289925597,0.018236525521107716,0.0,0.0,0.0
2025-09-29,34,0.01848682289925597,0.018987417655552473,0.01873712027740422,0.0,0.0,0.0
2025-09-29,35,0.018987417655552473,0.019488012411848974,0.019237715033700725,0.0,0.0,0.0
2025-09-29,36,0.019488012411848974,0.019988607168145475,0.019738309789997223,0.0,0.0,0.0
2025-09-29,37,0.019988607168145475,0.02048920192444198,0.020238904546293728,0.0,0.0,0.0
2025-09-29,38,0.02048920192444198,0.02098979668073848,0.020739499302590232,0.0,0.0,0.0
2025-09-29,39,0.02098979668073848,0.021490391437034982,0.02124009405888673,0.0,0.0,0.0
2025-09-29,40,0.021490391437034982,0.021990986193331483,0.021740688815183234,0.0,0.0,0.0
2025-09-29,41,0.021990986193331483,0.022491580949627984,0.022241283571479732,0.0,0.0,0.0
2025-09-29,42,0.022491580949627984,0.02299217570592449,0.022741878327776237,0.0,0.0,0.0
2025-09-29,43,0.02299217570592449,0.02349277046222099,0.02324247308407274,0.0,0.0,0.0
2025-09-29,44,0.02349277046222099,0.02399336521851749,0.02374306784036924,0.0,0.0,0.0
2025-09-29,45,0.02399336521851749,0.024493959974813996,0.024243662596665744,0.0,0.0,0.0
2025-09-29,46,0.024493959974813996,0.024994554731110497,0.02474425735296225,0.0,0.0,0.0
2025-09-29,47,0.024994554731110497,0.025495149487407,0.025244852109258746,0.0,0.0,0.0
2025-09-29,48,0.025495149487407,0.0259957442437035,0.02574544686555525,0.0,0.0,0.0
2025-09-29,49,0.0259957442437035,0.026496339,0.02624604162185175,0.0,0.0,0.0
2025-09-30,0,0.0014666011851749,0.0019671959414714023,0.0017168985633231513,0.0,0.0,0.0
2025-09-30,1,0.0019671959414714023,0.0024677906977679043,0.0022174933196196533,0.0,0.0,0.0
2025-09-30,2,0.0024677906977679043,0.0029683854540644063,0.0027180880759161553,13152219.029395344,0.0,6986056.552999999
2025-09-30,3,0.0029683854540644063,0.0034689802103609084,0.0032186828322126573,65943671.079746045,0.0,38595988.0
2025-09-30,4,0.0034689802103609084,0.00396957496665741,0.0037192775885091594,17295752.371482484,0.0,16827790.7016
2025-09-30,5,0.00396957496665741,0.004470169722953912,0.004219872344805661,49238617.25774286,0.0,43494612.761
2025-09-30,6,0.004470169722953912,0.0049707644792504144,0.004720467101102164,31551236.918437295,0.0,31128520.773
2025-09-30,7,0.0049707644792504144,0.0054713592355469165,0.005221061857398665,178436891.52749762,0.0,118048075.81400001
2025-09-30,8,0.0054713592355469165,0.0059719539918434185,0.005721656613695168,13345035.710847288,0.0,22084618.486
2025-09-30,9,0.0059719539918434185,0.0064725487481399205,0.006222251369991669,0.0,0.0,0.0
2025-09-30,10,0.0064725487481399205,0.0069731435044364225,0.006722846126288172,1157918716.2303452,0.0,80381806.23599999
2025-09-30,11,0.0069731435044364225,0.007473738260732925,0.007223440882584673,0.0,0.0,0.0
2025-09-30,12,0.007473738260732925,0.007974333017029427,0.007724035638881176,0.0,0.0,0.0
2025-09-30,13,0.007974333017029427,0.008474927773325928,0.008224630395177677,85641080.43100621,0.0,34715596.209000036
2025-09-30,14,0.008474927773325928,0.00897552252962243,0.00872522515147418,0.0,0.0,0.0
2025-09-30,15,0.00897552252962243,0.009476117285918932,0.009225819907770681,0.0,0.0,0.0
2025-09-30,16,0.009476117285918932,0.009976712042215433,0.009726414664067182,0.0,0.0,0.0
2025-09-30,17,0.009976712042215433,0.010477306798511936,0.010227009420363684,0.0,0.0,0.0
2025-09-30,18,0.010477306798511936,0.010977901554808439,0.010727604176660188,0.0,0.0,0.0
2025-09-30,19,0.010977901554808439,0.01147849631110494,0.01122819893295669,0.0,0.0,0.0
2025-09-30,20,0.01147849631110494,0.011979091067401441,0.01172879368925319,0.0,0.0,0.0
2025-09-30,21,0.011979091067401441,0.012479685823697944,0.012229388445549692,0.0,0.0,0.0
2025-09-30,22,0.012479685823697944,0.012980280579994447,0.012729983201846196,0.0,0.0,0.0
2025-09-30,23,0.012980280579994447,0.013480875336290948,0.013230577958142697,0.0,0.0,0.0
2025-09-30,24,0.013480875336290948,0.01398147009258745,0.013731172714439199,0.0,0.0,0.0
2025-09-30,25,0.01398147009258745,0.014482064848883952,0.0142317674707357,0.0,0.0,0.0
2025-09-30,26,0.014482064848883952,0.014982659605180455,0.014732362227032204,0.0,0.0,0.0
2025-09-30,27,0.014982659605180455,0.015483254361476956,0.015232956983328706,0.0,0.0,0.0
2025-09-30,28,0.015483254361476956,0.01598384911777346,0.015733551739625207,0.0,0.0,0.0
2025-09-30,29,0.01598384911777346,0.01648444387406996,0.01623414649592171,0.0,0.0,0.0
2025-09-30,30,0.01648444387406996,0.016985038630366465,0.016734741252218212,0.0,0.0,0.0
2025-09-30,31,0.016985038630366465,0.017485633386662966,0.017235336008514714,0.0,0.0,0.0
2025-09-30,32,0.017485633386662966,0.017986228142959467,0.01773593076481122,0.0,0.0,0.0
2025-09-30,33,0.017986228142959467,0.01848682289925597,0.018236525521107716,0.0,0.0,0.0
2025-09-30,34,0.01848682289925597,0.018987417655552473,0.01873712027740422,0.0,0.0,0.0
2025-09-30,35,0.018987417655552473,0.019488012411848974,0.019237715033700725,0.0,0.0,0.0
2025-09-30,36,0.019488012411848974,0.019988607168145475,0.019738309789997223,0.0,0.0,0.0
2025-09-30,37,0.019988607168145475,0.02048920192444198,0.020238904546293728,0.0,0.0,0.0
2025-09-30,38,0.02048920192444198,0.02098979668073848,0.020739499302590232,0.0,0.0,0.0
2025-09-30,39,0.02098979668073848,0.021490391437034982,0.02124009405888673,0.0,0.0,0.0
2025-09-30,40,0.021490391437034982,0.021990986193331483,0.021740688815183234,0.0,0.0,0.0
2025-09-30,41,0.021990986193331483,0.022491580949627984,0.022241283571479732,0.0,0.0,0.0
2025-09-30,42,0.022491580949627984,0.02299217570592449,0.022741878327776237,0.0,0.0,0.0
2025-09-30,43,0.02299217570592449,0.02349277046222099,0.02324247308407274,0.0,0.0,0.0
2025-09-30,44,0.02349277046222099,0.02399336521851749,0.02374306784036924,0.0,0.0,0.0
2025-09-30,45,0.02399336521851749,0.024493959974813996,0.024243662596665744,0.0,0.0,0.0
2025-09-30,46,0.024493959974813996,0.024994554731110497,0.02474425735296225,0.0,0.0,0.0
2025-09-30,47,0.024994554731110497,0.025495149487407,0.025244852109258746,0.0,0.0,0.0
2025-09-30,48,0.025495149487407,0.0259957442437035,0.02574544686555525,0.0,0.0,0.0
2025-09-30,49,0.0259957442437035,0.026496339,0.02624604162185175,0.0,0.0,0.0
2025-10-01,0,0.0014666011851749,0.0019671959414714023,0.0017168985633231513,0.0,0.0,0.0
2025-10-01,1,0.0019671959414714023,0.0024677906977679043,0.0022174933196196533,0.0,0.0,0.0
2025-10-01,2,0.0024677906977679043,0.0029683854540644063,0.0027180880759161553,12107552.472909924,0.0,6986056.552999999
2025-10-01,3,0.0029683854540644063,0.0034689802103609084,0.0032186828322126573,64423603.97419485,0.0,38595988.0
2025-10-01,4,0.0034689802103609084,0.00396957496665741,0.0037192775885091594,16467387.328161696,0.0,16827790.7016
2025-10-01,5,0.00396957496665741,0.004470169722953912,0.004219872344805661,42790897.02868809,0.0,43494612.761
2025-10-01,6,0.004470169722953912,0.0049707644792504144,0.004720467101102164,30758999.26702441,0.0,31128520.773
2025-10-01,7,0.0049707644792504144,0.0054713592355469165,0.005221061857398665,139531902.55873525,0.0,111417843.6014
2025-10-01,8,0.0054713592355469165,0.0059719539918434185,0.005721656613695168,13200032.499046287,0.0,22084618.486
2025-10-01,9,0.0059719539918434185,0.0064725487481399205,0.006222251369991669,0.0,0.0,0.0
2025-10-01,10,0.0064725487481399205,0.0069731435044364225,0.006722846126288172,1151560822.2991776,0.0,65934317.951000035
2025-10-01,11,0.0069731435044364225,0.007473738260732925,0.007223440882584673,0.0,0.0,0.0
2025-10-01,12,0.007473738260732925,0.007974333017029427,0.007724035638881176,0.0,0.0,0.0
2025-10-01,13,0.007974333017029427,0.008474927773325928,0.008224630395177677,82667338.08429919,0.0,17171972.68699999
2025-10-01,14,0.008474927773325928,0.00897552252962243,0.00872522515147418,76649187.34332724,0.0,36853862.314500004
2025-10-01,15,0.00897552252962243,0.009476117285918932,0.009225819907770681,0.0,0.0,0.0
2025-10-01,16,0.009476117285918932,0.009976712042215433,0.009726414664067182,0.0,0.0,0.0
2025-10-01,17,0.009976712042215433,0.010477306798511936,0.010227009420363684,0.0,0.0,0.0
2025-10-01,18,0.010477306798511936,0.010977901554808439,0.010727604176660188,0.0,0.0,0.0
2025-10-01,19,0.010977901554808439,0.01147849631110494,0.01122819893295669,0.0,0.0,0.0
2025-10-01,20,0.01147849631110494,0.011979091067401441,0.01172879368925319,0.0,0.0,0.0
2025-10-01,21,0.011979091067401441,0.012479685823697944,0.012229388445549692,0.0,0.0,0.0
2025-10-01,22,0.012479685823697944,0.012980280579994447,0.012729983201846196,0.0,0.0,0.0
2025-10-01,23,0.012980280579994447,0.013480875336290948,0.013230577958142697,0.0,0.0,0.0
2025-10-01,24,0.013480875336290948,0.01398147009258745,0.013731172714439199,0.0,0.0,0.0
2025-10-01,25,0.01398147009258745,0.014482064848883952,0.0142317674707357,0.0,0.0,0.0
2025-10-01,26,0.014482064848883952,0.014982659605180455,0.014732362227032204,0.0,0.0,0.0
2025-10-01,27,0.014982659605180455,0.015483254361476956,0.015232956983328706,0.0,0.0,0.0
2025-10-01,28,0.015483254361476956,0.01598384911777346,0.015733551739625207,0.0,0.0,0.0
2025-10-01,29,0.01598384911777346,0.01648444387406996,0.01623414649592171,0.0,0.0,0.0
2025-10-01,30,0.01648444387406996,0.016985038630366465,0.016734741252218212,0.0,0.0,0.0
2025-10-01,31,0.016985038630366465,0.017485633386662966,0.017235336008514714,0.0,0.0,0.0
2025-10-01,32,0.017485633386662966,0.017986228142959467,0.01773593076481122,0.0,0.0,0.0
2025-10-01,33,0.017986228142959467,0.01848682289925597,0.018236525521107716,0.0,0.0,0.0
2025-10-01,34,0.01848682289925597,0.018987417655552473,0.01873712027740422,0.0,0.0,0.0
2025-10-01,35,0.018987417655552473,0.019488012411848974,0.019237715033700725,0.0,0.0,0.0
2025-10-01,36,0.019488012411848974,0.019988607168145475,0.019738309789997223,0.0,0.0,0.0
2025-10-01,37,0.019988607168145475,0.02048920192444198,0.020238904546293728,0.0,0.0,0.0
2025-10-01,38,0.02048920192444198,0.02098979668073848,0.020739499302590232,0.0,0.0,0.0
2025-10-01,39,0.02098979668073848,0.021490391437034982,0.02124009405888673,0.0,0.0,0.0
2025-10-01,40,0.021490391437034982,0.021990986193331483,0.021740688815183234,0.0,0.0,0.0
2025-10-01,41,0.021990986193331483,0.022491580949627984,0.022241283571479732,0.0,0.0,0.0
2025-10-01,42,0.022491580949627984,0.02299217570592449,0.022741878327776237,0.0,0.0,0.0
2025-10-01,43,0.02299217570592449,0.02349277046222099,0.02324247308407274,0.0,0.0,0.0
2025-10-01,44,0.02349277046222099,0.02399336521851749,0.02374306784036924,0.0,0.0,0.0
2025-10-01,45,0.02399336521851749,0.024493959974813996,0.024243662596665744,0.0,0.0,0.0
2025-10-01,46,0.024493959974813996,0.024994554731110497,0.02474425735296225,0.0,0.0,0.0
2025-10-01,47,0.024994554731110497,0.025495149487407,0.025244852109258746,0.0,0.0,0.0
2025-10-01,48,0.025495149487407,0.0259957442437035,0.02574544686555525,0.0,0.0,0.0
2025-10-01,49,0.0259957442437035,0.026496339,0.02624604162185175,0.0,0.0,0.0
2025-10-02,0,0.0014666011851749,0.0019671959414714023,0.0017168985633231513,0.0,0.0,0.0
2025-10-02,1,0.0019671959414714023,0.0024677906977679043,0.0022174933196196533,0.0,0.0,0.0
2025-10-02,2,0.0024677906977679043,0.0029683854540644063,0.0027180880759161553,11599552.472909924,0.0,6986056.552999999
2025-10-02,3,0.0029683854540644063,0.0034689802103609084,0.0032186828322126573,53718604.340086155,0.0,38595988.0
2025-10-02,4,0.0034689802103609084,0.00396957496665741,0.0037192775885091594,16130451.128603894,0.0,16827790.7016
2025-10-02,5,0.00396957496665741,0.004470169722953912,0.004219872344805661,42582540.05389154,0.0,43494612.761
2025-10-02,6,0.004470169722953912,0.0049707644792504144,0.004720467101102164,30056514.61767646,0.0,31128520.773
2025-10-02,7,0.0049707644792504144,0.0054713592355469165,0.005221061857398665,127428719.69953923,0.0,111159179.47415002
2025-10-02,8,0.0054713592355469165,0.0059719539918434185,0.005721656613695168,13099339.761739288,0.0,22084618.486
2025-10-02,9,0.0059719539918434185,0.0064725487481399205,0.006222251369991669,0.0,0.0,0.0
2025-10-02,10,0.0064725487481399205,0.0069731435044364225,0.006722846126288172,1146599030.1625395,0.0,58127935.78100003
2025-10-02,11,0.0069731435044364225,0.007473738260732925,0.007223440882584673,0.0,0.0,0.0
2025-10-02,12,0.007473738260732925,0.007974333017029427,0.007724035638881176,0.0,0.0,0.0
2025-10-02,13,0.007974333017029427,0.008474927773325928,0.008224630395177677,81846491.46976137,0.0,11772486.731999991
2025-10-02,14,0.008474927773325928,0.00897552252962243,0.00872522515147418,67426232.87147428,0.0,36853862.314500004
2025-10-02,15,0.00897552252962243,0.009476117285918932,0.009225819907770681,38711186.88142309,0.0,16813125.465225
2025-10-02,16,0.009476117285918932,0.009976712042215433,0.009726414664067182,0.0,0.0,0.0
2025-10-02,17,0.009976712042215433,0.010477306798511936,0.010227009420363684,0.0,0.0,0.0
2025-10-02,18,0.010477306798511936,0.010977901554808439,0.010727604176660188,0.0,0.0,0.0
2025-10-02,19,0.010977901554808439,0.01147849631110494,0.01122819893295669,0.0,0.0,0.0
2025-10-02,20,0.01147849631110494,0.011979091067401441,0.01172879368925319,0.0,0.0,0.0
2025-10-02,21,0.011979091067401441,0.012479685823697944,0.012229388445549692,0.0,0.0,0.0
2025-10-02,22,0.012479685823697944,0.012980280579994447,0.012729983201846196,0.0,0.0,0.0
2025-10-02,23,0.012980280579994447,0.013480875336290948,0.013230577958142697,0.0,0.0,0.0
2025-10-02,24,0.013480875336290948,0.01398147009258745,0.013731172714439199,0.0,0.0,0.0
2025-10-02,25,0.01398147009258745,0.014482064848883952,0.0142317674707357,0.0,0.0,0.0
2025-10-02,26,0.014482064848883952,0.014982659605180455,0.014732362227032204,0.0,0.0,0.0
2025-10-02,27,0.014982659605180455,0.015483254361476956,0.015232956983328706,0.0,0.0,0.0
2025-10-02,28,0.015483254361476956,0.01598384911777346,0.015733551739625207,0.0,0.0,0.0
2025-10-02,29,0.01598384911777346,0.01648444387406996,0.01623414649592171,0.0,0.0,0.0
2025-10-02,30,0.01648444387406996,0.016985038630366465,0.016734741252218212,0.0,0.0,0.0
2025-10-02,31,0.016985038630366465,0.017485633386662966,0.017235336008514714,0.0,0.0,0.0
2025-10-02,32,0.017485633386662966,0.017986228142959467,0.01773593076481122,0.0,0.0,0.0
2025-10-02,33,0.017986228142959467,0.01848682289925597,0.018236525521107716,0.0,0.0,0.0
2025-10-02,34,0.01848682289925597,0.018987417655552473,0.01873712027740422,0.0,0.0,0.0
2025-10-02,35,0.018987417655552473,0.019488012411848974,0.019237715033700725,0.0,0.0,0.0
2025-10-02,36,0.019488012411848974,0.019988607168145475,0.019738309789997223,0.0,0.0,0.0
2025-10-02,37,0.019988607168145475,0.02048920192444198,0.020238904546293728,0.0,0.0,0.0
2025-10-02,38,0.02048920192444198,0.02098979668073848,0.020739499302590232,0.0,0.0,0.0
2025-10-02,39,0.02098979668073848,0.021490391437034982,0.02124009405888673,0.0,0.0,0.0
2025-10-02,40,0.021490391437034982,0.021990986193331483,0.021740688815183234,0.0,0.0,0.0
2025-10-02,41,0.021990986193331483,0.022491580949627984,0.022241283571479732,0.0,0.0,0.0
2025-10-02,42,0.022491580949627984,0.02299217570592449,0.022741878327776237,0.0,0.0,0.0
2025-10-02,43,0.02299217570592449,0.02349277046222099,0.02324247308407274,0.0,0.0,0.0
2025-10-02,44,0.02349277046222099,0.02399336521851749,0.02374306784036924,0.0,0.0,0.0
2025-10-02,45,0.02399336521851749,0.024493959974813996,0.024243662596665744,0.0,0.0,0.0
2025-10-02,46,0.024493959974813996,0.024994554731110497,0.02474425735296225,0.0,0.0,0.0
2025-10-02,47,0.024994554731110497,0.025495149487407,0.025244852109258746,0.0,0.0,0.0
2025-10-02,48,0.025495149487407,0.0259957442437035,0.02574544686555525,0.0,0.0,0.0
2025-10-02,49,0.0259957442437035,0.026496339,0.02624604162185175,0.0,0.0,0.0
2025-10-03,0,0.0014666011851749,0.0019671959414714023,0.0017168985633231513,0.0,0.0,0.0
2025-10-03,1,0.0019671959414714023,0.0024677906977679043,0.0022174933196196533,0.0,0.0,0.0
2025-10-03,2,0.0024677906977679043,0.0029683854540644063,0.0027180880759161553,8094749.055019542,0.0,6206931.951599982
2025-10-03,3,0.0029683854540644063,0.0034689802103609084,0.0032186828322126573,35030278.22934804,0.0,27831536.130000003
2025-10-03,4,0.0034689802103609084,0.00396957496665741,0.0037192775885091594,12893043.715534192,0.0,12532707.751
2025-10-03,5,0.00396957496665741,0.004470169722953912,0.004219872344805661,39695559.881052904,0.0,35676775.489999995
2025-10-03,6,0.004470169722953912,0.0049707644792504144,0.004720467101102164,28835201.11026754,0.0,14130082.325000037
2025-10-03,7,0.0049707644792504144,0.0054713592355469165,0.005221061857398665,84935431.62159255,0.0,50804247.865550004
2025-10-03,8,0.0054713592355469165,0.0059719539918434185,0.005721656613695168,11718545.763013076,0.0,0.0
2025-10-03,9,0.0059719539918434185,0.0064725487481399205,0.006222251369991669,0.0,0.0,0.0
2025-10-03,10,0.0064725487481399205,0.0069731435044364225,0.006722846126288172,1125814001.065582,0.0,40476190.48
2025-10-03,11,0.0069731435044364225,0.007473738260732925,0.007223440882584673,0.0,0.0,0.0
2025-10-03,12,0.007473738260732925,0.007974333017029427,0.007724035638881176,0.0,0.0,0.0
2025-10-03,13,0.007974333017029427,0.008474927773325928,0.008224630395177677,73195985.20543036,0.0,0.0
2025-10-03,14,0.008474927773325928,0.00897552252962243,0.00872522515147418,378596894.2801565,0.0,168754681.2795
2025-10-03,15,0.00897552252962243,0.009476117285918932,0.009225819907770681,23589388.21816882,0.0,16813125.465225
2025-10-03,16,0.009476117285918932,0.009976712042215433,0.009726414664067182,0.0,0.0,0.0
2025-10-03,17,0.009976712042215433,0.010477306798511936,0.010227009420363684,0.0,0.0,0.0
2025-10-03,18,0.010477306798511936,0.010977901554808439,0.010727604176660188,0.0,0.0,0.0
2025-10-03,19,0.010977901554808439,0.01147849631110494,0.01122819893295669,0.0,0.0,0.0
2025-10-03,20,0.01147849631110494,0.011979091067401441,0.01172879368925319,0.0,0.0,0.0
2025-10-03,21,0.011979091067401441,0.012479685823697944,0.012229388445549692,0.0,0.0,0.0
2025-10-03,22,0.012479685823697944,0.012980280579994447,0.012729983201846196,0.0,0.0,0.0
2025-10-03,23,0.012980280579994447,0.013480875336290948,0.013230577958142697,0.0,0.0,0.0
2025-10-03,24,0.013480875336290948,0.01398147009258745,0.013731172714439199,0.0,0.0,0.0
2025-10-03,25,0.01398147009258745,0.014482064848883952,0.0142317674707357,0.0,0.0,0.0
2025-10-03,26,0.014482064848883952,0.014982659605180455,0.014732362227032204,0.0,0.0,0.0
2025-10-03,27,0.014982659605180455,0.015483254361476956,0.015232956983328706,0.0,0.0,0.0
2025-10-03,28,0.015483254361476956,0.01598384911777346,0.015733551739625207,0.0,0.0,0.0
2025-10-03,29,0.01598384911777346,0.01648444387406996,0.01623414649592171,0.0,0.0,0.0
2025-10-03,30,0.01648444387406996,0.016985038630366465,0.016734741252218212,0.0,0.0,0.0
2025-10-03,31,0.016985038630366465,0.017485633386662966,0.017235336008514714,0.0,0.0,0.0
2025-10-03,32,0.017485633386662966,0.017986228142959467,0.01773593076481122,0.0,0.0,0.0
2025-10-03,33,0.017986228142959467,0.01848682289925597,0.018236525521107716,0.0,0.0,0.0
2025-10-03,34,0.01848682289925597,0.018987417655552473,0.01873712027740422,0.0,0.0,0.0
2025-10-03,35,0.018987417655552473,0.019488012411848974,0.019237715033700725,0.0,0.0,0.0
2025-10-03,36,0.019488012411848974,0.019988607168145475,0.019738309789997223,0.0,0.0,0.0
2025-10-03,37,0.019988607168145475,0.02048920192444198,0.020238904546293728,0.0,0.0,0.0
2025-10-03,38,0.02048920192444198,0.02098979668073848,0.020739499302590232,0.0,0.0,0.0
2025-10-03,39,0.02098979668073848,0.021490391437034982,0.02124009405888673,0.0,0.0,0.0
2025-10-03,40,0.021490391437034982,0.021990986193331483,0.021740688815183234,0.0,0.0,0.0
2025-10-03,41,0.021990986193331483,0.022491580949627984,0.022241283571479732,0.0,0.0,0.0
2025-10-03,42,0.022491580949627984,0.02299217570592449,0.022741878327776237,0.0,0.0,0.0
2025-10-03,43,0.02299217570592449,0.02349277046222099,0.02324247308407274,0.0,0.0,0.0
2025-10-03,44,0.02349277046222099,0.02399336521851749,0.02374306784036924,0.0,0.0,0.0
2025-10-03,45,0.02399336521851749,0.024493959974813996,0.024243662596665744,0.0,0.0,0.0
2025-10-03,46,0.024493959974813996,0.024994554731110497,0.02474425735296225,0.0,0.0,0.0
2025-10-03,47,0.024994554731110497,0.025495149487407,0.025244852109258746,0.0,0.0,0.0
2025-10-03,48,0.025495149487407,0.0259957442437035,0.02574544686555525,0.0,0.0,0.0
2025-10-03,49,0.0259957442437035,0.026496339,0.02624604162185175,0.0,0.0,0.0
2025-10-04,0,0.0014666011851749,0.0019671959414714023,0.0017168985633231513,0.0,0.0,0.0
2025-10-04,1,0.0019671959414714023,0.0024677906977679043,0.0022174933196196533,0.0,0.0,0.0
2025-10-04,2,0.0024677906977679043,0.0029683854540644063,0.0027180880759161553,7872334.423880082,0.0,3088012.564
2025-10-04,3,0.0029683854540644063,0.0034689802103609084,0.0032186828322126573,34754573.49636552,0.0,25244555.441599984
2025-10-04,4,0.0034689802103609084,0.00396957496665741,0.0037192775885091594,7124664.595010651,0.0,12532707.751
2025-10-04,5,0.00396957496665741,0.004470169722953912,0.004219872344805661,36776700.77447107,0.0,19883606.279000036
2025-10-04,6,0.004470169722953912,0.0049707644792504144,0.004720467101102164,28560191.76590595,0.0,4759888.926
2025-10-04,7,0.0049707644792504144,0.0054713592355469165,0.005221061857398665,80952503.87888062,0.0,49175692.6301
2025-10-04,8,0.0054713592355469165,0.0059719539918434185,0.005721656613695168,11662885.777754128,0.0,0.0
2025-10-04,9,0.0059719539918434185,0.0064725487481399205,0.006222251369991669,0.0,0.0,0.0
2025-10-04,10,0.0064725487481399205,0.0069731435044364225,0.006722846126288172,1122846719.6838071,0.0,40476190.48
2025-10-04,11,0.0069731435044364225,0.007473738260732925,0.007223440882584673,0.0,0.0,0.0
2025-10-04,12,0.007473738260732925,0.007974333017029427,0.007724035638881176,0.0,0.0,0.0
2025-10-04,13,0.007974333017029427,0.008474927773325928,0.008224630395177677,72022833.69604829,0.0,0.0
2025-10-04,14,0.008474927773325928,0.00897552252962243,0.00872522515147418,308214929.71056265,0.0,168420934.68815002
2025-10-04,15,0.00897552252962243,0.009476117285918932,0.009225819907770681,22621215.35830597,0.0,16813125.465225
2025-10-04,16,0.009476117285918932,0.009976712042215433,0.009726414664067182,0.0,0.0,0.0
2025-10-04,17,0.009976712042215433,0.010477306798511936,0.010227009420363684,0.0,0.0,0.0
2025-10-04,18,0.010477306798511936,0.010977901554808439,0.010727604176660188,0.0,0.0,0.0
2025-10-04,19,0.010977901554808439,0.01147849631110494,0.01122819893295669,0.0,0.0,0.0
2025-10-04,20,0.01147849631110494,0.011979091067401441,0.01172879368925319,0.0,0.0,0.0
2025-10-04,21,0.011979091067401441,0.012479685823697944,0.012229388445549692,0.0,0.0,0.0
2025-10-04,22,0.012479685823697944,0.012980280579994447,0.012729983201846196,0.0,0.0,0.0
2025-10-04,23,0.012980280579994447,0.013480875336290948,0.013230577958142697,0.0,0.0,0.0
2025-10-04,24,0.013480875336290948,0.01398147009258745,0.013731172714439199,0.0,0.0,0.0
2025-10-04,25,0.01398147009258745,0.014482064848883952,0.0142317674707357,0.0,0.0,0.0
2025-10-04,26,0.014482064848883952,0.014982659605180455,0.014732362227032204,0.0,0.0,0.0
2025-10-04,27,0.014982659605180455,0.015483254361476956,0.015232956983328706,0.0,0.0,0.0
2025-10-04,28,0.015483254361476956,0.01598384911777346,0.015733551739625207,0.0,0.0,0.0
2025-10-04,29,0.01598384911777346,0.01648444387406996,0.01623414649592171,0.0,0.0,0.0
2025-10-04,30,0.01648444387406996,0.016985038630366465,0.016734741252218212,0.0,0.0,0.0
2025-10-04,31,0.016985038630366465,0.017485633386662966,0.017235336008514714,0.0,0.0,0.0
2025-10-04,32,0.017485633386662966,0.017986228142959467,0.01773593076481122,0.0,0.0,0.0
2025-10-04,33,0.017986228142959467,0.01848682289925597,0.018236525521107716,0.0,0.0,0.0
2025-10-04,34,0.01848682289925597,0.018987417655552473,0.01873712027740422,0.0,0.0,0.0
2025-10-04,35,0.018987417655552473,0.019488012411848974,0.019237715033700725,0.0,0.0,0.0
2025-10-04,36,0.019488012411848974,0.019988607168145475,0.019738309789997223,0.0,0.0,0.0
2025-10-04,37,0.019988607168145475,0.02048920192444198,0.020238904546293728,0.0,0.0,0.0
2025-10-04,38,0.02048920192444198,0.02098979668073848,0.020739499302590232,0.0,0.0,0.0
2025-10-04,39,0.02098979668073848,0.021490391437034982,0.02124009405888673,0.0,0.0,0.0
2025-10-04,40,0.021490391437034982,0.021990986193331483,0.021740688815183234,0.0,0.0,0.0
2025-10-04,41,0.021990986193331483,0.022491580949627984,0.022241283571479732,0.0,0.0,0.0
2025-10-04,42,0.022491580949627984,0.02299217570592449,0.022741878327776237,0.0,0.0,0.0
2025-10-04,43,0.02299217570592449,0.02349277046222099,0.02324247308407274,0.0,0.0,0.0
2025-10-04,44,0.02349277046222099,0.02399336521851749,0.02374306784036924,0.0,0.0,0.0
2025-10-04,45,0.02399336521851749,0.024493959974813996,0.024243662596665744,106321525.6559393,0.0,33242690.0289
2025-10-04,46,0.024493959974813996,0.024994554731110497,0.02474425735296225,0.0,0.0,0.0
2025-10-04,47,0.024994554731110497,0.025495149487407,0.025244852109258746,0.0,0.0,0.0
2025-10-04,48,0.025495149487407,0.0259957442437035,0.02574544686555525,0.0,0.0,0.0
2025-10-04,49,0.0259957442437035,0.026496339,0.02624604162185175,0.0,0.0,0.0
2025-10-05,0,0.0014666011851749,0.0019671959414714023,0.0017168985633231513,0.0,0.0,0.0
2025-10-05,1,0.0019671959414714023,0.0024677906977679043,0.0022174933196196533,0.0,0.0,0.0
2025-10-05,2,0.0024677906977679043,0.0029683854540644063,0.0027180880759161553,7720368.319157081,0.0,3088012.564
2025-10-05,3,0.0029683854540644063,0.0034689802103609084,0.0032186828322126573,34664687.63787553,0.0,24588424.883
2025-10-05,4,0.0034689802103609084,0.00396957496665741,0.0037192775885091594,7037196.938029953,0.0,7918733.136
2025-10-05,5,0.00396957496665741,0.004470169722953912,0.004219872344805661,35859387.11899989,0.0,13575675.25359998
2025-10-05,6,0.004470169722953912,0.0049707644792504144,0.004720467101102164,28550114.260352448,0.0,1393135.8180000382
2025-10-05,7,0.0049707644792504144,0.0054713592355469165,0.005221061857398665,78779482.87782711,0.0,47418747.8631
2025-10-05,8,0.0054713592355469165,0.0059719539918434185,0.005721656613695168,11662885.777754128,0.0,0.0
2025-10-05,9,0.0059719539918434185,0.0064725487481399205,0.006222251369991669,0.0,0.0,0.0
2025-10-05,10,0.0064725487481399205,0.0069731435044364225,0.006722846126288172,1115743884.8657784,0.0,40476190.48
2025-10-05,11,0.0069731435044364225,0.007473738260732925,0.007223440882584673,0.0,0.0,0.0
2025-10-05,12,0.007473738260732925,0.007974333017029427,0.007724035638881176,0.0,0.0,0.0
2025-10-05,13,0.007974333017029427,0.008474927773325928,0.008224630395177677,71923656.75776567,0.0,0.0
2025-10-05,14,0.008474927773325928,0.00897552252962243,0.00872522515147418,279889727.5004901,0.0,168015812.898175
2025-10-05,15,0.00897552252962243,0.009476117285918932,0.009225819907770681,21606305.97595967,0.0,16811465.6183
2025-10-05,16,0.009476117285918932,0.009976712042215433,0.009726414664067182,0.0,0.0,0.0
2025-10-05,17,0.009976712042215433,0.010477306798511936,0.010227009420363684,0.0,0.0,0.0
2025-10-05,18,0.010477306798511936,0.010977901554808439,0.010727604176660188,0.0,0.0,0.0
2025-10-05,19,0.010977901554808439,0.01147849631110494,0.01122819893295669,0.0,0.0,0.0
2025-10-05,20,0.01147849631110494,0.011979091067401441,0.01172879368925319,0.0,0.0,0.0
2025-10-05,21,0.011979091067401441,0.012479685823697944,0.012229388445549692,0.0,0.0,0.0
2025-10-05,22,0.012479685823697944,0.012980280579994447,0.012729983201846196,0.0,0.0,0.0
2025-10-05,23,0.012980280579994447,0.013480875336290948,0.013230577958142697,0.0,0.0,0.0
2025-10-05,24,0.013480875336290948,0.01398147009258745,0.013731172714439199,0.0,0.0,0.0
2025-10-05,25,0.01398147009258745,0.014482064848883952,0.0142317674707357,0.0,0.0,0.0
2025-10-05,26,0.014482064848883952,0.014982659605180455,0.014732362227032204,0.0,0.0,0.0
2025-10-05,27,0.014982659605180455,0.015483254361476956,0.015232956983328706,0.0,0.0,0.0
2025-10-05,28,0.015483254361476956,0.01598384911777346,0.015733551739625207,0.0,0.0,0.0
2025-10-05,29,0.01598384911777346,0.01648444387406996,0.01623414649592171,0.0,0.0,0.0
2025-10-05,30,0.01648444387406996,0.016985038630366465,0.016734741252218212,0.0,0.0,0.0
2025-10-05,31,0.016985038630366465,0.017485633386662966,0.017235336008514714,0.0,0.0,0.0
2025-10-05,32,0.017485633386662966,0.017986228142959467,0.01773593076481122,0.0,0.0,0.0
2025-10-05,33,0.017986228142959467,0.01848682289925597,0.018236525521107716,0.0,0.0,0.0
2025-10-05,34,0.01848682289925597,0.018987417655552473,0.01873712027740422,0.0,0.0,0.0
2025-10-05,35,0.018987417655552473,0.019488012411848974,0.019237715033700725,0.0,0.0,0.0
2025-10-05,36,0.019488012411848974,0.019988607168145475,0.019738309789997223,0.0,0.0,0.0
2025-10-05,37,0.019988607168145475,0.02048920192444198,0.020238904546293728,0.0,0.0,0.0
2025-10-05,38,0.02048920192444198,0.02098979668073848,0.020739499302590232,0.0,0.0,0.0
2025-10-05,39,0.02098979668073848,0.021490391437034982,0.02124009405888673,0.0,0.0,0.0
2025-10-05,40,0.021490391437034982,0.021990986193331483,0.021740688815183234,0.0,0.0,0.0
2025-10-05,41,0.021990986193331483,0.022491580949627984,0.022241283571479732,0.0,0.0,0.0
2025-10-05,42,0.022491580949627984,0.02299217570592449,0.022741878327776237,0.0,0.0,0.0
2025-10-05,43,0.02299217570592449,0.02349277046222099,0.02324247308407274,0.0,0.0,0.0
2025-10-05,44,0.02349277046222099,0.02399336521851749,0.02374306784036924,0.0,0.0,0.0
2025-10-05,45,0.02399336521851749,0.024493959974813996,0.024243662596665744,95761036.79281674,0.0,33242690.0289
2025-10-05,46,0.024493959974813996,0.024994554731110497,0.02474425735296225,0.0,0.0,0.0
2025-10-05,47,0.024994554731110497,0.025495149487407,0.025244852109258746,54634787.76490823,0.0,17638776.281400003
2025-10-05,48,0.025495149487407,0.0259957442437035,0.02574544686555525,0.0,0.0,0.0
2025-10-05,49,0.0259957442437035,0.026496339,0.02624604162185175,0.0,0.0,0.0
2025-10-06,0,0.0014666011851749,0.0019671959414714023,0.0017168985633231513,0.0,0.0,0.0
2025-10-06,1,0.0019671959414714023,0.0024677906977679043,0.0022174933196196533,0.0,0.0,0.0
2025-10-06,2,0.0024677906977679043,0.0029683854540644063,0.0027180880759161553,7720245.008292551,0.0,3088012.564
2025-10-06,3,0.0029683854540644063,0.0034689802103609084,0.0032186828322126573,33433144.634739827,0.0,24588424.883
2025-10-06,4,0.0034689802103609084,0.00396957496665741,0.0037192775885091594,6965741.034241953,0.0,2930376.3590000398
2025-10-06,5,0.00396957496665741,0.004470169722953912,0.004219872344805661,35149426.888950475,0.0,6724167.774599981
2025-10-06,6,0.004470169722953912,0.0049707644792504144,0.004720467101102164,28494101.86720295,0.0,0.0
2025-10-06,7,0.0049707644792504144,0.0054713592355469165,0.005221061857398665,74732768.51933503,0.0,45549062.2801
2025-10-06,8,0.0054713592355469165,0.0059719539918434185,0.005721656613695168,11353940.541811729,0.0,0.0
2025-10-06,9,0.0059719539918434185,0.0064725487481399205,0.006222251369991669,0.0,0.0,0.0
2025-10-06,10,0.0064725487481399205,0.0069731435044364225,0.006722846126288172,1112233410.0381534,0.0,40476190.48
2025-10-06,11,0.0069731435044364225,0.007473738260732925,0.007223440882584673,0.0,0.0,0.0
2025-10-06,12,0.007473738260732925,0.007974333017029427,0.007724035638881176,0.0,0.0,0.0
2025-10-06,13,0.007974333017029427,0.008474927773325928,0.008224630395177677,71543830.91271813,0.0,0.0
2025-10-06,14,0.008474927773325928,0.00897552252962243,0.00872522515147418,254299177.13407087,0.0,167832866.097
2025-10-06,15,0.00897552252962243,0.009476117285918932,0.009225819907770681,21322808.43686347,0.0,16811465.6183
2025-10-06,16,0.009476117285918932,0.009976712042215433,0.009726414664067182,0.0,0.0,0.0
2025-10-06,17,0.009976712042215433,0.010477306798511936,0.010227009420363684,0.0,0.0,0.0
2025-10-06,18,0.010477306798511936,0.010977901554808439,0.010727604176660188,0.0,0.0,0.0
2025-10-06,19,0.010977901554808439,0.01147849631110494,0.01122819893295669,0.0,0.0,0.0
2025-10-06,20,0.01147849631110494,0.011979091067401441,0.01172879368925319,0.0,0.0,0.0
2025-10-06,21,0.011979091067401441,0.012479685823697944,0.012229388445549692,0.0,0.0,0.0
2025-10-06,22,0.012479685823697944,0.012980280579994447,0.012729983201846196,0.0,0.0,0.0
2025-10-06,23,0.012980280579994447,0.013480875336290948,0.013230577958142697,0.0,0.0,0.0
2025-10-06,24,0.013480875336290948,0.01398147009258745,0.013731172714439199,0.0,0.0,0.0
2025-10-06,25,0.01398147009258745,0.014482064848883952,0.0142317674707357,0.0,0.0,0.0
2025-10-06,26,0.014482064848883952,0.014982659605180455,0.014732362227032204,0.0,0.0,0.0
2025-10-06,27,0.014982659605180455,0.015483254361476956,0.015232956983328706,0.0,0.0,0.0
2025-10-06,28,0.015483254361476956,0.01598384911777346,0.015733551739625207,0.0,0.0,0.0
2025-10-06,29,0.01598384911777346,0.01648444387406996,0.01623414649592171,0.0,0.0,0.0
2025-10-06,30,0.01648444387406996,0.016985038630366465,0.016734741252218212,0.0,0.0,0.0
2025-10-06,31,0.016985038630366465,0.017485633386662966,0.017235336008514714,0.0,0.0,0.0
2025-10-06,32,0.017485633386662966,0.017986228142959467,0.01773593076481122,0.0,0.0,0.0
2025-10-06,33,0.017986228142959467,0.01848682289925597,0.018236525521107716,0.0,0.0,0.0
2025-10-06,34,0.01848682289925597,0.018987417655552473,0.01873712027740422,0.0,0.0,0.0
2025-10-06,35,0.018987417655552473,0.019488012411848974,0.019237715033700725,0.0,0.0,0.0
2025-10-06,36,0.019488012411848974,0.019988607168145475,0.019738309789997223,0.0,0.0,0.0
2025-10-06,37,0.019988607168145475,0.02048920192444198,0.020238904546293728,0.0,0.0,0.0
2025-10-06,38,0.02048920192444198,0.02098979668073848,0.020739499302590232,0.0,0.0,0.0
2025-10-06,39,0.02098979668073848,0.021490391437034982,0.02124009405888673,0.0,0.0,0.0
2025-10-06,40,0.021490391437034982,0.021990986193331483,0.021740688815183234,0.0,0.0,0.0
2025-10-06,41,0.021990986193331483,0.022491580949627984,0.022241283571479732,0.0,0.0,0.0
2025-10-06,42,0.022491580949627984,0.02299217570592449,0.022741878327776237,0.0,0.0,0.0
2025-10-06,43,0.02299217570592449,0.02349277046222099,0.02324247308407274,0.0,0.0,0.0
2025-10-06,44,0.02349277046222099,0.02399336521851749,0.02374306784036924,0.0,0.0,0.0
2025-10-06,45,0.02399336521851749,0.024493959974813996,0.024243662596665744,155571305.717441,0.0,48107489.024075
2025-10-06,46,0.024493959974813996,0.024994554731110497,0.02474425735296225,0.0,0.0,0.0
2025-10-06,47,0.024994554731110497,0.025495149487407,0.025244852109258746,47198120.134907424,0.0,17638776.281400003
2025-10-06,48,0.025495149487407,0.0259957442437035,0.02574544686555525,0.0,0.0,0.0
2025-10-06,49,0.0259957442437035,0.026496339,0.02624604162185175,0.0,0.0,0.0
2025-10-07,0,0.0014666011851749,0.0019671959414714023,0.0017168985633231513,0.0,0.0,0.0
2025-10-07,1,0.0019671959414714023,0.0024677906977679043,0.0022174933196196533,0.0,0.0,0.0
2025-10-07,2,0.0024677906977679043,0.0029683854540644063,0.0027180880759161553,6609964.005712551,0.0,1649104.6460000412
2025-10-07,3,0.0029683854540644063,0.0034689802103609084,0.0032186828322126573,32467324.012811985,0.0,6460722.37
2025-10-07,4,0.0034689802103609084,0.00396957496665741,0.0037192775885091594,6920742.335187153,0.0,0.0
2025-10-07,5,0.00396957496665741,0.004470169722953912,0.004219872344805661,34093942.33208381,0.0,4974178.657
2025-10-07,6,0.004470169722953912,0.0049707644792504144,0.004720467101102164,28389533.997691948,0.0,0.0
2025-10-07,7,0.0049707644792504144,0.0054713592355469165,0.005221061857398665,73361226.34261173,0.0,41378468.51269998
2025-10-07,8,0.0054713592355469165,0.0059719539918434185,0.005721656613695168,11180128.664222129,0.0,0.0
2025-10-07,9,0.0059719539918434185,0.0064725487481399205,0.006222251369991669,0.0,0.0,0.0
2025-10-07,10,0.0064725487481399205,0.0069731435044364225,0.006722846126288172,1098701784.1556065,0.0,40476190.48
2025-10-07,11,0.0069731435044364225,0.007473738260732925,0.007223440882584673,0.0,0.0,0.0
2025-10-07,12,0.007473738260732925,0.007974333017029427,0.007724035638881176,0.0,0.0,0.0
2025-10-07,13,0.007974333017029427,0.008474927773325928,0.008224630395177677,70993290.45541325,0.0,0.0
2025-10-07,14,0.008474927773325928,0.00897552252962243,0.00872522515147418,200190228.7442834,0.0,167832866.097
2025-10-07,15,0.00897552252962243,0.009476117285918932,0.009225819907770681,19937043.60842799,0.0,16811465.6183
2025-10-07,16,0.009476117285918932,0.009976712042215433,0.009726414664067182,0.0,0.0,0.0
2025-10-07,17,0.009976712042215433,0.010477306798511936,0.010227009420363684,0.0,0.0,0.0
2025-10-07,18,0.010477306798511936,0.010977901554808439,0.010727604176660188,0.0,0.0,0.0
2025-10-07,19,0.010977901554808439,0.01147849631110494,0.01122819893295669,0.0,0.0,0.0
2025-10-07,20,0.01147849631110494,0.011979091067401441,0.01172879368925319,0.0,0.0,0.0
2025-10-07,21,0.011979091067401441,0.012479685823697944,0.012229388445549692,0.0,0.0,0.0
2025-10-07,22,0.012479685823697944,0.012980280579994447,0.012729983201846196,0.0,0.0,0.0
2025-10-07,23,0.012980280579994447,0.013480875336290948,0.013230577958142697,0.0,0.0,0.0
2025-10-07,24,0.013480875336290948,0.01398147009258745,0.013731172714439199,0.0,0.0,0.0
2025-10-07,25,0.01398147009258745,0.014482064848883952,0.0142317674707357,0.0,0.0,0.0
2025-10-07,26,0.014482064848883952,0.014982659605180455,0.014732362227032204,0.0,0.0,0.0
2025-10-07,27,0.014982659605180455,0.015483254361476956,0.015232956983328706,0.0,0.0,0.0
2025-10-07,28,0.015483254361476956,0.01598384911777346,0.015733551739625207,0.0,0.0,0.0
2025-10-07,29,0.01598384911777346,0.01648444387406996,0.01623414649592171,0.0,0.0,0.0
2025-10-07,30,0.01648444387406996,0.016985038630366465,0.016734741252218212,0.0,0.0,0.0
2025-10-07,31,0.016985038630366465,0.017485633386662966,0.017235336008514714,0.0,0.0,0.0
2025-10-07,32,0.017485633386662966,0.017986228142959467,0.01773593076481122,0.0,0.0,0.0
2025-10-07,33,0.017986228142959467,0.01848682289925597,0.018236525521107716,0.0,0.0,0.0
2025-10-07,34,0.01848682289925597,0.018987417655552473,0.01873712027740422,0.0,0.0,0.0
2025-10-07,35,0.018987417655552473,0.019488012411848974,0.019237715033700725,0.0,0.0,0.0
2025-10-07,36,0.019488012411848974,0.019988607168145475,0.019738309789997223,0.0,0.0,0.0
2025-10-07,37,0.019988607168145475,0.02048920192444198,0.020238904546293728,0.0,0.0,0.0
2025-10-07,38,0.02048920192444198,0.02098979668073848,0.020739499302590232,0.0,0.0,0.0
2025-10-07,39,0.02098979668073848,0.021490391437034982,0.02124009405888673,0.0,0.0,0.0
2025-10-07,40,0.021490391437034982,0.021990986193331483,0.021740688815183234,0.0,0.0,0.0
2025-10-07,41,0.021990986193331483,0.022491580949627984,0.022241283571479732,0.0,0.0,0.0
2025-10-07,42,0.022491580949627984,0.02299217570592449,0.022741878327776237,0.0,0.0,0.0
2025-10-07,43,0.02299217570592449,0.02349277046222099,0.02324247308407274,0.0,0.0,0.0
2025-10-07,44,0.02349277046222099,0.02399336521851749,0.02374306784036924,0.0,0.0,0.0
2025-10-07,45,0.02399336521851749,0.024493959974813996,0.024243662596665744,136688889.27821395,0.0,47250772.567475
2025-10-07,46,0.024493959974813996,0.024994554731110497,0.02474425735296225,0.0,0.0,0.0
2025-10-07,47,0.024994554731110497,0.025495149487407,0.025244852109258746,36740793.493359655,0.0,17203256.688
2025-10-07,48,0.025495149487407,0.0259957442437035,0.02574544686555525,0.0,0.0,0.0
2025-10-07,49,0.0259957442437035,0.026496339,0.02624604162185175,108878977.41656168,0.0,34501602.113
2025-10-08,0,0.0014666011851749,0.0019671959414714023,0.0017168985633231513,0.0,0.0,0.0
2025-10-08,1,0.0019671959414714023,0.0024677906977679043,0.0022174933196196533,0.0,0.0,0.0
2025-10-08,2,0.0024677906977679043,0.0029683854540644063,0.0027180880759161553,6609964.005712551,0.0,0.0
2025-10-08,3,0.0029683854540644063,0.0034689802103609084,0.0032186828322126573,32413510.995216668,0.0,0.0
2025-10-08,4,0.0034689802103609084,0.00396957496665741,0.0037192775885091594,6893623.718984152,0.0,0.0
2025-10-08,5,0.00396957496665741,0.004470169722953912,0.004219872344805661,32944903.080843817,0.0,3074381.2930000396
2025-10-08,6,0.004470169722953912,0.0049707644792504144,0.004720467101102164,28343788.511301447,0.0,0.0
2025-10-08,7,0.0049707644792504144,0.0054713592355469165,0.005221061857398665,72987495.78456184,0.0,38727945.85659998
2025-10-08,8,0.0054713592355469165,0.0059719539918434185,0.005721656613695168,10973943.309272127,0.0,0.0
2025-10-08,9,0.0059719539918434185,0.0064725487481399205,0.006222251369991669,0.0,0.0,0.0
2025-10-08,10,0.0064725487481399205,0.0069731435044364225,0.006722846126288172,1096883770.8528595,0.0,40476190.48
2025-10-08,11,0.0069731435044364225,0.007473738260732925,0.007223440882584673,0.0,0.0,0.0
2025-10-08,12,0.007473738260732925,0.007974333017029427,0.007724035638881176,0.0,0.0,0.0
2025-10-08,13,0.007974333017029427,0.008474927773325928,0.008224630395177677,70937543.67489438,0.0,0.0
2025-10-08,14,0.008474927773325928,0.00897552252962243,0.00872522515147418,192530282.04626387,0.0,167454381.3899
2025-10-08,15,0.00897552252962243,0.009476117285918932,0.009225819907770681,19928271.079425447,0.0,16811465.6183
2025-10-08,16,0.009476117285918932,0.009976712042215433,0.009726414664067182,0.0,0.0,0.0
2025-10-08,17,0.009976712042215433,0.010477306798511936,0.010227009420363684,0.0,0.0,0.0
2025-10-08,18,0.010477306798511936,0.010977901554808439,0.010727604176660188,0.0,0.0,0.0
2025-10-08,19,0.010977901554808439,0.01147849631110494,0.01122819893295669,0.0,0.0,0.0
2025-10-08,20,0.01147849631110494,0.011979091067401441,0.01172879368925319,0.0,0.0,0.0
2025-10-08,21,0.011979091067401441,0.012479685823697944,0.012229388445549692,0.0,0.0,0.0
2025-10-08,22,0.012479685823697944,0.012980280579994447,0.012729983201846196,0.0,0.0,0.0
2025-10-08,23,0.012980280579994447,0.013480875336290948,0.013230577958142697,0.0,0.0,0.0
2025-10-08,24,0.013480875336290948,0.01398147009258745,0.013731172714439199,0.0,0.0,0.0
2025-10-08,25,0.01398147009258745,0.014482064848883952,0.0142317674707357,0.0,0.0,0.0
2025-10-08,26,0.014482064848883952,0.014982659605180455,0.014732362227032204,0.0,0.0,0.0
2025-10-08,27,0.014982659605180455,0.015483254361476956,0.015232956983328706,0.0,0.0,0.0
2025-10-08,28,0.015483254361476956,0.01598384911777346,0.015733551739625207,0.0,0.0,0.0
2025-10-08,29,0.01598384911777346,0.01648444387406996,0.01623414649592171,0.0,0.0,0.0
2025-10-08,30,0.01648444387406996,0.016985038630366465,0.016734741252218212,0.0,0.0,0.0
2025-10-08,31,0.016985038630366465,0.017485633386662966,0.017235336008514714,0.0,0.0,0.0
2025-10-08,32,0.017485633386662966,0.017986228142959467,0.01773593076481122,41381344.19586871,0.0,11445538.0471
2025-10-08,33,0.017986228142959467,0.01848682289925597,0.018236525521107716,0.0,0.0,0.0
2025-10-08,34,0.01848682289925597,0.018987417655552473,0.01873712027740422,0.0,0.0,0.0
2025-10-08,35,0.018987417655552473,0.019488012411848974,0.019237715033700725,0.0,0.0,0.0
2025-10-08,36,0.019488012411848974,0.019988607168145475,0.019738309789997223,0.0,0.0,0.0
2025-10-08,37,0.019988607168145475,0.02048920192444198,0.020238904546293728,0.0,0.0,0.0
2025-10-08,38,0.02048920192444198,0.02098979668073848,0.020739499302590232,0.0,0.0,0.0
2025-10-08,39,0.02098979668073848,0.021490391437034982,0.02124009405888673,0.0,0.0,0.0
2025-10-08,40,0.021490391437034982,0.021990986193331483,0.021740688815183234,0.0,0.0,0.0
2025-10-08,41,0.021990986193331483,0.022491580949627984,0.022241283571479732,0.0,0.0,0.0
2025-10-08,42,0.022491580949627984,0.02299217570592449,0.022741878327776237,0.0,0.0,0.0
2025-10-08,43,0.02299217570592449,0.02349277046222099,0.02324247308407274,0.0,0.0,0.0
2025-10-08,44,0.02349277046222099,0.02399336521851749,0.02374306784036924,0.0,0.0,0.0
2025-10-08,45,0.02399336521851749,0.024493959974813996,0.024243662596665744,117705329.4358261,0.0,47240882.393
2025-10-08,46,0.024493959974813996,0.024994554731110497,0.02474425735296225,0.0,0.0,0.0
2025-10-08,47,0.024994554731110497,0.025495149487407,0.025244852109258746,34290805.81866356,0.0,17203256.688
2025-10-08,48,0.025495149487407,0.0259957442437035,0.02574544686555525,0.0,0.0,0.0
2025-10-08,49,0.0259957442437035,0.026496339,0.02624604162185175,105292986.86808833,0.0,33871962.989175
2025-10-09,0,0.0014666011851749,0.0019671959414714023,0.0017168985633231513,0.0,0.0,0.0
2025-10-09,1,0.0019671959414714023,0.0024677906977679043,0.0022174933196196533,0.0,0.0,0.0
2025-10-09,2,0.0024677906977679043,0.0029683854540644063,0.0027180880759161553,6609964.005712551,0.0,0.0
2025-10-09,3,0.0029683854540644063,0.0034689802103609084,0.0032186828322126573,32409637.711295396,0.0,0.0
2025-10-09,4,0.0034689802103609084,0.00396957496665741,0.0037192775885091594,6876572.680429452,0.0,0.0
2025-10-09,5,0.00396957496665741,0.004470169722953912,0.004219872344805661,32759626.260355968,0.0,0.0
2025-10-09,6,0.004470169722953912,0.0049707644792504144,0.004720467101102164,28343635.520909946,0.0,0.0
2025-10-09,7,0.0049707644792504144,0.0054713592355469165,0.005221061857398665,70778638.74491747,0.0,26862760.55160002
2025-10-09,8,0.0054713592355469165,0.0059719539918434185,0.005721656613695168,10742787.113601528,0.0,0.0
2025-10-09,9,0.0059719539918434185,0.0064725487481399205,0.006222251369991669,0.0,0.0,0.0
2025-10-09,10,0.0064725487481399205,0.0069731435044364225,0.006722846126288172,1093259814.5283418,0.0,40476190.48
2025-10-09,11,0.0069731435044364225,0.007473738260732925,0.007223440882584673,0.0,0.0,0.0
2025-10-09,12,0.007473738260732925,0.007974333017029427,0.007724035638881176,0.0,0.0,0.0
2025-10-09,13,0.007974333017029427,0.008474927773325928,0.008224630395177677,70147679.15794636,0.0,0.0
2025-10-09,14,0.008474927773325928,0.00897552252962243,0.00872522515147418,183454790.5679298,0.0,166519199.8454
2025-10-09,15,0.00897552252962243,0.009476117285918932,0.009225819907770681,19753322.240872044,0.0,16811465.6183
2025-10-09,16,0.009476117285918932,0.009976712042215433,0.009726414664067182,0.0,0.0,0.0
2025-10-09,17,0.009976712042215433,0.010477306798511936,0.010227009420363684,0.0,0.0,0.0
2025-10-09,18,0.010477306798511936,0.010977901554808439,0.010727604176660188,0.0,0.0,0.0
2025-10-09,19,0.010977901554808439,0.01147849631110494,0.01122819893295669,0.0,0.0,0.0
2025-10-09,20,0.01147849631110494,0.011979091067401441,0.01172879368925319,0.0,0.0,0.0
2025-10-09,21,0.011979091067401441,0.012479685823697944,0.012229388445549692,0.0,0.0,0.0
2025-10-09,22,0.012479685823697944,0.012980280579994447,0.012729983201846196,0.0,0.0,0.0
2025-10-09,23,0.012980280579994447,0.013480875336290948,0.013230577958142697,0.0,0.0,0.0
2025-10-09,24,0.013480875336290948,0.01398147009258745,0.013731172714439199,0.0,0.0,0.0
2025-10-09,25,0.01398147009258745,0.014482064848883952,0.0142317674707357,0.0,0.0,0.0
2025-10-09,26,0.014482064848883952,0.014982659605180455,0.014732362227032204,0.0,0.0,0.0
2025-10-09,27,0.014982659605180455,0.015483254361476956,0.015232956983328706,0.0,0.0,0.0
2025-10-09,28,0.015483254361476956,0.01598384911777346,0.015733551739625207,0.0,0.0,0.0
2025-10-09,29,0.01598384911777346,0.01648444387406996,0.01623414649592171,0.0,0.0,0.0
2025-10-09,30,0.01648444387406996,0.016985038630366465,0.016734741252218212,0.0,0.0,0.0
2025-10-09,31,0.016985038630366465,0.017485633386662966,0.017235336008514714,0.0,0.0,0.0
2025-10-09,32,0.017485633386662966,0.017986228142959467,0.01773593076481122,37997295.65272498,0.0,11445538.0471
2025-10-09,33,0.017986228142959467,0.01848682289925597,0.018236525521107716,0.0,0.0,0.0
2025-10-09,34,0.01848682289925597,0.018987417655552473,0.01873712027740422,0.0,0.0,0.0
2025-10-09,35,0.018987417655552473,0.019488012411848974,0.019237715033700725,0.0,0.0,0.0
2025-10-09,36,0.019488012411848974,0.019988607168145475,0.019738309789997223,0.0,0.0,0.0
2025-10-09,37,0.019988607168145475,0.02048920192444198,0.020238904546293728,0.0,0.0,0.0
2025-10-09,38,0.02048920192444198,0.02098979668073848,0.020739499302590232,0.0,0.0,0.0
2025-10-09,39,0.02098979668073848,0.021490391437034982,0.02124009405888673,0.0,0.0,0.0
2025-10-09,40,0.021490391437034982,0.021990986193331483,0.021740688815183234,0.0,0.0,0.0
2025-10-09,41,0.021990986193331483,0.022491580949627984,0.022241283571479732,48258309.806440026,0.0,21205876.0059
2025-10-09,42,0.022491580949627984,0.02299217570592449,0.022741878327776237,0.0,0.0,0.0
2025-10-09,43,0.02299217570592449,0.02349277046222099,0.02324247308407274,0.0,0.0,0.0
2025-10-09,44,0.02349277046222099,0.02399336521851749,0.02374306784036924,0.0,0.0,0.0
2025-10-09,45,0.02399336521851749,0.024493959974813996,0.024243662596665744,99299692.49471155,0.0,47240882.393
2025-10-09,46,0.024493959974813996,0.024994554731110497,0.02474425735296225,0.0,0.0,0.0
2025-10-09,47,0.024994554731110497,0.025495149487407,0.025244852109258746,30708092.70627226,0.0,17203256.688
2025-10-09,48,0.025495149487407,0.0259957442437035,0.02574544686555525,0.0,0.0,0.0
2025-10-09,49,0.0259957442437035,0.026496339,0.02624604162185175,99776507.5963798,0.0,33487515.095875
2025-10-10,0,0.0014666011851749,0.0019671959414714023,0.0017168985633231513,0.0,0.0,0.0
2025-10-10,1,0.0019671959414714023,0.0024677906977679043,0.0022174933196196533,0.0,0.0,0.0
2025-10-10,2,0.0024677906977679043,0.0029683854540644063,0.0027180880759161553,6608535.60279455,0.0,0.0
2025-10-10,3,0.0029683854540644063,0.0034689802103609084,0.0032186828322126573,28724018.378092792,0.0,0.0
2025-10-10,4,0.0034689802103609084,0.00396957496665741,0.0037192775885091594,5163720.397654453,0.0,0.0
2025-10-10,5,0.00396957496665741,0.004470169722953912,0.004219872344805661,31293111.672773264,0.0,0.0
2025-10-10,6,0.004470169722953912,0.0049707644792504144,0.004720467101102164,28340317.7192861,0.0,0.0
2025-10-10,7,0.0049707644792504144,0.0054713592355469165,0.005221061857398665,64505967.91992247,0.0,510021.1865999801
2025-10-10,8,0.0054713592355469165,0.0059719539918434185,0.005721656613695168,10607423.814196104,0.0,0.0
2025-10-10,9,0.0059719539918434185,0.0064725487481399205,0.006222251369991669,0.0,0.0,0.0
2025-10-10,10,0.0064725487481399205,0.0069731435044364225,0.006722846126288172,1084468138.018807,0.0,40476190.48
2025-10-10,11,0.0069731435044364225,0.007473738260732925,0.007223440882584673,0.0,0.0,0.0
2025-10-10,12,0.007473738260732925,0.007974333017029427,0.007724035638881176,0.0,0.0,0.0
2025-10-10,13,0.007974333017029427,0.008474927773325928,0.008224630395177677,70077103.63668923,0.0,0.0
2025-10-10,14,0.008474927773325928,0.00897552252962243,0.00872522515147418,165841350.325092,0.0,141441316.16470006
2025-10-10,15,0.00897552252962243,0.009476117285918932,0.009225819907770681,19642461.5625931,0.0,16478970.149999999
2025-10-10,16,0.009476117285918932,0.009976712042215433,0.009726414664067182,0.0,0.0,0.0
2025-10-10,17,0.009976712042215433,0.010477306798511936,0.010227009420363684,0.0,0.0,0.0
2025-10-10,18,0.010477306798511936,0.010977901554808439,0.010727604176660188,0.0,0.0,0.0
2025-10-10,19,0.010977901554808439,0.01147849631110494,0.01122819893295669,0.0,0.0,0.0
2025-10-10,20,0.01147849631110494,0.011979091067401441,0.01172879368925319,0.0,0.0,0.0
2025-10-10,21,0.011979091067401441,0.012479685823697944,0.012229388445549692,0.0,0.0,0.0
2025-10-10,22,0.012479685823697944,0.012980280579994447,0.012729983201846196,0.0,0.0,0.0
2025-10-10,23,0.012980280579994447,0.013480875336290948,0.013230577958142697,0.0,0.0,0.0
2025-10-10,24,0.013480875336290948,0.01398147009258745,0.013731172714439199,0.0,0.0,0.0
2025-10-10,25,0.01398147009258745,0.014482064848883952,0.0142317674707357,0.0,0.0,0.0
2025-10-10,26,0.014482064848883952,0.014982659605180455,0.014732362227032204,0.0,0.0,0.0
2025-10-10,27,0.014982659605180455,0.015483254361476956,0.015232956983328706,0.0,0.0,0.0
2025-10-10,28,0.015483254361476956,0.01598384911777346,0.015733551739625207,0.0,0.0,0.0
2025-10-10,29,0.01598384911777346,0.01648444387406996,0.01623414649592171,0.0,0.0,0.0
2025-10-10,30,0.01648444387406996,0.016985038630366465,0.016734741252218212,0.0,0.0,0.0
2025-10-10,31,0.016985038630366465,0.017485633386662966,0.017235336008514714,0.0,0.0,0.0
2025-10-10,32,0.017485633386662966,0.017986228142959467,0.01773593076481122,182385423.40035966,0.0,68537269.48297499
2025-10-10,33,0.017986228142959467,0.01848682289925597,0.018236525521107716,0.0,0.0,0.0
2025-10-10,34,0.01848682289925597,0.018987417655552473,0.01873712027740422,0.0,0.0,0.0
2025-10-10,35,0.018987417655552473,0.019488012411848974,0.019237715033700725,0.0,0.0,0.0
2025-10-10,36,0.019488012411848974,0.019988607168145475,0.019738309789997223,0.0,0.0,0.0
2025-10-10,37,0.019988607168145475,0.02048920192444198,0.020238904546293728,0.0,0.0,0.0
2025-10-10,38,0.02048920192444198,0.02098979668073848,0.020739499302590232,0.0,0.0,0.0
2025-10-10,39,0.02098979668073848,0.021490391437034982,0.02124009405888673,0.0,0.0,0.0
2025-10-10,40,0.021490391437034982,0.021990986193331483,0.021740688815183234,0.0,0.0,0.0
2025-10-10,41,0.021990986193331483,0.022491580949627984,0.022241283571479732,43152609.047318645,0.0,21205876.0059
2025-10-10,42,0.022491580949627984,0.02299217570592449,0.022741878327776237,0.0,0.0,0.0
2025-10-10,43,0.02299217570592449,0.02349277046222099,0.02324247308407274,0.0,0.0,0.0
2025-10-10,44,0.02349277046222099,0.02399336521851749,0.02374306784036924,0.0,0.0,0.0
2025-10-10,45,0.02399336521851749,0.024493959974813996,0.024243662596665744,59993390.15722609,0.0,47240882.393
2025-10-10,46,0.024493959974813996,0.024994554731110497,0.02474425735296225,0.0,0.0,0.0
2025-10-10,47,0.024994554731110497,0.025495149487407,0.025244852109258746,17935589.936108362,0.0,17203256.688
2025-10-10,48,0.025495149487407,0.0259957442437035,0.02574544686555525,0.0,0.0,0.0
2025-10-10,49,0.0259957442437035,0.026496339,0.02624604162185175,68295223.79832108,0.0,32720041.577999998
2025-10-11,0,0.0014666011851749,0.0019671959414714023,0.0017168985633231513,0.0,0.0,0.0
2025-10-11,1,0.0019671959414714023,0.0024677906977679043,0.0022174933196196533,0.0,0.0,0.0
2025-10-11,2,0.0024677906977679043,0.0029683854540644063,0.0027180880759161553,5910821.71137455,0.0,0.0
2025-10-11,3,0.0029683854540644063,0.0034689802103609084,0.0032186828322126573,28221973.197896793,0.0,0.0
2025-10-11,4,0.0034689802103609084,0.00396957496665741,0.0037192775885091594,5070656.804382453,0.0,0.0
2025-10-11,5,0.00396957496665741,0.004470169722953912,0.004219872344805661,30907603.216775265,0.0,0.0
2025-10-11,6,0.004470169722953912,0.0049707644792504144,0.004720467101102164,28335136.1917541,0.0,0.0
2025-10-11,7,0.0049707644792504144,0.0054713592355469165,0.005221061857398665,61976758.28720602,0.0,0.0
2025-10-11,8,0.0054713592355469165,0.0059719539918434185,0.005721656613695168,10601877.096056104,0.0,0.0
2025-10-11,9,0.0059719539918434185,0.0064725487481399205,0.006222251369991669,0.0,0.0,0.0
2025-10-11,10,0.0064725487481399205,0.0069731435044364225,0.006722846126288172,1081477368.0239275,0.0,40476190.48
2025-10-11,11,0.0069731435044364225,0.007473738260732925,0.007223440882584673,0.0,0.0,0.0
2025-10-11,12,0.007473738260732925,0.007974333017029427,0.007724035638881176,0.0,0.0,0.0
2025-10-11,13,0.007974333017029427,0.008474927773325928,0.008224630395177677,69997488.97700183,0.0,0.0
2025-10-11,14,0.008474927773325928,0.00897552252962243,0.00872522515147418,158459194.83068877,0.0,120013642.63460003
2025-10-11,15,0.00897552252962243,0.009476117285918932,0.009225819907770681,19608340.154987097,0.0,5529415.31
2025-10-11,16,0.009476117285918932,0.009976712042215433,0.009726414664067182,0.0,0.0,0.0
2025-10-11,17,0.009976712042215433,0.010477306798511936,0.010227009420363684,0.0,0.0,0.0
2025-10-11,18,0.010477306798511936,0.010977901554808439,0.010727604176660188,0.0,0.0,0.0
2025-10-11,19,0.010977901554808439,0.01147849631110494,0.01122819893295669,0.0,0.0,0.0
2025-10-11,20,0.01147849631110494,0.011979091067401441,0.01172879368925319,0.0,0.0,0.0
2025-10-11,21,0.011979091067401441,0.012479685823697944,0.012229388445549692,0.0,0.0,0.0
2025-10-11,22,0.012479685823697944,0.012980280579994447,0.012729983201846196,0.0,0.0,0.0
2025-10-11,23,0.012980280579994447,0.013480875336290948,0.013230577958142697,0.0,0.0,0.0
2025-10-11,24,0.013480875336290948,0.01398147009258745,0.013731172714439199,0.0,0.0,0.0
2025-10-11,25,0.01398147009258745,0.014482064848883952,0.0142317674707357,0.0,0.0,0.0
2025-10-11,26,0.014482064848883952,0.014982659605180455,0.014732362227032204,100814593.79789762,0.0,36210354.137499996
2025-10-11,27,0.014982659605180455,0.015483254361476956,0.015232956983328706,0.0,0.0,0.0
2025-10-11,28,0.015483254361476956,0.01598384911777346,0.015733551739625207,0.0,0.0,0.0
2025-10-11,29,0.01598384911777346,0.01648444387406996,0.01623414649592171,0.0,0.0,0.0
2025-10-11,30,0.01648444387406996,0.016985038630366465,0.016734741252218212,0.0,0.0,0.0
2025-10-11,31,0.016985038630366465,0.017485633386662966,0.017235336008514714,0.0,0.0,0.0
2025-10-11,32,0.017485633386662966,0.017986228142959467,0.01773593076481122,148486762.88956493,0.0,68456375.342695
2025-10-11,33,0.017986228142959467,0.01848682289925597,0.018236525521107716,0.0,0.0,0.0
2025-10-11,34,0.01848682289925597,0.018987417655552473,0.01873712027740422,0.0,0.0,0.0
2025-10-11,35,0.018987417655552473,0.019488012411848974,0.019237715033700725,0.0,0.0,0.0
2025-10-11,36,0.019488012411848974,0.019988607168145475,0.019738309789997223,0.0,0.0,0.0
2025-10-11,37,0.019988607168145475,0.02048920192444198,0.020238904546293728,0.0,0.0,0.0
2025-10-11,38,0.02048920192444198,0.02098979668073848,0.020739499302590232,0.0,0.0,0.0
2025-10-11,39,0.02098979668073848,0.021490391437034982,0.02124009405888673,0.0,0.0,0.0
2025-10-11,40,0.021490391437034982,0.021990986193331483,0.021740688815183234,0.0,0.0,0.0
2025-10-11,41,0.021990986193331483,0.022491580949627984,0.022241283571479732,35312538.18134099,0.0,21205876.0059
2025-10-11,42,0.022491580949627984,0.02299217570592449,0.022741878327776237,0.0,0.0,0.0
2025-10-11,43,0.02299217570592449,0.02349277046222099,0.02324247308407274,0.0,0.0,0.0
2025-10-11,44,0.02349277046222099,0.02399336521851749,0.02374306784036924,0.0,0.0,0.0
2025-10-11,45,0.02399336521851749,0.024493959974813996,0.024243662596665744,53482717.1158467,0.0,45356783.3477
2025-10-11,46,0.024493959974813996,0.024994554731110497,0.02474425735296225,0.0,0.0,0.0
2025-10-11,47,0.024994554731110497,0.025495149487407,0.025244852109258746,16946821.501954965,0.0,17203256.688
2025-10-11,48,0.025495149487407,0.0259957442437035,0.02574544686555525,0.0,0.0,0.0
2025-10-11,49,0.0259957442437035,0.026496339,0.02624604162185175,46133551.43098809,0.0,32720041.577999998
2025-10-12,0,0.0014666011851749,0.0019671959414714023,0.0017168985633231513,0.0,0.0,0.0
2025-10-12,1,0.0019671959414714023,0.0024677906977679043,0.0022174933196196533,0.0,0.0,0.0
2025-10-12,2,0.0024677906977679043,0.0029683854540644063,0.0027180880759161553,5910172.001242351,0.0,0.0
2025-10-12,3,0.0029683854540644063,0.0034689802103609084,0.0032186828322126573,28220319.648215193,0.0,0.0
2025-10-12,4,0.0034689802103609084,0.00396957496665741,0.0037192775885091594,5065209.123285063,0.0,0.0
2025-10-12,5,0.00396957496665741,0.004470169722953912,0.004219872344805661,30817208.656157266,0.0,0.0
2025-10-12,6,0.004470169722953912,0.0049707644792504144,0.004720467101102164,28325136.1917541,0.0,0.0
2025-10-12,7,0.0049707644792504144,0.0054713592355469165,0.005221061857398665,61844607.87082002,0.0,0.0
2025-10-12,8,0.0054713592355469165,0.0059719539918434185,0.005721656613695168,10574236.770566104,0.0,0.0
2025-10-12,9,0.0059719539918434185,0.0064725487481399205,0.006222251369991669,0.0,0.0,0.0
2025-10-12,10,0.0064725487481399205,0.0069731435044364225,0.006722846126288172,1080653883.7767708,0.0,40476190.48
2025-10-12,11,0.0069731435044364225,0.007473738260732925,0.007223440882584673,0.0,0.0,0.0
2025-10-12,12,0.007473738260732925,0.007974333017029427,0.007724035638881176,0.0,0.0,0.0
2025-10-12,13,0.007974333017029427,0.008474927773325928,0.008224630395177677,69986704.80429545,0.0,0.0
2025-10-12,14,0.008474927773325928,0.00897552252962243,0.00872522515147418,156065359.08314157,0.0,102290374.06860003
2025-10-12,15,0.00897552252962243,0.009476117285918932,0.009225819907770681,19605119.073789094,0.0,5529415.31
2025-10-12,16,0.009476117285918932,0.009976712042215433,0.009726414664067182,0.0,0.0,0.0
2025-10-12,17,0.009976712042215433,0.010477306798511936,0.010227009420363684,0.0,0.0,0.0
2025-10-12,18,0.010477306798511936,0.010977901554808439,0.010727604176660188,0.0,0.0,0.0
2025-10-12,19,0.010977901554808439,0.01147849631110494,0.01122819893295669,0.0,0.0,0.0
2025-10-12,20,0.01147849631110494,0.011979091067401441,0.01172879368925319,0.0,0.0,0.0
2025-10-12,21,0.011979091067401441,0.012479685823697944,0.012229388445549692,0.0,0.0,0.0
2025-10-12,22,0.012479685823697944,0.012980280579994447,0.012729983201846196,0.0,0.0,0.0
2025-10-12,23,0.012980280579994447,0.013480875336290948,0.013230577958142697,0.0,0.0,0.0
2025-10-12,24,0.013480875336290948,0.01398147009258745,0.013731172714439199,0.0,0.0,0.0
2025-10-12,25,0.01398147009258745,0.014482064848883952,0.0142317674707357,75059715.15413979,0.0,21808056.2225
2025-10-12,26,0.014482064848883952,0.014982659605180455,0.014732362227032204,91527857.36792526,0.0,36210354.137499996
2025-10-12,27,0.014982659605180455,0.015483254361476956,0.015232956983328706,0.0,0.0,0.0
2025-10-12,28,0.015483254361476956,0.01598384911777346,0.015733551739625207,0.0,0.0,0.0
2025-10-12,29,0.01598384911777346,0.01648444387406996,0.01623414649592171,0.0,0.0,0.0
2025-10-12,30,0.01648444387406996,0.016985038630366465,0.016734741252218212,0.0,0.0,0.0
2025-10-12,31,0.016985038630366465,0.017485633386662966,0.017235336008514714,0.0,0.0,0.0
2025-10-12,32,0.017485633386662966,0.017986228142959467,0.01773593076481122,123694035.69035421,0.0,67522569.069795
2025-10-12,33,0.017986228142959467,0.01848682289925597,0.018236525521107716,0.0,0.0,0.0
2025-10-12,34,0.01848682289925597,0.018987417655552473,0.01873712027740422,0.0,0.0,0.0
2025-10-12,35,0.018987417655552473,0.019488012411848974,0.019237715033700725,0.0,0.0,0.0
2025-10-12,36,0.019488012411848974,0.019988607168145475,0.019738309789997223,0.0,0.0,0.0
2025-10-12,37,0.019988607168145475,0.02048920192444198,0.020238904546293728,0.0,0.0,0.0
2025-10-12,38,0.02048920192444198,0.02098979668073848,0.020739499302590232,0.0,0.0,0.0
2025-10-12,39,0.02098979668073848,0.021490391437034982,0.02124009405888673,0.0,0.0,0.0
2025-10-12,40,0.021490391437034982,0.021990986193331483,0.021740688815183234,0.0,0.0,0.0
2025-10-12,41,0.021990986193331483,0.022491580949627984,0.022241283571479732,30143272.52337725,0.0,20655362.814
2025-10-12,42,0.022491580949627984,0.02299217570592449,0.022741878327776237,0.0,0.0,0.0
2025-10-12,43,0.02299217570592449,0.02349277046222099,0.02324247308407274,0.0,0.0,0.0
2025-10-12,44,0.02349277046222099,0.02399336521851749,0.02374306784036924,0.0,0.0,0.0
2025-10-12,45,0.02399336521851749,0.024493959974813996,0.024243662596665744,51950734.99345414,0.0,42881618.607
2025-10-12,46,0.024493959974813996,0.024994554731110497,0.02474425735296225,0.0,0.0,0.0
2025-10-12,47,0.024994554731110497,0.025495149487407,0.025244852109258746,16150334.728890961,0.0,15597322.156
2025-10-12,48,0.025495149487407,0.0259957442437035,0.02574544686555525,0.0,0.0,0.0
2025-10-12,49,0.0259957442437035,0.026496339,0.02624604162185175,35850169.01715235,0.0,31539366.819
2025-10-13,0,0.0014666011851749,0.0019671959414714023,0.0017168985633231513,0.0,0.0,0.0
2025-10-13,1,0.0019671959414714023,0.0024677906977679043,0.0022174933196196533,0.0,0.0,0.0
2025-10-13,2,0.0024677906977679043,0.0029683854540644063,0.0027180880759161553,5910036.25845525,0.0,0.0
2025-10-13,3,0.0029683854540644063,0.0034689802103609084,0.0032186828322126573,28210936.09568193,0.0,0.0
2025-10-13,4,0.0034689802103609084,0.00396957496665741,0.0037192775885091594,4841951.808250252,0.0,0.0
2025-10-13,5,0.00396957496665741,0.004470169722953912,0.004219872344805661,29742640.799768765,0.0,0.0
2025-10-13,6,0.004470169722953912,0.0049707644792504144,0.004720467101102164,28247365.8285181,0.0,0.0
2025-10-13,7,0.0049707644792504144,0.0054713592355469165,0.005221061857398665,61011005.50123731,0.0,0.0
2025-10-13,8,0.0054713592355469165,0.0059719539918434185,0.005721656613695168,10574139.840757674,0.0,0.0
2025-10-13,9,0.0059719539918434185,0.0064725487481399205,0.006222251369991669,0.0,0.0,0.0
2025-10-13,10,0.0064725487481399205,0.0069731435044364225,0.006722846126288172,1079941417.5150805,0.0,40476190.48
2025-10-13,11,0.0069731435044364225,0.007473738260732925,0.007223440882584673,0.0,0.0,0.0
2025-10-13,12,0.007473738260732925,0.007974333017029427,0.007724035638881176,0.0,0.0,0.0
2025-10-13,13,0.007974333017029427,0.008474927773325928,0.008224630395177677,69881601.00437795,0.0,0.0
2025-10-13,14,0.008474927773325928,0.00897552252962243,0.00872522515147418,151399648.87922814,0.0,93753995.51510003
2025-10-13,15,0.00897552252962243,0.009476117285918932,0.009225819907770681,19578862.540461164,0.0,5529415.31
2025-10-13,16,0.009476117285918932,0.009976712042215433,0.009726414664067182,0.0,0.0,0.0
2025-10-13,17,0.009976712042215433,0.010477306798511936,0.010227009420363684,0.0,0.0,0.0
2025-10-13,18,0.010477306798511936,0.010977901554808439,0.010727604176660188,0.0,0.0,0.0
2025-10-13,19,0.010977901554808439,0.01147849631110494,0.01122819893295669,0.0,0.0,0.0
2025-10-13,20,0.01147849631110494,0.011979091067401441,0.01172879368925319,0.0,0.0,0.0
2025-10-13,21,0.011979091067401441,0.012479685823697944,0.012229388445549692,0.0,0.0,0.0
2025-10-13,22,0.012479685823697944,0.012980280579994447,0.012729983201846196,0.0,0.0,0.0
2025-10-13,23,0.012980280579994447,0.013480875336290948,0.013230577958142697,0.0,0.0,0.0
2025-10-13,24,0.013480875336290948,0.01398147009258745,0.013731172714439199,0.0,0.0,0.0
2025-10-13,25,0.01398147009258745,0.014482064848883952,0.0142317674707357,72138826.68381378,0.0,21808056.2225
2025-10-13,26,0.014482064848883952,0.014982659605180455,0.014732362227032204,84688483.4608554,0.0,36210354.137499996
2025-10-13,27,0.014982659605180455,0.015483254361476956,0.015232956983328706,0.0,0.0,0.0
2025-10-13,28,0.015483254361476956,0.01598384911777346,0.015733551739625207,50820506.68857352,0.0,9251200.2334
2025-10-13,29,0.01598384911777346,0.01648444387406996,0.01623414649592171,0.0,0.0,0.0
2025-10-13,30,0.01648444387406996,0.016985038630366465,0.016734741252218212,0.0,0.0,0.0
2025-10-13,31,0.016985038630366465,0.017485633386662966,0.017235336008514714,0.0,0.0,0.0
2025-10-13,32,0.017485633386662966,0.017986228142959467,0.01773593076481122,111320706.05812417,0.0,65829946.229295
2025-10-13,33,0.017986228142959467,0.01848682289925597,0.018236525521107716,0.0,0.0,0.0
2025-10-13,34,0.01848682289925597,0.018987417655552473,0.01873712027740422,0.0,0.0,0.0
2025-10-13,35,0.018987417655552473,0.019488012411848974,0.019237715033700725,0.0,0.0,0.0
2025-10-13,36,0.019488012411848974,0.019988607168145475,0.019738309789997223,0.0,0.0,0.0
2025-10-13,37,0.019988607168145475,0.02048920192444198,0.020238904546293728,0.0,0.0,0.0
2025-10-13,38,0.02048920192444198,0.02098979668073848,0.020739499302590232,0.0,0.0,0.0
2025-10-13,39,0.02098979668073848,0.021490391437034982,0.02124009405888673,0.0,0.0,0.0
2025-10-13,40,0.021490391437034982,0.021990986193331483,0.021740688815183234,0.0,0.0,0.0
2025-10-13,41,0.021990986193331483,0.022491580949627984,0.022241283571479732,23853246.234332148,0.0,17674099.494
2025-10-13,42,0.022491580949627984,0.02299217570592449,0.022741878327776237,0.0,0.0,0.0
2025-10-13,43,0.02299217570592449,0.02349277046222099,0.02324247308407274,0.0,0.0,0.0
2025-10-13,44,0.02349277046222099,0.02399336521851749,0.02374306784036924,0.0,0.0,0.0
2025-10-13,45,0.02399336521851749,0.024493959974813996,0.024243662596665744,51352524.92606767,0.0,42881618.607
2025-10-13,46,0.024493959974813996,0.024994554731110497,0.02474425735296225,0.0,0.0,0.0
2025-10-13,47,0.024994554731110497,0.025495149487407,0.025244852109258746,15786368.892623961,0.0,15597322.156
2025-10-13,48,0.025495149487407,0.0259957442437035,0.02574544686555525,0.0,0.0,0.0
2025-10-13,49,0.0259957442437035,0.026496339,0.02624604162185175,29698748.91402881,0.0,31539366.819
2025-10-14,0,0.0014666011851749,0.0019671959414714023,0.0017168985633231513,0.0,0.0,0.0
2025-10-14,1,0.0019671959414714023,0.0024677906977679043,0.0022174933196196533,0.0,0.0,0.0
2025-10-14,2,0.0024677906977679043,0.0029683854540644063,0.0027180880759161553,5910036.25845525,0.0,0.0
2025-10-14,3,0.0029683854540644063,0.0034689802103609084,0.0032186828322126573,28157297.96866393,0.0,0.0
2025-10-14,4,0.0034689802103609084,0.00396957496665741,0.0037192775885091594,4822637.625328852,0.0,0.0
2025-10-14,5,0.00396957496665741,0.004470169722953912,0.004219872344805661,28788435.528568763,0.0,0.0
2025-10-14,6,0.004470169722953912,0.0049707644792504144,0.004720467101102164,28246185.224891096,0.0,0.0
2025-10-14,7,0.0049707644792504144,0.0054713592355469165,0.005221061857398665,52791795.51492627,0.0,0.0
2025-10-14,8,0.0054713592355469165,0.0059719539918434185,0.005721656613695168,10570735.750507673,0.0,0.0
2025-10-14,9,0.0059719539918434185,0.0064725487481399205,0.006222251369991669,0.0,0.0,0.0
2025-10-14,10,0.0064725487481399205,0.0069731435044364225,0.006722846126288172,1072433577.7267154,0.0,40476190.48
2025-10-14,11,0.0069731435044364225,0.007473738260732925,0.007223440882584673,0.0,0.0,0.0
2025-10-14,12,0.007473738260732925,0.007974333017029427,0.007724035638881176,0.0,0.0,0.0
2025-10-14,13,0.007974333017029427,0.008474927773325928,0.008224630395177677,69862873.62954643,0.0,0.0
2025-10-14,14,0.008474927773325928,0.00897552252962243,0.00872522515147418,144299724.30973893,0.0,84414857.12750003
2025-10-14,15,0.00897552252962243,0.009476117285918932,0.009225819907770681,19267205.767974876,0.0,5529415.31
2025-10-14,16,0.009476117285918932,0.009976712042215433,0.009726414664067182,0.0,0.0,0.0
2025-10-14,17,0.009976712042215433,0.010477306798511936,0.010227009420363684,0.0,0.0,0.0
2025-10-14,18,0.010477306798511936,0.010977901554808439,0.010727604176660188,0.0,0.0,0.0
2025-10-14,19,0.010977901554808439,0.01147849631110494,0.01122819893295669,0.0,0.0,0.0
2025-10-14,20,0.01147849631110494,0.011979091067401441,0.01172879368925319,0.0,0.0,0.0
2025-10-14,21,0.011979091067401441,0.012479685823697944,0.012229388445549692,0.0,0.0,0.0
2025-10-14,22,0.012479685823697944,0.012980280579994447,0.012729983201846196,0.0,0.0,0.0
2025-10-14,23,0.012980280579994447,0.013480875336290948,0.013230577958142697,0.0,0.0,0.0
2025-10-14,24,0.013480875336290948,0.01398147009258745,0.013731172714439199,0.0,0.0,0.0
2025-10-14,25,0.01398147009258745,0.014482064848883952,0.0142317674707357,68076952.10152349,0.0,21808056.2225
2025-10-14,26,0.014482064848883952,0.014982659605180455,0.014732362227032204,73074910.28730461,0.0,36210354.137499996
2025-10-14,27,0.014982659605180455,0.015483254361476956,0.015232956983328706,0.0,0.0,0.0
2025-10-14,28,0.015483254361476956,0.01598384911777346,0.015733551739625207,49090174.1641848,0.0,9251200.2334
2025-10-14,29,0.01598384911777346,0.01648444387406996,0.01623414649592171,0.0,0.0,0.0
2025-10-14,30,0.01648444387406996,0.016985038630366465,0.016734741252218212,0.0,0.0,0.0
2025-10-14,31,0.016985038630366465,0.017485633386662966,0.017235336008514714,0.0,0.0,0.0
2025-10-14,32,0.017485633386662966,0.017986228142959467,0.01773593076481122,88635727.88010652,0.0,60721081.337795
2025-10-14,33,0.017986228142959467,0.01848682289925597,0.018236525521107716,0.0,0.0,0.0
2025-10-14,34,0.01848682289925597,0.018987417655552473,0.01873712027740422,0.0,0.0,0.0
2025-10-14,35,0.018987417655552473,0.019488012411848974,0.019237715033700725,0.0,0.0,0.0
2025-10-14,36,0.019488012411848974,0.019988607168145475,0.019738309789997223,110476119.95942801,0.0,15110039.373
2025-10-14,37,0.019988607168145475,0.02048920192444198,0.020238904546293728,0.0,0.0,0.0
2025-10-14,38,0.02048920192444198,0.02098979668073848,0.020739499302590232,0.0,0.0,0.0
2025-10-14,39,0.02098979668073848,0.021490391437034982,0.02124009405888673,0.0,0.0,0.0
2025-10-14,40,0.021490391437034982,0.021990986193331483,0.021740688815183234,0.0,0.0,0.0
2025-10-14,41,0.021990986193331483,0.022491580949627984,0.022241283571479732,17644740.419043712,0.0,17674099.494
2025-10-14,42,0.022491580949627984,0.02299217570592449,0.022741878327776237,0.0,0.0,0.0
2025-10-14,43,0.02299217570592449,0.02349277046222099,0.02324247308407274,0.0,0.0,0.0
2025-10-14,44,0.02349277046222099,0.02399336521851749,0.02374306784036924,0.0,0.0,0.0
2025-10-14,45,0.02399336521851749,0.024493959974813996,0.024243662596665744,49279217.55252834,0.0,42881618.607
2025-10-14,46,0.024493959974813996,0.024994554731110497,0.02474425735296225,0.0,0.0,0.0
2025-10-14,47,0.024994554731110497,0.025495149487407,0.025244852109258746,12709326.031863265,0.0,15597322.156
2025-10-14,48,0.025495149487407,0.0259957442437035,0.02574544686555525,0.0,0.0,0.0
2025-10-14,49,0.0259957442437035,0.026496339,0.02624604162185175,29290844.20651423,0.0,31539366.819
2025-10-15,0,0.0014666011851749,0.0019671959414714023,0.0017168985633231513,0.0,0.0,0.0
2025-10-15,1,0.0019671959414714023,0.0024677906977679043,0.0022174933196196533,0.0,0.0,0.0
2025-10-15,2,0.0024677906977679043,0.0029683854540644063,0.0027180880759161553,5902317.993234151,0.0,0.0
2025-10-15,3,0.0029683854540644063,0.0034689802103609084,0.0032186828322126573,27000638.65527683,0.0,0.0
2025-10-15,4,0.0034689802103609084,0.00396957496665741,0.0037192775885091594,4602633.647812323,0.0,0.0
2025-10-15,5,0.00396957496665741,0.004470169722953912,0.004219872344805661,28351145.176641762,0.0,0.0
2025-10-15,6,0.004470169722953912,0.0049707644792504144,0.004720467101102164,28208526.1413029,0.0,0.0
2025-10-15,7,0.0049707644792504144,0.0054713592355469165,0.005221061857398665,51386021.94666514,0.0,0.0
2025-10-15,8,0.0054713592355469165,0.0059719539918434185,0.005721656613695168,10462577.623747673,0.0,0.0
2025-10-15,9,0.0059719539918434185,0.0064725487481399205,0.006222251369991669,0.0,0.0,0.0
2025-10-15,10,0.0064725487481399205,0.0069731435044364225,0.006722846126288172,1070815081.3589461,0.0,40476190.48
2025-10-15,11,0.0069731435044364225,0.007473738260732925,0.007223440882584673,0.0,0.0,0.0
2025-10-15,12,0.007473738260732925,0.007974333017029427,0.007724035638881176,0.0,0.0,0.0
2025-10-15,13,0.007974333017029427,0.008474927773325928,0.008224630395177677,69252072.6627575,0.0,0.0
2025-10-15,14,0.008474927773325928,0.00897552252962243,0.00872522515147418,135474239.32552847,0.0,67909076.67549999
2025-10-15,15,0.00897552252962243,0.009476117285918932,0.009225819907770681,18392451.945616875,0.0,5529415.31
2025-10-15,16,0.009476117285918932,0.009976712042215433,0.009726414664067182,0.0,0.0,0.0
2025-10-15,17,0.009976712042215433,0.010477306798511936,0.010227009420363684,0.0,0.0,0.0
2025-10-15,18,0.010477306798511936,0.010977901554808439,0.010727604176660188,0.0,0.0,0.0
2025-10-15,19,0.010977901554808439,0.01147849631110494,0.01122819893295669,0.0,0.0,0.0
2025-10-15,20,0.01147849631110494,0.011979091067401441,0.01172879368925319,0.0,0.0,0.0
2025-10-15,21,0.011979091067401441,0.012479685823697944,0.012229388445549692,0.0,0.0,0.0
2025-10-15,22,0.012479685823697944,0.012980280579994447,0.012729983201846196,0.0,0.0,0.0
2025-10-15,23,0.012980280579994447,0.013480875336290948,0.013230577958142697,0.0,0.0,0.0
2025-10-15,24,0.013480875336290948,0.01398147009258745,0.013731172714439199,0.0,0.0,0.0
2025-10-15,25,0.01398147009258745,0.014482064848883952,0.0142317674707357,58428786.33346412,0.0,21808056.2225
2025-10-15,26,0.014482064848883952,0.014982659605180455,0.014732362227032204,52055106.22728551,0.0,34214780.60119999
2025-10-15,27,0.014982659605180455,0.015483254361476956,0.015232956983328706,0.0,0.0,0.0
2025-10-15,28,0.015483254361476956,0.01598384911777346,0.015733551739625207,40818468.096788295,0.0,9251200.2334
2025-10-15,29,0.01598384911777346,0.01648444387406996,0.01623414649592171,0.0,0.0,0.0
2025-10-15,30,0.01648444387406996,0.016985038630366465,0.016734741252218212,0.0,0.0,0.0
2025-10-15,31,0.016985038630366465,0.017485633386662966,0.017235336008514714,0.0,0.0,0.0
2025-10-15,32,0.017485633386662966,0.017986228142959467,0.01773593076481122,67409135.6089267,0.0,54393737.15539501
2025-10-15,33,0.017986228142959467,0.01848682289925597,0.018236525521107716,0.0,0.0,0.0
2025-10-15,34,0.01848682289925597,0.018987417655552473,0.01873712027740422,0.0,0.0,0.0
2025-10-15,35,0.018987417655552473,0.019488012411848974,0.019237715033700725,146925142.99190906,0.0,37810554.5667
2025-10-15,36,0.019488012411848974,0.019988607168145475,0.019738309789997223,65839738.34340084,0.0,15110039.373
2025-10-15,37,0.019988607168145475,0.02048920192444198,0.020238904546293728,0.0,0.0,0.0
2025-10-15,38,0.02048920192444198,0.02098979668073848,0.020739499302590232,0.0,0.0,0.0
2025-10-15,39,0.02098979668073848,0.021490391437034982,0.02124009405888673,0.0,0.0,0.0
2025-10-15,40,0.021490391437034982,0.021990986193331483,0.021740688815183234,0.0,0.0,0.0
2025-10-15,41,0.021990986193331483,0.022491580949627984,0.022241283571479732,16998807.196623195,0.0,17674099.494
2025-10-15,42,0.022491580949627984,0.02299217570592449,0.022741878327776237,0.0,0.0,0.0
2025-10-15,43,0.02299217570592449,0.02349277046222099,0.02324247308407274,0.0,0.0,0.0
2025-10-15,44,0.02349277046222099,0.02399336521851749,0.02374306784036924,0.0,0.0,0.0
2025-10-15,45,0.02399336521851749,0.024493959974813996,0.024243662596665744,44223320.72776273,0.0,38078898.50400004
2025-10-15,46,0.024493959974813996,0.024994554731110497,0.02474425735296225,0.0,0.0,0.0
2025-10-15,47,0.024994554731110497,0.025495149487407,0.025244852109258746,10399311.64557946,0.0,15597322.156
2025-10-15,48,0.025495149487407,0.0259957442437035,0.02574544686555525,0.0,0.0,0.0
2025-10-15,49,0.0259957442437035,0.026496339,0.02624604162185175,28283891.678868104,0.0,31539366.819
2025-10-16,0,0.0014666011851749,0.0019671959414714023,0.0017168985633231513,0.0,0.0,0.0
2025-10-16,1,0.0019671959414714023,0.0024677906977679043,0.0022174933196196533,0.0,0.0,0.0
2025-10-16,2,0.0024677906977679043,0.0029683854540644063,0.0027180880759161553,5902317.993234151,0.0,0.0
2025-10-16,3,0.0029683854540644063,0.0034689802103609084,0.0032186828322126573,26995063.92752583,0.0,0.0
2025-10-16,4,0.0034689802103609084,0.00396957496665741,0.0037192775885091594,4527089.816474122,0.0,0.0
2025-10-16,5,0.00396957496665741,0.004470169722953912,0.004219872344805661,27969500.210738976,0.0,0.0
2025-10-16,6,0.004470169722953912,0.0049707644792504144,0.004720467101102164,28171260.257070098,0.0,0.0
2025-10-16,7,0.0049707644792504144,0.0054713592355469165,0.005221061857398665,49929017.48734341,0.0,0.0
2025-10-16,8,0.0054713592355469165,0.0059719539918434185,0.005721656613695168,10387628.305157455,0.0,0.0
2025-10-16,9,0.0059719539918434185,0.0064725487481399205,0.006222251369991669,0.0,0.0,0.0
2025-10-16,10,0.0064725487481399205,0.0069731435044364225,0.006722846126288172,1069344105.1174455,0.0,40476190.48
2025-10-16,11,0.0069731435044364225,0.007473738260732925,0.007223440882584673,0.0,0.0,0.0
2025-10-16,12,0.007473738260732925,0.007974333017029427,0.007724035638881176,0.0,0.0,0.0
2025-10-16,13,0.007974333017029427,0.008474927773325928,0.008224630395177677,69131527.4578458,0.0,0.0
2025-10-16,14,0.008474927773325928,0.00897552252962243,0.00872522515147418,134813497.14114398,0.0,67112133.76
2025-10-16,15,0.00897552252962243,0.009476117285918932,0.009225819907770681,18322640.987463806,0.0,5375413.6605999805
2025-10-16,16,0.009476117285918932,0.009976712042215433,0.009726414664067182,0.0,0.0,0.0
2025-10-16,17,0.009976712042215433,0.010477306798511936,0.010227009420363684,0.0,0.0,0.0
2025-10-16,18,0.010477306798511936,0.010977901554808439,0.010727604176660188,0.0,0.0,0.0
2025-10-16,19,0.010977901554808439,0.01147849631110494,0.01122819893295669,0.0,0.0,0.0
2025-10-16,20,0.01147849631110494,0.011979091067401441,0.01172879368925319,0.0,0.0,0.0
2025-10-16,21,0.011979091067401441,0.012479685823697944,0.012229388445549692,0.0,0.0,0.0
2025-10-16,22,0.012479685823697944,0.012980280579994447,0.012729983201846196,0.0,0.0,0.0
2025-10-16,23,0.012980280579994447,0.013480875336290948,0.013230577958142697,77517853.40442516,0.0,10744106.542789
2025-10-16,24,0.013480875336290948,0.01398147009258745,0.013731172714439199,0.0,0.0,0.0
2025-10-16,25,0.01398147009258745,0.014482064848883952,0.0142317674707357,48198833.37140825,0.0,20571432.9192
2025-10-16,26,0.014482064848883952,0.014982659605180455,0.014732362227032204,41600464.255435854,0.0,30024233.2995
2025-10-16,27,0.014982659605180455,0.015483254361476956,0.015232956983328706,0.0,0.0,0.0
2025-10-16,28,0.015483254361476956,0.01598384911777346,0.015733551739625207,34528936.90222329,0.0,9251200.2334
2025-10-16,29,0.01598384911777346,0.01648444387406996,0.01623414649592171,0.0,0.0,0.0
2025-10-16,30,0.01648444387406996,0.016985038630366465,0.016734741252218212,0.0,0.0,0.0
2025-10-16,31,0.016985038630366465,0.017485633386662966,0.017235336008514714,0.0,0.0,0.0
2025-10-16,32,0.017485633386662966,0.017986228142959467,0.01773593076481122,57417738.57387416,0.0,54371595.83636501
2025-10-16,33,0.017986228142959467,0.01848682289925597,0.018236525521107716,0.0,0.0,0.0
2025-10-16,34,0.01848682289925597,0.018987417655552473,0.01873712027740422,0.0,0.0,0.0
2025-10-16,35,0.018987417655552473,0.019488012411848974,0.019237715033700725,139762910.4104136,0.0,37810554.5667
2025-10-16,36,0.019488012411848974,0.019988607168145475,0.019738309789997223,61194581.05356245,0.0,15110039.373
2025-10-16,37,0.019988607168145475,0.02048920192444198,0.020238904546293728,0.0,0.0,0.0
2025-10-16,38,0.02048920192444198,0.02098979668073848,0.020739499302590232,0.0,0.0,0.0
2025-10-16,39,0.02098979668073848,0.021490391437034982,0.02124009405888673,0.0,0.0,0.0
2025-10-16,40,0.021490391437034982,0.021990986193331483,0.021740688815183234,0.0,0.0,0.0
2025-10-16,41,0.021990986193331483,0.022491580949627984,0.022241283571479732,16476106.464377578,0.0,17674099.494
2025-10-16,42,0.022491580949627984,0.02299217570592449,0.022741878327776237,0.0,0.0,0.0
2025-10-16,43,0.02299217570592449,0.02349277046222099,0.02324247308407274,0.0,0.0,0.0
2025-10-16,44,0.02349277046222099,0.02399336521851749,0.02374306784036924,0.0,0.0,0.0
2025-10-16,45,0.02399336521851749,0.024493959974813996,0.024243662596665744,43845838.66558315,0.0,27542772.614000037
2025-10-16,46,0.024493959974813996,0.024994554731110497,0.02474425735296225,0.0,0.0,0.0
2025-10-16,47,0.024994554731110497,0.025495149487407,0.025244852109258746,10182943.674054207,0.0,15597322.156
2025-10-16,48,0.025495149487407,0.0259957442437035,0.02574544686555525,0.0,0.0,0.0
2025-10-16,49,0.0259957442437035,0.026496339,0.02624604162185175,28020426.861620877,0.0,31539366.819
2025-10-17,0,0.0014666011851749,0.0019671959414714023,0.0017168985633231513,0.0,0.0,0.0
2025-10-17,1,0.0019671959414714023,0.0024677906977679043,0.0022174933196196533,0.0,0.0,0.0
2025-10-17,2,0.0024677906977679043,0.0029683854540644063,0.0027180880759161553,5901769.10893415,0.0,0.0
2025-10-17,3,0.0029683854540644063,0.0034689802103609084,0.0032186828322126573,26866675.449863832,0.0,0.0
2025-10-17,4,0.0034689802103609084,0.00396957496665741,0.0037192775885091594,4457374.243307542,0.0,0.0
2025-10-17,5,0.00396957496665741,0.004470169722953912,0.004219872344805661,27689749.822687972,0.0,0.0
2025-10-17,6,0.004470169722953912,0.0049707644792504144,0.004720467101102164,28171260.257070098,0.0,0.0
2025-10-17,7,0.0049707644792504144,0.0054713592355469165,0.005221061857398665,49861088.64779486,0.0,0.0
2025-10-17,8,0.0054713592355469165,0.0059719539918434185,0.005721656613695168,10384480.567815455,0.0,0.0
2025-10-17,9,0.0059719539918434185,0.0064725487481399205,0.006222251369991669,0.0,0.0,0.0
2025-10-17,10,0.0064725487481399205,0.0069731435044364225,0.006722846126288172,1068884685.0780339,0.0,40476190.48
2025-10-17,11,0.0069731435044364225,0.007473738260732925,0.007223440882584673,0.0,0.0,0.0
2025-10-17,12,0.007473738260732925,0.007974333017029427,0.007724035638881176,0.0,0.0,0.0
2025-10-17,13,0.007974333017029427,0.008474927773325928,0.008224630395177677,69026419.3914697,0.0,0.0
2025-10-17,14,0.008474927773325928,0.00897552252962243,0.00872522515147418,132690158.76048754,0.0,67112133.76
2025-10-17,15,0.00897552252962243,0.009476117285918932,0.009225819907770681,18322434.987463806,0.0,4582565.790899981
2025-10-17,16,0.009476117285918932,0.009976712042215433,0.009726414664067182,0.0,0.0,0.0
2025-10-17,17,0.009976712042215433,0.010477306798511936,0.010227009420363684,0.0,0.0,0.0
2025-10-17,18,0.010477306798511936,0.010977901554808439,0.010727604176660188,0.0,0.0,0.0
2025-10-17,19,0.010977901554808439,0.01147849631110494,0.01122819893295669,0.0,0.0,0.0
2025-10-17,20,0.01147849631110494,0.011979091067401441,0.01172879368925319,0.0,0.0,0.0
2025-10-17,21,0.011979091067401441,0.012479685823697944,0.012229388445549692,0.0,0.0,0.0
2025-10-17,22,0.012479685823697944,0.012980280579994447,0.012729983201846196,0.0,0.0,0.0
2025-10-17,23,0.012980280579994447,0.013480875336290948,0.013230577958142697,75430966.39568922,0.0,10744106.542789
2025-10-17,24,0.013480875336290948,0.01398147009258745,0.013731172714439199,0.0,0.0,0.0
2025-10-17,25,0.01398147009258745,0.014482064848883952,0.0142317674707357,39261867.85996747,0.0,18856980.384199996
2025-10-17,26,0.014482064848883952,0.014982659605180455,0.014732362227032204,36766704.86202187,0.0,29998721.591245
2025-10-17,27,0.014982659605180455,0.015483254361476956,0.015232956983328706,0.0,0.0,0.0
2025-10-17,28,0.015483254361476956,0.01598384911777346,0.015733551739625207,29163229.650716297,0.0,9251200.2334
2025-10-17,29,0.01598384911777346,0.01648444387406996,0.01623414649592171,0.0,0.0,0.0
2025-10-17,30,0.01648444387406996,0.016985038630366465,0.016734741252218212,39699832.31309269,0.0,19377230.73047
2025-10-17,31,0.016985038630366465,0.017485633386662966,0.017235336008514714,0.0,0.0,0.0
2025-10-17,32,0.017485633386662966,0.017986228142959467,0.01773593076481122,54875068.12623445,0.0,54356181.933000006
2025-10-17,33,0.017986228142959467,0.01848682289925597,0.018236525521107716,0.0,0.0,0.0
2025-10-17,34,0.01848682289925597,0.018987417655552473,0.01873712027740422,0.0,0.0,0.0
2025-10-17,35,0.018987417655552473,0.019488012411848974,0.019237715033700725,135582786.4854572,0.0,37810554.5667
2025-10-17,36,0.019488012411848974,0.019988607168145475,0.019738309789997223,55133641.076175615,0.0,15110039.373
2025-10-17,37,0.019988607168145475,0.02048920192444198,0.020238904546293728,0.0,0.0,0.0
2025-10-17,38,0.02048920192444198,0.02098979668073848,0.020739499302590232,0.0,0.0,0.0
2025-10-17,39,0.02098979668073848,0.021490391437034982,0.02124009405888673,0.0,0.0,0.0
2025-10-17,40,0.021490391437034982,0.021990986193331483,0.021740688815183234,0.0,0.0,0.0
2025-10-17,41,0.021990986193331483,0.022491580949627984,0.022241283571479732,16031846.639932578,0.0,17674099.494
2025-10-17,42,0.022491580949627984,0.02299217570592449,0.022741878327776237,0.0,0.0,0.0
2025-10-17,43,0.02299217570592449,0.02349277046222099,0.02324247308407274,0.0,0.0,0.0
2025-10-17,44,0.02349277046222099,0.02399336521851749,0.02374306784036924,0.0,0.0,0.0
2025-10-17,45,0.02399336521851749,0.024493959974813996,0.024243662596665744,43695354.37206519,0.0,18185667.367
2025-10-17,46,0.024493959974813996,0.024994554731110497,0.02474425735296225,0.0,0.0,0.0
2025-10-17,47,0.024994554731110497,0.025495149487407,0.025244852109258746,9960501.99789551,0.0,15237060.781000035
2025-10-17,48,0.025495149487407,0.0259957442437035,0.02574544686555525,0.0,0.0,0.0
2025-10-17,49,0.0259957442437035,0.026496339,0.02624604162185175,26937654.057001982,0.0,31539366.819
2025-10-18,0,0.0014666011851749,0.0019671959414714023,0.0017168985633231513,0.0,0.0,0.0
2025-10-18,1,0.0019671959414714023,0.0024677906977679043,0.0022174933196196533,0.0,0.0,0.0
2025-10-18,2,0.0024677906977679043,0.0029683854540644063,0.0027180880759161553,5901769.10893415,0.0,0.0
2025-10-18,3,0.0029683854540644063,0.0034689802103609084,0.0032186828322126573,26747684.82730875,0.0,0.0
2025-10-18,4,0.0034689802103609084,0.00396957496665741,0.0037192775885091594,4431373.686765543,0.0,0.0
2025-10-18,5,0.00396957496665741,0.004470169722953912,0.004219872344805661,27551745.461229477,0.0,0.0
2025-10-18,6,0.004470169722953912,0.0049707644792504144,0.004720467101102164,27863005.58880932,0.0,0.0
2025-10-18,7,0.0049707644792504144,0.0054713592355469165,0.005221061857398665,49246538.61088189,0.0,0.0
2025-10-18,8,0.0054713592355469165,0.0059719539918434185,0.005721656613695168,10180464.327957455,0.0,0.0
2025-10-18,9,0.0059719539918434185,0.0064725487481399205,0.006222251369991669,0.0,0.0,0.0
2025-10-18,10,0.0064725487481399205,0.0069731435044364225,0.006722846126288172,1064119458.5266802,0.0,40476190.48
2025-10-18,11,0.0069731435044364225,0.007473738260732925,0.007223440882584673,0.0,0.0,0.0
2025-10-18,12,0.007473738260732925,0.007974333017029427,0.007724035638881176,0.0,0.0,0.0
2025-10-18,13,0.007974333017029427,0.008474927773325928,0.008224630395177677,68405561.48320411,0.0,0.0
2025-10-18,14,0.008474927773325928,0.00897552252962243,0.00872522515147418,131149353.74706095,0.0,67112133.76
2025-10-18,15,0.00897552252962243,0.009476117285918932,0.009225819907770681,18318637.790889222,0.0,3441583.6528999805
2025-10-18,16,0.009476117285918932,0.009976712042215433,0.009726414664067182,0.0,0.0,0.0
2025-10-18,17,0.009976712042215433,0.010477306798511936,0.010227009420363684,0.0,0.0,0.0
2025-10-18,18,0.010477306798511936,0.010977901554808439,0.010727604176660188,0.0,0.0,0.0
2025-10-18,19,0.010977901554808439,0.01147849631110494,0.01122819893295669,0.0,0.0,0.0
2025-10-18,20,0.01147849631110494,0.011979091067401441,0.01172879368925319,0.0,0.0,0.0
2025-10-18,21,0.011979091067401441,0.012479685823697944,0.012229388445549692,0.0,0.0,0.0
2025-10-18,22,0.012479685823697944,0.012980280579994447,0.012729983201846196,99820769.62105387,0.0,29880400.1621
2025-10-18,23,0.012980280579994447,0.013480875336290948,0.013230577958142697,68731521.05453157,0.0,10744106.542789
2025-10-18,24,0.013480875336290948,0.01398147009258745,0.013731172714439199,0.0,0.0,0.0
2025-10-18,25,0.01398147009258745,0.014482064848883952,0.0142317674707357,27697537.738050558,0.0,17138579.172
2025-10-18,26,0.014482064848883952,0.014982659605180455,0.014732362227032204,31855488.568472438,0.0,29909226.378
2025-10-18,27,0.014982659605180455,0.015483254361476956,0.015232956983328706,0.0,0.0,0.0
2025-10-18,28,0.015483254361476956,0.01598384911777346,0.015733551739625207,21681595.039205488,0.0,5767664.3943
2025-10-18,29,0.01598384911777346,0.01648444387406996,0.01623414649592171,0.0,0.0,0.0
2025-10-18,30,0.01648444387406996,0.016985038630366465,0.016734741252218212,36494353.95519339,0.0,19377230.73047
2025-10-18,31,0.016985038630366465,0.017485633386662966,0.017235336008514714,0.0,0.0,0.0
2025-10-18,32,0.017485633386662966,0.017986228142959467,0.01773593076481122,52811526.713403456,0.0,54356181.933000006
2025-10-18,33,0.017986228142959467,0.01848682289925597,0.018236525521107716,0.0,0.0,0.0
2025-10-18,34,0.01848682289925597,0.018987417655552473,0.01873712027740422,0.0,0.0,0.0
2025-10-18,35,0.018987417655552473,0.019488012411848974,0.019237715033700725,121580130.09037319,0.0,37810554.5667
2025-10-18,36,0.019488012411848974,0.019988607168145475,0.019738309789997223,39494333.30624812,0.0,10279873.280744998
2025-10-18,37,0.019988607168145475,0.02048920192444198,0.020238904546293728,0.0,0.0,0.0
2025-10-18,38,0.02048920192444198,0.02098979668073848,0.020739499302590232,0.0,0.0,0.0
2025-10-18,39,0.02098979668073848,0.021490391437034982,0.02124009405888673,0.0,0.0,0.0
2025-10-18,40,0.021490391437034982,0.021990986193331483,0.021740688815183234,0.0,0.0,0.0
2025-10-18,41,0.021990986193331483,0.022491580949627984,0.022241283571479732,15925179.950334579,0.0,17674099.494
2025-10-18,42,0.022491580949627984,0.02299217570592449,0.022741878327776237,0.0,0.0,0.0
2025-10-18,43,0.02299217570592449,0.02349277046222099,0.02324247308407274,0.0,0.0,0.0
2025-10-18,44,0.02349277046222099,0.02399336521851749,0.02374306784036924,0.0,0.0,0.0
2025-10-18,45,0.02399336521851749,0.024493959974813996,0.024243662596665744,42145700.938775614,0.0,8551475.782
2025-10-18,46,0.024493959974813996,0.024994554731110497,0.02474425735296225,0.0,0.0,0.0
2025-10-18,47,0.024994554731110497,0.025495149487407,0.025244852109258746,9928113.7133738,0.0,2565408.956
2025-10-18,48,0.025495149487407,0.0259957442437035,0.02574544686555525,0.0,0.0,0.0
2025-10-18,49,0.0259957442437035,0.026496339,0.02624604162185175,26678546.94059296,0.0,26818810.689000033
2025-10-19,0,0.0014666011851749,0.0019671959414714023,0.0017168985633231513,0.0,0.0,0.0
2025-10-19,1,0.0019671959414714023,0.0024677906977679043,0.0022174933196196533,0.0,0.0,0.0
2025-10-19,2,0.0024677906977679043,0.0029683854540644063,0.0027180880759161553,5901769.10893415,0.0,0.0
2025-10-19,3,0.0029683854540644063,0.0034689802103609084,0.0032186828322126573,26515941.65231575,0.0,0.0
2025-10-19,4,0.0034689802103609084,0.00396957496665741,0.0037192775885091594,4359257.175468643,0.0,0.0
2025-10-19,5,0.00396957496665741,0.004470169722953912,0.004219872344805661,27551543.80770948,0.0,0.0
2025-10-19,6,0.004470169722953912,0.0049707644792504144,0.004720467101102164,27862983.52384078,0.0,0.0
2025-10-19,7,0.0049707644792504144,0.0054713592355469165,0.005221061857398665,48983736.756738186,0.0,0.0
2025-10-19,8,0.0054713592355469165,0.0059719539918434185,0.005721656613695168,10178890.194562113,0.0,0.0
2025-10-19,9,0.0059719539918434185,0.0064725487481399205,0.006222251369991669,0.0,0.0,0.0
2025-10-19,10,0.0064725487481399205,0.0069731435044364225,0.006722846126288172,1061159714.8759668,0.0,40476190.48
2025-10-19,11,0.0069731435044364225,0.007473738260732925,0.007223440882584673,0.0,0.0,0.0
2025-10-19,12,0.007473738260732925,0.007974333017029427,0.007724035638881176,0.0,0.0,0.0
2025-10-19,13,0.007974333017029427,0.008474927773325928,0.008224630395177677,67810318.19865353,0.0,0.0
2025-10-19,14,0.008474927773325928,0.00897552252962243,0.00872522515147418,128785365.69013067,0.0,67112133.76
2025-10-19,15,0.00897552252962243,0.009476117285918932,0.009225819907770681,18261432.95873612,0.0,1977859.2298999806
2025-10-19,16,0.009476117285918932,0.009976712042215433,0.009726414664067182,0.0,0.0,0.0
2025-10-19,17,0.009976712042215433,0.010477306798511936,0.010227009420363684,0.0,0.0,0.0
2025-10-19,18,0.010477306798511936,0.010977901554808439,0.010727604176660188,0.0,0.0,0.0
2025-10-19,19,0.010977901554808439,0.01147849631110494,0.01122819893295669,0.0,0.0,0.0
2025-10-19,20,0.01147849631110494,0.011979091067401441,0.01172879368925319,0.0,0.0,0.0
2025-10-19,21,0.011979091067401441,0.012479685823697944,0.012229388445549692,0.0,0.0,0.0
2025-10-19,22,0.012479685823697944,0.012980280579994447,0.012729983201846196,87627278.35410252,0.0,29880400.1621
2025-10-19,23,0.012980280579994447,0.013480875336290948,0.013230577958142697,54675648.784544855,0.0,10744106.542789
2025-10-19,24,0.013480875336290948,0.01398147009258745,0.013731172714439199,0.0,0.0,0.0
2025-10-19,25,0.01398147009258745,0.014482064848883952,0.0142317674707357,23211889.521935802,0.0,17138579.172
2025-10-19,26,0.014482064848883952,0.014982659605180455,0.014732362227032204,30866728.12644083,0.0,29909226.378
2025-10-19,27,0.014982659605180455,0.015483254361476956,0.015232956983328706,0.0,0.0,0.0
2025-10-19,28,0.015483254361476956,0.01598384911777346,0.015733551739625207,14179822.396372175,0.0,5767664.3943
2025-10-19,29,0.01598384911777346,0.01648444387406996,0.01623414649592171,0.0,0.0,0.0
2025-10-19,30,0.01648444387406996,0.016985038630366465,0.016734741252218212,33677689.45672715,0.0,19377230.73047
2025-10-19,31,0.016985038630366465,0.017485633386662966,0.017235336008514714,0.0,0.0,0.0
2025-10-19,32,0.017485633386662966,0.017986228142959467,0.01773593076481122,50472243.33996377,0.0,54356181.933000006
2025-10-19,33,0.017986228142959467,0.01848682289925597,0.018236525521107716,97540749.35127357,0.0,18226519.8494
2025-10-19,34,0.01848682289925597,0.018987417655552473,0.01873712027740422,0.0,0.0,0.0
2025-10-19,35,0.018987417655552473,0.019488012411848974,0.019237715033700725,105234902.63736358,0.0,32993062.523399998
2025-10-19,36,0.019488012411848974,0.019988607168145475,0.019738309789997223,28540785.39932489,0.0,9420017.599344999
2025-10-19,37,0.019988607168145475,0.02048920192444198,0.020238904546293728,0.0,0.0,0.0
2025-10-19,38,0.02048920192444198,0.02098979668073848,0.020739499302590232,0.0,0.0,0.0
2025-10-19,39,0.02098979668073848,0.021490391437034982,0.02124009405888673,0.0,0.0,0.0
2025-10-19,40,0.021490391437034982,0.021990986193331483,0.021740688815183234,0.0,0.0,0.0
2025-10-19,41,0.021990986193331483,0.022491580949627984,0.022241283571479732,15681481.268521879,0.0,17674099.494
2025-10-19,42,0.022491580949627984,0.02299217570592449,0.022741878327776237,0.0,0.0,0.0
2025-10-19,43,0.02299217570592449,0.02349277046222099,0.02324247308407274,0.0,0.0,0.0
2025-10-19,44,0.02349277046222099,0.02399336521851749,0.02374306784036924,0.0,0.0,0.0
2025-10-19,45,0.02399336521851749,0.024493959974813996,0.024243662596665744,41708953.31185547,0.0,8551475.782
2025-10-19,46,0.024493959974813996,0.024994554731110497,0.02474425735296225,0.0,0.0,0.0
2025-10-19,47,0.024994554731110497,0.025495149487407,0.025244852109258746,9886493.3897188,0.0,2565408.956
2025-10-19,48,0.025495149487407,0.0259957442437035,0.02574544686555525,0.0,0.0,0.0
2025-10-19,49,0.0259957442437035,0.026496339,0.02624604162185175,26020466.294733357,0.0,14981457.179000033
2025-10-20,0,0.0014666011851749,0.0019671959414714023,0.0017168985633231513,0.0,0.0,0.0
2025-10-20,1,0.0019671959414714023,0.0024677906977679043,0.0022174933196196533,0.0,0.0,0.0
2025-10-20,2,0.0024677906977679043,0.0029683854540644063,0.0027180880759161553,5901769.10893415,0.0,0.0
2025-10-20,3,0.0029683854540644063,0.0034689802103609084,0.0032186828322126573,25233392.14946055,0.0,0.0
2025-10-20,4,0.0034689802103609084,0.00396957496665741,0.0037192775885091594,4346527.767284693,0.0,0.0
2025-10-20,5,0.00396957496665741,0.004470169722953912,0.004219872344805661,27108986.188439485,0.0,0.0
2025-10-20,6,0.004470169722953912,0.0049707644792504144,0.004720467101102164,27859784.338780582,0.0,0.0
2025-10-20,7,0.0049707644792504144,0.0054713592355469165,0.005221061857398665,48908026.612352185,0.0,0.0
2025-10-20,8,0.0054713592355469165,0.0059719539918434185,0.005721656613695168,10171897.45409711,0.0,0.0
2025-10-20,9,0.0059719539918434185,0.0064725487481399205,0.006222251369991669,0.0,0.0,0.0
2025-10-20,10,0.0064725487481399205,0.0069731435044364225,0.006722846126288172,1060457083.6035143,0.0,40476190.48
2025-10-20,11,0.0069731435044364225,0.007473738260732925,0.007223440882584673,0.0,0.0,0.0
2025-10-20,12,0.007473738260732925,0.007974333017029427,0.007724035638881176,0.0,0.0,0.0
2025-10-20,13,0.007974333017029427,0.008474927773325928,0.008224630395177677,67723868.9032438,0.0,0.0
2025-10-20,14,0.008474927773325928,0.00897552252962243,0.00872522515147418,127286372.09843637,0.0,67112133.76
2025-10-20,15,0.00897552252962243,0.009476117285918932,0.009225819907770681,18259362.247006122,0.0,1212781.3336999808
2025-10-20,16,0.009476117285918932,0.009976712042215433,0.009726414664067182,0.0,0.0,0.0
2025-10-20,17,0.009976712042215433,0.010477306798511936,0.010227009420363684,0.0,0.0,0.0
2025-10-20,18,0.010477306798511936,0.010977901554808439,0.010727604176660188,0.0,0.0,0.0
2025-10-20,19,0.010977901554808439,0.01147849631110494,0.01122819893295669,0.0,0.0,0.0
2025-10-20,20,0.01147849631110494,0.011979091067401441,0.01172879368925319,0.0,0.0,0.0
2025-10-20,21,0.011979091067401441,0.012479685823697944,0.012229388445549692,0.0,0.0,0.0
2025-10-20,22,0.012479685823697944,0.012980280579994447,0.012729983201846196,79825524.07943584,0.0,29880400.1621
2025-10-20,23,0.012980280579994447,0.013480875336290948,0.013230577958142697,49137035.433212824,0.0,10744106.542789
2025-10-20,24,0.013480875336290948,0.01398147009258745,0.013731172714439199,0.0,0.0,0.0
2025-10-20,25,0.01398147009258745,0.014482064848883952,0.0142317674707357,22902604.929192834,0.0,17138579.172
2025-10-20,26,0.014482064848883952,0.014982659605180455,0.014732362227032204,30244480.97930833,0.0,29909226.378
2025-10-20,27,0.014982659605180455,0.015483254361476956,0.015232956983328706,0.0,0.0,0.0
2025-10-20,28,0.015483254361476956,0.01598384911777346,0.015733551739625207,13017503.81317679,0.0,5767664.3943
2025-10-20,29,0.01598384911777346,0.01648444387406996,0.01623414649592171,0.0,0.0,0.0
2025-10-20,30,0.01648444387406996,0.016985038630366465,0.016734741252218212,27564703.04637735,0.0,19377230.73047
2025-10-20,31,0.016985038630366465,0.017485633386662966,0.017235336008514714,0.0,0.0,0.0
2025-10-20,32,0.017485633386662966,0.017986228142959467,0.01773593076481122,48341487.7766579,0.0,54356181.933000006
2025-10-20,33,0.017986228142959467,0.01848682289925597,0.018236525521107716,93660219.61200732,0.0,18226519.8494
2025-10-20,34,0.01848682289925597,0.018987417655552473,0.01873712027740422,0.0,0.0,0.0
2025-10-20,35,0.018987417655552473,0.019488012411848974,0.019237715033700725,102051628.06157777,0.0,26865786.510399997
2025-10-20,36,0.019488012411848974,0.019988607168145475,0.019738309789997223,20553860.57784078,0.0,9316792.227844998
2025-10-20,37,0.019988607168145475,0.02048920192444198,0.020238904546293728,49640966.36655698,0.0,12370820.512600001
2025-10-20,38,0.02048920192444198,0.02098979668073848,0.020739499302590232,0.0,0.0,0.0
2025-10-20,39,0.02098979668073848,0.021490391437034982,0.02124009405888673,0.0,0.0,0.0
2025-10-20,40,0.021490391437034982,0.021990986193331483,0.021740688815183234,0.0,0.0,0.0
2025-10-20,41,0.021990986193331483,0.022491580949627984,0.022241283571479732,15461981.356828121,0.0,17674099.494
2025-10-20,42,0.022491580949627984,0.02299217570592449,0.022741878327776237,0.0,0.0,0.0
2025-10-20,43,0.02299217570592449,0.02349277046222099,0.02324247308407274,0.0,0.0,0.0
2025-10-20,44,0.02349277046222099,0.02399336521851749,0.02374306784036924,0.0,0.0,0.0
2025-10-20,45,0.02399336521851749,0.024493959974813996,0.024243662596665744,41103726.015271716,0.0,8551475.782
2025-10-20,46,0.024493959974813996,0.024994554731110497,0.02474425735296225,0.0,0.0,0.0
2025-10-20,47,0.024994554731110497,0.025495149487407,0.025244852109258746,9856985.913614798,0.0,2565408.956
2025-10-20,48,0.025495149487407,0.0259957442437035,0.02574544686555525,0.0,0.0,0.0
2025-10-20,49,0.0259957442437035,0.026496339,0.02624604162185175,25989726.55300581,0.0,10509986.083000034
2025-10-21,0,0.0014666011851749,0.0019671959414714023,0.0017168985633231513,0.0,0.0,0.0
2025-10-21,1,0.0019671959414714023,0.0024677906977679043,0.0022174933196196533,0.0,0.0,0.0
2025-10-21,2,0.0024677906977679043,0.0029683854540644063,0.0027180880759161553,5896514.426368151,0.0,0.0
2025-10-21,3,0.0029683854540644063,0.0034689802103609084,0.0032186828322126573,23732473.895764347,0.0,0.0
2025-10-21,4,0.0034689802103609084,0.00396957496665741,0.0037192775885091594,4307772.761193593,0.0,0.0
2025-10-21,5,0.00396957496665741,0.004470169722953912,0.004219872344805661,26219037.462039474,0.0,0.0
2025-10-21,6,0.004470169722953912,0.0049707644792504144,0.004720467101102164,27858059.296272583,0.0,0.0
2025-10-21,7,0.0049707644792504144,0.0054713592355469165,0.005221061857398665,48648040.59070579,0.0,0.0
2025-10-21,8,0.0054713592355469165,0.0059719539918434185,0.005721656613695168,10077748.609697113,0.0,0.0
2025-10-21,9,0.0059719539918434185,0.0064725487481399205,0.006222251369991669,0.0,0.0,0.0
2025-10-21,10,0.0064725487481399205,0.0069731435044364225,0.006722846126288172,1059398402.6880411,0.0,40476190.48
2025-10-21,11,0.0069731435044364225,0.007473738260732925,0.007223440882584673,0.0,0.0,0.0
2025-10-21,12,0.007473738260732925,0.007974333017029427,0.007724035638881176,0.0,0.0,0.0
2025-10-21,13,0.007974333017029427,0.008474927773325928,0.008224630395177677,67621339.79019183,0.0,0.0
2025-10-21,14,0.008474927773325928,0.00897552252962243,0.00872522515147418,126026039.24096721,0.0,67112133.76
2025-10-21,15,0.00897552252962243,0.009476117285918932,0.009225819907770681,18259362.247006122,0.0,201034.96369998076
2025-10-21,16,0.009476117285918932,0.009976712042215433,0.009726414664067182,0.0,0.0,0.0
2025-10-21,17,0.009976712042215433,0.010477306798511936,0.010227009420363684,0.0,0.0,0.0
2025-10-21,18,0.010477306798511936,0.010977901554808439,0.010727604176660188,0.0,0.0,0.0
2025-10-21,19,0.010977901554808439,0.01147849631110494,0.01122819893295669,0.0,0.0,0.0
2025-10-21,20,0.01147849631110494,0.011979091067401441,0.01172879368925319,0.0,0.0,0.0
2025-10-21,21,0.011979091067401441,0.012479685823697944,0.012229388445549692,0.0,0.0,0.0
2025-10-21,22,0.012479685823697944,0.012980280579994447,0.012729983201846196,69817237.80143121,0.0,29880400.1621
2025-10-21,23,0.012980280579994447,0.013480875336290948,0.013230577958142697,45688262.53098571,0.0,7400689.963788999
2025-10-21,24,0.013480875336290948,0.01398147009258745,0.013731172714439199,0.0,0.0,0.0
2025-10-21,25,0.01398147009258745,0.014482064848883952,0.0142317674707357,21287680.091149762,0.0,17138579.172
2025-10-21,26,0.014482064848883952,0.014982659605180455,0.014732362227032204,30072467.106050234,0.0,29909226.378
2025-10-21,27,0.014982659605180455,0.015483254361476956,0.015232956983328706,0.0,0.0,0.0
2025-10-21,28,0.015483254361476956,0.01598384911777346,0.015733551739625207,12031886.914744588,0.0,5767664.3943
2025-10-21,29,0.01598384911777346,0.01648444387406996,0.01623414649592171,0.0,0.0,0.0
2025-10-21,30,0.01648444387406996,0.016985038630366465,0.016734741252218212,22474484.14594252,0.0,17592677.734169997
2025-10-21,31,0.016985038630366465,0.017485633386662966,0.017235336008514714,0.0,0.0,0.0
2025-10-21,32,0.017485633386662966,0.017986228142959467,0.01773593076481122,47255645.05308402,0.0,47748960.35700004
2025-10-21,33,0.017986228142959467,0.01848682289925597,0.018236525521107716,83475828.9988018,0.0,18226519.8494
2025-10-21,34,0.01848682289925597,0.018987417655552473,0.01873712027740422,0.0,0.0,0.0
2025-10-21,35,0.018987417655552473,0.019488012411848974,0.019237715033700725,91933723.08817302,0.0,26211375.758045003
2025-10-21,36,0.019488012411848974,0.019988607168145475,0.019738309789997223,79067492.8773646,0.0,26679850.7686
2025-10-21,37,0.019988607168145475,0.02048920192444198,0.020238904546293728,47788699.11439003,0.0,12370820.512600001
2025-10-21,38,0.02048920192444198,0.02098979668073848,0.020739499302590232,0.0,0.0,0.0
2025-10-21,39,0.02098979668073848,0.021490391437034982,0.02124009405888673,0.0,0.0,0.0
2025-10-21,40,0.021490391437034982,0.021990986193331483,0.021740688815183234,0.0,0.0,0.0
2025-10-21,41,0.021990986193331483,0.022491580949627984,0.022241283571479732,15280108.039621623,0.0,17674099.494
2025-10-21,42,0.022491580949627984,0.02299217570592449,0.022741878327776237,0.0,0.0,0.0
2025-10-21,43,0.02299217570592449,0.02349277046222099,0.02324247308407274,0.0,0.0,0.0
2025-10-21,44,0.02349277046222099,0.02399336521851749,0.02374306784036924,0.0,0.0,0.0
2025-10-21,45,0.02399336521851749,0.024493959974813996,0.024243662596665744,40357427.73262161,0.0,8551475.782
2025-10-21,46,0.024493959974813996,0.024994554731110497,0.02474425735296225,0.0,0.0,0.0
2025-10-21,47,0.024994554731110497,0.025495149487407,0.025244852109258746,9698650.923156008,0.0,2565408.956
2025-10-21,48,0.025495149487407,0.0259957442437035,0.02574544686555525,0.0,0.0,0.0
2025-10-21,49,0.0259957442437035,0.026496339,0.02624604162185175,25397082.013288613,0.0,5034303.169
2025-10-22,0,0.0014666011851749,0.0019671959414714023,0.0017168985633231513,0.0,0.0,0.0
2025-10-22,1,0.0019671959414714023,0.0024677906977679043,0.0022174933196196533,0.0,0.0,0.0
2025-10-22,2,0.0024677906977679043,0.0029683854540644063,0.0027180880759161553,5896514.426368151,0.0,0.0
2025-10-22,3,0.0029683854540644063,0.0034689802103609084,0.0032186828322126573,23469560.162293114,0.0,0.0
2025-10-22,4,0.0034689802103609084,0.00396957496665741,0.0037192775885091594,3872262.716432304,0.0,0.0
2025-10-22,5,0.00396957496665741,0.004470169722953912,0.004219872344805661,25525820.552209478,0.0,0.0
2025-10-22,6,0.004470169722953912,0.0049707644792504144,0.004720467101102164,27856807.65399158,0.0,0.0
2025-10-22,7,0.0049707644792504144,0.0054713592355469165,0.005221061857398665,48648040.59070579,0.0,0.0
2025-10-22,8,0.0054713592355469165,0.0059719539918434185,0.005721656613695168,10059101.204270313,0.0,0.0
2025-10-22,9,0.0059719539918434185,0.0064725487481399205,0.006222251369991669,0.0,0.0,0.0
2025-10-22,10,0.0064725487481399205,0.0069731435044364225,0.006722846126288172,1058962225.2673167,0.0,40476190.48
2025-10-22,11,0.0069731435044364225,0.007473738260732925,0.007223440882584673,0.0,0.0,0.0
2025-10-22,12,0.007473738260732925,0.007974333017029427,0.007724035638881176,0.0,0.0,0.0
2025-10-22,13,0.007974333017029427,0.008474927773325928,0.008224630395177677,67595224.51384483,0.0,0.0
2025-10-22,14,0.008474927773325928,0.00897552252962243,0.00872522515147418,125347933.61579359,0.0,66936851.54949999
2025-10-22,15,0.00897552252962243,0.009476117285918932,0.009225819907770681,18259362.247006122,0.0,0.0
2025-10-22,16,0.009476117285918932,0.009976712042215433,0.009726414664067182,0.0,0.0,0.0
2025-10-22,17,0.009976712042215433,0.010477306798511936,0.010227009420363684,0.0,0.0,0.0
2025-10-22,18,0.010477306798511936,0.010977901554808439,0.010727604176660188,0.0,0.0,0.0
2025-10-22,19,0.010977901554808439,0.01147849631110494,0.01122819893295669,0.0,0.0,0.0
2025-10-22,20,0.01147849631110494,0.011979091067401441,0.01172879368925319,0.0,0.0,0.0
2025-10-22,21,0.011979091067401441,0.012479685823697944,0.012229388445549692,0.0,0.0,0.0
2025-10-22,22,0.012479685823697944,0.012980280579994447,0.012729983201846196,63271614.0758412,0.0,29841136.331504
2025-10-22,23,0.012980280579994447,0.013480875336290948,0.013230577958142697,42690802.77479717,0.0,7398742.907199999
2025-10-22,24,0.013480875336290948,0.01398147009258745,0.013731172714439199,0.0,0.0,0.0
2025-10-22,25,0.01398147009258745,0.014482064848883952,0.0142317674707357,21057456.999583818,0.0,17138579.172
2025-10-22,26,0.014482064848883952,0.014982659605180455,0.014732362227032204,29297982.437144633,0.0,29909226.378
2025-10-22,27,0.014982659605180455,0.015483254361476956,0.015232956983328706,0.0,0.0,0.0
2025-10-22,28,0.015483254361476956,0.01598384911777346,0.015733551739625207,11884489.17678919,0.0,5767664.3943
2025-10-22,29,0.01598384911777346,0.01648444387406996,0.01623414649592171,0.0,0.0,0.0
2025-10-22,30,0.01648444387406996,0.016985038630366465,0.016734741252218212,20368150.983148813,0.0,15281651.136699997
2025-10-22,31,0.016985038630366465,0.017485633386662966,0.017235336008514714,0.0,0.0,0.0
2025-10-22,32,0.017485633386662966,0.017986228142959467,0.01773593076481122,45635466.2190581,0.0,46335236.86000001
2025-10-22,33,0.017986228142959467,0.01848682289925597,0.018236525521107716,71928994.69233431,0.0,18226519.8494
2025-10-22,34,0.01848682289925597,0.018987417655552473,0.01873712027740422,0.0,0.0,0.0
2025-10-22,35,0.018987417655552473,0.019488012411848974,0.019237715033700725,87311864.14419124,0.0,26147243.938
2025-10-22,36,0.019488012411848974,0.019988607168145475,0.019738309789997223,75546475.72048576,0.0,26679850.7686
2025-10-22,37,0.019988607168145475,0.02048920192444198,0.020238904546293728,85576870.05099458,0.0,20095372.4337
2025-10-22,38,0.02048920192444198,0.02098979668073848,0.020739499302590232,0.0,0.0,0.0
2025-10-22,39,0.02098979668073848,0.021490391437034982,0.02124009405888673,0.0,0.0,0.0
2025-10-22,40,0.021490391437034982,0.021990986193331483,0.021740688815183234,0.0,0.0,0.0
2025-10-22,41,0.021990986193331483,0.022491580949627984,0.022241283571479732,15163160.133146465,0.0,15716420.418000033
2025-10-22,42,0.022491580949627984,0.02299217570592449,0.022741878327776237,0.0,0.0,0.0
2025-10-22,43,0.02299217570592449,0.02349277046222099,0.02324247308407274,0.0,0.0,0.0
2025-10-22,44,0.02349277046222099,0.02399336521851749,0.02374306784036924,0.0,0.0,0.0
2025-10-22,45,0.02399336521851749,0.024493959974813996,0.024243662596665744,39688122.26710455,0.0,8551475.782
2025-10-22,46,0.024493959974813996,0.024994554731110497,0.02474425735296225,0.0,0.0,0.0
2025-10-22,47,0.024994554731110497,0.025495149487407,0.025244852109258746,9698650.923156008,0.0,2565408.956
2025-10-22,48,0.025495149487407,0.0259957442437035,0.02574544686555525,0.0,0.0,0.0
2025-10-22,49,0.0259957442437035,0.026496339,0.02624604162185175,25231683.91209077,0.0,5034303.169
2025-10-23,0,0.0014666011851749,0.0019671959414714023,0.0017168985633231513,0.0,0.0,0.0
2025-10-23,1,0.0019671959414714023,0.0024677906977679043,0.0022174933196196533,0.0,0.0,0.0
2025-10-23,2,0.0024677906977679043,0.0029683854540644063,0.0027180880759161553,5696146.735868151,0.0,0.0
2025-10-23,3,0.0029683854540644063,0.0034689802103609084,0.0032186828322126573,22604417.658138912,0.0,0.0
2025-10-23,4,0.0034689802103609084,0.00396957496665741,0.0037192775885091594,3867762.716428304,0.0,0.0
2025-10-23,5,0.00396957496665741,0.004470169722953912,0.004219872344805661,22440740.416309483,0.0,0.0
2025-10-23,6,0.004470169722953912,0.0049707644792504144,0.004720467101102164,27856807.65399158,0.0,0.0
2025-10-23,7,0.0049707644792504144,0.0054713592355469165,0.005221061857398665,48603029.85570779,0.0,0.0
2025-10-23,8,0.0054713592355469165,0.0059719539918434185,0.005721656613695168,10059101.204270313,0.0,0.0
2025-10-23,9,0.0059719539918434185,0.0064725487481399205,0.006222251369991669,0.0,0.0,0.0
2025-10-23,10,0.0064725487481399205,0.0069731435044364225,0.006722846126288172,1058169271.7721542,0.0,40476190.48
2025-10-23,11,0.0069731435044364225,0.007473738260732925,0.007223440882584673,0.0,0.0,0.0
2025-10-23,12,0.007473738260732925,0.007974333017029427,0.007724035638881176,0.0,0.0,0.0
2025-10-23,13,0.007974333017029427,0.008474927773325928,0.008224630395177677,67506881.09743147,0.0,0.0
2025-10-23,14,0.008474927773325928,0.00897552252962243,0.00872522515147418,123825571.84647861,0.0,66189250.04499999
2025-10-23,15,0.00897552252962243,0.009476117285918932,0.009225819907770681,18259362.247006122,0.0,0.0
2025-10-23,16,0.009476117285918932,0.009976712042215433,0.009726414664067182,0.0,0.0,0.0
2025-10-23,17,0.009976712042215433,0.010477306798511936,0.010227009420363684,0.0,0.0,0.0
2025-10-23,18,0.010477306798511936,0.010977901554808439,0.010727604176660188,0.0,0.0,0.0
2025-10-23,19,0.010977901554808439,0.01147849631110494,0.01122819893295669,0.0,0.0,0.0
2025-10-23,20,0.01147849631110494,0.011979091067401441,0.01172879368925319,0.0,0.0,0.0
2025-10-23,21,0.011979091067401441,0.012479685823697944,0.012229388445549692,0.0,0.0,0.0
2025-10-23,22,0.012479685823697944,0.012980280579994447,0.012729983201846196,58052710.055829264,0.0,26394828.742203996
2025-10-23,23,0.012980280579994447,0.013480875336290948,0.013230577958142697,38964620.222794384,0.0,7398742.907199999
2025-10-23,24,0.013480875336290948,0.01398147009258745,0.013731172714439199,0.0,0.0,0.0
2025-10-23,25,0.01398147009258745,0.014482064848883952,0.0142317674707357,20670746.84577835,0.0,17138579.172
2025-10-23,26,0.014482064848883952,0.014982659605180455,0.014732362227032204,27395678.26856364,0.0,29909226.378
2025-10-23,27,0.014982659605180455,0.015483254361476956,0.015232956983328706,0.0,0.0,0.0
2025-10-23,28,0.015483254361476956,0.01598384911777346,0.015733551739625207,11676319.05661165,0.0,5767664.3943
2025-10-23,29,0.01598384911777346,0.01648444387406996,0.01623414649592171,0.0,0.0,0.0
2025-10-23,30,0.01648444387406996,0.016985038630366465,0.016734741252218212,16660528.218885683,0.0,14550958.354
2025-10-23,31,0.016985038630366465,0.017485633386662966,0.017235336008514714,0.0,0.0,0.0
2025-10-23,32,0.017485633386662966,0.017986228142959467,0.01773593076481122,95764102.5619422,0.0,61144248.87070001
2025-10-23,33,0.017986228142959467,0.01848682289925597,0.018236525521107716,63891215.30711699,0.0,18226519.8494
2025-10-23,34,0.01848682289925597,0.018987417655552473,0.01873712027740422,0.0,0.0,0.0
2025-10-23,35,0.018987417655552473,0.019488012411848974,0.019237715033700725,79579280.32095397,0.0,26147243.938
2025-10-23,36,0.019488012411848974,0.019988607168145475,0.019738309789997223,72780114.42617658,0.0,26679850.7686
2025-10-23,37,0.019988607168145475,0.02048920192444198,0.020238904546293728,81614203.0784979,0.0,20095372.4337
2025-10-23,38,0.02048920192444198,0.02098979668073848,0.020739499302590232,0.0,0.0,0.0
2025-10-23,39,0.02098979668073848,0.021490391437034982,0.02124009405888673,0.0,0.0,0.0
2025-10-23,40,0.021490391437034982,0.021990986193331483,0.021740688815183234,0.0,0.0,0.0
2025-10-23,41,0.021990986193331483,0.022491580949627984,0.022241283571479732,14307074.267534548,0.0,7928071.3460000325
2025-10-23,42,0.022491580949627984,0.02299217570592449,0.022741878327776237,0.0,0.0,0.0
2025-10-23,43,0.02299217570592449,0.02349277046222099,0.02324247308407274,0.0,0.0,0.0
2025-10-23,44,0.02349277046222099,0.02399336521851749,0.02374306784036924,0.0,0.0,0.0
2025-10-23,45,0.02399336521851749,0.024493959974813996,0.024243662596665744,39237756.323283546,0.0,8551475.782
2025-10-23,46,0.024493959974813996,0.024994554731110497,0.02474425735296225,0.0,0.0,0.0
2025-10-23,47,0.024994554731110497,0.025495149487407,0.025244852109258746,9649408.761666333,0.0,2565408.956
2025-10-23,48,0.025495149487407,0.0259957442437035,0.02574544686555525,0.0,0.0,0.0
2025-10-23,49,0.0259957442437035,0.026496339,0.02624604162185175,24887120.3651905,0.0,5034303.169
2025-10-24,0,0.0014666011851749,0.0019671959414714023,0.0017168985633231513,0.0,0.0,0.0
2025-10-24,1,0.0019671959414714023,0.0024677906977679043,0.0022174933196196533,0.0,0.0,0.0
2025-10-24,2,0.0024677906977679043,0.0029683854540644063,0.0027180880759161553,4888832.357768151,0.0,0.0
2025-10-24,3,0.0029683854540644063,0.0034689802103609084,0.0032186828322126573,22602808.003554866,0.0,0.0
2025-10-24,4,0.0034689802103609084,0.00396957496665741,0.0037192775885091594,3855628.749432004,0.0,0.0
2025-10-24,5,0.00396957496665741,0.004470169722953912,0.004219872344805661,22289205.815509483,0.0,0.0
2025-10-24,6,0.004470169722953912,0.0049707644792504144,0.004720467101102164,27706807.65399158,0.0,0.0
2025-10-24,7,0.0049707644792504144,0.0054713592355469165,0.005221061857398665,47918114.33174944,0.0,0.0
2025-10-24,8,0.0054713592355469165,0.0059719539918434185,0.005721656613695168,10057683.794280313,0.0,0.0
2025-10-24,9,0.0059719539918434185,0.0064725487481399205,0.006222251369991669,0.0,0.0,0.0
2025-10-24,10,0.0064725487481399205,0.0069731435044364225,0.006722846126288172,1057239285.0680205,0.0,40476190.48
2025-10-24,11,0.0069731435044364225,0.007473738260732925,0.007223440882584673,0.0,0.0,0.0
2025-10-24,12,0.007473738260732925,0.007974333017029427,0.007724035638881176,0.0,0.0,0.0
2025-10-24,13,0.007974333017029427,0.008474927773325928,0.008224630395177677,67364870.95123596,0.0,0.0
2025-10-24,14,0.008474927773325928,0.00897552252962243,0.00872522515147418,119879589.14245561,0.0,65733561.95499998
2025-10-24,15,0.00897552252962243,0.009476117285918932,0.009225819907770681,18259212.247006122,0.0,0.0
2025-10-24,16,0.009476117285918932,0.009976712042215433,0.009726414664067182,0.0,0.0,0.0
2025-10-24,17,0.009976712042215433,0.010477306798511936,0.010227009420363684,0.0,0.0,0.0
2025-10-24,18,0.010477306798511936,0.010977901554808439,0.010727604176660188,0.0,0.0,0.0
2025-10-24,19,0.010977901554808439,0.01147849631110494,0.01122819893295669,0.0,0.0,0.0
2025-10-24,20,0.01147849631110494,0.011979091067401441,0.01172879368925319,0.0,0.0,0.0
2025-10-24,21,0.011979091067401441,0.012479685823697944,0.012229388445549692,0.0,0.0,0.0
2025-10-24,22,0.012479685823697944,0.012980280579994447,0.012729983201846196,49399340.20808688,0.0,22989511.871999998
2025-10-24,23,0.012980280579994447,0.013480875336290948,0.013230577958142697,30577699.865277864,0.0,7398742.907199999
2025-10-24,24,0.013480875336290948,0.01398147009258745,0.013731172714439199,0.0,0.0,0.0
2025-10-24,25,0.01398147009258745,0.014482064848883952,0.0142317674707357,20308494.600261044,0.0,17138579.172
2025-10-24,26,0.014482064848883952,0.014982659605180455,0.014732362227032204,27346291.248002578,0.0,29909226.378
2025-10-24,27,0.014982659605180455,0.015483254361476956,0.015232956983328706,0.0,0.0,0.0
2025-10-24,28,0.015483254361476956,0.01598384911777346,0.015733551739625207,11128140.24811165,0.0,5767664.3943
2025-10-24,29,0.01598384911777346,0.01648444387406996,0.01623414649592171,0.0,0.0,0.0
2025-10-24,30,0.01648444387406996,0.016985038630366465,0.016734741252218212,81449803.36241867,0.0,39212395.0569
2025-10-24,31,0.016985038630366465,0.017485633386662966,0.017235336008514714,0.0,0.0,0.0
2025-10-24,32,0.017485633386662966,0.017986228142959467,0.01773593076481122,93432162.76686177,0.0,47113212.264304034
2025-10-24,33,0.017986228142959467,0.01848682289925597,0.018236525521107716,52775124.78756732,0.0,17269328.897699997
2025-10-24,34,0.01848682289925597,0.018987417655552473,0.01873712027740422,0.0,0.0,0.0
2025-10-24,35,0.018987417655552473,0.019488012411848974,0.019237715033700725,78728249.22364835,0.0,26147243.938
2025-10-24,36,0.019488012411848974,0.019988607168145475,0.019738309789997223,62968424.20666852,0.0,26415367.874799997
2025-10-24,37,0.019988607168145475,0.02048920192444198,0.020238904546293728,75862351.27215713,0.0,19761054.5418
2025-10-24,38,0.02048920192444198,0.02098979668073848,0.020739499302590232,0.0,0.0,0.0
2025-10-24,39,0.02098979668073848,0.021490391437034982,0.02124009405888673,0.0,0.0,0.0
2025-10-24,40,0.021490391437034982,0.021990986193331483,0.021740688815183234,0.0,0.0,0.0
2025-10-24,41,0.021990986193331483,0.022491580949627984,0.022241283571479732,12986702.08842455,0.0,1738136.014
2025-10-24,42,0.022491580949627984,0.02299217570592449,0.022741878327776237,0.0,0.0,0.0
2025-10-24,43,0.02299217570592449,0.02349277046222099,0.02324247308407274,0.0,0.0,0.0
2025-10-24,44,0.02349277046222099,0.02399336521851749,0.02374306784036924,0.0,0.0,0.0
2025-10-24,45,0.02399336521851749,0.024493959974813996,0.024243662596665744,39048615.522026405,0.0,8551475.782
2025-10-24,46,0.024493959974813996,0.024994554731110497,0.02474425735296225,0.0,0.0,0.0
2025-10-24,47,0.024994554731110497,0.025495149487407,0.025244852109258746,9648315.477556335,0.0,2565408.956
2025-10-24,48,0.025495149487407,0.0259957442437035,0.02574544686555525,0.0,0.0,0.0
2025-10-24,49,0.0259957442437035,0.026496339,0.02624604162185175,24854641.48803754,0.0,5034303.169
2025-10-25,0,0.0014666011851749,0.0019671959414714023,0.0017168985633231513,0.0,0.0,0.0
2025-10-25,1,0.0019671959414714023,0.0024677906977679043,0.0022174933196196533,0.0,0.0,0.0
2025-10-25,2,0.0024677906977679043,0.0029683854540644063,0.0027180880759161553,4888832.357768151,0.0,0.0
2025-10-25,3,0.0029683854540644063,0.0034689802103609084,0.0032186828322126573,22602808.003554866,0.0,0.0
2025-10-25,4,0.0034689802103609084,0.00396957496665741,0.0037192775885091594,3855628.749432004,0.0,0.0
2025-10-25,5,0.00396957496665741,0.004470169722953912,0.004219872344805661,22151365.709409483,0.0,0.0
2025-10-25,6,0.004470169722953912,0.0049707644792504144,0.004720467101102164,27706392.77142788,0.0,0.0
2025-10-25,7,0.0049707644792504144,0.0054713592355469165,0.005221061857398665,47897450.61018944,0.0,0.0
2025-10-25,8,0.0054713592355469165,0.0059719539918434185,0.005721656613695168,10057683.794280313,0.0,0.0
2025-10-25,9,0.0059719539918434185,0.0064725487481399205,0.006222251369991669,0.0,0.0,0.0
2025-10-25,10,0.0064725487481399205,0.0069731435044364225,0.006722846126288172,1056971590.6715208,0.0,40476190.48
2025-10-25,11,0.0069731435044364225,0.007473738260732925,0.007223440882584673,0.0,0.0,0.0
2025-10-25,12,0.007473738260732925,0.007974333017029427,0.007724035638881176,0.0,0.0,0.0
2025-10-25,13,0.007974333017029427,0.008474927773325928,0.008224630395177677,66789403.368437,0.0,0.0
2025-10-25,14,0.008474927773325928,0.00897552252962243,0.00872522515147418,119622980.62107098,0.0,65732384.880341984
2025-10-25,15,0.00897552252962243,0.009476117285918932,0.009225819907770681,18259212.247006122,0.0,0.0
2025-10-25,16,0.009476117285918932,0.009976712042215433,0.009726414664067182,0.0,0.0,0.0
2025-10-25,17,0.009976712042215433,0.010477306798511936,0.010227009420363684,0.0,0.0,0.0
2025-10-25,18,0.010477306798511936,0.010977901554808439,0.010727604176660188,0.0,0.0,0.0
2025-10-25,19,0.010977901554808439,0.01147849631110494,0.01122819893295669,0.0,0.0,0.0
2025-10-25,20,0.01147849631110494,0.011979091067401441,0.01172879368925319,0.0,0.0,0.0
2025-10-25,21,0.011979091067401441,0.012479685823697944,0.012229388445549692,0.0,0.0,0.0
2025-10-25,22,0.012479685823697944,0.012980280579994447,0.012729983201846196,43737216.82342235,0.0,22989511.871999998
2025-10-25,23,0.012980280579994447,0.013480875336290948,0.013230577958142697,30542986.401465975,0.0,7398742.907199999
2025-10-25,24,0.013480875336290948,0.01398147009258745,0.013731172714439199,0.0,0.0,0.0
2025-10-25,25,0.01398147009258745,0.014482064848883952,0.0142317674707357,20138311.352871586,0.0,17138579.172
2025-10-25,26,0.014482064848883952,0.014982659605180455,0.014732362227032204,27328651.846578915,0.0,29909226.378
2025-10-25,27,0.014982659605180455,0.015483254361476956,0.015232956983328706,0.0,0.0,0.0
2025-10-25,28,0.015483254361476956,0.01598384911777346,0.015733551739625207,11003055.19871065,0.0,5767664.3943
2025-10-25,29,0.01598384911777346,0.01648444387406996,0.01623414649592171,0.0,0.0,0.0
2025-10-25,30,0.01648444387406996,0.016985038630366465,0.016734741252218212,78075947.60480994,0.0,39178023.783404
2025-10-25,31,0.016985038630366465,0.017485633386662966,0.017235336008514714,0.0,0.0,0.0
2025-10-25,32,0.017485633386662966,0.017986228142959467,0.01773593076481122,113347416.3717738,0.0,49735288.052200034
2025-10-25,33,0.017986228142959467,0.01848682289925597,0.018236525521107716,50084295.19621087,0.0,16464563.944299996
2025-10-25,34,0.01848682289925597,0.018987417655552473,0.01873712027740422,0.0,0.0,0.0
2025-10-25,35,0.018987417655552473,0.019488012411848974,0.019237715033700725,78591871.58025953,0.0,26147243.938
2025-10-25,36,0.019488012411848974,0.019988607168145475,0.019738309789997223,60551621.813044704,0.0,26415367.874799997
2025-10-25,37,0.019988607168145475,0.02048920192444198,0.020238904546293728,74052393.26542872,0.0,19761054.5418
2025-10-25,38,0.02048920192444198,0.02098979668073848,0.020739499302590232,0.0,0.0,0.0
2025-10-25,39,0.02098979668073848,0.021490391437034982,0.02124009405888673,0.0,0.0,0.0
2025-10-25,40,0.021490391437034982,0.021990986193331483,0.021740688815183234,0.0,0.0,0.0
2025-10-25,41,0.021990986193331483,0.022491580949627984,0.022241283571479732,12979544.59324455,0.0,1738136.014
2025-10-25,42,0.022491580949627984,0.02299217570592449,0.022741878327776237,0.0,0.0,0.0
2025-10-25,43,0.02299217570592449,0.02349277046222099,0.02324247308407274,0.0,0.0,0.0
2025-10-25,44,0.02349277046222099,0.02399336521851749,0.02374306784036924,0.0,0.0,0.0
2025-10-25,45,0.02399336521851749,0.024493959974813996,0.024243662596665744,38765524.11468841,0.0,8551475.782
2025-10-25,46,0.024493959974813996,0.024994554731110497,0.02474425735296225,0.0,0.0,0.0
2025-10-25,47,0.024994554731110497,0.025495149487407,0.025244852109258746,9648315.477556335,0.0,2565408.956
2025-10-25,48,0.025495149487407,0.0259957442437035,0.02574544686555525,0.0,0.0,0.0
2025-10-25,49,0.0259957442437035,0.026496339,0.02624604162185175,24824770.571737986,0.0,5034303.169
2025-10-26,0,0.0014666011851749,0.0019671959414714023,0.0017168985633231513,0.0,0.0,0.0
2025-10-26,1,0.0019671959414714023,0.0024677906977679043,0.0022174933196196533,0.0,0.0,0.0
2025-10-26,2,0.0024677906977679043,0.0029683854540644063,0.0027180880759161553,4888832.357768151,0.0,0.0
2025-10-26,3,0.0029683854540644063,0.0034689802103609084,0.0032186828322126573,22433337.504103865,0.0,0.0
2025-10-26,4,0.0034689802103609084,0.00396957496665741,0.0037192775885091594,3855623.132654915,0.0,0.0
2025-10-26,5,0.00396957496665741,0.004470169722953912,0.004219872344805661,21630680.35547905,0.0,0.0
2025-10-26,6,0.004470169722953912,0.0049707644792504144,0.004720467101102164,27706351.13388062,0.0,0.0
2025-10-26,7,0.0049707644792504144,0.0054713592355469165,0.005221061857398665,47724611.11597391,0.0,0.0
2025-10-26,8,0.0054713592355469165,0.0059719539918434185,0.005721656613695168,10057650.352225903,0.0,0.0
2025-10-26,9,0.0059719539918434185,0.0064725487481399205,0.006222251369991669,0.0,0.0,0.0
2025-10-26,10,0.0064725487481399205,0.0069731435044364225,0.006722846126288172,1056621274.5165716,0.0,40476190.48
2025-10-26,11,0.0069731435044364225,0.007473738260732925,0.007223440882584673,0.0,0.0,0.0
2025-10-26,12,0.007473738260732925,0.007974333017029427,0.007724035638881176,0.0,0.0,0.0
2025-10-26,13,0.007974333017029427,0.008474927773325928,0.008224630395177677,66689020.75371667,0.0,0.0
2025-10-26,14,0.008474927773325928,0.00897552252962243,0.00872522515147418,119432848.74293786,0.0,65348970.586341985
2025-10-26,15,0.00897552252962243,0.009476117285918932,0.009225819907770681,18204843.09074612,0.0,0.0
2025-10-26,16,0.009476117285918932,0.009976712042215433,0.009726414664067182,0.0,0.0,0.0
2025-10-26,17,0.009976712042215433,0.010477306798511936,0.010227009420363684,0.0,0.0,0.0
2025-10-26,18,0.010477306798511936,0.010977901554808439,0.010727604176660188,0.0,0.0,0.0
2025-10-26,19,0.010977901554808439,0.01147849631110494,0.01122819893295669,0.0,0.0,0.0
2025-10-26,20,0.01147849631110494,0.011979091067401441,0.01172879368925319,0.0,0.0,0.0
2025-10-26,21,0.011979091067401441,0.012479685823697944,0.012229388445549692,0.0,0.0,0.0
2025-10-26,22,0.012479685823697944,0.012980280579994447,0.012729983201846196,39939304.85442671,0.0,22989511.871999998
2025-10-26,23,0.012980280579994447,0.013480875336290948,0.013230577958142697,30424591.95391647,0.0,7398742.907199999
2025-10-26,24,0.013480875336290948,0.01398147009258745,0.013731172714439199,0.0,0.0,0.0
2025-10-26,25,0.01398147009258745,0.014482064848883952,0.0142317674707357,19651296.144591585,0.0,17138579.172
2025-10-26,26,0.014482064848883952,0.014982659605180455,0.014732362227032204,27317985.628698114,0.0,29909226.378
2025-10-26,27,0.014982659605180455,0.015483254361476956,0.015232956983328706,0.0,0.0,0.0
2025-10-26,28,0.015483254361476956,0.01598384911777346,0.015733551739625207,57989027.20849941,0.0,12085017.49545
2025-10-26,29,0.01598384911777346,0.01648444387406996,0.01623414649592171,0.0,0.0,0.0
2025-10-26,30,0.01648444387406996,0.016985038630366465,0.016734741252218212,75935019.9203414,0.0,38960395.244304
2025-10-26,31,0.016985038630366465,0.017485633386662966,0.017235336008514714,0.0,0.0,0.0
2025-10-26,32,0.017485633386662966,0.017986228142959467,0.01773593076481122,111307235.82881269,0.0,42132341.37020004
2025-10-26,33,0.017986228142959467,0.01848682289925597,0.018236525521107716,42277879.808231995,0.0,12397558.926
2025-10-26,34,0.01848682289925597,0.018987417655552473,0.01873712027740422,0.0,0.0,0.0
2025-10-26,35,0.018987417655552473,0.019488012411848974,0.019237715033700725,78508163.02815123,0.0,26147243.938
2025-10-26,36,0.019488012411848974,0.019988607168145475,0.019738309789997223,55793318.61523532,0.0,26415367.874799997
2025-10-26,37,0.019988607168145475,0.02048920192444198,0.020238904546293728,63182519.30383083,0.0,19319114.783099994
2025-10-26,38,0.02048920192444198,0.02098979668073848,0.020739499302590232,0.0,0.0,0.0
2025-10-26,39,0.02098979668073848,0.021490391437034982,0.02124009405888673,0.0,0.0,0.0
2025-10-26,40,0.021490391437034982,0.021990986193331483,0.021740688815183234,0.0,0.0,0.0
2025-10-26,41,0.021990986193331483,0.022491580949627984,0.022241283571479732,12905906.938006151,0.0,1738136.014
2025-10-26,42,0.022491580949627984,0.02299217570592449,0.022741878327776237,0.0,0.0,0.0
2025-10-26,43,0.02299217570592449,0.02349277046222099,0.02324247308407274,0.0,0.0,0.0
2025-10-26,44,0.02349277046222099,0.02399336521851749,0.02374306784036924,0.0,0.0,0.0
2025-10-26,45,0.02399336521851749,0.024493959974813996,0.024243662596665744,38396207.97131394,0.0,8551475.782
2025-10-26,46,0.024493959974813996,0.024994554731110497,0.02474425735296225,0.0,0.0,0.0
2025-10-26,47,0.024994554731110497,0.025495149487407,0.025244852109258746,9647295.88280614,0.0,2565408.956
2025-10-26,48,0.025495149487407,0.0259957442437035,0.02574544686555525,0.0,0.0,0.0
2025-10-26,49,0.0259957442437035,0.026496339,0.02624604162185175,24688316.35190599,0.0,5034303.169
2025-10-27,0,0.0014666011851749,0.0019671959414714023,0.0017168985633231513,0.0,0.0,0.0
2025-10-27,1,0.0019671959414714023,0.0024677906977679043,0.0022174933196196533,0.0,0.0,0.0
2025-10-27,2,0.0024677906977679043,0.0029683854540644063,0.0027180880759161553,4887721.357768149,0.0,0.0
2025-10-27,3,0.0029683854540644063,0.0034689802103609084,0.0032186828322126573,22372686.73228283,0.0,0.0
2025-10-27,4,0.0034689802103609084,0.00396957496665741,0.0037192775885091594,3849623.1326549137,0.0,0.0
2025-10-27,5,0.00396957496665741,0.004470169722953912,0.004219872344805661,21189119.579240352,0.0,0.0
2025-10-27,6,0.004470169722953912,0.0049707644792504144,0.004720467101102164,27693160.326500606,0.0,0.0
2025-10-27,7,0.0049707644792504144,0.0054713592355469165,0.005221061857398665,46682404.77960284,0.0,0.0
2025-10-27,8,0.0054713592355469165,0.0059719539918434185,0.005721656613695168,10057650.352225905,0.0,0.0
2025-10-27,9,0.0059719539918434185,0.0064725487481399205,0.006222251369991669,0.0,0.0,0.0
2025-10-27,10,0.0064725487481399205,0.0069731435044364225,0.006722846126288172,1056282219.0952146,0.0,40476190.48
2025-10-27,11,0.0069731435044364225,0.007473738260732925,0.007223440882584673,0.0,0.0,0.0
2025-10-27,12,0.007473738260732925,0.007974333017029427,0.007724035638881176,0.0,0.0,0.0
2025-10-27,13,0.007974333017029427,0.008474927773325928,0.008224630395177677,66654381.70230367,0.0,0.0
2025-10-27,14,0.008474927773325928,0.00897552252962243,0.00872522515147418,118950538.92256156,0.0,65186433.128641985
2025-10-27,15,0.00897552252962243,0.009476117285918932,0.009225819907770681,18161067.93106212,0.0,0.0
2025-10-27,16,0.009476117285918932,0.009976712042215433,0.009726414664067182,0.0,0.0,0.0
2025-10-27,17,0.009976712042215433,0.010477306798511936,0.010227009420363684,0.0,0.0,0.0
2025-10-27,18,0.010477306798511936,0.010977901554808439,0.010727604176660188,0.0,0.0,0.0
2025-10-27,19,0.010977901554808439,0.01147849631110494,0.01122819893295669,0.0,0.0,0.0
2025-10-27,20,0.01147849631110494,0.011979091067401441,0.01172879368925319,0.0,0.0,0.0
2025-10-27,21,0.011979091067401441,0.012479685823697944,0.012229388445549692,0.0,0.0,0.0
2025-10-27,22,0.012479685823697944,0.012980280579994447,0.012729983201846196,38754623.88130882,0.0,22989511.871999998
2025-10-27,23,0.012980280579994447,0.013480875336290948,0.013230577958142697,29669236.296052683,0.0,7398742.907199999
2025-10-27,24,0.013480875336290948,0.01398147009258745,0.013731172714439199,0.0,0.0,0.0
2025-10-27,25,0.01398147009258745,0.014482064848883952,0.0142317674707357,19013618.00977618,0.0,17138579.172
2025-10-27,26,0.014482064848883952,0.014982659605180455,0.014732362227032204,26755087.13778132,0.0,29909226.378
2025-10-27,27,0.014982659605180455,0.015483254361476956,0.015232956983328706,0.0,0.0,0.0
2025-10-27,28,0.015483254361476956,0.01598384911777346,0.015733551739625207,53836991.741048895,0.0,12085017.495450001
2025-10-27,29,0.01598384911777346,0.01648444387406996,0.01623414649592171,0.0,0.0,0.0
2025-10-27,30,0.01648444387406996,0.016985038630366465,0.016734741252218212,72870942.95778832,0.0,38859674.984104
2025-10-27,31,0.016985038630366465,0.017485633386662966,0.017235336008514714,0.0,0.0,0.0
2025-10-27,32,0.017485633386662966,0.017986228142959467,0.01773593076481122,109525142.18511592,0.0,39441820.35520003
2025-10-27,33,0.017986228142959467,0.01848682289925597,0.018236525521107716,34536198.03535776,0.0,12397558.926
2025-10-27,34,0.01848682289925597,0.018987417655552473,0.01873712027740422,0.0,0.0,0.0
2025-10-27,35,0.018987417655552473,0.019488012411848974,0.019237715033700725,77941184.71037878,0.0,26147243.938
2025-10-27,36,0.019488012411848974,0.019988607168145475,0.019738309789997223,49646081.33256116,0.0,26415367.874799997
2025-10-27,37,0.019988607168145475,0.02048920192444198,0.020238904546293728,57969648.65449227,0.0,17872978.794099998
2025-10-27,38,0.02048920192444198,0.02098979668073848,0.020739499302590232,0.0,0.0,0.0
2025-10-27,39,0.02098979668073848,0.021490391437034982,0.02124009405888673,0.0,0.0,0.0
2025-10-27,40,0.021490391437034982,0.021990986193331483,0.021740688815183234,34085015.76618847,0.0,8052741.3259
2025-10-27,41,0.021990986193331483,0.022491580949627984,0.022241283571479732,12650570.419807648,0.0,1738136.014
2025-10-27,42,0.022491580949627984,0.02299217570592449,0.022741878327776237,0.0,0.0,0.0
2025-10-27,43,0.02299217570592449,0.02349277046222099,0.02324247308407274,0.0,0.0,0.0
2025-10-27,44,0.02349277046222099,0.02399336521851749,0.02374306784036924,0.0,0.0,0.0
2025-10-27,45,0.02399336521851749,0.024493959974813996,0.024243662596665744,38342634.767979614,0.0,8551475.782
2025-10-27,46,0.024493959974813996,0.024994554731110497,0.02474425735296225,0.0,0.0,0.0
2025-10-27,47,0.024994554731110497,0.025495149487407,0.025244852109258746,9086037.279862134,0.0,2565408.956
2025-10-27,48,0.025495149487407,0.0259957442437035,0.02574544686555525,0.0,0.0,0.0
2025-10-27,49,0.0259957442437035,0.026496339,0.02624604162185175,24656234.54766486,0.0,5034303.169
2025-10-28,0,0.0014666011851749,0.0019671959414714023,0.0017168985633231513,0.0,0.0,0.0
2025-10-28,1,0.0019671959414714023,0.0024677906977679043,0.0022174933196196533,0.0,0.0,0.0
2025-10-28,2,0.0024677906977679043,0.0029683854540644063,0.0027180880759161553,4887721.357768149,0.0,0.0
2025-10-28,3,0.0029683854540644063,0.0034689802103609084,0.0032186828322126573,22336363.86950381,0.0,0.0
2025-10-28,4,0.0034689802103609084,0.00396957496665741,0.0037192775885091594,3779042.6037949137,0.0,0.0
2025-10-28,5,0.00396957496665741,0.004470169722953912,0.004219872344805661,20875295.811879575,0.0,0.0
2025-10-28,6,0.004470169722953912,0.0049707644792504144,0.004720467101102164,27693160.326500606,0.0,0.0
2025-10-28,7,0.0049707644792504144,0.0054713592355469165,0.005221061857398665,46577886.56409563,0.0,0.0
2025-10-28,8,0.0054713592355469165,0.0059719539918434185,0.005721656613695168,10050559.055704948,0.0,0.0
2025-10-28,9,0.0059719539918434185,0.0064725487481399205,0.006222251369991669,0.0,0.0,0.0
2025-10-28,10,0.0064725487481399205,0.0069731435044364225,0.006722846126288172,1055685193.1076598,0.0,40476190.48
2025-10-28,11,0.0069731435044364225,0.007473738260732925,0.007223440882584673,0.0,0.0,0.0
2025-10-28,12,0.007473738260732925,0.007974333017029427,0.007724035638881176,0.0,0.0,0.0
2025-10-28,13,0.007974333017029427,0.008474927773325928,0.008224630395177677,66362715.02800367,0.0,0.0
2025-10-28,14,0.008474927773325928,0.00897552252962243,0.00872522515147418,114951882.00231238,0.0,64811103.51404198
2025-10-28,15,0.00897552252962243,0.009476117285918932,0.009225819907770681,18161067.93106212,0.0,0.0
2025-10-28,16,0.009476117285918932,0.009976712042215433,0.009726414664067182,0.0,0.0,0.0
2025-10-28,17,0.009976712042215433,0.010477306798511936,0.010227009420363684,0.0,0.0,0.0
2025-10-28,18,0.010477306798511936,0.010977901554808439,0.010727604176660188,0.0,0.0,0.0
2025-10-28,19,0.010977901554808439,0.01147849631110494,0.01122819893295669,0.0,0.0,0.0
2025-10-28,20,0.01147849631110494,0.011979091067401441,0.01172879368925319,0.0,0.0,0.0
2025-10-28,21,0.011979091067401441,0.012479685823697944,0.012229388445549692,0.0,0.0,0.0
2025-10-28,22,0.012479685823697944,0.012980280579994447,0.012729983201846196,37485859.56296502,0.0,22989511.871999998
2025-10-28,23,0.012980280579994447,0.013480875336290948,0.013230577958142697,28729319.212631274,0.0,7398742.907199999
2025-10-28,24,0.013480875336290948,0.01398147009258745,0.013731172714439199,0.0,0.0,0.0
2025-10-28,25,0.01398147009258745,0.014482064848883952,0.0142317674707357,18645128.650562245,0.0,17138579.172
2025-10-28,26,0.014482064848883952,0.014982659605180455,0.014732362227032204,26696554.714587342,0.0,29909226.378
2025-10-28,27,0.014982659605180455,0.015483254361476956,0.015232956983328706,0.0,0.0,0.0
2025-10-28,28,0.015483254361476956,0.01598384911777346,0.015733551739625207,47956796.0144078,0.0,12085017.495450001
2025-10-28,29,0.01598384911777346,0.01648444387406996,0.01623414649592171,0.0,0.0,0.0
2025-10-28,30,0.01648444387406996,0.016985038630366465,0.016734741252218212,68751614.77076912,0.0,38730709.828804
2025-10-28,31,0.016985038630366465,0.017485633386662966,0.017235336008514714,0.0,0.0,0.0
2025-10-28,32,0.017485633386662966,0.017986228142959467,0.01773593076481122,99377427.74481045,0.0,28670839.805200033
2025-10-28,33,0.017986228142959467,0.01848682289925597,0.018236525521107716,114093246.0282837,0.0,26607591.8048
2025-10-28,34,0.01848682289925597,0.018987417655552473,0.01873712027740422,0.0,0.0,0.0
2025-10-28,35,0.018987417655552473,0.019488012411848974,0.019237715033700725,77659079.02449468,0.0,26147243.938
2025-10-28,36,0.019488012411848974,0.019988607168145475,0.019738309789997223,42416454.438928835,0.0,26415367.874799997
2025-10-28,37,0.019988607168145475,0.02048920192444198,0.020238904546293728,36233817.89331863,0.0,13960708.316099998
2025-10-28,38,0.02048920192444198,0.02098979668073848,0.020739499302590232,0.0,0.0,0.0
2025-10-28,39,0.02098979668073848,0.021490391437034982,0.02124009405888673,0.0,0.0,0.0
2025-10-28,40,0.021490391437034982,0.021990986193331483,0.021740688815183234,29543049.935723692,0.0,8052741.3259
2025-10-28,41,0.021990986193331483,0.022491580949627984,0.022241283571479732,11660672.36240655,0.0,1738136.014
2025-10-28,42,0.022491580949627984,0.02299217570592449,0.022741878327776237,0.0,0.0,0.0
2025-10-28,43,0.02299217570592449,0.02349277046222099,0.02324247308407274,0.0,0.0,0.0
2025-10-28,44,0.02349277046222099,0.02399336521851749,0.02374306784036924,0.0,0.0,0.0
2025-10-28,45,0.02399336521851749,0.024493959974813996,0.024243662596665744,37065261.029280834,0.0,8551475.782
2025-10-28,46,0.024493959974813996,0.024994554731110497,0.02474425735296225,0.0,0.0,0.0
2025-10-28,47,0.024994554731110497,0.025495149487407,0.025244852109258746,9054884.384912133,0.0,2565408.956
2025-10-28,48,0.025495149487407,0.0259957442437035,0.02574544686555525,0.0,0.0,0.0
2025-10-28,49,0.0259957442437035,0.026496339,0.02624604162185175,24228369.49722616,0.0,5034303.169
2025-10-29,0,0.0014666011851749,0.0019671959414714023,0.0017168985633231513,0.0,0.0,0.0
2025-10-29,1,0.0019671959414714023,0.0024677906977679043,0.0022174933196196533,0.0,0.0,0.0
2025-10-29,2,0.0024677906977679043,0.0029683854540644063,0.0027180880759161553,4877621.357768149,0.0,0.0
2025-10-29,3,0.0029683854540644063,0.0034689802103609084,0.0032186828322126573,22331454.08585281,0.0,0.0
2025-10-29,4,0.0034689802103609084,0.00396957496665741,0.0037192775885091594,3771912.7468880536,0.0,0.0
2025-10-29,5,0.00396957496665741,0.004470169722953912,0.004219872344805661,20750919.749668255,0.0,0.0
2025-10-29,6,0.004470169722953912,0.0049707644792504144,0.004720467101102164,27650606.606842604,0.0,0.0
2025-10-29,7,0.0049707644792504144,0.0054713592355469165,0.005221061857398665,46259627.847219616,0.0,0.0
2025-10-29,8,0.0054713592355469165,0.0059719539918434185,0.005721656613695168,9890635.642978948,0.0,0.0
2025-10-29,9,0.0059719539918434185,0.0064725487481399205,0.006222251369991669,0.0,0.0,0.0
2025-10-29,10,0.0064725487481399205,0.0069731435044364225,0.006722846126288172,1052406467.1444132,0.0,40476190.48
2025-10-29,11,0.0069731435044364225,0.007473738260732925,0.007223440882584673,0.0,0.0,0.0
2025-10-29,12,0.007473738260732925,0.007974333017029427,0.007724035638881176,0.0,0.0,0.0
2025-10-29,13,0.007974333017029427,0.008474927773325928,0.008224630395177677,65618764.495952666,0.0,0.0
2025-10-29,14,0.008474927773325928,0.00897552252962243,0.00872522515147418,112510703.89228836,0.0,63808972.390041985
2025-10-29,15,0.00897552252962243,0.009476117285918932,0.009225819907770681,17860253.7009088,0.0,0.0
2025-10-29,16,0.009476117285918932,0.009976712042215433,0.009726414664067182,0.0,0.0,0.0
2025-10-29,17,0.009976712042215433,0.010477306798511936,0.010227009420363684,0.0,0.0,0.0
2025-10-29,18,0.010477306798511936,0.010977901554808439,0.010727604176660188,0.0,0.0,0.0
2025-10-29,19,0.010977901554808439,0.01147849631110494,0.01122819893295669,0.0,0.0,0.0
2025-10-29,20,0.01147849631110494,0.011979091067401441,0.01172879368925319,0.0,0.0,0.0
2025-10-29,21,0.011979091067401441,0.012479685823697944,0.012229388445549692,0.0,0.0,0.0
2025-10-29,22,0.012479685823697944,0.012980280579994447,0.012729983201846196,35350156.674289994,0.0,22989511.871999998
2025-10-29,23,0.012980280579994447,0.013480875336290948,0.013230577958142697,27842917.508105047,0.0,7398742.907199999
2025-10-29,24,0.013480875336290948,0.01398147009258745,0.013731172714439199,0.0,0.0,0.0
2025-10-29,25,0.01398147009258745,0.014482064848883952,0.0142317674707357,17080458.895436194,0.0,17138579.172
2025-10-29,26,0.014482064848883952,0.014982659605180455,0.014732362227032204,24855807.808324352,0.0,4352945.475000031
2025-10-29,27,0.014982659605180455,0.015483254361476956,0.015232956983328706,0.0,0.0,0.0
2025-10-29,28,0.015483254361476956,0.01598384911777346,0.015733551739625207,42261118.56647828,0.0,12085017.495450001
2025-10-29,29,0.01598384911777346,0.01648444387406996,0.01623414649592171,0.0,0.0,0.0
2025-10-29,30,0.01648444387406996,0.016985038630366465,0.016734741252218212,53387708.498040065,0.0,35877957.229504
2025-10-29,31,0.016985038630366465,0.017485633386662966,0.017235336008514714,0.0,0.0,0.0
2025-10-29,32,0.017485633386662966,0.017986228142959467,0.01773593076481122,80623246.17560512,0.0,22928575.9732
2025-10-29,33,0.017986228142959467,0.01848682289925597,0.018236525521107716,103093429.97842342,0.0,26607591.8048
2025-10-29,34,0.01848682289925597,0.018987417655552473,0.01873712027740422,0.0,0.0,0.0
2025-10-29,35,0.018987417655552473,0.019488012411848974,0.019237715033700725,253153551.9430912,0.0,72105710.2056
2025-10-29,36,0.019488012411848974,0.019988607168145475,0.019738309789997223,27767931.687214684,0.0,21301927.5228
2025-10-29,37,0.019988607168145475,0.02048920192444198,0.020238904546293728,27420643.900626473,0.0,11037288.3978
2025-10-29,38,0.02048920192444198,0.02098979668073848,0.020739499302590232,0.0,0.0,0.0
2025-10-29,39,0.02098979668073848,0.021490391437034982,0.02124009405888673,0.0,0.0,0.0
2025-10-29,40,0.021490391437034982,0.021990986193331483,0.021740688815183234,20131885.65544317,0.0,8052741.3259
2025-10-29,41,0.021990986193331483,0.022491580949627984,0.022241283571479732,10860024.572219228,0.0,1738136.014
2025-10-29,42,0.022491580949627984,0.02299217570592449,0.022741878327776237,0.0,0.0,0.0
2025-10-29,43,0.02299217570592449,0.02349277046222099,0.02324247308407274,0.0,0.0,0.0
2025-10-29,44,0.02349277046222099,0.02399336521851749,0.02374306784036924,0.0,0.0,0.0
2025-10-29,45,0.02399336521851749,0.024493959974813996,0.024243662596665744,36744861.486082226,0.0,8551475.782
2025-10-29,46,0.024493959974813996,0.024994554731110497,0.02474425735296225,0.0,0.0,0.0
2025-10-29,47,0.024994554731110497,0.025495149487407,0.025244852109258746,9031289.212010333,0.0,2565408.956
2025-10-29,48,0.025495149487407,0.0259957442437035,0.02574544686555525,0.0,0.0,0.0
2025-10-29,49,0.0259957442437035,0.026496339,0.02624604162185175,23830701.405068565,0.0,5034303.169
2025-10-30,0,0.0014666011851749,0.0019671959414714023,0.0017168985633231513,0.0,0.0,0.0
2025-10-30,1,0.0019671959414714023,0.0024677906977679043,0.0022174933196196533,0.0,0.0,0.0
2025-10-30,2,0.0024677906977679043,0.0029683854540644063,0.0027180880759161553,4858194.89796815,0.0,0.0
2025-10-30,3,0.0029683854540644063,0.0034689802103609084,0.0032186828322126573,22308174.86622281,0.0,0.0
2025-10-30,4,0.0034689802103609084,0.00396957496665741,0.0037192775885091594,3771912.7468880536,0.0,0.0
2025-10-30,5,0.00396957496665741,0.004470169722953912,0.004219872344805661,20747863.364204656,0.0,0.0
2025-10-30,6,0.004470169722953912,0.0049707644792504144,0.004720467101102164,27619462.678562604,0.0,0.0
2025-10-30,7,0.0049707644792504144,0.0054713592355469165,0.005221061857398665,45624849.945487395,0.0,0.0
2025-10-30,8,0.0054713592355469165,0.0059719539918434185,0.005721656613695168,9890635.642978948,0.0,0.0
2025-10-30,9,0.0059719539918434185,0.0064725487481399205,0.006222251369991669,0.0,0.0,0.0
2025-10-30,10,0.0064725487481399205,0.0069731435044364225,0.006722846126288172,1047213562.886355,0.0,40476190.48
2025-10-30,11,0.0069731435044364225,0.007473738260732925,0.007223440882584673,0.0,0.0,0.0
2025-10-30,12,0.007473738260732925,0.007974333017029427,0.007724035638881176,0.0,0.0,0.0
2025-10-30,13,0.007974333017029427,0.008474927773325928,0.008224630395177677,65592972.60284528,0.0,0.0
2025-10-30,14,0.008474927773325928,0.00897552252962243,0.00872522515147418,112300972.00131352,0.0,62518013.02004199
2025-10-30,15,0.00897552252962243,0.009476117285918932,0.009225819907770681,17831692.193978798,0.0,0.0
2025-10-30,16,0.009476117285918932,0.009976712042215433,0.009726414664067182,0.0,0.0,0.0
2025-10-30,17,0.009976712042215433,0.010477306798511936,0.010227009420363684,0.0,0.0,0.0
2025-10-30,18,0.010477306798511936,0.010977901554808439,0.010727604176660188,0.0,0.0,0.0
2025-10-30,19,0.010977901554808439,0.01147849631110494,0.01122819893295669,0.0,0.0,0.0
2025-10-30,20,0.01147849631110494,0.011979091067401441,0.01172879368925319,0.0,0.0,0.0
2025-10-30,21,0.011979091067401441,0.012479685823697944,0.012229388445549692,0.0,0.0,0.0
2025-10-30,22,0.012479685823697944,0.012980280579994447,0.012729983201846196,35125591.86841644,0.0,22989511.871999998
2025-10-30,23,0.012980280579994447,0.013480875336290948,0.013230577958142697,26361044.532973748,0.0,7398742.907199999
2025-10-30,24,0.013480875336290948,0.01398147009258745,0.013731172714439199,0.0,0.0,0.0
2025-10-30,25,0.01398147009258745,0.014482064848883952,0.0142317674707357,16969552.550838992,0.0,1643990.932
2025-10-30,26,0.014482064848883952,0.014982659605180455,0.014732362227032204,24759671.51792354,0.0,2863866.138
2025-10-30,27,0.014982659605180455,0.015483254361476956,0.015232956983328706,0.0,0.0,0.0
2025-10-30,28,0.015483254361476956,0.01598384911777346,0.015733551739625207,33855995.98300916,0.0,5705904.817650031
2025-10-30,29,0.01598384911777346,0.01648444387406996,0.01623414649592171,0.0,0.0,0.0
2025-10-30,30,0.01648444387406996,0.016985038630366465,0.016734741252218212,142805809.90010393,0.0,73672556.0539
2025-10-30,31,0.016985038630366465,0.017485633386662966,0.017235336008514714,0.0,0.0,0.0
2025-10-30,32,0.017485633386662966,0.017986228142959467,0.01773593076481122,66673513.23397479,0.0,21491616.5989
2025-10-30,33,0.017986228142959467,0.01848682289925597,0.018236525521107716,86977208.806925,0.0,22780169.145099998
2025-10-30,34,0.01848682289925597,0.018987417655552473,0.01873712027740422,0.0,0.0,0.0
2025-10-30,35,0.018987417655552473,0.019488012411848974,0.019237715033700725,231750418.93442735,0.0,69526765.06210399
2025-10-30,36,0.019488012411848974,0.019988607168145475,0.019738309789997223,21571769.0526597,0.0,21301927.5228
2025-10-30,37,0.019988607168145475,0.02048920192444198,0.020238904546293728,25907475.58013884,0.0,11037288.3978
2025-10-30,38,0.02048920192444198,0.02098979668073848,0.020739499302590232,0.0,0.0,0.0
2025-10-30,39,0.02098979668073848,0.021490391437034982,0.02124009405888673,0.0,0.0,0.0
2025-10-30,40,0.021490391437034982,0.021990986193331483,0.021740688815183234,14810868.698304065,0.0,5103023.351199999
2025-10-30,41,0.021990986193331483,0.022491580949627984,0.022241283571479732,10588115.519715229,0.0,1738136.014
2025-10-30,42,0.022491580949627984,0.02299217570592449,0.022741878327776237,0.0,0.0,0.0
2025-10-30,43,0.02299217570592449,0.02349277046222099,0.02324247308407274,0.0,0.0,0.0
2025-10-30,44,0.02349277046222099,0.02399336521851749,0.02374306784036924,0.0,0.0,0.0
2025-10-30,45,0.02399336521851749,0.024493959974813996,0.024243662596665744,35769845.75772728,0.0,8551475.782
2025-10-30,46,0.024493959974813996,0.024994554731110497,0.02474425735296225,0.0,0.0,0.0
2025-10-30,47,0.024994554731110497,0.025495149487407,0.025244852109258746,8952842.798839334,0.0,2565408.956
2025-10-30,48,0.025495149487407,0.0259957442437035,0.02574544686555525,0.0,0.0,0.0
2025-10-30,49,0.0259957442437035,0.026496339,0.02624604162185175,23388727.115390096,0.0,5034303.169
2025-10-31,0,0.0014666011851749,0.0019671959414714023,0.0017168985633231513,0.0,0.0,0.0
2025-10-31,1,0.0019671959414714023,0.0024677906977679043,0.0022174933196196533,0.0,0.0,0.0
2025-10-31,2,0.0024677906977679043,0.0029683854540644063,0.0027180880759161553,4757183.89796815,0.0,0.0
2025-10-31,3,0.0029683854540644063,0.0034689802103609084,0.0032186828322126573,22290168.75948881,0.0,0.0
2025-10-31,4,0.0034689802103609084,0.00396957496665741,0.0037192775885091594,3728388.249678054,0.0,0.0
2025-10-31,5,0.00396957496665741,0.004470169722953912,0.004219872344805661,20734231.24468466,0.0,0.0
2025-10-31,6,0.004470169722953912,0.0049707644792504144,0.004720467101102164,27096576.081643604,0.0,0.0
2025-10-31,7,0.0049707644792504144,0.0054713592355469165,0.005221061857398665,45458619.9155662,0.0,0.0
2025-10-31,8,0.0054713592355469165,0.0059719539918434185,0.005721656613695168,9890635.642978948,0.0,0.0
2025-10-31,9,0.0059719539918434185,0.0064725487481399205,0.006222251369991669,0.0,0.0,0.0
2025-10-31,10,0.0064725487481399205,0.0069731435044364225,0.006722846126288172,1045700665.8670686,0.0,40476190.48
2025-10-31,11,0.0069731435044364225,0.007473738260732925,0.007223440882584673,0.0,0.0,0.0
2025-10-31,12,0.007473738260732925,0.007974333017029427,0.007724035638881176,0.0,0.0,0.0
2025-10-31,13,0.007974333017029427,0.008474927773325928,0.008224630395177677,63810880.59511428,0.0,0.0
2025-10-31,14,0.008474927773325928,0.00897552252962243,0.00872522515147418,111894209.27803195,0.0,60573408.43704199
2025-10-31,15,0.00897552252962243,0.009476117285918932,0.009225819907770681,17830951.703945797,0.0,0.0
2025-10-31,16,0.009476117285918932,0.009976712042215433,0.009726414664067182,0.0,0.0,0.0
2025-10-31,17,0.009976712042215433,0.010477306798511936,0.010227009420363684,0.0,0.0,0.0
2025-10-31,18,0.010477306798511936,0.010977901554808439,0.010727604176660188,0.0,0.0,0.0
2025-10-31,19,0.010977901554808439,0.01147849631110494,0.01122819893295669,0.0,0.0,0.0
2025-10-31,20,0.01147849631110494,0.011979091067401441,0.01172879368925319,0.0,0.0,0.0
2025-10-31,21,0.011979091067401441,0.012479685823697944,0.012229388445549692,0.0,0.0,0.0
2025-10-31,22,0.012479685823697944,0.012980280579994447,0.012729983201846196,34958321.558628686,0.0,22989511.871999998
2025-10-31,23,0.012980280579994447,0.013480875336290948,0.013230577958142697,26331522.12381375,0.0,7398742.907199999
2025-10-31,24,0.013480875336290948,0.01398147009258745,0.013731172714439199,0.0,0.0,0.0
2025-10-31,25,0.01398147009258745,0.014482064848883952,0.0142317674707357,16312157.731803803,0.0,1643990.932
2025-10-31,26,0.014482064848883952,0.014982659605180455,0.014732362227032204,24464458.586684737,0.0,2863866.138
2025-10-31,27,0.014982659605180455,0.015483254361476956,0.015232956983328706,142038272.05170587,0.0,30541224.413999997
2025-10-31,28,0.015483254361476956,0.01598384911777346,0.015733551739625207,29849287.80358397,0.0,4395352.51965
2025-10-31,29,0.01598384911777346,0.01648444387406996,0.01623414649592171,0.0,0.0,0.0
2025-10-31,30,0.01648444387406996,0.016985038630366465,0.016734741252218212,131750011.95600724,0.0,72983560.494104
2025-10-31,31,0.016985038630366465,0.017485633386662966,0.017235336008514714,0.0,0.0,0.0
2025-10-31,32,0.017485633386662966,0.017986228142959467,0.01773593076481122,59992862.71147461,0.0,21491616.5989
2025-10-31,33,0.017986228142959467,0.01848682289925597,0.018236525521107716,75611676.01648097,0.0,22780169.145099998
2025-10-31,34,0.01848682289925597,0.018987417655552473,0.01873712027740422,0.0,0.0,0.0
2025-10-31,35,0.018987417655552473,0.019488012411848974,0.019237715033700725,210953208.12185812,0.0,54795284.28830002
2025-10-31,36,0.019488012411848974,0.019988607168145475,0.019738309789997223,21178100.710078668,0.0,12560421.4118
2025-10-31,37,0.019988607168145475,0.02048920192444198,0.020238904546293728,25299331.901404664,0.0,11037288.3978
2025-10-31,38,0.02048920192444198,0.02098979668073848,0.020739499302590232,0.0,0.0,0.0
2025-10-31,39,0.02098979668073848,0.021490391437034982,0.02124009405888673,0.0,0.0,0.0
2025-10-31,40,0.021490391437034982,0.021990986193331483,0.021740688815183234,12046663.458126064,0.0,5103023.351199999
2025-10-31,41,0.021990986193331483,0.022491580949627984,0.022241283571479732,10588115.519715229,0.0,1738136.014
2025-10-31,42,0.022491580949627984,0.02299217570592449,0.022741878327776237,0.0,0.0,0.0
2025-10-31,43,0.02299217570592449,0.02349277046222099,0.02324247308407274,0.0,0.0,0.0
2025-10-31,44,0.02349277046222099,0.02399336521851749,0.02374306784036924,0.0,0.0,0.0
2025-10-31,45,0.02399336521851749,0.024493959974813996,0.024243662596665744,35121068.76810535,0.0,8551475.782
2025-10-31,46,0.024493959974813996,0.024994554731110497,0.02474425735296225,0.0,0.0,0.0
2025-10-31,47,0.024994554731110497,0.025495149487407,0.025244852109258746,8929652.09261084,0.0,2565408.956
2025-10-31,48,0.025495149487407,0.0259957442437035,0.02574544686555525,0.0,0.0,0.0
2025-10-31,49,0.0259957442437035,0.026496339,0.02624604162185175,22028734.219397876,0.0,5034303.169
2025-11-01,0,0.0014666011851749,0.0019671959414714023,0.0017168985633231513,0.0,0.0,0.0
2025-11-01,1,0.0019671959414714023,0.0024677906977679043,0.0022174933196196533,0.0,0.0,0.0
2025-11-01,2,0.0024677906977679043,0.0029683854540644063,0.0027180880759161553,4753183.89796815,0.0,0.0
2025-11-01,3,0.0029683854540644063,0.0034689802103609084,0.0032186828322126573,22264974.17172881,0.0,0.0
2025-11-01,4,0.0034689802103609084,0.00396957496665741,0.0037192775885091594,3687034.362498054,0.0,0.0
2025-11-01,5,0.00396957496665741,0.004470169722953912,0.004219872344805661,20731537.05499166,0.0,0.0
2025-11-01,6,0.004470169722953912,0.0049707644792504144,0.004720467101102164,27077222.387223605,0.0,0.0
2025-11-01,7,0.0049707644792504144,0.0054713592355469165,0.005221061857398665,44382220.9307352,0.0,0.0
2025-11-01,8,0.0054713592355469165,0.0059719539918434185,0.005721656613695168,9890635.642978948,0.0,0.0
2025-11-01,9,0.0059719539918434185,0.0064725487481399205,0.006222251369991669,0.0,0.0,0.0
2025-11-01,10,0.0064725487481399205,0.0069731435044364225,0.006722846126288172,1044258032.4264159,0.0,40476190.48
2025-11-01,11,0.0069731435044364225,0.007473738260732925,0.007223440882584673,0.0,0.0,0.0
2025-11-01,12,0.007473738260732925,0.007974333017029427,0.007724035638881176,0.0,0.0,0.0
2025-11-01,13,0.007974333017029427,0.008474927773325928,0.008224630395177677,63760880.59511428,0.0,0.0
2025-11-01,14,0.008474927773325928,0.00897552252962243,0.00872522515147418,110592925.35792394,0.0,59759125.83644199
2025-11-01,15,0.00897552252962243,0.009476117285918932,0.009225819907770681,17826349.6508788,0.0,0.0
2025-11-01,16,0.009476117285918932,0.009976712042215433,0.009726414664067182,0.0,0.0,0.0
2025-11-01,17,0.009976712042215433,0.010477306798511936,0.010227009420363684,0.0,0.0,0.0
2025-11-01,18,0.010477306798511936,0.010977901554808439,0.010727604176660188,0.0,0.0,0.0
2025-11-01,19,0.010977901554808439,0.01147849631110494,0.01122819893295669,0.0,0.0,0.0
2025-11-01,20,0.01147849631110494,0.011979091067401441,0.01172879368925319,0.0,0.0,0.0
2025-11-01,21,0.011979091067401441,0.012479685823697944,0.012229388445549692,0.0,0.0,0.0
2025-11-01,22,0.012479685823697944,0.012980280579994447,0.012729983201846196,34870029.75383557,0.0,22989511.871999998
2025-11-01,23,0.012980280579994447,0.013480875336290948,0.013230577958142697,26075175.57442375,0.0,7398742.907199999
2025-11-01,24,0.013480875336290948,0.01398147009258745,0.013731172714439199,0.0,0.0,0.0
2025-11-01,25,0.01398147009258745,0.014482064848883952,0.0142317674707357,80477802.60005231,0.0,21220364.3527
2025-11-01,26,0.014482064848883952,0.014982659605180455,0.014732362227032204,23853093.53496242,0.0,2863866.138
2025-11-01,27,0.014982659605180455,0.015483254361476956,0.015232956983328706,136278361.27441314,0.0,30541224.413999997
2025-11-01,28,0.015483254361476956,0.01598384911777346,0.015733551739625207,27328887.275534943,0.0,4395352.51965
2025-11-01,29,0.01598384911777346,0.01648444387406996,0.01623414649592171,0.0,0.0,0.0
2025-11-01,30,0.01648444387406996,0.016985038630366465,0.016734741252218212,121516002.36203693,0.0,72695906.922604
2025-11-01,31,0.016985038630366465,0.017485633386662966,0.017235336008514714,0.0,0.0,0.0
2025-11-01,32,0.017485633386662966,0.017986228142959467,0.01773593076481122,57914103.00978404,0.0,21491616.5989
2025-11-01,33,0.017986228142959467,0.01848682289925597,0.018236525521107716,68362461.5527125,0.0,22780169.145099998
2025-11-01,34,0.01848682289925597,0.018987417655552473,0.01873712027740422,0.0,0.0,0.0
2025-11-01,35,0.018987417655552473,0.019488012411848974,0.019237715033700725,196480513.34406137,0.0,36831005.337300025
2025-11-01,36,0.019488012411848974,0.019988607168145475,0.019738309789997223,20197405.057002485,0.0,12560421.4118
2025-11-01,37,0.019988607168145475,0.02048920192444198,0.020238904546293728,24650997.66273566,0.0,11037288.3978
2025-11-01,38,0.02048920192444198,0.02098979668073848,0.020739499302590232,0.0,0.0,0.0
2025-11-01,39,0.02098979668073848,0.021490391437034982,0.02124009405888673,0.0,0.0,0.0
2025-11-01,40,0.021490391437034982,0.021990986193331483,0.021740688815183234,11237070.778900946,0.0,5103023.351199999
2025-11-01,41,0.021990986193331483,0.022491580949627984,0.022241283571479732,10583102.057581348,0.0,1738136.014
2025-11-01,42,0.022491580949627984,0.02299217570592449,0.022741878327776237,0.0,0.0,0.0
2025-11-01,43,0.02299217570592449,0.02349277046222099,0.02324247308407274,0.0,0.0,0.0
2025-11-01,44,0.02349277046222099,0.02399336521851749,0.02374306784036924,0.0,0.0,0.0
2025-11-01,45,0.02399336521851749,0.024493959974813996,0.024243662596665744,33928607.18800615,0.0,8551475.782
2025-11-01,46,0.024493959974813996,0.024994554731110497,0.02474425735296225,0.0,0.0,0.0
2025-11-01,47,0.024994554731110497,0.025495149487407,0.025244852109258746,8922767.59425384,0.0,2565408.956
2025-11-01,48,0.025495149487407,0.0259957442437035,0.02574544686555525,0.0,0.0,0.0
2025-11-01,49,0.0259957442437035,0.026496339,0.02624604162185175,21471544.599337623,0.0,5034303.169
2025-11-02,0,0.0014666011851749,0.0019671959414714023,0.0017168985633231513,0.0,0.0,0.0
2025-11-02,1,0.0019671959414714023,0.0024677906977679043,0.0022174933196196533,0.0,0.0,0.0
2025-11-02,2,0.0024677906977679043,0.0029683854540644063,0.0027180880759161553,4753183.89796815,0.0,0.0
2025-11-02,3,0.0029683854540644063,0.0034689802103609084,0.0032186828322126573,22255260.71785681,0.0,0.0
2025-11-02,4,0.0034689802103609084,0.00396957496665741,0.0037192775885091594,3686818.576024354,0.0,0.0
2025-11-02,5,0.00396957496665741,0.004470169722953912,0.004219872344805661,20731537.05499166,0.0,0.0
2025-11-02,6,0.004470169722953912,0.0049707644792504144,0.004720467101102164,27077222.387223605,0.0,0.0
2025-11-02,7,0.0049707644792504144,0.0054713592355469165,0.005221061857398665,44378540.4996477,0.0,0.0
2025-11-02,8,0.0054713592355469165,0.0059719539918434185,0.005721656613695168,9890635.642978948,0.0,0.0
2025-11-02,9,0.0059719539918434185,0.0064725487481399205,0.006222251369991669,0.0,0.0,0.0
2025-11-02,10,0.0064725487481399205,0.0069731435044364225,0.006722846126288172,1044006663.4813256,0.0,40476190.48
2025-11-02,11,0.0069731435044364225,0.007473738260732925,0.007223440882584673,0.0,0.0,0.0
2025-11-02,12,0.007473738260732925,0.007974333017029427,0.007724035638881176,0.0,0.0,0.0
2025-11-02,13,0.007974333017029427,0.008474927773325928,0.008224630395177677,63671630.59511428,0.0,0.0
2025-11-02,14,0.008474927773325928,0.00897552252962243,0.00872522515147418,110591622.89946546,0.0,59687505.359501995
2025-11-02,15,0.00897552252962243,0.009476117285918932,0.009225819907770681,17826349.6508788,0.0,0.0
2025-11-02,16,0.009476117285918932,0.009976712042215433,0.009726414664067182,0.0,0.0,0.0
2025-11-02,17,0.009976712042215433,0.010477306798511936,0.010227009420363684,0.0,0.0,0.0
2025-11-02,18,0.010477306798511936,0.010977901554808439,0.010727604176660188,0.0,0.0,0.0
2025-11-02,19,0.010977901554808439,0.01147849631110494,0.01122819893295669,0.0,0.0,0.0
2025-11-02,20,0.01147849631110494,0.011979091067401441,0.01172879368925319,0.0,0.0,0.0
2025-11-02,21,0.011979091067401441,0.012479685823697944,0.012229388445549692,0.0,0.0,0.0
2025-11-02,22,0.012479685823697944,0.012980280579994447,0.012729983201846196,34809869.05426237,0.0,22989511.871999998
2025-11-02,23,0.012980280579994447,0.013480875336290948,0.013230577958142697,26073708.724327747,0.0,6010030.713200031
2025-11-02,24,0.013480875336290948,0.01398147009258745,0.013731172714439199,0.0,0.0,0.0
2025-11-02,25,0.01398147009258745,0.014482064848883952,0.0142317674707357,79388485.34114732,0.0,21220364.3527
2025-11-02,26,0.014482064848883952,0.014982659605180455,0.014732362227032204,46794080.11782041,0.0,8036208.410639999
2025-11-02,27,0.014982659605180455,0.015483254361476956,0.015232956983328706,134046619.95295556,0.0,30541224.413999997
2025-11-02,28,0.015483254361476956,0.01598384911777346,0.015733551739625207,26932099.253916543,0.0,4395352.51965
2025-11-02,29,0.01598384911777346,0.01648444387406996,0.01623414649592171,0.0,0.0,0.0
2025-11-02,30,0.01648444387406996,0.016985038630366465,0.016734741252218212,116316850.59279333,0.0,72315795.15179399
2025-11-02,31,0.016985038630366465,0.017485633386662966,0.017235336008514714,0.0,0.0,0.0
2025-11-02,32,0.017485633386662966,0.017986228142959467,0.01773593076481122,57217114.684037365,0.0,21491616.5989
2025-11-02,33,0.017986228142959467,0.01848682289925597,0.018236525521107716,65855372.10993866,0.0,22780169.145099998
2025-11-02,34,0.01848682289925597,0.018987417655552473,0.01873712027740422,0.0,0.0,0.0
2025-11-02,35,0.018987417655552473,0.019488012411848974,0.019237715033700725,193166644.74177697,0.0,32677161.189999998
2025-11-02,36,0.019488012411848974,0.019988607168145475,0.019738309789997223,19552430.195444576,0.0,12560421.4118
2025-11-02,37,0.019988607168145475,0.02048920192444198,0.020238904546293728,23955403.315874055,0.0,11037288.3978
2025-11-02,38,0.02048920192444198,0.02098979668073848,0.020739499302590232,0.0,0.0,0.0
2025-11-02,39,0.02098979668073848,0.021490391437034982,0.02124009405888673,0.0,0.0,0.0
2025-11-02,40,0.021490391437034982,0.021990986193331483,0.021740688815183234,11163805.274725208,0.0,5103023.351199999
2025-11-02,41,0.021990986193331483,0.022491580949627984,0.022241283571479732,10521730.072310949,0.0,1738136.014
2025-11-02,42,0.022491580949627984,0.02299217570592449,0.022741878327776237,0.0,0.0,0.0
2025-11-02,43,0.02299217570592449,0.02349277046222099,0.02324247308407274,0.0,0.0,0.0
2025-11-02,44,0.02349277046222099,0.02399336521851749,0.02374306784036924,0.0,0.0,0.0
2025-11-02,45,0.02399336521851749,0.024493959974813996,0.024243662596665744,33921570.95079925,0.0,8551475.782
2025-11-02,46,0.024493959974813996,0.024994554731110497,0.02474425735296225,0.0,0.0,0.0
2025-11-02,47,0.024994554731110497,0.025495149487407,0.025244852109258746,8746762.082422739,0.0,2565408.956
2025-11-02,48,0.025495149487407,0.0259957442437035,0.02574544686555525,0.0,0.0,0.0
2025-11-02,49,0.0259957442437035,0.026496339,0.02624604162185175,21069590.31004802,0.0,5034303.169
2025-11-03,0,0.0014666011851749,0.0019671959414714023,0.0017168985633231513,0.0,0.0,0.0
2025-11-03,1,0.0019671959414714023,0.0024677906977679043,0.0022174933196196533,0.0,0.0,0.0
2025-11-03,2,0.0024677906977679043,0.0029683854540644063,0.0027180880759161553,4060868.745328151,0.0,0.0
2025-11-03,3,0.0029683854540644063,0.0034689802103609084,0.0032186828322126573,21997277.189804807,0.0,0.0
2025-11-03,4,0.0034689802103609084,0.00396957496665741,0.0037192775885091594,3647496.125858324,0.0,0.0
2025-11-03,5,0.00396957496665741,0.004470169722953912,0.004219872344805661,19259306.321872666,0.0,0.0
2025-11-03,6,0.004470169722953912,0.0049707644792504144,0.004720467101102164,26569311.726463612,0.0,0.0
2025-11-03,7,0.0049707644792504144,0.0054713592355469165,0.005221061857398665,44235749.16618034,0.0,0.0
2025-11-03,8,0.0054713592355469165,0.0059719539918434185,0.005721656613695168,9890635.642978948,0.0,0.0
2025-11-03,9,0.0059719539918434185,0.0064725487481399205,0.006222251369991669,0.0,0.0,0.0
2025-11-03,10,0.0064725487481399205,0.0069731435044364225,0.006722846126288172,1042838178.752245,0.0,40476190.48
2025-11-03,11,0.0069731435044364225,0.007473738260732925,0.007223440882584673,0.0,0.0,0.0
2025-11-03,12,0.007473738260732925,0.007974333017029427,0.007724035638881176,0.0,0.0,0.0
2025-11-03,13,0.007974333017029427,0.008474927773325928,0.008224630395177677,63520630.59511428,0.0,0.0
2025-11-03,14,0.008474927773325928,0.00897552252962243,0.00872522515147418,109677034.8771982,0.0,58180178.612501994
2025-11-03,15,0.00897552252962243,0.009476117285918932,0.009225819907770681,17651168.2380908,0.0,0.0
2025-11-03,16,0.009476117285918932,0.009976712042215433,0.009726414664067182,0.0,0.0,0.0
2025-11-03,17,0.009976712042215433,0.010477306798511936,0.010227009420363684,0.0,0.0,0.0
2025-11-03,18,0.010477306798511936,0.010977901554808439,0.010727604176660188,0.0,0.0,0.0
2025-11-03,19,0.010977901554808439,0.01147849631110494,0.01122819893295669,0.0,0.0,0.0
2025-11-03,20,0.01147849631110494,0.011979091067401441,0.01172879368925319,0.0,0.0,0.0
2025-11-03,21,0.011979091067401441,0.012479685823697944,0.012229388445549692,0.0,0.0,0.0
2025-11-03,22,0.012479685823697944,0.012980280579994447,0.012729983201846196,30651359.69645863,0.0,16189881.204000032
2025-11-03,23,0.012980280579994447,0.013480875336290948,0.013230577958142697,25351519.03495596,0.0,462966.4212
2025-11-03,24,0.013480875336290948,0.01398147009258745,0.013731172714439199,0.0,0.0,0.0
2025-11-03,25,0.01398147009258745,0.014482064848883952,0.0142317674707357,170446204.37754247,0.0,57546158.1504
2025-11-03,26,0.014482064848883952,0.014982659605180455,0.014732362227032204,42895080.98975249,0.0,7961729.3822
2025-11-03,27,0.014982659605180455,0.015483254361476956,0.015232956983328706,122543475.34265321,0.0,29578302.099
2025-11-03,28,0.015483254361476956,0.01598384911777346,0.015733551739625207,25767958.92774843,0.0,4395352.51965
2025-11-03,29,0.01598384911777346,0.01648444387406996,0.01623414649592171,0.0,0.0,0.0
2025-11-03,30,0.01648444387406996,0.016985038630366465,0.016734741252218212,87430830.64819343,0.0,55834064.88419999
2025-11-03,31,0.016985038630366465,0.017485633386662966,0.017235336008514714,0.0,0.0,0.0
2025-11-03,32,0.017485633386662966,0.017986228142959467,0.01773593076481122,51166779.54276625,0.0,21491616.5989
2025-11-03,33,0.017986228142959467,0.01848682289925597,0.018236525521107716,62517955.48720615,0.0,22780169.145099998
2025-11-03,34,0.01848682289925597,0.018987417655552473,0.01873712027740422,0.0,0.0,0.0
2025-11-03,35,0.018987417655552473,0.019488012411848974,0.019237715033700725,186505044.08818474,0.0,32677161.189999998
2025-11-03,36,0.019488012411848974,0.019988607168145475,0.019738309789997223,19109627.673545178,0.0,12560421.4118
2025-11-03,37,0.019988607168145475,0.02048920192444198,0.020238904546293728,21255760.43251328,0.0,11037288.3978
2025-11-03,38,0.02048920192444198,0.02098979668073848,0.020739499302590232,0.0,0.0,0.0
2025-11-03,39,0.02098979668073848,0.021490391437034982,0.02124009405888673,0.0,0.0,0.0
2025-11-03,40,0.021490391437034982,0.021990986193331483,0.021740688815183234,10305561.252491836,0.0,5103023.351199999
2025-11-03,41,0.021990986193331483,0.022491580949627984,0.022241283571479732,10478558.67800395,0.0,1738136.014
2025-11-03,42,0.022491580949627984,0.02299217570592449,0.022741878327776237,0.0,0.0,0.0
2025-11-03,43,0.02299217570592449,0.02349277046222099,0.02324247308407274,0.0,0.0,0.0
2025-11-03,44,0.02349277046222099,0.02399336521851749,0.02374306784036924,0.0,0.0,0.0
2025-11-03,45,0.02399336521851749,0.024493959974813996,0.024243662596665744,33511357.215106804,0.0,8551475.782
2025-11-03,46,0.024493959974813996,0.024994554731110497,0.02474425735296225,0.0,0.0,0.0
2025-11-03,47,0.024994554731110497,0.025495149487407,0.025244852109258746,8264905.113296092,0.0,2565408.956
2025-11-03,48,0.025495149487407,0.0259957442437035,0.02574544686555525,0.0,0.0,0.0
2025-11-03,49,0.0259957442437035,0.026496339,0.02624604162185175,19427666.625850037,0.0,5034303.169
2025-11-04,0,0.0014666011851749,0.0019671959414714023,0.0017168985633231513,0.0,0.0,0.0
2025-11-04,1,0.0019671959414714023,0.0024677906977679043,0.0022174933196196533,0.0,0.0,0.0
2025-11-04,2,0.0024677906977679043,0.0029683854540644063,0.0027180880759161553,3990233.9270781507,0.0,0.0
2025-11-04,3,0.0029683854540644063,0.0034689802103609084,0.0032186828322126573,21954951.56771481,0.0,0.0
2025-11-04,4,0.0034689802103609084,0.00396957496665741,0.0037192775885091594,3647496.125858324,0.0,0.0
2025-11-04,5,0.00396957496665741,0.004470169722953912,0.004219872344805661,18776647.47303787,0.0,0.0
2025-11-04,6,0.004470169722953912,0.0049707644792504144,0.004720467101102164,25917497.91696361,0.0,0.0
2025-11-04,7,0.0049707644792504144,0.0054713592355469165,0.005221061857398665,42777180.43955444,0.0,0.0
2025-11-04,8,0.0054713592355469165,0.0059719539918434185,0.005721656613695168,9885875.784713747,0.0,0.0
2025-11-04,9,0.0059719539918434185,0.0064725487481399205,0.006222251369991669,0.0,0.0,0.0
2025-11-04,10,0.0064725487481399205,0.0069731435044364225,0.006722846126288172,1042418241.385275,0.0,40476190.48
2025-11-04,11,0.0069731435044364225,0.007473738260732925,0.007223440882584673,0.0,0.0,0.0
2025-11-04,12,0.007473738260732925,0.007974333017029427,0.007724035638881176,0.0,0.0,0.0
2025-11-04,13,0.007974333017029427,0.008474927773325928,0.008224630395177677,63161413.030914284,0.0,0.0
2025-11-04,14,0.008474927773325928,0.00897552252962243,0.00872522515147418,108731071.51566523,0.0,56347004.13050199
2025-11-04,15,0.00897552252962243,0.009476117285918932,0.009225819907770681,17640499.741900798,0.0,0.0
2025-11-04,16,0.009476117285918932,0.009976712042215433,0.009726414664067182,0.0,0.0,0.0
2025-11-04,17,0.009976712042215433,0.010477306798511936,0.010227009420363684,127975193.07408653,0.0,44588689.5907
2025-11-04,18,0.010477306798511936,0.010977901554808439,0.010727604176660188,0.0,0.0,0.0
2025-11-04,19,0.010977901554808439,0.01147849631110494,0.01122819893295669,0.0,0.0,0.0
2025-11-04,20,0.01147849631110494,0.011979091067401441,0.01172879368925319,0.0,0.0,0.0
2025-11-04,21,0.011979091067401441,0.012479685823697944,0.012229388445549692,0.0,0.0,0.0
2025-11-04,22,0.012479685823697944,0.012980280579994447,0.012729983201846196,30471581.436751932,0.0,529635.262
2025-11-04,23,0.012980280579994447,0.013480875336290948,0.013230577958142697,25263261.413227256,0.0,462966.4212
2025-11-04,24,0.013480875336290948,0.01398147009258745,0.013731172714439199,0.0,0.0,0.0
2025-11-04,25,0.01398147009258745,0.014482064848883952,0.0142317674707357,135448993.54063368,0.0,56456619.712400004
2025-11-04,26,0.014482064848883952,0.014982659605180455,0.014732362227032204,38442392.241587915,0.0,7961729.3822
2025-11-04,27,0.014982659605180455,0.015483254361476956,0.015232956983328706,106117240.24466231,0.0,29578302.099
2025-11-04,28,0.015483254361476956,0.01598384911777346,0.015733551739625207,22334583.14628142,0.0,4395352.51965
2025-11-04,29,0.01598384911777346,0.01648444387406996,0.01623414649592171,0.0,0.0,0.0
2025-11-04,30,0.01648444387406996,0.016985038630366465,0.016734741252218212,79458106.67042811,0.0,53880980.18619999
2025-11-04,31,0.016985038630366465,0.017485633386662966,0.017235336008514714,0.0,0.0,0.0
2025-11-04,32,0.017485633386662966,0.017986228142959467,0.01773593076481122,45785570.543547705,0.0,21491616.5989
2025-11-04,33,0.017986228142959467,0.01848682289925597,0.018236525521107716,57623473.85306775,0.0,11792336.7351
2025-11-04,34,0.01848682289925597,0.018987417655552473,0.01873712027740422,0.0,0.0,0.0
2025-11-04,35,0.018987417655552473,0.019488012411848974,0.019237715033700725,183396306.13817793,0.0,32677161.189999998
2025-11-04,36,0.019488012411848974,0.019988607168145475,0.019738309789997223,18053732.201257624,0.0,8492594.141800035
2025-11-04,37,0.019988607168145475,0.02048920192444198,0.020238904546293728,19060470.178663902,0.0,5726003.7598
2025-11-04,38,0.02048920192444198,0.02098979668073848,0.020739499302590232,0.0,0.0,0.0
2025-11-04,39,0.02098979668073848,0.021490391437034982,0.02124009405888673,0.0,0.0,0.0
2025-11-04,40,0.021490391437034982,0.021990986193331483,0.021740688815183234,9705561.49046694,0.0,5103023.351199999
2025-11-04,41,0.021990986193331483,0.022491580949627984,0.022241283571479732,10356109.12518535,0.0,1738136.014
2025-11-04,42,0.022491580949627984,0.02299217570592449,0.022741878327776237,0.0,0.0,0.0
2025-11-04,43,0.02299217570592449,0.02349277046222099,0.02324247308407274,0.0,0.0,0.0
2025-11-04,44,0.02349277046222099,0.02399336521851749,0.02374306784036924,0.0,0.0,0.0
2025-11-04,45,0.02399336521851749,0.024493959974813996,0.024243662596665744,32237327.861176174,0.0,8551475.782
2025-11-04,46,0.024493959974813996,0.024994554731110497,0.02474425735296225,0.0,0.0,0.0
2025-11-04,47,0.024994554731110497,0.025495149487407,0.025244852109258746,7973444.466217091,0.0,2565408.956
2025-11-04,48,0.025495149487407,0.0259957442437035,0.02574544686555525,0.0,0.0,0.0
2025-11-04,49,0.0259957442437035,0.026496339,0.02624604162185175,18980133.483021744,0.0,5034303.169
2025-11-05,0,0.0014666011851749,0.0019671959414714023,0.0017168985633231513,0.0,0.0,0.0
2025-11-05,1,0.0019671959414714023,0.0024677906977679043,0.0022174933196196533,0.0,0.0,0.0
2025-11-05,2,0.0024677906977679043,0.0029683854540644063,0.0027180880759161553,3944518.3152463506,0.0,0.0
2025-11-05,3,0.0029683854540644063,0.0034689802103609084,0.0032186828322126573,21954951.56771481,0.0,0.0
2025-11-05,4,0.0034689802103609084,0.00396957496665741,0.0037192775885091594,3595393.244928324,0.0,0.0
2025-11-05,5,0.00396957496665741,0.004470169722953912,0.004219872344805661,18766831.226216868,0.0,0.0
2025-11-05,6,0.004470169722953912,0.0049707644792504144,0.004720467101102164,25702471.354328483,0.0,0.0
2025-11-05,7,0.0049707644792504144,0.0054713592355469165,0.005221061857398665,42623723.68835644,0.0,0.0
2025-11-05,8,0.0054713592355469165,0.0059719539918434185,0.005721656613695168,9682094.093813747,0.0,0.0
2025-11-05,9,0.0059719539918434185,0.0064725487481399205,0.006222251369991669,0.0,0.0,0.0
2025-11-05,10,0.0064725487481399205,0.0069731435044364225,0.006722846126288172,1042207676.1806499,0.0,40476190.48
2025-11-05,11,0.0069731435044364225,0.007473738260732925,0.007223440882584673,0.0,0.0,0.0
2025-11-05,12,0.007473738260732925,0.007974333017029427,0.007724035638881176,0.0,0.0,0.0
2025-11-05,13,0.007974333017029427,0.008474927773325928,0.008224630395177677,131186179.61649676,0.0,22021570.4646
2025-11-05,14,0.008474927773325928,0.00897552252962243,0.00872522515147418,108714658.36769007,0.0,55199384.51550199
2025-11-05,15,0.00897552252962243,0.009476117285918932,0.009225819907770681,17635592.669601798,0.0,0.0
2025-11-05,16,0.009476117285918932,0.009976712042215433,0.009726414664067182,0.0,0.0,0.0
2025-11-05,17,0.009976712042215433,0.010477306798511936,0.010227009420363684,109125603.1502564,0.0,43914979.9107
2025-11-05,18,0.010477306798511936,0.010977901554808439,0.010727604176660188,0.0,0.0,0.0
2025-11-05,19,0.010977901554808439,0.01147849631110494,0.01122819893295669,0.0,0.0,0.0
2025-11-05,20,0.01147849631110494,0.011979091067401441,0.01172879368925319,0.0,0.0,0.0
2025-11-05,21,0.011979091067401441,0.012479685823697944,0.012229388445549692,0.0,0.0,0.0
2025-11-05,22,0.012479685823697944,0.012980280579994447,0.012729983201846196,30253219.27430133,0.0,529635.262
2025-11-05,23,0.012980280579994447,0.013480875336290948,0.013230577958142697,25260179.9068544,0.0,462966.4212
2025-11-05,24,0.013480875336290948,0.01398147009258745,0.013731172714439199,0.0,0.0,0.0
2025-11-05,25,0.01398147009258745,0.014482064848883952,0.0142317674707357,118509838.28454149,0.0,55930618.0034
2025-11-05,26,0.014482064848883952,0.014982659605180455,0.014732362227032204,36895399.70751987,0.0,7961729.3822
2025-11-05,27,0.014982659605180455,0.015483254361476956,0.015232956983328706,99294132.58365852,0.0,29578302.099
2025-11-05,28,0.015483254361476956,0.01598384911777346,0.015733551739625207,19351859.176157624,0.0,4395352.51965
2025-11-05,29,0.01598384911777346,0.01648444387406996,0.01623414649592171,0.0,0.0,0.0
2025-11-05,30,0.01648444387406996,0.016985038630366465,0.016734741252218212,78159106.08152574,0.0,52105696.76590003
2025-11-05,31,0.016985038630366465,0.017485633386662966,0.017235336008514714,0.0,0.0,0.0
2025-11-05,32,0.017485633386662966,0.017986228142959467,0.01773593076481122,44971266.09734538,0.0,12173227.732900001
2025-11-05,33,0.017986228142959467,0.01848682289925597,0.018236525521107716,56104690.35645113,0.0,11792336.7351
2025-11-05,34,0.01848682289925597,0.018987417655552473,0.01873712027740422,0.0,0.0,0.0
2025-11-05,35,0.018987417655552473,0.019488012411848974,0.019237715033700725,180974247.6686591,0.0,32677161.189999998
2025-11-05,36,0.019488012411848974,0.019988607168145475,0.019738309789997223,17799484.83962421,0.0,1366803.6518
2025-11-05,37,0.019988607168145475,0.02048920192444198,0.020238904546293728,18859869.53681094,0.0,1506945.9588
2025-11-05,38,0.02048920192444198,0.02098979668073848,0.020739499302590232,0.0,0.0,0.0
2025-11-05,39,0.02098979668073848,0.021490391437034982,0.02124009405888673,0.0,0.0,0.0
2025-11-05,40,0.021490391437034982,0.021990986193331483,0.021740688815183234,5258430.019302835,0.0,5103023.351199999
2025-11-05,41,0.021990986193331483,0.022491580949627984,0.022241283571479732,10315765.380771747,0.0,1738136.014
2025-11-05,42,0.022491580949627984,0.02299217570592449,0.022741878327776237,0.0,0.0,0.0
2025-11-05,43,0.02299217570592449,0.02349277046222099,0.02324247308407274,0.0,0.0,0.0
2025-11-05,44,0.02349277046222099,0.02399336521851749,0.02374306784036924,0.0,0.0,0.0
2025-11-05,45,0.02399336521851749,0.024493959974813996,0.024243662596665744,31911051.416101858,0.0,8551475.782
2025-11-05,46,0.024493959974813996,0.024994554731110497,0.02474425735296225,0.0,0.0,0.0
2025-11-05,47,0.024994554731110497,0.025495149487407,0.025244852109258746,7915055.567966091,0.0,2565408.956
2025-11-05,48,0.025495149487407,0.0259957442437035,0.02574544686555525,0.0,0.0,0.0
2025-11-05,49,0.0259957442437035,0.026496339,0.02624604162185175,18949989.028500047,0.0,5034303.169
2025-11-06,0,0.0014666011851749,0.0019671959414714023,0.0017168985633231513,0.0,0.0,0.0
2025-11-06,1,0.0019671959414714023,0.0024677906977679043,0.0022174933196196533,0.0,0.0,0.0
2025-11-06,2,0.0024677906977679043,0.0029683854540644063,0.0027180880759161553,3893344.150446351,0.0,0.0
2025-11-06,3,0.0029683854540644063,0.0034689802103609084,0.0032186828322126573,21949027.82503881,0.0,0.0
2025-11-06,4,0.0034689802103609084,0.00396957496665741,0.0037192775885091594,3595099.880994724,0.0,0.0
2025-11-06,5,0.00396957496665741,0.004470169722953912,0.004219872344805661,18766093.572257668,0.0,0.0
2025-11-06,6,0.004470169722953912,0.0049707644792504144,0.004720467101102164,25702471.354328483,0.0,0.0
2025-11-06,7,0.0049707644792504144,0.0054713592355469165,0.005221061857398665,42603057.42133091,0.0,0.0
2025-11-06,8,0.0054713592355469165,0.0059719539918434185,0.005721656613695168,9682094.093813747,0.0,0.0
2025-11-06,9,0.0059719539918434185,0.0064725487481399205,0.006222251369991669,0.0,0.0,0.0
2025-11-06,10,0.0064725487481399205,0.0069731435044364225,0.006722846126288172,1041922967.6690911,0.0,40476190.48
2025-11-06,11,0.0069731435044364225,0.007473738260732925,0.007223440882584673,0.0,0.0,0.0
2025-11-06,12,0.007473738260732925,0.007974333017029427,0.007724035638881176,0.0,0.0,0.0
2025-11-06,13,0.007974333017029427,0.008474927773325928,0.008224630395177677,125647224.60024738,0.0,22021570.4646
2025-11-06,14,0.008474927773325928,0.00897552252962243,0.00872522515147418,108604121.19753785,0.0,54763719.09020199
2025-11-06,15,0.00897552252962243,0.009476117285918932,0.009225819907770681,17629285.038016997,0.0,0.0
2025-11-06,16,0.009476117285918932,0.009976712042215433,0.009726414664067182,114945249.59377125,0.0,27430955.1473
2025-11-06,17,0.009976712042215433,0.010477306798511936,0.010227009420363684,86550280.40112379,0.0,42503784.7217
2025-11-06,18,0.010477306798511936,0.010977901554808439,0.010727604176660188,0.0,0.0,0.0
2025-11-06,19,0.010977901554808439,0.01147849631110494,0.01122819893295669,0.0,0.0,0.0
2025-11-06,20,0.01147849631110494,0.011979091067401441,0.01172879368925319,0.0,0.0,0.0
2025-11-06,21,0.011979091067401441,0.012479685823697944,0.012229388445549692,0.0,0.0,0.0
2025-11-06,22,0.012479685823697944,0.012980280579994447,0.012729983201846196,30048259.034188945,0.0,529635.262
2025-11-06,23,0.012980280579994447,0.013480875336290948,0.013230577958142697,17211176.027921397,0.0,462966.4212
2025-11-06,24,0.013480875336290948,0.01398147009258745,0.013731172714439199,0.0,0.0,0.0
2025-11-06,25,0.01398147009258745,0.014482064848883952,0.0142317674707357,105685576.5753876,0.0,55930618.0034
2025-11-06,26,0.014482064848883952,0.014982659605180455,0.014732362227032204,32282831.481830582,0.0,7961729.3822
2025-11-06,27,0.014982659605180455,0.015483254361476956,0.015232956983328706,98328382.51628971,0.0,29578302.099
2025-11-06,28,0.015483254361476956,0.01598384911777346,0.015733551739625207,19257016.545492124,0.0,4395352.51965
2025-11-06,29,0.01598384911777346,0.01648444387406996,0.01623414649592171,0.0,0.0,0.0
2025-11-06,30,0.01648444387406996,0.016985038630366465,0.016734741252218212,74907751.91422004,0.0,32867556.004899994
2025-11-06,31,0.016985038630366465,0.017485633386662966,0.017235336008514714,0.0,0.0,0.0
2025-11-06,32,0.017485633386662966,0.017986228142959467,0.01773593076481122,43217466.65749716,0.0,6906921.609900035
2025-11-06,33,0.017986228142959467,0.01848682289925597,0.018236525521107716,46769306.037169546,0.0,11792336.7351
2025-11-06,34,0.01848682289925597,0.018987417655552473,0.01873712027740422,0.0,0.0,0.0
2025-11-06,35,0.018987417655552473,0.019488012411848974,0.019237715033700725,176161247.3292342,0.0,32677161.189999998
2025-11-06,36,0.019488012411848974,0.019988607168145475,0.019738309789997223,17702182.727556817,0.0,1366803.6518
2025-11-06,37,0.019988607168145475,0.02048920192444198,0.020238904546293728,18283726.290058434,0.0,1506945.9588
2025-11-06,38,0.02048920192444198,0.02098979668073848,0.020739499302590232,0.0,0.0,0.0
2025-11-06,39,0.02098979668073848,0.021490391437034982,0.02124009405888673,0.0,0.0,0.0
2025-11-06,40,0.021490391437034982,0.021990986193331483,0.021740688815183234,5151425.690881235,0.0,5103023.351199999
2025-11-06,41,0.021990986193331483,0.022491580949627984,0.022241283571479732,9903533.131451743,0.0,1738136.014
2025-11-06,42,0.022491580949627984,0.02299217570592449,0.022741878327776237,0.0,0.0,0.0
2025-11-06,43,0.02299217570592449,0.02349277046222099,0.02324247308407274,0.0,0.0,0.0
2025-11-06,44,0.02349277046222099,0.02399336521851749,0.02374306784036924,0.0,0.0,0.0
2025-11-06,45,0.02399336521851749,0.024493959974813996,0.024243662596665744,31149427.231659796,0.0,8551475.782
2025-11-06,46,0.024493959974813996,0.024994554731110497,0.02474425735296225,0.0,0.0,0.0
2025-11-06,47,0.024994554731110497,0.025495149487407,0.025244852109258746,7652411.300007092,0.0,2565408.956
2025-11-06,48,0.025495149487407,0.0259957442437035,0.02574544686555525,0.0,0.0,0.0
2025-11-06,49,0.0259957442437035,0.026496339,0.02624604162185175,18867505.927101042,0.0,5034303.169
2025-11-07,0,0.0014666011851749,0.0019671959414714023,0.0017168985633231513,0.0,0.0,0.0
2025-11-07,1,0.0019671959414714023,0.0024677906977679043,0.0022174933196196533,0.0,0.0,0.0
2025-11-07,2,0.0024677906977679043,0.0029683854540644063,0.0027180880759161553,3893344.150446351,0.0,0.0
2025-11-07,3,0.0029683854540644063,0.0034689802103609084,0.0032186828322126573,21934396.51624401,0.0,0.0
2025-11-07,4,0.0034689802103609084,0.00396957496665741,0.0037192775885091594,3595099.880994724,0.0,0.0
2025-11-07,5,0.00396957496665741,0.004470169722953912,0.004219872344805661,17705875.800152462,0.0,0.0
2025-11-07,6,0.004470169722953912,0.0049707644792504144,0.004720467101102164,25702248.541241154,0.0,0.0
2025-11-07,7,0.0049707644792504144,0.0054713592355469165,0.005221061857398665,42565088.34342091,0.0,0.0
2025-11-07,8,0.0054713592355469165,0.0059719539918434185,0.005721656613695168,9682094.093813747,0.0,0.0
2025-11-07,9,0.0059719539918434185,0.0064725487481399205,0.006222251369991669,0.0,0.0,0.0
2025-11-07,10,0.0064725487481399205,0.0069731435044364225,0.006722846126288172,1041786740.5801178,0.0,40476190.48
2025-11-07,11,0.0069731435044364225,0.007473738260732925,0.007223440882584673,0.0,0.0,0.0
2025-11-07,12,0.007473738260732925,0.007974333017029427,0.007724035638881176,0.0,0.0,0.0
2025-11-07,13,0.007974333017029427,0.008474927773325928,0.008224630395177677,119054210.1980771,0.0,21289062.5103
2025-11-07,14,0.008474927773325928,0.00897552252962243,0.00872522515147418,150972523.47433335,0.0,67798794.87120199
2025-11-07,15,0.00897552252962243,0.009476117285918932,0.009225819907770681,17629285.038016997,0.0,0.0
2025-11-07,16,0.009476117285918932,0.009976712042215433,0.009726414664067182,109901491.99302714,0.0,27430955.1473
2025-11-07,17,0.009976712042215433,0.010477306798511936,0.010227009420363684,81555856.03144123,0.0,42418928.0147
2025-11-07,18,0.010477306798511936,0.010977901554808439,0.010727604176660188,0.0,0.0,0.0
2025-11-07,19,0.010977901554808439,0.01147849631110494,0.01122819893295669,0.0,0.0,0.0
2025-11-07,20,0.01147849631110494,0.011979091067401441,0.01172879368925319,0.0,0.0,0.0
2025-11-07,21,0.011979091067401441,0.012479685823697944,0.012229388445549692,0.0,0.0,0.0
2025-11-07,22,0.012479685823697944,0.012980280579994447,0.012729983201846196,29673653.717442583,0.0,529635.262
2025-11-07,23,0.012980280579994447,0.013480875336290948,0.013230577958142697,17166154.828618146,0.0,462966.4212
2025-11-07,24,0.013480875336290948,0.01398147009258745,0.013731172714439199,0.0,0.0,0.0
2025-11-07,25,0.01398147009258745,0.014482064848883952,0.0142317674707357,95717465.18072969,0.0,55930618.0034
2025-11-07,26,0.014482064848883952,0.014982659605180455,0.014732362227032204,31030207.00772038,0.0,7961729.3822
2025-11-07,27,0.014982659605180455,0.015483254361476956,0.015232956983328706,96973838.5315289,0.0,29578302.099
2025-11-07,28,0.015483254361476956,0.01598384911777346,0.015733551739625207,19173556.371796302,0.0,320934.52665
2025-11-07,29,0.01598384911777346,0.01648444387406996,0.01623414649592171,0.0,0.0,0.0
2025-11-07,30,0.01648444387406996,0.016985038630366465,0.016734741252218212,74408281.37540296,0.0,32113393.265299994
2025-11-07,31,0.016985038630366465,0.017485633386662966,0.017235336008514714,0.0,0.0,0.0
2025-11-07,32,0.017485633386662966,0.017986228142959467,0.01773593076481122,42984332.803025134,0.0,5997013.514900001
2025-11-07,33,0.017986228142959467,0.01848682289925597,0.018236525521107716,43651770.35532564,0.0,8604047.871100033
2025-11-07,34,0.01848682289925597,0.018987417655552473,0.01873712027740422,0.0,0.0,0.0
2025-11-07,35,0.018987417655552473,0.019488012411848974,0.019237715033700725,174689796.09253556,0.0,32677161.189999998
2025-11-07,36,0.019488012411848974,0.019988607168145475,0.019738309789997223,17489711.586613316,0.0,1366803.6518
2025-11-07,37,0.019988607168145475,0.02048920192444198,0.020238904546293728,18145884.21498215,0.0,1506945.9588
2025-11-07,38,0.02048920192444198,0.02098979668073848,0.020739499302590232,0.0,0.0,0.0
2025-11-07,39,0.02098979668073848,0.021490391437034982,0.02124009405888673,0.0,0.0,0.0
2025-11-07,40,0.021490391437034982,0.021990986193331483,0.021740688815183234,5145341.344511395,0.0,447416.5732
2025-11-07,41,0.021990986193331483,0.022491580949627984,0.022241283571479732,9900126.068716742,0.0,1738136.014
2025-11-07,42,0.022491580949627984,0.02299217570592449,0.022741878327776237,0.0,0.0,0.0
2025-11-07,43,0.02299217570592449,0.02349277046222099,0.02324247308407274,0.0,0.0,0.0
2025-11-07,44,0.02349277046222099,0.02399336521851749,0.02374306784036924,0.0,0.0,0.0
2025-11-07,45,0.02399336521851749,0.024493959974813996,0.024243662596665744,31128265.478095695,0.0,8551475.782
2025-11-07,46,0.024493959974813996,0.024994554731110497,0.02474425735296225,0.0,0.0,0.0
2025-11-07,47,0.024994554731110497,0.025495149487407,0.025244852109258746,7652411.300007092,0.0,2565408.956
2025-11-07,48,0.025495149487407,0.0259957442437035,0.02574544686555525,0.0,0.0,0.0
2025-11-07,49,0.0259957442437035,0.026496339,0.02624604162185175,18779747.42383444,0.0,5034303.169
2025-11-08,0,0.0014666011851749,0.0019671959414714023,0.0017168985633231513,0.0,0.0,0.0
2025-11-08,1,0.0019671959414714023,0.0024677906977679043,0.0022174933196196533,0.0,0.0,0.0
2025-11-08,2,0.0024677906977679043,0.0029683854540644063,0.0027180880759161553,3333344.15044635,0.0,0.0
2025-11-08,3,0.0029683854540644063,0.0034689802103609084,0.0032186828322126573,21934396.51624401,0.0,0.0
2025-11-08,4,0.0034689802103609084,0.00396957496665741,0.0037192775885091594,3595099.880994724,0.0,0.0
2025-11-08,5,0.00396957496665741,0.004470169722953912,0.004219872344805661,17705875.800152462,0.0,0.0
2025-11-08,6,0.004470169722953912,0.0049707644792504144,0.004720467101102164,25692523.148806155,0.0,0.0
2025-11-08,7,0.0049707644792504144,0.0054713592355469165,0.005221061857398665,42565088.34342091,0.0,0.0
2025-11-08,8,0.0054713592355469165,0.0059719539918434185,0.005721656613695168,9681634.613736348,0.0,0.0
2025-11-08,9,0.0059719539918434185,0.0064725487481399205,0.006222251369991669,0.0,0.0,0.0
2025-11-08,10,0.0064725487481399205,0.0069731435044364225,0.006722846126288172,1041668071.9760565,0.0,40476190.48
2025-11-08,11,0.0069731435044364225,0.007473738260732925,0.007223440882584673,0.0,0.0,0.0
2025-11-08,12,0.007473738260732925,0.007974333017029427,0.007724035638881176,0.0,0.0,0.0
2025-11-08,13,0.007974333017029427,0.008474927773325928,0.008224630395177677,116952413.30782002,0.0,21051963.415
2025-11-08,14,0.008474927773325928,0.00897552252962243,0.00872522515147418,150012441.17952102,0.0,67790175.13797098
2025-11-08,15,0.00897552252962243,0.009476117285918932,0.009225819907770681,17629285.038016997,0.0,0.0
2025-11-08,16,0.009476117285918932,0.009976712042215433,0.009726414664067182,126299813.64085582,0.0,36947228.4569
2025-11-08,17,0.009976712042215433,0.010477306798511936,0.010227009420363684,77949842.81036787,0.0,42418928.0147
2025-11-08,18,0.010477306798511936,0.010977901554808439,0.010727604176660188,0.0,0.0,0.0
2025-11-08,19,0.010977901554808439,0.01147849631110494,0.01122819893295669,0.0,0.0,0.0
2025-11-08,20,0.01147849631110494,0.011979091067401441,0.01172879368925319,0.0,0.0,0.0
2025-11-08,21,0.011979091067401441,0.012479685823697944,0.012229388445549692,0.0,0.0,0.0
2025-11-08,22,0.012479685823697944,0.012980280579994447,0.012729983201846196,29663580.986871887,0.0,529635.262
2025-11-08,23,0.012980280579994447,0.013480875336290948,0.013230577958142697,16642121.01870815,0.0,462966.4212
2025-11-08,24,0.013480875336290948,0.01398147009258745,0.013731172714439199,0.0,0.0,0.0
2025-11-08,25,0.01398147009258745,0.014482064848883952,0.0142317674707357,90664455.73265712,0.0,55930618.0034
2025-11-08,26,0.014482064848883952,0.014982659605180455,0.014732362227032204,30432617.41209438,0.0,7961729.3822
2025-11-08,27,0.014982659605180455,0.015483254361476956,0.015232956983328706,96747576.85407342,0.0,29578302.099
2025-11-08,28,0.015483254361476956,0.01598384911777346,0.015733551739625207,19108190.615218304,0.0,320934.52665
2025-11-08,29,0.01598384911777346,0.01648444387406996,0.01623414649592171,0.0,0.0,0.0
2025-11-08,30,0.01648444387406996,0.016985038630366465,0.016734741252218212,72197098.35788815,0.0,31872293.064599995
2025-11-08,31,0.016985038630366465,0.017485633386662966,0.017235336008514714,0.0,0.0,0.0
2025-11-08,32,0.017485633386662966,0.017986228142959467,0.01773593076481122,42757639.57225713,0.0,5997013.514900001
2025-11-08,33,0.017986228142959467,0.01848682289925597,0.018236525521107716,42239327.88640065,0.0,2814096.343100033
2025-11-08,34,0.01848682289925597,0.018987417655552473,0.01873712027740422,0.0,0.0,0.0
2025-11-08,35,0.018987417655552473,0.019488012411848974,0.019237715033700725,173692340.9781909,0.0,32677161.189999998
2025-11-08,36,0.019488012411848974,0.019988607168145475,0.019738309789997223,17454299.905851718,0.0,1366803.6518
2025-11-08,37,0.019988607168145475,0.02048920192444198,0.020238904546293728,17802258.043251146,0.0,1506945.9588
2025-11-08,38,0.02048920192444198,0.02098979668073848,0.020739499302590232,0.0,0.0,0.0
2025-11-08,39,0.02098979668073848,0.021490391437034982,0.02124009405888673,0.0,0.0,0.0
2025-11-08,40,0.021490391437034982,0.021990986193331483,0.021740688815183234,5140597.178292396,0.0,447416.5732
2025-11-08,41,0.021990986193331483,0.022491580949627984,0.022241283571479732,9900126.068716742,0.0,1738136.014
2025-11-08,42,0.022491580949627984,0.02299217570592449,0.022741878327776237,0.0,0.0,0.0
2025-11-08,43,0.02299217570592449,0.02349277046222099,0.02324247308407274,0.0,0.0,0.0
2025-11-08,44,0.02349277046222099,0.02399336521851749,0.02374306784036924,0.0,0.0,0.0
2025-11-08,45,0.02399336521851749,0.024493959974813996,0.024243662596665744,30925161.7988057,0.0,8551475.782
2025-11-08,46,0.024493959974813996,0.024994554731110497,0.02474425735296225,0.0,0.0,0.0
2025-11-08,47,0.024994554731110497,0.025495149487407,0.025244852109258746,7652411.300007092,0.0,2565408.956
2025-11-08,48,0.025495149487407,0.0259957442437035,0.02574544686555525,0.0,0.0,0.0
2025-11-08,49,0.0259957442437035,0.026496339,0.02624604162185175,18779747.42383444,0.0,5034303.169
2025-11-09,0,0.0014666011851749,0.0019671959414714023,0.0017168985633231513,0.0,0.0,0.0
2025-11-09,1,0.0019671959414714023,0.0024677906977679043,0.0022174933196196533,0.0,0.0,0.0
2025-11-09,2,0.0024677906977679043,0.0029683854540644063,0.0027180880759161553,3233344.15044635,0.0,0.0
2025-11-09,3,0.0029683854540644063,0.0034689802103609084,0.0032186828322126573,21928490.54479601,0.0,0.0
2025-11-09,4,0.0034689802103609084,0.00396957496665741,0.0037192775885091594,3595099.880994724,0.0,0.0
2025-11-09,5,0.00396957496665741,0.004470169722953912,0.004219872344805661,17705875.800152462,0.0,0.0
2025-11-09,6,0.004470169722953912,0.0049707644792504144,0.004720467101102164,25692523.148806155,0.0,0.0
2025-11-09,7,0.0049707644792504144,0.0054713592355469165,0.005221061857398665,42541111.99189091,0.0,0.0
2025-11-09,8,0.0054713592355469165,0.0059719539918434185,0.005721656613695168,9681634.613736348,0.0,0.0
2025-11-09,9,0.0059719539918434185,0.0064725487481399205,0.006222251369991669,0.0,0.0,0.0
2025-11-09,10,0.0064725487481399205,0.0069731435044364225,0.006722846126288172,1041581305.6736308,0.0,40476190.48
2025-11-09,11,0.0069731435044364225,0.007473738260732925,0.007223440882584673,0.0,0.0,0.0
2025-11-09,12,0.007473738260732925,0.007974333017029427,0.007724035638881176,0.0,0.0,0.0
2025-11-09,13,0.007974333017029427,0.008474927773325928,0.008224630395177677,145798424.69054645,0.0,29700130.5097
2025-11-09,14,0.008474927773325928,0.00897552252962243,0.00872522515147418,148060417.00910765,0.0,67644611.19507098
2025-11-09,15,0.00897552252962243,0.009476117285918932,0.009225819907770681,17629176.1032365,0.0,0.0
2025-11-09,16,0.009476117285918932,0.009976712042215433,0.009726414664067182,118843253.05746818,0.0,36214542.5562
2025-11-09,17,0.009976712042215433,0.010477306798511936,0.010227009420363684,73756922.77419439,0.0,42418928.0147
2025-11-09,18,0.010477306798511936,0.010977901554808439,0.010727604176660188,0.0,0.0,0.0
2025-11-09,19,0.010977901554808439,0.01147849631110494,0.01122819893295669,0.0,0.0,0.0
2025-11-09,20,0.01147849631110494,0.011979091067401441,0.01172879368925319,0.0,0.0,0.0
2025-11-09,21,0.011979091067401441,0.012479685823697944,0.012229388445549692,0.0,0.0,0.0
2025-11-09,22,0.012479685823697944,0.012980280579994447,0.012729983201846196,29653858.266915385,0.0,529635.262
2025-11-09,23,0.012980280579994447,0.013480875336290948,0.013230577958142697,16636496.838600252,0.0,462966.4212
2025-11-09,24,0.013480875336290948,0.01398147009258745,0.013731172714439199,0.0,0.0,0.0
2025-11-09,25,0.01398147009258745,0.014482064848883952,0.0142317674707357,87000271.3907784,0.0,55930618.0034
2025-11-09,26,0.014482064848883952,0.014982659605180455,0.014732362227032204,30166460.012469377,0.0,7961729.3822
2025-11-09,27,0.014982659605180455,0.015483254361476956,0.015232956983328706,94505179.30345963,0.0,29578302.099
2025-11-09,28,0.015483254361476956,0.01598384911777346,0.015733551739625207,19069130.218285803,0.0,320934.52665
2025-11-09,29,0.01598384911777346,0.01648444387406996,0.01623414649592171,0.0,0.0,0.0
2025-11-09,30,0.01648444387406996,0.016985038630366465,0.016734741252218212,72131018.6005869,0.0,31178348.362899993
2025-11-09,31,0.016985038630366465,0.017485633386662966,0.017235336008514714,0.0,0.0,0.0
2025-11-09,32,0.017485633386662966,0.017986228142959467,0.01773593076481122,42508485.70456915,0.0,5997013.514900001
2025-11-09,33,0.017986228142959467,0.01848682289925597,0.018236525521107716,40943327.35669365,0.0,1683391.8751
2025-11-09,34,0.01848682289925597,0.018987417655552473,0.01873712027740422,0.0,0.0,0.0
2025-11-09,35,0.018987417655552473,0.019488012411848974,0.019237715033700725,170701400.39023086,0.0,25884842.66400003
2025-11-09,36,0.019488012411848974,0.019988607168145475,0.019738309789997223,17164209.04887635,0.0,1366803.6518
2025-11-09,37,0.019988607168145475,0.02048920192444198,0.020238904546293728,17263055.8589213,0.0,1506945.9588
2025-11-09,38,0.02048920192444198,0.02098979668073848,0.020739499302590232,0.0,0.0,0.0
2025-11-09,39,0.02098979668073848,0.021490391437034982,0.02124009405888673,0.0,0.0,0.0
2025-11-09,40,0.021490391437034982,0.021990986193331483,0.021740688815183234,5100178.002220395,0.0,447416.5732
2025-11-09,41,0.021990986193331483,0.022491580949627984,0.022241283571479732,9841511.149606742,0.0,1738136.014
2025-11-09,42,0.022491580949627984,0.02299217570592449,0.022741878327776237,0.0,0.0,0.0
2025-11-09,43,0.02299217570592449,0.02349277046222099,0.02324247308407274,0.0,0.0,0.0
2025-11-09,44,0.02349277046222099,0.02399336521851749,0.02374306784036924,0.0,0.0,0.0
2025-11-09,45,0.02399336521851749,0.024493959974813996,0.024243662596665744,30674584.9577037,0.0,8551475.782
2025-11-09,46,0.024493959974813996,0.024994554731110497,0.02474425735296225,0.0,0.0,0.0
2025-11-09,47,0.024994554731110497,0.025495149487407,0.025244852109258746,7652231.234848192,0.0,2565408.956
2025-11-09,48,0.025495149487407,0.0259957442437035,0.02574544686555525,0.0,0.0,0.0
2025-11-09,49,0.0259957442437035,0.026496339,0.02624604162185175,18779747.42383444,0.0,5034303.169
2025-11-10,0,0.0014666011851749,0.0019671959414714023,0.0017168985633231513,0.0,0.0,0.0
2025-11-10,1,0.0019671959414714023,0.0024677906977679043,0.0022174933196196533,0.0,0.0,0.0
2025-11-10,2,0.0024677906977679043,0.0029683854540644063,0.0027180880759161553,3233344.15044635,0.0,0.0
2025-11-10,3,0.0029683854540644063,0.0034689802103609084,0.0032186828322126573,21925266.54479601,0.0,0.0
2025-11-10,4,0.0034689802103609084,0.00396957496665741,0.0037192775885091594,3577042.3335447246,0.0,0.0
2025-11-10,5,0.00396957496665741,0.004470169722953912,0.004219872344805661,17705875.800152462,0.0,0.0
2025-11-10,6,0.004470169722953912,0.0049707644792504144,0.004720467101102164,25692045.383504856,0.0,0.0
2025-11-10,7,0.0049707644792504144,0.0054713592355469165,0.005221061857398665,42521679.68161591,0.0,0.0
2025-11-10,8,0.0054713592355469165,0.0059719539918434185,0.005721656613695168,9681634.613736348,0.0,0.0
2025-11-10,9,0.0059719539918434185,0.0064725487481399205,0.006222251369991669,0.0,0.0,0.0
2025-11-10,10,0.0064725487481399205,0.0069731435044364225,0.006722846126288172,1041435360.4938588,0.0,40476190.48
2025-11-10,11,0.0069731435044364225,0.007473738260732925,0.007223440882584673,0.0,0.0,0.0
2025-11-10,12,0.007473738260732925,0.007974333017029427,0.007724035638881176,0.0,0.0,0.0
2025-11-10,13,0.007974333017029427,0.008474927773325928,0.008224630395177677,142434958.84621114,0.0,29700130.5097
2025-11-10,14,0.008474927773325928,0.00897552252962243,0.00872522515147418,196101247.17346942,0.0,79284811.22007099
2025-11-10,15,0.00897552252962243,0.009476117285918932,0.009225819907770681,17629176.1032365,0.0,0.0
2025-11-10,16,0.009476117285918932,0.009976712042215433,0.009726414664067182,110502865.09172736,0.0,35593163.6111
2025-11-10,17,0.009976712042215433,0.010477306798511936,0.010227009420363684,71358971.46276195,0.0,42418928.0147
2025-11-10,18,0.010477306798511936,0.010977901554808439,0.010727604176660188,0.0,0.0,0.0
2025-11-10,19,0.010977901554808439,0.01147849631110494,0.01122819893295669,0.0,0.0,0.0
2025-11-10,20,0.01147849631110494,0.011979091067401441,0.01172879368925319,0.0,0.0,0.0
2025-11-10,21,0.011979091067401441,0.012479685823697944,0.012229388445549692,0.0,0.0,0.0
2025-11-10,22,0.012479685823697944,0.012980280579994447,0.012729983201846196,29582631.010325383,0.0,529635.262
2025-11-10,23,0.012980280579994447,0.013480875336290948,0.013230577958142697,16569042.410744652,0.0,462966.4212
2025-11-10,24,0.013480875336290948,0.01398147009258745,0.013731172714439199,0.0,0.0,0.0
2025-11-10,25,0.01398147009258745,0.014482064848883952,0.0142317674707357,82045553.83510096,0.0,55930618.0034
2025-11-10,26,0.014482064848883952,0.014982659605180455,0.014732362227032204,30100049.367758524,0.0,7961729.3822
2025-11-10,27,0.014982659605180455,0.015483254361476956,0.015232956983328706,94300582.40420197,0.0,29578302.099
2025-11-10,28,0.015483254361476956,0.01598384911777346,0.015733551739625207,19050577.131756403,0.0,320934.52665
2025-11-10,29,0.01598384911777346,0.01648444387406996,0.01623414649592171,0.0,0.0,0.0
2025-11-10,30,0.01648444387406996,0.016985038630366465,0.016734741252218212,71530711.68460132,0.0,31088798.287699994
2025-11-10,31,0.016985038630366465,0.017485633386662966,0.017235336008514714,0.0,0.0,0.0
2025-11-10,32,0.017485633386662966,0.017986228142959467,0.01773593076481122,42282467.32034715,0.0,5997013.514900001
2025-11-10,33,0.017986228142959467,0.01848682289925597,0.018236525521107716,40704646.057527356,0.0,1683391.8751
2025-11-10,34,0.01848682289925597,0.018987417655552473,0.01873712027740422,0.0,0.0,0.0
2025-11-10,35,0.018987417655552473,0.019488012411848974,0.019237715033700725,165216583.85101253,0.0,15592760.41400003
2025-11-10,36,0.019488012411848974,0.019988607168145475,0.019738309789997223,16877657.328109447,0.0,1366803.6518
2025-11-10,37,0.019988607168145475,0.02048920192444198,0.020238904546293728,17072200.1676431,0.0,1506945.9588
2025-11-10,38,0.02048920192444198,0.02098979668073848,0.020739499302590232,0.0,0.0,0.0
2025-11-10,39,0.02098979668073848,0.021490391437034982,0.02124009405888673,0.0,0.0,0.0
2025-11-10,40,0.021490391437034982,0.021990986193331483,0.021740688815183234,5025745.973160395,0.0,447416.5732
2025-11-10,41,0.021990986193331483,0.022491580949627984,0.022241283571479732,9241511.149606742,0.0,1738136.014
2025-11-10,42,0.022491580949627984,0.02299217570592449,0.022741878327776237,0.0,0.0,0.0
2025-11-10,43,0.02299217570592449,0.02349277046222099,0.02324247308407274,0.0,0.0,0.0
2025-11-10,44,0.02349277046222099,0.02399336521851749,0.02374306784036924,0.0,0.0,0.0
2025-11-10,45,0.02399336521851749,0.024493959974813996,0.024243662596665744,30620264.289743695,0.0,8551475.782
2025-11-10,46,0.024493959974813996,0.024994554731110497,0.02474425735296225,0.0,0.0,0.0
2025-11-10,47,0.024994554731110497,0.025495149487407,0.025244852109258746,7651668.121254692,0.0,2565408.956
2025-11-10,48,0.025495149487407,0.0259957442437035,0.02574544686555525,0.0,0.0,0.0
2025-11-10,49,0.0259957442437035,0.026496339,0.02624604162185175,18762031.356364436,0.0,5034303.169
2025-11-11,0,0.0014666011851749,0.0019671959414714023,0.0017168985633231513,0.0,0.0,0.0
2025-11-11,1,0.0019671959414714023,0.0024677906977679043,0.0022174933196196533,0.0,0.0,0.0
2025-11-11,2,0.0024677906977679043,0.0029683854540644063,0.0027180880759161553,3233344.15044635,0.0,0.0
2025-11-11,3,0.0029683854540644063,0.0034689802103609084,0.0032186828322126573,21916039.47940001,0.0,0.0
2025-11-11,4,0.0034689802103609084,0.00396957496665741,0.0037192775885091594,3468527.364594724,0.0,0.0
2025-11-11,5,0.00396957496665741,0.004470169722953912,0.004219872344805661,17535649.677232463,0.0,0.0
2025-11-11,6,0.004470169722953912,0.0049707644792504144,0.004720467101102164,25692045.383504856,0.0,0.0
2025-11-11,7,0.0049707644792504144,0.0054713592355469165,0.005221061857398665,42521439.18426481,0.0,0.0
2025-11-11,8,0.0054713592355469165,0.0059719539918434185,0.005721656613695168,9681634.613736348,0.0,0.0
2025-11-11,9,0.0059719539918434185,0.0064725487481399205,0.006222251369991669,0.0,0.0,0.0
2025-11-11,10,0.0064725487481399205,0.0069731435044364225,0.006722846126288172,1041129794.7324325,0.0,40476190.48
2025-11-11,11,0.0069731435044364225,0.007473738260732925,0.007223440882584673,0.0,0.0,0.0
2025-11-11,12,0.007473738260732925,0.007974333017029427,0.007724035638881176,0.0,0.0,0.0
2025-11-11,13,0.007974333017029427,0.008474927773325928,0.008224630395177677,132941421.20428725,0.0,28916178.759200003
2025-11-11,14,0.008474927773325928,0.00897552252962243,0.00872522515147418,262693866.63687378,0.0,100803835.21007098
2025-11-11,15,0.00897552252962243,0.009476117285918932,0.009225819907770681,17629176.1032365,0.0,0.0
2025-11-11,16,0.009476117285918932,0.009976712042215433,0.009726414664067182,100835841.97026615,0.0,35008391.3796
2025-11-11,17,0.009976712042215433,0.010477306798511936,0.010227009420363684,62907829.36850561,0.0,42418928.0147
2025-11-11,18,0.010477306798511936,0.010977901554808439,0.010727604176660188,0.0,0.0,0.0
2025-11-11,19,0.010977901554808439,0.01147849631110494,0.01122819893295669,0.0,0.0,0.0
2025-11-11,20,0.01147849631110494,0.011979091067401441,0.01172879368925319,0.0,0.0,0.0
2025-11-11,21,0.011979091067401441,0.012479685823697944,0.012229388445549692,0.0,0.0,0.0
2025-11-11,22,0.012479685823697944,0.012980280579994447,0.012729983201846196,29150817.934950475,0.0,529635.262
2025-11-11,23,0.012980280579994447,0.013480875336290948,0.013230577958142697,16474810.71126765,0.0,462966.4212
2025-11-11,24,0.013480875336290948,0.01398147009258745,0.013731172714439199,0.0,0.0,0.0
2025-11-11,25,0.01398147009258745,0.014482064848883952,0.0142317674707357,77579200.07756086,0.0,55930618.0034
2025-11-11,26,0.014482064848883952,0.014982659605180455,0.014732362227032204,29589866.076783326,0.0,7961729.3822
2025-11-11,27,0.014982659605180455,0.015483254361476956,0.015232956983328706,91766289.0336226,0.0,29578302.099
2025-11-11,28,0.015483254361476956,0.01598384911777346,0.015733551739625207,18512521.199922305,0.0,320934.52665
2025-11-11,29,0.01598384911777346,0.01648444387406996,0.01623414649592171,0.0,0.0,0.0
2025-11-11,30,0.01648444387406996,0.016985038630366465,0.016734741252218212,66693115.84149366,0.0,20036756.584700026
2025-11-11,31,0.016985038630366465,0.017485633386662966,0.017235336008514714,0.0,0.0,0.0
2025-11-11,32,0.017485633386662966,0.017986228142959467,0.01773593076481122,41554402.75978644,0.0,5997013.514900001
2025-11-11,33,0.017986228142959467,0.01848682289925597,0.018236525521107716,39802963.10604329,0.0,1683391.8751
2025-11-11,34,0.01848682289925597,0.018987417655552473,0.01873712027740422,0.0,0.0,0.0
2025-11-11,35,0.018987417655552473,0.019488012411848974,0.019237715033700725,158669088.78215095,0.0,4113149.5599999996
2025-11-11,36,0.019488012411848974,0.019988607168145475,0.019738309789997223,16709210.373265347,0.0,1366803.6518
2025-11-11,37,0.019988607168145475,0.02048920192444198,0.020238904546293728,16440954.008648807,0.0,1506945.9588
2025-11-11,38,0.02048920192444198,0.02098979668073848,0.020739499302590232,0.0,0.0,0.0
2025-11-11,39,0.02098979668073848,0.021490391437034982,0.02124009405888673,0.0,0.0,0.0
2025-11-11,40,0.021490391437034982,0.021990986193331483,0.021740688815183234,5024459.653842695,0.0,447416.5732
2025-11-11,41,0.021990986193331483,0.022491580949627984,0.022241283571479732,9241511.149606742,0.0,1738136.014
2025-11-11,42,0.022491580949627984,0.02299217570592449,0.022741878327776237,0.0,0.0,0.0
2025-11-11,43,0.02299217570592449,0.02349277046222099,0.02324247308407274,0.0,0.0,0.0
2025-11-11,44,0.02349277046222099,0.02399336521851749,0.02374306784036924,0.0,0.0,0.0
2025-11-11,45,0.02399336521851749,0.024493959974813996,0.024243662596665744,30493671.804925635,0.0,8551475.782
2025-11-11,46,0.024493959974813996,0.024994554731110497,0.02474425735296225,0.0,0.0,0.0
2025-11-11,47,0.024994554731110497,0.025495149487407,0.025244852109258746,7651668.121254692,0.0,2565408.956
2025-11-11,48,0.025495149487407,0.0259957442437035,0.02574544686555525,0.0,0.0,0.0
2025-11-11,49,0.0259957442437035,0.026496339,0.02624604162185175,18743080.532887436,0.0,5034303.169
2025-11-12,0,0.0014666011851749,0.0019671959414714023,0.0017168985633231513,0.0,0.0,0.0
2025-11-12,1,0.0019671959414714023,0.0024677906977679043,0.0022174933196196533,0.0,0.0,0.0
2025-11-12,2,0.0024677906977679043,0.0029683854540644063,0.0027180880759161553,2633344.15044635,0.0,0.0
2025-11-12,3,0.0029683854540644063,0.0034689802103609084,0.0032186828322126573,21913531.12036081,0.0,0.0
2025-11-12,4,0.0034689802103609084,0.00396957496665741,0.0037192775885091594,3468527.364594724,0.0,0.0
2025-11-12,5,0.00396957496665741,0.004470169722953912,0.004219872344805661,17535649.677232463,0.0,0.0
2025-11-12,6,0.004470169722953912,0.0049707644792504144,0.004720467101102164,25465591.421144854,0.0,0.0
2025-11-12,7,0.0049707644792504144,0.0054713592355469165,0.005221061857398665,42518139.18426481,0.0,0.0
2025-11-12,8,0.0054713592355469165,0.0059719539918434185,0.005721656613695168,9681634.613736348,0.0,0.0
2025-11-12,9,0.0059719539918434185,0.0064725487481399205,0.006222251369991669,0.0,0.0,0.0
2025-11-12,10,0.0064725487481399205,0.0069731435044364225,0.006722846126288172,1040976879.1462358,0.0,40476190.48
2025-11-12,11,0.0069731435044364225,0.007473738260732925,0.007223440882584673,0.0,0.0,0.0
2025-11-12,12,0.007473738260732925,0.007974333017029427,0.007724035638881176,0.0,0.0,0.0
2025-11-12,13,0.007974333017029427,0.008474927773325928,0.008224630395177677,127160379.81369242,0.0,28916178.759200003
2025-11-12,14,0.008474927773325928,0.00897552252962243,0.00872522515147418,245859613.10549438,0.0,99501132.49657099
2025-11-12,15,0.00897552252962243,0.009476117285918932,0.009225819907770681,75951560.43229933,0.0,29553748.0489
2025-11-12,16,0.009476117285918932,0.009976712042215433,0.009726414664067182,95174446.6628475,0.0,35008391.3796
2025-11-12,17,0.009976712042215433,0.010477306798511936,0.010227009420363684,58675678.25369929,0.0,42418928.0147
2025-11-12,18,0.010477306798511936,0.010977901554808439,0.010727604176660188,0.0,0.0,0.0
2025-11-12,19,0.010977901554808439,0.01147849631110494,0.01122819893295669,0.0,0.0,0.0
2025-11-12,20,0.01147849631110494,0.011979091067401441,0.01172879368925319,0.0,0.0,0.0
2025-11-12,21,0.011979091067401441,0.012479685823697944,0.012229388445549692,0.0,0.0,0.0
2025-11-12,22,0.012479685823697944,0.012980280579994447,0.012729983201846196,28832908.261739478,0.0,529635.262
2025-11-12,23,0.012980280579994447,0.013480875336290948,0.013230577958142697,15430115.899240648,0.0,462966.4212
2025-11-12,24,0.013480875336290948,0.01398147009258745,0.013731172714439199,0.0,0.0,0.0
2025-11-12,25,0.01398147009258745,0.014482064848883952,0.0142317674707357,76934897.38782816,0.0,55930618.0034
2025-11-12,26,0.014482064848883952,0.014982659605180455,0.014732362227032204,29571456.632031325,0.0,7961729.3822
2025-11-12,27,0.014982659605180455,0.015483254361476956,0.015232956983328706,90940777.9081747,0.0,23079443.606799994
2025-11-12,28,0.015483254361476956,0.01598384911777346,0.015733551739625207,17934996.641628902,0.0,320934.52665
2025-11-12,29,0.01598384911777346,0.01648444387406996,0.01623414649592171,0.0,0.0,0.0
2025-11-12,30,0.01648444387406996,0.016985038630366465,0.016734741252218212,63987203.240691625,0.0,6125029.461900031
2025-11-12,31,0.016985038630366465,0.017485633386662966,0.017235336008514714,0.0,0.0,0.0
2025-11-12,32,0.017485633386662966,0.017986228142959467,0.01773593076481122,40614903.69297434,0.0,5997013.514900001
2025-11-12,33,0.017986228142959467,0.01848682289925597,0.018236525521107716,39643668.20917959,0.0,1683391.8751
2025-11-12,34,0.01848682289925597,0.018987417655552473,0.01873712027740422,0.0,0.0,0.0
2025-11-12,35,0.018987417655552473,0.019488012411848974,0.019237715033700725,152211681.51468432,0.0,4113149.5599999996
2025-11-12,36,0.019488012411848974,0.019988607168145475,0.019738309789997223,16630740.934766134,0.0,1366803.6518
2025-11-12,37,0.019988607168145475,0.02048920192444198,0.020238904546293728,16404102.157232018,0.0,1506945.9588
2025-11-12,38,0.02048920192444198,0.02098979668073848,0.020739499302590232,0.0,0.0,0.0
2025-11-12,39,0.02098979668073848,0.021490391437034982,0.02124009405888673,0.0,0.0,0.0
2025-11-12,40,0.021490391437034982,0.021990986193331483,0.021740688815183234,4989798.537211195,0.0,447416.5732
2025-11-12,41,0.021990986193331483,0.022491580949627984,0.022241283571479732,9112840.779970743,0.0,1738136.014
2025-11-12,42,0.022491580949627984,0.02299217570592449,0.022741878327776237,0.0,0.0,0.0
2025-11-12,43,0.02299217570592449,0.02349277046222099,0.02324247308407274,0.0,0.0,0.0
2025-11-12,44,0.02349277046222099,0.02399336521851749,0.02374306784036924,0.0,0.0,0.0
2025-11-12,45,0.02399336521851749,0.024493959974813996,0.024243662596665744,30311296.620545633,0.0,8551475.782
2025-11-12,46,0.024493959974813996,0.024994554731110497,0.02474425735296225,0.0,0.0,0.0
2025-11-12,47,0.024994554731110497,0.025495149487407,0.025244852109258746,7379614.236854693,0.0,2565408.956
2025-11-12,48,0.025495149487407,0.0259957442437035,0.02574544686555525,0.0,0.0,0.0
2025-11-12,49,0.0259957442437035,0.026496339,0.02624604162185175,18463045.361877434,0.0,5034303.169
2025-11-13,0,0.0014666011851749,0.0019671959414714023,0.0017168985633231513,0.0,0.0,0.0
2025-11-13,1,0.0019671959414714023,0.0024677906977679043,0.0022174933196196533,0.0,0.0,0.0
2025-11-13,2,0.0024677906977679043,0.0029683854540644063,0.0027180880759161553,2053640.8372063497,0.0,0.0
2025-11-13,3,0.0029683854540644063,0.0034689802103609084,0.0032186828322126573,21913531.12036081,0.0,0.0
2025-11-13,4,0.0034689802103609084,0.00396957496665741,0.0037192775885091594,3287521.6781647243,0.0,0.0
2025-11-13,5,0.00396957496665741,0.004470169722953912,0.004219872344805661,17493425.75500246,0.0,0.0
2025-11-13,6,0.004470169722953912,0.0049707644792504144,0.004720467101102164,25465579.570536155,0.0,0.0
2025-11-13,7,0.0049707644792504144,0.0054713592355469165,0.005221061857398665,42473258.987889804,0.0,0.0
2025-11-13,8,0.0054713592355469165,0.0059719539918434185,0.005721656613695168,9681634.613736348,0.0,0.0
2025-11-13,9,0.0059719539918434185,0.0064725487481399205,0.006222251369991669,0.0,0.0,0.0
2025-11-13,10,0.0064725487481399205,0.0069731435044364225,0.006722846126288172,1040714823.3313955,0.0,40476190.48
2025-11-13,11,0.0069731435044364225,0.007473738260732925,0.007223440882584673,126333868.58873291,0.0,33056312.8451
2025-11-13,12,0.007473738260732925,0.007974333017029427,0.007724035638881176,0.0,0.0,0.0
2025-11-13,13,0.007974333017029427,0.008474927773325928,0.008224630395177677,116432126.67762175,0.0,28412152.788099997
2025-11-13,14,0.008474927773325928,0.00897552252962243,0.00872522515147418,224486868.91103527,0.0,96613273.88727099
2025-11-13,15,0.00897552252962243,0.009476117285918932,0.009225819907770681,58905409.9087798,0.0,29553748.0489
2025-11-13,16,0.009476117285918932,0.009976712042215433,0.009726414664067182,84360586.95709682,0.0,32654525.2038
2025-11-13,17,0.009976712042215433,0.010477306798511936,0.010227009420363684,52240896.121613696,0.0,41797738.2871
2025-11-13,18,0.010477306798511936,0.010977901554808439,0.010727604176660188,0.0,0.0,0.0
2025-11-13,19,0.010977901554808439,0.01147849631110494,0.01122819893295669,0.0,0.0,0.0
2025-11-13,20,0.01147849631110494,0.011979091067401441,0.01172879368925319,0.0,0.0,0.0
2025-11-13,21,0.011979091067401441,0.012479685823697944,0.012229388445549692,0.0,0.0,0.0
2025-11-13,22,0.012479685823697944,0.012980280579994447,0.012729983201846196,28283104.605239473,0.0,529635.262
2025-11-13,23,0.012980280579994447,0.013480875336290948,0.013230577958142697,15304678.63735065,0.0,462966.4212
2025-11-13,24,0.013480875336290948,0.01398147009258745,0.013731172714439199,0.0,0.0,0.0
2025-11-13,25,0.01398147009258745,0.014482064848883952,0.0142317674707357,72565292.8850139,0.0,47021367.845400006
2025-11-13,26,0.014482064848883952,0.014982659605180455,0.014732362227032204,29329157.134245623,0.0,6878520.6732
2025-11-13,27,0.014982659605180455,0.015483254361476956,0.015232956983328706,86732088.59780225,0.0,4550079.386000032
2025-11-13,28,0.015483254361476956,0.01598384911777346,0.015733551739625207,17362198.253183503,0.0,320934.52665
2025-11-13,29,0.01598384911777346,0.01648444387406996,0.01623414649592171,0.0,0.0,0.0
2025-11-13,30,0.01648444387406996,0.016985038630366465,0.016734741252218212,60052767.813979715,0.0,3076333.1029000003
2025-11-13,31,0.016985038630366465,0.017485633386662966,0.017235336008514714,0.0,0.0,0.0
2025-11-13,32,0.017485633386662966,0.017986228142959467,0.01773593076481122,39859351.11933518,0.0,5997013.514900001
2025-11-13,33,0.017986228142959467,0.01848682289925597,0.018236525521107716,39572261.53643106,0.0,1683391.8751
2025-11-13,34,0.01848682289925597,0.018987417655552473,0.01873712027740422,0.0,0.0,0.0
2025-11-13,35,0.018987417655552473,0.019488012411848974,0.019237715033700725,144350741.93987682,0.0,4113149.5599999996
2025-11-13,36,0.019488012411848974,0.019988607168145475,0.019738309789997223,16598760.468639972,0.0,1366803.6518
2025-11-13,37,0.019988607168145475,0.02048920192444198,0.020238904546293728,16330889.125700805,0.0,1506945.9588
2025-11-13,38,0.02048920192444198,0.02098979668073848,0.020739499302590232,0.0,0.0,0.0
2025-11-13,39,0.02098979668073848,0.021490391437034982,0.02124009405888673,0.0,0.0,0.0
2025-11-13,40,0.021490391437034982,0.021990986193331483,0.021740688815183234,4951452.398170894,0.0,447416.5732
2025-11-13,41,0.021990986193331483,0.022491580949627984,0.022241283571479732,9112840.779970743,0.0,1738136.014
2025-11-13,42,0.022491580949627984,0.02299217570592449,0.022741878327776237,0.0,0.0,0.0
2025-11-13,43,0.02299217570592449,0.02349277046222099,0.02324247308407274,0.0,0.0,0.0
2025-11-13,44,0.02349277046222099,0.02399336521851749,0.02374306784036924,0.0,0.0,0.0
2025-11-13,45,0.02399336521851749,0.024493959974813996,0.024243662596665744,29990530.867848694,0.0,8551475.782
2025-11-13,46,0.024493959974813996,0.024994554731110497,0.02474425735296225,0.0,0.0,0.0
2025-11-13,47,0.024994554731110497,0.025495149487407,0.025244852109258746,7379480.551043793,0.0,2565408.956
2025-11-13,48,0.025495149487407,0.0259957442437035,0.02574544686555525,0.0,0.0,0.0
2025-11-13,49,0.0259957442437035,0.026496339,0.02624604162185175,17967580.532567434,0.0,5034303.169
2025-11-14,0,0.0014666011851749,0.0019671959414714023,0.0017168985633231513,0.0,0.0,0.0
2025-11-14,1,0.0019671959414714023,0.0024677906977679043,0.0022174933196196533,0.0,0.0,0.0
2025-11-14,2,0.0024677906977679043,0.0029683854540644063,0.0027180880759161553,2053640.8372063497,0.0,0.0
2025-11-14,3,0.0029683854540644063,0.0034689802103609084,0.0032186828322126573,21772789.72639181,0.0,0.0
2025-11-14,4,0.0034689802103609084,0.00396957496665741,0.0037192775885091594,3287521.678154724,0.0,0.0
2025-11-14,5,0.00396957496665741,0.004470169722953912,0.004219872344805661,17480154.14244246,0.0,0.0
2025-11-14,6,0.004470169722953912,0.0049707644792504144,0.004720467101102164,25465550.249452323,0.0,0.0
2025-11-14,7,0.0049707644792504144,0.0054713592355469165,0.005221061857398665,42351224.777777806,0.0,0.0
2025-11-14,8,0.0054713592355469165,0.0059719539918434185,0.005721656613695168,9646806.434145348,0.0,0.0
2025-11-14,9,0.0059719539918434185,0.0064725487481399205,0.006222251369991669,0.0,0.0,0.0
2025-11-14,10,0.0064725487481399205,0.0069731435044364225,0.006722846126288172,1039720155.8262601,0.0,40476190.48
2025-11-14,11,0.0069731435044364225,0.007473738260732925,0.007223440882584673,227054723.6676459,0.0,77748945.15540001
2025-11-14,12,0.007473738260732925,0.007974333017029427,0.007724035638881176,0.0,0.0,0.0
2025-11-14,13,0.007974333017029427,0.008474927773325928,0.008224630395177677,105661618.35344763,0.0,28262356.799900003
2025-11-14,14,0.008474927773325928,0.00897552252962243,0.00872522515147418,192465681.06370017,0.0,94806150.67707099
2025-11-14,15,0.00897552252962243,0.009476117285918932,0.009225819907770681,51054162.11783511,0.0,28815305.1844
2025-11-14,16,0.009476117285918932,0.009976712042215433,0.009726414664067182,71871518.3330557,0.0,32654525.2038
2025-11-14,17,0.009976712042215433,0.010477306798511936,0.010227009420363684,49934975.87353014,0.0,41797738.2871
2025-11-14,18,0.010477306798511936,0.010977901554808439,0.010727604176660188,0.0,0.0,0.0
2025-11-14,19,0.010977901554808439,0.01147849631110494,0.01122819893295669,0.0,0.0,0.0
2025-11-14,20,0.01147849631110494,0.011979091067401441,0.01172879368925319,0.0,0.0,0.0
2025-11-14,21,0.011979091067401441,0.012479685823697944,0.012229388445549692,0.0,0.0,0.0
2025-11-14,22,0.012479685823697944,0.012980280579994447,0.012729983201846196,27955463.627995186,0.0,529635.262
2025-11-14,23,0.012980280579994447,0.013480875336290948,0.013230577958142697,15301098.87513122,0.0,462966.4212
2025-11-14,24,0.013480875336290948,0.01398147009258745,0.013731172714439199,0.0,0.0,0.0
2025-11-14,25,0.01398147009258745,0.014482064848883952,0.0142317674707357,67989151.1906138,0.0,14411279.625400025
2025-11-14,26,0.014482064848883952,0.014982659605180455,0.014732362227032204,28729061.796491627,0.0,3035175.2822
2025-11-14,27,0.014982659605180455,0.015483254361476956,0.015232956983328706,85636187.01437686,0.0,2100828.477
2025-11-14,28,0.015483254361476956,0.01598384911777346,0.015733551739625207,15666765.723435005,0.0,320934.52665
2025-11-14,29,0.01598384911777346,0.01648444387406996,0.01623414649592171,0.0,0.0,0.0
2025-11-14,30,0.01648444387406996,0.016985038630366465,0.016734741252218212,57639726.04689283,0.0,3076333.1029000003
2025-11-14,31,0.016985038630366465,0.017485633386662966,0.017235336008514714,0.0,0.0,0.0
2025-11-14,32,0.017485633386662966,0.017986228142959467,0.01773593076481122,39654078.2995195,0.0,5997013.514900001
2025-11-14,33,0.017986228142959467,0.01848682289925597,0.018236525521107716,38255132.84927471,0.0,1683391.8751
2025-11-14,34,0.01848682289925597,0.018987417655552473,0.01873712027740422,0.0,0.0,0.0
2025-11-14,35,0.018987417655552473,0.019488012411848974,0.019237715033700725,144091499.28066474,0.0,4113149.5599999996
2025-11-14,36,0.019488012411848974,0.019988607168145475,0.019738309789997223,16543442.45192411,0.0,1366803.6518
2025-11-14,37,0.019988607168145475,0.02048920192444198,0.020238904546293728,15751245.404865535,0.0,1506945.9588
2025-11-14,38,0.02048920192444198,0.02098979668073848,0.020739499302590232,0.0,0.0,0.0
2025-11-14,39,0.02098979668073848,0.021490391437034982,0.02124009405888673,0.0,0.0,0.0
2025-11-14,40,0.021490391437034982,0.021990986193331483,0.021740688815183234,4939947.829011895,0.0,447416.5732
2025-11-14,41,0.021990986193331483,0.022491580949627984,0.022241283571479732,9106038.902169742,0.0,1738136.014
2025-11-14,42,0.022491580949627984,0.02299217570592449,0.022741878327776237,0.0,0.0,0.0
2025-11-14,43,0.02299217570592449,0.02349277046222099,0.02324247308407274,0.0,0.0,0.0
2025-11-14,44,0.02349277046222099,0.02399336521851749,0.02374306784036924,0.0,0.0,0.0
2025-11-14,45,0.02399336521851749,0.024493959974813996,0.024243662596665744,29932927.637430195,0.0,8551475.782
2025-11-14,46,0.024493959974813996,0.024994554731110497,0.02474425735296225,0.0,0.0,0.0
2025-11-14,47,0.024994554731110497,0.025495149487407,0.025244852109258746,7379480.551043793,0.0,2565408.956
2025-11-14,48,0.025495149487407,0.0259957442437035,0.02574544686555525,0.0,0.0,0.0
2025-11-14,49,0.0259957442437035,0.026496339,0.02624604162185175,17839989.322817434,0.0,5034303.169
2025-11-15,0,0.0014666011851749,0.0019671959414714023,0.0017168985633231513,0.0,0.0,0.0
2025-11-15,1,0.0019671959414714023,0.0024677906977679043,0.0022174933196196533,0.0,0.0,0.0
2025-11-15,2,0.0024677906977679043,0.0029683854540644063,0.0027180880759161553,2053640.8372063497,0.0,0.0
2025-11-15,3,0.0029683854540644063,0.0034689802103609084,0.0032186828322126573,21772789.72639181,0.0,0.0
2025-11-15,4,0.0034689802103609084,0.00396957496665741,0.0037192775885091594,3254614.8398947236,0.0,0.0
2025-11-15,5,0.00396957496665741,0.004470169722953912,0.004219872344805661,17480154.14244246,0.0,0.0
2025-11-15,6,0.004470169722953912,0.0049707644792504144,0.004720467101102164,25444231.919873927,0.0,0.0
2025-11-15,7,0.0049707644792504144,0.0054713592355469165,0.005221061857398665,42333356.02701781,0.0,0.0
2025-11-15,8,0.0054713592355469165,0.0059719539918434185,0.005721656613695168,9646806.434145348,0.0,0.0
2025-11-15,9,0.0059719539918434185,0.0064725487481399205,0.006222251369991669,21791604.16672165,0.0,7837908.620399999
2025-11-15,10,0.0064725487481399205,0.0069731435044364225,0.006722846126288172,1039630835.2858545,0.0,40476190.48
2025-11-15,11,0.0069731435044364225,0.007473738260732925,0.007223440882584673,218279936.06911764,0.0,77633519.0914
2025-11-15,12,0.007473738260732925,0.007974333017029427,0.007724035638881176,0.0,0.0,0.0
2025-11-15,13,0.007974333017029427,0.008474927773325928,0.008224630395177677,103582350.61999184,0.0,28262356.799900003
2025-11-15,14,0.008474927773325928,0.00897552252962243,0.00872522515147418,189868537.36714196,0.0,94672783.02887098
2025-11-15,15,0.00897552252962243,0.009476117285918932,0.009225819907770681,48998603.661663406,0.0,28815305.1844
2025-11-15,16,0.009476117285918932,0.009976712042215433,0.009726414664067182,70163108.01075271,0.0,32654525.2038
2025-11-15,17,0.009976712042215433,0.010477306798511936,0.010227009420363684,49834204.7480113,0.0,41797738.2871
2025-11-15,18,0.010477306798511936,0.010977901554808439,0.010727604176660188,0.0,0.0,0.0
2025-11-15,19,0.010977901554808439,0.01147849631110494,0.01122819893295669,0.0,0.0,0.0
2025-11-15,20,0.01147849631110494,0.011979091067401441,0.01172879368925319,0.0,0.0,0.0
2025-11-15,21,0.011979091067401441,0.012479685823697944,0.012229388445549692,0.0,0.0,0.0
2025-11-15,22,0.012479685823697944,0.012980280579994447,0.012729983201846196,27955463.627995186,0.0,529635.262
2025-11-15,23,0.012980280579994447,0.013480875336290948,0.013230577958142697,15297915.76468322,0.0,462966.4212
2025-11-15,24,0.013480875336290948,0.01398147009258745,0.013731172714439199,0.0,0.0,0.0
2025-11-15,25,0.01398147009258745,0.014482064848883952,0.0142317674707357,66668549.09476882,0.0,6899803.492400026
2025-11-15,26,0.014482064848883952,0.014982659605180455,0.014732362227032204,28723871.49548163,0.0,3035175.2822
2025-11-15,27,0.014982659605180455,0.015483254361476956,0.015232956983328706,85489386.48293689,0.0,2100828.477
2025-11-15,28,0.015483254361476956,0.01598384911777346,0.015733551739625207,15658380.723435005,0.0,320934.52665
2025-11-15,29,0.01598384911777346,0.01648444387406996,0.01623414649592171,0.0,0.0,0.0
2025-11-15,30,0.01648444387406996,0.016985038630366465,0.016734741252218212,57574584.86161683,0.0,3076333.1029000003
2025-11-15,31,0.016985038630366465,0.017485633386662966,0.017235336008514714,0.0,0.0,0.0
2025-11-15,32,0.017485633386662966,0.017986228142959467,0.01773593076481122,39585387.015334606,0.0,5997013.514900001
2025-11-15,33,0.017986228142959467,0.01848682289925597,0.018236525521107716,37993152.04066471,0.0,1683391.8751
2025-11-15,34,0.01848682289925597,0.018987417655552473,0.01873712027740422,0.0,0.0,0.0
2025-11-15,35,0.018987417655552473,0.019488012411848974,0.019237715033700725,143999169.20585474,0.0,4113149.5599999996
2025-11-15,36,0.019488012411848974,0.019988607168145475,0.019738309789997223,16482567.077351106,0.0,1366803.6518
2025-11-15,37,0.019988607168145475,0.02048920192444198,0.020238904546293728,15727579.035405535,0.0,1506945.9588
2025-11-15,38,0.02048920192444198,0.02098979668073848,0.020739499302590232,0.0,0.0,0.0
2025-11-15,39,0.02098979668073848,0.021490391437034982,0.02124009405888673,0.0,0.0,0.0
2025-11-15,40,0.021490391437034982,0.021990986193331483,0.021740688815183234,4919242.352801894,0.0,447416.5732
2025-11-15,41,0.021990986193331483,0.022491580949627984,0.022241283571479732,9106038.902169742,0.0,1738136.014
2025-11-15,42,0.022491580949627984,0.02299217570592449,0.022741878327776237,0.0,0.0,0.0
2025-11-15,43,0.02299217570592449,0.02349277046222099,0.02324247308407274,0.0,0.0,0.0
2025-11-15,44,0.02349277046222099,0.02399336521851749,0.02374306784036924,0.0,0.0,0.0
2025-11-15,45,0.02399336521851749,0.024493959974813996,0.024243662596665744,29932420.488609795,0.0,8551475.782
2025-11-15,46,0.024493959974813996,0.024994554731110497,0.02474425735296225,0.0,0.0,0.0
2025-11-15,47,0.024994554731110497,0.025495149487407,0.025244852109258746,7375139.172933793,0.0,2565408.956
2025-11-15,48,0.025495149487407,0.0259957442437035,0.02574544686555525,0.0,0.0,0.0
2025-11-15,49,0.0259957442437035,0.026496339,0.02624604162185175,17839989.322817434,0.0,5034303.169
2025-11-16,0,0.0014666011851749,0.0019671959414714023,0.0017168985633231513,0.0,0.0,0.0
2025-11-16,1,0.0019671959414714023,0.0024677906977679043,0.0022174933196196533,0.0,0.0,0.0
2025-11-16,2,0.0024677906977679043,0.0029683854540644063,0.0027180880759161553,2052385.7834773497,0.0,0.0
2025-11-16,3,0.0029683854540644063,0.0034689802103609084,0.0032186828322126573,21772789.72639181,0.0,0.0
2025-11-16,4,0.0034689802103609084,0.00396957496665741,0.0037192775885091594,3245614.8398947236,0.0,0.0
2025-11-16,5,0.00396957496665741,0.004470169722953912,0.004219872344805661,17332427.98869246,0.0,0.0
2025-11-16,6,0.004470169722953912,0.0049707644792504144,0.004720467101102164,25444231.919873927,0.0,0.0
2025-11-16,7,0.0049707644792504144,0.0054713592355469165,0.005221061857398665,42312519.587869085,0.0,0.0
2025-11-16,8,0.0054713592355469165,0.0059719539918434185,0.005721656613695168,9603161.47985535,0.0,0.0
2025-11-16,9,0.0059719539918434185,0.0064725487481399205,0.006222251369991669,74220392.20201293,0.0,29112825.879545003
2025-11-16,10,0.0064725487481399205,0.0069731435044364225,0.006722846126288172,1035811185.9984915,0.0,40476190.48
2025-11-16,11,0.0069731435044364225,0.007473738260732925,0.007223440882584673,204281628.62755623,0.0,77093895.0422
2025-11-16,12,0.007473738260732925,0.007974333017029427,0.007724035638881176,0.0,0.0,0.0
2025-11-16,13,0.007974333017029427,0.008474927773325928,0.008224630395177677,102575934.60700884,0.0,28262356.799900003
2025-11-16,14,0.008474927773325928,0.00897552252962243,0.00872522515147418,184087734.99979898,0.0,93694060.85603015
2025-11-16,15,0.00897552252962243,0.009476117285918932,0.009225819907770681,43895558.52226029,0.0,28815305.1844
2025-11-16,16,0.009476117285918932,0.009976712042215433,0.009726414664067182,68622225.01967193,0.0,32654525.2038
2025-11-16,17,0.009976712042215433,0.010477306798511936,0.010227009420363684,48743588.81932639,0.0,26640525.544100028
2025-11-16,18,0.010477306798511936,0.010977901554808439,0.010727604176660188,0.0,0.0,0.0
2025-11-16,19,0.010977901554808439,0.01147849631110494,0.01122819893295669,0.0,0.0,0.0
2025-11-16,20,0.01147849631110494,0.011979091067401441,0.01172879368925319,0.0,0.0,0.0
2025-11-16,21,0.011979091067401441,0.012479685823697944,0.012229388445549692,0.0,0.0,0.0
2025-11-16,22,0.012479685823697944,0.012980280579994447,0.012729983201846196,27494511.211522385,0.0,529635.262
2025-11-16,23,0.012980280579994447,0.013480875336290948,0.013230577958142697,15279102.40821322,0.0,462966.4212
2025-11-16,24,0.013480875336290948,0.01398147009258745,0.013731172714439199,0.0,0.0,0.0
2025-11-16,25,0.01398147009258745,0.014482064848883952,0.0142317674707357,64224401.79843694,0.0,3828048.6454
2025-11-16,26,0.014482064848883952,0.014982659605180455,0.014732362227032204,28297645.667176284,0.0,3035175.2822
2025-11-16,27,0.014982659605180455,0.015483254361476956,0.015232956983328706,85252176.49851318,0.0,2100828.477
2025-11-16,28,0.015483254361476956,0.01598384911777346,0.015733551739625207,14916969.281652505,0.0,320934.52665
2025-11-16,29,0.01598384911777346,0.01648444387406996,0.01623414649592171,0.0,0.0,0.0
2025-11-16,30,0.01648444387406996,0.016985038630366465,0.016734741252218212,57156828.84566183,0.0,3076333.1029000003
2025-11-16,31,0.016985038630366465,0.017485633386662966,0.017235336008514714,0.0,0.0,0.0
2025-11-16,32,0.017485633386662966,0.017986228142959467,0.01773593076481122,39581797.346969604,0.0,5997013.514900001
2025-11-16,33,0.017986228142959467,0.01848682289925597,0.018236525521107716,37686025.67517068,0.0,1683391.8751
2025-11-16,34,0.01848682289925597,0.018987417655552473,0.01873712027740422,0.0,0.0,0.0
2025-11-16,35,0.018987417655552473,0.019488012411848974,0.019237715033700725,138990389.7133072,0.0,4113149.5599999996
2025-11-16,36,0.019488012411848974,0.019988607168145475,0.019738309789997223,15953360.47960811,0.0,1366803.6518
2025-11-16,37,0.019988607168145475,0.02048920192444198,0.020238904546293728,15615243.009742534,0.0,1506945.9588
2025-11-16,38,0.02048920192444198,0.02098979668073848,0.020739499302590232,0.0,0.0,0.0
2025-11-16,39,0.02098979668073848,0.021490391437034982,0.02124009405888673,0.0,0.0,0.0
2025-11-16,40,0.021490391437034982,0.021990986193331483,0.021740688815183234,4703871.554485494,0.0,447416.5732
2025-11-16,41,0.021990986193331483,0.022491580949627984,0.022241283571479732,8814743.857569741,0.0,1738136.014
2025-11-16,42,0.022491580949627984,0.02299217570592449,0.022741878327776237,0.0,0.0,0.0
2025-11-16,43,0.02299217570592449,0.02349277046222099,0.02324247308407274,0.0,0.0,0.0
2025-11-16,44,0.02349277046222099,0.02399336521851749,0.02374306784036924,0.0,0.0,0.0
2025-11-16,45,0.02399336521851749,0.024493959974813996,0.024243662596665744,29926099.952292453,0.0,8551475.782
2025-11-16,46,0.024493959974813996,0.024994554731110497,0.02474425735296225,0.0,0.0,0.0
2025-11-16,47,0.024994554731110497,0.025495149487407,0.025244852109258746,7359669.330164794,0.0,2565408.956
2025-11-16,48,0.025495149487407,0.0259957442437035,0.02574544686555525,0.0,0.0,0.0
2025-11-16,49,0.0259957442437035,0.026496339,0.02624604162185175,17796199.844677433,0.0,5034303.169
2025-11-17,0,0.0014666011851749,0.0019671959414714023,0.0017168985633231513,0.0,0.0,0.0
2025-11-17,1,0.0019671959414714023,0.0024677906977679043,0.0022174933196196533,0.0,0.0,0.0
2025-11-17,2,0.0024677906977679043,0.0029683854540644063,0.0027180880759161553,2052385.7834773497,0.0,0.0
2025-11-17,3,0.0029683854540644063,0.0034689802103609084,0.0032186828322126573,21768177.72867481,0.0,0.0
2025-11-17,4,0.0034689802103609084,0.00396957496665741,0.0037192775885091594,3245614.8398947236,0.0,0.0
2025-11-17,5,0.00396957496665741,0.004470169722953912,0.004219872344805661,17332427.98869246,0.0,0.0
2025-11-17,6,0.004470169722953912,0.0049707644792504144,0.004720467101102164,25444217.152825557,0.0,0.0
2025-11-17,7,0.0049707644792504144,0.0054713592355469165,0.005221061857398665,42236101.45900908,0.0,0.0
2025-11-17,8,0.0054713592355469165,0.0059719539918434185,0.005721656613695168,68566934.09717117,0.0,11075366.235405
2025-11-17,9,0.0059719539918434185,0.0064725487481399205,0.006222251369991669,72389003.62214702,0.0,29112825.879545003
2025-11-17,10,0.0064725487481399205,0.0069731435044364225,0.006722846126288172,1035305377.026395,0.0,40476190.48
2025-11-17,11,0.0069731435044364225,0.007473738260732925,0.007223440882584673,178285844.91496518,0.0,76673561.0367
2025-11-17,12,0.007473738260732925,0.007974333017029427,0.007724035638881176,0.0,0.0,0.0
2025-11-17,13,0.007974333017029427,0.008474927773325928,0.008224630395177677,101206240.39618517,0.0,28262356.799900003
2025-11-17,14,0.008474927773325928,0.00897552252962243,0.00872522515147418,180549353.82494193,0.0,91135204.218071
2025-11-17,15,0.00897552252962243,0.009476117285918932,0.009225819907770681,40324045.00840149,0.0,21107893.247659154
2025-11-17,16,0.009476117285918932,0.009976712042215433,0.009726414664067182,68271761.26141743,0.0,32654525.2038
2025-11-17,17,0.009976712042215433,0.010477306798511936,0.010227009420363684,45738215.64632641,0.0,17116248.37910003
2025-11-17,18,0.010477306798511936,0.010977901554808439,0.010727604176660188,0.0,0.0,0.0
2025-11-17,19,0.010977901554808439,0.01147849631110494,0.01122819893295669,0.0,0.0,0.0
2025-11-17,20,0.01147849631110494,0.011979091067401441,0.01172879368925319,0.0,0.0,0.0
2025-11-17,21,0.011979091067401441,0.012479685823697944,0.012229388445549692,0.0,0.0,0.0
2025-11-17,22,0.012479685823697944,0.012980280579994447,0.012729983201846196,27405867.8907492,0.0,529635.262
2025-11-17,23,0.012980280579994447,0.013480875336290948,0.013230577958142697,13561468.24210682,0.0,462966.4212
2025-11-17,24,0.013480875336290948,0.01398147009258745,0.013731172714439199,0.0,0.0,0.0
2025-11-17,25,0.01398147009258745,0.014482064848883952,0.0142317674707357,61108410.6111623,0.0,3828048.6454
2025-11-17,26,0.014482064848883952,0.014982659605180455,0.014732362227032204,28214559.3109754,0.0,3035175.2822
2025-11-17,27,0.014982659605180455,0.015483254361476956,0.015232956983328706,85122090.24427477,0.0,2100828.477
2025-11-17,28,0.015483254361476956,0.01598384911777346,0.015733551739625207,14862800.78783362,0.0,320934.52665
2025-11-17,29,0.01598384911777346,0.01648444387406996,0.01623414649592171,0.0,0.0,0.0
2025-11-17,30,0.01648444387406996,0.016985038630366465,0.016734741252218212,57106472.63165213,0.0,3076333.1029000003
2025-11-17,31,0.016985038630366465,0.017485633386662966,0.017235336008514714,0.0,0.0,0.0
2025-11-17,32,0.017485633386662966,0.017986228142959467,0.01773593076481122,39325773.37094746,0.0,5997013.514900001
2025-11-17,33,0.017986228142959467,0.01848682289925597,0.018236525521107716,37597653.57147035,0.0,1683391.8751
2025-11-17,34,0.01848682289925597,0.018987417655552473,0.01873712027740422,0.0,0.0,0.0
2025-11-17,35,0.018987417655552473,0.019488012411848974,0.019237715033700725,138555125.91687426,0.0,4113149.5599999996
2025-11-17,36,0.019488012411848974,0.019988607168145475,0.019738309789997223,15951390.110982003,0.0,1366803.6518
2025-11-17,37,0.019988607168145475,0.02048920192444198,0.020238904546293728,15610440.82384225,0.0,1506945.9588
2025-11-17,38,0.02048920192444198,0.02098979668073848,0.020739499302590232,0.0,0.0,0.0
2025-11-17,39,0.02098979668073848,0.021490391437034982,0.02124009405888673,0.0,0.0,0.0
2025-11-17,40,0.021490391437034982,0.021990986193331483,0.021740688815183234,4622787.232434962,0.0,447416.5732
2025-11-17,41,0.021990986193331483,0.022491580949627984,0.022241283571479732,8814743.857569741,0.0,1738136.014
2025-11-17,42,0.022491580949627984,0.02299217570592449,0.022741878327776237,0.0,0.0,0.0
2025-11-17,43,0.02299217570592449,0.02349277046222099,0.02324247308407274,0.0,0.0,0.0
2025-11-17,44,0.02349277046222099,0.02399336521851749,0.02374306784036924,0.0,0.0,0.0
2025-11-17,45,0.02399336521851749,0.024493959974813996,0.024243662596665744,29845245.014831353,0.0,8551475.782
2025-11-17,46,0.024493959974813996,0.024994554731110497,0.02474425735296225,0.0,0.0,0.0
2025-11-17,47,0.024994554731110497,0.025495149487407,0.025244852109258746,7359669.330164794,0.0,2565408.956
2025-11-17,48,0.025495149487407,0.0259957442437035,0.02574544686555525,0.0,0.0,0.0
2025-11-17,49,0.0259957442437035,0.026496339,0.02624604162185175,17696043.643957436,0.0,5034303.169
2025-11-18,0,0.0014666011851749,0.0019671959414714023,0.0017168985633231513,0.0,0.0,0.0
2025-11-18,1,0.0019671959414714023,0.0024677906977679043,0.0022174933196196533,0.0,0.0,0.0
2025-11-18,2,0.0024677906977679043,0.0029683854540644063,0.0027180880759161553,2052385.7834773497,0.0,0.0
2025-11-18,3,0.0029683854540644063,0.0034689802103609084,0.0032186828322126573,21758215.72867481,0.0,0.0
2025-11-18,4,0.0034689802103609084,0.00396957496665741,0.0037192775885091594,3245614.8398947236,0.0,0.0
2025-11-18,5,0.00396957496665741,0.004470169722953912,0.004219872344805661,17066480.645572457,0.0,0.0
2025-11-18,6,0.004470169722953912,0.0049707644792504144,0.004720467101102164,25367966.41588556,0.0,0.0
2025-11-18,7,0.0049707644792504144,0.0054713592355469165,0.005221061857398665,70794377.79525642,0.0,9778849.16356
2025-11-18,8,0.0054713592355469165,0.0059719539918434185,0.005721656613695168,67492629.16690959,0.0,11075366.235405
2025-11-18,9,0.0059719539918434185,0.0064725487481399205,0.006222251369991669,71382604.52419122,0.0,29112825.879545003
2025-11-18,10,0.0064725487481399205,0.0069731435044364225,0.006722846126288172,1035091993.269022,0.0,40476190.48
2025-11-18,11,0.0069731435044364225,0.007473738260732925,0.007223440882584673,168541433.1813439,0.0,76223020.7926
2025-11-18,12,0.007473738260732925,0.007974333017029427,0.007724035638881176,0.0,0.0,0.0
2025-11-18,13,0.007974333017029427,0.008474927773325928,0.008224630395177677,100615715.89068945,0.0,28262356.799900003
2025-11-18,14,0.008474927773325928,0.00897552252962243,0.00872522515147418,179751873.4468222,0.0,90945807.179571
2025-11-18,15,0.00897552252962243,0.009476117285918932,0.009225819907770681,37204970.81217382,0.0,21067937.118949153
2025-11-18,16,0.009476117285918932,0.009976712042215433,0.009726414664067182,68077465.22436932,0.0,32654525.2038
2025-11-18,17,0.009976712042215433,0.010477306798511936,0.010227009420363684,43296829.08775641,0.0,7327099.360100028
2025-11-18,18,0.010477306798511936,0.010977901554808439,0.010727604176660188,0.0,0.0,0.0
2025-11-18,19,0.010977901554808439,0.01147849631110494,0.01122819893295669,0.0,0.0,0.0
2025-11-18,20,0.01147849631110494,0.011979091067401441,0.01172879368925319,0.0,0.0,0.0
2025-11-18,21,0.011979091067401441,0.012479685823697944,0.012229388445549692,0.0,0.0,0.0
2025-11-18,22,0.012479685823697944,0.012980280579994447,0.012729983201846196,26904986.394399203,0.0,529635.262
2025-11-18,23,0.012980280579994447,0.013480875336290948,0.013230577958142697,13534168.761516819,0.0,462966.4212
2025-11-18,24,0.013480875336290948,0.01398147009258745,0.013731172714439199,0.0,0.0,0.0
2025-11-18,25,0.01398147009258745,0.014482064848883952,0.0142317674707357,60600422.33890187,0.0,3828048.6454
2025-11-18,26,0.014482064848883952,0.014982659605180455,0.014732362227032204,28214559.3109754,0.0,3035175.2822
2025-11-18,27,0.014982659605180455,0.015483254361476956,0.015232956983328706,84221263.97323737,0.0,2100828.477
2025-11-18,28,0.015483254361476956,0.01598384911777346,0.015733551739625207,14862700.78783362,0.0,320934.52665
2025-11-18,29,0.01598384911777346,0.01648444387406996,0.01623414649592171,0.0,0.0,0.0
2025-11-18,30,0.01648444387406996,0.016985038630366465,0.016734741252218212,56811681.672340706,0.0,3076333.1029000003
2025-11-18,31,0.016985038630366465,0.017485633386662966,0.017235336008514714,0.0,0.0,0.0
2025-11-18,32,0.017485633386662966,0.017986228142959467,0.01773593076481122,39015203.93810746,0.0,5997013.514900001
2025-11-18,33,0.017986228142959467,0.01848682289925597,0.018236525521107716,37543719.00605576,0.0,1683391.8751
2025-11-18,34,0.01848682289925597,0.018987417655552473,0.01873712027740422,0.0,0.0,0.0
2025-11-18,35,0.018987417655552473,0.019488012411848974,0.019237715033700725,138515539.11444426,0.0,4113149.5599999996
2025-11-18,36,0.019488012411848974,0.019988607168145475,0.019738309789997223,15850808.98825,0.0,1366803.6518
2025-11-18,37,0.019988607168145475,0.02048920192444198,0.020238904546293728,15543053.22718025,0.0,1506945.9588
2025-11-18,38,0.02048920192444198,0.02098979668073848,0.020739499302590232,0.0,0.0,0.0
2025-11-18,39,0.02098979668073848,0.021490391437034982,0.02124009405888673,0.0,0.0,0.0
2025-11-18,40,0.021490391437034982,0.021990986193331483,0.021740688815183234,4617438.473683962,0.0,447416.5732
2025-11-18,41,0.021990986193331483,0.022491580949627984,0.022241283571479732,8814743.857569741,0.0,1738136.014
2025-11-18,42,0.022491580949627984,0.02299217570592449,0.022741878327776237,0.0,0.0,0.0
2025-11-18,43,0.02299217570592449,0.02349277046222099,0.02324247308407274,0.0,0.0,0.0
2025-11-18,44,0.02349277046222099,0.02399336521851749,0.02374306784036924,0.0,0.0,0.0
2025-11-18,45,0.02399336521851749,0.024493959974813996,0.024243662596665744,29835117.221604552,0.0,8551475.782
2025-11-18,46,0.024493959974813996,0.024994554731110497,0.02474425735296225,0.0,0.0,0.0
2025-11-18,47,0.024994554731110497,0.025495149487407,0.025244852109258746,7359669.330164794,0.0,2565408.956
2025-11-18,48,0.025495149487407,0.0259957442437035,0.02574544686555525,0.0,0.0,0.0
2025-11-18,49,0.0259957442437035,0.026496339,0.02624604162185175,17667912.37162644,0.0,5034303.169
2025-11-19,0,0.0014666011851749,0.0019671959414714023,0.0017168985633231513,0.0,0.0,0.0
2025-11-19,1,0.0019671959414714023,0.0024677906977679043,0.0022174933196196533,0.0,0.0,0.0
2025-11-19,2,0.0024677906977679043,0.0029683854540644063,0.0027180880759161553,2011885.7834773497,0.0,0.0
2025-11-19,3,0.0029683854540644063,0.0034689802103609084,0.0032186828322126573,21758215.72867481,0.0,0.0
2025-11-19,4,0.0034689802103609084,0.00396957496665741,0.0037192775885091594,3245066.331588024,0.0,0.0
2025-11-19,5,0.00396957496665741,0.004470169722953912,0.004219872344805661,16966480.645572457,0.0,0.0
2025-11-19,6,0.004470169722953912,0.0049707644792504144,0.004720467101102164,25367953.78027448,0.0,0.0
2025-11-19,7,0.0049707644792504144,0.0054713592355469165,0.005221061857398665,69326363.34507824,0.0,9778849.16356
2025-11-19,8,0.0054713592355469165,0.0059719539918434185,0.005721656613695168,97489101.68133646,0.0,22414841.123581
2025-11-19,9,0.0059719539918434185,0.0064725487481399205,0.006222251369991669,70650378.56080611,0.0,29112825.879545003
2025-11-19,10,0.0064725487481399205,0.0069731435044364225,0.006722846126288172,1034908862.4160274,0.0,40476190.48
2025-11-19,11,0.0069731435044364225,0.007473738260732925,0.007223440882584673,156517602.7255373,0.0,75617151.8993
2025-11-19,12,0.007473738260732925,0.007974333017029427,0.007724035638881176,0.0,0.0,0.0
2025-11-19,13,0.007974333017029427,0.008474927773325928,0.008224630395177677,97850907.60672973,0.0,24973619.54990003
2025-11-19,14,0.008474927773325928,0.00897552252962243,0.00872522515147418,175761056.5342565,0.0,90615230.084371
2025-11-19,15,0.00897552252962243,0.009476117285918932,0.009225819907770681,37104382.3232274,0.0,21065181.81526415
2025-11-19,16,0.009476117285918932,0.009976712042215433,0.009726414664067182,67189155.4049778,0.0,32654525.2038
2025-11-19,17,0.009976712042215433,0.010477306798511936,0.010227009420363684,41765508.68013641,0.0,911799.0071
2025-11-19,18,0.010477306798511936,0.010977901554808439,0.010727604176660188,0.0,0.0,0.0
2025-11-19,19,0.010977901554808439,0.01147849631110494,0.01122819893295669,0.0,0.0,0.0
2025-11-19,20,0.01147849631110494,0.011979091067401441,0.01172879368925319,0.0,0.0,0.0
2025-11-19,21,0.011979091067401441,0.012479685823697944,0.012229388445549692,0.0,0.0,0.0
2025-11-19,22,0.012479685823697944,0.012980280579994447,0.012729983201846196,26612310.517295197,0.0,529635.262
2025-11-19,23,0.012980280579994447,0.013480875336290948,0.013230577958142697,13482604.784516819,0.0,462966.4212
2025-11-19,24,0.013480875336290948,0.01398147009258745,0.013731172714439199,0.0,0.0,0.0
2025-11-19,25,0.01398147009258745,0.014482064848883952,0.0142317674707357,60209875.05014365,0.0,3828048.6454
2025-11-19,26,0.014482064848883952,0.014982659605180455,0.014732362227032204,28191995.42914972,0.0,3035175.2822
2025-11-19,27,0.014982659605180455,0.015483254361476956,0.015232956983328706,82988106.91032536,0.0,2100828.477
2025-11-19,28,0.015483254361476956,0.01598384911777346,0.015733551739625207,14568898.402963618,0.0,320934.52665
2025-11-19,29,0.01598384911777346,0.01648444387406996,0.01623414649592171,0.0,0.0,0.0
2025-11-19,30,0.01648444387406996,0.016985038630366465,0.016734741252218212,56187114.593632,0.0,3076333.1029000003
2025-11-19,31,0.016985038630366465,0.017485633386662966,0.017235336008514714,0.0,0.0,0.0
2025-11-19,32,0.017485633386662966,0.017986228142959467,0.01773593076481122,38543269.41838414,0.0,5997013.514900001
2025-11-19,33,0.017986228142959467,0.01848682289925597,0.018236525521107716,37469816.41363505,0.0,1683391.8751
2025-11-19,34,0.01848682289925597,0.018987417655552473,0.01873712027740422,0.0,0.0,0.0
2025-11-19,35,0.018987417655552473,0.019488012411848974,0.019237715033700725,138251428.78477734,0.0,4113149.5599999996
2025-11-19,36,0.019488012411848974,0.019988607168145475,0.019738309789997223,15782408.550551003,0.0,1366803.6518
2025-11-19,37,0.019988607168145475,0.02048920192444198,0.020238904546293728,14727458.47748025,0.0,1506945.9588
2025-11-19,38,0.02048920192444198,0.02098979668073848,0.020739499302590232,0.0,0.0,0.0
2025-11-19,39,0.02098979668073848,0.021490391437034982,0.02124009405888673,0.0,0.0,0.0
2025-11-19,40,0.021490391437034982,0.021990986193331483,0.021740688815183234,4565812.000003961,0.0,447416.5732
2025-11-19,41,0.021990986193331483,0.022491580949627984,0.022241283571479732,8791095.101019742,0.0,1738136.014
2025-11-19,42,0.022491580949627984,0.02299217570592449,0.022741878327776237,0.0,0.0,0.0
2025-11-19,43,0.02299217570592449,0.02349277046222099,0.02324247308407274,0.0,0.0,0.0
2025-11-19,44,0.02349277046222099,0.02399336521851749,0.02374306784036924,0.0,0.0,0.0
2025-11-19,45,0.02399336521851749,0.024493959974813996,0.024243662596665744,29835117.221604552,0.0,8551475.782
2025-11-19,46,0.024493959974813996,0.024994554731110497,0.02474425735296225,0.0,0.0,0.0
2025-11-19,47,0.024994554731110497,0.025495149487407,0.025244852109258746,7359669.330164794,0.0,2565408.956
2025-11-19,48,0.025495149487407,0.0259957442437035,0.02574544686555525,0.0,0.0,0.0
2025-11-19,49,0.0259957442437035,0.026496339,0.02624604162185175,17667027.85170306,0.0,5034303.169
2025-11-20,0,0.0014666011851749,0.0019671959414714023,0.0017168985633231513,0.0,0.0,0.0
2025-11-20,1,0.0019671959414714023,0.0024677906977679043,0.0022174933196196533,0.0,0.0,0.0
2025-11-20,2,0.0024677906977679043,0.0029683854540644063,0.0027180880759161553,2011885.7834773497,0.0,0.0
2025-11-20,3,0.0029683854540644063,0.0034689802103609084,0.0032186828322126573,21751882.06240911,0.0,0.0
2025-11-20,4,0.0034689802103609084,0.00396957496665741,0.0037192775885091594,3245066.331588024,0.0,0.0
2025-11-20,5,0.00396957496665741,0.004470169722953912,0.004219872344805661,16946346.26511816,0.0,0.0
2025-11-20,6,0.004470169722953912,0.0049707644792504144,0.004720467101102164,25303433.69158314,0.0,0.0
2025-11-20,7,0.0049707644792504144,0.0054713592355469165,0.005221061857398665,214416319.1522131,0.0,52535079.38156
2025-11-20,8,0.0054713592355469165,0.0059719539918434185,0.005721656613695168,82500737.08671252,0.0,21594713.973380998
2025-11-20,9,0.0059719539918434185,0.0064725487481399205,0.006222251369991669,54829221.581774674,0.0,27941717.478245
2025-11-20,10,0.0064725487481399205,0.0069731435044364225,0.006722846126288172,1034635911.9024194,0.0,40476190.48
2025-11-20,11,0.0069731435044364225,0.007473738260732925,0.007223440882584673,120630971.58139302,0.0,75313743.66929999
2025-11-20,12,0.007473738260732925,0.007974333017029427,0.007724035638881176,0.0,0.0,0.0
2025-11-20,13,0.007974333017029427,0.008474927773325928,0.008224630395177677,92620323.36296669,0.0,8529182.4799
2025-11-20,14,0.008474927773325928,0.00897552252962243,0.00872522515147418,170823577.33887294,0.0,85793348.51537102
2025-11-20,15,0.00897552252962243,0.009476117285918932,0.009225819907770681,35443259.0786174,0.0,20928846.982764155
2025-11-20,16,0.009476117285918932,0.009976712042215433,0.009726414664067182,65290919.13570953,0.0,8877668.3138
2025-11-20,17,0.009976712042215433,0.010477306798511936,0.010227009420363684,37319531.470243596,0.0,911799.0071
2025-11-20,18,0.010477306798511936,0.010977901554808439,0.010727604176660188,0.0,0.0,0.0
2025-11-20,19,0.010977901554808439,0.01147849631110494,0.01122819893295669,0.0,0.0,0.0
2025-11-20,20,0.01147849631110494,0.011979091067401441,0.01172879368925319,0.0,0.0,0.0
2025-11-20,21,0.011979091067401441,0.012479685823697944,0.012229388445549692,0.0,0.0,0.0
2025-11-20,22,0.012479685823697944,0.012980280579994447,0.012729983201846196,26591651.876845196,0.0,529635.262
2025-11-20,23,0.012980280579994447,0.013480875336290948,0.013230577958142697,11482604.78451682,0.0,462966.4212
2025-11-20,24,0.013480875336290948,0.01398147009258745,0.013731172714439199,0.0,0.0,0.0
2025-11-20,25,0.01398147009258745,0.014482064848883952,0.0142317674707357,59171658.59822474,0.0,3828048.6454
2025-11-20,26,0.014482064848883952,0.014982659605180455,0.014732362227032204,28180255.16641022,0.0,3035175.2822
2025-11-20,27,0.014982659605180455,0.015483254361476956,0.015232956983328706,81185357.19880608,0.0,2100828.477
2025-11-20,28,0.015483254361476956,0.01598384911777346,0.015733551739625207,14556356.922293907,0.0,320934.52665
2025-11-20,29,0.01598384911777346,0.01648444387406996,0.01623414649592171,0.0,0.0,0.0
2025-11-20,30,0.01648444387406996,0.016985038630366465,0.016734741252218212,55772625.76105343,0.0,3076333.1029000003
2025-11-20,31,0.016985038630366465,0.017485633386662966,0.017235336008514714,0.0,0.0,0.0
2025-11-20,32,0.017485633386662966,0.017986228142959467,0.01773593076481122,36839830.38801324,0.0,5997013.514900001
2025-11-20,33,0.017986228142959467,0.01848682289925597,0.018236525521107716,37426610.45864506,0.0,1683391.8751
2025-11-20,34,0.01848682289925597,0.018987417655552473,0.01873712027740422,0.0,0.0,0.0
2025-11-20,35,0.018987417655552473,0.019488012411848974,0.019237715033700725,137156397.58955702,0.0,4113149.5599999996
2025-11-20,36,0.019488012411848974,0.019988607168145475,0.019738309789997223,15776601.334111923,0.0,1366803.6518
2025-11-20,37,0.019988607168145475,0.02048920192444198,0.020238904546293728,14727458.47748025,0.0,1506945.9588
2025-11-20,38,0.02048920192444198,0.02098979668073848,0.020739499302590232,0.0,0.0,0.0
2025-11-20,39,0.02098979668073848,0.021490391437034982,0.02124009405888673,0.0,0.0,0.0
2025-11-20,40,0.021490391437034982,0.021990986193331483,0.021740688815183234,4563726.753466961,0.0,447416.5732
2025-11-20,41,0.021990986193331483,0.022491580949627984,0.022241283571479732,8687449.491516741,0.0,1738136.014
2025-11-20,42,0.022491580949627984,0.02299217570592449,0.022741878327776237,0.0,0.0,0.0
2025-11-20,43,0.02299217570592449,0.02349277046222099,0.02324247308407274,0.0,0.0,0.0
2025-11-20,44,0.02349277046222099,0.02399336521851749,0.02374306784036924,0.0,0.0,0.0
2025-11-20,45,0.02399336521851749,0.024493959974813996,0.024243662596665744,29799925.662014555,0.0,8551475.782
2025-11-20,46,0.024493959974813996,0.024994554731110497,0.02474425735296225,0.0,0.0,0.0
2025-11-20,47,0.024994554731110497,0.025495149487407,0.025244852109258746,7266034.092933583,0.0,2565408.956
2025-11-20,48,0.025495149487407,0.0259957442437035,0.02574544686555525,0.0,0.0,0.0
2025-11-20,49,0.0259957442437035,0.026496339,0.02624604162185175,17038911.83423606,0.0,5034303.169
2025-11-21,0,0.0014666011851749,0.0019671959414714023,0.0017168985633231513,0.0,0.0,0.0
2025-11-21,1,0.0019671959414714023,0.0024677906977679043,0.0022174933196196533,0.0,0.0,0.0
2025-11-21,2,0.0024677906977679043,0.0029683854540644063,0.0027180880759161553,2011885.7834773497,0.0,0.0
2025-11-21,3,0.0029683854540644063,0.0034689802103609084,0.0032186828322126573,21751882.06240911,0.0,0.0
2025-11-21,4,0.0034689802103609084,0.00396957496665741,0.0037192775885091594,3245066.331588024,0.0,0.0
2025-11-21,5,0.00396957496665741,0.004470169722953912,0.004219872344805661,16781055.57507416,0.0,0.0
2025-11-21,6,0.004470169722953912,0.0049707644792504144,0.004720467101102164,25303420.03571095,0.0,0.0
2025-11-21,7,0.0049707644792504144,0.0054713592355469165,0.005221061857398665,205705409.51301873,0.0,50845693.28346
2025-11-21,8,0.0054713592355469165,0.0059719539918434185,0.005721656613695168,132522212.49648651,0.0,47161852.683781
2025-11-21,9,0.0059719539918434185,0.0064725487481399205,0.006222251369991669,48726080.45734016,0.0,27941717.478245
2025-11-21,10,0.0064725487481399205,0.0069731435044364225,0.006722846126288172,1034291994.9229302,0.0,40476190.48
2025-11-21,11,0.0069731435044364225,0.007473738260732925,0.007223440882584673,113730870.82097173,0.0,75313743.66929999
2025-11-21,12,0.007473738260732925,0.007974333017029427,0.007724035638881176,0.0,0.0,0.0
2025-11-21,13,0.007974333017029427,0.008474927773325928,0.008224630395177677,90004069.12870735,0.0,2829942.5879000295
2025-11-21,14,0.008474927773325928,0.00897552252962243,0.00872522515147418,168924983.609414,0.0,77263772.89187099
2025-11-21,15,0.00897552252962243,0.009476117285918932,0.009225819907770681,35330974.00189059,0.0,20830644.935554154
2025-11-21,16,0.009476117285918932,0.009976712042215433,0.009726414664067182,64263586.87362072,0.0,613145.9358
2025-11-21,17,0.009976712042215433,0.010477306798511936,0.010227009420363684,36070213.887209095,0.0,911799.0071
2025-11-21,18,0.010477306798511936,0.010977901554808439,0.010727604176660188,0.0,0.0,0.0
2025-11-21,19,0.010977901554808439,0.01147849631110494,0.01122819893295669,0.0,0.0,0.0
2025-11-21,20,0.01147849631110494,0.011979091067401441,0.01172879368925319,0.0,0.0,0.0
2025-11-21,21,0.011979091067401441,0.012479685823697944,0.012229388445549692,0.0,0.0,0.0
2025-11-21,22,0.012479685823697944,0.012980280579994447,0.012729983201846196,26582858.117408603,0.0,529635.262
2025-11-21,23,0.012980280579994447,0.013480875336290948,0.013230577958142697,11181194.07401182,0.0,462966.4212
2025-11-21,24,0.013480875336290948,0.01398147009258745,0.013731172714439199,0.0,0.0,0.0
2025-11-21,25,0.01398147009258745,0.014482064848883952,0.0142317674707357,57312227.44376735,0.0,3828048.6454
2025-11-21,26,0.014482064848883952,0.014982659605180455,0.014732362227032204,28082144.61523622,0.0,3035175.2822
2025-11-21,27,0.014982659605180455,0.015483254361476956,0.015232956983328706,81165734.62426408,0.0,2100828.477
2025-11-21,28,0.015483254361476956,0.01598384911777346,0.015733551739625207,14446477.804855406,0.0,320934.52665
2025-11-21,29,0.01598384911777346,0.01648444387406996,0.01623414649592171,0.0,0.0,0.0
2025-11-21,30,0.01648444387406996,0.016985038630366465,0.016734741252218212,54715474.462463975,0.0,3076333.1029000003
2025-11-21,31,0.016985038630366465,0.017485633386662966,0.017235336008514714,0.0,0.0,0.0
2025-11-21,32,0.017485633386662966,0.017986228142959467,0.01773593076481122,36085774.15176095,0.0,5997013.514900001
2025-11-21,33,0.017986228142959467,0.01848682289925597,0.018236525521107716,37190691.94286906,0.0,1683391.8751
2025-11-21,34,0.01848682289925597,0.018987417655552473,0.01873712027740422,0.0,0.0,0.0
2025-11-21,35,0.018987417655552473,0.019488012411848974,0.019237715033700725,136834808.84945574,0.0,4113149.5599999996
2025-11-21,36,0.019488012411848974,0.019988607168145475,0.019738309789997223,15765991.616083322,0.0,1366803.6518
2025-11-21,37,0.019988607168145475,0.02048920192444198,0.020238904546293728,14725012.512090249,0.0,1506945.9588
2025-11-21,38,0.02048920192444198,0.02098979668073848,0.020739499302590232,0.0,0.0,0.0
2025-11-21,39,0.02098979668073848,0.021490391437034982,0.02124009405888673,0.0,0.0,0.0
2025-11-21,40,0.021490391437034982,0.021990986193331483,0.021740688815183234,4552234.431065398,0.0,447416.5732
2025-11-21,41,0.021990986193331483,0.022491580949627984,0.022241283571479732,8684282.690925742,0.0,1738136.014
2025-11-21,42,0.022491580949627984,0.02299217570592449,0.022741878327776237,0.0,0.0,0.0
2025-11-21,43,0.02299217570592449,0.02349277046222099,0.02324247308407274,0.0,0.0,0.0
2025-11-21,44,0.02349277046222099,0.02399336521851749,0.02374306784036924,0.0,0.0,0.0
2025-11-21,45,0.02399336521851749,0.024493959974813996,0.024243662596665744,24025602.996005412,0.0,8551475.782
2025-11-21,46,0.024493959974813996,0.024994554731110497,0.02474425735296225,0.0,0.0,0.0
2025-11-21,47,0.024994554731110497,0.025495149487407,0.025244852109258746,7266034.092933583,0.0,2565408.956
2025-11-21,48,0.025495149487407,0.0259957442437035,0.02574544686555525,0.0,0.0,0.0
2025-11-21,49,0.0259957442437035,0.026496339,0.02624604162185175,17027691.81027706,0.0,5034303.169
2025-11-22,0,0.0014666011851749,0.0019671959414714023,0.0017168985633231513,0.0,0.0,0.0
2025-11-22,1,0.0019671959414714023,0.0024677906977679043,0.0022174933196196533,0.0,0.0,0.0
2025-11-22,2,0.0024677906977679043,0.0029683854540644063,0.0027180880759161553,2011885.7834773497,0.0,0.0
2025-11-22,3,0.0029683854540644063,0.0034689802103609084,0.0032186828322126573,21751882.06240911,0.0,0.0
2025-11-22,4,0.0034689802103609084,0.00396957496665741,0.0037192775885091594,3245066.331588024,0.0,0.0
2025-11-22,5,0.00396957496665741,0.004470169722953912,0.004219872344805661,16781055.57507416,0.0,0.0
2025-11-22,6,0.004470169722953912,0.0049707644792504144,0.004720467101102164,25303420.03571095,0.0,0.0
2025-11-22,7,0.0049707644792504144,0.0054713592355469165,0.005221061857398665,227332888.10945565,0.0,68560476.92566
2025-11-22,8,0.0054713592355469165,0.0059719539918434185,0.005721656613695168,121153772.32195629,0.0,46597189.138381004
2025-11-22,9,0.0059719539918434185,0.0064725487481399205,0.006222251369991669,46885335.82535534,0.0,27941717.478245
2025-11-22,10,0.0064725487481399205,0.0069731435044364225,0.006722846126288172,1030689906.0277889,0.0,40476190.48
2025-11-22,11,0.0069731435044364225,0.007473738260732925,0.007223440882584673,110692431.31782253,0.0,75313743.66929999
2025-11-22,12,0.007473738260732925,0.007974333017029427,0.007724035638881176,0.0,0.0,0.0
2025-11-22,13,0.007974333017029427,0.008474927773325928,0.008224630395177677,88911205.32345536,0.0,1090272.0659
2025-11-22,14,0.008474927773325928,0.00897552252962243,0.00872522515147418,168829476.52779388,0.0,70158397.57887103
2025-11-22,15,0.00897552252962243,0.009476117285918932,0.009225819907770681,35027309.4544406,0.0,20596677.058354154
2025-11-22,16,0.009476117285918932,0.009976712042215433,0.009726414664067182,64209163.114778236,0.0,613145.9358
2025-11-22,17,0.009976712042215433,0.010477306798511936,0.010227009420363684,33650055.55536787,0.0,911799.0071
2025-11-22,18,0.010477306798511936,0.010977901554808439,0.010727604176660188,0.0,0.0,0.0
2025-11-22,19,0.010977901554808439,0.01147849631110494,0.01122819893295669,0.0,0.0,0.0
2025-11-22,20,0.01147849631110494,0.011979091067401441,0.01172879368925319,0.0,0.0,0.0
2025-11-22,21,0.011979091067401441,0.012479685823697944,0.012229388445549692,0.0,0.0,0.0
2025-11-22,22,0.012479685823697944,0.012980280579994447,0.012729983201846196,26496180.524486497,0.0,529635.262
2025-11-22,23,0.012980280579994447,0.013480875336290948,0.013230577958142697,11014731.736911818,0.0,462966.4212
2025-11-22,24,0.013480875336290948,0.01398147009258745,0.013731172714439199,0.0,0.0,0.0
2025-11-22,25,0.01398147009258745,0.014482064848883952,0.0142317674707357,56876268.80536734,0.0,3828048.6454
2025-11-22,26,0.014482064848883952,0.014982659605180455,0.014732362227032204,27293146.308236223,0.0,3035175.2822
2025-11-22,27,0.014982659605180455,0.015483254361476956,0.015232956983328706,81164244.32394108,0.0,2100828.477
2025-11-22,28,0.015483254361476956,0.01598384911777346,0.015733551739625207,14446377.804855406,0.0,320934.52665
2025-11-22,29,0.01598384911777346,0.01648444387406996,0.01623414649592171,0.0,0.0,0.0
2025-11-22,30,0.01648444387406996,0.016985038630366465,0.016734741252218212,54189978.930751406,0.0,3076333.1029000003
2025-11-22,31,0.016985038630366465,0.017485633386662966,0.017235336008514714,0.0,0.0,0.0
2025-11-22,32,0.017485633386662966,0.017986228142959467,0.01773593076481122,35790307.14798894,0.0,5997013.514900001
2025-11-22,33,0.017986228142959467,0.01848682289925597,0.018236525521107716,37167366.79457906,0.0,1683391.8751
2025-11-22,34,0.01848682289925597,0.018987417655552473,0.01873712027740422,0.0,0.0,0.0
2025-11-22,35,0.018987417655552473,0.019488012411848974,0.019237715033700725,136572865.2454377,0.0,4113149.5599999996
2025-11-22,36,0.019488012411848974,0.019988607168145475,0.019738309789997223,15765991.616083322,0.0,1366803.6518
2025-11-22,37,0.019988607168145475,0.02048920192444198,0.020238904546293728,14692472.704452248,0.0,1506945.9588
2025-11-22,38,0.02048920192444198,0.02098979668073848,0.020739499302590232,0.0,0.0,0.0
2025-11-22,39,0.02098979668073848,0.021490391437034982,0.02124009405888673,0.0,0.0,0.0
2025-11-22,40,0.021490391437034982,0.021990986193331483,0.021740688815183234,4476319.967445398,0.0,447416.5732
2025-11-22,41,0.021990986193331483,0.022491580949627984,0.022241283571479732,8671945.764155742,0.0,1738136.014
2025-11-22,42,0.022491580949627984,0.02299217570592449,0.022741878327776237,0.0,0.0,0.0
2025-11-22,43,0.02299217570592449,0.02349277046222099,0.02324247308407274,0.0,0.0,0.0
2025-11-22,44,0.02349277046222099,0.02399336521851749,0.02374306784036924,0.0,0.0,0.0
2025-11-22,45,0.02399336521851749,0.024493959974813996,0.024243662596665744,23986662.213755414,0.0,8551475.782
2025-11-22,46,0.024493959974813996,0.024994554731110497,0.02474425735296225,0.0,0.0,0.0
2025-11-22,47,0.024994554731110497,0.025495149487407,0.025244852109258746,7097582.828649584,0.0,2565408.956
2025-11-22,48,0.025495149487407,0.0259957442437035,0.02574544686555525,0.0,0.0,0.0
2025-11-22,49,0.0259957442437035,0.026496339,0.02624604162185175,15666006.19027706,0.0,5034303.169
2025-11-23,0,0.0014666011851749,0.0019671959414714023,0.0017168985633231513,0.0,0.0,0.0
2025-11-23,1,0.0019671959414714023,0.0024677906977679043,0.0022174933196196533,0.0,0.0,0.0
2025-11-23,2,0.0024677906977679043,0.0029683854540644063,0.0027180880759161553,2011885.7834773497,0.0,0.0
2025-11-23,3,0.0029683854540644063,0.0034689802103609084,0.0032186828322126573,21751882.06240911,0.0,0.0
2025-11-23,4,0.0034689802103609084,0.00396957496665741,0.0037192775885091594,3245066.331588024,0.0,0.0
2025-11-23,5,0.00396957496665741,0.004470169722953912,0.004219872344805661,16761826.640623158,0.0,0.0
2025-11-23,6,0.004470169722953912,0.0049707644792504144,0.004720467101102164,25303410.25052928,0.0,0.0
2025-11-23,7,0.0049707644792504144,0.0054713592355469165,0.005221061857398665,240192685.54089263,0.0,73857213.99806
2025-11-23,8,0.0054713592355469165,0.0059719539918434185,0.005721656613695168,118045240.78476672,0.0,46337841.673080996
2025-11-23,9,0.0059719539918434185,0.0064725487481399205,0.006222251369991669,45863465.64222315,0.0,27941717.478245
2025-11-23,10,0.0064725487481399205,0.0069731435044364225,0.006722846126288172,1030630457.5732757,0.0,40476190.48
2025-11-23,11,0.0069731435044364225,0.007473738260732925,0.007223440882584673,109218344.97531158,0.0,75313743.66929999
2025-11-23,12,0.007473738260732925,0.007974333017029427,0.007724035638881176,0.0,0.0,0.0
2025-11-23,13,0.007974333017029427,0.008474927773325928,0.008224630395177677,87758674.42697231,0.0,1090272.0659
2025-11-23,14,0.008474927773325928,0.00897552252962243,0.00872522515147418,168395937.4429258,0.0,64024390.94187102
2025-11-23,15,0.00897552252962243,0.009476117285918932,0.009225819907770681,34718601.35911297,0.0,18862313.341354154
2025-11-23,16,0.009476117285918932,0.009976712042215433,0.009726414664067182,63649187.70316993,0.0,613145.9358
2025-11-23,17,0.009976712042215433,0.010477306798511936,0.010227009420363684,33637925.532946974,0.0,911799.0071
2025-11-23,18,0.010477306798511936,0.010977901554808439,0.010727604176660188,0.0,0.0,0.0
2025-11-23,19,0.010977901554808439,0.01147849631110494,0.01122819893295669,0.0,0.0,0.0
2025-11-23,20,0.01147849631110494,0.011979091067401441,0.01172879368925319,0.0,0.0,0.0
2025-11-23,21,0.011979091067401441,0.012479685823697944,0.012229388445549692,0.0,0.0,0.0
2025-11-23,22,0.012479685823697944,0.012980280579994447,0.012729983201846196,26496180.524486497,0.0,529635.262
2025-11-23,23,0.012980280579994447,0.013480875336290948,0.013230577958142697,11014731.736911818,0.0,462966.4212
2025-11-23,24,0.013480875336290948,0.01398147009258745,0.013731172714439199,0.0,0.0,0.0
2025-11-23,25,0.01398147009258745,0.014482064848883952,0.0142317674707357,56876240.98684915,0.0,3828048.6454
2025-11-23,26,0.014482064848883952,0.014982659605180455,0.014732362227032204,27080842.00705662,0.0,3035175.2822
2025-11-23,27,0.014982659605180455,0.015483254361476956,0.015232956983328706,81161947.84381235,0.0,2100828.477
2025-11-23,28,0.015483254361476956,0.01598384911777346,0.015733551739625207,14445991.718125105,0.0,320934.52665
2025-11-23,29,0.01598384911777346,0.01648444387406996,0.01623414649592171,0.0,0.0,0.0
2025-11-23,30,0.01648444387406996,0.016985038630366465,0.016734741252218212,54156017.79316467,0.0,3076333.1029000003
2025-11-23,31,0.016985038630366465,0.017485633386662966,0.017235336008514714,0.0,0.0,0.0
2025-11-23,32,0.017485633386662966,0.017986228142959467,0.01773593076481122,35769372.28682594,0.0,5997013.514900001
2025-11-23,33,0.017986228142959467,0.01848682289925597,0.018236525521107716,37065998.35033446,0.0,1683391.8751
2025-11-23,34,0.01848682289925597,0.018987417655552473,0.01873712027740422,0.0,0.0,0.0
2025-11-23,35,0.018987417655552473,0.019488012411848974,0.019237715033700725,136554589.98423624,0.0,4113149.5599999996
2025-11-23,36,0.019488012411848974,0.019988607168145475,0.019738309789997223,15760036.037975723,0.0,1366803.6518
2025-11-23,37,0.019988607168145475,0.02048920192444198,0.020238904546293728,14686142.41792925,0.0,1506945.9588
2025-11-23,38,0.02048920192444198,0.02098979668073848,0.020739499302590232,0.0,0.0,0.0
2025-11-23,39,0.02098979668073848,0.021490391437034982,0.02124009405888673,0.0,0.0,0.0
2025-11-23,40,0.021490391437034982,0.021990986193331483,0.021740688815183234,4474875.2707376955,0.0,447416.5732
2025-11-23,41,0.021990986193331483,0.022491580949627984,0.022241283571479732,8671945.764155742,0.0,1738136.014
2025-11-23,42,0.022491580949627984,0.02299217570592449,0.022741878327776237,0.0,0.0,0.0
2025-11-23,43,0.02299217570592449,0.02349277046222099,0.02324247308407274,0.0,0.0,0.0
2025-11-23,44,0.02349277046222099,0.02399336521851749,0.02374306784036924,0.0,0.0,0.0
2025-11-23,45,0.02399336521851749,0.024493959974813996,0.024243662596665744,23536801.185955416,0.0,8551475.782
2025-11-23,46,0.024493959974813996,0.024994554731110497,0.02474425735296225,0.0,0.0,0.0
2025-11-23,47,0.024994554731110497,0.025495149487407,0.025244852109258746,6919046.346049585,0.0,2565408.956
2025-11-23,48,0.025495149487407,0.0259957442437035,0.02574544686555525,0.0,0.0,0.0
2025-11-23,49,0.0259957442437035,0.026496339,0.02624604162185175,15666006.19027706,0.0,5034303.169
2025-11-24,0,0.0014666011851749,0.0019671959414714023,0.0017168985633231513,0.0,0.0,0.0
2025-11-24,1,0.0019671959414714023,0.0024677906977679043,0.0022174933196196533,0.0,0.0,0.0
2025-11-24,2,0.0024677906977679043,0.0029683854540644063,0.0027180880759161553,2011885.7834773497,0.0,0.0
2025-11-24,3,0.0029683854540644063,0.0034689802103609084,0.0032186828322126573,21751882.06240911,0.0,0.0
2025-11-24,4,0.0034689802103609084,0.00396957496665741,0.0037192775885091594,3236486.331588024,0.0,0.0
2025-11-24,5,0.00396957496665741,0.004470169722953912,0.004219872344805661,16761826.640623158,0.0,0.0
2025-11-24,6,0.004470169722953912,0.0049707644792504144,0.004720467101102164,25303410.25052928,0.0,0.0
2025-11-24,7,0.0049707644792504144,0.0054713592355469165,0.005221061857398665,227091608.4214315,0.0,73857213.99806
2025-11-24,8,0.0054713592355469165,0.0059719539918434185,0.005721656613695168,138805167.38679442,0.0,58441552.190381
2025-11-24,9,0.0059719539918434185,0.0064725487481399205,0.006222251369991669,44999782.98895036,0.0,27941717.478245
2025-11-24,10,0.0064725487481399205,0.0069731435044364225,0.006722846126288172,1030535766.134941,0.0,40476190.48
2025-11-24,11,0.0069731435044364225,0.007473738260732925,0.007223440882584673,104663166.73134902,0.0,75313743.66929999
2025-11-24,12,0.007473738260732925,0.007974333017029427,0.007724035638881176,0.0,0.0,0.0
2025-11-24,13,0.007974333017029427,0.008474927773325928,0.008224630395177677,87287886.34913526,0.0,1090272.0659
2025-11-24,14,0.008474927773325928,0.00897552252962243,0.00872522515147418,167099873.06005538,0.0,56426544.823771015
2025-11-24,15,0.00897552252962243,0.009476117285918932,0.009225819907770681,34014047.26172377,0.0,16955722.11735415
2025-11-24,16,0.009476117285918932,0.009976712042215433,0.009726414664067182,62807229.91378991,0.0,613145.9358
2025-11-24,17,0.009976712042215433,0.010477306798511936,0.010227009420363684,33514806.083039973,0.0,911799.0071
2025-11-24,18,0.010477306798511936,0.010977901554808439,0.010727604176660188,0.0,0.0,0.0
2025-11-24,19,0.010977901554808439,0.01147849631110494,0.01122819893295669,0.0,0.0,0.0
2025-11-24,20,0.01147849631110494,0.011979091067401441,0.01172879368925319,0.0,0.0,0.0
2025-11-24,21,0.011979091067401441,0.012479685823697944,0.012229388445549692,0.0,0.0,0.0
2025-11-24,22,0.012479685823697944,0.012980280579994447,0.012729983201846196,26487108.902946495,0.0,529635.262
2025-11-24,23,0.012980280579994447,0.013480875336290948,0.013230577958142697,10962121.90099182,0.0,462966.4212
2025-11-24,24,0.013480875336290948,0.01398147009258745,0.013731172714439199,0.0,0.0,0.0
2025-11-24,25,0.01398147009258745,0.014482064848883952,0.0142317674707357,56858503.76484915,0.0,3828048.6454
2025-11-24,26,0.014482064848883952,0.014982659605180455,0.014732362227032204,27080774.86153928,0.0,3035175.2822
2025-11-24,27,0.014982659605180455,0.015483254361476956,0.015232956983328706,81161663.30841035,0.0,2100828.477
2025-11-24,28,0.015483254361476956,0.01598384911777346,0.015733551739625207,14445991.718125105,0.0,320934.52665
2025-11-24,29,0.01598384911777346,0.01648444387406996,0.01623414649592171,0.0,0.0,0.0
2025-11-24,30,0.01648444387406996,0.016985038630366465,0.016734741252218212,54002249.75571262,0.0,3076333.1029000003
2025-11-24,31,0.016985038630366465,0.017485633386662966,0.017235336008514714,0.0,0.0,0.0
2025-11-24,32,0.017485633386662966,0.017986228142959467,0.01773593076481122,35683622.181905374,0.0,5997013.514900001
2025-11-24,33,0.017986228142959467,0.01848682289925597,0.018236525521107716,37033460.12549845,0.0,1683391.8751
2025-11-24,34,0.01848682289925597,0.018987417655552473,0.01873712027740422,0.0,0.0,0.0
2025-11-24,35,0.018987417655552473,0.019488012411848974,0.019237715033700725,136495650.02784422,0.0,4113149.5599999996
2025-11-24,36,0.019488012411848974,0.019988607168145475,0.019738309789997223,15735793.336069724,0.0,1366803.6518
2025-11-24,37,0.019988607168145475,0.02048920192444198,0.020238904546293728,14450716.84492925,0.0,1506945.9588
2025-11-24,38,0.02048920192444198,0.02098979668073848,0.020739499302590232,0.0,0.0,0.0
2025-11-24,39,0.02098979668073848,0.021490391437034982,0.02124009405888673,0.0,0.0,0.0
2025-11-24,40,0.021490391437034982,0.021990986193331483,0.021740688815183234,4336883.441437695,0.0,447416.5732
2025-11-24,41,0.021990986193331483,0.022491580949627984,0.022241283571479732,8671945.764155742,0.0,1738136.014
2025-11-24,42,0.022491580949627984,0.02299217570592449,0.022741878327776237,0.0,0.0,0.0
2025-11-24,43,0.02299217570592449,0.02349277046222099,0.02324247308407274,0.0,0.0,0.0
2025-11-24,44,0.02349277046222099,0.02399336521851749,0.02374306784036924,0.0,0.0,0.0
2025-11-24,45,0.02399336521851749,0.024493959974813996,0.024243662596665744,23536801.185955416,0.0,8551475.782
2025-11-24,46,0.024493959974813996,0.024994554731110497,0.02474425735296225,0.0,0.0,0.0
2025-11-24,47,0.024994554731110497,0.025495149487407,0.025244852109258746,6919046.346049585,0.0,2565408.956
2025-11-24,48,0.025495149487407,0.0259957442437035,0.02574544686555525,0.0,0.0,0.0
2025-11-24,49,0.0259957442437035,0.026496339,0.02624604162185175,15665732.057023961,0.0,5034303.169
2025-11-25,0,0.0014666011851749,0.0019671959414714023,0.0017168985633231513,0.0,0.0,0.0
2025-11-25,1,0.0019671959414714023,0.0024677906977679043,0.0022174933196196533,0.0,0.0,0.0
2025-11-25,2,0.0024677906977679043,0.0029683854540644063,0.0027180880759161553,2011885.7834773497,0.0,0.0
2025-11-25,3,0.0029683854540644063,0.0034689802103609084,0.0032186828322126573,21751882.06240911,0.0,0.0
2025-11-25,4,0.0034689802103609084,0.00396957496665741,0.0037192775885091594,3236486.331588024,0.0,0.0
2025-11-25,5,0.00396957496665741,0.004470169722953912,0.004219872344805661,16758526.640623158,0.0,0.0
2025-11-25,6,0.004470169722953912,0.0049707644792504144,0.004720467101102164,25303410.25052928,0.0,0.0
2025-11-25,7,0.0049707644792504144,0.0054713592355469165,0.005221061857398665,211939374.8934236,0.0,73538434.18566
2025-11-25,8,0.0054713592355469165,0.0059719539918434185,0.005721656613695168,172706286.04392076,0.0,69675406.365881
2025-11-25,9,0.0059719539918434185,0.0064725487481399205,0.006222251369991669,44919070.04488797,0.0,27941717.478245
2025-11-25,10,0.0064725487481399205,0.0069731435044364225,0.006722846126288172,1030426267.8645368,0.0,40476190.48
2025-11-25,11,0.0069731435044364225,0.007473738260732925,0.007223440882584673,98359351.84420213,0.0,75313743.66929999
2025-11-25,12,0.007473738260732925,0.007974333017029427,0.007724035638881176,0.0,0.0,0.0
2025-11-25,13,0.007974333017029427,0.008474927773325928,0.008224630395177677,85899949.27269101,0.0,1090272.0659
2025-11-25,14,0.008474927773325928,0.00897552252962243,0.00872522515147418,166700127.60239404,0.0,48751082.37977102
2025-11-25,15,0.00897552252962243,0.009476117285918932,0.009225819907770681,33959386.64341505,0.0,15712030.085354151
2025-11-25,16,0.009476117285918932,0.009976712042215433,0.009726414664067182,60368180.81520291,0.0,613145.9358
2025-11-25,17,0.009976712042215433,0.010477306798511936,0.010227009420363684,30645490.98147553,0.0,911799.0071
2025-11-25,18,0.010477306798511936,0.010977901554808439,0.010727604176660188,0.0,0.0,0.0
2025-11-25,19,0.010977901554808439,0.01147849631110494,0.01122819893295669,0.0,0.0,0.0
2025-11-25,20,0.01147849631110494,0.011979091067401441,0.01172879368925319,0.0,0.0,0.0
2025-11-25,21,0.011979091067401441,0.012479685823697944,0.012229388445549692,0.0,0.0,0.0
2025-11-25,22,0.012479685823697944,0.012980280579994447,0.012729983201846196,25942943.535066497,0.0,529635.262
2025-11-25,23,0.012980280579994447,0.013480875336290948,0.013230577958142697,10962121.90099182,0.0,462966.4212
2025-11-25,24,0.013480875336290948,0.01398147009258745,0.013731172714439199,0.0,0.0,0.0
2025-11-25,25,0.01398147009258745,0.014482064848883952,0.0142317674707357,56741295.79674815,0.0,3828048.6454
2025-11-25,26,0.014482064848883952,0.014982659605180455,0.014732362227032204,27059169.238469277,0.0,3035175.2822
2025-11-25,27,0.014982659605180455,0.015483254361476956,0.015232956983328706,81161663.30841035,0.0,2100828.477
2025-11-25,28,0.015483254361476956,0.01598384911777346,0.015733551739625207,14437433.286711305,0.0,320934.52665
2025-11-25,29,0.01598384911777346,0.01648444387406996,0.01623414649592171,0.0,0.0,0.0
2025-11-25,30,0.01648444387406996,0.016985038630366465,0.016734741252218212,53983413.40300105,0.0,3076333.1029000003
2025-11-25,31,0.016985038630366465,0.017485633386662966,0.017235336008514714,0.0,0.0,0.0
2025-11-25,32,0.017485633386662966,0.017986228142959467,0.01773593076481122,34813866.407278694,0.0,5997013.514900001
2025-11-25,33,0.017986228142959467,0.01848682289925597,0.018236525521107716,36813896.38787104,0.0,1683391.8751
2025-11-25,34,0.01848682289925597,0.018987417655552473,0.01873712027740422,0.0,0.0,0.0
2025-11-25,35,0.018987417655552473,0.019488012411848974,0.019237715033700725,136004483.97731882,0.0,4113149.5599999996
2025-11-25,36,0.019488012411848974,0.019988607168145475,0.019738309789997223,15720886.258614155,0.0,1366803.6518
2025-11-25,37,0.019988607168145475,0.02048920192444198,0.020238904546293728,13613993.73122925,0.0,1506945.9588
2025-11-25,38,0.02048920192444198,0.02098979668073848,0.020739499302590232,0.0,0.0,0.0
2025-11-25,39,0.02098979668073848,0.021490391437034982,0.02124009405888673,0.0,0.0,0.0
2025-11-25,40,0.021490391437034982,0.021990986193331483,0.021740688815183234,4318835.656794695,0.0,447416.5732
2025-11-25,41,0.021990986193331483,0.022491580949627984,0.022241283571479732,8109869.502655741,0.0,1738136.014
2025-11-25,42,0.022491580949627984,0.02299217570592449,0.022741878327776237,0.0,0.0,0.0
2025-11-25,43,0.02299217570592449,0.02349277046222099,0.02324247308407274,0.0,0.0,0.0
2025-11-25,44,0.02349277046222099,0.02399336521851749,0.02374306784036924,0.0,0.0,0.0
2025-11-25,45,0.02399336521851749,0.024493959974813996,0.024243662596665744,23399973.875755414,0.0,8551475.782
2025-11-25,46,0.024493959974813996,0.024994554731110497,0.02474425735296225,0.0,0.0,0.0
2025-11-25,47,0.024994554731110497,0.025495149487407,0.025244852109258746,6919046.346049585,0.0,2565408.956
2025-11-25,48,0.025495149487407,0.0259957442437035,0.02574544686555525,0.0,0.0,0.0
2025-11-25,49,0.0259957442437035,0.026496339,0.02624604162185175,15665727.541006327,0.0,5034303.169
2025-11-26,0,0.0014666011851749,0.0019671959414714023,0.0017168985633231513,0.0,0.0,0.0
2025-11-26,1,0.0019671959414714023,0.0024677906977679043,0.0022174933196196533,0.0,0.0,0.0
2025-11-26,2,0.0024677906977679043,0.0029683854540644063,0.0027180880759161553,2011885.7834773497,0.0,0.0
2025-11-26,3,0.0029683854540644063,0.0034689802103609084,0.0032186828322126573,21751882.06240911,0.0,0.0
2025-11-26,4,0.0034689802103609084,0.00396957496665741,0.0037192775885091594,3194701.226618024,0.0,0.0
2025-11-26,5,0.00396957496665741,0.004470169722953912,0.004219872344805661,16755961.683836158,0.0,0.0
2025-11-26,6,0.004470169722953912,0.0049707644792504144,0.004720467101102164,25303398.794667143,0.0,0.0
2025-11-26,7,0.0049707644792504144,0.0054713592355469165,0.005221061857398665,252924169.24372336,0.0,82660986.05596
2025-11-26,8,0.0054713592355469165,0.0059719539918434185,0.005721656613695168,162712306.73121023,0.0,69675406.365881
2025-11-26,9,0.0059719539918434185,0.0064725487481399205,0.006222251369991669,44641292.710841276,0.0,27941717.478245
2025-11-26,10,0.0064725487481399205,0.0069731435044364225,0.006722846126288172,1030100639.7613982,0.0,40476190.48
2025-11-26,11,0.0069731435044364225,0.007473738260732925,0.007223440882584673,96709878.54389113,0.0,75313743.66929999
2025-11-26,12,0.007473738260732925,0.007974333017029427,0.007724035638881176,0.0,0.0,0.0
2025-11-26,13,0.007974333017029427,0.008474927773325928,0.008224630395177677,85899594.36506769,0.0,1090272.0659
2025-11-26,14,0.008474927773325928,0.00897552252962243,0.00872522515147418,165779284.29433239,0.0,45290760.37337098
2025-11-26,15,0.00897552252962243,0.009476117285918932,0.009225819907770681,33921140.103235364,0.0,6903425.387354181
2025-11-26,16,0.009476117285918932,0.009976712042215433,0.009726414664067182,59764146.38657351,0.0,613145.9358
2025-11-26,17,0.009976712042215433,0.010477306798511936,0.010227009420363684,30645083.128878932,0.0,911799.0071
2025-11-26,18,0.010477306798511936,0.010977901554808439,0.010727604176660188,0.0,0.0,0.0
2025-11-26,19,0.010977901554808439,0.01147849631110494,0.01122819893295669,0.0,0.0,0.0
2025-11-26,20,0.01147849631110494,0.011979091067401441,0.01172879368925319,0.0,0.0,0.0
2025-11-26,21,0.011979091067401441,0.012479685823697944,0.012229388445549692,0.0,0.0,0.0
2025-11-26,22,0.012479685823697944,0.012980280579994447,0.012729983201846196,25942943.535066497,0.0,529635.262
2025-11-26,23,0.012980280579994447,0.013480875336290948,0.013230577958142697,10962121.90099182,0.0,462966.4212
2025-11-26,24,0.013480875336290948,0.01398147009258745,0.013731172714439199,0.0,0.0,0.0
2025-11-26,25,0.01398147009258745,0.014482064848883952,0.0142317674707357,56718423.77003609,0.0,3828048.6454
2025-11-26,26,0.014482064848883952,0.014982659605180455,0.014732362227032204,27045876.98715928,0.0,3035175.2822
2025-11-26,27,0.014982659605180455,0.015483254361476956,0.015232956983328706,81161663.30841035,0.0,2100828.477
2025-11-26,28,0.015483254361476956,0.01598384911777346,0.015733551739625207,14365242.418116016,0.0,320934.52665
2025-11-26,29,0.01598384911777346,0.01648444387406996,0.01623414649592171,0.0,0.0,0.0
2025-11-26,30,0.01648444387406996,0.016985038630366465,0.016734741252218212,53880921.01558202,0.0,3076333.1029000003
2025-11-26,31,0.016985038630366465,0.017485633386662966,0.017235336008514714,0.0,0.0,0.0
2025-11-26,32,0.017485633386662966,0.017986228142959467,0.01773593076481122,34813139.38024741,0.0,5997013.514900001
2025-11-26,33,0.017986228142959467,0.01848682289925597,0.018236525521107716,36757519.23159805,0.0,1683391.8751
2025-11-26,34,0.01848682289925597,0.018987417655552473,0.01873712027740422,0.0,0.0,0.0
2025-11-26,35,0.018987417655552473,0.019488012411848974,0.019237715033700725,135997563.80873084,0.0,4113149.5599999996
2025-11-26,36,0.019488012411848974,0.019988607168145475,0.019738309789997223,15717941.824326156,0.0,1366803.6518
2025-11-26,37,0.019988607168145475,0.02048920192444198,0.020238904546293728,13604311.60243455,0.0,1506945.9588
2025-11-26,38,0.02048920192444198,0.02098979668073848,0.020739499302590232,0.0,0.0,0.0
2025-11-26,39,0.02098979668073848,0.021490391437034982,0.02124009405888673,0.0,0.0,0.0
2025-11-26,40,0.021490391437034982,0.021990986193331483,0.021740688815183234,4318755.318788827,0.0,447416.5732
2025-11-26,41,0.021990986193331483,0.022491580949627984,0.022241283571479732,8082869.246935741,0.0,1738136.014
2025-11-26,42,0.022491580949627984,0.02299217570592449,0.022741878327776237,0.0,0.0,0.0
2025-11-26,43,0.02299217570592449,0.02349277046222099,0.02324247308407274,0.0,0.0,0.0
2025-11-26,44,0.02349277046222099,0.02399336521851749,0.02374306784036924,0.0,0.0,0.0
2025-11-26,45,0.02399336521851749,0.024493959974813996,0.024243662596665744,23247018.875755414,0.0,8551475.782
2025-11-26,46,0.024493959974813996,0.024994554731110497,0.02474425735296225,0.0,0.0,0.0
2025-11-26,47,0.024994554731110497,0.025495149487407,0.025244852109258746,6919046.346049585,0.0,2565408.956
2025-11-26,48,0.025495149487407,0.0259957442437035,0.02574544686555525,0.0,0.0,0.0
2025-11-26,49,0.0259957442437035,0.026496339,0.02624604162185175,15665727.541006327,0.0,5034303.169
2025-11-27,0,0.0014666011851749,0.0019671959414714023,0.0017168985633231513,0.0,0.0,0.0
2025-11-27,1,0.0019671959414714023,0.0024677906977679043,0.0022174933196196533,0.0,0.0,0.0
2025-11-27,2,0.0024677906977679043,0.0029683854540644063,0.0027180880759161553,2011885.7834773497,0.0,0.0
2025-11-27,3,0.0029683854540644063,0.0034689802103609084,0.0032186828322126573,21751882.06240911,0.0,0.0
2025-11-27,4,0.0034689802103609084,0.00396957496665741,0.0037192775885091594,3188701.226618024,0.0,0.0
2025-11-27,5,0.00396957496665741,0.004470169722953912,0.004219872344805661,16755961.683836158,0.0,0.0
2025-11-27,6,0.004470169722953912,0.0049707644792504144,0.004720467101102164,25303398.794667143,0.0,0.0
2025-11-27,7,0.0049707644792504144,0.0054713592355469165,0.005221061857398665,245272388.76716745,0.0,82458520.34666
2025-11-27,8,0.0054713592355469165,0.0059719539918434185,0.005721656613695168,156906373.47727746,0.0,69675406.365881
2025-11-27,9,0.0059719539918434185,0.0064725487481399205,0.006222251369991669,70256352.83200562,0.0,40551380.18654501
2025-11-27,10,0.0064725487481399205,0.0069731435044364225,0.006722846126288172,1030048446.6568143,0.0,40476190.48
2025-11-27,11,0.0069731435044364225,0.007473738260732925,0.007223440882584673,95289962.04840818,0.0,74762266.58515415
2025-11-27,12,0.007473738260732925,0.007974333017029427,0.007724035638881176,0.0,0.0,0.0
2025-11-27,13,0.007974333017029427,0.008474927773325928,0.008224630395177677,85793573.63292399,0.0,1090272.0659
2025-11-27,14,0.008474927773325928,0.00897552252962243,0.00872522515147418,158414047.28084332,0.0,39811516.14937098
2025-11-27,15,0.00897552252962243,0.009476117285918932,0.009225819907770681,33722999.558186166,0.0,1343206.0194000292
2025-11-27,16,0.009476117285918932,0.009976712042215433,0.009726414664067182,58598525.82245919,0.0,613145.9358
2025-11-27,17,0.009976712042215433,0.010477306798511936,0.010227009420363684,30439662.99879893,0.0,911799.0071
2025-11-27,18,0.010477306798511936,0.010977901554808439,0.010727604176660188,0.0,0.0,0.0
2025-11-27,19,0.010977901554808439,0.01147849631110494,0.01122819893295669,0.0,0.0,0.0
2025-11-27,20,0.01147849631110494,0.011979091067401441,0.01172879368925319,0.0,0.0,0.0
2025-11-27,21,0.011979091067401441,0.012479685823697944,0.012229388445549692,0.0,0.0,0.0
2025-11-27,22,0.012479685823697944,0.012980280579994447,0.012729983201846196,25942943.535066497,0.0,529635.262
2025-11-27,23,0.012980280579994447,0.013480875336290948,0.013230577958142697,10962121.90099182,0.0,462966.4212
2025-11-27,24,0.013480875336290948,0.01398147009258745,0.013731172714439199,0.0,0.0,0.0
2025-11-27,25,0.01398147009258745,0.014482064848883952,0.0142317674707357,56501262.76609708,0.0,3828048.6454
2025-11-27,26,0.014482064848883952,0.014982659605180455,0.014732362227032204,27041051.259504277,0.0,3035175.2822
2025-11-27,27,0.014982659605180455,0.015483254361476956,0.015232956983328706,81149510.41199534,0.0,2100828.477
2025-11-27,28,0.015483254361476956,0.01598384911777346,0.015733551739625207,14365167.380307296,0.0,320934.52665
2025-11-27,29,0.01598384911777346,0.01648444387406996,0.01623414649592171,0.0,0.0,0.0
2025-11-27,30,0.01648444387406996,0.016985038630366465,0.016734741252218212,53846399.621826425,0.0,3076333.1029000003
2025-11-27,31,0.016985038630366465,0.017485633386662966,0.017235336008514714,0.0,0.0,0.0
2025-11-27,32,0.017485633386662966,0.017986228142959467,0.01773593076481122,34812706.626743905,0.0,5997013.514900001
2025-11-27,33,0.017986228142959467,0.01848682289925597,0.018236525521107716,36704395.09187805,0.0,1683391.8751
2025-11-27,34,0.01848682289925597,0.018987417655552473,0.01873712027740422,0.0,0.0,0.0
2025-11-27,35,0.018987417655552473,0.019488012411848974,0.019237715033700725,135986796.10936382,0.0,4113149.5599999996
2025-11-27,36,0.019488012411848974,0.019988607168145475,0.019738309789997223,15714761.763410157,0.0,1366803.6518
2025-11-27,37,0.019988607168145475,0.02048920192444198,0.020238904546293728,13601509.586116249,0.0,1506945.9588
2025-11-27,38,0.02048920192444198,0.02098979668073848,0.020739499302590232,0.0,0.0,0.0
2025-11-27,39,0.02098979668073848,0.021490391437034982,0.02124009405888673,0.0,0.0,0.0
2025-11-27,40,0.021490391437034982,0.021990986193331483,0.021740688815183234,4318755.318788827,0.0,447416.5732
2025-11-27,41,0.021990986193331483,0.022491580949627984,0.022241283571479732,8082869.246935741,0.0,1738136.014
2025-11-27,42,0.022491580949627984,0.02299217570592449,0.022741878327776237,0.0,0.0,0.0
2025-11-27,43,0.02299217570592449,0.02349277046222099,0.02324247308407274,0.0,0.0,0.0
2025-11-27,44,0.02349277046222099,0.02399336521851749,0.02374306784036924,0.0,0.0,0.0
2025-11-27,45,0.02399336521851749,0.024493959974813996,0.024243662596665744,23246939.188779015,0.0,8551475.782
2025-11-27,46,0.024493959974813996,0.024994554731110497,0.02474425735296225,0.0,0.0,0.0
2025-11-27,47,0.024994554731110497,0.025495149487407,0.025244852109258746,6919046.346049585,0.0,2565408.956
2025-11-27,48,0.025495149487407,0.0259957442437035,0.02574544686555525,0.0,0.0,0.0
2025-11-27,49,0.0259957442437035,0.026496339,0.02624604162185175,15665727.541006327,0.0,5034303.169
2025-11-28,0,0.0014666011851749,0.0019671959414714023,0.0017168985633231513,0.0,0.0,0.0
2025-11-28,1,0.0019671959414714023,0.0024677906977679043,0.0022174933196196533,0.0,0.0,0.0
2025-11-28,2,0.0024677906977679043,0.0029683854540644063,0.0027180880759161553,2011885.7834773497,0.0,0.0
2025-11-28,3,0.0029683854540644063,0.0034689802103609084,0.0032186828322126573,21751882.06240911,0.0,0.0
2025-11-28,4,0.0034689802103609084,0.00396957496665741,0.0037192775885091594,3179212.3217260237,0.0,0.0
2025-11-28,5,0.00396957496665741,0.004470169722953912,0.004219872344805661,16755961.683836158,0.0,0.0
2025-11-28,6,0.004470169722953912,0.0049707644792504144,0.004720467101102164,25303398.794667143,0.0,0.0
2025-11-28,7,0.0049707644792504144,0.0054713592355469165,0.005221061857398665,234601886.24260926,0.0,82436945.33236
2025-11-28,8,0.0054713592355469165,0.0059719539918434185,0.005721656613695168,200515732.22975376,0.0,78431638.376181
2025-11-28,9,0.0059719539918434185,0.0064725487481399205,0.006222251369991669,69330316.18934512,0.0,40551380.18654501
2025-11-28,10,0.0064725487481399205,0.0069731435044364225,0.006722846126288172,1029952364.0777214,0.0,40476190.48
2025-11-28,11,0.0069731435044364225,0.007473738260732925,0.007223440882584673,94873371.56811534,0.0,68685696.53415418
2025-11-28,12,0.007473738260732925,0.007974333017029427,0.007724035638881176,0.0,0.0,0.0
2025-11-28,13,0.007974333017029427,0.008474927773325928,0.008224630395177677,84881772.22550578,0.0,1090272.0659
2025-11-28,14,0.008474927773325928,0.00897552252962243,0.00872522515147418,155403444.81529424,0.0,37710156.10737098
2025-11-28,15,0.00897552252962243,0.009476117285918932,0.009225819907770681,33715109.51106122,0.0,287733.3244
2025-11-28,16,0.009476117285918932,0.009976712042215433,0.009726414664067182,57138513.9953101,0.0,613145.9358
2025-11-28,17,0.009976712042215433,0.010477306798511936,0.010227009420363684,29575492.953598924,0.0,911799.0071
2025-11-28,18,0.010477306798511936,0.010977901554808439,0.010727604176660188,0.0,0.0,0.0
2025-11-28,19,0.010977901554808439,0.01147849631110494,0.01122819893295669,0.0,0.0,0.0
2025-11-28,20,0.01147849631110494,0.011979091067401441,0.01172879368925319,0.0,0.0,0.0
2025-11-28,21,0.011979091067401441,0.012479685823697944,0.012229388445549692,0.0,0.0,0.0
2025-11-28,22,0.012479685823697944,0.012980280579994447,0.012729983201846196,25942943.535066497,0.0,529635.262
2025-11-28,23,0.012980280579994447,0.013480875336290948,0.013230577958142697,10960443.57132282,0.0,462966.4212
2025-11-28,24,0.013480875336290948,0.01398147009258745,0.013731172714439199,0.0,0.0,0.0
2025-11-28,25,0.01398147009258745,0.014482064848883952,0.0142317674707357,56497315.71239408,0.0,3828048.6454
2025-11-28,26,0.014482064848883952,0.014982659605180455,0.014732362227032204,26355548.999304276,0.0,3035175.2822
2025-11-28,27,0.014982659605180455,0.015483254361476956,0.015232956983328706,59477368.4954754,0.0,2100828.477
2025-11-28,28,0.015483254361476956,0.01598384911777346,0.015733551739625207,14364985.240828797,0.0,320934.52665
2025-11-28,29,0.01598384911777346,0.01648444387406996,0.01623414649592171,0.0,0.0,0.0
2025-11-28,30,0.01648444387406996,0.016985038630366465,0.016734741252218212,53846266.92213949,0.0,3076333.1029000003
2025-11-28,31,0.016985038630366465,0.017485633386662966,0.017235336008514714,0.0,0.0,0.0
2025-11-28,32,0.017485633386662966,0.017986228142959467,0.01773593076481122,34803257.69208371,0.0,5997013.514900001
2025-11-28,33,0.017986228142959467,0.01848682289925597,0.018236525521107716,36560800.96411933,0.0,1683391.8751
2025-11-28,34,0.01848682289925597,0.018987417655552473,0.01873712027740422,0.0,0.0,0.0
2025-11-28,35,0.018987417655552473,0.019488012411848974,0.019237715033700725,135824605.54529685,0.0,4113149.5599999996
2025-11-28,36,0.019488012411848974,0.019988607168145475,0.019738309789997223,15712206.690720754,0.0,1366803.6518
2025-11-28,37,0.019988607168145475,0.02048920192444198,0.020238904546293728,13598862.540670326,0.0,1506945.9588
2025-11-28,38,0.02048920192444198,0.02098979668073848,0.020739499302590232,0.0,0.0,0.0
2025-11-28,39,0.02098979668073848,0.021490391437034982,0.02124009405888673,0.0,0.0,0.0
2025-11-28,40,0.021490391437034982,0.021990986193331483,0.021740688815183234,4318755.318788827,0.0,447416.5732
2025-11-28,41,0.021990986193331483,0.022491580949627984,0.022241283571479732,8082869.246935741,0.0,1738136.014
2025-11-28,42,0.022491580949627984,0.02299217570592449,0.022741878327776237,0.0,0.0,0.0
2025-11-28,43,0.02299217570592449,0.02349277046222099,0.02324247308407274,0.0,0.0,0.0
2025-11-28,44,0.02349277046222099,0.02399336521851749,0.02374306784036924,0.0,0.0,0.0
2025-11-28,45,0.02399336521851749,0.024493959974813996,0.024243662596665744,23229330.021369018,0.0,8551475.782
2025-11-28,46,0.024493959974813996,0.024994554731110497,0.02474425735296225,0.0,0.0,0.0
2025-11-28,47,0.024994554731110497,0.025495149487407,0.025244852109258746,6919046.346049585,0.0,2565408.956
2025-11-28,48,0.025495149487407,0.0259957442437035,0.02574544686555525,0.0,0.0,0.0
2025-11-28,49,0.0259957442437035,0.026496339,0.02624604162185175,15665727.541006327,0.0,5034303.169
2025-11-29,0,0.0014666011851749,0.0019671959414714023,0.0017168985633231513,0.0,0.0,0.0
2025-11-29,1,0.0019671959414714023,0.0024677906977679043,0.0022174933196196533,0.0,0.0,0.0
2025-11-29,2,0.0024677906977679043,0.0029683854540644063,0.0027180880759161553,2011885.7834773497,0.0,0.0
2025-11-29,3,0.0029683854540644063,0.0034689802103609084,0.0032186828322126573,21751882.06240911,0.0,0.0
2025-11-29,4,0.0034689802103609084,0.00396957496665741,0.0037192775885091594,3179212.3217260237,0.0,0.0
2025-11-29,5,0.00396957496665741,0.004470169722953912,0.004219872344805661,16680531.782218458,0.0,0.0
2025-11-29,6,0.004470169722953912,0.0049707644792504144,0.004720467101102164,25303398.794667143,0.0,0.0
2025-11-29,7,0.0049707644792504144,0.0054713592355469165,0.005221061857398665,228233973.7096296,0.0,82436945.33236
2025-11-29,8,0.0054713592355469165,0.0059719539918434185,0.005721656613695168,217173133.00811553,0.0,84596007.31238101
2025-11-29,9,0.0059719539918434185,0.0064725487481399205,0.006222251369991669,68309629.64699382,0.0,40551380.18654501
2025-11-29,10,0.0064725487481399205,0.0069731435044364225,0.006722846126288172,1029878730.2747009,0.0,40476190.48
2025-11-29,11,0.0069731435044364225,0.007473738260732925,0.007223440882584673,93043419.43298545,0.0,63838744.35215418
2025-11-29,12,0.007473738260732925,0.007974333017029427,0.007724035638881176,0.0,0.0,0.0
2025-11-29,13,0.007974333017029427,0.008474927773325928,0.008224630395177677,83841265.74037579,0.0,1090272.0659
2025-11-29,14,0.008474927773325928,0.00897552252962243,0.00872522515147418,153700408.49720928,0.0,37339212.75427098
2025-11-29,15,0.00897552252962243,0.009476117285918932,0.009225819907770681,33704979.457941234,0.0,287733.3244
2025-11-29,16,0.009476117285918932,0.009976712042215433,0.009726414664067182,56780603.0212791,0.0,613145.9358
2025-11-29,17,0.009976712042215433,0.010477306798511936,0.010227009420363684,29336009.513156928,0.0,911799.0071
2025-11-29,18,0.010477306798511936,0.010977901554808439,0.010727604176660188,0.0,0.0,0.0
2025-11-29,19,0.010977901554808439,0.01147849631110494,0.01122819893295669,0.0,0.0,0.0
2025-11-29,20,0.01147849631110494,0.011979091067401441,0.01172879368925319,0.0,0.0,0.0
2025-11-29,21,0.011979091067401441,0.012479685823697944,0.012229388445549692,0.0,0.0,0.0
2025-11-29,22,0.012479685823697944,0.012980280579994447,0.012729983201846196,25912090.21524949,0.0,529635.262
2025-11-29,23,0.012980280579994447,0.013480875336290948,0.013230577958142697,10926077.20691982,0.0,462966.4212
2025-11-29,24,0.013480875336290948,0.01398147009258745,0.013731172714439199,0.0,0.0,0.0
2025-11-29,25,0.01398147009258745,0.014482064848883952,0.0142317674707357,56492661.11665908,0.0,3828048.6454
2025-11-29,26,0.014482064848883952,0.014982659605180455,0.014732362227032204,26355548.999304276,0.0,3035175.2822
2025-11-29,27,0.014982659605180455,0.015483254361476956,0.015232956983328706,59419755.4038462,0.0,2100828.477
2025-11-29,28,0.015483254361476956,0.01598384911777346,0.015733551739625207,14364844.359429996,0.0,320934.52665
2025-11-29,29,0.01598384911777346,0.01648444387406996,0.01623414649592171,0.0,0.0,0.0
2025-11-29,30,0.01648444387406996,0.016985038630366465,0.016734741252218212,53804647.23955907,0.0,3076333.1029000003
2025-11-29,31,0.016985038630366465,0.017485633386662966,0.017235336008514714,0.0,0.0,0.0
2025-11-29,32,0.017485633386662966,0.017986228142959467,0.01773593076481122,34498526.0154267,0.0,5997013.514900001
2025-11-29,33,0.017986228142959467,0.01848682289925597,0.018236525521107716,36548128.71056933,0.0,1683391.8751
2025-11-29,34,0.01848682289925597,0.018987417655552473,0.01873712027740422,0.0,0.0,0.0
2025-11-29,35,0.018987417655552473,0.019488012411848974,0.019237715033700725,135175461.10256687,0.0,4113149.5599999996
2025-11-29,36,0.019488012411848974,0.019988607168145475,0.019738309789997223,15457857.358605454,0.0,1366803.6518
2025-11-29,37,0.019988607168145475,0.02048920192444198,0.020238904546293728,13273693.483616624,0.0,1506945.9588
2025-11-29,38,0.02048920192444198,0.02098979668073848,0.020739499302590232,0.0,0.0,0.0
2025-11-29,39,0.02098979668073848,0.021490391437034982,0.02124009405888673,0.0,0.0,0.0
2025-11-29,40,0.021490391437034982,0.021990986193331483,0.021740688815183234,4318755.318788827,0.0,447416.5732
2025-11-29,41,0.021990986193331483,0.022491580949627984,0.022241283571479732,8082869.246935741,0.0,1738136.014
2025-11-29,42,0.022491580949627984,0.02299217570592449,0.022741878327776237,0.0,0.0,0.0
2025-11-29,43,0.02299217570592449,0.02349277046222099,0.02324247308407274,0.0,0.0,0.0
2025-11-29,44,0.02349277046222099,0.02399336521851749,0.02374306784036924,0.0,0.0,0.0
2025-11-29,45,0.02399336521851749,0.024493959974813996,0.024243662596665744,23229330.021369018,0.0,8551475.782
2025-11-29,46,0.024493959974813996,0.024994554731110497,0.02474425735296225,0.0,0.0,0.0
2025-11-29,47,0.024994554731110497,0.025495149487407,0.025244852109258746,6919046.346049585,0.0,2565408.956
2025-11-29,48,0.025495149487407,0.0259957442437035,0.02574544686555525,0.0,0.0,0.0
2025-11-29,49,0.0259957442437035,0.026496339,0.02624604162185175,15665727.541006327,0.0,5034303.169
2025-11-30,0,0.0014666011851749,0.0019671959414714023,0.0017168985633231513,0.0,0.0,0.0
2025-11-30,1,0.0019671959414714023,0.0024677906977679043,0.0022174933196196533,0.0,0.0,0.0
2025-11-30,2,0.0024677906977679043,0.0029683854540644063,0.0027180880759161553,1941199.7346973496,0.0,0.0
2025-11-30,3,0.0029683854540644063,0.0034689802103609084,0.0032186828322126573,21700200.54028911,0.0,0.0
2025-11-30,4,0.0034689802103609084,0.00396957496665741,0.0037192775885091594,3179212.3217260237,0.0,0.0
2025-11-30,5,0.00396957496665741,0.004470169722953912,0.004219872344805661,16680531.782218458,0.0,0.0
2025-11-30,6,0.004470169722953912,0.0049707644792504144,0.004720467101102164,25303398.794667143,0.0,0.0
2025-11-30,7,0.0049707644792504144,0.0054713592355469165,0.005221061857398665,223595960.11736935,0.0,82347689.10016
2025-11-30,8,0.0054713592355469165,0.0059719539918434185,0.005721656613695168,228014615.3729257,0.0,87589055.65541103
2025-11-30,9,0.0059719539918434185,0.0064725487481399205,0.006222251369991669,67096454.28499586,0.0,40551380.18654501
2025-11-30,10,0.0064725487481399205,0.0069731435044364225,0.006722846126288172,1029718364.345937,0.0,40476190.48
2025-11-30,11,0.0069731435044364225,0.007473738260732925,0.007223440882584673,92686206.4823334,0.0,59963606.36455418
2025-11-30,12,0.007473738260732925,0.007974333017029427,0.007724035638881176,0.0,0.0,0.0
2025-11-30,13,0.007974333017029427,0.008474927773325928,0.008224630395177677,83752729.93284148,0.0,1090272.0659
2025-11-30,14,0.008474927773325928,0.00897552252962243,0.00872522515147418,151717884.76614657,0.0,36704467.586870976
2025-11-30,15,0.00897552252962243,0.009476117285918932,0.009225819907770681,33613749.45810513,0.0,287733.3244
2025-11-30,16,0.009476117285918932,0.009976712042215433,0.009726414664067182,56625774.13480909,0.0,613145.9358
2025-11-30,17,0.009976712042215433,0.010477306798511936,0.010227009420363684,29336009.513156928,0.0,911799.0071
2025-11-30,18,0.010477306798511936,0.010977901554808439,0.010727604176660188,0.0,0.0,0.0
2025-11-30,19,0.010977901554808439,0.01147849631110494,0.01122819893295669,0.0,0.0,0.0
2025-11-30,20,0.01147849631110494,0.011979091067401441,0.01172879368925319,0.0,0.0,0.0
2025-11-30,21,0.011979091067401441,0.012479685823697944,0.012229388445549692,0.0,0.0,0.0
2025-11-30,22,0.012479685823697944,0.012980280579994447,0.012729983201846196,25912090.21524949,0.0,529635.262
2025-11-30,23,0.012980280579994447,0.013480875336290948,0.013230577958142697,10925092.279566519,0.0,462966.4212
2025-11-30,24,0.013480875336290948,0.01398147009258745,0.013731172714439199,0.0,0.0,0.0
2025-11-30,25,0.01398147009258745,0.014482064848883952,0.0142317674707357,56478703.98681908,0.0,3828048.6454
2025-11-30,26,0.014482064848883952,0.014982659605180455,0.014732362227032204,26355548.999304276,0.0,3035175.2822
2025-11-30,27,0.014982659605180455,0.015483254361476956,0.015232956983328706,59419755.4038462,0.0,2100828.477
2025-11-30,28,0.015483254361476956,0.01598384911777346,0.015733551739625207,14363076.201608997,0.0,320934.52665
2025-11-30,29,0.01598384911777346,0.01648444387406996,0.01623414649592171,0.0,0.0,0.0
2025-11-30,30,0.01648444387406996,0.016985038630366465,0.016734741252218212,53784637.403186485,0.0,3076333.1029000003
2025-11-30,31,0.016985038630366465,0.017485633386662966,0.017235336008514714,0.0,0.0,0.0
2025-11-30,32,0.017485633386662966,0.017986228142959467,0.01773593076481122,34445845.233205706,0.0,5997013.514900001
2025-11-30,33,0.017986228142959467,0.01848682289925597,0.018236525521107716,36525189.47856933,0.0,1683391.8751
2025-11-30,34,0.01848682289925597,0.018987417655552473,0.01873712027740422,0.0,0.0,0.0
2025-11-30,35,0.018987417655552473,0.019488012411848974,0.019237715033700725,135175461.10256687,0.0,4113149.5599999996
2025-11-30,36,0.019488012411848974,0.019988607168145475,0.019738309789997223,15457857.358605454,0.0,1366803.6518
2025-11-30,37,0.019988607168145475,0.02048920192444198,0.020238904546293728,13273693.483616624,0.0,1506945.9588
2025-11-30,38,0.02048920192444198,0.02098979668073848,0.020739499302590232,0.0,0.0,0.0
2025-11-30,39,0.02098979668073848,0.021490391437034982,0.02124009405888673,0.0,0.0,0.0
2025-11-30,40,0.021490391437034982,0.021990986193331483,0.021740688815183234,4318755.318788827,0.0,447416.5732
2025-11-30,41,0.021990986193331483,0.022491580949627984,0.022241283571479732,8081059.307679741,0.0,1738136.014
2025-11-30,42,0.022491580949627984,0.02299217570592449,0.022741878327776237,0.0,0.0,0.0
2025-11-30,43,0.02299217570592449,0.02349277046222099,0.02324247308407274,0.0,0.0,0.0
2025-11-30,44,0.02349277046222099,0.02399336521851749,0.02374306784036924,0.0,0.0,0.0
2025-11-30,45,0.02399336521851749,0.024493959974813996,0.024243662596665744,23211281.80057902,0.0,8551475.782
2025-11-30,46,0.024493959974813996,0.024994554731110497,0.02474425735296225,0.0,0.0,0.0
2025-11-30,47,0.024994554731110497,0.025495149487407,0.025244852109258746,6908188.689539585,0.0,2565408.956
2025-11-30,48,0.025495149487407,0.0259957442437035,0.02574544686555525,0.0,0.0,0.0
2025-11-30,49,0.0259957442437035,0.026496339,0.02624604162185175,15662721.276153326,0.0,5034303.169
2025-12-01,0,0.0014666011851749,0.0019671959414714023,0.0017168985633231513,0.0,0.0,0.0
2025-12-01,1,0.0019671959414714023,0.0024677906977679043,0.0022174933196196533,0.0,0.0,0.0
2025-12-01,2,0.0024677906977679043,0.0029683854540644063,0.0027180880759161553,1941199.7346973496,0.0,0.0
2025-12-01,3,0.0029683854540644063,0.0034689802103609084,0.0032186828322126573,21660200.54028911,0.0,0.0
2025-12-01,4,0.0034689802103609084,0.00396957496665741,0.0037192775885091594,3171262.3217260237,0.0,0.0
2025-12-01,5,0.00396957496665741,0.004470169722953912,0.004219872344805661,16615618.608835459,0.0,0.0
2025-12-01,6,0.004470169722953912,0.0049707644792504144,0.004720467101102164,25303398.794667143,0.0,0.0
2025-12-01,7,0.0049707644792504144,0.0054713592355469165,0.005221061857398665,210831633.77083072,0.0,82146404.13676
2025-12-01,8,0.0054713592355469165,0.0059719539918434185,0.005721656613695168,252040369.17345026,0.0,106824516.42771102
2025-12-01,9,0.0059719539918434185,0.0064725487481399205,0.006222251369991669,63319137.48212622,0.0,40334381.830245
2025-12-01,10,0.0064725487481399205,0.0069731435044364225,0.006722846126288172,1029610158.3645761,0.0,40476190.48
2025-12-01,11,0.0069731435044364225,0.007473738260732925,0.007223440882584673,91473387.81646721,0.0,49519827.47055418
2025-12-01,12,0.007473738260732925,0.007974333017029427,0.007724035638881176,0.0,0.0,0.0
2025-12-01,13,0.007974333017029427,0.008474927773325928,0.008224630395177677,83390909.35746087,0.0,1090272.0659
2025-12-01,14,0.008474927773325928,0.00897552252962243,0.00872522515147418,144551278.73836154,0.0,35772632.78557098
2025-12-01,15,0.00897552252962243,0.009476117285918932,0.009225819907770681,33559167.22323413,0.0,287733.3244
2025-12-01,16,0.009476117285918932,0.009976712042215433,0.009726414664067182,55153599.313719094,0.0,613145.9358
2025-12-01,17,0.009976712042215433,0.010477306798511936,0.010227009420363684,29079240.225619428,0.0,911799.0071
2025-12-01,18,0.010477306798511936,0.010977901554808439,0.010727604176660188,0.0,0.0,0.0
2025-12-01,19,0.010977901554808439,0.01147849631110494,0.01122819893295669,0.0,0.0,0.0
2025-12-01,20,0.01147849631110494,0.011979091067401441,0.01172879368925319,0.0,0.0,0.0
2025-12-01,21,0.011979091067401441,0.012479685823697944,0.012229388445549692,0.0,0.0,0.0
2025-12-01,22,0.012479685823697944,0.012980280579994447,0.012729983201846196,25912090.21524949,0.0,529635.262
2025-12-01,23,0.012980280579994447,0.013480875336290948,0.013230577958142697,10925092.279566519,0.0,462966.4212
2025-12-01,24,0.013480875336290948,0.01398147009258745,0.013731172714439199,0.0,0.0,0.0
2025-12-01,25,0.01398147009258745,0.014482064848883952,0.0142317674707357,56237745.196742974,0.0,3828048.6454
2025-12-01,26,0.014482064848883952,0.014982659605180455,0.014732362227032204,26353485.772126276,0.0,3035175.2822
2025-12-01,27,0.014982659605180455,0.015483254361476956,0.015232956983328706,59419755.4038462,0.0,2100828.477
2025-12-01,28,0.015483254361476956,0.01598384911777346,0.015733551739625207,14354226.465158997,0.0,320934.52665
2025-12-01,29,0.01598384911777346,0.01648444387406996,0.01623414649592171,0.0,0.0,0.0
2025-12-01,30,0.01648444387406996,0.016985038630366465,0.016734741252218212,53391033.90596077,0.0,3076333.1029000003
2025-12-01,31,0.016985038630366465,0.017485633386662966,0.017235336008514714,0.0,0.0,0.0
2025-12-01,32,0.017485633386662966,0.017986228142959467,0.01773593076481122,34262961.875060715,0.0,5997013.514900001
2025-12-01,33,0.017986228142959467,0.01848682289925597,0.018236525521107716,36327589.371492736,0.0,1683391.8751
2025-12-01,34,0.01848682289925597,0.018987417655552473,0.01873712027740422,0.0,0.0,0.0
2025-12-01,35,0.018987417655552473,0.019488012411848974,0.019237715033700725,134908012.53723967,0.0,4113149.5599999996
2025-12-01,36,0.019488012411848974,0.019988607168145475,0.019738309789997223,15438116.896481844,0.0,1366803.6518
2025-12-01,37,0.019988607168145475,0.02048920192444198,0.020238904546293728,13255015.347076625,0.0,1506945.9588
2025-12-01,38,0.02048920192444198,0.02098979668073848,0.020739499302590232,0.0,0.0,0.0
2025-12-01,39,0.02098979668073848,0.021490391437034982,0.02124009405888673,0.0,0.0,0.0
2025-12-01,40,0.021490391437034982,0.021990986193331483,0.021740688815183234,4293411.3415838275,0.0,447416.5732
2025-12-01,41,0.021990986193331483,0.022491580949627984,0.022241283571479732,8081059.307679741,0.0,1738136.014
2025-12-01,42,0.022491580949627984,0.02299217570592449,0.022741878327776237,0.0,0.0,0.0
2025-12-01,43,0.02299217570592449,0.02349277046222099,0.02324247308407274,0.0,0.0,0.0
2025-12-01,44,0.02349277046222099,0.02399336521851749,0.02374306784036924,0.0,0.0,0.0
2025-12-01,45,0.02399336521851749,0.024493959974813996,0.024243662596665744,23198538.28444842,0.0,8551475.782
2025-12-01,46,0.024493959974813996,0.024994554731110497,0.02474425735296225,0.0,0.0,0.0
2025-12-01,47,0.024994554731110497,0.025495149487407,0.025244852109258746,6908188.689539585,0.0,2565408.956
2025-12-01,48,0.025495149487407,0.0259957442437035,0.02574544686555525,0.0,0.0,0.0
2025-12-01,49,0.0259957442437035,0.026496339,0.02624604162185175,15662678.878074525,0.0,5034303.169
2025-12-02,0,0.0014666011851749,0.0019671959414714023,0.0017168985633231513,0.0,0.0,0.0
2025-12-02,1,0.0019671959414714023,0.0024677906977679043,0.0022174933196196533,0.0,0.0,0.0
2025-12-02,2,0.0024677906977679043,0.0029683854540644063,0.0027180880759161553,1941199.7346973496,0.0,0.0
2025-12-02,3,0.0029683854540644063,0.0034689802103609084,0.0032186828322126573,21611167.919849113,0.0,0.0
2025-12-02,4,0.0034689802103609084,0.00396957496665741,0.0037192775885091594,3171262.3217260237,0.0,0.0
2025-12-02,5,0.00396957496665741,0.004470169722953912,0.004219872344805661,16415618.608835459,0.0,0.0
2025-12-02,6,0.004470169722953912,0.0049707644792504144,0.004720467101102164,25303384.993600182,0.0,0.0
2025-12-02,7,0.0049707644792504144,0.0054713592355469165,0.005221061857398665,227332080.06848806,0.0,92019745.71646
2025-12-02,8,0.0054713592355469165,0.0059719539918434185,0.005721656613695168,243236782.960449,0.0,106377387.02071103
2025-12-02,9,0.0059719539918434185,0.0064725487481399205,0.006222251369991669,63252187.19914517,0.0,40334381.830245
2025-12-02,10,0.0064725487481399205,0.0069731435044364225,0.006722846126288172,1028996571.4306893,0.0,40476190.48
2025-12-02,11,0.0069731435044364225,0.007473738260732925,0.007223440882584673,90379764.06499812,0.0,41634383.72055417
2025-12-02,12,0.007473738260732925,0.007974333017029427,0.007724035638881176,0.0,0.0,0.0
2025-12-02,13,0.007974333017029427,0.008474927773325928,0.008224630395177677,83375019.56008628,0.0,1090272.0659
2025-12-02,14,0.008474927773325928,0.00897552252962243,0.00872522515147418,140827162.97636992,0.0,35526274.55397098
2025-12-02,15,0.00897552252962243,0.009476117285918932,0.009225819907770681,33256705.59625043,0.0,287733.3244
2025-12-02,16,0.009476117285918932,0.009976712042215433,0.009726414664067182,55053599.313719094,0.0,613145.9358
2025-12-02,17,0.009976712042215433,0.010477306798511936,0.010227009420363684,29079240.225619428,0.0,911799.0071
2025-12-02,18,0.010477306798511936,0.010977901554808439,0.010727604176660188,0.0,0.0,0.0
2025-12-02,19,0.010977901554808439,0.01147849631110494,0.01122819893295669,0.0,0.0,0.0
2025-12-02,20,0.01147849631110494,0.011979091067401441,0.01172879368925319,0.0,0.0,0.0
2025-12-02,21,0.011979091067401441,0.012479685823697944,0.012229388445549692,0.0,0.0,0.0
2025-12-02,22,0.012479685823697944,0.012980280579994447,0.012729983201846196,25850972.01048967,0.0,529635.262
2025-12-02,23,0.012980280579994447,0.013480875336290948,0.013230577958142697,10922777.20691982,0.0,462966.4212
2025-12-02,24,0.013480875336290948,0.01398147009258745,0.013731172714439199,0.0,0.0,0.0
2025-12-02,25,0.01398147009258745,0.014482064848883952,0.0142317674707357,54701454.457447104,0.0,3828048.6454
2025-12-02,26,0.014482064848883952,0.014982659605180455,0.014732362227032204,26351489.335846256,0.0,3035175.2822
2025-12-02,27,0.014982659605180455,0.015483254361476956,0.015232956983328706,59398453.0179854,0.0,2100828.477
2025-12-02,28,0.015483254361476956,0.01598384911777346,0.015733551739625207,14111157.243979998,0.0,320934.52665
2025-12-02,29,0.01598384911777346,0.01648444387406996,0.01623414649592171,0.0,0.0,0.0
2025-12-02,30,0.01648444387406996,0.016985038630366465,0.016734741252218212,53267639.56415131,0.0,3076333.1029000003
2025-12-02,31,0.016985038630366465,0.017485633386662966,0.017235336008514714,0.0,0.0,0.0
2025-12-02,32,0.017485633386662966,0.017986228142959467,0.01773593076481122,34262961.87505819,0.0,5997013.514900001
2025-12-02,33,0.017986228142959467,0.01848682289925597,0.018236525521107716,36327589.37148557,0.0,1683391.8751
2025-12-02,34,0.01848682289925597,0.018987417655552473,0.01873712027740422,0.0,0.0,0.0
2025-12-02,35,0.018987417655552473,0.019488012411848974,0.019237715033700725,134684155.79755968,0.0,4113149.5599999996
2025-12-02,36,0.019488012411848974,0.019988607168145475,0.019738309789997223,15430214.974701444,0.0,1366803.6518
2025-12-02,37,0.019988607168145475,0.02048920192444198,0.020238904546293728,13255015.347076625,0.0,1506945.9588
2025-12-02,38,0.02048920192444198,0.02098979668073848,0.020739499302590232,0.0,0.0,0.0
2025-12-02,39,0.02098979668073848,0.021490391437034982,0.02124009405888673,0.0,0.0,0.0
2025-12-02,40,0.021490391437034982,0.021990986193331483,0.021740688815183234,4293411.089769157,0.0,447416.5732
2025-12-02,41,0.021990986193331483,0.022491580949627984,0.022241283571479732,8081059.307679741,0.0,1738136.014
2025-12-02,42,0.022491580949627984,0.02299217570592449,0.022741878327776237,0.0,0.0,0.0
2025-12-02,43,0.02299217570592449,0.02349277046222099,0.02324247308407274,0.0,0.0,0.0
2025-12-02,44,0.02349277046222099,0.02399336521851749,0.02374306784036924,0.0,0.0,0.0
2025-12-02,45,0.02399336521851749,0.024493959974813996,0.024243662596665744,23198538.28444842,0.0,8551475.782
2025-12-02,46,0.024493959974813996,0.024994554731110497,0.02474425735296225,0.0,0.0,0.0
2025-12-02,47,0.024994554731110497,0.025495149487407,0.025244852109258746,6908188.689539585,0.0,2565408.956
2025-12-02,48,0.025495149487407,0.0259957442437035,0.02574544686555525,0.0,0.0,0.0
2025-12-02,49,0.0259957442437035,0.026496339,0.02624604162185175,15662678.878074525,0.0,5034303.169
2025-12-03,0,0.0014666011851749,0.0019671959414714023,0.0017168985633231513,0.0,0.0,0.0
2025-12-03,1,0.0019671959414714023,0.0024677906977679043,0.0022174933196196533,0.0,0.0,0.0
2025-12-03,2,0.0024677906977679043,0.0029683854540644063,0.0027180880759161553,1941199.7346973496,0.0,0.0
2025-12-03,3,0.0029683854540644063,0.0034689802103609084,0.0032186828322126573,21599595.90404911,0.0,0.0
2025-12-03,4,0.0034689802103609084,0.00396957496665741,0.0037192775885091594,3171262.3217260237,0.0,0.0
2025-12-03,5,0.00396957496665741,0.004470169722953912,0.004219872344805661,16386998.267865459,0.0,0.0
2025-12-03,6,0.004470169722953912,0.0049707644792504144,0.004720467101102164,25303384.993600182,0.0,0.0
2025-12-03,7,0.0049707644792504144,0.0054713592355469165,0.005221061857398665,242946312.46399525,0.0,97750814.72193016
2025-12-03,8,0.0054713592355469165,0.0059719539918434185,0.005721656613695168,234230993.97207347,0.0,105987580.58953004
2025-12-03,9,0.0059719539918434185,0.0064725487481399205,0.006222251369991669,62571779.68340807,0.0,40328530.631000005
2025-12-03,10,0.0064725487481399205,0.0069731435044364225,0.006722846126288172,1028959367.9656154,0.0,40476190.48
2025-12-03,11,0.0069731435044364225,0.007473738260732925,0.007223440882584673,89227187.15489806,0.0,36769658.75410002
2025-12-03,12,0.007473738260732925,0.007974333017029427,0.007724035638881176,0.0,0.0,0.0
2025-12-03,13,0.007974333017029427,0.008474927773325928,0.008224630395177677,83344589.36979228,0.0,1090272.0659
2025-12-03,14,0.008474927773325928,0.00897552252962243,0.00872522515147418,140331639.65398392,0.0,35451011.23576098
2025-12-03,15,0.00897552252962243,0.009476117285918932,0.009225819907770681,31336965.325950425,0.0,287733.3244
2025-12-03,16,0.009476117285918932,0.009976712042215433,0.009726414664067182,54764341.83621909,0.0,613145.9358
2025-12-03,17,0.009976712042215433,0.010477306798511936,0.010227009420363684,29079240.225619428,0.0,911799.0071
2025-12-03,18,0.010477306798511936,0.010977901554808439,0.010727604176660188,0.0,0.0,0.0
2025-12-03,19,0.010977901554808439,0.01147849631110494,0.01122819893295669,0.0,0.0,0.0
2025-12-03,20,0.01147849631110494,0.011979091067401441,0.01172879368925319,0.0,0.0,0.0
2025-12-03,21,0.011979091067401441,0.012479685823697944,0.012229388445549692,0.0,0.0,0.0
2025-12-03,22,0.012479685823697944,0.012980280579994447,0.012729983201846196,25850939.08747607,0.0,529635.262
2025-12-03,23,0.012980280579994447,0.013480875336290948,0.013230577958142697,10879671.30596282,0.0,462966.4212
2025-12-03,24,0.013480875336290948,0.01398147009258745,0.013731172714439199,0.0,0.0,0.0
2025-12-03,25,0.01398147009258745,0.014482064848883952,0.0142317674707357,54576176.080609106,0.0,3828048.6454
2025-12-03,26,0.014482064848883952,0.014982659605180455,0.014732362227032204,26326519.208376255,0.0,3035175.2822
2025-12-03,27,0.014982659605180455,0.015483254361476956,0.015232956983328706,59398453.0179854,0.0,2100828.477
2025-12-03,28,0.015483254361476956,0.01598384911777346,0.015733551739625207,14064798.966889998,0.0,320934.52665
2025-12-03,29,0.01598384911777346,0.01648444387406996,0.01623414649592171,0.0,0.0,0.0
2025-12-03,30,0.01648444387406996,0.016985038630366465,0.016734741252218212,53105260.15587081,0.0,3076333.1029000003
2025-12-03,31,0.016985038630366465,0.017485633386662966,0.017235336008514714,0.0,0.0,0.0
2025-12-03,32,0.017485633386662966,0.017986228142959467,0.01773593076481122,34129197.76176119,0.0,5997013.514900001
2025-12-03,33,0.017986228142959467,0.01848682289925597,0.018236525521107716,35955652.17742857,0.0,1683391.8751
2025-12-03,34,0.01848682289925597,0.018987417655552473,0.01873712027740422,0.0,0.0,0.0
2025-12-03,35,0.018987417655552473,0.019488012411848974,0.019237715033700725,134067907.5679982,0.0,4113149.5599999996
2025-12-03,36,0.019488012411848974,0.019988607168145475,0.019738309789997223,15171110.578521444,0.0,1366803.6518
2025-12-03,37,0.019988607168145475,0.02048920192444198,0.020238904546293728,13253868.909520425,0.0,1506945.9588
2025-12-03,38,0.02048920192444198,0.02098979668073848,0.020739499302590232,0.0,0.0,0.0
2025-12-03,39,0.02098979668073848,0.021490391437034982,0.02124009405888673,0.0,0.0,0.0
2025-12-03,40,0.021490391437034982,0.021990986193331483,0.021740688815183234,4229718.048509156,0.0,447416.5732
2025-12-03,41,0.021990986193331483,0.022491580949627984,0.022241283571479732,8081059.307679741,0.0,1738136.014
2025-12-03,42,0.022491580949627984,0.02299217570592449,0.022741878327776237,0.0,0.0,0.0
2025-12-03,43,0.02299217570592449,0.02349277046222099,0.02324247308407274,0.0,0.0,0.0
2025-12-03,44,0.02349277046222099,0.02399336521851749,0.02374306784036924,0.0,0.0,0.0
2025-12-03,45,0.02399336521851749,0.024493959974813996,0.024243662596665744,23098538.169248417,0.0,8551475.782
2025-12-03,46,0.024493959974813996,0.024994554731110497,0.02474425735296225,0.0,0.0,0.0
2025-12-03,47,0.024994554731110497,0.025495149487407,0.025244852109258746,6908188.689539585,0.0,2565408.956
2025-12-03,48,0.025495149487407,0.0259957442437035,0.02574544686555525,0.0,0.0,0.0
2025-12-03,49,0.0259957442437035,0.026496339,0.02624604162185175,15645878.084894525,0.0,5034303.169
2025-12-04,0,0.0014666011851749,0.0019671959414714023,0.0017168985633231513,0.0,0.0,0.0
2025-12-04,1,0.0019671959414714023,0.0024677906977679043,0.0022174933196196533,0.0,0.0,0.0
2025-12-04,2,0.0024677906977679043,0.0029683854540644063,0.0027180880759161553,1899220.8591373495,0.0,0.0
2025-12-04,3,0.0029683854540644063,0.0034689802103609084,0.0032186828322126573,21599595.90404911,0.0,0.0
2025-12-04,4,0.0034689802103609084,0.00396957496665741,0.0037192775885091594,3171262.321716024,0.0,0.0
2025-12-04,5,0.00396957496665741,0.004470169722953912,0.004219872344805661,16386998.267865459,0.0,0.0
2025-12-04,6,0.004470169722953912,0.0049707644792504144,0.004720467101102164,25215326.60993218,0.0,0.0
2025-12-04,7,0.0049707644792504144,0.0054713592355469165,0.005221061857398665,263021815.90906784,0.0,110328667.23473015
2025-12-04,8,0.0054713592355469165,0.0059719539918434185,0.005721656613695168,224077483.6900976,0.0,104731075.48210002
2025-12-04,9,0.0059719539918434185,0.0064725487481399205,0.006222251369991669,61961728.011444055,0.0,40328530.631000005
2025-12-04,10,0.0064725487481399205,0.0069731435044364225,0.006722846126288172,1028873879.8964889,0.0,40476190.48
2025-12-04,11,0.0069731435044364225,0.007473738260732925,0.007223440882584673,87212269.35669455,0.0,30875924.36810002
2025-12-04,12,0.007473738260732925,0.007974333017029427,0.007724035638881176,0.0,0.0,0.0
2025-12-04,13,0.007974333017029427,0.008474927773325928,0.008224630395177677,83256122.72365707,0.0,1090272.0659
2025-12-04,14,0.008474927773325928,0.00897552252962243,0.00872522515147418,138840172.61069196,0.0,34709101.08166098
2025-12-04,15,0.00897552252962243,0.009476117285918932,0.009225819907770681,31222407.001019426,0.0,287733.3244
2025-12-04,16,0.009476117285918932,0.009976712042215433,0.009726414664067182,54755337.160321295,0.0,613145.9358
2025-12-04,17,0.009976712042215433,0.010477306798511936,0.010227009420363684,28356686.771939427,0.0,911799.0071
2025-12-04,18,0.010477306798511936,0.010977901554808439,0.010727604176660188,0.0,0.0,0.0
2025-12-04,19,0.010977901554808439,0.01147849631110494,0.01122819893295669,0.0,0.0,0.0
2025-12-04,20,0.01147849631110494,0.011979091067401441,0.01172879368925319,0.0,0.0,0.0
2025-12-04,21,0.011979091067401441,0.012479685823697944,0.012229388445549692,0.0,0.0,0.0
2025-12-04,22,0.012479685823697944,0.012980280579994447,0.012729983201846196,25829570.92087132,0.0,529635.262
2025-12-04,23,0.012980280579994447,0.013480875336290948,0.013230577958142697,10879671.30596282,0.0,462966.4212
2025-12-04,24,0.013480875336290948,0.01398147009258745,0.013731172714439199,0.0,0.0,0.0
2025-12-04,25,0.01398147009258745,0.014482064848883952,0.0142317674707357,54422975.91494512,0.0,3828048.6454
2025-12-04,26,0.014482064848883952,0.014982659605180455,0.014732362227032204,26278516.745506253,0.0,3035175.2822
2025-12-04,27,0.014982659605180455,0.015483254361476956,0.015232956983328706,59391734.3076454,0.0,2100828.477
2025-12-04,28,0.015483254361476956,0.01598384911777346,0.015733551739625207,13775194.778389998,0.0,320934.52665
2025-12-04,29,0.01598384911777346,0.01648444387406996,0.01623414649592171,0.0,0.0,0.0
2025-12-04,30,0.01648444387406996,0.016985038630366465,0.016734741252218212,52680761.38943881,0.0,3076333.1029000003
2025-12-04,31,0.016985038630366465,0.017485633386662966,0.017235336008514714,0.0,0.0,0.0
2025-12-04,32,0.017485633386662966,0.017986228142959467,0.01773593076481122,33842148.40366669,0.0,5997013.514900001
2025-12-04,33,0.017986228142959467,0.01848682289925597,0.018236525521107716,35924938.70590125,0.0,1683391.8751
2025-12-04,34,0.01848682289925597,0.018987417655552473,0.01873712027740422,0.0,0.0,0.0
2025-12-04,35,0.018987417655552473,0.019488012411848974,0.019237715033700725,134022623.9557121,0.0,4113149.5599999996
2025-12-04,36,0.019488012411848974,0.019988607168145475,0.019738309789997223,15160325.710253445,0.0,1366803.6518
2025-12-04,37,0.019988607168145475,0.02048920192444198,0.020238904546293728,13235006.833447985,0.0,1506945.9588
2025-12-04,38,0.02048920192444198,0.02098979668073848,0.020739499302590232,0.0,0.0,0.0
2025-12-04,39,0.02098979668073848,0.021490391437034982,0.02124009405888673,0.0,0.0,0.0
2025-12-04,40,0.021490391437034982,0.021990986193331483,0.021740688815183234,4198013.145544856,0.0,447416.5732
2025-12-04,41,0.021990986193331483,0.022491580949627984,0.022241283571479732,8081059.307679741,0.0,1738136.014
2025-12-04,42,0.022491580949627984,0.02299217570592449,0.022741878327776237,0.0,0.0,0.0
2025-12-04,43,0.02299217570592449,0.02349277046222099,0.02324247308407274,0.0,0.0,0.0
2025-12-04,44,0.02349277046222099,0.02399336521851749,0.02374306784036924,0.0,0.0,0.0
2025-12-04,45,0.02399336521851749,0.024493959974813996,0.024243662596665744,23098538.169248417,0.0,8551475.782
2025-12-04,46,0.024493959974813996,0.024994554731110497,0.02474425735296225,0.0,0.0,0.0
2025-12-04,47,0.024994554731110497,0.025495149487407,0.025244852109258746,6813434.283849587,0.0,2565408.956
2025-12-04,48,0.025495149487407,0.0259957442437035,0.02574544686555525,0.0,0.0,0.0
2025-12-04,49,0.0259957442437035,0.026496339,0.02624604162185175,15645061.206614625,0.0,5034303.169
2025-12-05,0,0.0014666011851749,0.0019671959414714023,0.0017168985633231513,0.0,0.0,0.0
2025-12-05,1,0.0019671959414714023,0.0024677906977679043,0.0022174933196196533,0.0,0.0,0.0
2025-12-05,2,0.0024677906977679043,0.0029683854540644063,0.0027180880759161553,1899220.8591373495,0.0,0.0
2025-12-05,3,0.0029683854540644063,0.0034689802103609084,0.0032186828322126573,21599595.90404911,0.0,0.0
2025-12-05,4,0.0034689802103609084,0.00396957496665741,0.0037192775885091594,3091888.252049224,0.0,0.0
2025-12-05,5,0.00396957496665741,0.004470169722953912,0.004219872344805661,16386998.267865459,0.0,0.0
2025-12-05,6,0.004470169722953912,0.0049707644792504144,0.004720467101102164,148862615.63812938,0.0,53432361.692999996
2025-12-05,7,0.0049707644792504144,0.0054713592355469165,0.005221061857398665,220067647.57575077,0.0,107524775.09073016
2025-12-05,8,0.0054713592355469165,0.0059719539918434185,0.005721656613695168,194176079.61966398,0.0,104731075.48210002
2025-12-05,9,0.0059719539918434185,0.0064725487481399205,0.006222251369991669,58436993.57135477,0.0,27769749.29100002
2025-12-05,10,0.0064725487481399205,0.0069731435044364225,0.006722846126288172,1027202711.4651985,0.0,40476190.48
2025-12-05,11,0.0069731435044364225,0.007473738260732925,0.007223440882584673,83303480.96520838,0.0,2105724.4981
2025-12-05,12,0.007473738260732925,0.007974333017029427,0.007724035638881176,0.0,0.0,0.0
2025-12-05,13,0.007974333017029427,0.008474927773325928,0.008224630395177677,81825191.7025884,0.0,1090272.0659
2025-12-05,14,0.008474927773325928,0.00897552252962243,0.00872522515147418,136961247.05914405,0.0,32151127.355660975
2025-12-05,15,0.00897552252962243,0.009476117285918932,0.009225819907770681,31204964.029991426,0.0,287733.3244
2025-12-05,16,0.009476117285918932,0.009976712042215433,0.009726414664067182,54394978.647773296,0.0,613145.9358
2025-12-05,17,0.009976712042215433,0.010477306798511936,0.010227009420363684,27212861.98167143,0.0,911799.0071
2025-12-05,18,0.010477306798511936,0.010977901554808439,0.010727604176660188,0.0,0.0,0.0
2025-12-05,19,0.010977901554808439,0.01147849631110494,0.01122819893295669,0.0,0.0,0.0
2025-12-05,20,0.01147849631110494,0.011979091067401441,0.01172879368925319,0.0,0.0,0.0
2025-12-05,21,0.011979091067401441,0.012479685823697944,0.012229388445549692,0.0,0.0,0.0
2025-12-05,22,0.012479685823697944,0.012980280579994447,0.012729983201846196,25423023.568456322,0.0,529635.262
2025-12-05,23,0.012980280579994447,0.013480875336290948,0.013230577958142697,10753012.24491082,0.0,462966.4212
2025-12-05,24,0.013480875336290948,0.01398147009258745,0.013731172714439199,0.0,0.0,0.0
2025-12-05,25,0.01398147009258745,0.014482064848883952,0.0142317674707357,54339430.87386411,0.0,3828048.6454
2025-12-05,26,0.014482064848883952,0.014982659605180455,0.014732362227032204,25900527.091464255,0.0,3035175.2822
2025-12-05,27,0.014982659605180455,0.015483254361476956,0.015232956983328706,57848531.753863215,0.0,2100828.477
2025-12-05,28,0.015483254361476956,0.01598384911777346,0.015733551739625207,13448445.332699997,0.0,320934.52665
2025-12-05,29,0.01598384911777346,0.01648444387406996,0.01623414649592171,0.0,0.0,0.0
2025-12-05,30,0.01648444387406996,0.016985038630366465,0.016734741252218212,51600031.14900598,0.0,3076333.1029000003
2025-12-05,31,0.016985038630366465,0.017485633386662966,0.017235336008514714,0.0,0.0,0.0
2025-12-05,32,0.017485633386662966,0.017986228142959467,0.01773593076481122,33747532.5025057,0.0,5997013.514900001
2025-12-05,33,0.017986228142959467,0.01848682289925597,0.018236525521107716,28180163.781734284,0.0,1683391.8751
2025-12-05,34,0.01848682289925597,0.018987417655552473,0.01873712027740422,0.0,0.0,0.0
2025-12-05,35,0.018987417655552473,0.019488012411848974,0.019237715033700725,133856307.25943008,0.0,4113149.5599999996
2025-12-05,36,0.019488012411848974,0.019988607168145475,0.019738309789997223,14825690.353339447,0.0,1366803.6518
2025-12-05,37,0.019988607168145475,0.02048920192444198,0.020238904546293728,13181060.039629245,0.0,1506945.9588
2025-12-05,38,0.02048920192444198,0.02098979668073848,0.020739499302590232,0.0,0.0,0.0
2025-12-05,39,0.02098979668073848,0.021490391437034982,0.02124009405888673,0.0,0.0,0.0
2025-12-05,40,0.021490391437034982,0.021990986193331483,0.021740688815183234,4137624.4190148553,0.0,447416.5732
2025-12-05,41,0.021990986193331483,0.022491580949627984,0.022241283571479732,7962714.90359374,0.0,1738136.014
2025-12-05,42,0.022491580949627984,0.02299217570592449,0.022741878327776237,0.0,0.0,0.0
2025-12-05,43,0.02299217570592449,0.02349277046222099,0.02324247308407274,0.0,0.0,0.0
2025-12-05,44,0.02349277046222099,0.02399336521851749,0.02374306784036924,0.0,0.0,0.0
2025-12-05,45,0.02399336521851749,0.024493959974813996,0.024243662596665744,23057682.685360417,0.0,8551475.782
2025-12-05,46,0.024493959974813996,0.024994554731110497,0.02474425735296225,0.0,0.0,0.0
2025-12-05,47,0.024994554731110497,0.025495149487407,0.025244852109258746,6813434.283849587,0.0,2565408.956
2025-12-05,48,0.025495149487407,0.0259957442437035,0.02574544686555525,0.0,0.0,0.0
2025-12-05,49,0.0259957442437035,0.026496339,0.02624604162185175,15391790.313661624,0.0,5034303.169
2025-12-06,0,0.0014666011851749,0.0019671959414714023,0.0017168985633231513,0.0,0.0,0.0
2025-12-06,1,0.0019671959414714023,0.0024677906977679043,0.0022174933196196533,0.0,0.0,0.0
2025-12-06,2,0.0024677906977679043,0.0029683854540644063,0.0027180880759161553,1899220.8591373495,0.0,0.0
2025-12-06,3,0.0029683854540644063,0.0034689802103609084,0.0032186828322126573,58368673.48979172,0.0,18620553.9324
2025-12-06,4,0.0034689802103609084,0.00396957496665741,0.0037192775885091594,3091888.252049224,0.0,0.0
2025-12-06,5,0.00396957496665741,0.004470169722953912,0.004219872344805661,16386998.267865459,0.0,0.0
2025-12-06,6,0.004470169722953912,0.0049707644792504144,0.004720467101102164,144230725.69743326,0.0,53432361.692999996
2025-12-06,7,0.0049707644792504144,0.0054713592355469165,0.005221061857398665,211472216.7904033,0.0,103244689.49729
2025-12-06,8,0.0054713592355469165,0.0059719539918434185,0.005721656613695168,184278103.1676691,0.0,103811550.51784018
2025-12-06,9,0.0059719539918434185,0.0064725487481399205,0.006222251369991669,56824726.51246376,0.0,16549361.70100002
2025-12-06,10,0.0064725487481399205,0.0069731435044364225,0.006722846126288172,1026581704.2123704,0.0,40476190.48
2025-12-06,11,0.0069731435044364225,0.007473738260732925,0.007223440882584673,81547591.20019722,0.0,2105724.4981
2025-12-06,12,0.007473738260732925,0.007974333017029427,0.007724035638881176,0.0,0.0,0.0
2025-12-06,13,0.007974333017029427,0.008474927773325928,0.008224630395177677,81796978.79991439,0.0,1090272.0659
2025-12-06,14,0.008474927773325928,0.00897552252962243,0.00872522515147418,136961036.85249925,0.0,31906703.253260978
2025-12-06,15,0.00897552252962243,0.009476117285918932,0.009225819907770681,30221575.797048427,0.0,287733.3244
2025-12-06,16,0.009476117285918932,0.009976712042215433,0.009726414664067182,54384788.05281921,0.0,613145.9358
2025-12-06,17,0.009976712042215433,0.010477306798511936,0.010227009420363684,27082918.68525143,0.0,911799.0071
2025-12-06,18,0.010477306798511936,0.010977901554808439,0.010727604176660188,0.0,0.0,0.0
2025-12-06,19,0.010977901554808439,0.01147849631110494,0.01122819893295669,0.0,0.0,0.0
2025-12-06,20,0.01147849631110494,0.011979091067401441,0.01172879368925319,0.0,0.0,0.0
2025-12-06,21,0.011979091067401441,0.012479685823697944,0.012229388445549692,0.0,0.0,0.0
2025-12-06,22,0.012479685823697944,0.012980280579994447,0.012729983201846196,22353834.92045632,0.0,529635.262
2025-12-06,23,0.012980280579994447,0.013480875336290948,0.013230577958142697,6760818.879910827,0.0,462966.4212
2025-12-06,24,0.013480875336290948,0.01398147009258745,0.013731172714439199,0.0,0.0,0.0
2025-12-06,25,0.01398147009258745,0.014482064848883952,0.0142317674707357,54339430.87386411,0.0,3828048.6454
2025-12-06,26,0.014482064848883952,0.014982659605180455,0.014732362227032204,25900527.091464255,0.0,3035175.2822
2025-12-06,27,0.014982659605180455,0.015483254361476956,0.015232956983328706,57843944.928490214,0.0,2100828.477
2025-12-06,28,0.015483254361476956,0.01598384911777346,0.015733551739625207,13448445.332699997,0.0,320934.52665
2025-12-06,29,0.01598384911777346,0.01648444387406996,0.01623414649592171,0.0,0.0,0.0
2025-12-06,30,0.01648444387406996,0.016985038630366465,0.016734741252218212,51566484.216123976,0.0,3076333.1029000003
2025-12-06,31,0.016985038630366465,0.017485633386662966,0.017235336008514714,0.0,0.0,0.0
2025-12-06,32,0.017485633386662966,0.017986228142959467,0.01773593076481122,33742450.14655936,0.0,5997013.514900001
2025-12-06,33,0.017986228142959467,0.01848682289925597,0.018236525521107716,28165840.39616428,0.0,1683391.8751
2025-12-06,34,0.01848682289925597,0.018987417655552473,0.01873712027740422,0.0,0.0,0.0
2025-12-06,35,0.018987417655552473,0.019488012411848974,0.019237715033700725,133830546.53680909,0.0,4113149.5599999996
2025-12-06,36,0.019488012411848974,0.019988607168145475,0.019738309789997223,14618832.664418248,0.0,1366803.6518
2025-12-06,37,0.019988607168145475,0.02048920192444198,0.020238904546293728,13181026.138709884,0.0,1506945.9588
2025-12-06,38,0.02048920192444198,0.02098979668073848,0.020739499302590232,0.0,0.0,0.0
2025-12-06,39,0.02098979668073848,0.021490391437034982,0.02124009405888673,0.0,0.0,0.0
2025-12-06,40,0.021490391437034982,0.021990986193331483,0.021740688815183234,4137624.4190148553,0.0,447416.5732
2025-12-06,41,0.021990986193331483,0.022491580949627984,0.022241283571479732,7962714.90359374,0.0,1738136.014
2025-12-06,42,0.022491580949627984,0.02299217570592449,0.022741878327776237,0.0,0.0,0.0
2025-12-06,43,0.02299217570592449,0.02349277046222099,0.02324247308407274,0.0,0.0,0.0
2025-12-06,44,0.02349277046222099,0.02399336521851749,0.02374306784036924,0.0,0.0,0.0
2025-12-06,45,0.02399336521851749,0.024493959974813996,0.024243662596665744,23057682.685360417,0.0,8551475.782
2025-12-06,46,0.024493959974813996,0.024994554731110497,0.02474425735296225,0.0,0.0,0.0
2025-12-06,47,0.024994554731110497,0.025495149487407,0.025244852109258746,6813434.283849587,0.0,2565408.956
2025-12-06,48,0.025495149487407,0.0259957442437035,0.02574544686555525,0.0,0.0,0.0
2025-12-06,49,0.0259957442437035,0.026496339,0.02624604162185175,15391790.313661624,0.0,5034303.169
2025-12-07,0,0.0014666011851749,0.0019671959414714023,0.0017168985633231513,0.0,0.0,0.0
2025-12-07,1,0.0019671959414714023,0.0024677906977679043,0.0022174933196196533,0.0,0.0,0.0
2025-12-07,2,0.0024677906977679043,0.0029683854540644063,0.0027180880759161553,1899220.8591373495,0.0,0.0
2025-12-07,3,0.0029683854540644063,0.0034689802103609084,0.0032186828322126573,57755697.79201871,0.0,18620553.9324
2025-12-07,4,0.0034689802103609084,0.00396957496665741,0.0037192775885091594,38655166.571027726,0.0,11099881.4443
2025-12-07,5,0.00396957496665741,0.004470169722953912,0.004219872344805661,16386998.267865459,0.0,0.0
2025-12-07,6,0.004470169722953912,0.0049707644792504144,0.004720467101102164,137551968.1378692,0.0,53432361.692999996
2025-12-07,7,0.0049707644792504144,0.0054713592355469165,0.005221061857398665,193845972.9494979,0.0,102687213.95339
2025-12-07,8,0.0054713592355469165,0.0059719539918434185,0.005721656613695168,178098168.0792704,0.0,96787009.1678402
2025-12-07,9,0.0059719539918434185,0.0064725487481399205,0.006222251369991669,56220114.51848323,0.0,13466855.531
2025-12-07,10,0.0064725487481399205,0.0069731435044364225,0.006722846126288172,1026537170.1223607,0.0,40476190.48
2025-12-07,11,0.0069731435044364225,0.007473738260732925,0.007223440882584673,81142131.85570823,0.0,2105724.4981
2025-12-07,12,0.007473738260732925,0.007974333017029427,0.007724035638881176,0.0,0.0,0.0
2025-12-07,13,0.007974333017029427,0.008474927773325928,0.008224630395177677,81615234.87035438,0.0,1090272.0659
2025-12-07,14,0.008474927773325928,0.00897552252962243,0.00872522515147418,136578602.5765852,0.0,31719513.051860973
2025-12-07,15,0.00897552252962243,0.009476117285918932,0.009225819907770681,30134927.44210943,0.0,287733.3244
2025-12-07,16,0.009476117285918932,0.009976712042215433,0.009726414664067182,52661481.751290604,0.0,613145.9358
2025-12-07,17,0.009976712042215433,0.010477306798511936,0.010227009420363684,26926041.03103943,0.0,911799.0071
2025-12-07,18,0.010477306798511936,0.010977901554808439,0.010727604176660188,0.0,0.0,0.0
2025-12-07,19,0.010977901554808439,0.01147849631110494,0.01122819893295669,0.0,0.0,0.0
2025-12-07,20,0.01147849631110494,0.011979091067401441,0.01172879368925319,0.0,0.0,0.0
2025-12-07,21,0.011979091067401441,0.012479685823697944,0.012229388445549692,0.0,0.0,0.0
2025-12-07,22,0.012479685823697944,0.012980280579994447,0.012729983201846196,22353834.92045632,0.0,529635.262
2025-12-07,23,0.012980280579994447,0.013480875336290948,0.013230577958142697,6760818.879910827,0.0,462966.4212
2025-12-07,24,0.013480875336290948,0.01398147009258745,0.013731172714439199,0.0,0.0,0.0
2025-12-07,25,0.01398147009258745,0.014482064848883952,0.0142317674707357,54300268.738296114,0.0,3828048.6454
2025-12-07,26,0.014482064848883952,0.014982659605180455,0.014732362227032204,25898043.60062426,0.0,3035175.2822
2025-12-07,27,0.014982659605180455,0.015483254361476956,0.015232956983328706,57843944.928490214,0.0,2100828.477
2025-12-07,28,0.015483254361476956,0.01598384911777346,0.015733551739625207,13448445.332699997,0.0,320934.52665
2025-12-07,29,0.01598384911777346,0.01648444387406996,0.01623414649592171,0.0,0.0,0.0
2025-12-07,30,0.01648444387406996,0.016985038630366465,0.016734741252218212,51541870.63973448,0.0,3076333.1029000003
2025-12-07,31,0.016985038630366465,0.017485633386662966,0.017235336008514714,0.0,0.0,0.0
2025-12-07,32,0.017485633386662966,0.017986228142959467,0.01773593076481122,33714374.258499354,0.0,5997013.514900001
2025-12-07,33,0.017986228142959467,0.01848682289925597,0.018236525521107716,28128291.661611278,0.0,1683391.8751
2025-12-07,34,0.01848682289925597,0.018987417655552473,0.01873712027740422,0.0,0.0,0.0
2025-12-07,35,0.018987417655552473,0.019488012411848974,0.019237715033700725,133827475.59500909,0.0,4113149.5599999996
2025-12-07,36,0.019488012411848974,0.019988607168145475,0.019738309789997223,14618401.407104937,0.0,1366803.6518
2025-12-07,37,0.019988607168145475,0.02048920192444198,0.020238904546293728,13180964.327063305,0.0,1506945.9588
2025-12-07,38,0.02048920192444198,0.02098979668073848,0.020739499302590232,0.0,0.0,0.0
2025-12-07,39,0.02098979668073848,0.021490391437034982,0.02124009405888673,0.0,0.0,0.0
2025-12-07,40,0.021490391437034982,0.021990986193331483,0.021740688815183234,4137624.4190148553,0.0,447416.5732
2025-12-07,41,0.021990986193331483,0.022491580949627984,0.022241283571479732,7962714.90359374,0.0,1738136.014
2025-12-07,42,0.022491580949627984,0.02299217570592449,0.022741878327776237,0.0,0.0,0.0
2025-12-07,43,0.02299217570592449,0.02349277046222099,0.02324247308407274,0.0,0.0,0.0
2025-12-07,44,0.02349277046222099,0.02399336521851749,0.02374306784036924,0.0,0.0,0.0
2025-12-07,45,0.02399336521851749,0.024493959974813996,0.024243662596665744,23057528.248572174,0.0,8551475.782
2025-12-07,46,0.024493959974813996,0.024994554731110497,0.02474425735296225,0.0,0.0,0.0
2025-12-07,47,0.024994554731110497,0.025495149487407,0.025244852109258746,6370091.638549587,0.0,2565408.956
2025-12-07,48,0.025495149487407,0.0259957442437035,0.02574544686555525,0.0,0.0,0.0
2025-12-07,49,0.0259957442437035,0.026496339,0.02624604162185175,15391790.313661624,0.0,5034303.169
2025-12-08,0,0.0014666011851749,0.0019671959414714023,0.0017168985633231513,0.0,0.0,0.0
2025-12-08,1,0.0019671959414714023,0.0024677906977679043,0.0022174933196196533,0.0,0.0,0.0
2025-12-08,2,0.0024677906977679043,0.0029683854540644063,0.0027180880759161553,1899220.8591373495,0.0,0.0
2025-12-08,3,0.0029683854540644063,0.0034689802103609084,0.0032186828322126573,57302806.54124232,0.0,18620553.9324
2025-12-08,4,0.0034689802103609084,0.00396957496665741,0.0037192775885091594,53418165.07691053,0.0,17160988.41156
2025-12-08,5,0.00396957496665741,0.004470169722953912,0.004219872344805661,16386998.267865459,0.0,0.0
2025-12-08,6,0.004470169722953912,0.0049707644792504144,0.004720467101102164,136724579.73249227,0.0,53235586.9775
2025-12-08,7,0.0049707644792504144,0.0054713592355469165,0.005221061857398665,190011314.668376,0.0,101131969.68899001
2025-12-08,8,0.0054713592355469165,0.0059719539918434185,0.005721656613695168,174254324.65860116,0.0,93385347.97784017
2025-12-08,9,0.0059719539918434185,0.0064725487481399205,0.006222251369991669,55329091.78976232,0.0,13466855.531
2025-12-08,10,0.0064725487481399205,0.0069731435044364225,0.006722846126288172,1025495303.9554783,0.0,40476190.48
2025-12-08,11,0.0069731435044364225,0.007473738260732925,0.007223440882584673,80900781.00927103,0.0,2105724.4981
2025-12-08,12,0.007473738260732925,0.007974333017029427,0.007724035638881176,0.0,0.0,0.0
2025-12-08,13,0.007974333017029427,0.008474927773325928,0.008224630395177677,81480948.79618436,0.0,1090272.0659
2025-12-08,14,0.008474927773325928,0.00897552252962243,0.00872522515147418,135875393.94597012,0.0,31691888.851240978
2025-12-08,15,0.00897552252962243,0.009476117285918932,0.009225819907770681,30134927.44210943,0.0,287733.3244
2025-12-08,16,0.009476117285918932,0.009976712042215433,0.009726414664067182,51361481.751290604,0.0,613145.9358
2025-12-08,17,0.009976712042215433,0.010477306798511936,0.010227009420363684,26926041.03103943,0.0,911799.0071
2025-12-08,18,0.010477306798511936,0.010977901554808439,0.010727604176660188,0.0,0.0,0.0
2025-12-08,19,0.010977901554808439,0.01147849631110494,0.01122819893295669,0.0,0.0,0.0
2025-12-08,20,0.01147849631110494,0.011979091067401441,0.01172879368925319,0.0,0.0,0.0
2025-12-08,21,0.011979091067401441,0.012479685823697944,0.012229388445549692,0.0,0.0,0.0
2025-12-08,22,0.012479685823697944,0.012980280579994447,0.012729983201846196,22353370.58831992,0.0,529635.262
2025-12-08,23,0.012980280579994447,0.013480875336290948,0.013230577958142697,6760818.879910827,0.0,462966.4212
2025-12-08,24,0.013480875336290948,0.01398147009258745,0.013731172714439199,0.0,0.0,0.0
2025-12-08,25,0.01398147009258745,0.014482064848883952,0.0142317674707357,54245312.870264105,0.0,3828048.6454
2025-12-08,26,0.014482064848883952,0.014982659605180455,0.014732362227032204,25898043.60062426,0.0,3035175.2822
2025-12-08,27,0.014982659605180455,0.015483254361476956,0.015232956983328706,57842422.62810022,0.0,2100828.477
2025-12-08,28,0.015483254361476956,0.01598384911777346,0.015733551739625207,13445180.151659098,0.0,320934.52665
2025-12-08,29,0.01598384911777346,0.01648444387406996,0.01623414649592171,0.0,0.0,0.0
2025-12-08,30,0.01648444387406996,0.016985038630366465,0.016734741252218212,51541747.96029758,0.0,3076333.1029000003
2025-12-08,31,0.016985038630366465,0.017485633386662966,0.017235336008514714,0.0,0.0,0.0
2025-12-08,32,0.017485633386662966,0.017986228142959467,0.01773593076481122,33697865.18402735,0.0,5997013.514900001
2025-12-08,33,0.017986228142959467,0.01848682289925597,0.018236525521107716,28125560.66261028,0.0,1683391.8751
2025-12-08,34,0.01848682289925597,0.018987417655552473,0.01873712027740422,0.0,0.0,0.0
2025-12-08,35,0.018987417655552473,0.019488012411848974,0.019237715033700725,133762652.6208991,0.0,4113149.5599999996
2025-12-08,36,0.019488012411848974,0.019988607168145475,0.019738309789997223,14504131.733401934,0.0,1366803.6518
2025-12-08,37,0.019988607168145475,0.02048920192444198,0.020238904546293728,13175806.776029965,0.0,1506945.9588
2025-12-08,38,0.02048920192444198,0.02098979668073848,0.020739499302590232,0.0,0.0,0.0
2025-12-08,39,0.02098979668073848,0.021490391437034982,0.02124009405888673,0.0,0.0,0.0
2025-12-08,40,0.021490391437034982,0.021990986193331483,0.021740688815183234,4137624.4190148553,0.0,447416.5732
2025-12-08,41,0.021990986193331483,0.022491580949627984,0.022241283571479732,7962714.90359374,0.0,1738136.014
2025-12-08,42,0.022491580949627984,0.02299217570592449,0.022741878327776237,0.0,0.0,0.0
2025-12-08,43,0.02299217570592449,0.02349277046222099,0.02324247308407274,0.0,0.0,0.0
2025-12-08,44,0.02349277046222099,0.02399336521851749,0.02374306784036924,0.0,0.0,0.0
2025-12-08,45,0.02399336521851749,0.024493959974813996,0.024243662596665744,23057528.248572174,0.0,8551475.782
2025-12-08,46,0.024493959974813996,0.024994554731110497,0.02474425735296225,0.0,0.0,0.0
2025-12-08,47,0.024994554731110497,0.025495149487407,0.025244852109258746,6365058.803401587,0.0,2565408.956
2025-12-08,48,0.025495149487407,0.0259957442437035,0.02574544686555525,0.0,0.0,0.0
2025-12-08,49,0.0259957442437035,0.026496339,0.02624604162185175,15386830.984674623,0.0,5034303.169
2025-12-09,0,0.0014666011851749,0.0019671959414714023,0.0017168985633231513,0.0,0.0,0.0
2025-12-09,1,0.0019671959414714023,0.0024677906977679043,0.0022174933196196533,0.0,0.0,0.0
2025-12-09,2,0.0024677906977679043,0.0029683854540644063,0.0027180880759161553,1838210.8281773496,0.0,0.0
2025-12-09,3,0.0029683854540644063,0.0034689802103609084,0.0032186828322126573,54511851.3890599,0.0,18620553.9324
2025-12-09,4,0.0034689802103609084,0.00396957496665741,0.0037192775885091594,84321495.40804428,0.0,25987879.899060003
2025-12-09,5,0.00396957496665741,0.004470169722953912,0.004219872344805661,16312784.877212457,0.0,0.0
2025-12-09,6,0.004470169722953912,0.0049707644792504144,0.004720467101102164,132725925.74215388,0.0,52876127.1354
2025-12-09,7,0.0049707644792504144,0.0054713592355469165,0.005221061857398665,181985308.89845955,0.0,93313811.54299
2025-12-09,8,0.0054713592355469165,0.0059719539918434185,0.005721656613695168,169238460.6023537,0.0,91186127.5338402
2025-12-09,9,0.0059719539918434185,0.0064725487481399205,0.006222251369991669,52513838.32035479,0.0,13466855.531
2025-12-09,10,0.0064725487481399205,0.0069731435044364225,0.006722846126288172,1024902026.5573258,0.0,40476190.48
2025-12-09,11,0.0069731435044364225,0.007473738260732925,0.007223440882584673,80454618.4304403,0.0,2105724.4981
2025-12-09,12,0.007473738260732925,0.007974333017029427,0.007724035638881176,0.0,0.0,0.0
2025-12-09,13,0.007974333017029427,0.008474927773325928,0.008224630395177677,46334514.75572097,34856305.0813933,1090272.0659
2025-12-09,14,0.008474927773325928,0.00897552252962243,0.00872522515147418,135500840.10088012,0.0,31506994.935640976
2025-12-09,15,0.00897552252962243,0.009476117285918932,0.009225819907770681,30134927.44210943,0.0,287733.3244
2025-12-09,16,0.009476117285918932,0.009976712042215433,0.009726414664067182,49493964.13710061,0.0,613145.9358
2025-12-09,17,0.009976712042215433,0.010477306798511936,0.010227009420363684,26926041.03103943,0.0,911799.0071
2025-12-09,18,0.010477306798511936,0.010977901554808439,0.010727604176660188,0.0,0.0,0.0
2025-12-09,19,0.010977901554808439,0.01147849631110494,0.01122819893295669,0.0,0.0,0.0
2025-12-09,20,0.01147849631110494,0.011979091067401441,0.01172879368925319,0.0,0.0,0.0
2025-12-09,21,0.011979091067401441,0.012479685823697944,0.012229388445549692,0.0,0.0,0.0
2025-12-09,22,0.012479685823697944,0.012980280579994447,0.012729983201846196,22353370.58831992,0.0,529635.262
2025-12-09,23,0.012980280579994447,0.013480875336290948,0.013230577958142697,6757518.12249605,0.0,462966.4212
2025-12-09,24,0.013480875336290948,0.01398147009258745,0.013731172714439199,0.0,0.0,0.0
2025-12-09,25,0.01398147009258745,0.014482064848883952,0.0142317674707357,54157386.315551005,0.0,3828048.6454
2025-12-09,26,0.014482064848883952,0.014982659605180455,0.014732362227032204,25856734.481694255,0.0,3035175.2822
2025-12-09,27,0.014982659605180455,0.015483254361476956,0.015232956983328706,57823080.24926022,0.0,2100828.477
2025-12-09,28,0.015483254361476956,0.01598384911777346,0.015733551739625207,13410544.434169497,0.0,320934.52665
2025-12-09,29,0.01598384911777346,0.01648444387406996,0.01623414649592171,0.0,0.0,0.0
2025-12-09,30,0.01648444387406996,0.016985038630366465,0.016734741252218212,51541747.96029758,0.0,3076333.1029000003
2025-12-09,31,0.016985038630366465,0.017485633386662966,0.017235336008514714,0.0,0.0,0.0
2025-12-09,32,0.017485633386662966,0.017986228142959467,0.01773593076481122,33215487.761539355,0.0,5997013.514900001
2025-12-09,33,0.017986228142959467,0.01848682289925597,0.018236525521107716,27908766.42571388,0.0,1683391.8751
2025-12-09,34,0.01848682289925597,0.018987417655552473,0.01873712027740422,0.0,0.0,0.0
2025-12-09,35,0.018987417655552473,0.019488012411848974,0.019237715033700725,133743865.92898549,0.0,4113149.5599999996
2025-12-09,36,0.019488012411848974,0.019988607168145475,0.019738309789997223,14486185.96751803,0.0,1366803.6518
2025-12-09,37,0.019988607168145475,0.02048920192444198,0.020238904546293728,13171480.388452064,0.0,1506945.9588
2025-12-09,38,0.02048920192444198,0.02098979668073848,0.020739499302590232,0.0,0.0,0.0
2025-12-09,39,0.02098979668073848,0.021490391437034982,0.02124009405888673,0.0,0.0,0.0
2025-12-09,40,0.021490391437034982,0.021990986193331483,0.021740688815183234,4076992.2407148555,0.0,447416.5732
2025-12-09,41,0.021990986193331483,0.022491580949627984,0.022241283571479732,7962714.90359374,0.0,1738136.014
2025-12-09,42,0.022491580949627984,0.02299217570592449,0.022741878327776237,0.0,0.0,0.0
2025-12-09,43,0.02299217570592449,0.02349277046222099,0.02324247308407274,0.0,0.0,0.0
2025-12-09,44,0.02349277046222099,0.02399336521851749,0.02374306784036924,0.0,0.0,0.0
2025-12-09,45,0.02399336521851749,0.024493959974813996,0.024243662596665744,23057528.248572174,0.0,8551475.782
2025-12-09,46,0.024493959974813996,0.024994554731110497,0.02474425735296225,0.0,0.0,0.0
2025-12-09,47,0.024994554731110497,0.025495149487407,0.025244852109258746,6365058.803401587,0.0,2565408.956
2025-12-09,48,0.025495149487407,0.0259957442437035,0.02574544686555525,0.0,0.0,0.0
2025-12-09,49,0.0259957442437035,0.026496339,0.02624604162185175,15386830.984674623,0.0,5034303.169
2025-12-10,0,0.0014666011851749,0.0019671959414714023,0.0017168985633231513,0.0,0.0,0.0
2025-12-10,1,0.0019671959414714023,0.0024677906977679043,0.0022174933196196533,0.0,0.0,0.0
2025-12-10,2,0.0024677906977679043,0.0029683854540644063,0.0027180880759161553,1838210.8281773496,0.0,0.0
2025-12-10,3,0.0029683854540644063,0.0034689802103609084,0.0032186828322126573,50918974.20345347,0.0,18620553.9324
2025-12-10,4,0.0034689802103609084,0.00396957496665741,0.0037192775885091594,111699227.94133219,0.0,40355437.76195
2025-12-10,5,0.00396957496665741,0.004470169722953912,0.004219872344805661,16312784.877212457,0.0,0.0
2025-12-10,6,0.004470169722953912,0.0049707644792504144,0.004720467101102164,124702137.11296274,0.0,52795573.13619
2025-12-10,7,0.0049707644792504144,0.0054713592355469165,0.005221061857398665,177235448.95684505,0.0,92006921.29599002
2025-12-10,8,0.0054713592355469165,0.0059719539918434185,0.005721656613695168,164324113.64173698,0.0,82884601.98784016
2025-12-10,9,0.0059719539918434185,0.0064725487481399205,0.006222251369991669,49103775.42796109,0.0,13466855.531
2025-12-10,10,0.0064725487481399205,0.0069731435044364225,0.006722846126288172,17514175.607808672,1007321503.3675715,40476190.48
2025-12-10,11,0.0069731435044364225,0.007473738260732925,0.007223440882584673,79656674.59381369,0.0,2105724.4981
2025-12-10,12,0.007473738260732925,0.007974333017029427,0.007724035638881176,0.0,0.0,0.0
2025-12-10,13,0.007974333017029427,0.008474927773325928,0.008224630395177677,46034514.75577099,34856305.0813933,1090272.0659
2025-12-10,14,0.008474927773325928,0.00897552252962243,0.00872522515147418,134308368.99590212,0.0,31368252.167940974
2025-12-10,15,0.00897552252962243,0.009476117285918932,0.009225819907770681,30134927.44210943,0.0,287733.3244
2025-12-10,16,0.009476117285918932,0.009976712042215433,0.009726414664067182,49493964.13710061,0.0,613145.9358
2025-12-10,17,0.009976712042215433,0.010477306798511936,0.010227009420363684,26890632.04418943,0.0,911799.0071
2025-12-10,18,0.010477306798511936,0.010977901554808439,0.010727604176660188,0.0,0.0,0.0
2025-12-10,19,0.010977901554808439,0.01147849631110494,0.01122819893295669,0.0,0.0,0.0
2025-12-10,20,0.01147849631110494,0.011979091067401441,0.01172879368925319,0.0,0.0,0.0
2025-12-10,21,0.011979091067401441,0.012479685823697944,0.012229388445549692,0.0,0.0,0.0
2025-12-10,22,0.012479685823697944,0.012980280579994447,0.012729983201846196,22353370.58831992,0.0,529635.262
2025-12-10,23,0.012980280579994447,0.013480875336290948,0.013230577958142697,6603623.81969605,0.0,462966.4212
2025-12-10,24,0.013480875336290948,0.01398147009258745,0.013731172714439199,0.0,0.0,0.0
2025-12-10,25,0.01398147009258745,0.014482064848883952,0.0142317674707357,54013642.61252099,0.0,3828048.6454
2025-12-10,26,0.014482064848883952,0.014982659605180455,0.014732362227032204,25856734.481694255,0.0,3035175.2822
2025-12-10,27,0.014982659605180455,0.015483254361476956,0.015232956983328706,57795894.770277716,0.0,2100828.477
2025-12-10,28,0.015483254361476956,0.01598384911777346,0.015733551739625207,13408982.320675498,0.0,320934.52665
2025-12-10,29,0.01598384911777346,0.01648444387406996,0.01623414649592171,0.0,0.0,0.0
2025-12-10,30,0.01648444387406996,0.016985038630366465,0.016734741252218212,50800362.39044808,0.0,3076333.1029000003
2025-12-10,31,0.016985038630366465,0.017485633386662966,0.017235336008514714,0.0,0.0,0.0
2025-12-10,32,0.017485633386662966,0.017986228142959467,0.01773593076481122,33164236.378659353,0.0,5997013.514900001
2025-12-10,33,0.017986228142959467,0.01848682289925597,0.018236525521107716,27822499.620470382,0.0,1683391.8751
2025-12-10,34,0.01848682289925597,0.018987417655552473,0.01873712027740422,0.0,0.0,0.0
2025-12-10,35,0.018987417655552473,0.019488012411848974,0.019237715033700725,133023281.58568549,0.0,4113149.5599999996
2025-12-10,36,0.019488012411848974,0.019988607168145475,0.019738309789997223,14485708.719828727,0.0,1366803.6518
2025-12-10,37,0.019988607168145475,0.02048920192444198,0.020238904546293728,13171449.890401935,0.0,1506945.9588
2025-12-10,38,0.02048920192444198,0.02098979668073848,0.020739499302590232,0.0,0.0,0.0
2025-12-10,39,0.02098979668073848,0.021490391437034982,0.02124009405888673,0.0,0.0,0.0
2025-12-10,40,0.021490391437034982,0.021990986193331483,0.021740688815183234,4067726.3391548553,0.0,447416.5732
2025-12-10,41,0.021990986193331483,0.022491580949627984,0.022241283571479732,7962714.90359374,0.0,1738136.014
2025-12-10,42,0.022491580949627984,0.02299217570592449,0.022741878327776237,0.0,0.0,0.0
2025-12-10,43,0.02299217570592449,0.02349277046222099,0.02324247308407274,0.0,0.0,0.0
2025-12-10,44,0.02349277046222099,0.02399336521851749,0.02374306784036924,0.0,0.0,0.0
2025-12-10,45,0.02399336521851749,0.024493959974813996,0.024243662596665744,23057528.248572174,0.0,8551475.782
2025-12-10,46,0.024493959974813996,0.024994554731110497,0.02474425735296225,0.0,0.0,0.0
2025-12-10,47,0.024994554731110497,0.025495149487407,0.025244852109258746,6365058.803401587,0.0,2565408.956
2025-12-10,48,0.025495149487407,0.0259957442437035,0.02574544686555525,0.0,0.0,0.0
2025-12-10,49,0.0259957442437035,0.026496339,0.02624604162185175,15386830.984674623,0.0,5034303.169
2025-12-11,0,0.0014666011851749,0.0019671959414714023,0.0017168985633231513,0.0,0.0,0.0
2025-12-11,1,0.0019671959414714023,0.0024677906977679043,0.0022174933196196533,0.0,0.0,0.0
2025-12-11,2,0.0024677906977679043,0.0029683854540644063,0.0027180880759161553,1838210.8281773496,0.0,0.0
2025-12-11,3,0.0029683854540644063,0.0034689802103609084,0.0032186828322126573,66367038.61913433,0.0,25943542.2844
2025-12-11,4,0.0034689802103609084,0.00396957496665741,0.0037192775885091594,109408635.42472565,0.0,40355437.76195
2025-12-11,5,0.00396957496665741,0.004470169722953912,0.004219872344805661,16302784.877212457,0.0,0.0
2025-12-11,6,0.004470169722953912,0.0049707644792504144,0.004720467101102164,119229974.82213107,0.0,52795573.13619
2025-12-11,7,0.0049707644792504144,0.0054713592355469165,0.005221061857398665,175784243.1844667,0.0,86138688.65699002
2025-12-11,8,0.0054713592355469165,0.0059719539918434185,0.005721656613695168,163383142.24049357,0.0,82185214.72084016
2025-12-11,9,0.0059719539918434185,0.0064725487481399205,0.006222251369991669,49066939.05532623,0.0,13466855.531
2025-12-11,10,0.0064725487481399205,0.0069731435044364225,0.006722846126288172,17514175.607808672,1007295328.0873123,40476190.48
2025-12-11,11,0.0069731435044364225,0.007473738260732925,0.007223440882584673,79166184.7831267,0.0,2105724.4981
2025-12-11,12,0.007473738260732925,0.007974333017029427,0.007724035638881176,0.0,0.0,0.0
2025-12-11,13,0.007974333017029427,0.008474927773325928,0.008224630395177677,20718582.931308076,60146184.32460316,1090272.0659
2025-12-11,14,0.008474927773325928,0.00897552252962243,0.00872522515147418,133193797.8566221,0.0,30281197.645940974
2025-12-11,15,0.00897552252962243,0.009476117285918932,0.009225819907770681,30090583.67348943,0.0,287733.3244
2025-12-11,16,0.009476117285918932,0.009976712042215433,0.009726414664067182,48838266.8494426,0.0,613145.9358
2025-12-11,17,0.009976712042215433,0.010477306798511936,0.010227009420363684,26856634.75285943,0.0,911799.0071
2025-12-11,18,0.010477306798511936,0.010977901554808439,0.010727604176660188,0.0,0.0,0.0
2025-12-11,19,0.010977901554808439,0.01147849631110494,0.01122819893295669,0.0,0.0,0.0
2025-12-11,20,0.01147849631110494,0.011979091067401441,0.01172879368925319,0.0,0.0,0.0
2025-12-11,21,0.011979091067401441,0.012479685823697944,0.012229388445549692,0.0,0.0,0.0
2025-12-11,22,0.012479685823697944,0.012980280579994447,0.012729983201846196,22353370.58831992,0.0,529635.262
2025-12-11,23,0.012980280579994447,0.013480875336290948,0.013230577958142697,6603623.81969605,0.0,462966.4212
2025-12-11,24,0.013480875336290948,0.01398147009258745,0.013731172714439199,0.0,0.0,0.0
2025-12-11,25,0.01398147009258745,0.014482064848883952,0.0142317674707357,53500082.01630704,0.0,3828048.6454
2025-12-11,26,0.014482064848883952,0.014982659605180455,0.014732362227032204,25846078.296155255,0.0,3035175.2822
2025-12-11,27,0.014982659605180455,0.015483254361476956,0.015232956983328706,57795894.770277716,0.0,2100828.477
2025-12-11,28,0.015483254361476956,0.01598384911777346,0.015733551739625207,13408982.320675498,0.0,320934.52665
2025-12-11,29,0.01598384911777346,0.01648444387406996,0.01623414649592171,0.0,0.0,0.0
2025-12-11,30,0.01648444387406996,0.016985038630366465,0.016734741252218212,50716428.661299646,0.0,3076333.1029000003
2025-12-11,31,0.016985038630366465,0.017485633386662966,0.017235336008514714,0.0,0.0,0.0
2025-12-11,32,0.017485633386662966,0.017986228142959467,0.01773593076481122,33134591.844069354,0.0,5997013.514900001
2025-12-11,33,0.017986228142959467,0.01848682289925597,0.018236525521107716,27485472.324615374,0.0,1683391.8751
2025-12-11,34,0.01848682289925597,0.018987417655552473,0.01873712027740422,0.0,0.0,0.0
2025-12-11,35,0.018987417655552473,0.019488012411848974,0.019237715033700725,133007417.37441549,0.0,4113149.5599999996
2025-12-11,36,0.019488012411848974,0.019988607168145475,0.019738309789997223,14431361.63936873,0.0,1366803.6518
2025-12-11,37,0.019988607168145475,0.02048920192444198,0.020238904546293728,13138215.991677184,0.0,1506945.9588
2025-12-11,38,0.02048920192444198,0.02098979668073848,0.020739499302590232,0.0,0.0,0.0
2025-12-11,39,0.02098979668073848,0.021490391437034982,0.02124009405888673,0.0,0.0,0.0
2025-12-11,40,0.021490391437034982,0.021990986193331483,0.021740688815183234,4067726.3391548553,0.0,447416.5732
2025-12-11,41,0.021990986193331483,0.022491580949627984,0.022241283571479732,7962714.90359374,0.0,1738136.014
2025-12-11,42,0.022491580949627984,0.02299217570592449,0.022741878327776237,0.0,0.0,0.0
2025-12-11,43,0.02299217570592449,0.02349277046222099,0.02324247308407274,0.0,0.0,0.0
2025-12-11,44,0.02349277046222099,0.02399336521851749,0.02374306784036924,0.0,0.0,0.0
2025-12-11,45,0.02399336521851749,0.024493959974813996,0.024243662596665744,23057528.248572174,0.0,8551475.782
2025-12-11,46,0.024493959974813996,0.024994554731110497,0.02474425735296225,0.0,0.0,0.0
2025-12-11,47,0.024994554731110497,0.025495149487407,0.025244852109258746,5913790.008901587,0.0,2565408.956
2025-12-11,48,0.025495149487407,0.0259957442437035,0.02574544686555525,0.0,0.0,0.0
2025-12-11,49,0.0259957442437035,0.026496339,0.02624604162185175,15209702.268774623,0.0,5034303.169
2025-12-12,0,0.0014666011851749,0.0019671959414714023,0.0017168985633231513,0.0,0.0,0.0
2025-12-12,1,0.0019671959414714023,0.0024677906977679043,0.0022174933196196533,0.0,0.0,0.0
2025-12-12,2,0.0024677906977679043,0.0029683854540644063,0.0027180880759161553,1838210.8281773496,0.0,0.0
2025-12-12,3,0.0029683854540644063,0.0034689802103609084,0.0032186828322126573,82823931.950916,0.0,32655800.2864
2025-12-12,4,0.0034689802103609084,0.00396957496665741,0.0037192775885091594,104076724.50322144,0.0,40355437.76195
2025-12-12,5,0.00396957496665741,0.004470169722953912,0.004219872344805661,16302784.877212457,0.0,0.0
2025-12-12,6,0.004470169722953912,0.0049707644792504144,0.004720467101102164,115941310.12269486,0.0,52795573.13619
2025-12-12,7,0.0049707644792504144,0.0054713592355469165,0.005221061857398665,173753779.86284512,0.0,79201769.52299002
2025-12-12,8,0.0054713592355469165,0.0059719539918434185,0.005721656613695168,160279676.49919936,0.0,82185214.72084016
2025-12-12,9,0.0059719539918434185,0.0064725487481399205,0.006222251369991669,48569924.00078761,0.0,13466855.531
2025-12-12,10,0.0064725487481399205,0.0069731435044364225,0.006722846126288172,0.0,1024803215.2581116,40476190.48
2025-12-12,11,0.0069731435044364225,0.007473738260732925,0.007223440882584673,78615127.7325802,0.0,2105724.4981
2025-12-12,12,0.007473738260732925,0.007974333017029427,0.007724035638881176,0.0,0.0,0.0
2025-12-12,13,0.007974333017029427,0.008474927773325928,0.008224630395177677,20706323.140968073,60144854.097869165,1090272.0659
2025-12-12,14,0.008474927773325928,0.00897552252962243,0.00872522515147418,133136013.78785211,0.0,29886772.989240974
2025-12-12,15,0.00897552252962243,0.009476117285918932,0.009225819907770681,29729426.52848943,0.0,287733.3244
2025-12-12,16,0.009476117285918932,0.009976712042215433,0.009726414664067182,48730005.1901636,0.0,613145.9358
2025-12-12,17,0.009976712042215433,0.010477306798511936,0.010227009420363684,26856623.231177084,0.0,911799.0071
2025-12-12,18,0.010477306798511936,0.010977901554808439,0.010727604176660188,0.0,0.0,0.0
2025-12-12,19,0.010977901554808439,0.01147849631110494,0.01122819893295669,0.0,0.0,0.0
2025-12-12,20,0.01147849631110494,0.011979091067401441,0.01172879368925319,0.0,0.0,0.0
2025-12-12,21,0.011979091067401441,0.012479685823697944,0.012229388445549692,0.0,0.0,0.0
2025-12-12,22,0.012479685823697944,0.012980280579994447,0.012729983201846196,22353312.41292779,0.0,529635.262
2025-12-12,23,0.012980280579994447,0.013480875336290948,0.013230577958142697,6603623.81969605,0.0,462966.4212
2025-12-12,24,0.013480875336290948,0.01398147009258745,0.013731172714439199,0.0,0.0,0.0
2025-12-12,25,0.01398147009258745,0.014482064848883952,0.0142317674707357,53499921.298563644,0.0,3828048.6454
2025-12-12,26,0.014482064848883952,0.014982659605180455,0.014732362227032204,25846078.296155255,0.0,3035175.2822
2025-12-12,27,0.014982659605180455,0.015483254361476956,0.015232956983328706,57795894.770277716,0.0,2100828.477
2025-12-12,28,0.015483254361476956,0.01598384911777346,0.015733551739625207,13408960.574836787,0.0,320934.52665
2025-12-12,29,0.01598384911777346,0.01648444387406996,0.01623414649592171,0.0,0.0,0.0
2025-12-12,30,0.01648444387406996,0.016985038630366465,0.016734741252218212,50716428.661299646,0.0,3076333.1029000003
2025-12-12,31,0.016985038630366465,0.017485633386662966,0.017235336008514714,0.0,0.0,0.0
2025-12-12,32,0.017485633386662966,0.017986228142959467,0.01773593076481122,33132722.64875449,0.0,5997013.514900001
2025-12-12,33,0.017986228142959467,0.01848682289925597,0.018236525521107716,27283082.37177605,0.0,1683391.8751
2025-12-12,34,0.01848682289925597,0.018987417655552473,0.01873712027740422,0.0,0.0,0.0
2025-12-12,35,0.018987417655552473,0.019488012411848974,0.019237715033700725,132967417.37441549,0.0,4113149.5599999996
2025-12-12,36,0.019488012411848974,0.019988607168145475,0.019738309789997223,14431361.63936873,0.0,1366803.6518
2025-12-12,37,0.019988607168145475,0.02048920192444198,0.020238904546293728,13138215.991677184,0.0,1506945.9588
2025-12-12,38,0.02048920192444198,0.02098979668073848,0.020739499302590232,0.0,0.0,0.0
2025-12-12,39,0.02098979668073848,0.021490391437034982,0.02124009405888673,0.0,0.0,0.0
2025-12-12,40,0.021490391437034982,0.021990986193331483,0.021740688815183234,4067707.8754077153,0.0,447416.5732
2025-12-12,41,0.021990986193331483,0.022491580949627984,0.022241283571479732,7962714.90359374,0.0,1738136.014
2025-12-12,42,0.022491580949627984,0.02299217570592449,0.022741878327776237,0.0,0.0,0.0
2025-12-12,43,0.02299217570592449,0.02349277046222099,0.02324247308407274,0.0,0.0,0.0
2025-12-12,44,0.02349277046222099,0.02399336521851749,0.02374306784036924,0.0,0.0,0.0
2025-12-12,45,0.02399336521851749,0.024493959974813996,0.024243662596665744,23057528.248572174,0.0,8551475.782
2025-12-12,46,0.024493959974813996,0.024994554731110497,0.02474425735296225,0.0,0.0,0.0
2025-12-12,47,0.024994554731110497,0.025495149487407,0.025244852109258746,5913790.008901587,0.0,2565408.956
2025-12-12,48,0.025495149487407,0.0259957442437035,0.02574544686555525,0.0,0.0,0.0
2025-12-12,49,0.0259957442437035,0.026496339,0.02624604162185175,15209702.268774623,0.0,5034303.169
2025-12-13,0,0.0014666011851749,0.0019671959414714023,0.0017168985633231513,0.0,0.0,0.0
2025-12-13,1,0.0019671959414714023,0.0024677906977679043,0.0022174933196196533,0.0,0.0,0.0
2025-12-13,2,0.0024677906977679043,0.0029683854540644063,0.0027180880759161553,1838210.8281773496,0.0,0.0
2025-12-13,3,0.0029683854540644063,0.0034689802103609084,0.0032186828322126573,103968459.44887407,0.0,36017468.4535
2025-12-13,4,0.0034689802103609084,0.00396957496665741,0.0037192775885091594,101783234.0484015,0.0,40355437.76195
2025-12-13,5,0.00396957496665741,0.004470169722953912,0.004219872344805661,16302784.877212457,0.0,0.0
2025-12-13,6,0.004470169722953912,0.0049707644792504144,0.004720467101102164,112402766.44748315,0.0,52795573.13619
2025-12-13,7,0.0049707644792504144,0.0054713592355469165,0.005221061857398665,169968466.6960226,0.0,76585428.79099002
2025-12-13,8,0.0054713592355469165,0.0059719539918434185,0.005721656613695168,148485750.77747157,9372588.756019307,82185214.72084016
2025-12-13,9,0.0059719539918434185,0.0064725487481399205,0.006222251369991669,48494026.66087761,0.0,13466855.531
2025-12-13,10,0.0064725487481399205,0.0069731435044364225,0.006722846126288172,0.0,1024668115.2581116,40476190.48
2025-12-13,11,0.0069731435044364225,0.007473738260732925,0.007223440882584673,78593055.4095609,0.0,2105724.4981
2025-12-13,12,0.007473738260732925,0.007974333017029427,0.007724035638881176,0.0,0.0,0.0
2025-12-13,13,0.007974333017029427,0.008474927773325928,0.008224630395177677,20688808.026684072,60142154.78566016,1090272.0659
2025-12-13,14,0.008474927773325928,0.00897552252962243,0.00872522515147418,133136013.78785211,0.0,29553199.729040973
2025-12-13,15,0.00897552252962243,0.009476117285918932,0.009225819907770681,29729426.52848943,0.0,287733.3244
2025-12-13,16,0.009476117285918932,0.009976712042215433,0.009726414664067182,48160993.600863606,0.0,613145.9358
2025-12-13,17,0.009976712042215433,0.010477306798511936,0.010227009420363684,26856550.719678983,0.0,911799.0071
2025-12-13,18,0.010477306798511936,0.010977901554808439,0.010727604176660188,0.0,0.0,0.0
2025-12-13,19,0.010977901554808439,0.01147849631110494,0.01122819893295669,0.0,0.0,0.0
2025-12-13,20,0.01147849631110494,0.011979091067401441,0.01172879368925319,0.0,0.0,0.0
2025-12-13,21,0.011979091067401441,0.012479685823697944,0.012229388445549692,0.0,0.0,0.0
2025-12-13,22,0.012479685823697944,0.012980280579994447,0.012729983201846196,22353312.41292779,0.0,529635.262
2025-12-13,23,0.012980280579994447,0.013480875336290948,0.013230577958142697,6603623.81969605,0.0,462966.4212
2025-12-13,24,0.013480875336290948,0.01398147009258745,0.013731172714439199,0.0,0.0,0.0
2025-12-13,25,0.01398147009258745,0.014482064848883952,0.0142317674707357,53499921.298563644,0.0,3828048.6454
2025-12-13,26,0.014482064848883952,0.014982659605180455,0.014732362227032204,25846078.296155255,0.0,3035175.2822
2025-12-13,27,0.014982659605180455,0.015483254361476956,0.015232956983328706,57770696.87803771,0.0,2100828.477
2025-12-13,28,0.015483254361476956,0.01598384911777346,0.015733551739625207,13356381.467076788,0.0,320934.52665
2025-12-13,29,0.01598384911777346,0.01648444387406996,0.01623414649592171,0.0,0.0,0.0
2025-12-13,30,0.01648444387406996,0.016985038630366465,0.016734741252218212,50716428.661299646,0.0,3076333.1029000003
2025-12-13,31,0.016985038630366465,0.017485633386662966,0.017235336008514714,0.0,0.0,0.0
2025-12-13,32,0.017485633386662966,0.017986228142959467,0.01773593076481122,32935335.903271496,0.0,5997013.514900001
2025-12-13,33,0.017986228142959467,0.01848682289925597,0.018236525521107716,27251563.02250021,0.0,1683391.8751
2025-12-13,34,0.01848682289925597,0.018987417655552473,0.01873712027740422,0.0,0.0,0.0
2025-12-13,35,0.018987417655552473,0.019488012411848974,0.019237715033700725,132967405.73252767,0.0,4113149.5599999996
2025-12-13,36,0.019488012411848974,0.019988607168145475,0.019738309789997223,14428537.012555128,0.0,1366803.6518
2025-12-13,37,0.019988607168145475,0.02048920192444198,0.020238904546293728,13138215.991677184,0.0,1506945.9588
2025-12-13,38,0.02048920192444198,0.02098979668073848,0.020739499302590232,0.0,0.0,0.0
2025-12-13,39,0.02098979668073848,0.021490391437034982,0.02124009405888673,0.0,0.0,0.0
2025-12-13,40,0.021490391437034982,0.021990986193331483,0.021740688815183234,3948523.8656907156,0.0,447416.5732
2025-12-13,41,0.021990986193331483,0.022491580949627984,0.022241283571479732,7962714.90359374,0.0,1738136.014
2025-12-13,42,0.022491580949627984,0.02299217570592449,0.022741878327776237,0.0,0.0,0.0
2025-12-13,43,0.02299217570592449,0.02349277046222099,0.02324247308407274,0.0,0.0,0.0
2025-12-13,44,0.02349277046222099,0.02399336521851749,0.02374306784036924,0.0,0.0,0.0
2025-12-13,45,0.02399336521851749,0.024493959974813996,0.024243662596665744,23057528.248572174,0.0,8551475.782
2025-12-13,46,0.024493959974813996,0.024994554731110497,0.02474425735296225,0.0,0.0,0.0
2025-12-13,47,0.024994554731110497,0.025495149487407,0.025244852109258746,5913790.008901587,0.0,2565408.956
2025-12-13,48,0.025495149487407,0.0259957442437035,0.02574544686555525,0.0,0.0,0.0
2025-12-13,49,0.0259957442437035,0.026496339,0.02624604162185175,15209702.268774623,0.0,5034303.169
2025-12-14,0,0.0014666011851749,0.0019671959414714023,0.0017168985633231513,0.0,0.0,0.0
2025-12-14,1,0.0019671959414714023,0.0024677906977679043,0.0022174933196196533,0.0,0.0,0.0
2025-12-14,2,0.0024677906977679043,0.0029683854540644063,0.0027180880759161553,54526933.48769377,0.0,10477274.504999999
2025-12-14,3,0.0029683854540644063,0.0034689802103609084,0.0032186828322126573,97089558.75121407,0.0,36017468.4535
2025-12-14,4,0.0034689802103609084,0.00396957496665741,0.0037192775885091594,98594494.05395521,0.0,40355437.76195
2025-12-14,5,0.00396957496665741,0.004470169722953912,0.004219872344805661,16302784.877212457,0.0,0.0
2025-12-14,6,0.004470169722953912,0.0049707644792504144,0.004720467101102164,101903529.90534644,0.0,52795573.13619
2025-12-14,7,0.0049707644792504144,0.0054713592355469165,0.005221061857398665,144978388.0035503,14727342.341543254,69570865.01299001
2025-12-14,8,0.0054713592355469165,0.0059719539918434185,0.005721656613695168,147319853.99929452,9372588.756019307,82185214.72084016
2025-12-14,9,0.0059719539918434185,0.0064725487481399205,0.006222251369991669,48103706.85449334,0.0,13466855.531
2025-12-14,10,0.0064725487481399205,0.0069731435044364225,0.006722846126288172,0.0,1024643280.919412,40476190.48
2025-12-14,11,0.0069731435044364225,0.007473738260732925,0.007223440882584673,78575034.49219489,0.0,2105724.4981
2025-12-14,12,0.007473738260732925,0.007974333017029427,0.007724035638881176,0.0,0.0,0.0
2025-12-14,13,0.007974333017029427,0.008474927773325928,0.008224630395177677,20457671.59097407,60142154.78566016,1090272.0659
2025-12-14,14,0.008474927773325928,0.00897552252962243,0.00872522515147418,132333280.2633521,0.0,28375917.73504097
2025-12-14,15,0.00897552252962243,0.009476117285918932,0.009225819907770681,27662180.68241943,0.0,287733.3244
2025-12-14,16,0.009476117285918932,0.009976712042215433,0.009726414664067182,48160993.600863606,0.0,613145.9358
2025-12-14,17,0.009976712042215433,0.010477306798511936,0.010227009420363684,26844889.400008686,0.0,911799.0071
2025-12-14,18,0.010477306798511936,0.010977901554808439,0.010727604176660188,0.0,0.0,0.0
2025-12-14,19,0.010977901554808439,0.01147849631110494,0.01122819893295669,0.0,0.0,0.0
2025-12-14,20,0.01147849631110494,0.011979091067401441,0.01172879368925319,0.0,0.0,0.0
2025-12-14,21,0.011979091067401441,0.012479685823697944,0.012229388445549692,0.0,0.0,0.0
2025-12-14,22,0.012479685823697944,0.012980280579994447,0.012729983201846196,22353312.41292779,0.0,529635.262
2025-12-14,23,0.012980280579994447,0.013480875336290948,0.013230577958142697,6603623.81969605,0.0,462966.4212
2025-12-14,24,0.013480875336290948,0.01398147009258745,0.013731172714439199,0.0,0.0,0.0
2025-12-14,25,0.01398147009258745,0.014482064848883952,0.0142317674707357,53039395.03222364,0.0,3828048.6454
2025-12-14,26,0.014482064848883952,0.014982659605180455,0.014732362227032204,25846078.296155255,0.0,3035175.2822
2025-12-14,27,0.014982659605180455,0.015483254361476956,0.015232956983328706,57011024.23488208,0.0,2100828.477
2025-12-14,28,0.015483254361476956,0.01598384911777346,0.015733551739625207,13356381.467076788,0.0,320934.52665
2025-12-14,29,0.01598384911777346,0.01648444387406996,0.01623414649592171,0.0,0.0,0.0
2025-12-14,30,0.01648444387406996,0.016985038630366465,0.016734741252218212,50716409.33682861,0.0,3076333.1029000003
2025-12-14,31,0.016985038630366465,0.017485633386662966,0.017235336008514714,0.0,0.0,0.0
2025-12-14,32,0.017485633386662966,0.017986228142959467,0.01773593076481122,32932702.532652494,0.0,5997013.514900001
2025-12-14,33,0.017986228142959467,0.01848682289925597,0.018236525521107716,26988376.65020791,0.0,1683391.8751
2025-12-14,34,0.01848682289925597,0.018987417655552473,0.01873712027740422,0.0,0.0,0.0
2025-12-14,35,0.018987417655552473,0.019488012411848974,0.019237715033700725,132967400.43338124,0.0,4113149.5599999996
2025-12-14,36,0.019488012411848974,0.019988607168145475,0.019738309789997223,14428537.012555128,0.0,1366803.6518
2025-12-14,37,0.019988607168145475,0.02048920192444198,0.020238904546293728,13138215.991677184,0.0,1506945.9588
2025-12-14,38,0.02048920192444198,0.02098979668073848,0.020739499302590232,0.0,0.0,0.0
2025-12-14,39,0.02098979668073848,0.021490391437034982,0.02124009405888673,0.0,0.0,0.0
2025-12-14,40,0.021490391437034982,0.021990986193331483,0.021740688815183234,3948523.8656907156,0.0,447416.5732
2025-12-14,41,0.021990986193331483,0.022491580949627984,0.022241283571479732,7962714.90359374,0.0,1738136.014
2025-12-14,42,0.022491580949627984,0.02299217570592449,0.022741878327776237,0.0,0.0,0.0
2025-12-14,43,0.02299217570592449,0.02349277046222099,0.02324247308407274,0.0,0.0,0.0
2025-12-14,44,0.02349277046222099,0.02399336521851749,0.02374306784036924,0.0,0.0,0.0
2025-12-14,45,0.02399336521851749,0.024493959974813996,0.024243662596665744,23057528.248572174,0.0,8551475.782
2025-12-14,46,0.024493959974813996,0.024994554731110497,0.02474425735296225,0.0,0.0,0.0
2025-12-14,47,0.024994554731110497,0.025495149487407,0.025244852109258746,5675539.527841587,0.0,2565408.956
2025-12-14,48,0.025495149487407,0.0259957442437035,0.02574544686555525,0.0,0.0,0.0
2025-12-14,49,0.0259957442437035,0.026496339,0.02624604162185175,15183205.579814622,0.0,5034303.169
2025-12-15,0,0.0014666011851749,0.0019671959414714023,0.0017168985633231513,0.0,0.0,0.0
2025-12-15,1,0.0019671959414714023,0.0024677906977679043,0.0022174933196196533,0.0,0.0,0.0
2025-12-15,2,0.0024677906977679043,0.0029683854540644063,0.0027180880759161553,84054486.5574753,0.0,24098964.317599997
2025-12-15,3,0.0029683854540644063,0.0034689802103609084,0.0032186828322126573,91950915.8777663,0.0,36017468.4535
2025-12-15,4,0.0034689802103609084,0.00396957496665741,0.0037192775885091594,90663196.74253389,0.0,40355437.76195
2025-12-15,5,0.00396957496665741,0.004470169722953912,0.004219872344805661,16302784.877212457,0.0,0.0
2025-12-15,6,0.004470169722953912,0.0049707644792504144,0.004720467101102164,88205042.3148651,10459978.437286127,52794520.420720994
2025-12-15,7,0.0049707644792504144,0.0054713592355469165,0.005221061857398665,140603208.62296638,14727342.341543254,56839758.35299002
2025-12-15,8,0.0054713592355469165,0.0059719539918434185,0.005721656613695168,144149851.58327487,9372588.756019307,82185214.72084016
2025-12-15,9,0.0059719539918434185,0.0064725487481399205,0.006222251369991669,47510808.77486793,0.0,13466855.531
2025-12-15,10,0.0064725487481399205,0.0069731435044364225,0.006722846126288172,0.0,1024625394.8455932,40476190.48
2025-12-15,11,0.0069731435044364225,0.007473738260732925,0.007223440882584673,78153318.8625469,0.0,2105724.4981
2025-12-15,12,0.007473738260732925,0.007974333017029427,0.007724035638881176,0.0,0.0,0.0
2025-12-15,13,0.007974333017029427,0.008474927773325928,0.008224630395177677,20450024.96002907,60139227.13999616,1090272.0659
2025-12-15,14,0.008474927773325928,0.00897552252962243,0.00872522515147418,132189540.82265511,0.0,26937988.91904097
2025-12-15,15,0.00897552252962243,0.009476117285918932,0.009225819907770681,27537702.158962432,0.0,287733.3244
2025-12-15,16,0.009476117285918932,0.009976712042215433,0.009726414664067182,48138945.99309361,0.0,613145.9358
2025-12-15,17,0.009976712042215433,0.010477306798511936,0.010227009420363684,26844889.40000867,0.0,911799.0071
2025-12-15,18,0.010477306798511936,0.010977901554808439,0.010727604176660188,0.0,0.0,0.0
2025-12-15,19,0.010977901554808439,0.01147849631110494,0.01122819893295669,0.0,0.0,0.0
2025-12-15,20,0.01147849631110494,0.011979091067401441,0.01172879368925319,0.0,0.0,0.0
2025-12-15,21,0.011979091067401441,0.012479685823697944,0.012229388445549692,0.0,0.0,0.0
2025-12-15,22,0.012479685823697944,0.012980280579994447,0.012729983201846196,22335399.23038519,0.0,529635.262
2025-12-15,23,0.012980280579994447,0.013480875336290948,0.013230577958142697,6596511.646804051,0.0,462966.4212
2025-12-15,24,0.013480875336290948,0.01398147009258745,0.013731172714439199,0.0,0.0,0.0
2025-12-15,25,0.01398147009258745,0.014482064848883952,0.0142317674707357,49652450.02932295,0.0,3828048.6454
2025-12-15,26,0.014482064848883952,0.014982659605180455,0.014732362227032204,25816213.387145255,0.0,3035175.2822
2025-12-15,27,0.014982659605180455,0.015483254361476956,0.015232956983328706,57010990.12300668,0.0,2100828.477
2025-12-15,28,0.015483254361476956,0.01598384911777346,0.015733551739625207,13356280.699331688,0.0,320934.52665
2025-12-15,29,0.01598384911777346,0.01648444387406996,0.01623414649592171,0.0,0.0,0.0
2025-12-15,30,0.01648444387406996,0.016985038630366465,0.016734741252218212,50716409.33682861,0.0,3076333.1029000003
2025-12-15,31,0.016985038630366465,0.017485633386662966,0.017235336008514714,0.0,0.0,0.0
2025-12-15,32,0.017485633386662966,0.017986228142959467,0.01773593076481122,32890360.866647094,0.0,5997013.514900001
2025-12-15,33,0.017986228142959467,0.01848682289925597,0.018236525521107716,26988376.65020791,0.0,1683391.8751
2025-12-15,34,0.01848682289925597,0.018987417655552473,0.01873712027740422,0.0,0.0,0.0
2025-12-15,35,0.018987417655552473,0.019488012411848974,0.019237715033700725,132967400.43338124,0.0,4113149.5599999996
2025-12-15,36,0.019488012411848974,0.019988607168145475,0.019738309789997223,14391842.105769793,0.0,1366803.6518
2025-12-15,37,0.019988607168145475,0.02048920192444198,0.020238904546293728,13136774.836296784,0.0,1506945.9588
2025-12-15,38,0.02048920192444198,0.02098979668073848,0.020739499302590232,0.0,0.0,0.0
2025-12-15,39,0.02098979668073848,0.021490391437034982,0.02124009405888673,0.0,0.0,0.0
2025-12-15,40,0.021490391437034982,0.021990986193331483,0.021740688815183234,3948519.8149100156,0.0,447416.5732
2025-12-15,41,0.021990986193331483,0.022491580949627984,0.022241283571479732,7962714.90359374,0.0,1738136.014
2025-12-15,42,0.022491580949627984,0.02299217570592449,0.022741878327776237,0.0,0.0,0.0
2025-12-15,43,0.02299217570592449,0.02349277046222099,0.02324247308407274,0.0,0.0,0.0
2025-12-15,44,0.02349277046222099,0.02399336521851749,0.02374306784036924,0.0,0.0,0.0
2025-12-15,45,0.02399336521851749,0.024493959974813996,0.024243662596665744,23044524.530280177,0.0,8551475.782
2025-12-15,46,0.024493959974813996,0.024994554731110497,0.02474425735296225,0.0,0.0,0.0
2025-12-15,47,0.024994554731110497,0.025495149487407,0.025244852109258746,5670288.145174587,0.0,2565408.956
2025-12-15,48,0.025495149487407,0.0259957442437035,0.02574544686555525,0.0,0.0,0.0
2025-12-15,49,0.0259957442437035,0.026496339,0.02624604162185175,15173647.574566621,0.0,5034303.169
2025-12-16,0,0.0014666011851749,0.0019671959414714023,0.0017168985633231513,0.0,0.0,0.0
2025-12-16,1,0.0019671959414714023,0.0024677906977679043,0.0022174933196196533,0.0,0.0,0.0
2025-12-16,2,0.0024677906977679043,0.0029683854540644063,0.0027180880759161553,100632796.28737193,0.0,32608143.655679997
2025-12-16,3,0.0029683854540644063,0.0034689802103609084,0.0032186828322126573,91128157.80900629,0.0,36017468.4535
2025-12-16,4,0.0034689802103609084,0.00396957496665741,0.0037192775885091594,90339233.69918017,0.0,40355437.76195
2025-12-16,5,0.00396957496665741,0.004470169722953912,0.004219872344805661,11614654.188504562,4688130.688707889,0.0
2025-12-16,6,0.004470169722953912,0.0049707644792504144,0.004720467101102164,85282755.19730382,10459978.437286127,52794520.420720994
2025-12-16,7,0.0049707644792504144,0.0054713592355469165,0.005221061857398665,133709972.0959215,14727342.341543254,53309953.00298999
2025-12-16,8,0.0054713592355469165,0.0059719539918434185,0.005721656613695168,142642326.04778785,9372588.756019307,80114595.58384018
2025-12-16,9,0.0059719539918434185,0.0064725487481399205,0.006222251369991669,47284963.52536123,0.0,13466855.531
2025-12-16,10,0.0064725487481399205,0.0069731435044364225,0.006722846126288172,0.0,1024369069.7249832,40476190.48
2025-12-16,11,0.0069731435044364225,0.007473738260732925,0.007223440882584673,78150053.0335719,0.0,2105724.4981
2025-12-16,12,0.007473738260732925,0.007974333017029427,0.007724035638881176,0.0,0.0,0.0
2025-12-16,13,0.007974333017029427,0.008474927773325928,0.008224630395177677,20450024.96002907,60134660.38158216,1090272.0659
2025-12-16,14,0.008474927773325928,0.00897552252962243,0.00872522515147418,132182614.80013111,0.0,26882850.61258097
2025-12-16,15,0.00897552252962243,0.009476117285918932,0.009225819907770681,27537702.158962432,0.0,287733.3244
2025-12-16,16,0.009476117285918932,0.009976712042215433,0.009726414664067182,47748945.993093595,0.0,613145.9358
2025-12-16,17,0.009976712042215433,0.010477306798511936,0.010227009420363684,26844889.40000867,0.0,911799.0071
2025-12-16,18,0.010477306798511936,0.010977901554808439,0.010727604176660188,0.0,0.0,0.0
2025-12-16,19,0.010977901554808439,0.01147849631110494,0.01122819893295669,0.0,0.0,0.0
2025-12-16,20,0.01147849631110494,0.011979091067401441,0.01172879368925319,0.0,0.0,0.0
2025-12-16,21,0.011979091067401441,0.012479685823697944,0.012229388445549692,0.0,0.0,0.0
2025-12-16,22,0.012479685823697944,0.012980280579994447,0.012729983201846196,22335399.23038519,0.0,529635.262
2025-12-16,23,0.012980280579994447,0.013480875336290948,0.013230577958142697,6596511.646804051,0.0,462966.4212
2025-12-16,24,0.013480875336290948,0.01398147009258745,0.013731172714439199,0.0,0.0,0.0
2025-12-16,25,0.01398147009258745,0.014482064848883952,0.0142317674707357,49648558.550938934,0.0,3828048.6454
2025-12-16,26,0.014482064848883952,0.014982659605180455,0.014732362227032204,25816187.313811567,0.0,3035175.2822
2025-12-16,27,0.014982659605180455,0.015483254361476956,0.015232956983328706,57010990.12300668,0.0,2100828.477
2025-12-16,28,0.015483254361476956,0.01598384911777346,0.015733551739625207,13356280.699331688,0.0,320934.52665
2025-12-16,29,0.01598384911777346,0.01648444387406996,0.01623414649592171,0.0,0.0,0.0
2025-12-16,30,0.01648444387406996,0.016985038630366465,0.016734741252218212,50716083.92904481,0.0,3076333.1029000003
2025-12-16,31,0.016985038630366465,0.017485633386662966,0.017235336008514714,0.0,0.0,0.0
2025-12-16,32,0.017485633386662966,0.017986228142959467,0.01773593076481122,32890360.866647094,0.0,5997013.514900001
2025-12-16,33,0.017986228142959467,0.01848682289925597,0.018236525521107716,26483859.31527391,0.0,1683391.8751
2025-12-16,34,0.01848682289925597,0.018987417655552473,0.01873712027740422,0.0,0.0,0.0
2025-12-16,35,0.018987417655552473,0.019488012411848974,0.019237715033700725,132967400.43338124,0.0,4113149.5599999996
2025-12-16,36,0.019488012411848974,0.019988607168145475,0.019738309789997223,14391842.105769793,0.0,1366803.6518
2025-12-16,37,0.019988607168145475,0.02048920192444198,0.020238904546293728,13136774.835796785,0.0,1506945.9588
2025-12-16,38,0.02048920192444198,0.02098979668073848,0.020739499302590232,0.0,0.0,0.0
2025-12-16,39,0.02098979668073848,0.021490391437034982,0.02124009405888673,0.0,0.0,0.0
2025-12-16,40,0.021490391437034982,0.021990986193331483,0.021740688815183234,3948519.8149100156,0.0,447416.5732
2025-12-16,41,0.021990986193331483,0.022491580949627984,0.022241283571479732,7962714.90359374,0.0,1738136.014
2025-12-16,42,0.022491580949627984,0.02299217570592449,0.022741878327776237,0.0,0.0,0.0
2025-12-16,43,0.02299217570592449,0.02349277046222099,0.02324247308407274,0.0,0.0,0.0
2025-12-16,44,0.02349277046222099,0.02399336521851749,0.02374306784036924,0.0,0.0,0.0
2025-12-16,45,0.02399336521851749,0.024493959974813996,0.024243662596665744,23044524.530280177,0.0,8551475.782
2025-12-16,46,0.024493959974813996,0.024994554731110497,0.02474425735296225,0.0,0.0,0.0
2025-12-16,47,0.024994554731110497,0.025495149487407,0.025244852109258746,5670288.145174587,0.0,2565408.956
2025-12-16,48,0.025495149487407,0.0259957442437035,0.02574544686555525,0.0,0.0,0.0
2025-12-16,49,0.0259957442437035,0.026496339,0.02624604162185175,15021992.824066622,0.0,5034303.169
2025-12-17,0,0.0014666011851749,0.0019671959414714023,0.0017168985633231513,0.0,0.0,0.0
2025-12-17,1,0.0019671959414714023,0.0024677906977679043,0.0022174933196196533,0.0,0.0,0.0
2025-12-17,2,0.0024677906977679043,0.0029683854540644063,0.0027180880759161553,123702392.15619731,0.0,43382759.388239995
2025-12-17,3,0.0029683854540644063,0.0034689802103609084,0.0032186828322126573,84505048.29180703,0.0,36017468.4535
2025-12-17,4,0.0034689802103609084,0.00396957496665741,0.0037192775885091594,86071726.4550795,0.0,40355437.76195
2025-12-17,5,0.00396957496665741,0.004470169722953912,0.004219872344805661,8778402.501437671,7524382.375774781,0.0
2025-12-17,6,0.004470169722953912,0.0049707644792504144,0.004720467101102164,83809359.77583791,10459978.437286127,52794037.185737096
2025-12-17,7,0.0049707644792504144,0.0054713592355469165,0.005221061857398665,129390334.3186534,14727342.341543254,53309953.00298999
2025-12-17,8,0.0054713592355469165,0.0059719539918434185,0.005721656613695168,142259298.49021912,9372588.756019307,69504434.09384017
2025-12-17,9,0.0059719539918434185,0.0064725487481399205,0.006222251369991669,46324784.77721253,0.0,13466855.531
2025-12-17,10,0.0064725487481399205,0.0069731435044364225,0.006722846126288172,0.0,1024143562.5264579,40476190.48
2025-12-17,11,0.0069731435044364225,0.007473738260732925,0.007223440882584673,78135813.9323989,0.0,2105724.4981
2025-12-17,12,0.007473738260732925,0.007974333017029427,0.007724035638881176,0.0,0.0,0.0
2025-12-17,13,0.007974333017029427,0.008474927773325928,0.008224630395177677,20450024.96002907,60122028.51371216,1090272.0659
2025-12-17,14,0.008474927773325928,0.00897552252962243,0.00872522515147418,132182614.80013111,0.0,26690724.851780973
2025-12-17,15,0.00897552252962243,0.009476117285918932,0.009225819907770681,27482455.142062433,0.0,287733.3244
2025-12-17,16,0.009476117285918932,0.009976712042215433,0.009726414664067182,47745846.16163559,0.0,613145.9358
2025-12-17,17,0.009976712042215433,0.010477306798511936,0.010227009420363684,26844879.223866582,0.0,911799.0071
2025-12-17,18,0.010477306798511936,0.010977901554808439,0.010727604176660188,0.0,0.0,0.0
2025-12-17,19,0.010977901554808439,0.01147849631110494,0.01122819893295669,0.0,0.0,0.0
2025-12-17,20,0.01147849631110494,0.011979091067401441,0.01172879368925319,0.0,0.0,0.0
2025-12-17,21,0.011979091067401441,0.012479685823697944,0.012229388445549692,0.0,0.0,0.0
2025-12-17,22,0.012479685823697944,0.012980280579994447,0.012729983201846196,22329574.666327193,0.0,529635.262
2025-12-17,23,0.012980280579994447,0.013480875336290948,0.013230577958142697,6596511.646804051,0.0,462966.4212
2025-12-17,24,0.013480875336290948,0.01398147009258745,0.013731172714439199,0.0,0.0,0.0
2025-12-17,25,0.01398147009258745,0.014482064848883952,0.0142317674707357,49493240.37644131,0.0,3828048.6454
2025-12-17,26,0.014482064848883952,0.014982659605180455,0.014732362227032204,25816187.313811567,0.0,3035175.2822
2025-12-17,27,0.014982659605180455,0.015483254361476956,0.015232956983328706,57010990.12300668,0.0,2100828.477
2025-12-17,28,0.015483254361476956,0.01598384911777346,0.015733551739625207,13356280.699331688,0.0,320934.52665
2025-12-17,29,0.01598384911777346,0.01648444387406996,0.01623414649592171,0.0,0.0,0.0
2025-12-17,30,0.01648444387406996,0.016985038630366465,0.016734741252218212,50716083.92904481,0.0,3076333.1029000003
2025-12-17,31,0.016985038630366465,0.017485633386662966,0.017235336008514714,0.0,0.0,0.0
2025-12-17,32,0.017485633386662966,0.017986228142959467,0.01773593076481122,32883753.068657096,0.0,5997013.514900001
2025-12-17,33,0.017986228142959467,0.01848682289925597,0.018236525521107716,26423029.45751391,0.0,1683391.8751
2025-12-17,34,0.01848682289925597,0.018987417655552473,0.01873712027740422,0.0,0.0,0.0
2025-12-17,35,0.018987417655552473,0.019488012411848974,0.019237715033700725,132872981.67468125,0.0,4113149.5599999996
2025-12-17,36,0.019488012411848974,0.019988607168145475,0.019738309789997223,14386372.934919791,0.0,1366803.6518
2025-12-17,37,0.019988607168145475,0.02048920192444198,0.020238904546293728,13136774.835796785,0.0,1506945.9588
2025-12-17,38,0.02048920192444198,0.02098979668073848,0.020739499302590232,0.0,0.0,0.0
2025-12-17,39,0.02098979668073848,0.021490391437034982,0.02124009405888673,0.0,0.0,0.0
2025-12-17,40,0.021490391437034982,0.021990986193331483,0.021740688815183234,3948519.8149100156,0.0,447416.5732
2025-12-17,41,0.021990986193331483,0.022491580949627984,0.022241283571479732,7959231.039502741,0.0,1738136.014
2025-12-17,42,0.022491580949627984,0.02299217570592449,0.022741878327776237,0.0,0.0,0.0
2025-12-17,43,0.02299217570592449,0.02349277046222099,0.02324247308407274,0.0,0.0,0.0
2025-12-17,44,0.02349277046222099,0.02399336521851749,0.02374306784036924,0.0,0.0,0.0
2025-12-17,45,0.02399336521851749,0.024493959974813996,0.024243662596665744,23044524.530280177,0.0,8551475.782
2025-12-17,46,0.024493959974813996,0.024994554731110497,0.02474425735296225,0.0,0.0,0.0
2025-12-17,47,0.024994554731110497,0.025495149487407,0.025244852109258746,5670288.145174587,0.0,2565408.956
2025-12-17,48,0.025495149487407,0.0259957442437035,0.02574544686555525,0.0,0.0,0.0
2025-12-17,49,0.0259957442437035,0.026496339,0.02624604162185175,15021992.824066622,0.0,5034303.169
2025-12-18,0,0.0014666011851749,0.0019671959414714023,0.0017168985633231513,0.0,0.0,0.0
2025-12-18,1,0.0019671959414714023,0.0024677906977679043,0.0022174933196196533,16218968.34307549,0.0,7585172.880799999
2025-12-18,2,0.0024677906977679043,0.0029683854540644063,0.0027180880759161553,119483600.5868983,0.0,43382759.388239995
2025-12-18,3,0.0029683854540644063,0.0034689802103609084,0.0032186828322126573,82782282.98803902,0.0,36017468.4535
2025-12-18,4,0.0034689802103609084,0.00396957496665741,0.0037192775885091594,79319884.86162296,783062.7683433099,40355437.76195
2025-12-18,5,0.00396957496665741,0.004470169722953912,0.004219872344805661,8778402.501437671,7473724.662454781,0.0
2025-12-18,6,0.004470169722953912,0.0049707644792504144,0.004720467101102164,81258198.52544792,10459435.118067227,52794037.185737096
2025-12-18,7,0.0049707644792504144,0.0054713592355469165,0.005221061857398665,128180670.90617986,14727342.341543254,53309953.00298999
2025-12-18,8,0.0054713592355469165,0.0059719539918434185,0.005721656613695168,140462307.93360573,9372588.756019307,63954873.57984017
2025-12-18,9,0.0059719539918434185,0.0064725487481399205,0.006222251369991669,46148698.78506574,0.0,13466855.531
2025-12-18,10,0.0064725487481399205,0.0069731435044364225,0.006722846126288172,0.0,1024103334.8401695,40476190.48
2025-12-18,11,0.0069731435044364225,0.007473738260732925,0.007223440882584673,78095455.2834609,0.0,2105724.4981
2025-12-18,12,0.007473738260732925,0.007974333017029427,0.007724035638881176,0.0,0.0,0.0
2025-12-18,13,0.007974333017029427,0.008474927773325928,0.008224630395177677,20450024.96002907,60122028.51371216,1090272.0659
2025-12-18,14,0.008474927773325928,0.00897552252962243,0.00872522515147418,132175774.84547028,0.0,26609244.24039097
2025-12-18,15,0.00897552252962243,0.009476117285918932,0.009225819907770681,27482455.142062433,0.0,287733.3244
2025-12-18,16,0.009476117285918932,0.009976712042215433,0.009726414664067182,47568105.63464561,0.0,613145.9358
2025-12-18,17,0.009976712042215433,0.010477306798511936,0.010227009420363684,26844845.738598093,0.0,911799.0071
2025-12-18,18,0.010477306798511936,0.010977901554808439,0.010727604176660188,0.0,0.0,0.0
2025-12-18,19,0.010977901554808439,0.01147849631110494,0.01122819893295669,0.0,0.0,0.0
2025-12-18,20,0.01147849631110494,0.011979091067401441,0.01172879368925319,0.0,0.0,0.0
2025-12-18,21,0.011979091067401441,0.012479685823697944,0.012229388445549692,0.0,0.0,0.0
2025-12-18,22,0.012479685823697944,0.012980280579994447,0.012729983201846196,22329574.666327193,0.0,529635.262
2025-12-18,23,0.012980280579994447,0.013480875336290948,0.013230577958142697,6596511.646804051,0.0,462966.4212
2025-12-18,24,0.013480875336290948,0.01398147009258745,0.013731172714439199,0.0,0.0,0.0
2025-12-18,25,0.01398147009258745,0.014482064848883952,0.0142317674707357,49493240.37644131,0.0,3828048.6454
2025-12-18,26,0.014482064848883952,0.014982659605180455,0.014732362227032204,25816187.313811567,0.0,3035175.2822
2025-12-18,27,0.014982659605180455,0.015483254361476956,0.015232956983328706,57009987.98244058,0.0,2100828.477
2025-12-18,28,0.015483254361476956,0.01598384911777346,0.015733551739625207,13356280.699331688,0.0,320934.52665
2025-12-18,29,0.01598384911777346,0.01648444387406996,0.01623414649592171,0.0,0.0,0.0
2025-12-18,30,0.01648444387406996,0.016985038630366465,0.016734741252218212,50545471.67934481,0.0,3076333.1029000003
2025-12-18,31,0.016985038630366465,0.017485633386662966,0.017235336008514714,0.0,0.0,0.0
2025-12-18,32,0.017485633386662966,0.017986228142959467,0.01773593076481122,32883635.905000407,0.0,5997013.514900001
2025-12-18,33,0.017986228142959467,0.01848682289925597,0.018236525521107716,26423029.45751391,0.0,1683391.8751
2025-12-18,34,0.01848682289925597,0.018987417655552473,0.01873712027740422,0.0,0.0,0.0
2025-12-18,35,0.018987417655552473,0.019488012411848974,0.019237715033700725,132872095.27874434,0.0,4113149.5599999996
2025-12-18,36,0.019488012411848974,0.019988607168145475,0.019738309789997223,14380978.607617794,0.0,1366803.6518
2025-12-18,37,0.019988607168145475,0.02048920192444198,0.020238904546293728,13133111.965121785,0.0,1506945.9588
2025-12-18,38,0.02048920192444198,0.02098979668073848,0.020739499302590232,0.0,0.0,0.0
2025-12-18,39,0.02098979668073848,0.021490391437034982,0.02124009405888673,0.0,0.0,0.0
2025-12-18,40,0.021490391437034982,0.021990986193331483,0.021740688815183234,3939126.9003970157,0.0,447416.5732
2025-12-18,41,0.021990986193331483,0.022491580949627984,0.022241283571479732,7959231.039502741,0.0,1738136.014
2025-12-18,42,0.022491580949627984,0.02299217570592449,0.022741878327776237,0.0,0.0,0.0
2025-12-18,43,0.02299217570592449,0.02349277046222099,0.02324247308407274,0.0,0.0,0.0
2025-12-18,44,0.02349277046222099,0.02399336521851749,0.02374306784036924,0.0,0.0,0.0
2025-12-18,45,0.02399336521851749,0.024493959974813996,0.024243662596665744,23044524.530280177,0.0,8551475.782
2025-12-18,46,0.024493959974813996,0.024994554731110497,0.02474425735296225,0.0,0.0,0.0
2025-12-18,47,0.024994554731110497,0.025495149487407,0.025244852109258746,5670288.145174587,0.0,2565408.956
2025-12-18,48,0.025495149487407,0.0259957442437035,0.02574544686555525,0.0,0.0,0.0
2025-12-18,49,0.0259957442437035,0.026496339,0.02624604162185175,15021992.824066622,0.0,5034303.169
2025-12-19,0,0.0014666011851749,0.0019671959414714023,0.0017168985633231513,0.0,0.0,0.0
2025-12-19,1,0.0019671959414714023,0.0024677906977679043,0.0022174933196196533,39258828.45696271,0.0,30730294.13262
2025-12-19,2,0.0024677906977679043,0.0029683854540644063,0.0027180880759161553,112513632.83473507,0.0,43382759.388239995
2025-12-19,3,0.0029683854540644063,0.0034689802103609084,0.0032186828322126573,80077872.733978,0.0,36017468.4535
2025-12-19,4,0.0034689802103609084,0.00396957496665741,0.0037192775885091594,73826607.01171677,783062.7683433099,40355437.76195
2025-12-19,5,0.00396957496665741,0.004470169722953912,0.004219872344805661,8778402.501437671,7473724.662454781,0.0
2025-12-19,6,0.004470169722953912,0.0049707644792504144,0.004720467101102164,64037879.67054061,24980131.03445302,52794037.185737096
2025-12-19,7,0.0049707644792504144,0.0054713592355469165,0.005221061857398665,126893384.423503,14727342.341543254,48834800.20299002
2025-12-19,8,0.0054713592355469165,0.0059719539918434185,0.005721656613695168,126318786.48336804,9372588.756019307,58914988.240840144
2025-12-19,9,0.0059719539918434185,0.0064725487481399205,0.006222251369991669,46115998.71611823,0.0,13466855.531
2025-12-19,10,0.0064725487481399205,0.0069731435044364225,0.006722846126288172,0.0,1021305478.2169442,40476190.48
2025-12-19,11,0.0069731435044364225,0.007473738260732925,0.007223440882584673,78014323.0795887,0.0,2105724.4981
2025-12-19,12,0.007473738260732925,0.007974333017029427,0.007724035638881176,0.0,0.0,0.0
2025-12-19,13,0.007974333017029427,0.008474927773325928,0.008224630395177677,20450011.330329962,60122028.51371216,1090272.0659
2025-12-19,14,0.008474927773325928,0.00897552252962243,0.00872522515147418,132159460.4676303,0.0,26532851.704700977
2025-12-19,15,0.00897552252962243,0.009476117285918932,0.009225819907770681,27482455.142062433,0.0,287733.3244
2025-12-19,16,0.009476117285918932,0.009976712042215433,0.009726414664067182,47568105.63464561,0.0,613145.9358
2025-12-19,17,0.009976712042215433,0.010477306798511936,0.010227009420363684,26844829.80005288,0.0,911799.0071
2025-12-19,18,0.010477306798511936,0.010977901554808439,0.010727604176660188,0.0,0.0,0.0
2025-12-19,19,0.010977901554808439,0.01147849631110494,0.01122819893295669,0.0,0.0,0.0
2025-12-19,20,0.01147849631110494,0.011979091067401441,0.01172879368925319,0.0,0.0,0.0
2025-12-19,21,0.011979091067401441,0.012479685823697944,0.012229388445549692,0.0,0.0,0.0
2025-12-19,22,0.012479685823697944,0.012980280579994447,0.012729983201846196,22327455.410109192,0.0,529635.262
2025-12-19,23,0.012980280579994447,0.013480875336290948,0.013230577958142697,6596511.646804051,0.0,462966.4212
2025-12-19,24,0.013480875336290948,0.01398147009258745,0.013731172714439199,0.0,0.0,0.0
2025-12-19,25,0.01398147009258745,0.014482064848883952,0.0142317674707357,49493240.37644131,0.0,3828048.6454
2025-12-19,26,0.014482064848883952,0.014982659605180455,0.014732362227032204,25816187.313811567,0.0,3035175.2822
2025-12-19,27,0.014982659605180455,0.015483254361476956,0.015232956983328706,16504253.261176568,0.0,2100828.477
2025-12-19,28,0.015483254361476956,0.01598384911777346,0.015733551739625207,13356280.699331688,0.0,320934.52665
2025-12-19,29,0.01598384911777346,0.01648444387406996,0.01623414649592171,0.0,0.0,0.0
2025-12-19,30,0.01648444387406996,0.016985038630366465,0.016734741252218212,50545471.67934481,0.0,3076333.1029000003
2025-12-19,31,0.016985038630366465,0.017485633386662966,0.017235336008514714,0.0,0.0,0.0
2025-12-19,32,0.017485633386662966,0.017986228142959467,0.01773593076481122,32883635.905000407,0.0,5997013.514900001
2025-12-19,33,0.017986228142959467,0.01848682289925597,0.018236525521107716,26414554.843895912,0.0,1683391.8751
2025-12-19,34,0.01848682289925597,0.018987417655552473,0.01873712027740422,0.0,0.0,0.0
2025-12-19,35,0.018987417655552473,0.019488012411848974,0.019237715033700725,132824311.44852434,0.0,4113149.5599999996
2025-12-19,36,0.019488012411848974,0.019988607168145475,0.019738309789997223,14380964.808998646,0.0,1366803.6518
2025-12-19,37,0.019988607168145475,0.02048920192444198,0.020238904546293728,13133111.965121785,0.0,1506945.9588
2025-12-19,38,0.02048920192444198,0.02098979668073848,0.020739499302590232,0.0,0.0,0.0
2025-12-19,39,0.02098979668073848,0.021490391437034982,0.02124009405888673,0.0,0.0,0.0
2025-12-19,40,0.021490391437034982,0.021990986193331483,0.021740688815183234,3936270.4541950156,0.0,447416.5732
2025-12-19,41,0.021990986193331483,0.022491580949627984,0.022241283571479732,7959231.039502741,0.0,1738136.014
2025-12-19,42,0.022491580949627984,0.02299217570592449,0.022741878327776237,0.0,0.0,0.0
2025-12-19,43,0.02299217570592449,0.02349277046222099,0.02324247308407274,0.0,0.0,0.0
2025-12-19,44,0.02349277046222099,0.02399336521851749,0.02374306784036924,0.0,0.0,0.0
2025-12-19,45,0.02399336521851749,0.024493959974813996,0.024243662596665744,23043459.635674175,0.0,8551475.782
2025-12-19,46,0.024493959974813996,0.024994554731110497,0.02474425735296225,0.0,0.0,0.0
2025-12-19,47,0.024994554731110497,0.025495149487407,0.025244852109258746,5670261.259048957,0.0,2565408.956
2025-12-19,48,0.025495149487407,0.0259957442437035,0.02574544686555525,0.0,0.0,0.0
2025-12-19,49,0.0259957442437035,0.026496339,0.02624604162185175,15021144.255808823,0.0,5034303.169
2025-12-20,0,0.0014666011851749,0.0019671959414714023,0.0017168985633231513,0.0,0.0,0.0
2025-12-20,1,0.0019671959414714023,0.0024677906977679043,0.0022174933196196533,54310164.44126525,0.0,35062251.15901999
2025-12-20,2,0.0024677906977679043,0.0029683854540644063,0.0027180880759161553,110381953.99025993,0.0,43382759.388239995
2025-12-20,3,0.0029683854540644063,0.0034689802103609084,0.0032186828322126573,79774191.28298399,0.0,36017468.4535
2025-12-20,4,0.0034689802103609084,0.00396957496665741,0.0037192775885091594,73007690.62800923,783062.7683433099,40355437.76195
2025-12-20,5,0.00396957496665741,0.004470169722953912,0.004219872344805661,7064546.705151998,9187580.458738452,0.0
2025-12-20,6,0.004470169722953912,0.0049707644792504144,0.004720467101102164,61874034.344086595,24980131.03445302,52794037.185737096
2025-12-20,7,0.0049707644792504144,0.0054713592355469165,0.005221061857398665,125316866.214813,14727342.341543254,47200031.61899002
2025-12-20,8,0.0054713592355469165,0.0059719539918434185,0.005721656613695168,125839927.90952304,9372588.756019307,58914988.240840144
2025-12-20,9,0.0059719539918434185,0.0064725487481399205,0.006222251369991669,46039551.90688824,0.0,13466855.531
2025-12-20,10,0.0064725487481399205,0.0069731435044364225,0.006722846126288172,0.0,1021252443.2163575,40476190.48
2025-12-20,11,0.0069731435044364225,0.007473738260732925,0.007223440882584673,77970343.37178326,0.0,2105724.4981
2025-12-20,12,0.007473738260732925,0.007974333017029427,0.007724035638881176,0.0,0.0,0.0
2025-12-20,13,0.007974333017029427,0.008474927773325928,0.008224630395177677,20418447.703391954,60122028.51371216,1090272.0659
2025-12-20,14,0.008474927773325928,0.00897552252962243,0.00872522515147418,132148470.52314259,0.0,25835635.512400977
2025-12-20,15,0.00897552252962243,0.009476117285918932,0.009225819907770681,27482455.142062433,0.0,287733.3244
2025-12-20,16,0.009476117285918932,0.009976712042215433,0.009726414664067182,47568074.815888196,0.0,613145.9358
2025-12-20,17,0.009976712042215433,0.010477306798511936,0.010227009420363684,26330372.364131883,0.0,911799.0071
2025-12-20,18,0.010477306798511936,0.010977901554808439,0.010727604176660188,0.0,0.0,0.0
2025-12-20,19,0.010977901554808439,0.01147849631110494,0.01122819893295669,0.0,0.0,0.0
2025-12-20,20,0.01147849631110494,0.011979091067401441,0.01172879368925319,0.0,0.0,0.0
2025-12-20,21,0.011979091067401441,0.012479685823697944,0.012229388445549692,0.0,0.0,0.0
2025-12-20,22,0.012479685823697944,0.012980280579994447,0.012729983201846196,22327455.410109192,0.0,529635.262
2025-12-20,23,0.012980280579994447,0.013480875336290948,0.013230577958142697,6596511.646804051,0.0,462966.4212
2025-12-20,24,0.013480875336290948,0.01398147009258745,0.013731172714439199,0.0,0.0,0.0
2025-12-20,25,0.01398147009258745,0.014482064848883952,0.0142317674707357,49326580.295081295,0.0,3828048.6454
2025-12-20,26,0.014482064848883952,0.014982659605180455,0.014732362227032204,25805375.357541565,0.0,3035175.2822
2025-12-20,27,0.014982659605180455,0.015483254361476956,0.015232956983328706,16485024.530656565,0.0,2100828.477
2025-12-20,28,0.015483254361476956,0.01598384911777346,0.015733551739625207,13356280.699331688,0.0,320934.52665
2025-12-20,29,0.01598384911777346,0.01648444387406996,0.01623414649592171,0.0,0.0,0.0
2025-12-20,30,0.01648444387406996,0.016985038630366465,0.016734741252218212,50503162.277419806,0.0,3076333.1029000003
2025-12-20,31,0.016985038630366465,0.017485633386662966,0.017235336008514714,0.0,0.0,0.0
2025-12-20,32,0.017485633386662966,0.017986228142959467,0.01773593076481122,32877061.620597407,0.0,5997013.514900001
2025-12-20,33,0.017986228142959467,0.01848682289925597,0.018236525521107716,26398366.479036912,0.0,1683391.8751
2025-12-20,34,0.01848682289925597,0.018987417655552473,0.01873712027740422,0.0,0.0,0.0
2025-12-20,35,0.018987417655552473,0.019488012411848974,0.019237715033700725,132824311.44852434,0.0,4113149.5599999996
2025-12-20,36,0.019488012411848974,0.019988607168145475,0.019738309789997223,14380964.808998646,0.0,1366803.6518
2025-12-20,37,0.019988607168145475,0.02048920192444198,0.020238904546293728,13133111.965121785,0.0,1506945.9588
2025-12-20,38,0.02048920192444198,0.02098979668073848,0.020739499302590232,0.0,0.0,0.0
2025-12-20,39,0.02098979668073848,0.021490391437034982,0.02124009405888673,0.0,0.0,0.0
2025-12-20,40,0.021490391437034982,0.021990986193331483,0.021740688815183234,3936270.4541950156,0.0,447416.5732
2025-12-20,41,0.021990986193331483,0.022491580949627984,0.022241283571479732,7959231.039502741,0.0,1738136.014
2025-12-20,42,0.022491580949627984,0.02299217570592449,0.022741878327776237,0.0,0.0,0.0
2025-12-20,43,0.02299217570592449,0.02349277046222099,0.02324247308407274,0.0,0.0,0.0
2025-12-20,44,0.02349277046222099,0.02399336521851749,0.02374306784036924,0.0,0.0,0.0
2025-12-20,45,0.02399336521851749,0.024493959974813996,0.024243662596665744,23043459.635674175,0.0,8551475.782
2025-12-20,46,0.024493959974813996,0.024994554731110497,0.02474425735296225,0.0,0.0,0.0
2025-12-20,47,0.024994554731110497,0.025495149487407,0.025244852109258746,5670261.259048957,0.0,2565408.956
2025-12-20,48,0.025495149487407,0.0259957442437035,0.02574544686555525,0.0,0.0,0.0
2025-12-20,49,0.0259957442437035,0.026496339,0.02624604162185175,15021144.255808823,0.0,5034303.169
2025-12-21,0,0.0014666011851749,0.0019671959414714023,0.0017168985633231513,0.0,0.0,0.0
2025-12-21,1,0.0019671959414714023,0.0024677906977679043,0.0022174933196196533,78306376.927909,0.0,43550150.802219994
2025-12-21,2,0.0024677906977679043,0.0029683854540644063,0.0027180880759161553,108402266.2805134,0.0,43382759.388239995
2025-12-21,3,0.0029683854540644063,0.0034689802103609084,0.0032186828322126573,76185575.20290333,0.0,36017468.4535
2025-12-21,4,0.0034689802103609084,0.00396957496665741,0.0037192775885091594,68116267.12773852,2162167.386394134,40355437.76195
2025-12-21,5,0.00396957496665741,0.004470169722953912,0.004219872344805661,7064546.705151998,9187580.458738452,0.0
2025-12-21,6,0.004470169722953912,0.0049707644792504144,0.004720467101102164,58192502.883,24978986.950200956,52794037.185737096
2025-12-21,7,0.0049707644792504144,0.0054713592355469165,0.005221061857398665,124448885.3396297,14727342.341543254,41276557.65599
2025-12-21,8,0.0054713592355469165,0.0059719539918434185,0.005721656613695168,123920882.39597575,9372588.756019307,53858885.90384017
2025-12-21,9,0.0059719539918434185,0.0064725487481399205,0.006222251369991669,44559540.74422625,0.0,13466855.531
2025-12-21,10,0.0064725487481399205,0.0069731435044364225,0.006722846126288172,0.0,1021182521.1600056,40476190.48
2025-12-21,11,0.0069731435044364225,0.007473738260732925,0.007223440882584673,77963517.17789225,0.0,2105724.4981
2025-12-21,12,0.007473738260732925,0.007974333017029427,0.007724035638881176,0.0,0.0,0.0
2025-12-21,13,0.007974333017029427,0.008474927773325928,0.008224630395177677,20418447.703391954,60112128.89939418,1090272.0659
2025-12-21,14,0.008474927773325928,0.00897552252962243,0.00872522515147418,132095970.38738522,0.0,25491951.920700975
2025-12-21,15,0.00897552252962243,0.009476117285918932,0.009225819907770681,27482455.142062433,0.0,287733.3244
2025-12-21,16,0.009476117285918932,0.009976712042215433,0.009726414664067182,47501271.55935654,0.0,613145.9358
2025-12-21,17,0.009976712042215433,0.010477306798511936,0.010227009420363684,26330372.364131883,0.0,911799.0071
2025-12-21,18,0.010477306798511936,0.010977901554808439,0.010727604176660188,0.0,0.0,0.0
2025-12-21,19,0.010977901554808439,0.01147849631110494,0.01122819893295669,0.0,0.0,0.0
2025-12-21,20,0.01147849631110494,0.011979091067401441,0.01172879368925319,0.0,0.0,0.0
2025-12-21,21,0.011979091067401441,0.012479685823697944,0.012229388445549692,0.0,0.0,0.0
2025-12-21,22,0.012479685823697944,0.012980280579994447,0.012729983201846196,22327455.410109192,0.0,529635.262
2025-12-21,23,0.012980280579994447,0.013480875336290948,0.013230577958142697,6596511.646804051,0.0,462966.4212
2025-12-21,24,0.013480875336290948,0.01398147009258745,0.013731172714439199,0.0,0.0,0.0
2025-12-21,25,0.01398147009258745,0.014482064848883952,0.0142317674707357,49297419.9604283,0.0,3828048.6454
2025-12-21,26,0.014482064848883952,0.014982659605180455,0.014732362227032204,25805375.357541565,0.0,3035175.2822
2025-12-21,27,0.014982659605180455,0.015483254361476956,0.015232956983328706,16485024.530656565,0.0,2100828.477
2025-12-21,28,0.015483254361476956,0.01598384911777346,0.015733551739625207,13356280.699331688,0.0,320934.52665
2025-12-21,29,0.01598384911777346,0.01648444387406996,0.01623414649592171,0.0,0.0,0.0
2025-12-21,30,0.01648444387406996,0.016985038630366465,0.016734741252218212,50503162.277419806,0.0,3076333.1029000003
2025-12-21,31,0.016985038630366465,0.017485633386662966,0.017235336008514714,0.0,0.0,0.0
2025-12-21,32,0.017485633386662966,0.017986228142959467,0.01773593076481122,32877061.620597407,0.0,5997013.514900001
2025-12-21,33,0.017986228142959467,0.01848682289925597,0.018236525521107716,26358433.538956914,0.0,1683391.8751
2025-12-21,34,0.01848682289925597,0.018987417655552473,0.01873712027740422,0.0,0.0,0.0
2025-12-21,35,0.018987417655552473,0.019488012411848974,0.019237715033700725,132464311.44852434,0.0,4113149.5599999996
2025-12-21,36,0.019488012411848974,0.019988607168145475,0.019738309789997223,14380964.808998646,0.0,1366803.6518
2025-12-21,37,0.019988607168145475,0.02048920192444198,0.020238904546293728,13133111.965121785,0.0,1506945.9588
2025-12-21,38,0.02048920192444198,0.02098979668073848,0.020739499302590232,0.0,0.0,0.0
2025-12-21,39,0.02098979668073848,0.021490391437034982,0.02124009405888673,0.0,0.0,0.0
2025-12-21,40,0.021490391437034982,0.021990986193331483,0.021740688815183234,3936270.4541950156,0.0,447416.5732
2025-12-21,41,0.021990986193331483,0.022491580949627984,0.022241283571479732,7959231.039502741,0.0,1738136.014
2025-12-21,42,0.022491580949627984,0.02299217570592449,0.022741878327776237,0.0,0.0,0.0
2025-12-21,43,0.02299217570592449,0.02349277046222099,0.02324247308407274,0.0,0.0,0.0
2025-12-21,44,0.02349277046222099,0.02399336521851749,0.02374306784036924,0.0,0.0,0.0
2025-12-21,45,0.02399336521851749,0.024493959974813996,0.024243662596665744,23043459.635674175,0.0,8551475.782
2025-12-21,46,0.024493959974813996,0.024994554731110497,0.02474425735296225,0.0,0.0,0.0
2025-12-21,47,0.024994554731110497,0.025495149487407,0.025244852109258746,5670261.259048957,0.0,2565408.956
2025-12-21,48,0.025495149487407,0.0259957442437035,0.02574544686555525,0.0,0.0,0.0
2025-12-21,49,0.0259957442437035,0.026496339,0.02624604162185175,15021144.255808823,0.0,5034303.169
2025-12-22,0,0.0014666011851749,0.0019671959414714023,0.0017168985633231513,0.0,0.0,0.0
2025-12-22,1,0.0019671959414714023,0.0024677906977679043,0.0022174933196196533,93262265.6761548,0.0,51381217.7574831
2025-12-22,2,0.0024677906977679043,0.0029683854540644063,0.0027180880759161553,103084990.85765557,0.0,43382759.388239995
2025-12-22,3,0.0029683854540644063,0.0034689802103609084,0.0032186828322126573,74416226.14490598,0.0,36017468.4535
2025-12-22,4,0.0034689802103609084,0.00396957496665741,0.0037192775885091594,65181601.776273444,3091440.8852622877,40355437.76195
2025-12-22,5,0.00396957496665741,0.004470169722953912,0.004219872344805661,7064546.705151998,9187580.458738452,0.0
2025-12-22,6,0.004470169722953912,0.0049707644792504144,0.004720467101102164,57939916.12082236,24978986.950200956,52794037.185737096
2025-12-22,7,0.0049707644792504144,0.0054713592355469165,0.005221061857398665,123649483.65666677,14727342.341543254,41276557.65599
2025-12-22,8,0.0054713592355469165,0.0059719539918434185,0.005721656613695168,123455737.38742124,9372588.756019307,49302482.811516255
2025-12-22,9,0.0059719539918434185,0.0064725487481399205,0.006222251369991669,44331856.63478177,0.0,13466855.531
2025-12-22,10,0.0064725487481399205,0.0069731435044364225,0.006722846126288172,0.0,1021172177.9404536,40476190.48
2025-12-22,11,0.0069731435044364225,0.007473738260732925,0.007223440882584673,77958356.20173855,0.0,2105724.4981
2025-12-22,12,0.007473738260732925,0.007974333017029427,0.007724035638881176,0.0,0.0,0.0
2025-12-22,13,0.007974333017029427,0.008474927773325928,0.008224630395177677,20418446.259667743,60112128.89939418,1090272.0659
2025-12-22,14,0.008474927773325928,0.00897552252962243,0.00872522515147418,131634421.18764034,0.0,25216043.61482939
2025-12-22,15,0.00897552252962243,0.009476117285918932,0.009225819907770681,27482455.142062433,0.0,287733.3244
2025-12-22,16,0.009476117285918932,0.009976712042215433,0.009726414664067182,47492973.365467,0.0,613145.9358
2025-12-22,17,0.009976712042215433,0.010477306798511936,0.010227009420363684,26313694.52556248,0.0,911799.0071
2025-12-22,18,0.010477306798511936,0.010977901554808439,0.010727604176660188,0.0,0.0,0.0
2025-12-22,19,0.010977901554808439,0.01147849631110494,0.01122819893295669,0.0,0.0,0.0
2025-12-22,20,0.01147849631110494,0.011979091067401441,0.01172879368925319,0.0,0.0,0.0
2025-12-22,21,0.011979091067401441,0.012479685823697944,0.012229388445549692,0.0,0.0,0.0
2025-12-22,22,0.012479685823697944,0.012980280579994447,0.012729983201846196,22327455.410109192,0.0,529635.262
2025-12-22,23,0.012980280579994447,0.013480875336290948,0.013230577958142697,6596511.646804051,0.0,462966.4212
2025-12-22,24,0.013480875336290948,0.01398147009258745,0.013731172714439199,0.0,0.0,0.0
2025-12-22,25,0.01398147009258745,0.014482064848883952,0.0142317674707357,49297419.9604283,0.0,3828048.6454
2025-12-22,26,0.014482064848883952,0.014982659605180455,0.014732362227032204,25805375.357541565,0.0,3035175.2822
2025-12-22,27,0.014982659605180455,0.015483254361476956,0.015232956983328706,16469171.55660772,0.0,2100828.477
2025-12-22,28,0.015483254361476956,0.01598384911777346,0.015733551739625207,13356280.699331688,0.0,320934.52665
2025-12-22,29,0.01598384911777346,0.01648444387406996,0.01623414649592171,0.0,0.0,0.0
2025-12-22,30,0.01648444387406996,0.016985038630366465,0.016734741252218212,50481391.2110313,0.0,3076333.1029000003
2025-12-22,31,0.016985038630366465,0.017485633386662966,0.017235336008514714,0.0,0.0,0.0
2025-12-22,32,0.017485633386662966,0.017986228142959467,0.01773593076481122,32877061.620597407,0.0,5997013.514900001
2025-12-22,33,0.017986228142959467,0.01848682289925597,0.018236525521107716,26358433.538956914,0.0,1683391.8751
2025-12-22,34,0.01848682289925597,0.018987417655552473,0.01873712027740422,0.0,0.0,0.0
2025-12-22,35,0.018987417655552473,0.019488012411848974,0.019237715033700725,132464311.44852434,0.0,4113149.5599999996
2025-12-22,36,0.019488012411848974,0.019988607168145475,0.019738309789997223,14380916.848685464,0.0,1366803.6518
2025-12-22,37,0.019988607168145475,0.02048920192444198,0.020238904546293728,13133111.965121785,0.0,1506945.9588
2025-12-22,38,0.02048920192444198,0.02098979668073848,0.020739499302590232,0.0,0.0,0.0
2025-12-22,39,0.02098979668073848,0.021490391437034982,0.02124009405888673,0.0,0.0,0.0
2025-12-22,40,0.021490391437034982,0.021990986193331483,0.021740688815183234,3936270.4541950156,0.0,447416.5732
2025-12-22,41,0.021990986193331483,0.022491580949627984,0.022241283571479732,7959231.039502741,0.0,1738136.014
2025-12-22,42,0.022491580949627984,0.02299217570592449,0.022741878327776237,0.0,0.0,0.0
2025-12-22,43,0.02299217570592449,0.02349277046222099,0.02324247308407274,0.0,0.0,0.0
2025-12-22,44,0.02349277046222099,0.02399336521851749,0.02374306784036924,0.0,0.0,0.0
2025-12-22,45,0.02399336521851749,0.024493959974813996,0.024243662596665744,23043459.635674175,0.0,8551475.782
2025-12-22,46,0.024493959974813996,0.024994554731110497,0.02474425735296225,0.0,0.0,0.0
2025-12-22,47,0.024994554731110497,0.025495149487407,0.025244852109258746,5670261.259048957,0.0,2565408.956
2025-12-22,48,0.025495149487407,0.0259957442437035,0.02574544686555525,0.0,0.0,0.0
2025-12-22,49,0.0259957442437035,0.026496339,0.02624604162185175,15021144.255808823,0.0,5034303.169
2025-12-23,0,0.0014666011851749,0.0019671959414714023,0.0017168985633231513,30637096.06349147,0.0,8371381.776042991
2025-12-23,1,0.0019671959414714023,0.0024677906977679043,0.0022174933196196533,89309171.52438907,0.0,51381217.7574831
2025-12-23,2,0.0024677906977679043,0.0029683854540644063,0.0027180880759161553,97761978.06641686,0.0,43382759.388239995
2025-12-23,3,0.0029683854540644063,0.0034689802103609084,0.0032186828322126573,53730863.247639686,19935299.2113039,36017468.4535
2025-12-23,4,0.0034689802103609084,0.00396957496665741,0.0037192775885091594,61114584.3593937,3091440.8852622877,40355437.76195
2025-12-23,5,0.00396957496665741,0.004470169722953912,0.004219872344805661,7064546.705151998,9037500.460824452,0.0
2025-12-23,6,0.004470169722953912,0.0049707644792504144,0.004720467101102164,55534424.15617061,24978986.950200956,52794037.185737096
2025-12-23,7,0.0049707644792504144,0.0054713592355469165,0.005221061857398665,123431815.28505078,14215078.188533254,41276557.65599
2025-12-23,8,0.0054713592355469165,0.0059719539918434185,0.005721656613695168,121769102.97946131,9372588.756019307,43108192.311087966
2025-12-23,9,0.0059719539918434185,0.0064725487481399205,0.006222251369991669,43867356.938552804,0.0,13466855.531
2025-12-23,10,0.0064725487481399205,0.0069731435044364225,0.006722846126288172,0.0,1021096936.1925601,40476190.48
2025-12-23,11,0.0069731435044364225,0.007473738260732925,0.007223440882584673,77952527.17026322,0.0,2105724.4981
2025-12-23,12,0.007473738260732925,0.007974333017029427,0.007724035638881176,0.0,0.0,0.0
2025-12-23,13,0.007974333017029427,0.008474927773325928,0.008224630395177677,20418419.400789417,60098856.76958418,1090272.0659
2025-12-23,14,0.008474927773325928,0.00897552252962243,0.00872522515147418,131634421.18764034,0.0,25184160.50477238
2025-12-23,15,0.00897552252962243,0.009476117285918932,0.009225819907770681,27482455.142062433,0.0,287733.3244
2025-12-23,16,0.009476117285918932,0.009976712042215433,0.009726414664067182,47256889.67203304,0.0,613145.9358
2025-12-23,17,0.009976712042215433,0.010477306798511936,0.010227009420363684,26313694.52556248,0.0,911799.0071
2025-12-23,18,0.010477306798511936,0.010977901554808439,0.010727604176660188,0.0,0.0,0.0
2025-12-23,19,0.010977901554808439,0.01147849631110494,0.01122819893295669,0.0,0.0,0.0
2025-12-23,20,0.01147849631110494,0.011979091067401441,0.01172879368925319,0.0,0.0,0.0
2025-12-23,21,0.011979091067401441,0.012479685823697944,0.012229388445549692,0.0,0.0,0.0
2025-12-23,22,0.012479685823697944,0.012980280579994447,0.012729983201846196,22327455.410109192,0.0,529635.262
2025-12-23,23,0.012980280579994447,0.013480875336290948,0.013230577958142697,6596511.646804051,0.0,462966.4212
2025-12-23,24,0.013480875336290948,0.01398147009258745,0.013731172714439199,0.0,0.0,0.0
2025-12-23,25,0.01398147009258745,0.014482064848883952,0.0142317674707357,49086025.24938911,0.0,3828048.6454
2025-12-23,26,0.014482064848883952,0.014982659605180455,0.014732362227032204,25785707.130321566,0.0,3035175.2822
2025-12-23,27,0.014982659605180455,0.015483254361476956,0.015232956983328706,16302804.292597942,0.0,2100828.477
2025-12-23,28,0.015483254361476956,0.01598384911777346,0.015733551739625207,13315246.796941686,0.0,320934.52665
2025-12-23,29,0.01598384911777346,0.01648444387406996,0.01623414649592171,0.0,0.0,0.0
2025-12-23,30,0.01648444387406996,0.016985038630366465,0.016734741252218212,49558274.56168097,0.0,3076333.1029000003
2025-12-23,31,0.016985038630366465,0.017485633386662966,0.017235336008514714,0.0,0.0,0.0
2025-12-23,32,0.017485633386662966,0.017986228142959467,0.01773593076481122,30836662.748397406,0.0,5997013.514900001
2025-12-23,33,0.017986228142959467,0.01848682289925597,0.018236525521107716,26349211.927368913,0.0,1683391.8751
2025-12-23,34,0.01848682289925597,0.018987417655552473,0.01873712027740422,0.0,0.0,0.0
2025-12-23,35,0.018987417655552473,0.019488012411848974,0.019237715033700725,131129177.74280909,0.0,4113149.5599999996
2025-12-23,36,0.019488012411848974,0.019988607168145475,0.019738309789997223,13661081.806685464,0.0,1366803.6518
2025-12-23,37,0.019988607168145475,0.02048920192444198,0.020238904546293728,13133111.965121785,0.0,1506945.9588
2025-12-23,38,0.02048920192444198,0.02098979668073848,0.020739499302590232,0.0,0.0,0.0
2025-12-23,39,0.02098979668073848,0.021490391437034982,0.02124009405888673,0.0,0.0,0.0
2025-12-23,40,0.021490391437034982,0.021990986193331483,0.021740688815183234,3936270.4541950156,0.0,447416.5732
2025-12-23,41,0.021990986193331483,0.022491580949627984,0.022241283571479732,7959231.039502741,0.0,1738136.014
2025-12-23,42,0.022491580949627984,0.02299217570592449,0.022741878327776237,0.0,0.0,0.0
2025-12-23,43,0.02299217570592449,0.02349277046222099,0.02324247308407274,0.0,0.0,0.0
2025-12-23,44,0.02349277046222099,0.02399336521851749,0.02374306784036924,0.0,0.0,0.0
2025-12-23,45,0.02399336521851749,0.024493959974813996,0.024243662596665744,23032859.635674175,0.0,8551475.782
2025-12-23,46,0.024493959974813996,0.024994554731110497,0.02474425735296225,0.0,0.0,0.0
2025-12-23,47,0.024994554731110497,0.025495149487407,0.025244852109258746,5670261.259048957,0.0,2565408.956
2025-12-23,48,0.025495149487407,0.0259957442437035,0.02574544686555525,0.0,0.0,0.0
2025-12-23,49,0.0259957442437035,0.026496339,0.02624604162185175,15021144.255808823,0.0,5034303.169
2025-12-24,0,0.0014666011851749,0.0019671959414714023,0.0017168985633231513,41933332.73702124,0.0,11587781.632267307
2025-12-24,1,0.0019671959414714023,0.0024677906977679043,0.0022174933196196533,87596528.40578975,0.0,51381217.7574831
2025-12-24,2,0.0024677906977679043,0.0029683854540644063,0.0027180880759161553,95320493.42061388,0.0,43382759.388239995
2025-12-24,3,0.0029683854540644063,0.0034689802103609084,0.0032186828322126573,51820707.13659068,20420797.192318294,36017468.4535
2025-12-24,4,0.0034689802103609084,0.00396957496665741,0.0037192775885091594,59590142.36507484,3091440.8852622877,40355437.76195
2025-12-24,5,0.00396957496665741,0.004470169722953912,0.004219872344805661,7064546.705151998,9037500.460824452,0.0
2025-12-24,6,0.004470169722953912,0.0049707644792504144,0.004720467101102164,55456569.4272388,24978986.950200956,52794037.185737096
2025-12-24,7,0.0049707644792504144,0.0054713592355469165,0.005221061857398665,123384761.6922499,14201907.570190888,38574807.433953196
2025-12-24,8,0.0054713592355469165,0.0059719539918434185,0.005721656613695168,119485595.69195572,9372588.756019307,42349540.02184015
2025-12-24,9,0.0059719539918434185,0.0064725487481399205,0.006222251369991669,43821614.45795887,0.0,13466855.531
2025-12-24,10,0.0064725487481399205,0.0069731435044364225,0.006722846126288172,0.0,1021050335.8828516,40476190.48
2025-12-24,11,0.0069731435044364225,0.007473738260732925,0.007223440882584673,77807206.42536782,0.0,2105724.4981
2025-12-24,12,0.007473738260732925,0.007974333017029427,0.007724035638881176,0.0,0.0,0.0
2025-12-24,13,0.007974333017029427,0.008474927773325928,0.008224630395177677,20368174.950199734,60098856.76958418,1090272.0659
2025-12-24,14,0.008474927773325928,0.00897552252962243,0.00872522515147418,131526030.57249704,0.0,25181527.95186221
2025-12-24,15,0.00897552252962243,0.009476117285918932,0.009225819907770681,27482442.6637085,0.0,287733.3244
2025-12-24,16,0.009476117285918932,0.009976712042215433,0.009726414664067182,47194129.24072605,0.0,613145.9358
2025-12-24,17,0.009976712042215433,0.010477306798511936,0.010227009420363684,26313694.52556248,0.0,911799.0071
2025-12-24,18,0.010477306798511936,0.010977901554808439,0.010727604176660188,0.0,0.0,0.0
2025-12-24,19,0.010977901554808439,0.01147849631110494,0.01122819893295669,0.0,0.0,0.0
2025-12-24,20,0.01147849631110494,0.011979091067401441,0.01172879368925319,0.0,0.0,0.0
2025-12-24,21,0.011979091067401441,0.012479685823697944,0.012229388445549692,0.0,0.0,0.0
2025-12-24,22,0.012479685823697944,0.012980280579994447,0.012729983201846196,22251588.466352686,0.0,529635.262
2025-12-24,23,0.012980280579994447,0.013480875336290948,0.013230577958142697,6596511.646804051,0.0,462966.4212
2025-12-24,24,0.013480875336290948,0.01398147009258745,0.013731172714439199,0.0,0.0,0.0
2025-12-24,25,0.01398147009258745,0.014482064848883952,0.0142317674707357,49079021.61909231,0.0,3828048.6454
2025-12-24,26,0.014482064848883952,0.014982659605180455,0.014732362227032204,25785707.130321566,0.0,3035175.2822
2025-12-24,27,0.014982659605180455,0.015483254361476956,0.015232956983328706,16302103.756199984,0.0,2100828.477
2025-12-24,28,0.015483254361476956,0.01598384911777346,0.015733551739625207,13293708.789337033,0.0,320934.52665
2025-12-24,29,0.01598384911777346,0.01648444387406996,0.01623414649592171,0.0,0.0,0.0
2025-12-24,30,0.01648444387406996,0.016985038630366465,0.016734741252218212,49557796.61223347,0.0,3076333.1029000003
2025-12-24,31,0.016985038630366465,0.017485633386662966,0.017235336008514714,0.0,0.0,0.0
2025-12-24,32,0.017485633386662966,0.017986228142959467,0.01773593076481122,30836662.748397406,0.0,5997013.514900001
2025-12-24,33,0.017986228142959467,0.01848682289925597,0.018236525521107716,26053313.862668913,0.0,1683391.8751
2025-12-24,34,0.01848682289925597,0.018987417655552473,0.01873712027740422,0.0,0.0,0.0
2025-12-24,35,0.018987417655552473,0.019488012411848974,0.019237715033700725,131129045.95521872,0.0,4113149.5599999996
2025-12-24,36,0.019488012411848974,0.019988607168145475,0.019738309789997223,13661081.806685464,0.0,1366803.6518
2025-12-24,37,0.019988607168145475,0.02048920192444198,0.020238904546293728,13133111.965121785,0.0,1506945.9588
2025-12-24,38,0.02048920192444198,0.02098979668073848,0.020739499302590232,0.0,0.0,0.0
2025-12-24,39,0.02098979668073848,0.021490391437034982,0.02124009405888673,0.0,0.0,0.0
2025-12-24,40,0.021490391437034982,0.021990986193331483,0.021740688815183234,3934224.2612407277,0.0,447416.5732
2025-12-24,41,0.021990986193331483,0.022491580949627984,0.022241283571479732,7959231.039502741,0.0,1738136.014
2025-12-24,42,0.022491580949627984,0.02299217570592449,0.022741878327776237,0.0,0.0,0.0
2025-12-24,43,0.02299217570592449,0.02349277046222099,0.02324247308407274,0.0,0.0,0.0
2025-12-24,44,0.02349277046222099,0.02399336521851749,0.02374306784036924,0.0,0.0,0.0
2025-12-24,45,0.02399336521851749,0.024493959974813996,0.024243662596665744,23016118.15495222,0.0,8551475.782
2025-12-24,46,0.024493959974813996,0.024994554731110497,0.02474425735296225,0.0,0.0,0.0
2025-12-24,47,0.024994554731110497,0.025495149487407,0.025244852109258746,5670261.259048957,0.0,2565408.956
2025-12-24,48,0.025495149487407,0.0259957442437035,0.02574544686555525,0.0,0.0,0.0
2025-12-24,49,0.0259957442437035,0.026496339,0.02624604162185175,15021144.255808823,0.0,5034303.169
2025-12-25,0,0.0014666011851749,0.0019671959414714023,0.0017168985633231513,48621604.20648568,0.0,12297917.034656873
2025-12-25,1,0.0019671959414714023,0.0024677906977679043,0.0022174933196196533,86830521.0247507,0.0,51381217.7574831
2025-12-25,2,0.0024677906977679043,0.0029683854540644063,0.0027180880759161553,93150629.60171232,1838210.8281773496,43382759.388239995
2025-12-25,3,0.0029683854540644063,0.0034689802103609084,0.0032186828322126573,49071986.23846636,20420797.192318294,36017468.4535
2025-12-25,4,0.0034689802103609084,0.00396957496665741,0.0037192775885091594,59581089.21094048,3091440.8852622877,40355437.76195
2025-12-25,5,0.00396957496665741,0.004470169722953912,0.004219872344805661,7064546.705151998,9037500.460824452,0.0
2025-12-25,6,0.004470169722953912,0.0049707644792504144,0.004720467101102164,55441233.8380313,24978986.950200956,52794037.185737096
2025-12-25,7,0.0049707644792504144,0.0054713592355469165,0.005221061857398665,123260631.81093735,14201907.570190888,38363105.27248786
2025-12-25,8,0.0054713592355469165,0.0059719539918434185,0.005721656613695168,119230627.4746573,9372588.756019307,42349540.02184015
2025-12-25,9,0.0059719539918434185,0.0064725487481399205,0.006222251369991669,43821614.45795887,0.0,13466855.531
2025-12-25,10,0.0064725487481399205,0.0069731435044364225,0.006722846126288172,0.0,1021034895.5952653,40476190.48
2025-12-25,11,0.0069731435044364225,0.007473738260732925,0.007223440882584673,77606248.85790065,0.0,2105724.4981
2025-12-25,12,0.007473738260732925,0.007974333017029427,0.007724035638881176,0.0,0.0,0.0
2025-12-25,13,0.007974333017029427,0.008474927773325928,0.008224630395177677,20306845.332759734,60098856.76958418,1090272.0659
2025-12-25,14,0.008474927773325928,0.00897552252962243,0.00872522515147418,131523400.51716703,0.0,25181527.95186221
2025-12-25,15,0.00897552252962243,0.009476117285918932,0.009225819907770681,27418961.44995405,0.0,287733.3244
2025-12-25,16,0.009476117285918932,0.009976712042215433,0.009726414664067182,47194129.24072605,0.0,613145.9358
2025-12-25,17,0.009976712042215433,0.010477306798511936,0.010227009420363684,26280699.51400248,0.0,911799.0071
2025-12-25,18,0.010477306798511936,0.010977901554808439,0.010727604176660188,0.0,0.0,0.0
2025-12-25,19,0.010977901554808439,0.01147849631110494,0.01122819893295669,0.0,0.0,0.0
2025-12-25,20,0.01147849631110494,0.011979091067401441,0.01172879368925319,0.0,0.0,0.0
2025-12-25,21,0.011979091067401441,0.012479685823697944,0.012229388445549692,0.0,0.0,0.0
2025-12-25,22,0.012479685823697944,0.012980280579994447,0.012729983201846196,22220898.67293279,0.0,529635.262
2025-12-25,23,0.012980280579994447,0.013480875336290948,0.013230577958142697,6596511.646804051,0.0,462966.4212
2025-12-25,24,0.013480875336290948,0.01398147009258745,0.013731172714439199,0.0,0.0,0.0
2025-12-25,25,0.01398147009258745,0.014482064848883952,0.0142317674707357,49079021.61909231,0.0,3828048.6454
2025-12-25,26,0.014482064848883952,0.014982659605180455,0.014732362227032204,25785327.758519467,0.0,3035175.2822
2025-12-25,27,0.014982659605180455,0.015483254361476956,0.015232956983328706,16232042.273132654,0.0,2100828.477
2025-12-25,28,0.015483254361476956,0.01598384911777346,0.015733551739625207,13293708.789337033,0.0,320934.52665
2025-12-25,29,0.01598384911777346,0.01648444387406996,0.01623414649592171,0.0,0.0,0.0
2025-12-25,30,0.01648444387406996,0.016985038630366465,0.016734741252218212,49557796.61223347,0.0,3076333.1029000003
2025-12-25,31,0.016985038630366465,0.017485633386662966,0.017235336008514714,0.0,0.0,0.0
2025-12-25,32,0.017485633386662966,0.017986228142959467,0.01773593076481122,30803771.03946457,0.0,5997013.514900001
2025-12-25,33,0.017986228142959467,0.01848682289925597,0.018236525521107716,26048451.21070091,0.0,1683391.8751
2025-12-25,34,0.01848682289925597,0.018987417655552473,0.01873712027740422,0.0,0.0,0.0
2025-12-25,35,0.018987417655552473,0.019488012411848974,0.019237715033700725,130896129.58531871,0.0,4113149.5599999996
2025-12-25,36,0.019488012411848974,0.019988607168145475,0.019738309789997223,13661081.806685464,0.0,1366803.6518
2025-12-25,37,0.019988607168145475,0.02048920192444198,0.020238904546293728,13131980.258892385,0.0,1506945.9588
2025-12-25,38,0.02048920192444198,0.02098979668073848,0.020739499302590232,0.0,0.0,0.0
2025-12-25,39,0.02098979668073848,0.021490391437034982,0.02124009405888673,0.0,0.0,0.0
2025-12-25,40,0.021490391437034982,0.021990986193331483,0.021740688815183234,3934224.2612407277,0.0,447416.5732
2025-12-25,41,0.021990986193331483,0.022491580949627984,0.022241283571479732,7958957.974916741,0.0,1738136.014
2025-12-25,42,0.022491580949627984,0.02299217570592449,0.022741878327776237,0.0,0.0,0.0
2025-12-25,43,0.02299217570592449,0.02349277046222099,0.02324247308407274,0.0,0.0,0.0
2025-12-25,44,0.02349277046222099,0.02399336521851749,0.02374306784036924,0.0,0.0,0.0
2025-12-25,45,0.02399336521851749,0.024493959974813996,0.024243662596665744,23016118.15495222,0.0,8551475.782
2025-12-25,46,0.024493959974813996,0.024994554731110497,0.02474425735296225,0.0,0.0,0.0
2025-12-25,47,0.024994554731110497,0.025495149487407,0.025244852109258746,5670261.259048957,0.0,2565408.956
2025-12-25,48,0.025495149487407,0.0259957442437035,0.02574544686555525,0.0,0.0,0.0
2025-12-25,49,0.0259957442437035,0.026496339,0.02624604162185175,15021144.255808823,0.0,5034303.169
2025-12-26,0,0.0014666011851749,0.0019671959414714023,0.0017168985633231513,60600483.52617308,0.0,20173279.5731521
2025-12-26,1,0.0019671959414714023,0.0024677906977679043,0.0022174933196196533,84831266.8038323,0.0,51381217.7574831
2025-12-26,2,0.0024677906977679043,0.0029683854540644063,0.0027180880759161553,90456135.24319829,1838210.8281773496,43382759.388239995
2025-12-26,3,0.0029683854540644063,0.0034689802103609084,0.0032186828322126573,48040874.36436335,21293387.816672698,36017468.4535
2025-12-26,4,0.0034689802103609084,0.00396957496665741,0.0037192775885091594,57300031.37531107,3091440.8852622877,40355437.76195
2025-12-26,5,0.00396957496665741,0.004470169722953912,0.004219872344805661,7064546.705151998,9037500.460824452,0.0
2025-12-26,6,0.004470169722953912,0.0049707644792504144,0.004720467101102164,54824502.29419683,24978986.950200956,52794037.185737096
2025-12-26,7,0.0049707644792504144,0.0054713592355469165,0.005221061857398665,120243142.79998593,12701907.57049089,34046691.46298999
2025-12-26,8,0.0054713592355469165,0.0059719539918434185,0.005721656613695168,119022085.54421897,9372588.756019307,42349540.02184015
2025-12-26,9,0.0059719539918434185,0.0064725487481399205,0.006222251369991669,43409784.31984903,0.0,12449530.586652631
2025-12-26,10,0.0064725487481399205,0.0069731435044364225,0.006722846126288172,0.0,1020697518.616515,40476190.48
2025-12-26,11,0.0069731435044364225,0.007473738260732925,0.007223440882584673,77361828.46685757,0.0,2105724.4981
2025-12-26,12,0.007473738260732925,0.007974333017029427,0.007724035638881176,0.0,0.0,0.0
2025-12-26,13,0.007974333017029427,0.008474927773325928,0.008224630395177677,20295600.085856263,60046366.04522817,1090272.0659
2025-12-26,14,0.008474927773325928,0.00897552252962243,0.00872522515147418,131518055.10487004,0.0,25176301.315883167
2025-12-26,15,0.00897552252962243,0.009476117285918932,0.009225819907770681,27406245.454714052,0.0,287733.3244
2025-12-26,16,0.009476117285918932,0.009976712042215433,0.009726414664067182,47194129.24072605,0.0,613145.9358
2025-12-26,17,0.009976712042215433,0.010477306798511936,0.010227009420363684,26268556.817112193,0.0,911799.0071
2025-12-26,18,0.010477306798511936,0.010977901554808439,0.010727604176660188,0.0,0.0,0.0
2025-12-26,19,0.010977901554808439,0.01147849631110494,0.01122819893295669,0.0,0.0,0.0
2025-12-26,20,0.01147849631110494,0.011979091067401441,0.01172879368925319,0.0,0.0,0.0
2025-12-26,21,0.011979091067401441,0.012479685823697944,0.012229388445549692,0.0,0.0,0.0
2025-12-26,22,0.012479685823697944,0.012980280579994447,0.012729983201846196,22220898.67293279,0.0,529635.262
2025-12-26,23,0.012980280579994447,0.013480875336290948,0.013230577958142697,6596511.646804051,0.0,462966.4212
2025-12-26,24,0.013480875336290948,0.01398147009258745,0.013731172714439199,0.0,0.0,0.0
2025-12-26,25,0.01398147009258745,0.014482064848883952,0.0142317674707357,49028677.65809882,0.0,3828048.6454
2025-12-26,26,0.014482064848883952,0.014982659605180455,0.014732362227032204,25785327.758519467,0.0,3035175.2822
2025-12-26,27,0.014982659605180455,0.015483254361476956,0.015232956983328706,16228458.117655912,0.0,2100828.477
2025-12-26,28,0.015483254361476956,0.01598384911777346,0.015733551739625207,13293708.789337033,0.0,320934.52665
2025-12-26,29,0.01598384911777346,0.01648444387406996,0.01623414649592171,0.0,0.0,0.0
2025-12-26,30,0.01648444387406996,0.016985038630366465,0.016734741252218212,49540028.92872365,0.0,3076333.1029000003
2025-12-26,31,0.016985038630366465,0.017485633386662966,0.017235336008514714,0.0,0.0,0.0
2025-12-26,32,0.017485633386662966,0.017986228142959467,0.01773593076481122,30803771.03946457,0.0,5997013.514900001
2025-12-26,33,0.017986228142959467,0.01848682289925597,0.018236525521107716,26048451.21070091,0.0,1683391.8751
2025-12-26,34,0.01848682289925597,0.018987417655552473,0.01873712027740422,0.0,0.0,0.0
2025-12-26,35,0.018987417655552473,0.019488012411848974,0.019237715033700725,130710720.06378174,0.0,4113149.5599999996
2025-12-26,36,0.019488012411848974,0.019988607168145475,0.019738309789997223,13655012.708372464,0.0,1366803.6518
2025-12-26,37,0.019988607168145475,0.02048920192444198,0.020238904546293728,13130130.944483185,0.0,1506945.9588
2025-12-26,38,0.02048920192444198,0.02098979668073848,0.020739499302590232,0.0,0.0,0.0
2025-12-26,39,0.02098979668073848,0.021490391437034982,0.02124009405888673,0.0,0.0,0.0
2025-12-26,40,0.021490391437034982,0.021990986193331483,0.021740688815183234,3934224.2612407277,0.0,447416.5732
2025-12-26,41,0.021990986193331483,0.022491580949627984,0.022241283571479732,7958957.974916741,0.0,1738136.014
2025-12-26,42,0.022491580949627984,0.02299217570592449,0.022741878327776237,0.0,0.0,0.0
2025-12-26,43,0.02299217570592449,0.02349277046222099,0.02324247308407274,0.0,0.0,0.0
2025-12-26,44,0.02349277046222099,0.02399336521851749,0.02374306784036924,0.0,0.0,0.0
2025-12-26,45,0.02399336521851749,0.024493959974813996,0.024243662596665744,22706552.882452216,0.0,8551475.782
2025-12-26,46,0.024493959974813996,0.024994554731110497,0.02474425735296225,0.0,0.0,0.0
2025-12-26,47,0.024994554731110497,0.025495149487407,0.025244852109258746,5670261.259048957,0.0,2565408.956
2025-12-26,48,0.025495149487407,0.0259957442437035,0.02574544686555525,0.0,0.0,0.0
2025-12-26,49,0.0259957442437035,0.026496339,0.02624604162185175,15021144.255808823,0.0,5034303.169
2025-12-27,0,0.0014666011851749,0.0019671959414714023,0.0017168985633231513,66219516.588157214,0.0,24363807.15561725
2025-12-27,1,0.0019671959414714023,0.0024677906977679043,0.0022174933196196533,83977258.04871519,0.0,51381217.7574831
2025-12-27,2,0.0024677906977679043,0.0029683854540644063,0.0027180880759161553,89538718.5831244,1838210.8281773496,43382759.388239995
2025-12-27,3,0.0029683854540644063,0.0034689802103609084,0.0032186828322126573,47791300.73165524,21293387.816672698,36017468.4535
2025-12-27,4,0.0034689802103609084,0.00396957496665741,0.0037192775885091594,56704522.96903797,3091440.8852622877,40355437.76195
2025-12-27,5,0.00396957496665741,0.004470169722953912,0.004219872344805661,0.0,16102047.165976455,0.0
2025-12-27,6,0.004470169722953912,0.0049707644792504144,0.004720467101102164,54001712.567194484,24928187.968506243,52794037.185737096
2025-12-27,7,0.0049707644792504144,0.0054713592355469165,0.005221061857398665,118177983.67615196,12701907.57049089,34046691.46298999
2025-12-27,8,0.0054713592355469165,0.0059719539918434185,0.005721656613695168,118198848.01044138,9372588.756019307,42349540.02184015
2025-12-27,9,0.0059719539918434185,0.0064725487481399205,0.006222251369991669,43283231.67329135,0.0,10815008.250905681
2025-12-27,10,0.0064725487481399205,0.0069731435044364225,0.006722846126288172,0.0,1020662818.616515,40476190.48
2025-12-27,11,0.0069731435044364225,0.007473738260732925,0.007223440882584673,77025442.05595827,0.0,2105724.4981
2025-12-27,12,0.007473738260732925,0.007974333017029427,0.007724035638881176,0.0,0.0,0.0
2025-12-27,13,0.007974333017029427,0.008474927773325928,0.008224630395177677,20267460.23162526,60046366.04522817,1090272.0659
2025-12-27,14,0.008474927773325928,0.00897552252962243,0.00872522515147418,131491979.77518909,0.0,25176256.94535292
2025-12-27,15,0.00897552252962243,0.009476117285918932,0.009225819907770681,27406245.454714052,0.0,287733.3244
2025-12-27,16,0.009476117285918932,0.009976712042215433,0.009726414664067182,47191655.053443044,0.0,613145.9358
2025-12-27,17,0.009976712042215433,0.010477306798511936,0.010227009420363684,25870805.017561033,0.0,911799.0071
2025-12-27,18,0.010477306798511936,0.010977901554808439,0.010727604176660188,0.0,0.0,0.0
2025-12-27,19,0.010977901554808439,0.01147849631110494,0.01122819893295669,0.0,0.0,0.0
2025-12-27,20,0.01147849631110494,0.011979091067401441,0.01172879368925319,0.0,0.0,0.0
2025-12-27,21,0.011979091067401441,0.012479685823697944,0.012229388445549692,0.0,0.0,0.0
2025-12-27,22,0.012479685823697944,0.012980280579994447,0.012729983201846196,22220898.67293279,0.0,529635.262
2025-12-27,23,0.012980280579994447,0.013480875336290948,0.013230577958142697,6596511.646804051,0.0,462966.4212
2025-12-27,24,0.013480875336290948,0.01398147009258745,0.013731172714439199,0.0,0.0,0.0
2025-12-27,25,0.01398147009258745,0.014482064848883952,0.0142317674707357,48574357.373698816,0.0,3828048.6454
2025-12-27,26,0.014482064848883952,0.014982659605180455,0.014732362227032204,25785327.758519467,0.0,3035175.2822
2025-12-27,27,0.014982659605180455,0.015483254361476956,0.015232956983328706,16228458.117655912,0.0,2100828.477
2025-12-27,28,0.015483254361476956,0.01598384911777346,0.015733551739625207,13291336.445229271,0.0,320934.52665
2025-12-27,29,0.01598384911777346,0.01648444387406996,0.01623414649592171,0.0,0.0,0.0
2025-12-27,30,0.01648444387406996,0.016985038630366465,0.016734741252218212,49540028.92872365,0.0,3076333.1029000003
2025-12-27,31,0.016985038630366465,0.017485633386662966,0.017235336008514714,0.0,0.0,0.0
2025-12-27,32,0.017485633386662966,0.017986228142959467,0.01773593076481122,30803771.03946457,0.0,5997013.514900001
2025-12-27,33,0.017986228142959467,0.01848682289925597,0.018236525521107716,26048451.21070091,0.0,1683391.8751
2025-12-27,34,0.01848682289925597,0.018987417655552473,0.01873712027740422,0.0,0.0,0.0
2025-12-27,35,0.018987417655552473,0.019488012411848974,0.019237715033700725,130699898.44365175,0.0,4113149.5599999996
2025-12-27,36,0.019488012411848974,0.019988607168145475,0.019738309789997223,13655012.708372464,0.0,1366803.6518
2025-12-27,37,0.019988607168145475,0.02048920192444198,0.020238904546293728,13130130.944483185,0.0,1506945.9588
2025-12-27,38,0.02048920192444198,0.02098979668073848,0.020739499302590232,0.0,0.0,0.0
2025-12-27,39,0.02098979668073848,0.021490391437034982,0.02124009405888673,0.0,0.0,0.0
2025-12-27,40,0.021490391437034982,0.021990986193331483,0.021740688815183234,3934224.2612407277,0.0,447416.5732
2025-12-27,41,0.021990986193331483,0.022491580949627984,0.022241283571479732,7958957.974916741,0.0,1738136.014
2025-12-27,42,0.022491580949627984,0.02299217570592449,0.022741878327776237,0.0,0.0,0.0
2025-12-27,43,0.02299217570592449,0.02349277046222099,0.02324247308407274,0.0,0.0,0.0
2025-12-27,44,0.02349277046222099,0.02399336521851749,0.02374306784036924,0.0,0.0,0.0
2025-12-27,45,0.02399336521851749,0.024493959974813996,0.024243662596665744,22706552.882452216,0.0,8551475.782
2025-12-27,46,0.024493959974813996,0.024994554731110497,0.02474425735296225,0.0,0.0,0.0
2025-12-27,47,0.024994554731110497,0.025495149487407,0.025244852109258746,5670261.232135917,0.0,2565408.956
2025-12-27,48,0.025495149487407,0.0259957442437035,0.02574544686555525,0.0,0.0,0.0
2025-12-27,49,0.0259957442437035,0.026496339,0.02624604162185175,15021144.255808823,0.0,5034303.169
2025-12-28,0,0.0014666011851749,0.0019671959414714023,0.0017168985633231513,71436682.64866354,0.0,27743872.47911744
2025-12-28,1,0.0019671959414714023,0.0024677906977679043,0.0022174933196196533,82095363.19406393,0.0,51381217.7574831
2025-12-28,2,0.0024677906977679043,0.0029683854540644063,0.0027180880759161553,87512634.9894338,1838210.8281773496,43382759.388239995
2025-12-28,3,0.0029683854540644063,0.0034689802103609084,0.0032186828322126573,47662052.959664725,21293387.816672698,36017468.4535
2025-12-28,4,0.0034689802103609084,0.00396957496665741,0.0037192775885091594,56312171.93148587,3091440.8852622877,40355437.76195
2025-12-28,5,0.00396957496665741,0.004470169722953912,0.004219872344805661,0.0,16102047.165976455,0.0
2025-12-28,6,0.004470169722953912,0.0049707644792504144,0.004720467101102164,53795468.51827865,24928187.968506243,52794037.185737096
2025-12-28,7,0.0049707644792504144,0.0054713592355469165,0.005221061857398665,113477804.10852586,17270827.37760471,34046691.46298999
2025-12-28,8,0.0054713592355469165,0.0059719539918434185,0.005721656613695168,118140395.94951035,9372588.756019307,42349540.02184015
2025-12-28,9,0.0059719539918434185,0.0064725487481399205,0.006222251369991669,43273890.82186135,0.0,9122087.248462602
2025-12-28,10,0.0064725487481399205,0.0069731435044364225,0.006722846126288172,0.0,1020581768.616515,40476190.48
2025-12-28,11,0.0069731435044364225,0.007473738260732925,0.007223440882584673,76921441.85200587,0.0,2105724.4981
2025-12-28,12,0.007473738260732925,0.007974333017029427,0.007724035638881176,0.0,0.0,0.0
2025-12-28,13,0.007974333017029427,0.008474927773325928,0.008224630395177677,19699508.107275296,59946366.04522817,1090272.0659
2025-12-28,14,0.008474927773325928,0.00897552252962243,0.00872522515147418,131485437.8109421,0.0,24506436.037910953
2025-12-28,15,0.00897552252962243,0.009476117285918932,0.009225819907770681,27145939.100908276,0.0,287733.3244
2025-12-28,16,0.009476117285918932,0.009976712042215433,0.009726414664067182,47191655.053443044,0.0,613145.9358
2025-12-28,17,0.009976712042215433,0.010477306798511936,0.010227009420363684,25756928.741978034,0.0,911799.0071
2025-12-28,18,0.010477306798511936,0.010977901554808439,0.010727604176660188,0.0,0.0,0.0
2025-12-28,19,0.010977901554808439,0.01147849631110494,0.01122819893295669,0.0,0.0,0.0
2025-12-28,20,0.01147849631110494,0.011979091067401441,0.01172879368925319,0.0,0.0,0.0
2025-12-28,21,0.011979091067401441,0.012479685823697944,0.012229388445549692,0.0,0.0,0.0
2025-12-28,22,0.012479685823697944,0.012980280579994447,0.012729983201846196,22220898.67293279,0.0,529635.262
2025-12-28,23,0.012980280579994447,0.013480875336290948,0.013230577958142697,6596511.646804051,0.0,462966.4212
2025-12-28,24,0.013480875336290948,0.01398147009258745,0.013731172714439199,0.0,0.0,0.0
2025-12-28,25,0.01398147009258745,0.014482064848883952,0.0142317674707357,48520128.07246305,0.0,3828048.6454
2025-12-28,26,0.014482064848883952,0.014982659605180455,0.014732362227032204,25785327.758519467,0.0,3035175.2822
2025-12-28,27,0.014982659605180455,0.015483254361476956,0.015232956983328706,16217198.993875911,0.0,2100828.477
2025-12-28,28,0.015483254361476956,0.01598384911777346,0.015733551739625207,13291336.445229271,0.0,320934.52665
2025-12-28,29,0.01598384911777346,0.01648444387406996,0.01623414649592171,0.0,0.0,0.0
2025-12-28,30,0.01648444387406996,0.016985038630366465,0.016734741252218212,49536951.57641474,0.0,3076333.1029000003
2025-12-28,31,0.016985038630366465,0.017485633386662966,0.017235336008514714,0.0,0.0,0.0
2025-12-28,32,0.017485633386662966,0.017986228142959467,0.01773593076481122,30803771.03946457,0.0,5997013.514900001
2025-12-28,33,0.017986228142959467,0.01848682289925597,0.018236525521107716,26002606.90073091,0.0,1683391.8751
2025-12-28,34,0.01848682289925597,0.018987417655552473,0.01873712027740422,0.0,0.0,0.0
2025-12-28,35,0.018987417655552473,0.019488012411848974,0.019237715033700725,130696233.56229976,0.0,4113149.5599999996
2025-12-28,36,0.019488012411848974,0.019988607168145475,0.019738309789997223,13655012.708372464,0.0,1366803.6518
2025-12-28,37,0.019988607168145475,0.02048920192444198,0.020238904546293728,13130130.944483185,0.0,1506945.9588
2025-12-28,38,0.02048920192444198,0.02098979668073848,0.020739499302590232,0.0,0.0,0.0
2025-12-28,39,0.02098979668073848,0.021490391437034982,0.02124009405888673,0.0,0.0,0.0
2025-12-28,40,0.021490391437034982,0.021990986193331483,0.021740688815183234,3934224.2612407277,0.0,447416.5732
2025-12-28,41,0.021990986193331483,0.022491580949627984,0.022241283571479732,7958957.974916741,0.0,1738136.014
2025-12-28,42,0.022491580949627984,0.02299217570592449,0.022741878327776237,0.0,0.0,0.0
2025-12-28,43,0.02299217570592449,0.02349277046222099,0.02324247308407274,0.0,0.0,0.0
2025-12-28,44,0.02349277046222099,0.02399336521851749,0.02374306784036924,0.0,0.0,0.0
2025-12-28,45,0.02399336521851749,0.024493959974813996,0.024243662596665744,22706552.882452216,0.0,8551475.782
2025-12-28,46,0.024493959974813996,0.024994554731110497,0.02474425735296225,0.0,0.0,0.0
2025-12-28,47,0.024994554731110497,0.025495149487407,0.025244852109258746,5670261.232135917,0.0,2565408.956
2025-12-28,48,0.025495149487407,0.0259957442437035,0.02574544686555525,0.0,0.0,0.0
2025-12-28,49,0.0259957442437035,0.026496339,0.02624604162185175,15001095.61709938,0.0,5034303.169
2025-12-29,0,0.0014666011851749,0.0019671959414714023,0.0017168985633231513,92694316.82242589,0.0,33559599.17877411
2025-12-29,1,0.0019671959414714023,0.0024677906977679043,0.0022174933196196533,78233255.00180475,0.0,51381217.7574831
2025-12-29,2,0.0024677906977679043,0.0029683854540644063,0.0027180880759161553,83630374.94756974,1838210.8281773496,43382759.388239995
2025-12-29,3,0.0029683854540644063,0.0034689802103609084,0.0032186828322126573,47595958.70726666,21293387.816672698,36017468.4535
2025-12-29,4,0.0034689802103609084,0.00396957496665741,0.0037192775885091594,55289925.90687336,3091440.8852622877,40355437.76195
2025-12-29,5,0.00396957496665741,0.004470169722953912,0.004219872344805661,0.0,16102047.165976455,0.0
2025-12-29,6,0.004470169722953912,0.0049707644792504144,0.004720467101102164,53169435.400818534,24928187.968506243,52794037.185737096
2025-12-29,7,0.0049707644792504144,0.0054713592355469165,0.005221061857398665,101756301.67864668,28990423.73527058,34046691.46298999
2025-12-29,8,0.0054713592355469165,0.0059719539918434185,0.005721656613695168,117048772.94204058,9372588.756019307,33090693.828356884
2025-12-29,9,0.0059719539918434185,0.0064725487481399205,0.006222251369991669,42211936.77672928,0.0,7621934.004
2025-12-29,10,0.0064725487481399205,0.0069731435044364225,0.006722846126288172,0.0,1020559068.6165149,40476190.48
2025-12-29,11,0.0069731435044364225,0.007473738260732925,0.007223440882584673,76262646.39956906,0.0,2105724.4981
2025-12-29,12,0.007473738260732925,0.007974333017029427,0.007724035638881176,0.0,0.0,0.0
2025-12-29,13,0.007974333017029427,0.008474927773325928,0.008224630395177677,19662749.603785295,59946366.04522817,1090272.0659
2025-12-29,14,0.008474927773325928,0.00897552252962243,0.00872522515147418,131417556.05110008,0.0,24380276.899797767
2025-12-29,15,0.00897552252962243,0.009476117285918932,0.009225819907770681,26161732.24417203,0.0,287733.3244
2025-12-29,16,0.009476117285918932,0.009976712042215433,0.009726414664067182,47191655.053443044,0.0,613145.9358
2025-12-29,17,0.009976712042215433,0.010477306798511936,0.010227009420363684,25710469.30857803,0.0,911799.0071
2025-12-29,18,0.010477306798511936,0.010977901554808439,0.010727604176660188,0.0,0.0,0.0
2025-12-29,19,0.010977901554808439,0.01147849631110494,0.01122819893295669,0.0,0.0,0.0
2025-12-29,20,0.01147849631110494,0.011979091067401441,0.01172879368925319,0.0,0.0,0.0
2025-12-29,21,0.011979091067401441,0.012479685823697944,0.012229388445549692,0.0,0.0,0.0
2025-12-29,22,0.012479685823697944,0.012980280579994447,0.012729983201846196,22220898.67293279,0.0,529635.262
2025-12-29,23,0.012980280579994447,0.013480875336290948,0.013230577958142697,6596511.646804051,0.0,462966.4212
2025-12-29,24,0.013480875336290948,0.01398147009258745,0.013731172714439199,0.0,0.0,0.0
2025-12-29,25,0.01398147009258745,0.014482064848883952,0.0142317674707357,48478882.09656305,0.0,3828048.6454
2025-12-29,26,0.014482064848883952,0.014982659605180455,0.014732362227032204,25785327.758519467,0.0,3035175.2822
2025-12-29,27,0.014982659605180455,0.015483254361476956,0.015232956983328706,16217198.993875911,0.0,2100828.477
2025-12-29,28,0.015483254361476956,0.01598384911777346,0.015733551739625207,13291336.445229271,0.0,320934.52665
2025-12-29,29,0.01598384911777346,0.01648444387406996,0.01623414649592171,0.0,0.0,0.0
2025-12-29,30,0.01648444387406996,0.016985038630366465,0.016734741252218212,49536951.57641474,0.0,3076333.1029000003
2025-12-29,31,0.016985038630366465,0.017485633386662966,0.017235336008514714,0.0,0.0,0.0
2025-12-29,32,0.017485633386662966,0.017986228142959467,0.01773593076481122,30784015.370819006,0.0,5997013.514900001
2025-12-29,33,0.017986228142959467,0.01848682289925597,0.018236525521107716,26002434.720148712,0.0,1683391.8751
2025-12-29,34,0.01848682289925597,0.018987417655552473,0.01873712027740422,0.0,0.0,0.0
2025-12-29,35,0.018987417655552473,0.019488012411848974,0.019237715033700725,130685581.86870968,0.0,4113149.5599999996
2025-12-29,36,0.019488012411848974,0.019988607168145475,0.019738309789997223,13655012.708372464,0.0,1366803.6518
2025-12-29,37,0.019988607168145475,0.02048920192444198,0.020238904546293728,13011945.329723695,0.0,1506945.9588
2025-12-29,38,0.02048920192444198,0.02098979668073848,0.020739499302590232,0.0,0.0,0.0
2025-12-29,39,0.02098979668073848,0.021490391437034982,0.02124009405888673,0.0,0.0,0.0
2025-12-29,40,0.021490391437034982,0.021990986193331483,0.021740688815183234,3934224.2612407277,0.0,447416.5732
2025-12-29,41,0.021990986193331483,0.022491580949627984,0.022241283571479732,7957815.733520901,0.0,1738136.014
2025-12-29,42,0.022491580949627984,0.02299217570592449,0.022741878327776237,0.0,0.0,0.0
2025-12-29,43,0.02299217570592449,0.02349277046222099,0.02324247308407274,0.0,0.0,0.0
2025-12-29,44,0.02349277046222099,0.02399336521851749,0.02374306784036924,0.0,0.0,0.0
2025-12-29,45,0.02399336521851749,0.024493959974813996,0.024243662596665744,22700478.337174222,0.0,8551475.782
2025-12-29,46,0.024493959974813996,0.024994554731110497,0.02474425735296225,0.0,0.0,0.0
2025-12-29,47,0.024994554731110497,0.025495149487407,0.025244852109258746,5670261.232135917,0.0,2565408.956
2025-12-29,48,0.025495149487407,0.0259957442437035,0.02574544686555525,0.0,0.0,0.0
2025-12-29,49,0.0259957442437035,0.026496339,0.02624604162185175,14787034.78749938,0.0,5034303.169
2025-12-30,0,0.0014666011851749,0.0019671959414714023,0.0017168985633231513,104651670.32570326,0.0,40156171.34113892
2025-12-30,1,0.0019671959414714023,0.0024677906977679043,0.0022174933196196533,73001151.41026634,0.0,51381217.7574831
2025-12-30,2,0.0024677906977679043,0.0029683854540644063,0.0027180880759161553,83051835.75098304,1838210.8281773496,43382759.388239995
2025-12-30,3,0.0029683854540644063,0.0034689802103609084,0.0032186828322126573,47397892.11979719,21293387.816672698,36017468.4535
2025-12-30,4,0.0034689802103609084,0.00396957496665741,0.0037192775885091594,54548220.09765976,3091440.8852622877,40355437.76195
2025-12-30,5,0.00396957496665741,0.004470169722953912,0.004219872344805661,0.0,16102047.165976455,0.0
2025-12-30,6,0.004470169722953912,0.0049707644792504144,0.004720467101102164,52388592.31567043,24928187.968506243,52768891.82100016
2025-12-30,7,0.0049707644792504144,0.0054713592355469165,0.005221061857398665,100443592.30014391,28985301.99840158,34046691.46298999
2025-12-30,8,0.0054713592355469165,0.0059719539918434185,0.005721656613695168,116901766.39597358,9372588.756019307,27643812.898377366
2025-12-30,9,0.0059719539918434185,0.0064725487481399205,0.006222251369991669,41500865.22199489,0.0,7621934.004
2025-12-30,10,0.0064725487481399205,0.0069731435044364225,0.006722846126288172,0.0,1019879105.1982918,40476190.48
2025-12-30,11,0.0069731435044364225,0.007473738260732925,0.007223440882584673,76258236.92031756,0.0,2105724.4981
2025-12-30,12,0.007473738260732925,0.007974333017029427,0.007724035638881176,0.0,0.0,0.0
2025-12-30,13,0.007974333017029427,0.008474927773325928,0.008224630395177677,19656701.24216129,59946366.04522817,1090272.0659
2025-12-30,14,0.008474927773325928,0.00897552252962243,0.00872522515147418,123639142.31502718,7768620.60314648,24270663.137933023
2025-12-30,15,0.00897552252962243,0.009476117285918932,0.009225819907770681,26161417.92800643,0.0,287733.3244
2025-12-30,16,0.009476117285918932,0.009976712042215433,0.009726414664067182,47191655.053443044,0.0,613145.9358
2025-12-30,17,0.009976712042215433,0.010477306798511936,0.010227009420363684,25710469.30857803,0.0,911799.0071
2025-12-30,18,0.010477306798511936,0.010977901554808439,0.010727604176660188,0.0,0.0,0.0
2025-12-30,19,0.010977901554808439,0.01147849631110494,0.01122819893295669,0.0,0.0,0.0
2025-12-30,20,0.01147849631110494,0.011979091067401441,0.01172879368925319,0.0,0.0,0.0
2025-12-30,21,0.011979091067401441,0.012479685823697944,0.012229388445549692,0.0,0.0,0.0
2025-12-30,22,0.012479685823697944,0.012980280579994447,0.012729983201846196,22220898.67293279,0.0,529635.262
2025-12-30,23,0.012980280579994447,0.013480875336290948,0.013230577958142697,6596511.646804051,0.0,462966.4212
2025-12-30,24,0.013480875336290948,0.01398147009258745,0.013731172714439199,0.0,0.0,0.0
2025-12-30,25,0.01398147009258745,0.014482064848883952,0.0142317674707357,48478767.841953054,0.0,3828048.6454
2025-12-30,26,0.014482064848883952,0.014982659605180455,0.014732362227032204,25785327.758519467,0.0,3035175.2822
2025-12-30,27,0.014982659605180455,0.015483254361476956,0.015232956983328706,16217198.993875911,0.0,2100828.477
2025-12-30,28,0.015483254361476956,0.01598384911777346,0.015733551739625207,13279297.07328216,0.0,320934.52665
2025-12-30,29,0.01598384911777346,0.01648444387406996,0.01623414649592171,0.0,0.0,0.0
2025-12-30,30,0.01648444387406996,0.016985038630366465,0.016734741252218212,49536951.57641474,0.0,3076333.1029000003
2025-12-30,31,0.016985038630366465,0.017485633386662966,0.017235336008514714,0.0,0.0,0.0
2025-12-30,32,0.017485633386662966,0.017986228142959467,0.01773593076481122,30757990.044782918,0.0,5997013.514900001
2025-12-30,33,0.017986228142959467,0.01848682289925597,0.018236525521107716,26002434.720148712,0.0,1683391.8751
2025-12-30,34,0.01848682289925597,0.018987417655552473,0.01873712027740422,0.0,0.0,0.0
2025-12-30,35,0.018987417655552473,0.019488012411848974,0.019237715033700725,130206674.32722974,0.0,4113149.5599999996
2025-12-30,36,0.019488012411848974,0.019988607168145475,0.019738309789997223,13558196.330913791,0.0,1366803.6518
2025-12-30,37,0.019988607168145475,0.02048920192444198,0.020238904546293728,13011945.329723695,0.0,1506945.9588
2025-12-30,38,0.02048920192444198,0.02098979668073848,0.020739499302590232,0.0,0.0,0.0
2025-12-30,39,0.02098979668073848,0.021490391437034982,0.02124009405888673,0.0,0.0,0.0
2025-12-30,40,0.021490391437034982,0.021990986193331483,0.021740688815183234,3934224.2612407277,0.0,447416.5732
2025-12-30,41,0.021990986193331483,0.022491580949627984,0.022241283571479732,7957815.733520901,0.0,1738136.014
2025-12-30,42,0.022491580949627984,0.02299217570592449,0.022741878327776237,0.0,0.0,0.0
2025-12-30,43,0.02299217570592449,0.02349277046222099,0.02324247308407274,0.0,0.0,0.0
2025-12-30,44,0.02349277046222099,0.02399336521851749,0.02374306784036924,0.0,0.0,0.0
2025-12-30,45,0.02399336521851749,0.024493959974813996,0.024243662596665744,22676090.096136924,0.0,8551475.782
2025-12-30,46,0.024493959974813996,0.024994554731110497,0.02474425735296225,0.0,0.0,0.0
2025-12-30,47,0.024994554731110497,0.025495149487407,0.025244852109258746,5670261.232135917,0.0,2565408.956
2025-12-30,48,0.025495149487407,0.0259957442437035,0.02574544686555525,0.0,0.0,0.0
2025-12-30,49,0.0259957442437035,0.026496339,0.02624604162185175,14787034.78749938,0.0,5034303.169
2025-12-31,0,0.0014666011851749,0.0019671959414714023,0.0017168985633231513,95245441.35476527,0.0,40156171.34113892
2025-12-31,1,0.0019671959414714023,0.0024677906977679043,0.0022174933196196533,98875263.88892877,0.0,55987925.73181768
2025-12-31,2,0.0024677906977679043,0.0029683854540644063,0.0027180880759161553,81361500.87642168,1838210.8281773496,43382759.388239995
2025-12-31,3,0.0029683854540644063,0.0034689802103609084,0.0032186828322126573,46189303.655620046,21293387.816672698,36017468.4535
2025-12-31,4,0.0034689802103609084,0.00396957496665741,0.0037192775885091594,52861790.95500255,3091440.8852622877,40355437.76195
2025-12-31,5,0.00396957496665741,0.004470169722953912,0.004219872344805661,0.0,16102047.165976455,0.0
2025-12-31,6,0.004470169722953912,0.0049707644792504144,0.004720467101102164,52388592.31567043,24928187.968506243,52768891.82100016
2025-12-31,7,0.0049707644792504144,0.0054713592355469165,0.005221061857398665,98904322.46347316,28984655.91127608,31238241.964111414
2025-12-31,8,0.0054713592355469165,0.0059719539918434185,0.005721656613695168,116556333.69755678,9372588.756019307,21632508.40084015
2025-12-31,9,0.0059719539918434185,0.0064725487481399205,0.006222251369991669,40560776.75866373,0.0,7621934.004
2025-12-31,10,0.0064725487481399205,0.0069731435044364225,0.006722846126288172,0.0,1019803355.9255944,40476190.48
2025-12-31,11,0.0069731435044364225,0.007473738260732925,0.007223440882584673,76179668.8936815,0.0,2105724.4981
2025-12-31,12,0.007473738260732925,0.007974333017029427,0.007724035638881176,0.0,0.0,0.0
2025-12-31,13,0.007974333017029427,0.008474927773325928,0.008224630395177677,19656701.24216129,59946366.04522817,1090272.0659
2025-12-31,14,0.008474927773325928,0.00897552252962243,0.00872522515147418,123489805.2440875,7768620.60314648,24108617.258022204
2025-12-31,15,0.00897552252962243,0.009476117285918932,0.009225819907770681,8674424.300311891,17486993.62769456,287733.3244
2025-12-31,16,0.009476117285918932,0.009976712042215433,0.009726414664067182,47154427.15516305,0.0,613145.9358
2025-12-31,17,0.009976712042215433,0.010477306798511936,0.010227009420363684,25710469.30857803,0.0,911799.0071
2025-12-31,18,0.010477306798511936,0.010977901554808439,0.010727604176660188,0.0,0.0,0.0
2025-12-31,19,0.010977901554808439,0.01147849631110494,0.01122819893295669,0.0,0.0,0.0
2025-12-31,20,0.01147849631110494,0.011979091067401441,0.01172879368925319,0.0,0.0,0.0
2025-12-31,21,0.011979091067401441,0.012479685823697944,0.012229388445549692,0.0,0.0,0.0
2025-12-31,22,0.012479685823697944,0.012980280579994447,0.012729983201846196,22220898.67293279,0.0,529635.262
2025-12-31,23,0.012980280579994447,0.013480875336290948,0.013230577958142697,6596511.646804051,0.0,462966.4212
2025-12-31,24,0.013480875336290948,0.01398147009258745,0.013731172714439199,0.0,0.0,0.0
2025-12-31,25,0.01398147009258745,0.014482064848883952,0.0142317674707357,48407480.49892797,0.0,3828048.6454
2025-12-31,26,0.014482064848883952,0.014982659605180455,0.014732362227032204,25785327.758519467,0.0,3035175.2822
2025-12-31,27,0.014982659605180455,0.015483254361476956,0.015232956983328706,16217198.993875911,0.0,2100828.477
2025-12-31,28,0.015483254361476956,0.01598384911777346,0.015733551739625207,13226870.024515662,0.0,320934.52665
2025-12-31,29,0.01598384911777346,0.01648444387406996,0.01623414649592171,0.0,0.0,0.0
2025-12-31,30,0.01648444387406996,0.016985038630366465,0.016734741252218212,49483615.253775746,0.0,3076333.1029000003
2025-12-31,31,0.016985038630366465,0.017485633386662966,0.017235336008514714,0.0,0.0,0.0
2025-12-31,32,0.017485633386662966,0.017986228142959467,0.01773593076481122,30757990.044782918,0.0,5997013.514900001
2025-12-31,33,0.017986228142959467,0.01848682289925597,0.018236525521107716,25955836.589073893,0.0,1683391.8751
2025-12-31,34,0.01848682289925597,0.018987417655552473,0.01873712027740422,0.0,0.0,0.0
2025-12-31,35,0.018987417655552473,0.019488012411848974,0.019237715033700725,130192828.64986876,0.0,4113149.5599999996
2025-12-31,36,0.019488012411848974,0.019988607168145475,0.019738309789997223,13558196.330913791,0.0,1366803.6518
2025-12-31,37,0.019988607168145475,0.02048920192444198,0.020238904546293728,12989734.426843695,0.0,1506945.9588
2025-12-31,38,0.02048920192444198,0.02098979668073848,0.020739499302590232,0.0,0.0,0.0
2025-12-31,39,0.02098979668073848,0.021490391437034982,0.02124009405888673,0.0,0.0,0.0
2025-12-31,40,0.021490391437034982,0.021990986193331483,0.021740688815183234,3897091.3635120154,0.0,447416.5732
2025-12-31,41,0.021990986193331483,0.022491580949627984,0.022241283571479732,7957815.733520901,0.0,1738136.014
2025-12-31,42,0.022491580949627984,0.02299217570592449,0.022741878327776237,0.0,0.0,0.0
2025-12-31,43,0.02299217570592449,0.02349277046222099,0.02324247308407274,0.0,0.0,0.0
2025-12-31,44,0.02349277046222099,0.02399336521851749,0.02374306784036924,0.0,0.0,0.0
2025-12-31,45,0.02399336521851749,0.024493959974813996,0.024243662596665744,22668605.319665574,0.0,8551475.782
2025-12-31,46,0.024493959974813996,0.024994554731110497,0.02474425735296225,0.0,0.0,0.0
2025-12-31,47,0.024994554731110497,0.025495149487407,0.025244852109258746,5670261.232135917,0.0,2565408.956
2025-12-31,48,0.025495149487407,0.0259957442437035,0.02574544686555525,0.0,0.0,0.0
2025-12-31,49,0.0259957442437035,0.026496339,0.02624604162185175,14775034.78749938,0.0,5034303.169
2026-01-01,0,0.0014666011851749,0.0019671959414714023,0.0017168985633231513,97315311.24804921,0.0,44349567.65429951
2026-01-01,1,0.0019671959414714023,0.0024677906977679043,0.0022174933196196533,96751510.87388614,0.0,55987925.73181768
2026-01-01,2,0.0024677906977679043,0.0029683854540644063,0.0027180880759161553,81088863.8599879,1838210.8281773496,43382759.388239995
2026-01-01,3,0.0029683854540644063,0.0034689802103609084,0.0032186828322126573,46128312.68557745,21293387.64540452,36017468.4535
2026-01-01,4,0.0034689802103609084,0.00396957496665741,0.0037192775885091594,52474104.25419013,3090321.8852622877,40355437.76195
2026-01-01,5,0.00396957496665741,0.004470169722953912,0.004219872344805661,0.0,16102047.165976455,0.0
2026-01-01,6,0.004470169722953912,0.0049707644792504144,0.004720467101102164,51726691.977070436,24928187.968506243,52768891.82100016
2026-01-01,7,0.0049707644792504144,0.0054713592355469165,0.005221061857398665,98551437.4434287,28984655.91127608,30352146.03471123
2026-01-01,8,0.0054713592355469165,0.0059719539918434185,0.005721656613695168,116523112.01933326,9372588.756019307,21632508.40084015
2026-01-01,9,0.0059719539918434185,0.0064725487481399205,0.006222251369991669,40560577.45409617,0.0,7621934.004
2026-01-01,10,0.0064725487481399205,0.0069731435044364225,0.006722846126288172,0.0,1019744255.9255946,40476190.48
2026-01-01,11,0.0069731435044364225,0.007473738260732925,0.007223440882584673,76176775.75185263,0.0,2105724.4981
2026-01-01,12,0.007473738260732925,0.007974333017029427,0.007724035638881176,0.0,0.0,0.0
2026-01-01,13,0.007974333017029427,0.008474927773325928,0.008224630395177677,19656701.24216129,59946366.04522817,1090272.0659
2026-01-01,14,0.008474927773325928,0.00897552252962243,0.00872522515147418,34212184.45437296,97044241.39286105,24108617.258022204
2026-01-01,15,0.00897552252962243,0.009476117285918932,0.009225819907770681,8654915.690171892,17486993.62769456,287733.3244
2026-01-01,16,0.009476117285918932,0.009976712042215433,0.009726414664067182,47145289.02671005,0.0,613145.9358
2026-01-01,17,0.009976712042215433,0.010477306798511936,0.010227009420363684,25710469.30857803,0.0,911799.0071
2026-01-01,18,0.010477306798511936,0.010977901554808439,0.010727604176660188,0.0,0.0,0.0
2026-01-01,19,0.010977901554808439,0.01147849631110494,0.01122819893295669,0.0,0.0,0.0
2026-01-01,20,0.01147849631110494,0.011979091067401441,0.01172879368925319,0.0,0.0,0.0
2026-01-01,21,0.011979091067401441,0.012479685823697944,0.012229388445549692,0.0,0.0,0.0
2026-01-01,22,0.012479685823697944,0.012980280579994447,0.012729983201846196,22220898.67293279,0.0,529635.262
2026-01-01,23,0.012980280579994447,0.013480875336290948,0.013230577958142697,5941810.638140572,0.0,462966.4212
2026-01-01,24,0.013480875336290948,0.01398147009258745,0.013731172714439199,0.0,0.0,0.0
2026-01-01,25,0.01398147009258745,0.014482064848883952,0.0142317674707357,48367480.49892797,0.0,3828048.6454
2026-01-01,26,0.014482064848883952,0.014982659605180455,0.014732362227032204,25785327.758519467,0.0,3035175.2822
2026-01-01,27,0.014982659605180455,0.015483254361476956,0.015232956983328706,16217198.993875911,0.0,2100828.477
2026-01-01,28,0.015483254361476956,0.01598384911777346,0.015733551739625207,13226870.024515662,0.0,320934.52665
2026-01-01,29,0.01598384911777346,0.01648444387406996,0.01623414649592171,0.0,0.0,0.0
2026-01-01,30,0.01648444387406996,0.016985038630366465,0.016734741252218212,49483615.253775746,0.0,3076333.1029000003
2026-01-01,31,0.016985038630366465,0.017485633386662966,0.017235336008514714,0.0,0.0,0.0
2026-01-01,32,0.017485633386662966,0.017986228142959467,0.01773593076481122,30735355.1005941,0.0,5997013.514900001
2026-01-01,33,0.017986228142959467,0.01848682289925597,0.018236525521107716,25811662.86667387,0.0,1683391.8751
2026-01-01,34,0.01848682289925597,0.018987417655552473,0.01873712027740422,0.0,0.0,0.0
2026-01-01,35,0.018987417655552473,0.019488012411848974,0.019237715033700725,130192828.64986876,0.0,4113149.5599999996
2026-01-01,36,0.019488012411848974,0.019988607168145475,0.019738309789997223,13558196.330913791,0.0,1366803.6518
2026-01-01,37,0.019988607168145475,0.02048920192444198,0.020238904546293728,12989734.426843695,0.0,1506945.9588
2026-01-01,38,0.02048920192444198,0.02098979668073848,0.020739499302590232,0.0,0.0,0.0
2026-01-01,39,0.02098979668073848,0.021490391437034982,0.02124009405888673,0.0,0.0,0.0
2026-01-01,40,0.021490391437034982,0.021990986193331483,0.021740688815183234,3897091.3635120154,0.0,447416.5732
2026-01-01,41,0.021990986193331483,0.022491580949627984,0.022241283571479732,7957815.733520901,0.0,1738136.014
2026-01-01,42,0.022491580949627984,0.02299217570592449,0.022741878327776237,0.0,0.0,0.0
2026-01-01,43,0.02299217570592449,0.02349277046222099,0.02324247308407274,0.0,0.0,0.0
2026-01-01,44,0.02349277046222099,0.02399336521851749,0.02374306784036924,0.0,0.0,0.0
2026-01-01,45,0.02399336521851749,0.024493959974813996,0.024243662596665744,22668605.319665574,0.0,8551475.782
2026-01-01,46,0.024493959974813996,0.024994554731110497,0.02474425735296225,0.0,0.0,0.0
2026-01-01,47,0.024994554731110497,0.025495149487407,0.025244852109258746,5670261.232135917,0.0,2565408.956
2026-01-01,48,0.025495149487407,0.0259957442437035,0.02574544686555525,0.0,0.0,0.0
2026-01-01,49,0.0259957442437035,0.026496339,0.02624604162185175,14775034.78749938,0.0,5034303.169
2026-01-02,0,0.0014666011851749,0.0019671959414714023,0.0017168985633231513,102821605.18171358,0.0,46983355.49567441
2026-01-02,1,0.0019671959414714023,0.0024677906977679043,0.0022174933196196533,96200501.08784047,0.0,55987925.73181768
2026-01-02,2,0.0024677906977679043,0.0029683854540644063,0.0027180880759161553,80288533.85902965,1838210.8281773496,40852962.70225005
2026-01-02,3,0.0029683854540644063,0.0034689802103609084,0.0032186828322126573,44969251.65336534,21287371.608319324,36017468.4535
2026-01-02,4,0.0034689802103609084,0.00396957496665741,0.0037192775885091594,52474104.25419013,3090321.8852622877,40355437.76195
2026-01-02,5,0.00396957496665741,0.004470169722953912,0.004219872344805661,0.0,16102047.165976455,0.0
2026-01-02,6,0.004470169722953912,0.0049707644792504144,0.004720467101102164,51726691.977070436,24928187.968506243,52768891.82100016
2026-01-02,7,0.0049707644792504144,0.0054713592355469165,0.005221061857398665,98447976.68466058,28984655.91127608,28318138.970387656
2026-01-02,8,0.0054713592355469165,0.0059719539918434185,0.005721656613695168,116480995.24519113,9372588.756019307,21632508.40084015
2026-01-02,9,0.0059719539918434185,0.0064725487481399205,0.006222251369991669,39996080.79923825,0.0,7621934.004
2026-01-02,10,0.0064725487481399205,0.0069731435044364225,0.006722846126288172,0.0,1019729055.9255946,40476190.48
2026-01-02,11,0.0069731435044364225,0.007473738260732925,0.007223440882584673,76175027.54932216,0.0,2105724.4981
2026-01-02,12,0.007473738260732925,0.007974333017029427,0.007724035638881176,0.0,0.0,0.0
2026-01-02,13,0.007974333017029427,0.008474927773325928,0.008224630395177677,19622749.84966129,59946366.04522817,1090272.0659
2026-01-02,14,0.008474927773325928,0.00897552252962243,0.00872522515147418,34212184.45437296,97044241.39286105,24108616.87034695
2026-01-02,15,0.00897552252962243,0.009476117285918932,0.009225819907770681,8654915.690171892,17486993.62769456,287733.3244
2026-01-02,16,0.009476117285918932,0.009976712042215433,0.009726414664067182,47145289.02671005,0.0,613145.9358
2026-01-02,17,0.009976712042215433,0.010477306798511936,0.010227009420363684,25706690.42586503,0.0,911799.0071
2026-01-02,18,0.010477306798511936,0.010977901554808439,0.010727604176660188,0.0,0.0,0.0
2026-01-02,19,0.010977901554808439,0.01147849631110494,0.01122819893295669,0.0,0.0,0.0
2026-01-02,20,0.01147849631110494,0.011979091067401441,0.01172879368925319,0.0,0.0,0.0
2026-01-02,21,0.011979091067401441,0.012479685823697944,0.012229388445549692,0.0,0.0,0.0
2026-01-02,22,0.012479685823697944,0.012980280579994447,0.012729983201846196,22220898.67293279,0.0,529635.262
2026-01-02,23,0.012980280579994447,0.013480875336290948,0.013230577958142697,5941810.638140572,0.0,462966.4212
2026-01-02,24,0.013480875336290948,0.01398147009258745,0.013731172714439199,0.0,0.0,0.0
2026-01-02,25,0.01398147009258745,0.014482064848883952,0.0142317674707357,48367309.93198945,0.0,3828048.6454
2026-01-02,26,0.014482064848883952,0.014982659605180455,0.014732362227032204,25771948.758519467,0.0,3035175.2822
2026-01-02,27,0.014982659605180455,0.015483254361476956,0.015232956983328706,16217198.993875911,0.0,2100828.477
2026-01-02,28,0.015483254361476956,0.01598384911777346,0.015733551739625207,13226870.024515662,0.0,320934.52665
2026-01-02,29,0.01598384911777346,0.01648444387406996,0.01623414649592171,0.0,0.0,0.0
2026-01-02,30,0.01648444387406996,0.016985038630366465,0.016734741252218212,49469774.79366313,0.0,3076333.1029000003
2026-01-02,31,0.016985038630366465,0.017485633386662966,0.017235336008514714,0.0,0.0,0.0
2026-01-02,32,0.017485633386662966,0.017986228142959467,0.01773593076481122,30735355.1005941,0.0,5997013.514900001
2026-01-02,33,0.017986228142959467,0.01848682289925597,0.018236525521107716,25676269.685627766,0.0,1683391.8751
2026-01-02,34,0.01848682289925597,0.018987417655552473,0.01873712027740422,0.0,0.0,0.0
2026-01-02,35,0.018987417655552473,0.019488012411848974,0.019237715033700725,130184745.39996774,0.0,4113149.5599999996
2026-01-02,36,0.019488012411848974,0.019988607168145475,0.019738309789997223,13555905.854766792,0.0,1366803.6518
2026-01-02,37,0.019988607168145475,0.02048920192444198,0.020238904546293728,12963174.285019673,0.0,1506945.9588
2026-01-02,38,0.02048920192444198,0.02098979668073848,0.020739499302590232,0.0,0.0,0.0
2026-01-02,39,0.02098979668073848,0.021490391437034982,0.02124009405888673,0.0,0.0,0.0
2026-01-02,40,0.021490391437034982,0.021990986193331483,0.021740688815183234,3897039.4864031654,0.0,447416.5732
2026-01-02,41,0.021990986193331483,0.022491580949627984,0.022241283571479732,7957815.733520901,0.0,1738136.014
2026-01-02,42,0.022491580949627984,0.02299217570592449,0.022741878327776237,0.0,0.0,0.0
2026-01-02,43,0.02299217570592449,0.02349277046222099,0.02324247308407274,0.0,0.0,0.0
2026-01-02,44,0.02349277046222099,0.02399336521851749,0.02374306784036924,0.0,0.0,0.0
2026-01-02,45,0.02399336521851749,0.024493959974813996,0.024243662596665744,8785195.336433258,13883409.983232334,8551475.782
2026-01-02,46,0.024493959974813996,0.024994554731110497,0.02474425735296225,0.0,0.0,0.0
2026-01-02,47,0.024994554731110497,0.025495149487407,0.025244852109258746,5670261.232135917,0.0,2565408.956
2026-01-02,48,0.025495149487407,0.0259957442437035,0.02574544686555525,0.0,0.0,0.0
2026-01-02,49,0.0259957442437035,0.026496339,0.02624604162185175,14775034.78749938,0.0,5034303.169
2026-01-03,0,0.0014666011851749,0.0019671959414714023,0.0017168985633231513,100974331.13239448,0.0,46983355.49567441
2026-01-03,1,0.0019671959414714023,0.0024677906977679043,0.0022174933196196533,102848680.3404732,0.0,60980437.8038354
2026-01-03,2,0.0024677906977679043,0.0029683854540644063,0.0027180880759161553,79999623.87327276,1838210.8281773496,40852962.70225005
2026-01-03,3,0.0029683854540644063,0.0034689802103609084,0.0032186828322126573,44958659.371595636,21287371.608319324,36017468.4535
2026-01-03,4,0.0034689802103609084,0.00396957496665741,0.0037192775885091594,50603067.20961096,3090321.8852622877,40355437.76195
2026-01-03,5,0.00396957496665741,0.004470169722953912,0.004219872344805661,0.0,16102047.165976455,0.0
2026-01-03,6,0.004470169722953912,0.0049707644792504144,0.004720467101102164,51313299.73207044,24928187.968506243,52768891.82100016
2026-01-03,7,0.0049707644792504144,0.0054713592355469165,0.005221061857398665,96873482.15451817,28984655.91127608,25451441.1266894
2026-01-03,8,0.0054713592355469165,0.0059719539918434185,0.005721656613695168,116480935.92690304,9372588.756019307,21632508.40084015
2026-01-03,9,0.0059719539918434185,0.0064725487481399205,0.006222251369991669,39872193.36037271,0.0,7621934.004
2026-01-03,10,0.0064725487481399205,0.0069731435044364225,0.006722846126288172,0.0,1019699365.9255946,40476190.48
2026-01-03,11,0.0069731435044364225,0.007473738260732925,0.007223440882584673,76169035.16174638,0.0,2105724.4981
2026-01-03,12,0.007473738260732925,0.007974333017029427,0.007724035638881176,0.0,0.0,0.0
2026-01-03,13,0.007974333017029427,0.008474927773325928,0.008224630395177677,19622749.84966129,59929988.57254948,1090272.0659
2026-01-03,14,0.008474927773325928,0.00897552252962243,0.00872522515147418,34177685.167383015,97044241.39286105,24051763.36352898
2026-01-03,15,0.00897552252962243,0.009476117285918932,0.009225819907770681,8608377.114211893,17486993.62769456,287733.3244
2026-01-03,16,0.009476117285918932,0.009976712042215433,0.009726414664067182,47145289.02671005,0.0,613145.9358
2026-01-03,17,0.009976712042215433,0.010477306798511936,0.010227009420363684,25592996.39046503,0.0,911799.0071
2026-01-03,18,0.010477306798511936,0.010977901554808439,0.010727604176660188,0.0,0.0,0.0
2026-01-03,19,0.010977901554808439,0.01147849631110494,0.01122819893295669,0.0,0.0,0.0
2026-01-03,20,0.01147849631110494,0.011979091067401441,0.01172879368925319,0.0,0.0,0.0
2026-01-03,21,0.011979091067401441,0.012479685823697944,0.012229388445549692,0.0,0.0,0.0
2026-01-03,22,0.012479685823697944,0.012980280579994447,0.012729983201846196,22220898.67293279,0.0,529635.262
2026-01-03,23,0.012980280579994447,0.013480875336290948,0.013230577958142697,5941810.638140572,0.0,462966.4212
2026-01-03,24,0.013480875336290948,0.01398147009258745,0.013731172714439199,0.0,0.0,0.0
2026-01-03,25,0.01398147009258745,0.014482064848883952,0.0142317674707357,48291798.90676215,0.0,3828048.6454
2026-01-03,26,0.014482064848883952,0.014982659605180455,0.014732362227032204,25771948.758519467,0.0,3035175.2822
2026-01-03,27,0.014982659605180455,0.015483254361476956,0.015232956983328706,16217198.993875911,0.0,2100828.477
2026-01-03,28,0.015483254361476956,0.01598384911777346,0.015733551739625207,13226870.024515662,0.0,320934.52665
2026-01-03,29,0.01598384911777346,0.01648444387406996,0.01623414649592171,0.0,0.0,0.0
2026-01-03,30,0.01648444387406996,0.016985038630366465,0.016734741252218212,49131148.487063825,0.0,3076333.1029000003
2026-01-03,31,0.016985038630366465,0.017485633386662966,0.017235336008514714,0.0,0.0,0.0
2026-01-03,32,0.017485633386662966,0.017986228142959467,0.01773593076481122,30735355.1005941,0.0,5997013.514900001
2026-01-03,33,0.017986228142959467,0.01848682289925597,0.018236525521107716,25676269.685627766,0.0,1683391.8751
2026-01-03,34,0.01848682289925597,0.018987417655552473,0.01873712027740422,0.0,0.0,0.0
2026-01-03,35,0.018987417655552473,0.019488012411848974,0.019237715033700725,129720760.39996774,0.0,4113149.5599999996
2026-01-03,36,0.019488012411848974,0.019988607168145475,0.019738309789997223,13555905.854766792,0.0,1366803.6518
2026-01-03,37,0.019988607168145475,0.02048920192444198,0.020238904546293728,12807915.173319696,0.0,1506945.9588
2026-01-03,38,0.02048920192444198,0.02098979668073848,0.020739499302590232,0.0,0.0,0.0
2026-01-03,39,0.02098979668073848,0.021490391437034982,0.02124009405888673,0.0,0.0,0.0
2026-01-03,40,0.021490391437034982,0.021990986193331483,0.021740688815183234,3897039.4864031654,0.0,447416.5732
2026-01-03,41,0.021990986193331483,0.022491580949627984,0.022241283571479732,7957815.733520901,0.0,1738136.014
2026-01-03,42,0.022491580949627984,0.02299217570592449,0.022741878327776237,0.0,0.0,0.0
2026-01-03,43,0.02299217570592449,0.02349277046222099,0.02324247308407274,0.0,0.0,0.0
2026-01-03,44,0.02349277046222099,0.02399336521851749,0.02374306784036924,0.0,0.0,0.0
2026-01-03,45,0.02399336521851749,0.024493959974813996,0.024243662596665744,8785195.336433258,13883409.983232334,8551475.782
2026-01-03,46,0.024493959974813996,0.024994554731110497,0.02474425735296225,0.0,0.0,0.0
2026-01-03,47,0.024994554731110497,0.025495149487407,0.025244852109258746,0.0,5670261.232135917,2565408.956
2026-01-03,48,0.025495149487407,0.0259957442437035,0.02574544686555525,0.0,0.0,0.0
2026-01-03,49,0.0259957442437035,0.026496339,0.02624604162185175,14775034.78749938,0.0,5034303.169
2026-01-04,0,0.0014666011851749,0.0019671959414714023,0.0017168985633231513,102168614.1785643,0.0,49661066.878884256
2026-01-04,1,0.0019671959414714023,0.0024677906977679043,0.0022174933196196533,100901445.536131,0.0,60980437.8038354
2026-01-04,2,0.0024677906977679043,0.0029683854540644063,0.0027180880759161553,79798193.0808919,1838210.8281773496,40852962.70225005
2026-01-04,3,0.0029683854540644063,0.0034689802103609084,0.0032186828322126573,44573831.41367953,21287371.608319324,36017468.4535
2026-01-04,4,0.0034689802103609084,0.00396957496665741,0.0037192775885091594,50544956.84126893,3090321.8852622877,40355437.76195
2026-01-04,5,0.00396957496665741,0.004470169722953912,0.004219872344805661,0.0,16102047.165976455,0.0
2026-01-04,6,0.004470169722953912,0.0049707644792504144,0.004720467101102164,51313299.73207044,24928187.968506243,52768891.79597773
2026-01-04,7,0.0049707644792504144,0.0054713592355469165,0.005221061857398665,96856780.06772909,28984655.91127608,24671462.6796573
2026-01-04,8,0.0054713592355469165,0.0059719539918434185,0.005721656613695168,116380032.57531473,9372588.756019307,21632508.40084015
2026-01-04,9,0.0059719539918434185,0.0064725487481399205,0.006222251369991669,39793760.025324754,0.0,7621934.004
2026-01-04,10,0.0064725487481399205,0.0069731435044364225,0.006722846126288172,0.0,1019670166.1530315,40476190.48
2026-01-04,11,0.0069731435044364225,0.007473738260732925,0.007223440882584673,76166325.70761174,0.0,2105724.4981
2026-01-04,12,0.007473738260732925,0.007974333017029427,0.007724035638881176,0.0,0.0,0.0
2026-01-04,13,0.007974333017029427,0.008474927773325928,0.008224630395177677,19574011.02772989,59929988.57254948,1090272.0659
2026-01-04,14,0.008474927773325928,0.00897552252962243,0.00872522515147418,34156936.711709,97044241.39286105,24048954.08425866
2026-01-04,15,0.00897552252962243,0.009476117285918932,0.009225819907770681,8608377.114211893,17486993.62769456,287733.3244
2026-01-04,16,0.009476117285918932,0.009976712042215433,0.009726414664067182,47143947.93363005,0.0,613145.9358
2026-01-04,17,0.009976712042215433,0.010477306798511936,0.010227009420363684,25586969.489603028,0.0,911799.0071
2026-01-04,18,0.010477306798511936,0.010977901554808439,0.010727604176660188,0.0,0.0,0.0
2026-01-04,19,0.010977901554808439,0.01147849631110494,0.01122819893295669,0.0,0.0,0.0
2026-01-04,20,0.01147849631110494,0.011979091067401441,0.01172879368925319,0.0,0.0,0.0
2026-01-04,21,0.011979091067401441,0.012479685823697944,0.012229388445549692,0.0,0.0,0.0
2026-01-04,22,0.012479685823697944,0.012980280579994447,0.012729983201846196,22220898.67293279,0.0,529635.262
2026-01-04,23,0.012980280579994447,0.013480875336290948,0.013230577958142697,5941810.638140572,0.0,462966.4212
2026-01-04,24,0.013480875336290948,0.01398147009258745,0.013731172714439199,0.0,0.0,0.0
2026-01-04,25,0.01398147009258745,0.014482064848883952,0.0142317674707357,48274958.346567556,0.0,3828048.6454
2026-01-04,26,0.014482064848883952,0.014982659605180455,0.014732362227032204,25771948.758519467,0.0,3035175.2822
2026-01-04,27,0.014982659605180455,0.015483254361476956,0.015232956983328706,16207596.454189913,0.0,2100828.477
2026-01-04,28,0.015483254361476956,0.01598384911777346,0.015733551739625207,13219414.868010899,0.0,320934.52665
2026-01-04,29,0.01598384911777346,0.01648444387406996,0.01623414649592171,0.0,0.0,0.0
2026-01-04,30,0.01648444387406996,0.016985038630366465,0.016734741252218212,49104290.05484382,0.0,3076333.1029000003
2026-01-04,31,0.016985038630366465,0.017485633386662966,0.017235336008514714,0.0,0.0,0.0
2026-01-04,32,0.017485633386662966,0.017986228142959467,0.01773593076481122,30735355.1005941,0.0,5997013.514900001
2026-01-04,33,0.017986228142959467,0.01848682289925597,0.018236525521107716,25650962.97964137,0.0,1683391.8751
2026-01-04,34,0.01848682289925597,0.018987417655552473,0.01873712027740422,0.0,0.0,0.0
2026-01-04,35,0.018987417655552473,0.019488012411848974,0.019237715033700725,129712060.18713374,0.0,4113149.5599999996
2026-01-04,36,0.019488012411848974,0.019988607168145475,0.019738309789997223,13555905.854766792,0.0,1366803.6518
2026-01-04,37,0.019988607168145475,0.02048920192444198,0.020238904546293728,12807915.173319696,0.0,1506945.9588
2026-01-04,38,0.02048920192444198,0.02098979668073848,0.020739499302590232,0.0,0.0,0.0
2026-01-04,39,0.02098979668073848,0.021490391437034982,0.02124009405888673,0.0,0.0,0.0
2026-01-04,40,0.021490391437034982,0.021990986193331483,0.021740688815183234,3887409.5331681655,0.0,447416.5732
2026-01-04,41,0.021990986193331483,0.022491580949627984,0.022241283571479732,7957815.733520901,0.0,1738136.014
2026-01-04,42,0.022491580949627984,0.02299217570592449,0.022741878327776237,0.0,0.0,0.0
2026-01-04,43,0.02299217570592449,0.02349277046222099,0.02324247308407274,0.0,0.0,0.0
2026-01-04,44,0.02349277046222099,0.02399336521851749,0.02374306784036924,0.0,0.0,0.0
2026-01-04,45,0.02399336521851749,0.024493959974813996,0.024243662596665744,0.0,22668605.319665574,8551475.782
2026-01-04,46,0.024493959974813996,0.024994554731110497,0.02474425735296225,0.0,0.0,0.0
2026-01-04,47,0.024994554731110497,0.025495149487407,0.025244852109258746,0.0,5670261.232135917,2565408.956
2026-01-04,48,0.025495149487407,0.0259957442437035,0.02574544686555525,0.0,0.0,0.0
2026-01-04,49,0.0259957442437035,0.026496339,0.02624604162185175,14775034.78749938,0.0,5034303.169
2026-01-05,0,0.0014666011851749,0.0019671959414714023,0.0017168985633231513,112250217.53825575,0.0,56929517.4127675
2026-01-05,1,0.0019671959414714023,0.0024677906977679043,0.0022174933196196533,97351644.08589408,0.0,60980437.8038354
2026-01-05,2,0.0024677906977679043,0.0029683854540644063,0.0027180880759161553,77941901.2733698,1838210.8281773496,40852962.70225005
2026-01-05,3,0.0029683854540644063,0.0034689802103609084,0.0032186828322126573,44514303.966464534,21287298.934368867,36017468.4535
2026-01-05,4,0.0034689802103609084,0.00396957496665741,0.0037192775885091594,48710742.45058525,3090321.8852622877,40355437.76195
2026-01-05,5,0.00396957496665741,0.004470169722953912,0.004219872344805661,0.0,16102047.165976455,0.0
2026-01-05,6,0.004470169722953912,0.0049707644792504144,0.004720467101102164,51309999.73207044,24928187.968506243,52768891.79597773
2026-01-05,7,0.0049707644792504144,0.0054713592355469165,0.005221061857398665,96843778.27197984,28984655.910976082,19080918.640153557
2026-01-05,8,0.0054713592355469165,0.0059719539918434185,0.005721656613695168,116321011.69678777,9372588.756019307,21632508.40084015
2026-01-05,9,0.0059719539918434185,0.0064725487481399205,0.006222251369991669,39413698.81739113,0.0,7621934.004
2026-01-05,10,0.0064725487481399205,0.0069731435044364225,0.006722846126288172,0.0,1019411978.7730874,40476190.48
2026-01-05,11,0.0069731435044364225,0.007473738260732925,0.007223440882584673,76166059.51730421,0.0,2105724.4981
2026-01-05,12,0.007473738260732925,0.007974333017029427,0.007724035638881176,0.0,0.0,0.0
2026-01-05,13,0.007974333017029427,0.008474927773325928,0.008224630395177677,19405613.756829888,59929988.57254948,1090272.0659
2026-01-05,14,0.008474927773325928,0.00897552252962243,0.00872522515147418,34156936.711709,97044241.39286105,23978367.857368335
2026-01-05,15,0.00897552252962243,0.009476117285918932,0.009225819907770681,8608377.114211893,17486993.62769156,287733.3244
2026-01-05,16,0.009476117285918932,0.009976712042215433,0.009726414664067182,47143947.93363005,0.0,613145.9358
2026-01-05,17,0.009976712042215433,0.010477306798511936,0.010227009420363684,25586969.489603028,0.0,911799.0071
2026-01-05,18,0.010477306798511936,0.010977901554808439,0.010727604176660188,0.0,0.0,0.0
2026-01-05,19,0.010977901554808439,0.01147849631110494,0.01122819893295669,0.0,0.0,0.0
2026-01-05,20,0.01147849631110494,0.011979091067401441,0.01172879368925319,0.0,0.0,0.0
2026-01-05,21,0.011979091067401441,0.012479685823697944,0.012229388445549692,0.0,0.0,0.0
2026-01-05,22,0.012479685823697944,0.012980280579994447,0.012729983201846196,22220744.972476088,0.0,529635.262
2026-01-05,23,0.012980280579994447,0.013480875336290948,0.013230577958142697,5941810.638140572,0.0,462966.4212
2026-01-05,24,0.013480875336290948,0.01398147009258745,0.013731172714439199,0.0,0.0,0.0
2026-01-05,25,0.01398147009258745,0.014482064848883952,0.0142317674707357,48274958.346567556,0.0,3828048.6454
2026-01-05,26,0.014482064848883952,0.014982659605180455,0.014732362227032204,25771948.758519467,0.0,3035175.2822
2026-01-05,27,0.014982659605180455,0.015483254361476956,0.015232956983328706,16167543.949748013,0.0,2100828.477
2026-01-05,28,0.015483254361476956,0.01598384911777346,0.015733551739625207,12966548.865210898,0.0,320934.52665
2026-01-05,29,0.01598384911777346,0.01648444387406996,0.01623414649592171,0.0,0.0,0.0
2026-01-05,30,0.01648444387406996,0.016985038630366465,0.016734741252218212,48217718.39199569,0.0,3076333.1029000003
2026-01-05,31,0.016985038630366465,0.017485633386662966,0.017235336008514714,0.0,0.0,0.0
2026-01-05,32,0.017485633386662966,0.017986228142959467,0.01773593076481122,30500690.864738274,0.0,5997013.514900001
2026-01-05,33,0.017986228142959467,0.01848682289925597,0.018236525521107716,25650962.97964137,0.0,1683391.8751
2026-01-05,34,0.01848682289925597,0.018987417655552473,0.01873712027740422,0.0,0.0,0.0
2026-01-05,35,0.018987417655552473,0.019488012411848974,0.019237715033700725,129622060.18713374,0.0,4113149.5599999996
2026-01-05,36,0.019488012411848974,0.019988607168145475,0.019738309789997223,13555905.854766792,0.0,1366803.6518
2026-01-05,37,0.019988607168145475,0.02048920192444198,0.020238904546293728,12807915.173319696,0.0,1506945.9588
2026-01-05,38,0.02048920192444198,0.02098979668073848,0.020739499302590232,0.0,0.0,0.0
2026-01-05,39,0.02098979668073848,0.021490391437034982,0.02124009405888673,0.0,0.0,0.0
2026-01-05,40,0.021490391437034982,0.021990986193331483,0.021740688815183234,3288270.347468165,0.0,447416.5732
2026-01-05,41,0.021990986193331483,0.022491580949627984,0.022241283571479732,7957815.733520901,0.0,1738136.014
2026-01-05,42,0.022491580949627984,0.02299217570592449,0.022741878327776237,0.0,0.0,0.0
2026-01-05,43,0.02299217570592449,0.02349277046222099,0.02324247308407274,0.0,0.0,0.0
2026-01-05,44,0.02349277046222099,0.02399336521851749,0.02374306784036924,0.0,0.0,0.0
2026-01-05,45,0.02399336521851749,0.024493959974813996,0.024243662596665744,0.0,22668605.319665574,8551475.782
2026-01-05,46,0.024493959974813996,0.024994554731110497,0.02474425735296225,0.0,0.0,0.0
2026-01-05,47,0.024994554731110497,0.025495149487407,0.025244852109258746,0.0,5670261.232135917,2565408.956
2026-01-05,48,0.025495149487407,0.0259957442437035,0.02574544686555525,0.0,0.0,0.0
2026-01-05,49,0.0259957442437035,0.026496339,0.02624604162185175,0.0,14775034.78749938,5034303.169
2026-01-06,0,0.0014666011851749,0.0019671959414714023,0.0017168985633231513,126569714.86643699,0.0,66301405.433773875
2026-01-06,1,0.0019671959414714023,0.0024677906977679043,0.0022174933196196533,93634727.0985704,0.0,60980437.8038354
2026-01-06,2,0.0024677906977679043,0.0029683854540644063,0.0027180880759161553,73410194.66060033,1838210.8281773496,40852962.70225005
2026-01-06,3,0.0029683854540644063,0.0034689802103609084,0.0032186828322126573,43096924.33625771,21287298.934368867,36017468.4535
2026-01-06,4,0.0034689802103609084,0.00396957496665741,0.0037192775885091594,48461224.78908766,3090321.8852622877,40355437.76195
2026-01-06,5,0.00396957496665741,0.004470169722953912,0.004219872344805661,0.0,16102047.165976455,0.0
2026-01-06,6,0.004470169722953912,0.0049707644792504144,0.004720467101102164,50353210.49547863,24878579.34626624,47295098.9095716
2026-01-06,7,0.0049707644792504144,0.0054713592355469165,0.005221061857398665,96481767.41821742,28984655.910976082,16583097.46499
2026-01-06,8,0.0054713592355469165,0.0059719539918434185,0.005721656613695168,115420791.15569863,9372588.756019307,21632508.40084015
2026-01-06,9,0.0059719539918434185,0.0064725487481399205,0.006222251369991669,39412950.21962023,0.0,7621934.004
2026-01-06,10,0.0064725487481399205,0.0069731435044364225,0.006722846126288172,0.0,1019230818.4588314,40476190.48
2026-01-06,11,0.0069731435044364225,0.007473738260732925,0.007223440882584673,76105771.04301421,0.0,2105724.4981
2026-01-06,12,0.007473738260732925,0.007974333017029427,0.007724035638881176,0.0,0.0,0.0
2026-01-06,13,0.007974333017029427,0.008474927773325928,0.008224630395177677,19157241.231716882,59917102.81348437,1090272.0659
2026-01-06,14,0.008474927773325928,0.00897552252962243,0.00872522515147418,34156936.711709,94910943.80582033,23970254.48421999
2026-01-06,15,0.00897552252962243,0.009476117285918932,0.009225819907770681,8608377.114211893,17481525.71652956,287733.3244
2026-01-06,16,0.009476117285918932,0.009976712042215433,0.009726414664067182,46939891.46825904,0.0,613145.9358
2026-01-06,17,0.009976712042215433,0.010477306798511936,0.010227009420363684,25586969.489603028,0.0,911799.0071
2026-01-06,18,0.010477306798511936,0.010977901554808439,0.010727604176660188,0.0,0.0,0.0
2026-01-06,19,0.010977901554808439,0.01147849631110494,0.01122819893295669,0.0,0.0,0.0
2026-01-06,20,0.01147849631110494,0.011979091067401441,0.01172879368925319,0.0,0.0,0.0
2026-01-06,21,0.011979091067401441,0.012479685823697944,0.012229388445549692,0.0,0.0,0.0
2026-01-06,22,0.012479685823697944,0.012980280579994447,0.012729983201846196,22220744.972476088,0.0,529635.262
2026-01-06,23,0.012980280579994447,0.013480875336290948,0.013230577958142697,5941810.638140572,0.0,462966.4212
2026-01-06,24,0.013480875336290948,0.01398147009258745,0.013731172714439199,0.0,0.0,0.0
2026-01-06,25,0.01398147009258745,0.014482064848883952,0.0142317674707357,47939112.46892323,0.0,3828048.6454
2026-01-06,26,0.014482064848883952,0.014982659605180455,0.014732362227032204,25771791.746162664,0.0,3035175.2822
2026-01-06,27,0.014982659605180455,0.015483254361476956,0.015232956983328706,16167543.949748013,0.0,2100828.477
2026-01-06,28,0.015483254361476956,0.01598384911777346,0.015733551739625207,12962738.794309964,0.0,320934.52665
2026-01-06,29,0.01598384911777346,0.01648444387406996,0.01623414649592171,0.0,0.0,0.0
2026-01-06,30,0.01648444387406996,0.016985038630366465,0.016734741252218212,48203640.48314199,0.0,3076333.1029000003
2026-01-06,31,0.016985038630366465,0.017485633386662966,0.017235336008514714,0.0,0.0,0.0
2026-01-06,32,0.017485633386662966,0.017986228142959467,0.01773593076481122,26205794.543958653,4294896.320779619,5997013.514900001
2026-01-06,33,0.017986228142959467,0.01848682289925597,0.018236525521107716,25601755.880955648,0.0,1683391.8751
2026-01-06,34,0.01848682289925597,0.018987417655552473,0.01873712027740422,0.0,0.0,0.0
2026-01-06,35,0.018987417655552473,0.019488012411848974,0.019237715033700725,129621003.94790675,0.0,4113149.5599999996
2026-01-06,36,0.019488012411848974,0.019988607168145475,0.019738309789997223,13543336.393010503,0.0,1366803.6518
2026-01-06,37,0.019988607168145475,0.02048920192444198,0.020238904546293728,12807915.173319696,0.0,1506945.9588
2026-01-06,38,0.02048920192444198,0.02098979668073848,0.020739499302590232,0.0,0.0,0.0
2026-01-06,39,0.02098979668073848,0.021490391437034982,0.02124009405888673,0.0,0.0,0.0
2026-01-06,40,0.021490391437034982,0.021990986193331483,0.021740688815183234,3279653.741936015,0.0,447416.5732
2026-01-06,41,0.021990986193331483,0.022491580949627984,0.022241283571479732,7957815.733520901,0.0,1738136.014
2026-01-06,42,0.022491580949627984,0.02299217570592449,0.022741878327776237,0.0,0.0,0.0
2026-01-06,43,0.02299217570592449,0.02349277046222099,0.02324247308407274,0.0,0.0,0.0
2026-01-06,44,0.02349277046222099,0.02399336521851749,0.02374306784036924,0.0,0.0,0.0
2026-01-06,45,0.02399336521851749,0.024493959974813996,0.024243662596665744,0.0,22668605.319665574,8551475.782
2026-01-06,46,0.024493959974813996,0.024994554731110497,0.02474425735296225,0.0,0.0,0.0
2026-01-06,47,0.024994554731110497,0.025495149487407,0.025244852109258746,0.0,5670261.232135917,2565408.956
2026-01-06,48,0.025495149487407,0.0259957442437035,0.02574544686555525,0.0,0.0,0.0
2026-01-06,49,0.0259957442437035,0.026496339,0.02624604162185175,0.0,14775034.78749938,5034303.169
2026-01-07,0,0.0014666011851749,0.0019671959414714023,0.0017168985633231513,145842638.50310466,0.0,74991226.8141361
2026-01-07,1,0.0019671959414714023,0.0024677906977679043,0.0022174933196196533,86511601.2557286,0.0,60980437.8038354
2026-01-07,2,0.0024677906977679043,0.0029683854540644063,0.0027180880759161553,73380542.54729123,1838210.8281773496,40852962.70225005
2026-01-07,3,0.0029683854540644063,0.0034689802103609084,0.0032186828322126573,40012661.58920199,21287298.934368867,36017468.4535
2026-01-07,4,0.0034689802103609084,0.00396957496665741,0.0037192775885091594,45944102.521128535,3090321.8852622877,40355437.76195
2026-01-07,5,0.00396957496665741,0.004470169722953912,0.004219872344805661,0.0,16097566.560026655,0.0
2026-01-07,6,0.004470169722953912,0.0049707644792504144,0.004720467101102164,49977143.01228132,24878579.34626624,39689291.04958832
2026-01-07,7,0.0049707644792504144,0.0054713592355469165,0.005221061857398665,95788120.40569955,28972916.253731076,16583097.46499
2026-01-07,8,0.0054713592355469165,0.0059719539918434185,0.005721656613695168,115240935.220703,9372588.756019307,21632508.40084015
2026-01-07,9,0.0059719539918434185,0.0064725487481399205,0.006222251369991669,38882040.50926435,0.0,7621934.004
2026-01-07,10,0.0064725487481399205,0.0069731435044364225,0.006722846126288172,0.0,1019210700.2147231,40476190.48
2026-01-07,11,0.0069731435044364225,0.007473738260732925,0.007223440882584673,75746159.14488995,0.0,2105724.4981
2026-01-07,12,0.007473738260732925,0.007974333017029427,0.007724035638881176,0.0,0.0,0.0
2026-01-07,13,0.007974333017029427,0.008474927773325928,0.008224630395177677,19157111.79076118,59917102.81348437,1090272.0659
2026-01-07,14,0.008474927773325928,0.00897552252962243,0.00872522515147418,34125606.1206175,94910943.80582033,23282220.85616409
2026-01-07,15,0.00897552252962243,0.009476117285918932,0.009225819907770681,8608377.114211893,17481525.71652956,287733.3244
2026-01-07,16,0.009476117285918932,0.009976712042215433,0.009726414664067182,46721004.75745851,0.0,613145.9358
2026-01-07,17,0.009976712042215433,0.010477306798511936,0.010227009420363684,25586969.489603028,0.0,911799.0071
2026-01-07,18,0.010477306798511936,0.010977901554808439,0.010727604176660188,0.0,0.0,0.0
2026-01-07,19,0.010977901554808439,0.01147849631110494,0.01122819893295669,0.0,0.0,0.0
2026-01-07,20,0.01147849631110494,0.011979091067401441,0.01172879368925319,0.0,0.0,0.0
2026-01-07,21,0.011979091067401441,0.012479685823697944,0.012229388445549692,0.0,0.0,0.0
2026-01-07,22,0.012479685823697944,0.012980280579994447,0.012729983201846196,22220744.972476088,0.0,529635.262
2026-01-07,23,0.012980280579994447,0.013480875336290948,0.013230577958142697,5941560.437531573,0.0,462966.4212
2026-01-07,24,0.013480875336290948,0.01398147009258745,0.013731172714439199,0.0,0.0,0.0
2026-01-07,25,0.01398147009258745,0.014482064848883952,0.0142317674707357,47187303.42987125,0.0,3828048.6454
2026-01-07,26,0.014482064848883952,0.014982659605180455,0.014732362227032204,25771791.746162664,0.0,3035175.2822
2026-01-07,27,0.014982659605180455,0.015483254361476956,0.015232956983328706,16167543.949748013,0.0,2100828.477
2026-01-07,28,0.015483254361476956,0.01598384911777346,0.015733551739625207,12959708.933885505,0.0,320934.52665
2026-01-07,29,0.01598384911777346,0.01648444387406996,0.01623414649592171,0.0,0.0,0.0
2026-01-07,30,0.01648444387406996,0.016985038630366465,0.016734741252218212,47608337.24889365,0.0,3076333.1029000003
2026-01-07,31,0.016985038630366465,0.017485633386662966,0.017235336008514714,0.0,0.0,0.0
2026-01-07,32,0.017485633386662966,0.017986228142959467,0.01773593076481122,26205630.17879585,4294896.320779619,5997013.514900001
2026-01-07,33,0.017986228142959467,0.01848682289925597,0.018236525521107716,25601755.880955648,0.0,1683391.8751
2026-01-07,34,0.01848682289925597,0.018987417655552473,0.01873712027740422,0.0,0.0,0.0
2026-01-07,35,0.018987417655552473,0.019488012411848974,0.019237715033700725,129521003.94790675,0.0,4113149.5599999996
2026-01-07,36,0.019488012411848974,0.019988607168145475,0.019738309789997223,13543336.393010503,0.0,1366803.6518
2026-01-07,37,0.019988607168145475,0.02048920192444198,0.020238904546293728,12045021.647219697,0.0,1506945.9588
2026-01-07,38,0.02048920192444198,0.02098979668073848,0.020739499302590232,0.0,0.0,0.0
2026-01-07,39,0.02098979668073848,0.021490391437034982,0.02124009405888673,0.0,0.0,0.0
2026-01-07,40,0.021490391437034982,0.021990986193331483,0.021740688815183234,3279653.741936015,0.0,447416.5732
2026-01-07,41,0.021990986193331483,0.022491580949627984,0.022241283571479732,0.0,7956739.961015901,1738136.014
2026-01-07,42,0.022491580949627984,0.02299217570592449,0.022741878327776237,0.0,0.0,0.0
2026-01-07,43,0.02299217570592449,0.02349277046222099,0.02324247308407274,0.0,0.0,0.0
2026-01-07,44,0.02349277046222099,0.02399336521851749,0.02374306784036924,0.0,0.0,0.0
2026-01-07,45,0.02399336521851749,0.024493959974813996,0.024243662596665744,0.0,22668605.319665574,8551475.782
2026-01-07,46,0.024493959974813996,0.024994554731110497,0.02474425735296225,0.0,0.0,0.0
2026-01-07,47,0.024994554731110497,0.025495149487407,0.025244852109258746,0.0,5670261.232135917,2565408.956
2026-01-07,48,0.025495149487407,0.0259957442437035,0.02574544686555525,0.0,0.0,0.0
2026-01-07,49,0.0259957442437035,0.026496339,0.02624604162185175,0.0,14771630.95061538,5034303.169
2026-01-08,0,0.0014666011851749,0.0019671959414714023,0.0017168985633231513,155747636.97551423,0.0,81801338.14907126
2026-01-08,1,0.0019671959414714023,0.0024677906977679043,0.0022174933196196533,84178090.34675418,0.0,60244884.7687767
2026-01-08,2,0.0024677906977679043,0.0029683854540644063,0.0027180880759161553,72345217.37331913,1838210.8281773496,40641918.13278
2026-01-08,3,0.0029683854540644063,0.0034689802103609084,0.0032186828322126573,39475249.92973927,21273022.648798868,36017468.4535
2026-01-08,4,0.0034689802103609084,0.00396957496665741,0.0037192775885091594,43419711.14744959,3090321.8852622877,40355437.76195
2026-01-08,5,0.00396957496665741,0.004470169722953912,0.004219872344805661,0.0,16097566.560026655,0.0
2026-01-08,6,0.004470169722953912,0.0049707644792504144,0.004720467101102164,49893945.10129199,24878579.34626624,35687351.51233578
2026-01-08,7,0.0049707644792504144,0.0054713592355469165,0.005221061857398665,94458324.56325956,28972916.253731076,16583097.46499
2026-01-08,8,0.0054713592355469165,0.0059719539918434185,0.005721656613695168,114458296.52060802,9372588.756019307,21632508.40084015
2026-01-08,9,0.0059719539918434185,0.0064725487481399205,0.006222251369991669,38439340.10224875,0.0,7621934.004
2026-01-08,10,0.0064725487481399205,0.0069731435044364225,0.006722846126288172,0.0,1019198233.3421131,40476190.48
2026-01-08,11,0.0069731435044364225,0.007473738260732925,0.007223440882584673,75746159.14488995,0.0,2105724.4981
2026-01-08,12,0.007473738260732925,0.007974333017029427,0.007724035638881176,0.0,0.0,0.0
2026-01-08,13,0.007974333017029427,0.008474927773325928,0.008224630395177677,19153403.911665846,59917102.81348437,1090272.0659
2026-01-08,14,0.008474927773325928,0.00897552252962243,0.00872522515147418,34125606.1206175,94910943.80582033,23282220.85603691
2026-01-08,15,0.00897552252962243,0.009476117285918932,0.009225819907770681,8608377.114211893,17481525.71652956,287733.3244
2026-01-08,16,0.009476117285918932,0.009976712042215433,0.009726414664067182,46721004.75745851,0.0,613145.9358
2026-01-08,17,0.009976712042215433,0.010477306798511936,0.010227009420363684,25566245.77517303,0.0,911799.0071
2026-01-08,18,0.010477306798511936,0.010977901554808439,0.010727604176660188,0.0,0.0,0.0
2026-01-08,19,0.010977901554808439,0.01147849631110494,0.01122819893295669,0.0,0.0,0.0
2026-01-08,20,0.01147849631110494,0.011979091067401441,0.01172879368925319,0.0,0.0,0.0
2026-01-08,21,0.011979091067401441,0.012479685823697944,0.012229388445549692,0.0,0.0,0.0
2026-01-08,22,0.012479685823697944,0.012980280579994447,0.012729983201846196,22014094.972476095,0.0,529635.262
2026-01-08,23,0.012980280579994447,0.013480875336290948,0.013230577958142697,5941560.437531573,0.0,462966.4212
2026-01-08,24,0.013480875336290948,0.01398147009258745,0.013731172714439199,0.0,0.0,0.0
2026-01-08,25,0.01398147009258745,0.014482064848883952,0.0142317674707357,47187303.42987125,0.0,3828048.6454
2026-01-08,26,0.014482064848883952,0.014982659605180455,0.014732362227032204,25771791.746162664,0.0,3035175.2822
2026-01-08,27,0.014982659605180455,0.015483254361476956,0.015232956983328706,16167543.949748013,0.0,2100828.477
2026-01-08,28,0.015483254361476956,0.01598384911777346,0.015733551739625207,12939211.965365507,0.0,320934.52665
2026-01-08,29,0.01598384911777346,0.01648444387406996,0.01623414649592171,0.0,0.0,0.0
2026-01-08,30,0.01648444387406996,0.016985038630366465,0.016734741252218212,47608337.24889365,0.0,3076333.1029000003
2026-01-08,31,0.016985038630366465,0.017485633386662966,0.017235336008514714,0.0,0.0,0.0
2026-01-08,32,0.017485633386662966,0.017986228142959467,0.01773593076481122,9269522.23975966,21231004.259815842,5997013.514900001
2026-01-08,33,0.017986228142959467,0.01848682289925597,0.018236525521107716,25601755.880955648,0.0,1683391.8751
2026-01-08,34,0.01848682289925597,0.018987417655552473,0.01873712027740422,0.0,0.0,0.0
2026-01-08,35,0.018987417655552473,0.019488012411848974,0.019237715033700725,129324248.90524556,0.0,4113149.5599999996
2026-01-08,36,0.019488012411848974,0.019988607168145475,0.019738309789997223,13543336.393010503,0.0,1366803.6518
2026-01-08,37,0.019988607168145475,0.02048920192444198,0.020238904546293728,12028082.665269697,0.0,1506945.9588
2026-01-08,38,0.02048920192444198,0.02098979668073848,0.020739499302590232,0.0,0.0,0.0
2026-01-08,39,0.02098979668073848,0.021490391437034982,0.02124009405888673,0.0,0.0,0.0
2026-01-08,40,0.021490391437034982,0.021990986193331483,0.021740688815183234,3279653.741936015,0.0,447416.5732
2026-01-08,41,0.021990986193331483,0.022491580949627984,0.022241283571479732,0.0,7956739.961015901,1738136.014
2026-01-08,42,0.022491580949627984,0.02299217570592449,0.022741878327776237,0.0,0.0,0.0
2026-01-08,43,0.02299217570592449,0.02349277046222099,0.02324247308407274,0.0,0.0,0.0
2026-01-08,44,0.02349277046222099,0.02399336521851749,0.02374306784036924,0.0,0.0,0.0
2026-01-08,45,0.02399336521851749,0.024493959974813996,0.024243662596665744,0.0,22668605.319665574,8551475.782
2026-01-08,46,0.024493959974813996,0.024994554731110497,0.02474425735296225,0.0,0.0,0.0
2026-01-08,47,0.024994554731110497,0.025495149487407,0.025244852109258746,0.0,5670261.232135917,2565408.956
2026-01-08,48,0.025495149487407,0.0259957442437035,0.02574544686555525,0.0,0.0,0.0
2026-01-08,49,0.0259957442437035,0.026496339,0.02624604162185175,0.0,14771630.95061538,5034303.169
2026-01-09,0,0.0014666011851749,0.0019671959414714023,0.0017168985633231513,195200939.37091833,0.0,98000464.86826795
2026-01-09,1,0.0019671959414714023,0.0024677906977679043,0.0022174933196196533,75539786.66929558,0.0,60244884.7687767
2026-01-09,2,0.0024677906977679043,0.0029683854540644063,0.0027180880759161553,66500416.11407914,1838210.8281773496,40641918.13278
2026-01-09,3,0.0029683854540644063,0.0034689802103609084,0.0032186828322126573,38802185.46482786,21273022.648798868,36017468.4535
2026-01-09,4,0.0034689802103609084,0.00396957496665741,0.0037192775885091594,42400166.60903111,3090321.8852622877,40355437.76195
2026-01-09,5,0.00396957496665741,0.004470169722953912,0.004219872344805661,0.0,16097566.560026655,0.0
2026-01-09,6,0.004470169722953912,0.0049707644792504144,0.004720467101102164,46903543.85743352,24878579.34626624,18711359.899308834
2026-01-09,7,0.0049707644792504144,0.0054713592355469165,0.005221061857398665,94457851.02847283,28964916.253731076,16583097.46499
2026-01-09,8,0.0054713592355469165,0.0059719539918434185,0.005721656613695168,112088921.02899946,9372588.756019307,21632508.40084015
2026-01-09,9,0.0059719539918434185,0.0064725487481399205,0.006222251369991669,38072642.10283155,0.0,7621934.004
2026-01-09,10,0.0064725487481399205,0.0069731435044364225,0.006722846126288172,0.0,1019137192.3021332,40476190.48
2026-01-09,11,0.0069731435044364225,0.007473738260732925,0.007223440882584673,75721429.75068615,0.0,2105724.4981
2026-01-09,12,0.007473738260732925,0.007974333017029427,0.007724035638881176,0.0,0.0,0.0
2026-01-09,13,0.007974333017029427,0.008474927773325928,0.008224630395177677,19153403.911665846,59917102.81348437,1090272.0659
2026-01-09,14,0.008474927773325928,0.00897552252962243,0.00872522515147418,34124392.6986529,94604968.20572625,14142401.553220829
2026-01-09,15,0.00897552252962243,0.009476117285918932,0.009225819907770681,8608377.114211893,17481525.71652956,287733.3244
2026-01-09,16,0.009476117285918932,0.009976712042215433,0.009726414664067182,46704430.527348995,0.0,613145.9358
2026-01-09,17,0.009976712042215433,0.010477306798511936,0.010227009420363684,25566245.77517303,0.0,911799.0071
2026-01-09,18,0.010477306798511936,0.010977901554808439,0.010727604176660188,0.0,0.0,0.0
2026-01-09,19,0.010977901554808439,0.01147849631110494,0.01122819893295669,0.0,0.0,0.0
2026-01-09,20,0.01147849631110494,0.011979091067401441,0.01172879368925319,0.0,0.0,0.0
2026-01-09,21,0.011979091067401441,0.012479685823697944,0.012229388445549692,0.0,0.0,0.0
2026-01-09,22,0.012479685823697944,0.012980280579994447,0.012729983201846196,22014049.474914923,0.0,529635.262
2026-01-09,23,0.012980280579994447,0.013480875336290948,0.013230577958142697,5941560.437531573,0.0,462966.4212
2026-01-09,24,0.013480875336290948,0.01398147009258745,0.013731172714439199,0.0,0.0,0.0
2026-01-09,25,0.01398147009258745,0.014482064848883952,0.0142317674707357,47187303.42987125,0.0,3828048.6454
2026-01-09,26,0.014482064848883952,0.014982659605180455,0.014732362227032204,8112763.615354657,17659028.13080801,3035175.2822
2026-01-09,27,0.014982659605180455,0.015483254361476956,0.015232956983328706,16167543.949748013,0.0,2100828.477
2026-01-09,28,0.015483254361476956,0.01598384911777346,0.015733551739625207,12939211.965365507,0.0,320934.52665
2026-01-09,29,0.01598384911777346,0.01648444387406996,0.01623414649592171,0.0,0.0,0.0
2026-01-09,30,0.01648444387406996,0.016985038630366465,0.016734741252218212,47608337.24889365,0.0,3076333.1029000003
2026-01-09,31,0.016985038630366465,0.017485633386662966,0.017235336008514714,0.0,0.0,0.0
2026-01-09,32,0.017485633386662966,0.017986228142959467,0.01773593076481122,9269522.23975966,21231004.259815842,5997013.514900001
2026-01-09,33,0.017986228142959467,0.01848682289925597,0.018236525521107716,25601755.880955648,0.0,1683391.8751
2026-01-09,34,0.01848682289925597,0.018987417655552473,0.01873712027740422,0.0,0.0,0.0
2026-01-09,35,0.018987417655552473,0.019488012411848974,0.019237715033700725,129324248.90524556,0.0,4113149.5599999996
2026-01-09,36,0.019488012411848974,0.019988607168145475,0.019738309789997223,13543336.393010503,0.0,1366803.6518
2026-01-09,37,0.019988607168145475,0.02048920192444198,0.020238904546293728,12028082.665269697,0.0,1506945.9588
2026-01-09,38,0.02048920192444198,0.02098979668073848,0.020739499302590232,0.0,0.0,0.0
2026-01-09,39,0.02098979668073848,0.021490391437034982,0.02124009405888673,0.0,0.0,0.0
2026-01-09,40,0.021490391437034982,0.021990986193331483,0.021740688815183234,3279653.741936015,0.0,447416.5732
2026-01-09,41,0.021990986193331483,0.022491580949627984,0.022241283571479732,0.0,7956739.961015901,1738136.014
2026-01-09,42,0.022491580949627984,0.02299217570592449,0.022741878327776237,0.0,0.0,0.0
2026-01-09,43,0.02299217570592449,0.02349277046222099,0.02324247308407274,0.0,0.0,0.0
2026-01-09,44,0.02349277046222099,0.02399336521851749,0.02374306784036924,0.0,0.0,0.0
2026-01-09,45,0.02399336521851749,0.024493959974813996,0.024243662596665744,0.0,22668605.319665574,8551475.782
2026-01-09,46,0.024493959974813996,0.024994554731110497,0.02474425735296225,0.0,0.0,0.0
2026-01-09,47,0.024994554731110497,0.025495149487407,0.025244852109258746,0.0,5670261.232135917,2565408.956
2026-01-09,48,0.025495149487407,0.0259957442437035,0.02574544686555525,0.0,0.0,0.0
2026-01-09,49,0.0259957442437035,0.026496339,0.02624604162185175,0.0,14771630.95061538,5034303.169
2026-01-10,0,0.0014666011851749,0.0019671959414714023,0.0017168985633231513,198543572.21897128,0.0,98862724.85179123
2026-01-10,1,0.0019671959414714023,0.0024677906977679043,0.0022174933196196533,74330239.9059643,0.0,60244884.7687767
2026-01-10,2,0.0024677906977679043,0.0029683854540644063,0.0027180880759161553,66485035.224386446,1838210.8281773496,40641918.13278
2026-01-10,3,0.0029683854540644063,0.0034689802103609084,0.0032186828322126573,38802185.46482786,21273022.648798868,36017468.4535
2026-01-10,4,0.0034689802103609084,0.00396957496665741,0.0037192775885091594,41594098.3085355,3090321.8852622877,40355437.76195
2026-01-10,5,0.00396957496665741,0.004470169722953912,0.004219872344805661,0.0,16097566.560026655,0.0
2026-01-10,6,0.004470169722953912,0.0049707644792504144,0.004720467101102164,46889265.90212352,24878579.34626624,16973179.1481778
2026-01-10,7,0.0049707644792504144,0.0054713592355469165,0.005221061857398665,94241498.86054283,28964916.253731076,16583097.46499
2026-01-10,8,0.0054713592355469165,0.0059719539918434185,0.005721656613695168,112019574.34761044,9372588.756019307,21632508.40084015
2026-01-10,9,0.0059719539918434185,0.0064725487481399205,0.006222251369991669,38072422.43783415,0.0,7621934.004
2026-01-10,10,0.0064725487481399205,0.0069731435044364225,0.006722846126288172,0.0,1019100992.3021332,40476190.48
2026-01-10,11,0.0069731435044364225,0.007473738260732925,0.007223440882584673,75690256.32935615,0.0,2105724.4981
2026-01-10,12,0.007473738260732925,0.007974333017029427,0.007724035638881176,0.0,0.0,0.0
2026-01-10,13,0.007974333017029427,0.008474927773325928,0.008224630395177677,19153403.911665846,59917102.81348437,1090272.0659
2026-01-10,14,0.008474927773325928,0.00897552252962243,0.00872522515147418,34100589.8693739,94604968.20572625,14142323.854116824
2026-01-10,15,0.00897552252962243,0.009476117285918932,0.009225819907770681,8608377.114211893,17481525.71652956,287733.3244
2026-01-10,16,0.009476117285918932,0.009976712042215433,0.009726414664067182,46693544.96590899,0.0,613145.9358
2026-01-10,17,0.009976712042215433,0.010477306798511936,0.010227009420363684,25566245.77517303,0.0,911799.0071
2026-01-10,18,0.010477306798511936,0.010977901554808439,0.010727604176660188,0.0,0.0,0.0
2026-01-10,19,0.010977901554808439,0.01147849631110494,0.01122819893295669,0.0,0.0,0.0
2026-01-10,20,0.01147849631110494,0.011979091067401441,0.01172879368925319,0.0,0.0,0.0
2026-01-10,21,0.011979091067401441,0.012479685823697944,0.012229388445549692,0.0,0.0,0.0
2026-01-10,22,0.012479685823697944,0.012980280579994447,0.012729983201846196,22014049.474914923,0.0,529635.262
2026-01-10,23,0.012980280579994447,0.013480875336290948,0.013230577958142697,5941560.437531573,0.0,462966.4212
2026-01-10,24,0.013480875336290948,0.01398147009258745,0.013731172714439199,0.0,0.0,0.0
2026-01-10,25,0.01398147009258745,0.014482064848883952,0.0142317674707357,34566638.21099186,12619420.011042785,3828048.6454
2026-01-10,26,0.014482064848883952,0.014982659605180455,0.014732362227032204,8112763.615354657,17659028.13080801,3035175.2822
2026-01-10,27,0.014982659605180455,0.015483254361476956,0.015232956983328706,16167543.949748013,0.0,2100828.477
2026-01-10,28,0.015483254361476956,0.01598384911777346,0.015733551739625207,12915195.634985507,0.0,320934.52665
2026-01-10,29,0.01598384911777346,0.01648444387406996,0.01623414649592171,0.0,0.0,0.0
2026-01-10,30,0.01648444387406996,0.016985038630366465,0.016734741252218212,47608337.248893246,0.0,3076333.1029000003
2026-01-10,31,0.016985038630366465,0.017485633386662966,0.017235336008514714,0.0,0.0,0.0
2026-01-10,32,0.017485633386662966,0.017986228142959467,0.01773593076481122,9264477.75602066,21231004.259815842,5997013.514900001
2026-01-10,33,0.017986228142959467,0.01848682289925597,0.018236525521107716,25601601.809269287,0.0,1683391.8751
2026-01-10,34,0.01848682289925597,0.018987417655552473,0.01873712027740422,0.0,0.0,0.0
2026-01-10,35,0.018987417655552473,0.019488012411848974,0.019237715033700725,129324241.33684354,0.0,4113149.5599999996
2026-01-10,36,0.019488012411848974,0.019988607168145475,0.019738309789997223,13543336.393010503,0.0,1366803.6518
2026-01-10,37,0.019988607168145475,0.02048920192444198,0.020238904546293728,12027767.869858297,0.0,1506945.9588
2026-01-10,38,0.02048920192444198,0.02098979668073848,0.020739499302590232,0.0,0.0,0.0
2026-01-10,39,0.02098979668073848,0.021490391437034982,0.02124009405888673,0.0,0.0,0.0
2026-01-10,40,0.021490391437034982,0.021990986193331483,0.021740688815183234,3277162.470598015,0.0,447416.5732
2026-01-10,41,0.021990986193331483,0.022491580949627984,0.022241283571479732,0.0,7956739.961015901,1738136.014
2026-01-10,42,0.022491580949627984,0.02299217570592449,0.022741878327776237,0.0,0.0,0.0
2026-01-10,43,0.02299217570592449,0.02349277046222099,0.02324247308407274,0.0,0.0,0.0
2026-01-10,44,0.02349277046222099,0.02399336521851749,0.02374306784036924,0.0,0.0,0.0
2026-01-10,45,0.02399336521851749,0.024493959974813996,0.024243662596665744,0.0,22668605.319665574,8551475.782
2026-01-10,46,0.024493959974813996,0.024994554731110497,0.02474425735296225,0.0,0.0,0.0
2026-01-10,47,0.024994554731110497,0.025495149487407,0.025244852109258746,0.0,5670261.232135917,2565408.956
2026-01-10,48,0.025495149487407,0.0259957442437035,0.02574544686555525,0.0,0.0,0.0
2026-01-10,49,0.0259957442437035,0.026496339,0.02624604162185175,0.0,14771630.95061538,5034303.169
2026-01-11,0,0.0014666011851749,0.0019671959414714023,0.0017168985633231513,207183133.8532022,0.0,104917101.77591158
2026-01-11,1,0.0019671959414714023,0.0024677906977679043,0.0022174933196196533,70009204.78023997,0.0,60244884.7687767
2026-01-11,2,0.0024677906977679043,0.0029683854540644063,0.0027180880759161553,65452025.57959176,1838210.8281773496,40641918.13278
2026-01-11,3,0.0029683854540644063,0.0034689802103609084,0.0032186828322126573,38547487.51620994,21273022.648798868,36017468.4535
2026-01-11,4,0.0034689802103609084,0.00396957496665741,0.0037192775885091594,40734732.101615526,3090321.8852622877,40355437.76195
2026-01-11,5,0.00396957496665741,0.004470169722953912,0.004219872344805661,0.0,16097566.560026655,0.0
2026-01-11,6,0.004470169722953912,0.0049707644792504144,0.004720467101102164,45492093.91312352,24878579.34626624,12490604.979638502
2026-01-11,7,0.0049707644792504144,0.0054713592355469165,0.005221061857398665,93328556.85964532,28964916.253731076,16583097.46499
2026-01-11,8,0.0054713592355469165,0.0059719539918434185,0.005721656613695168,111335814.69041044,9372588.756019307,21632508.40084015
2026-01-11,9,0.0059719539918434185,0.0064725487481399205,0.006222251369991669,38072085.67541068,0.0,7621934.004
2026-01-11,10,0.0064725487481399205,0.0069731435044364225,0.006722846126288172,0.0,1019092854.4062997,40476190.48
2026-01-11,11,0.0069731435044364225,0.007473738260732925,0.007223440882584673,75690256.32935615,0.0,2105724.4981
2026-01-11,12,0.007473738260732925,0.007974333017029427,0.007724035638881176,0.0,0.0,0.0
2026-01-11,13,0.007974333017029427,0.008474927773325928,0.008224630395177677,19149977.83185919,59917102.81348437,1090272.0659
2026-01-11,14,0.008474927773325928,0.00897552252962243,0.00872522515147418,34100589.8693739,94604968.20572625,14138897.309455836
2026-01-11,15,0.00897552252962243,0.009476117285918932,0.009225819907770681,8608377.114211893,17481525.71652956,287733.3244
2026-01-11,16,0.009476117285918932,0.009976712042215433,0.009726414664067182,46693544.96590899,0.0,613145.9358
2026-01-11,17,0.009976712042215433,0.010477306798511936,0.010227009420363684,25510521.980543032,0.0,911799.0071
2026-01-11,18,0.010477306798511936,0.010977901554808439,0.010727604176660188,0.0,0.0,0.0
2026-01-11,19,0.010977901554808439,0.01147849631110494,0.01122819893295669,0.0,0.0,0.0
2026-01-11,20,0.01147849631110494,0.011979091067401441,0.01172879368925319,0.0,0.0,0.0
2026-01-11,21,0.011979091067401441,0.012479685823697944,0.012229388445549692,0.0,0.0,0.0
2026-01-11,22,0.012479685823697944,0.012980280579994447,0.012729983201846196,22014049.474914923,0.0,529635.262
2026-01-11,23,0.012980280579994447,0.013480875336290948,0.013230577958142697,5941560.437531573,0.0,462966.4212
2026-01-11,24,0.013480875336290948,0.01398147009258745,0.013731172714439199,0.0,0.0,0.0
2026-01-11,25,0.01398147009258745,0.014482064848883952,0.0142317674707357,34532654.79516186,12619420.011042785,3828048.6454
2026-01-11,26,0.014482064848883952,0.014982659605180455,0.014732362227032204,8112763.615354657,17659028.13080801,3035175.2822
2026-01-11,27,0.014982659605180455,0.015483254361476956,0.015232956983328706,16123195.626276914,0.0,2100828.477
2026-01-11,28,0.015483254361476956,0.01598384911777346,0.015733551739625207,7872611.448189708,5042584.186795804,320934.52665
2026-01-11,29,0.01598384911777346,0.01648444387406996,0.01623414649592171,0.0,0.0,0.0
2026-01-11,30,0.01648444387406996,0.016985038630366465,0.016734741252218212,47608337.248893246,0.0,3076333.1029000003
2026-01-11,31,0.016985038630366465,0.017485633386662966,0.017235336008514714,0.0,0.0,0.0
2026-01-11,32,0.017485633386662966,0.017986228142959467,0.01773593076481122,9264477.75602066,21231004.259815842,5997013.514900001
2026-01-11,33,0.017986228142959467,0.01848682289925597,0.018236525521107716,25601601.809269287,0.0,1683391.8751
2026-01-11,34,0.01848682289925597,0.018987417655552473,0.01873712027740422,0.0,0.0,0.0
2026-01-11,35,0.018987417655552473,0.019488012411848974,0.019237715033700725,129074241.33684354,0.0,4113149.5599999996
2026-01-11,36,0.019488012411848974,0.019988607168145475,0.019738309789997223,13543336.393010503,0.0,1366803.6518
2026-01-11,37,0.019988607168145475,0.02048920192444198,0.020238904546293728,12027767.869858297,0.0,1506945.9588
2026-01-11,38,0.02048920192444198,0.02098979668073848,0.020739499302590232,0.0,0.0,0.0
2026-01-11,39,0.02098979668073848,0.021490391437034982,0.02124009405888673,0.0,0.0,0.0
2026-01-11,40,0.021490391437034982,0.021990986193331483,0.021740688815183234,3277162.470598015,0.0,447416.5732
2026-01-11,41,0.021990986193331483,0.022491580949627984,0.022241283571479732,0.0,7956739.961015901,1738136.014
2026-01-11,42,0.022491580949627984,0.02299217570592449,0.022741878327776237,0.0,0.0,0.0
2026-01-11,43,0.02299217570592449,0.02349277046222099,0.02324247308407274,0.0,0.0,0.0
2026-01-11,44,0.02349277046222099,0.02399336521851749,0.02374306784036924,0.0,0.0,0.0
2026-01-11,45,0.02399336521851749,0.024493959974813996,0.024243662596665744,0.0,22668605.319665574,8551475.782
2026-01-11,46,0.024493959974813996,0.024994554731110497,0.02474425735296225,0.0,0.0,0.0
2026-01-11,47,0.024994554731110497,0.025495149487407,0.025244852109258746,0.0,5670261.232135917,2565408.956
2026-01-11,48,0.025495149487407,0.0259957442437035,0.02574544686555525,0.0,0.0,0.0
2026-01-11,49,0.0259957442437035,0.026496339,0.02624604162185175,0.0,14771630.95061538,5034303.169
2026-01-12,0,0.0014666011851749,0.0019671959414714023,0.0017168985633231513,221227109.16229117,0.0,112848848.11767614
2026-01-12,1,0.0019671959414714023,0.0024677906977679043,0.0022174933196196533,64055018.54290323,0.0,60244884.7687767
2026-01-12,2,0.0024677906977679043,0.0029683854540644063,0.0027180880759161553,65432566.81072176,1838210.8281773496,40641918.13278
2026-01-12,3,0.0029683854540644063,0.0034689802103609084,0.0032186828322126573,38547406.60651913,21273022.648798868,35858393.907229766
2026-01-12,4,0.0034689802103609084,0.00396957496665741,0.0037192775885091594,40301526.26013994,3090321.8852622877,40355437.76195
2026-01-12,5,0.00396957496665741,0.004470169722953912,0.004219872344805661,0.0,16097566.560026655,0.0
2026-01-12,6,0.004470169722953912,0.0049707644792504144,0.004720467101102164,45492093.91312352,24878579.34626624,4976998.965977732
2026-01-12,7,0.0049707644792504144,0.0054713592355469165,0.005221061857398665,93047988.72851703,28919009.468021076,16583097.46499
2026-01-12,8,0.0054713592355469165,0.0059719539918434185,0.005721656613695168,110812200.20705342,9372588.756019307,21632508.40084015
2026-01-12,9,0.0059719539918434185,0.0064725487481399205,0.006222251369991669,37991781.310035855,0.0,7621934.004
2026-01-12,10,0.0064725487481399205,0.0069731435044364225,0.006722846126288172,0.0,1018977634.4062997,40476190.48
2026-01-12,11,0.0069731435044364225,0.007473738260732925,0.007223440882584673,75686871.97065715,0.0,2105724.4981
2026-01-12,12,0.007473738260732925,0.007974333017029427,0.007724035638881176,0.0,0.0,0.0
2026-01-12,13,0.007974333017029427,0.008474927773325928,0.008224630395177677,19149977.83185919,59917102.81348437,1090272.0659
2026-01-12,14,0.008474927773325928,0.00897552252962243,0.00872522515147418,34100589.8693739,94604968.20572625,14135328.93565425
2026-01-12,15,0.00897552252962243,0.009476117285918932,0.009225819907770681,8608377.114211893,17481525.71652956,287733.3244
2026-01-12,16,0.009476117285918932,0.009976712042215433,0.009726414664067182,46693544.96590899,0.0,613145.9358
2026-01-12,17,0.009976712042215433,0.010477306798511936,0.010227009420363684,25510521.980543032,0.0,911799.0071
2026-01-12,18,0.010477306798511936,0.010977901554808439,0.010727604176660188,0.0,0.0,0.0
2026-01-12,19,0.010977901554808439,0.01147849631110494,0.01122819893295669,0.0,0.0,0.0
2026-01-12,20,0.01147849631110494,0.011979091067401441,0.01172879368925319,0.0,0.0,0.0
2026-01-12,21,0.011979091067401441,0.012479685823697944,0.012229388445549692,0.0,0.0,0.0
2026-01-12,22,0.012479685823697944,0.012980280579994447,0.012729983201846196,22014049.474914923,0.0,529635.262
2026-01-12,23,0.012980280579994447,0.013480875336290948,0.013230577958142697,5941560.437531573,0.0,462966.4212
2026-01-12,24,0.013480875336290948,0.01398147009258745,0.013731172714439199,0.0,0.0,0.0
2026-01-12,25,0.01398147009258745,0.014482064848883952,0.0142317674707357,34532654.79516186,12619420.011042785,3828048.6454
2026-01-12,26,0.014482064848883952,0.014982659605180455,0.014732362227032204,8112763.615354657,17659028.13080801,3035175.2822
2026-01-12,27,0.014982659605180455,0.015483254361476956,0.015232956983328706,16123195.626276914,0.0,2100828.477
2026-01-12,28,0.015483254361476956,0.01598384911777346,0.015733551739625207,7859111.448189708,5042584.186795804,320934.52665
2026-01-12,29,0.01598384911777346,0.01648444387406996,0.01623414649592171,0.0,0.0,0.0
2026-01-12,30,0.01648444387406996,0.016985038630366465,0.016734741252218212,47598383.78039425,0.0,3076333.1029000003
2026-01-12,31,0.016985038630366465,0.017485633386662966,0.017235336008514714,0.0,0.0,0.0
2026-01-12,32,0.017485633386662966,0.017986228142959467,0.01773593076481122,9262152.94028366,21212096.601975843,5997013.514900001
2026-01-12,33,0.017986228142959467,0.01848682289925597,0.018236525521107716,25601601.809269287,0.0,1683391.8751
2026-01-12,34,0.01848682289925597,0.018987417655552473,0.01873712027740422,0.0,0.0,0.0
2026-01-12,35,0.018987417655552473,0.019488012411848974,0.019237715033700725,128985925.53300352,0.0,4113149.5599999996
2026-01-12,36,0.019488012411848974,0.019988607168145475,0.019738309789997223,7611602.919288215,5926206.013413375,1366803.6518
2026-01-12,37,0.019988607168145475,0.02048920192444198,0.020238904546293728,12027767.869858297,0.0,1506945.9588
2026-01-12,38,0.02048920192444198,0.02098979668073848,0.020739499302590232,0.0,0.0,0.0
2026-01-12,39,0.02098979668073848,0.021490391437034982,0.02124009405888673,0.0,0.0,0.0
2026-01-12,40,0.021490391437034982,0.021990986193331483,0.021740688815183234,3277162.470598015,0.0,447416.5732
2026-01-12,41,0.021990986193331483,0.022491580949627984,0.022241283571479732,0.0,7956739.961015901,1738136.014
2026-01-12,42,0.022491580949627984,0.02299217570592449,0.022741878327776237,0.0,0.0,0.0
2026-01-12,43,0.02299217570592449,0.02349277046222099,0.02324247308407274,0.0,0.0,0.0
2026-01-12,44,0.02349277046222099,0.02399336521851749,0.02374306784036924,0.0,0.0,0.0
2026-01-12,45,0.02399336521851749,0.024493959974813996,0.024243662596665744,0.0,22668605.319665574,8551475.782
2026-01-12,46,0.024493959974813996,0.024994554731110497,0.02474425735296225,0.0,0.0,0.0
2026-01-12,47,0.024994554731110497,0.025495149487407,0.025244852109258746,0.0,5670261.232135917,2565408.956
2026-01-12,48,0.025495149487407,0.0259957442437035,0.02574544686555525,0.0,0.0,0.0
2026-01-12,49,0.0259957442437035,0.026496339,0.02624604162185175,0.0,14760107.153183822,5034303.169
2026-01-13,0,0.0014666011851749,0.0019671959414714023,0.0017168985633231513,223942478.37732115,0.0,120313560.55565622
2026-01-13,1,0.0019671959414714023,0.0024677906977679043,0.0022174933196196533,62320650.212816544,0.0,60244884.7687767
2026-01-13,2,0.0024677906977679043,0.0029683854540644063,0.0027180880759161553,65322679.677140094,1838210.8281773496,40641918.13278
2026-01-13,3,0.0029683854540644063,0.0034689802103609084,0.0032186828322126573,38547354.2541459,21273020.68669813,32253728.8312077
2026-01-13,4,0.0034689802103609084,0.00396957496665741,0.0037192775885091594,40103848.79150109,3090321.8852622877,40355437.76195
2026-01-13,5,0.00396957496665741,0.004470169722953912,0.004219872344805661,0.0,16097566.560026655,0.0
2026-01-13,6,0.004470169722953912,0.0049707644792504144,0.004720467101102164,45486370.07613286,24878579.34626624,4976998.965977732
2026-01-13,7,0.0049707644792504144,0.0054713592355469165,0.005221061857398665,92038312.78457874,28919009.468021076,16583097.46499
2026-01-13,8,0.0054713592355469165,0.0059719539918434185,0.005721656613695168,110559783.94791348,9372588.756019307,21632508.40084015
2026-01-13,9,0.0059719539918434185,0.0064725487481399205,0.006222251369991669,37991252.16585838,0.0,7621934.004
2026-01-13,10,0.0064725487481399205,0.0069731435044364225,0.006722846126288172,0.0,1018936534.4062997,40476190.48
2026-01-13,11,0.0069731435044364225,0.007473738260732925,0.007223440882584673,75183920.60604708,0.0,2105724.4981
2026-01-13,12,0.007473738260732925,0.007974333017029427,0.007724035638881176,0.0,0.0,0.0
2026-01-13,13,0.007974333017029427,0.008474927773325928,0.008224630395177677,19095913.45146115,59917102.81348437,1090272.0659
2026-01-13,14,0.008474927773325928,0.00897552252962243,0.00872522515147418,34033761.0031839,94604968.20572625,13449333.60467508
2026-01-13,15,0.00897552252962243,0.009476117285918932,0.009225819907770681,8542253.982011892,17481525.71652956,287733.3244
2026-01-13,16,0.009476117285918932,0.009976712042215433,0.009726414664067182,46693544.96590899,0.0,613145.9358
2026-01-13,17,0.009976712042215433,0.010477306798511936,0.010227009420363684,25510521.980543032,0.0,911799.0071
2026-01-13,18,0.010477306798511936,0.010977901554808439,0.010727604176660188,0.0,0.0,0.0
2026-01-13,19,0.010977901554808439,0.01147849631110494,0.01122819893295669,0.0,0.0,0.0
2026-01-13,20,0.01147849631110494,0.011979091067401441,0.01172879368925319,0.0,0.0,0.0
2026-01-13,21,0.011979091067401441,0.012479685823697944,0.012229388445549692,0.0,0.0,0.0
2026-01-13,22,0.012479685823697944,0.012980280579994447,0.012729983201846196,22014049.474914923,0.0,529635.262
2026-01-13,23,0.012980280579994447,0.013480875336290948,0.013230577958142697,5789084.458031572,0.0,462966.4212
2026-01-13,24,0.013480875336290948,0.01398147009258745,0.013731172714439199,0.0,0.0,0.0
2026-01-13,25,0.01398147009258745,0.014482064848883952,0.0142317674707357,34532654.79516186,12611138.571430784,3828048.6454
2026-01-13,26,0.014482064848883952,0.014982659605180455,0.014732362227032204,8112763.615354657,17659028.13080801,3035175.2822
2026-01-13,27,0.014982659605180455,0.015483254361476956,0.015232956983328706,16116491.449255044,0.0,2100828.477
2026-01-13,28,0.015483254361476956,0.01598384911777346,0.015733551739625207,7830283.142359708,5042584.186795804,320934.52665
2026-01-13,29,0.01598384911777346,0.01648444387406996,0.01623414649592171,0.0,0.0,0.0
2026-01-13,30,0.01648444387406996,0.016985038630366465,0.016734741252218212,47555488.347144246,0.0,3076333.1029000003
2026-01-13,31,0.016985038630366465,0.017485633386662966,0.017235336008514714,0.0,0.0,0.0
2026-01-13,32,0.017485633386662966,0.017986228142959467,0.01773593076481122,9262152.94028366,21212096.601975843,5997013.514900001
2026-01-13,33,0.017986228142959467,0.01848682289925597,0.018236525521107716,25543873.20325669,0.0,1683391.8751
2026-01-13,34,0.01848682289925597,0.018987417655552473,0.01873712027740422,0.0,0.0,0.0
2026-01-13,35,0.018987417655552473,0.019488012411848974,0.019237715033700725,84735621.99162024,44238439.09391962,4113149.5599999996
2026-01-13,36,0.019488012411848974,0.019988607168145475,0.019738309789997223,7596661.86046712,5926206.013413375,1366803.6518
2026-01-13,37,0.019988607168145475,0.02048920192444198,0.020238904546293728,12027767.869858297,0.0,1506945.9588
2026-01-13,38,0.02048920192444198,0.02098979668073848,0.020739499302590232,0.0,0.0,0.0
2026-01-13,39,0.02098979668073848,0.021490391437034982,0.02124009405888673,0.0,0.0,0.0
2026-01-13,40,0.021490391437034982,0.021990986193331483,0.021740688815183234,3270562.470598015,0.0,447416.5732
2026-01-13,41,0.021990986193331483,0.022491580949627984,0.022241283571479732,0.0,7776805.288315901,1738136.014
2026-01-13,42,0.022491580949627984,0.02299217570592449,0.022741878327776237,0.0,0.0,0.0
2026-01-13,43,0.02299217570592449,0.02349277046222099,0.02324247308407274,0.0,0.0,0.0
2026-01-13,44,0.02349277046222099,0.02399336521851749,0.02374306784036924,0.0,0.0,0.0
2026-01-13,45,0.02399336521851749,0.024493959974813996,0.024243662596665744,0.0,22668605.319665574,8551475.782
2026-01-13,46,0.024493959974813996,0.024994554731110497,0.02474425735296225,0.0,0.0,0.0
2026-01-13,47,0.024994554731110497,0.025495149487407,0.025244852109258746,0.0,5670261.232135917,2565408.956
2026-01-13,48,0.025495149487407,0.0259957442437035,0.02574544686555525,0.0,0.0,0.0
2026-01-13,49,0.0259957442437035,0.026496339,0.02624604162185175,0.0,14760107.153183822,5034303.169
2026-01-14,0,0.0014666011851749,0.0019671959414714023,0.0017168985633231513,251782758.09235448,0.0,130457446.35416274
2026-01-14,1,0.0019671959414714023,0.0024677906977679043,0.0022174933196196533,53585482.66553787,0.0,59245775.19152512
2026-01-14,2,0.0024677906977679043,0.0029683854540644063,0.0027180880759161553,63035955.69348299,1838210.8281773496,40641918.13278
2026-01-14,3,0.0029683854540644063,0.0034689802103609084,0.0032186828322126573,37589674.378057644,21273015.21653573,27051662.931500003
2026-01-14,4,0.0034689802103609084,0.00396957496665741,0.0037192775885091594,36811383.609398566,3090321.8852622877,32641900.546385504
2026-01-14,5,0.00396957496665741,0.004470169722953912,0.004219872344805661,0.0,16097566.560026655,0.0
2026-01-14,6,0.004470169722953912,0.0049707644792504144,0.004720467101102164,44938834.72363286,24878579.34626624,4976998.965977732
2026-01-14,7,0.0049707644792504144,0.0054713592355469165,0.005221061857398665,91725946.68699211,28772988.552521076,16583097.46499
2026-01-14,8,0.0054713592355469165,0.0059719539918434185,0.005721656613695168,110438739.98733518,9288601.220219305,21632508.40084015
2026-01-14,9,0.0059719539918434185,0.0064725487481399205,0.006222251369991669,37975735.41058914,0.0,7621934.004
2026-01-14,10,0.0064725487481399205,0.0069731435044364225,0.006722846126288172,0.0,1018804350.4062996,40476190.48
2026-01-14,11,0.0069731435044364225,0.007473738260732925,0.007223440882584673,75028558.47136806,0.0,2105724.4981
2026-01-14,12,0.007473738260732925,0.007974333017029427,0.007724035638881176,0.0,0.0,0.0
2026-01-14,13,0.007974333017029427,0.008474927773325928,0.008224630395177677,19085340.439535543,59917102.81348437,1090272.0659
2026-01-14,14,0.008474927773325928,0.00897552252962243,0.00872522515147418,33967634.77827581,94604967.39307007,13287576.917954767
2026-01-14,15,0.00897552252962243,0.009476117285918932,0.009225819907770681,8473783.243186012,17481525.71652956,287733.3244
2026-01-14,16,0.009476117285918932,0.009976712042215433,0.009726414664067182,46693544.96590899,0.0,613145.9358
2026-01-14,17,0.009976712042215433,0.010477306798511936,0.010227009420363684,25454483.285223626,0.0,911799.0071
2026-01-14,18,0.010477306798511936,0.010977901554808439,0.010727604176660188,0.0,0.0,0.0
2026-01-14,19,0.010977901554808439,0.01147849631110494,0.01122819893295669,0.0,0.0,0.0
2026-01-14,20,0.01147849631110494,0.011979091067401441,0.01172879368925319,0.0,0.0,0.0
2026-01-14,21,0.011979091067401441,0.012479685823697944,0.012229388445549692,0.0,0.0,0.0
2026-01-14,22,0.012479685823697944,0.012980280579994447,0.012729983201846196,22014049.474914923,0.0,529635.262
2026-01-14,23,0.012980280579994447,0.013480875336290948,0.013230577958142697,0.0,5789084.458031572,462966.4212
2026-01-14,24,0.013480875336290948,0.01398147009258745,0.013731172714439199,0.0,0.0,0.0
2026-01-14,25,0.01398147009258745,0.014482064848883952,0.0142317674707357,34404771.934152946,12609914.893860783,3828048.6454
2026-01-14,26,0.014482064848883952,0.014982659605180455,0.014732362227032204,8112763.615354657,17659028.13080801,3035175.2822
2026-01-14,27,0.014982659605180455,0.015483254361476956,0.015232956983328706,16116491.449255044,0.0,2100828.477
2026-01-14,28,0.015483254361476956,0.01598384911777346,0.015733551739625207,7761396.02911658,5042584.186795804,320934.52665
2026-01-14,29,0.01598384911777346,0.01648444387406996,0.01623414649592171,0.0,0.0,0.0
2026-01-14,30,0.01648444387406996,0.016985038630366465,0.016734741252218212,47529622.58358425,0.0,3076333.1029000003
2026-01-14,31,0.016985038630366465,0.017485633386662966,0.017235336008514714,0.0,0.0,0.0
2026-01-14,32,0.017485633386662966,0.017986228142959467,0.01773593076481122,9250807.3360967,21199891.855925843,5997013.514900001
2026-01-14,33,0.017986228142959467,0.01848682289925597,0.018236525521107716,25543873.20325669,0.0,1683391.8751
2026-01-14,34,0.01848682289925597,0.018987417655552473,0.01873712027740422,0.0,0.0,0.0
2026-01-14,35,0.018987417655552473,0.019488012411848974,0.019237715033700725,84725650.22001925,44238439.09391962,4113149.5599999996
2026-01-14,36,0.019488012411848974,0.019988607168145475,0.019738309789997223,7596237.028645019,5926206.013413375,1366803.6518
2026-01-14,37,0.019988607168145475,0.02048920192444198,0.020238904546293728,12027767.869858297,0.0,1506945.9588
2026-01-14,38,0.02048920192444198,0.02098979668073848,0.020739499302590232,0.0,0.0,0.0
2026-01-14,39,0.02098979668073848,0.021490391437034982,0.02124009405888673,0.0,0.0,0.0
2026-01-14,40,0.021490391437034982,0.021990986193331483,0.021740688815183234,3269519.934121015,0.0,447416.5732
2026-01-14,41,0.021990986193331483,0.022491580949627984,0.022241283571479732,0.0,7743213.8157059,1738136.014
2026-01-14,42,0.022491580949627984,0.02299217570592449,0.022741878327776237,0.0,0.0,0.0
2026-01-14,43,0.02299217570592449,0.02349277046222099,0.02324247308407274,0.0,0.0,0.0
2026-01-14,44,0.02349277046222099,0.02399336521851749,0.02374306784036924,0.0,0.0,0.0
2026-01-14,45,0.02399336521851749,0.024493959974813996,0.024243662596665744,0.0,22668605.319665574,8551475.782
2026-01-14,46,0.024493959974813996,0.024994554731110497,0.02474425735296225,0.0,0.0,0.0
2026-01-14,47,0.024994554731110497,0.025495149487407,0.025244852109258746,0.0,5652588.096315917,2565408.956
2026-01-14,48,0.025495149487407,0.0259957442437035,0.02574544686555525,0.0,0.0,0.0
2026-01-14,49,0.0259957442437035,0.026496339,0.02624604162185175,0.0,14654628.08458382,5034303.169
2026-01-15,0,0.0014666011851749,0.0019671959414714023,0.0017168985633231513,257621694.47633865,0.0,132324053.18848923
2026-01-15,1,0.0019671959414714023,0.0024677906977679043,0.0022174933196196533,51170481.45711989,0.0,59245775.19152512
2026-01-15,2,0.0024677906977679043,0.0029683854540644063,0.0027180880759161553,63021252.33059982,1838210.8281773496,40641918.13278
2026-01-15,3,0.0029683854540644063,0.0034689802103609084,0.0032186828322126573,36999966.127506636,21273015.21653573,27051662.931500003
2026-01-15,4,0.0034689802103609084,0.00396957496665741,0.0037192775885091594,36404250.53751727,3090321.8852622877,31589651.157052368
2026-01-15,5,0.00396957496665741,0.004470169722953912,0.004219872344805661,0.0,16096123.456170656,0.0
2026-01-15,6,0.004470169722953912,0.0049707644792504144,0.004720467101102164,44773761.77233586,24878579.34626624,4976998.965977732
2026-01-15,7,0.0049707644792504144,0.0054713592355469165,0.005221061857398665,91640924.02246132,28750985.801511083,16583097.46499
2026-01-15,8,0.0054713592355469165,0.0059719539918434185,0.005721656613695168,110126323.21744847,9279763.110295305,21632508.40084015
2026-01-15,9,0.0059719539918434185,0.0064725487481399205,0.006222251369991669,37974578.02248037,0.0,7621934.004
2026-01-15,10,0.0064725487481399205,0.0069731435044364225,0.006722846126288172,0.0,1018734630.7700456,40476190.48
2026-01-15,11,0.0069731435044364225,0.007473738260732925,0.007223440882584673,74830913.03416806,0.0,2105724.4981
2026-01-15,12,0.007473738260732925,0.007974333017029427,0.007724035638881176,0.0,0.0,0.0
2026-01-15,13,0.007974333017029427,0.008474927773325928,0.008224630395177677,17770730.222042244,59917102.81348437,1090272.0659
2026-01-15,14,0.008474927773325928,0.00897552252962243,0.00872522515147418,33967634.77827581,94604967.39307007,13287555.973642146
2026-01-15,15,0.00897552252962243,0.009476117285918932,0.009225819907770681,8473408.077606313,17466523.12342956,287733.3244
2026-01-15,16,0.009476117285918932,0.009976712042215433,0.009726414664067182,46684482.43207699,0.0,613145.9358
2026-01-15,17,0.009976712042215433,0.010477306798511936,0.010227009420363684,25454483.285223626,0.0,911799.0071
2026-01-15,18,0.010477306798511936,0.010977901554808439,0.010727604176660188,0.0,0.0,0.0
2026-01-15,19,0.010977901554808439,0.01147849631110494,0.01122819893295669,0.0,0.0,0.0
2026-01-15,20,0.01147849631110494,0.011979091067401441,0.01172879368925319,0.0,0.0,0.0
2026-01-15,21,0.011979091067401441,0.012479685823697944,0.012229388445549692,0.0,0.0,0.0
2026-01-15,22,0.012479685823697944,0.012980280579994447,0.012729983201846196,21817940.178666644,0.0,529635.262
2026-01-15,23,0.012980280579994447,0.013480875336290948,0.013230577958142697,0.0,5789084.458031572,462966.4212
2026-01-15,24,0.013480875336290948,0.01398147009258745,0.013731172714439199,0.0,0.0,0.0
2026-01-15,25,0.01398147009258745,0.014482064848883952,0.0142317674707357,34400693.58628494,12609914.893860783,3828048.6454
2026-01-15,26,0.014482064848883952,0.014982659605180455,0.014732362227032204,8112763.615354657,17659028.13080801,3035175.2822
2026-01-15,27,0.014982659605180455,0.015483254361476956,0.015232956983328706,15754436.108255045,0.0,2100828.477
2026-01-15,28,0.015483254361476956,0.01598384911777346,0.015733551739625207,7761396.02911658,5042584.186795804,320934.52665
2026-01-15,29,0.01598384911777346,0.01648444387406996,0.01623414649592171,0.0,0.0,0.0
2026-01-15,30,0.01648444387406996,0.016985038630366465,0.016734741252218212,39820028.329890765,7704890.801098867,3076333.1029000003
2026-01-15,31,0.016985038630366465,0.017485633386662966,0.017235336008514714,0.0,0.0,0.0
2026-01-15,32,0.017485633386662966,0.017986228142959467,0.01773593076481122,9250807.3360967,21188402.4728065,5997013.514900001
2026-01-15,33,0.017986228142959467,0.01848682289925597,0.018236525521107716,25543873.20325669,0.0,1683391.8751
2026-01-15,34,0.01848682289925597,0.018987417655552473,0.01873712027740422,0.0,0.0,0.0
2026-01-15,35,0.018987417655552473,0.019488012411848974,0.019237715033700725,84587705.56101924,44238439.09391962,4113149.5599999996
2026-01-15,36,0.019488012411848974,0.019988607168145475,0.019738309789997223,7594943.639111019,5926206.013413375,1366803.6518
2026-01-15,37,0.019988607168145475,0.02048920192444198,0.020238904546293728,12027767.869858297,0.0,1506945.9588
2026-01-15,38,0.02048920192444198,0.02098979668073848,0.020739499302590232,0.0,0.0,0.0
2026-01-15,39,0.02098979668073848,0.021490391437034982,0.02124009405888673,0.0,0.0,0.0
2026-01-15,40,0.021490391437034982,0.021990986193331483,0.021740688815183234,3269519.934121015,0.0,447416.5732
2026-01-15,41,0.021990986193331483,0.022491580949627984,0.022241283571479732,0.0,7742030.2150589,1738136.014
2026-01-15,42,0.022491580949627984,0.02299217570592449,0.022741878327776237,0.0,0.0,0.0
2026-01-15,43,0.02299217570592449,0.02349277046222099,0.02324247308407274,0.0,0.0,0.0
2026-01-15,44,0.02349277046222099,0.02399336521851749,0.02374306784036924,0.0,0.0,0.0
2026-01-15,45,0.02399336521851749,0.024493959974813996,0.024243662596665744,0.0,22668605.319665574,8551475.782
2026-01-15,46,0.024493959974813996,0.024994554731110497,0.02474425735296225,0.0,0.0,0.0
2026-01-15,47,0.024994554731110497,0.025495149487407,0.025244852109258746,0.0,5652588.096315917,2565408.956
2026-01-15,48,0.025495149487407,0.0259957442437035,0.02574544686555525,0.0,0.0,0.0
2026-01-15,49,0.0259957442437035,0.026496339,0.02624604162185175,0.0,14649129.788052822,5034303.169
2026-01-16,0,0.0014666011851749,0.0019671959414714023,0.0017168985633231513,357117004.13492244,0.0,141096148.66427875
2026-01-16,1,0.0019671959414714023,0.0024677906977679043,0.0022174933196196533,49838625.05973369,0.0,59245775.19152512
2026-01-16,2,0.0024677906977679043,0.0029683854540644063,0.0027180880759161553,62629994.474695094,1838210.8281773496,40641918.13278
2026-01-16,3,0.0029683854540644063,0.0034689802103609084,0.0032186828322126573,36014311.36189869,4572917.256535726,27051662.931500003
2026-01-16,4,0.0034689802103609084,0.00396957496665741,0.0037192775885091594,36404250.53751727,3090321.8852622877,25765761.26634021
2026-01-16,5,0.00396957496665741,0.004470169722953912,0.004219872344805661,0.0,16096123.456170656,0.0
2026-01-16,6,0.004470169722953912,0.0049707644792504144,0.004720467101102164,44745575.288085856,23917190.39026624,4976998.965977732
2026-01-16,7,0.0049707644792504144,0.0054713592355469165,0.005221061857398665,90748162.6871516,27262740.039861083,14974740.22299
2026-01-16,8,0.0054713592355469165,0.0059719539918434185,0.005721656613695168,99235818.45274402,9279763.110295305,16235668.777429314
2026-01-16,9,0.0059719539918434185,0.0064725487481399205,0.006222251369991669,37728120.05273219,0.0,6541099.677999999
2026-01-16,10,0.0064725487481399205,0.0069731435044364225,0.006722846126288172,0.0,1009566996.2002553,40476190.48
2026-01-16,11,0.0069731435044364225,0.007473738260732925,0.007223440882584673,74043936.25052805,0.0,2105724.4981
2026-01-16,12,0.007473738260732925,0.007974333017029427,0.007724035638881176,0.0,0.0,0.0
2026-01-16,13,0.007974333017029427,0.008474927773325928,0.008224630395177677,17721338.563642245,59917102.81348437,1090272.0659
2026-01-16,14,0.008474927773325928,0.00897552252962243,0.00872522515147418,33942844.08957942,94582831.61995107,13232257.968879431
2026-01-16,15,0.00897552252962243,0.009476117285918932,0.009225819907770681,8286923.338806312,17466523.12342956,287733.3244
2026-01-16,16,0.009476117285918932,0.009976712042215433,0.009726414664067182,46684482.43207699,0.0,613145.9358
2026-01-16,17,0.009976712042215433,0.010477306798511936,0.010227009420363684,25346754.144623622,0.0,911799.0071
2026-01-16,18,0.010477306798511936,0.010977901554808439,0.010727604176660188,0.0,0.0,0.0
2026-01-16,19,0.010977901554808439,0.01147849631110494,0.01122819893295669,0.0,0.0,0.0
2026-01-16,20,0.01147849631110494,0.011979091067401441,0.01172879368925319,0.0,0.0,0.0
2026-01-16,21,0.011979091067401441,0.012479685823697944,0.012229388445549692,0.0,0.0,0.0
2026-01-16,22,0.012479685823697944,0.012980280579994447,0.012729983201846196,0.0,21817940.178666644,529635.262
2026-01-16,23,0.012980280579994447,0.013480875336290948,0.013230577958142697,0.0,5789084.458031572,462966.4212
2026-01-16,24,0.013480875336290948,0.01398147009258745,0.013731172714439199,0.0,0.0,0.0
2026-01-16,25,0.01398147009258745,0.014482064848883952,0.0142317674707357,34400693.58628494,12603310.523427784,3828048.6454
2026-01-16,26,0.014482064848883952,0.014982659605180455,0.014732362227032204,8112669.262012007,17659028.13080801,3035175.2822
2026-01-16,27,0.014982659605180455,0.015483254361476956,0.015232956983328706,15428476.973344045,0.0,2100828.477
2026-01-16,28,0.015483254361476956,0.01598384911777346,0.015733551739625207,7761396.02911658,4950395.771895803,320934.52665
2026-01-16,29,0.01598384911777346,0.01648444387406996,0.01623414649592171,0.0,0.0,0.0
2026-01-16,30,0.01648444387406996,0.016985038630366465,0.016734741252218212,33128784.058275804,7704890.801098867,3076333.1029000003
2026-01-16,31,0.016985038630366465,0.017485633386662966,0.017235336008514714,0.0,0.0,0.0
2026-01-16,32,0.017485633386662966,0.017986228142959467,0.01773593076481122,9064600.747546235,21154428.792802498,5997013.514900001
2026-01-16,33,0.017986228142959467,0.01848682289925597,0.018236525521107716,25539706.37695269,0.0,1683391.8751
2026-01-16,34,0.01848682289925597,0.018987417655552473,0.01873712027740422,0.0,0.0,0.0
2026-01-16,35,0.018987417655552473,0.019488012411848974,0.019237715033700725,84587705.56101924,20738179.286989614,4113149.5599999996
2026-01-16,36,0.019488012411848974,0.019988607168145475,0.019738309789997223,7593969.46603592,5926206.013413375,1366803.6518
2026-01-16,37,0.019988607168145475,0.02048920192444198,0.020238904546293728,10484998.058600131,0.0,1506945.9588
2026-01-16,38,0.02048920192444198,0.02098979668073848,0.020739499302590232,0.0,0.0,0.0
2026-01-16,39,0.02098979668073848,0.021490391437034982,0.02124009405888673,0.0,0.0,0.0
2026-01-16,40,0.021490391437034982,0.021990986193331483,0.021740688815183234,3269519.934121015,0.0,447416.5732
2026-01-16,41,0.021990986193331483,0.022491580949627984,0.022241283571479732,0.0,7637849.3318589,1738136.014
2026-01-16,42,0.022491580949627984,0.02299217570592449,0.022741878327776237,0.0,0.0,0.0
2026-01-16,43,0.02299217570592449,0.02349277046222099,0.02324247308407274,0.0,0.0,0.0
2026-01-16,44,0.02349277046222099,0.02399336521851749,0.02374306784036924,0.0,0.0,0.0
2026-01-16,45,0.02399336521851749,0.024493959974813996,0.024243662596665744,0.0,21622819.716705576,8551475.782
2026-01-16,46,0.024493959974813996,0.024994554731110497,0.02474425735296225,0.0,0.0,0.0
2026-01-16,47,0.024994554731110497,0.025495149487407,0.025244852109258746,0.0,5652588.096315917,2565408.956
2026-01-16,48,0.025495149487407,0.0259957442437035,0.02574544686555525,0.0,0.0,0.0
2026-01-16,49,0.0259957442437035,0.026496339,0.02624604162185175,0.0,14649129.788052822,5034303.169
