day,price,market_cap,buyers,total_buy_qty,total_buy_usd,avg_buy_usd,ratio_pct,bucket
2020-09-17,3.443832391,219913212.5,73686,79463204.22292162,273657956.5955455,3713.8392177014016,0.0016887749378411,Small Whale Orders
2020-09-18,3.443832391,219913212.5,31967,62849487.64676659,216443101.31568912,6770.829333865834,0.0030788642741808,Small Whale Orders
2020-09-19,7.097694014,732822061.0,12520,26691826.062392984,189450414.06577587,15131.822209726508,0.0020648699070382,Small Whale Orders
2020-09-20,5.702060554,647208421.1,8518,14676217.581573809,83684681.35381329,9824.451908172492,0.0015179734360493,Small Whale Orders
2020-09-21,5.256579383,632421347.5,6364,10397668.246331826,54656168.53494164,8588.335722020998,0.0013580085106189,Small Whale Orders
2020-09-22,4.294819486,526520586.5,5160,12526167.607726997,53797628.72656789,10425.897040032538,0.0019801499328521,Small Whale Orders
2020-09-23,3.908448812,487186362.8,5367,8506126.624482417,33245760.50017988,6194.477454849986,0.0012714800593449,Small Whale Orders
2020-09-24,4.342896875,558449301.6,4417,10560442.22137264,45862911.5218173,10383.271795747632,0.0018593042852768,Small Whale Orders
2020-09-25,5.138560549,670712373.9,4217,4989794.981087555,25640363.63741472,6080.2379979641255,0.0009065343408843,Normal
2020-09-26,4.908146351,646853075.5,4616,14417922.634695634,70765274.36848168,15330.432055563622,0.0023700021900202,Small Whale Orders
2020-09-27,4.868443821,691125372.2,3590,3605334.839330972,17552370.1211769,4889.239588071559,0.0007074316447836,Normal
2020-09-28,4.844985391,689402232.1,3446,13544811.412478214,65624413.41730702,19043.64869916048,0.0027623421875428,Small Whale Orders
2020-09-29,4.251913706,622352706.3,2878,8701896.929413257,36999714.82237154,12856.051015417492,0.0020657178614758,Small Whale Orders
2020-09-30,4.341487121,641030584.1,2723,5067921.636891847,22002316.51680319,8080.174996989787,0.0012604975795865,Small Whale Orders
2020-10-01,4.153261218,620840802.3,2751,3719141.9545340585,15446568.044003025,5614.892055253735,0.0009044012626832,Normal
2020-10-02,4.243965218,636514926.1,2609,18518409.9414156,78591487.6840332,30123.222569579608,0.0047325241458433,Small Whale Orders
2020-10-03,3.900844836,643770086.0,2096,16980615.392395973,66238745.86552995,31602.455088516195,0.0049089660696841,Small Whale Orders
2020-10-04,3.894488447,704073930.2,2179,4356707.744728081,16967147.978798937,7786.667268838429,0.0011059445513948,Small Whale Orders
2020-10-05,3.72120773,676286308.2,2375,3375189.1731694485,12559780.04141046,5288.328438488616,0.000781965918039,Normal
2020-10-06,3.32152359,604064456.4,2739,5606894.894681955,18623433.65933668,6799.3551147633,0.0011256009259814,Small Whale Orders
2020-10-07,2.692316035,484435475.8,2742,5725488.507161172,15414824.516038235,5621.744900086885,0.0011604734130594,Small Whale Orders
2020-10-08,2.963310646,540709193.0,2410,4309308.837085667,12769820.75383784,5298.680810721095,0.0009799501986127,Normal
2020-10-09,3.308742648,603384806.4,2147,2763768.1810260946,9144597.649746424,4259.244364111049,0.0007058918817533,Normal
2020-10-10,3.406370228,624766817.7,1899,1569254.8388565972,5345462.963226051,2814.8830770016066,0.0004505493885485,Normal
2020-10-11,3.298512186,605086419.1,1606,1573704.2171776292,5190882.537520001,3232.1809075467004,0.000534168476687,Normal
2020-10-12,3.374035991,620284007.0,1807,3264744.306253406,11015364.79071132,6095.940670011798,0.0009827660557451,Normal
2020-10-13,3.449721634,636858098.8,1513,4109918.620232446,14178075.178195298,9370.836205020025,0.0014714166660794,Small Whale Orders
2020-10-14,3.349952701,619474718.5,1895,4386273.774430001,14693809.677977243,7753.989275977438,0.0012517039104925,Small Whale Orders
2020-10-15,3.122753139,577560863.2,1826,6909901.741921907,21577917.3547682,11817.041267671524,0.0020460252798637,Small Whale Orders
2020-10-16,3.07752357,573329621.3,2075,4545721.520654932,13989565.122471793,6741.959095167129,0.0011759307115303,Small Whale Orders
2020-10-17,3.035579229,568053942.0,1702,5682425.641005878,17249453.24617446,10134.81389316948,0.0017841287849331,Small Whale Orders
2020-10-18,3.072774172,573608919.3,1624,1741881.3190479183,5352407.927859736,3295.817689568803,0.0005745757394412,Normal
2020-10-19,3.26603256,658475452.7,1549,4874390.615263631,15919918.459609453,10277.545809948,0.0015608092553497,Small Whale Orders
2020-10-20,3.170928183,638986846.2,1745,7985348.750610978,25320967.40439619,14510.583039768591,0.0022708735126648,Small Whale Orders
2020-10-21,2.853285481,574630017.2,1915,2365518.521664188,6749499.652901012,3524.5428996872124,0.0006133586471624,Normal
2020-10-22,2.931042631,590704390.9,1985,2263499.762179512,6634414.298206511,3342.274205645597,0.0005658116406673,Normal
2020-10-23,3.030530337,613902134.5,1535,3245178.4809176363,9834611.835400471,6406.913247817897,0.001043637558458,Small Whale Orders
2020-10-24,3.008704208,608790596.9,1638,1553672.6280451836,4674541.373853963,2853.8103625482067,0.000468767155255,Normal
2020-10-25,2.941282437,594863487.5,1636,1994882.6128721947,5867513.193117657,3586.499506795634,0.000602911353976,Normal
2020-10-26,2.772325305,582236710.7,1697,3186066.3503484777,8832812.36648008,5204.957198868639,0.0008939589522981,Normal
2020-10-27,2.710675936,569460992.2,1570,2425142.1018269463,6573774.336802765,4187.117411976284,0.000735277300698,Normal
2020-10-28,2.817177653,595487146.9,1391,1846169.394246362,5200987.161123398,3739.027434308697,0.000627893893894,Normal
2020-10-29,2.670454129,563330287.0,1393,2819794.900752395,7530132.935647378,5405.694856889719,0.000959595992198,Normal
2020-10-30,2.537363185,536652174.2,2138,2959103.665533068,7508320.701522158,3511.8431718999805,0.0006543983870251,Normal
2020-10-31,2.409993546,509800102.7,1672,3987693.988700361,9610316.776190866,5747.79711494669,0.0011274609566583,Small Whale Orders
2020-11-01,2.261015577,479933274.3,1362,2958153.1550491657,6688430.36271786,4910.741822847181,0.0010232134519136,Small Whale Orders
2020-11-02,2.373798479,505102350.9,1667,2975706.1769122533,7063726.796705212,4237.388600303067,0.0008389168240363,Normal
2020-11-03,2.251773696,482105416.9,1550,2397175.497639485,5397896.730280302,3482.514019535679,0.0007223552977124,Normal
2020-11-04,2.13733738,459013051.1,1654,3627835.751624984,7753908.960448473,4687.973978505727,0.0010213160534915,Small Whale Orders
2020-11-05,1.928176582,411540818.4,2083,19136448.406436898,36898451.67994285,17714.091060942315,0.0043043339248368,Small Whale Orders
2020-11-06,2.20690389,472797950.4,1990,7149179.352782036,15777551.723962355,7928.417951739878,0.0016769146196662,Small Whale Orders
2020-11-07,2.548690166,546090935.5,1708,3961561.112655991,10096791.849834342,5911.470638076313,0.0010825066401557,Small Whale Orders
2020-11-08,2.481258831,535529641.5,1340,2319619.260066119,5755575.773596744,4295.2058011916,0.000802048190864,Normal
2020-11-09,2.876834452,620585818.9,1152,3976499.764662544,11439731.5213511,9930.322501172828,0.0016001529842841,Small Whale Orders
2020-11-10,2.672774633,573849148.4,1512,3377608.732642167,9027586.940805262,5970.626283601364,0.0010404522338751,Small Whale Orders
2020-11-11,3.04991478,656695053.0,1474,2278164.807933139,6948208.518991142,4713.845670957356,0.0007178134888367,Normal
2020-11-12,2.937599987,630203163.1,1580,3321050.4234154355,9755917.680651529,6174.631443450334,0.0009797842671999,Normal
2020-11-13,2.962134317,638318912.7,2190,5887424.298573384,17439341.553543873,7963.169659152453,0.0012475221242418,Small Whale Orders
2020-11-14,3.887205642,837054899.1,2091,5809821.060055802,22583969.203659333,10800.559160047504,0.0012903047544026,Small Whale Orders
2020-11-15,3.811713208,824295399.0,2414,3431739.255800073,13080805.847745229,5418.726531791727,0.0006573767775927,Normal
2020-11-16,3.86646065,832451942.7,2172,3997333.7646070686,15455533.705769593,7115.807415179371,0.0008548009861205,Normal
2020-11-17,3.577758752,770626828.1,3549,3651230.322781208,13063221.242898252,3680.8174817971967,0.0004776394160676,Normal
2020-11-18,3.828887677,823469580.5,2189,4353041.719782603,16667307.798342494,7614.119597232752,0.0009246388424706,Normal
2020-11-19,3.464279444,744366290.5,2092,3072279.026541407,10643233.077879729,5087.587513326829,0.0006834790315275,Normal
2020-11-20,3.729226708,801066288.4,2009,4647554.923880594,17331785.94903242,8627.071154321762,0.001076948472211,Small Whale Orders
2020-11-21,3.841956262,823599938.8,1794,6748732.003098438,25928333.17986385,14452.805562911846,0.00175483324877,Small Whale Orders
2020-11-22,3.822497996,819420815.6,1451,2142954.264634653,8191438.382085616,5645.374487998357,0.0006889469220847,Normal
2020-11-23,3.682139733,798274699.7,1656,4794549.921902758,17654202.76929019,10660.750464547216,0.0013354739250227,Small Whale Orders
2020-11-24,4.160502959,888267428.9,1912,2959464.87677948,12312862.376897596,6439.781577875312,0.0007249822934349,Normal
2020-11-25,4.053213193,875380216.2,1484,2162843.3481355584,8766465.19305534,5907.321558662628,0.000674829228413,Normal
2020-11-26,3.675659185,787449062.6,1346,3576582.7237490183,13146299.139460398,9766.9384394208,0.0012403263783402,Small Whale Orders
2020-11-27,3.425366372,733369987.4,1118,1796028.5568130617,6152055.821659151,5502.733293076164,0.0007503352179143,Normal
2020-11-28,3.320959567,713179854.7,1178,1899607.6915461053,6308520.336786824,5355.280421720564,0.0007509018077877,Normal
2020-11-29,3.462034853,743811283.7,1052,1231362.3783225522,4263019.470425648,4052.299876830464,0.0005448021515178,Normal
2020-11-30,3.542126808,759264594.5,1266,2359035.026521377,8356001.208452359,6600.31691030992,0.0008693039235757,Normal
2020-12-01,3.753490456,809636090.6,1172,2092380.87252006,7853731.635320998,6701.136207611773,0.000827672615563,Normal
2020-12-02,3.561032872,766671246.7,1220,2114483.369270469,7529744.785269457,6171.921955138899,0.0008050284892911,Normal
2020-12-03,3.971723537,857916551.0,1260,1791934.3087752988,7117067.670920679,5648.4664054926025,0.0006583934531754,Normal
2020-12-04,3.882325903,836700609.7,1192,1734527.6206175575,6734001.5109925,5649.330126671561,0.000675191348157,Normal
2020-12-05,3.534025765,757755073.9,1090,994703.3669992952,3515307.3275077594,3225.052594043816,0.0004256062024692,Normal
2020-12-06,3.683339556,792687386.3,1076,1036346.7279235836,3817216.8966921056,3547.599346368128,0.000447540784385,Normal
2020-12-07,3.638493356,781382593.7,1050,1871715.626218472,6810224.870317288,6485.9284479212265,0.0008300579639493,Normal
2020-12-08,3.760556589,808737480.2,1185,2412073.593831232,9070739.246434947,7654.63227547253,0.0009464915949709,Normal
2020-12-09,3.291382071,715633175.9,1097,6825751.855340597,22466157.277763028,20479.63288766001,0.0028617500665622,Small Whale Orders
2020-12-10,3.361203999,723460573.7,833,1126534.402504843,3786511.938710354,4545.63257948422,0.0006283179408431,Normal
2020-12-11,3.242646201,698376510.5,1131,2919497.1919954387,9466896.478454176,8370.37708086134,0.0011985479114795,Small Whale Orders
2020-12-12,2.969937982,640057166.1,906,1228903.1958524531,3649766.2775633847,4028.439599959586,0.0006293874693264,Normal
2020-12-13,3.118612138,671894509.6,939,1402070.0133655432,4372512.562007606,4656.562898836642,0.0006930497023422,Normal
2020-12-14,3.330154879,716172377.6,806,2456732.070326418,8181298.290393293,10150.4941568155,0.001417325559362,Small Whale Orders
2020-12-15,3.493033578,749375717.9,816,2978037.221361148,10402384.010748308,12748.019621015084,0.0017011519477491,Small Whale Orders
2020-12-16,3.333949273,718477508.3,930,4456562.551526977,14857953.478742387,15976.29406316386,0.0022236317600206,Small Whale Orders
2020-12-17,3.525317977,757153519.1,1168,4057973.651446196,14305647.463635609,12247.985842153772,0.0016176357281826,Small Whale Orders
2020-12-18,3.689865087,790423837.0,1046,7215208.691704044,26623146.64693769,25452.33905060965,0.0032200874846098,Small Whale Orders
2020-12-19,3.770222155,809123722.4,1438,3053129.377105569,11510976.019644769,8004.851195858671,0.0009893235081669,Normal
2020-12-20,3.963091076,850581432.2,1058,2157917.919319819,8552025.248796863,8083.199668049965,0.0009503146156321,Normal
2020-12-21,3.764153267,810382324.7,911,1767730.1729546778,6654007.305701826,7304.069490342289,0.0009013115498349,Normal
2020-12-22,3.528268791,759874427.5,1064,2198623.043859849,7757333.068824131,7290.726568443732,0.0009594646568684,Normal
2020-12-23,3.753702102,805673159.6,1015,2324843.8231053646,8726771.145612322,8597.804084347115,0.0010671578147912,Small Whale Orders
2020-12-24,3.319324986,721651796.5,1006,2240270.686029915,7436186.463542459,7391.835450837434,0.0010242939166351,Small Whale Orders
2020-12-25,3.512335267,753575318.7,1098,1209698.3884053566,4248866.312029198,3869.641449935517,0.0005135042714258,Normal
2020-12-26,3.501560971,753044951.9,1284,1310949.976989308,4590371.274359108,3575.0555096254734,0.0004747466270911,Normal
2020-12-27,3.416389638,732677812.5,1110,2096405.549307079,7162138.195698403,6452.376752881444,0.0008806567692919,Normal
2020-12-28,3.600298204,779517935.1,1162,3214703.2130719004,11573890.204415793,9960.31859244044,0.0012777536146314,Small Whale Orders
2020-12-29,3.735391663,804350306.1,1180,2392153.23802816,8935629.26194884,7572.567171143085,0.000941451394214,Normal
2020-12-30,3.673955201,795250241.4,1404,2755776.975516788,10124601.151995951,7211.254381763498,0.0009067905932437,Normal
2020-12-31,4.148643644,895773489.9,2047,4101260.922391865,17014670.058066584,8312.002959485386,0.0009279134796022,Normal
2021-01-01,5.171078272,1099631636.0,1772,2797351.2786315605,14465322.41608308,8163.274501175553,0.0007423644640554,Normal
2021-01-02,4.744909771,1022200636.0,1665,2234818.397409121,10604011.650277102,6368.775765932193,0.0006230455687108,Normal
2021-01-03,4.863888595,1044423166.0,1706,2357828.996651449,11468217.565773277,6722.284622375895,0.0006436361085441,Normal
2021-01-04,5.414757448,1202761113.0,1779,2781945.488983922,15063560.056405695,8467.431172796907,0.0007039994127908,Normal
2021-01-05,5.268842432,1126797183.0,1811,2982493.041915765,15714285.892390534,8677.131911866667,0.0007700704299565,Normal
2021-01-06,6.33003954,1362188548.0,1961,2299704.872665118,14557222.774300862,7423.367044518543,0.0005449588498903,Normal
2021-01-07,6.406673146,1373830072.0,1627,1836183.3411412071,11763826.50282193,7230.378919988893,0.0005262935400346,Normal
2021-01-08,6.280021033,1347490393.0,1385,4571146.440647287,28706895.79218805,20727.00057197693,0.0015381928271734,Small Whale Orders
2021-01-09,5.903025778,1270376212.0,1424,1277423.9387502938,7540666.439877277,5295.411825756515,0.0004168380811712,Normal
2021-01-10,6.26280143,1357012422.0,1527,2163476.9888764904,13549426.779707778,8873.232992604962,0.0006538800123529,Normal
2021-01-11,6.018278998,1303546946.0,1123,2936610.18951608,17673339.428877424,15737.613026605008,0.0012072916188324,Small Whale Orders
2021-01-12,5.236977252,1121096312.0,1171,2641585.92203317,13833925.382891156,11813.770608788349,0.0010537694649724,Small Whale Orders
2021-01-13,5.559993812,1195720708.0,1176,1925369.13675944,10705040.486198269,9102.925583501928,0.0007612919574444,Normal
2021-01-14,6.334450386,1358006366.0,1486,2480084.3493553405,15709971.264086496,10571.986045818638,0.0007784931139136,Normal
2021-01-15,6.829704203,1455037823.0,1603,5040971.988060974,34428347.5740653,21477.447020627136,0.0014760748264498,Small Whale Orders
2021-01-16,7.368167683,1602472033.0,2226,3425146.3149368875,25237052.38726452,11337.399994278758,0.0007074944061927,Normal
2021-01-17,8.42417155,1813071126.0,2029,3427876.813181338,28877022.32650689,14232.145059885112,0.000784974447819,Normal
2021-01-18,8.671467057,1885359961.0,1977,2996009.6678601084,25979799.13730244,13141.021313759453,0.0006970033089484,Normal
2021-01-19,9.188609041,1956879125.0,1847,10153270.976176145,93294437.48741502,50511.33594337575,0.0025812190082704,Small Whale Orders
2021-01-20,8.621007459,1873169648.0,1579,2108490.462479896,18177312.00426954,11511.913872241634,0.0006145686742539,Normal
2021-01-21,9.032074484,1935928979.0,1252,3306157.486559305,29861460.67443788,23851.006928464754,0.0012320186942387,Small Whale Orders
2021-01-22,7.637283629,1646769127.0,1301,2058328.5467674783,15720038.913330622,12083.042977194944,0.0007337423794923,Normal
2021-01-23,8.711255876,1878962889.0,1434,3322157.3510521967,28940162.74535004,20181.4245086123,0.0010740725443147,Small Whale Orders
2021-01-24,9.298225616,1999895065.0,2672,5468596.433950532,50848243.44572509,19030.03122968753,0.000951551487012,Normal
2021-01-25,12.008801,3457719717.0,2797,3561047.97020839,42763916.425686486,15289.20858980568,0.0004421760536181,Normal
2021-01-26,11.39688782,3257781269.0,3116,4040998.265916752,46054803.91746775,14780.103952974248,0.000453686197217,Normal
2021-01-27,13.79671792,3910299627.0,3468,6283311.092948985,86689070.75302406,24996.848544701286,0.0006392566025401,Normal
2021-01-28,14.82694421,4262672056.0,3849,4971858.936235222,73717475.06754959,19152.370763198127,0.0004493043450583,Normal
2021-01-29,14.16186655,4050510658.0,3685,2637584.2973055,37353116.832816005,10136.53102654437,0.0002502531626851,Normal
2021-01-30,15.64527535,4457719715.0,4735,4061590.859251639,63544707.352034986,13420.21274594192,0.0003010555531516,Normal
2021-01-31,19.39002668,5526735076.0,4809,3664957.827743734,71063630.06102584,14777.215650036564,0.0002673769494435,Normal
2021-02-01,17.63878712,5088183581.0,3935,3537760.27657293,62401800.40006223,15858.144955543134,0.0003116661319917,Normal
2021-02-02,20.35886896,5871493277.0,3714,3455841.752016365,70357029.37579799,18943.73434997253,0.0003226391218768,Normal
2021-02-03,19.07225409,5508085636.0,3391,3101460.727897832,59151847.05262381,17443.776777535775,0.0003166940009706,Normal
2021-02-04,19.8269552,5686308871.0,3403,3606901.3717705775,71513871.90891379,21014.949135737228,0.0003695710101664,Normal
2021-02-05,20.04629996,5769499938.0,3307,3448025.043590283,69120144.29340288,20901.16247154608,0.0003622699141373,Normal
2021-02-06,21.24196805,6321799770.0,2995,5279759.15365069,112152475.253543,37446.56936679232,0.0005923403260016,Normal
2021-02-07,19.32316884,5766938733.0,2879,3229250.616407534,62399354.887516856,21673.968352732496,0.000375831430785,Normal
2021-02-08,18.58283849,5535603356.0,2779,2805532.207185495,52134751.88462128,18760.25616575073,0.0003389017413145,Normal
2021-02-09,19.35830597,5744354009.0,2770,2595081.5890369453,50236383.41769098,18135.878490141145,0.000315716588179,Normal
2021-02-10,19.51394697,5848771610.0,3449,4333590.07198234,84565446.85438186,24518.830633337737,0.0004192133368896,Normal
2021-02-11,20.60618482,6189233659.0,2854,1512570.749284146,31168312.413075,10920.922359171336,0.0001764503161597,Normal
2021-02-12,21.47324648,6429248007.0,3016,2490902.744073346,53487768.58119532,17734.671280237173,0.0002758436330489,Normal
2021-02-13,22.70225567,6815508553.0,2961,6894721.279766572,156525725.26665032,52862.45365303962,0.0007756200911782,Normal
2021-02-14,21.77203009,6540139184.0,2350,1204629.611027612,26227232.138598163,11160.52431429709,0.0001706465871796,Normal
2021-02-15,20.95109482,6278943841.0,2056,2737505.0895048105,57353728.70044788,27895.782441852083,0.0004442750747299,Normal
2021-02-16,19.98675444,5982610727.0,2591,2869748.46979774,57356957.97041318,22136.9965150186,0.0003700223451797,Normal
2021-02-17,20.43306282,6110386493.0,2224,2188778.623363225,44723451.110253885,20109.46542727243,0.0003291030027365,Normal
2021-02-18,21.46977238,6427499908.0,2336,2272011.651803831,48779573.00893606,20881.666527797974,0.0003248800750943,Normal
2021-02-19,21.19703511,6335641981.0,2753,3643698.312263893,77235601.05530548,28055.067582748085,0.0004428133355212,Normal
2021-02-20,20.16573558,6006310925.0,4490,6622109.819205408,133539715.59581786,29741.58476521556,0.0004951722469348,Normal
2021-02-21,28.95003432,8538609828.0,3736,4020634.933633249,116397519.31687348,31155.652922075347,0.0003648796882591,Normal
2021-02-22,28.99642072,8684028167.0,3030,4242932.6368882125,123029859.8258296,40603.91413393716,0.0004675700418411,Normal
2021-02-23,27.76431863,8280636144.0,2347,3788599.597278842,105187886.38033944,44818.01720508711,0.0005412388181983,Normal
2021-02-24,24.68155539,7329621211.0,2494,2359010.9937078017,58224060.506818056,23345.653771779493,0.0003185110539783,Normal
2021-02-25,25.36917381,7586409971.0,2129,2192594.8938616915,55624320.95729575,26126.97085828828,0.0003443917605054,Normal
2021-02-26,23.25350007,7007917770.0,1888,1529925.964736312,35576133.52809065,18843.291063607336,0.0002688857329957,Normal
2021-02-27,23.13422615,7166061055.0,2040,2449439.7668583496,56665893.50730433,27777.39877809036,0.0003876243666485,Normal
2021-02-28,23.61819496,7245382879.0,1921,2898992.594663561,68468972.28836024,35642.3593380324,0.0004919320335898,Normal
2021-03-01,22.1590011,6884169920.0,2098,1809308.2040608977,40092462.48402446,19109.84865778096,0.0002775911820866,Normal
2021-03-02,25.59269877,7871644854.0,1993,2516829.873823384,64412468.81609896,32319.35214054137,0.0004105793990962,Normal
2021-03-03,25.67386785,7938770686.0,1869,2240602.727280241,57524938.32454249,30778.4581725749,0.0003876980377686,Normal
2021-03-04,25.48663412,7933740066.0,2438,126777743.18122137,3231137955.019114,1325323.197300703,0.0167048981473487,Big Whale Orders
2021-03-05,28.36821523,8803390260.0,2021,140556168.41086,3987327637.3834033,1972947.866097676,0.0224112280363414,Big Whale Orders
2021-03-06,28.30845896,8703821763.0,2374,2521028.8612951,71366442.05694787,30061.68578641444,0.0003453848964854,Normal
2021-03-07,28.44559888,14785796370.0,3572,15045180.810254166,427969178.40556335,119812.20000155747,0.0008103195594161,Normal
2021-03-08,34.62139383,18000871947.0,3255,3339136.958779142,115605575.70220114,35516.305899293744,0.0001973032528861,Normal
2021-03-09,33.47640431,17463301675.0,2767,3160207.0255550887,105792368.09078464,38233.598876322605,0.0002189368287158,Normal
2021-03-10,32.89108642,17055000313.0,2515,1984456.854473566,65270941.89725143,25952.66079413576,0.0001521703917786,Normal
2021-03-11,30.9358737,16120109458.0,2224,4181192.51541023,129348843.57211617,58160.45124645511,0.000360794394095,Normal
2021-03-12,31.03395582,16119273802.0,2561,8520656.737508146,264429684.7492132,103252.51259242996,0.0006405531282657,Normal
2021-03-13,31.04021663,16155326739.0,2464,2209546.547592182,68584803.49132995,27834.74167667612,0.000172294513917,Normal
2021-03-14,32.44168872,16859485767.0,2145,1297997.7067495417,42109237.56164247,19631.3461825839,0.000116440954688,Normal
2021-03-15,31.03788668,16125156715.0,1963,1874588.694134085,58183271.4601429,29639.975272614825,0.0001838120137154,Normal
2021-03-16,29.67365831,15449946476.0,1816,2228905.296681948,66139774.17908931,36420.58049509323,0.0002357327292471,Normal
2021-03-17,29.87513728,15471158515.0,1849,1560726.558134676,46626920.18081534,25217.37164998125,0.0001629960136826,Normal
2021-03-18,31.56944857,16441859240.0,1662,1010496.2973252254,31900810.88858413,19194.230378209464,0.0001167400237286,Normal
2021-03-19,30.14663852,15673535368.0,2028,3502786.761921015,105597246.32427417,52069.64808889258,0.0003322138041376,Normal
2021-03-20,33.21978584,17308220331.0,1975,2054570.691594441,68252398.36790802,34558.17638881419,0.0001996633722469,Normal
2021-03-21,32.17698745,16725882114.0,1706,1091565.7335098218,35123296.90799558,20588.099008203742,0.0001230912598084,Normal
2021-03-22,32.93035554,17114962742.0,2276,2863338.8347600405,94290765.86013743,41428.28025489343,0.0002420588398549,Normal
2021-03-23,32.99523398,17238680313.0,2846,2857487.272722002,94283461.15833452,33128.41221304797,0.0001921748742452,Normal
2021-03-24,31.09270184,16055382395.0,2560,2875820.892986554,89417041.57087348,34928.531863622455,0.0002175502956223,Normal
2021-03-25,27.52593052,14351045746.0,2186,1907076.7659764,52494062.55657267,24013.752313162244,0.0001673310275653,Normal
2021-03-26,26.53551316,13766080140.0,2646,2040118.8077632296,54135599.47136469,20459.41023105241,0.0001486219026983,Normal
2021-03-27,28.9796824,14986439484.0,1908,947608.9630323448,27461406.7880707,14392.77085328653,9.603862791193808e-05,Retail Orders
2021-03-28,28.24756858,14681213499.0,1764,1678973.6363553065,47426922.9369585,26886.010735237243,0.0001831320737694,Normal
2021-03-29,27.84429346,14479575407.0,1883,5026047.934762036,139946753.63954106,74321.16497054756,0.0005132827647322,Normal
2021-03-30,29.04164342,15091221586.0,1942,3208013.354923285,93165979.94027996,47974.24301765188,0.0003178950275447,Normal
2021-03-31,28.54514845,14830155561.0,1861,3925731.4189443015,112060586.12859423,60215.25315883623,0.0004060325120067,Normal
2021-04-01,28.04061638,14611600102.0,1801,3970789.080710738,111343373.33810264,61823.08347479325,0.0004231096049934,Normal
2021-04-02,28.70907916,14932924434.0,1772,7705566.396380308,221219715.64631823,124841.8259855069,0.0008360172619722,Normal
2021-04-03,30.07565943,15638764057.0,1894,1543564.1778988612,46423710.522834085,24510.9348061426,0.0001567319176682,Normal
2021-04-04,29.50712295,15421482342.0,1789,1002350.9188306716,29576491.8009821,16532.415763545054,0.0001072038043873,Normal
2021-04-05,31.01591745,16153866457.0,1955,3473102.4761018385,107721459.6941652,55100.49089215612,0.0003410978482385,Normal
2021-04-06,30.73890642,15962072690.0,2041,1016575.7959537492,31248428.260659307,15310.351916050617,9.591706674561332e-05,Retail Orders
2021-04-07,31.35360876,16309533175.0,1794,1117745.1307973915,35045343.52441644,19534.751128437256,0.000119775047629,Normal
2021-04-08,28.61620028,14935901076.0,1752,2023816.7985952068,57913946.83862886,33055.90572981099,0.000221318456527,Normal
2021-04-09,30.20126461,15720242344.0,1726,3552323.497614352,107284661.93177173,62157.9733092536,0.0003954008592811,Normal
2021-04-10,29.52654782,15391195972.0,1773,711080.1510264296,20995742.083134696,11841.93010893102,7.693963568831244e-05,Retail Orders
2021-04-11,29.7609045,15457242677.0,1952,1161764.7157637128,34575168.757313505,17712.688912558147,0.0001145915172756,Normal
2021-04-12,29.91271945,15524034941.0,2827,3302097.3876776486,98774712.7541794,34939.7639738873,0.0002250688310524,Normal
2021-04-13,36.73577963,19144430315.0,2597,4347128.859207239,159695167.79505044,61492.170887582,0.0003212013618363,Normal
2021-04-14,35.50202013,18342267583.0,2228,1896725.225893465,67337577.1507486,30223.329062274952,0.0001647742239366,Normal
2021-04-15,36.07385889,18760824233.0,1937,3860354.229970919,139257873.75738552,71893.58479988927,0.0003832112273267,Normal
2021-04-16,37.86089087,19664554846.0,2272,1363116.2778291793,51608796.63801116,22715.13936532181,0.0001155131125174,Normal
2021-04-17,36.23721696,18872611506.0,2163,977122.3144153428,35408193.30392611,16369.94604897185,8.673916719881348e-05,Retail Orders
2021-04-18,34.76754885,18166059531.0,2273,2046095.589156262,71137728.34775987,31296.844851632148,0.0001722819679095,Normal
2021-04-19,31.78175082,16636767225.0,2039,1779885.974396156,56567892.52627154,27742.958571001243,0.0001667569077321,Normal
2021-04-20,31.34546685,16366385638.0,2014,1829881.2213752973,57358481.16405691,28479.88141214345,0.0001740144833567,Normal
2021-04-21,31.9686365,16645899119.0,2279,2216199.439990054,70848874.30854559,31087.702636483365,0.0001867589273144,Normal
2021-04-22,33.48270702,17489937902.0,2997,2279691.869241613,76330254.95369308,25468.8872051028,0.0001456202266,Normal
2021-04-23,34.52378462,17979588796.0,2208,2856746.098768483,98625687.02790835,44667.43071916139,0.0002484341061743,Normal
2021-04-24,32.93860819,17094009322.0,2108,1962449.8929168133,64640368.11529437,30664.311250139643,0.0001793863023736,Normal
2021-04-25,30.0420652,15768347122.0,2284,993919.0285730222,29859380.2599114,13073.283826581172,8.290839696407575e-05,Retail Orders
2021-04-26,33.74088767,17504824743.0,2395,1803953.6530316768,60866997.56882797,25414.195227068045,0.0001451839455703,Normal
2021-04-27,37.94415718,19685884167.0,2548,2094864.117774728,79487853.3555863,31196.17478633685,0.0001584697670762,Normal
2021-04-28,39.39452622,20462310548.0,2613,1724867.0608310415,67950320.65392281,26004.715137360432,0.0001270859176746,Normal
2021-04-29,42.7708693,22066932316.0,2323,4689479.107338749,200573097.9850663,86342.27205556018,0.0003912744681459,Normal
2021-04-30,41.28410892,21517770856.0,2230,2997904.132882801,123765800.75365172,55500.35908235503,0.0002579280142621,Normal
2021-05-01,40.57540542,20966193259.0,2274,1162040.914371864,47150281.21526589,20734.51240776864,9.889497893885956e-05,Retail Orders
2021-05-02,40.08584326,20835088800.0,2287,1131681.5310002738,45364408.4719138,19835.771085226846,9.52036791185975e-05,Retail Orders
2021-05-03,42.41742127,22067117154.0,2888,2463427.1727397726,104492228.154068,36181.51944392936,0.0001639612423835,Normal
2021-05-04,42.32269339,22048979111.0,3961,1793805.324756175,75918672.76100497,19166.541974502645,8.692711747792741e-05,Retail Orders
2021-05-05,42.88409662,22531045773.0,4126,2216852.463905713,95067715.25441767,23041.13312031452,0.0001022639310773,Normal
2021-05-06,42.47966845,21999590396.0,3000,2109408.1300684228,89606957.99104108,29868.985997013693,0.0001357706459955,Normal
2021-05-07,40.19840651,20962663815.0,2830,2019757.734000787,81191042.44308008,28689.414290841018,0.0001368595830378,Normal
2021-05-08,39.77171646,20632351275.0,2794,1593722.3840798407,63385074.77557865,22686.139862411823,0.0001099542149124,Normal
2021-05-09,40.42370981,20932492819.0,2521,1422537.1622923266,57504229.44244588,22810.087045793687,0.0001089697593259,Normal
2021-05-10,39.4754067,20524013784.0,3020,1406621.4428590816,55526953.52980305,18386.40845357717,8.958485726564239e-05,Retail Orders
2021-05-11,36.45461648,19013078263.0,2296,1297379.9100559056,47295487.04994494,20599.07972558577,0.0001083416343247,Normal
2021-05-12,38.55543092,19963462059.0,2176,2388217.274420543,92078746.14587194,42315.60025086027,0.0002119652399258,Normal
2021-05-13,37.40945146,20098489561.0,1796,4253495.241235742,159120923.7623495,88597.3963042035,0.0004408161918601,Normal
2021-05-14,37.51936039,19299424611.0,1733,804898.7662506852,30199286.88842583,17426.01666960521,9.02929337057696e-05,Retail Orders
2021-05-15,40.2254426,20911930978.0,1737,2510870.475644456,101000876.1940708,58146.73356020195,0.0002780553054683,Normal
2021-05-16,36.55976613,19080609070.0,1670,1550445.315137738,56683918.11878986,33942.46593939512,0.0001778898452081,Normal
2021-05-17,36.43459798,18911255215.0,1592,814883.1881202355,29689941.35982149,18649.4606531542,9.861566797724696e-05,Retail Orders
2021-05-18,33.18296109,17486595786.0,1655,1362835.1652818108,45222906.26163004,27325.01888920244,0.0001562626552566,Normal
2021-05-19,35.23164779,18180660857.0,1696,3297842.2596399537,116188416.95861256,68507.32131993666,0.0003768142525664,Normal
2021-05-20,23.62598682,12602366216.0,1517,1551683.262362304,36660048.3053864,24166.149179555967,0.0001917588234253,Normal
2021-05-21,26.30903253,13622752331.0,1848,4011877.5994132487,105548618.26934148,57115.05317605058,0.000419262215067,Normal
2021-05-22,21.78176947,11295503726.0,1642,2009071.0778769832,43761123.06716086,26651.11027232696,0.0002359444157499,Normal
2021-05-23,20.46006708,10639247156.0,1722,3575211.9495127075,73149076.31224757,42479.13839271056,0.0003992682731198,Normal
2021-05-24,16.91334998,8778467226.0,1827,2520469.688716443,42629585.95924286,23333.10671003988,0.0002657993258883,Normal
2021-05-25,24.57913452,12878834883.0,1466,1373977.4705891402,33771177.07705982,23036.27358598896,0.0001788692361946,Normal
2021-05-26,25.12992734,13108865636.0,1575,1771950.4175989823,44528985.24434509,28272.371583711163,0.0002156736697801,Normal
2021-05-27,29.25670724,15192076749.0,1514,3935421.9110776894,115137486.71828128,76048.53812303915,0.0005005802654863,Normal
2021-05-28,28.61589923,14836553004.0,1313,3002563.76644817,85921062.17233008,65438.737374204175,0.0004410642913927,Normal
2021-05-29,25.93245037,13549096794.0,1270,8873496.329658652,230111503.1772501,181190.1599820868,0.0013372858924612,Small Whale Orders
2021-05-30,23.18797656,12177437999.0,1146,643412.5703859993,14919435.6005199,13018.704712495552,0.0001069084048185,Normal
2021-05-31,25.7222176,13344983979.0,1196,915760.3026574412,23555385.77439656,19695.138607354984,0.0001475845803812,Normal
2021-06-01,28.27877373,14714510558.0,1101,2123536.3709277264,60051004.54089052,54542.238456757965,0.0003706697429164,Normal
2021-06-02,27.37967331,14266743888.0,1279,1485179.5821563476,40663731.7661231,31793.37901964277,0.0002228495813006,Normal
2021-06-03,27.73369107,14403678266.0,1240,1699004.9417264669,47119678.18024518,37999.740467939664,0.0002638196977617,Normal
2021-06-04,28.75424608,14968848108.0,1117,952973.605569456,27402037.562289003,24531.815185576543,0.0001638857914021,Normal
2021-06-05,26.5000075,13806645099.0,1078,572688.3650859764,15176245.969941111,14078.150250409197,0.0001019664817155,Normal
2021-06-06,25.62425936,13236003246.0,1053,462697.1361795409,11856271.422593797,11259.517020506928,8.506734858885459e-05,Retail Orders
2021-06-07,25.8493045,13451367319.0,1045,746483.9473983076,19296090.860660832,18465.15871833573,0.0001372734702757,Normal
2021-06-08,23.99819689,12613482620.0,1064,801549.0695308878,19235732.387598544,18078.69585300615,0.0001433283447375,Normal
2021-06-09,23.50606219,12280851126.0,1000,1144628.1098050573,26905699.53349983,26905.69953349983,0.0002190866028539,Normal
2021-06-10,25.17229037,13141278620.0,935,3188589.209387794,80264093.44935827,85843.9502132174,0.0006532389480165,Normal
2021-06-11,23.56207998,12312757984.0,947,1118368.073703664,26351077.99968427,27825.84794053249,0.0002259919993285,Normal
2021-06-12,21.83830603,11344352129.0,925,1735985.5897926118,37910984.573561095,40984.848187633615,0.0003612797603739,Normal
2021-06-13,21.37880812,11166271682.0,987,422906.8818557989,9041245.079822632,9160.329361522425,8.203570199970015e-05,Retail Orders
2021-06-14,23.3880397,12049808149.0,905,914864.1178885038,21396878.309281807,23642.95945776996,0.0001962102563411,Normal
2021-06-15,24.2641964,12606959727.0,927,873644.6368731158,21198285.052895963,22867.62141628475,0.0001813888670343,Normal
2021-06-16,23.57769454,12276513822.0,837,1085575.1015147266,25595358.143743712,30579.878307937528,0.0002490925253807,Normal
2021-06-17,21.75109184,11297376212.0,812,349997.1946958829,7612821.12557251,9375.395474842991,8.298737068598733e-05,Retail Orders
2021-06-18,22.22397138,11471300283.0,853,483029.6431105776,10734836.96418109,12584.803006073962,0.0001097068570746,Normal
2021-06-19,20.37364356,10602984406.0,763,355855.91539767844,7250081.579029817,9502.07284276516,8.961696517622096e-05,Retail Orders
2021-06-20,19.89078082,10330166415.0,795,1080718.9839965382,21496344.438688222,27039.42696690343,0.0002617520945997,Normal
2021-06-21,20.81626101,10823711568.0,982,1615130.175356712,33620971.295352384,34237.241644961694,0.0003163170177795,Normal
2021-06-22,15.97070479,8387199551.0,1103,2268952.9541231366,36236777.81269902,32852.92639410609,0.0003917031685527,Normal
2021-06-23,16.37025975,8477216958.0,948,1544728.9951608186,25287614.89413909,26674.699255420983,0.0003146634017694,Normal
2021-06-24,17.8294565,9264928093.0,865,547187.6074760779,9756057.644833803,11278.679358189367,0.0001217352066305,Normal
2021-06-25,18.06671512,9393951389.0,799,1405790.7577568607,25398021.138722137,31787.26049902645,0.0003383800829142,Normal
2021-06-26,16.17224952,8426299424.0,806,691312.5163540124,11180078.51077617,13871.065149846365,0.0001646163333614,Normal
2021-06-27,16.00850704,8290522739.0,867,519268.4342378452,8312712.385146323,9587.903558415595,0.0001156489628007,Normal
2021-06-28,17.05550488,8855850307.0,963,463496.776898461,7905171.540255973,8208.90087253995,9.269466610169918e-05,Retail Orders
2021-06-29,17.74839214,9235160281.0,939,698704.7287184352,12400885.515367106,13206.48084703632,0.000143002183451,Normal
2021-06-30,18.61703329,9707709130.0,772,748039.5057642871,13926276.38104888,18039.21811016694,0.0001858236363347,Normal
2021-07-01,19.26720517,10017017558.0,830,790516.4602421223,15231042.82974712,18350.65401174352,0.0001831947873255,Normal
2021-07-02,17.96679465,9333359970.0,737,447425.6104312228,8038804.063768677,10907.46820050024,0.0001168653971941,Normal
2021-07-03,18.23230086,9462758032.0,940,619957.7221248413,11303255.710260386,12024.740117298285,0.0001270743696143,Normal
2021-07-04,19.41652671,10088655008.0,1059,2011565.819101624,39057621.45550971,36881.606662426544,0.0003655750606317,Normal
2021-07-05,20.8721296,10850342434.0,855,691099.6091286575,14424720.608242683,16871.0182552546,0.0001554883484818,Normal
2021-07-06,20.22755365,10525832018.0,1029,3121691.995140307,63144192.31047611,61364.61837752781,0.0005829906678406,Normal
2021-07-07,22.34452149,11608802353.0,950,3181890.054329574,71097810.69778444,74839.80073450993,0.0006446814964953,Normal
2021-07-08,22.41061714,11650837814.0,847,2102863.237477594,47126462.91289125,55639.27144379133,0.0004775559692105,Normal
2021-07-09,20.42965725,10616133374.0,828,1455886.248957628,29743257.06119252,35921.80804491849,0.0003383699768966,Normal
2021-07-10,21.09321281,10965693623.0,728,248663.8166667612,5245118.803098819,7204.833520740136,6.570339978885014e-05,Retail Orders
2021-07-11,20.34489223,10577796005.0,732,531430.883282152,10811904.048069092,14770.360721405865,0.0001396355225079,Normal
2021-07-12,20.67051241,10745319595.0,697,905192.4868368838,18710792.53260057,26844.7525575331,0.0002498273999223,Normal
2021-07-13,19.65044324,10203811745.0,772,1072087.58484483,21066996.234302018,27288.85522577981,0.0002674378546737,Normal
2021-07-14,18.39577678,9544733423.0,926,1140722.445938541,20984475.483421024,22661.42060844603,0.0002374232951738,Normal
2021-07-15,17.90782845,9290650396.0,882,1373382.405672195,24594296.517025966,27884.68992860087,0.0003001371135502,Normal
2021-07-16,16.97166733,8830047976.0,844,1097707.1212514006,18629920.087650742,22073.365032761543,0.0002499801257338,Normal
2021-07-17,16.37929447,8476614924.0,800,482343.7987606221,7900451.115678651,9875.563894598314,0.0001165036277233,Normal
2021-07-18,16.11871432,8387277898.0,678,531742.8578761643,8571011.217806254,12641.609465790934,0.0001507236271353,Normal
2021-07-19,16.45270337,8554255182.0,772,963353.8142338534,15849774.545947673,20530.79604397367,0.0002400068224195,Normal
2021-07-20,15.75929984,8262119708.0,947,1680581.762397196,26484791.899253044,27967.045300161608,0.0003384972172828,Normal
2021-07-21,14.63673374,7631443233.0,869,4141508.908794367,60618163.17986109,69756.22920582404,0.0009140633963466,Normal
2021-07-22,16.76844852,8689643629.0,832,4361697.409239022,73138898.46664192,87907.32988779077,0.0010116333147934,Small Whale Orders
2021-07-23,17.59918182,9149059874.0,1338,836786.9739355,14726766.098898465,11006.551643421872,0.0001203025425016,Normal
2021-07-24,18.61716484,9652174791.0,876,638895.5479706066,11894423.73211091,13578.109283231632,0.0001406740923909,Normal
2021-07-25,18.28333096,9505862255.0,720,403000.85742579255,7368198.053479539,10233.60840761047,0.0001076557616036,Normal
2021-07-26,18.38355795,9563991876.0,847,1303056.0682952327,23954806.74360457,28281.94420732535,0.0002957127585845,Normal
2021-07-27,18.5787042,9684226981.0,795,419148.3968361869,7787234.080723734,9795.262994621047,0.0001011465655837,Normal
2021-07-28,18.73198367,9722571439.0,836,1143294.128183817,21416166.93914615,25617.42456835664,0.0002634840456465,Normal
2021-07-29,19.07803501,9913956668.0,846,876232.7560177352,16716799.196215142,19759.809924604186,0.0001993130551839,Normal
2021-07-30,19.54649099,10188404387.0,1049,678613.8137983588,13264518.797099158,12644.91782373609,0.0001241108749066,Normal
2021-07-31,21.00030998,10914562607.0,996,1096415.8102192655,23025071.88157743,23117.542049776534,0.0002118045668174,Normal
2021-08-01,21.90700669,11388284081.0,1012,889869.8839583959,19494385.501106106,19263.22677974911,0.0001691495105209,Normal
2021-08-02,22.05085743,11374697963.0,854,496684.2411193963,10952313.388651552,12824.72293753109,0.0001127478107924,Normal
2021-08-03,22.46891777,11713474226.0,943,3484977.337148569,78303669.21870479,83036.76481304856,0.0007088995392053,Normal
2021-08-04,21.41376815,11132368109.0,1178,752236.2143334978,16108211.887771228,13674.20363987371,0.0001228328375956,Normal
2021-08-05,23.54656493,12203745071.0,822,1024833.8255467952,24131316.215697907,29356.832379194533,0.0002405559294167,Normal
2021-08-06,25.36498433,13185352006.0,980,1045182.5985302532,26511040.23370856,27052.08187113118,0.0002051676880436,Normal
2021-08-07,26.21458575,13638910794.0,935,803376.5154202167,21060182.55301947,22524.25941499409,0.0001651470543007,Normal
2021-08-08,28.30665016,14632225046.0,882,784074.1103943264,22194511.542445417,25163.845286219293,0.0001719755212013,Normal
2021-08-09,26.65311952,13848908166.0,893,1389161.2544124236,37025480.94640745,41461.90475521551,0.0002993875348022,Normal
2021-08-10,28.42273296,14573644345.0,874,614164.4880830166,17456233.238298684,19972.806908808565,0.0001370474428769,Normal
2021-08-11,28.86871551,15013840776.0,1046,672486.401632969,19413818.613085784,18560.05603545486,0.0001236196407858,Normal
2021-08-12,29.0317215,15074057040.0,920,1051660.4850657182,30531514.31498284,33186.42860324222,0.0002201559176483,Normal
2021-08-13,28.02875437,14535927994.0,838,665807.2115319,18661746.789802253,22269.387577329657,0.0001532023795558,Normal
2021-08-14,30.52004019,15856553007.0,858,1293737.813241276,39484930.05544645,46019.73199935484,0.0002902253218529,Normal
2021-08-15,30.13190407,15709168427.0,785,302132.83287956286,9103837.536724327,11597.24526971252,7.38246923992479e-05,Retail Orders
2021-08-16,30.22973716,15696675064.0,850,593422.7351707647,17939013.308980506,21104.721539977065,0.0001344534524281,Normal
2021-08-17,29.21843129,15369230973.0,957,4230851.288701329,123618837.67712776,129173.28910880642,0.0008404668349101,Normal
2021-08-18,26.35032937,13754741700.0,950,1677984.033068535,44215431.94895687,46542.55994627039,0.0003383746562559,Normal
2021-08-19,26.63054947,13939845221.0,920,2498511.867123527,66536743.87881515,72322.5476943643,0.0005188188717146,Normal
2021-08-20,27.64361915,14176608464.0,1042,945732.2597470152,26143462.406315364,25089.69520759632,0.000176979531256,Normal
2021-08-21,28.7388339,14905083712.0,938,495348.7296644269,14235744.864401966,15176.70028187843,0.0001018223082481,Normal
2021-08-22,28.29143389,14703038938.0,869,388680.85191990144,10996338.62640077,12654.01452980526,8.606393945608728e-05,Retail Orders
2021-08-23,28.42693986,14791766057.0,878,971591.033079319,27619359.86586108,31457.12968776888,0.000212666490036,Normal
2021-08-24,28.75728667,14987643095.0,811,382712.84392637503,11005782.965081736,13570.632509348625,9.054547418383548e-05,Retail Orders
2021-08-25,26.77179065,13915252559.0,769,5834415.4979931805,156197750.27738893,203118.01076383475,0.0014596789379324,Small Whale Orders
2021-08-26,27.07736342,14097395316.0,729,433463.76197984326,11737055.812528595,16100.213734607129,0.0001142070103995,Normal
2021-08-27,25.86215544,13527339634.0,727,705128.3833091807,18236139.85429793,25084.098836723428,0.0001854326091855,Normal
2021-08-28,27.3217176,14213954708.0,688,3942319.265719707,107710933.6670332,156556.5896323157,0.0011014287919758,Small Whale Orders
2021-08-29,26.83790698,13943939694.0,681,233135.0316551976,6256856.293341549,9187.747861000806,6.589061673118281e-05,Retail Orders
2021-08-30,26.80794432,13913928721.0,740,2824538.6921125366,75720075.9878385,102324.42701059258,0.0007354100273358,Normal
2021-08-31,26.88526394,13907754625.0,831,3344242.008289909,89910829.0721099,108195.94352841144,0.0007779540727151,Normal
2021-09-01,29.58457133,15407946681.0,921,978891.5921325115,28960088.13178156,31444.178210403425,0.0002040776675919,Normal
2021-09-02,31.04620365,16128419939.0,883,1893294.466038916,58779605.56206218,66568.06971920971,0.0004127377013432,Normal
2021-09-03,30.04014248,15623666079.0,1005,1971551.07905014,59225675.32126395,58931.02022016313,0.0003771907305377,Normal
2021-09-04,28.62335568,14865045190.0,822,854768.6683312408,24466347.617765058,29764.413160298125,0.0002002308959028,Normal
2021-09-05,28.66579273,14958201739.0,794,735162.5131330967,21074016.22433925,26541.58214652299,0.0001774383218627,Normal
2021-09-06,29.3114674,15209137506.0,888,1316434.6402449906,38586631.04177178,43453.41333532858,0.0002857059666807,Normal
2021-09-07,28.98576814,15099884142.0,1008,2416219.214782783,70035969.9351066,69480.12890387561,0.000460136834498,Normal
2021-09-08,24.38639184,12666014861.0,877,1575153.059247424,38412299.710782416,43799.657594962846,0.0003458045650161,Normal
2021-09-09,23.22861441,12086066790.0,794,806475.5610524054,18733309.838774737,23593.589217600424,0.0001952131295279,Normal
2021-09-10,23.32336275,12160029205.0,779,1146551.6057808003,26741439.013220605,34327.906307086785,0.0002823011830676,Normal
2021-09-11,22.2399536,11542729782.0,723,860355.7579285287,19134272.13582331,26465.106688552296,0.0002292794441902,Normal
2021-09-12,22.70028318,11798032960.0,723,454198.5245845426,10310435.12800731,14260.629499318547,0.0001208729416816,Normal
2021-09-13,23.76869188,12383055974.0,682,689827.6900372942,16396301.814788591,24041.49826215336,0.0001941483452278,Normal
2021-09-14,22.77138872,11820309694.0,784,1493903.7145274123,34018262.19375562,43390.64055325972,0.0003670854797931,Normal
2021-09-15,25.72075746,13398897666.0,853,739891.1840369655,19030561.691407017,22310.154386174698,0.000166507386968,Normal
2021-09-16,27.33600513,14240178336.0,724,1662031.7037581364,45433307.18015506,62753.18671292136,0.0004406769721013,Normal
2021-09-17,26.30813697,13659160597.0,630,745403.431251971,19610175.56728484,31127.26280521402,0.000227885619941,Normal
2021-09-18,24.2591086,12674179714.0,636,352544.77038752625,8552421.871193064,13447.204199989095,0.0001060992072341,Normal
2021-09-19,24.47281926,12709544325.0,624,298507.439027827,7305318.60309348,11707.241351111346,9.211377726645086e-05,Retail Orders
2021-09-20,23.90966518,12440989943.0,660,651829.428445084,15585023.388592727,23613.67180089807,0.0001898054086458,Normal
2021-09-21,20.80433404,10765678764.0,625,684065.7384538155,14231532.128112448,22770.45140497992,0.0002115096679377,Normal
2021-09-22,18.89029209,9794322823.0,689,847453.7416528917,16008648.712586524,23234.613516090747,0.000237225318544,Normal
2021-09-23,21.50310378,11154749132.0,605,1091143.284857537,23462967.293141715,38781.764120895394,0.0003476704286395,Normal
2021-09-24,21.55089275,11202622681.0,705,1112492.5308574182,23975207.217684284,34007.38612437487,0.0003035662906156,Normal
2021-09-25,19.61618782,10234832653.0,711,372131.0013052831,7299791.615249098,10266.93616772025,0.0001003136691708,Normal
2021-09-26,19.57306612,10175032976.0,1605,1497630.079247789,29313212.564417817,18263.683840758764,0.0001794950825598,Normal
2021-09-27,23.89103927,12335326029.0,1107,1041011.5891468144,24870848.75683165,22466.89137925172,0.0001821345566905,Normal
2021-09-28,22.40160267,11705363838.0,845,1223531.7066977425,27409071.147589803,32436.77058886367,0.000277110314876,Normal
2021-09-29,22.92769637,11941770348.0,738,774241.4648507006,17751573.22316089,24053.62225360554,0.0002014242574815,Normal
2021-09-30,23.02773787,11953447834.0,658,853162.2600124369,19646396.88414318,29857.74602453371,0.0002497835473009,Normal
2021-10-01,23.44419174,12160020539.0,724,1648438.8275409157,38646315.944530025,53378.889426146445,0.0004389703887008,Normal
2021-10-02,25.64928645,13277805312.0,839,892587.5573392399,22894233.93989996,27287.525554111995,0.0002055123185866,Normal
2021-10-03,26.1797557,13605115541.0,763,445349.6799114441,11659145.821154805,15280.66293729332,0.0001123155690316,Normal
2021-10-04,26.04467964,13544155547.0,733,1307497.4310859058,34053351.72275539,46457.5057609214,0.0003430077689207,Normal
2021-10-05,25.30198271,13186914972.0,733,1544580.257394782,39080942.96681012,53316.42969551176,0.0004043131377484,Normal
2021-10-06,25.68138434,13374376469.0,790,1117134.901748452,28689570.771430127,36315.9123688989,0.0002715334987995,Normal
2021-10-07,25.32064729,13161254610.0,756,1341205.0947071323,33960181.146630354,44920.87453257984,0.0003413114924351,Normal
2021-10-08,25.58976334,13290767667.0,727,798236.4348090201,20426681.45612816,28097.223460974088,0.0002114040675824,Normal
2021-10-09,24.71668626,12877029268.0,671,471850.32668578107,11662576.486370957,17380.88895137251,0.0001349759217723,Normal
2021-10-10,25.18894678,13112639636.0,634,392005.5280682266,9874206.383976351,15574.458018890147,0.0001187743921226,Normal
2021-10-11,24.25958742,12596667450.0,687,772526.2872098847,18741168.998816226,27279.72197789844,0.0002165630083208,Normal
2021-10-12,24.17377511,12538232547.0,770,932695.1904782016,22546763.78079866,29281.51140363462,0.0002335377916613,Normal
2021-10-13,23.39744685,12176411995.0,829,696561.3016230239,16297756.032491522,19659.53683050847,0.0001614559103172,Normal
2021-10-14,24.65935508,12807967415.0,743,757807.5033371077,18687044.307078023,25150.799874936773,0.0001963683936725,Normal
2021-10-15,26.28703207,13655956591.0,737,1118640.1315875517,29405729.01383099,39899.22525621572,0.0002921745173275,Normal
2021-10-16,25.95905758,13469626952.0,695,671194.1106752423,17423566.56637551,25069.87995161944,0.000186121561057,Normal
2021-10-17,27.11515651,14109694106.0,679,399632.536256108,10836098.767072618,15958.90834620415,0.0001131059839165,Normal
2021-10-18,25.95670805,13517782444.0,694,740664.0097728773,19225199.464816924,27702.01651990912,0.0002049301846265,Normal
2021-10-19,25.45183909,13249316619.0,712,610302.0784488105,15533310.29697168,21816.44704630854,0.0001646609230775,Normal
2021-10-20,26.05592694,13521198538.0,805,429156.4099811225,11182068.064300817,13890.767781740142,0.0001027332580222,Normal
2021-10-21,27.06180414,14116940632.0,792,962871.1310015632,26057029.95922459,32900.2903525563,0.000233055385088,Normal
2021-10-22,26.1360953,13620429174.0,700,1110269.5170490304,29018109.906278435,41454.442723254906,0.000304354893621,Normal
2021-10-23,25.73774596,13396792973.0,676,556758.93946842,14329720.144997211,21197.81086538049,0.00015823048776,Normal
2021-10-24,26.89596752,13991892055.0,729,847505.5360483957,22794481.37057784,31268.150028227494,0.00022347335089,Normal
2021-10-25,25.90206752,13436193399.0,783,813834.0386205781,21079984.218424503,26922.07435303257,0.0002003698038094,Normal
2021-10-26,26.7500256,13876299669.0,952,582936.7650826051,15593573.38914087,16379.80398018999,0.0001180415843626,Normal
2021-10-27,26.57560131,13863398310.0,965,1084952.7997652015,28833273.046728257,29879.03942666141,0.000215524640918,Normal
2021-10-28,24.27394984,12621541966.0,1019,835931.2180968141,20291352.45777217,19913.005356008016,0.0001577699888781,Normal
2021-10-29,24.93149289,12892763063.0,1046,788385.7447074815,19655633.58875193,18791.236700527657,0.0001457502678727,Normal
2021-10-30,25.38626752,13216408015.0,1001,533245.4687169321,13537112.12267583,13523.588534141689,0.0001023242360465,Normal
2021-10-31,24.86926669,12931601553.0,819,386035.75495846407,9600426.141937532,11722.132041437768,9.064717926387356e-05,Retail Orders
2021-11-01,25.01129887,13016475093.0,849,1002393.5723536536,25071165.223504204,29530.229945234634,0.00022686810165,Normal
2021-11-02,25.68443066,13320068600.0,838,843895.9103830968,21674985.99449222,25865.13841824848,0.0001941817207927,Normal
2021-11-03,26.18641184,13613199661.0,867,651270.4720555547,17054436.80047797,19670.63068105879,0.0001444967470609,Normal
2021-11-04,26.8209916,13939660255.0,800,716329.8657921541,19212677.31324049,24015.84664155061,0.0001722843039372,Normal
2021-11-05,25.84894031,13332587493.0,819,767361.9083651237,19835492.16549777,24219.16015323293,0.0001816538625075,Normal
2021-11-06,25.66873467,13331260348.0,679,314668.43350319256,8077140.528617988,11895.641426536064,8.923118381917047e-05,Retail Orders
2021-11-07,25.17434012,13076005780.0,734,711526.2470105321,17912203.74655027,24403.547338624347,0.0001866284532846,Normal
2021-11-08,25.41720964,13211821545.0,878,505737.6887462199,12854440.857711738,14640.593232017924,0.0001108143429136,Normal
2021-11-09,26.2640216,13725860574.0,818,648627.3831674672,17035563.601861835,20825.872373914222,0.0001517272615559,Normal
2021-11-10,26.39472636,13715816807.0,860,834624.0476294055,22029673.350653764,25615.89924494624,0.0001867617481729,Normal
2021-11-11,25.35358812,13136983217.0,732,555222.9556734938,14076894.13291478,19230.72968977429,0.0001463861936345,Normal
2021-11-12,25.49912597,13244138246.0,734,350311.9554116981,8932648.679839913,12169.821089700154,9.1888357427677e-05,Retail Orders
2021-11-13,24.67103242,12791948273.0,713,350336.0147419526,8643151.177592311,12122.231665627363,9.476454568858594e-05,Retail Orders
2021-11-14,24.75486424,12870930024.0,692,305507.58651171136,7562798.82838747,10928.900041022356,8.491150228183663e-05,Retail Orders
2021-11-15,24.6707728,12760905805.0,666,689046.1070753937,16999299.95638151,25524.47440898125,0.0002000208668492,Normal
2021-11-16,24.08791667,10913264375.0,668,911827.7941698215,21964031.923352573,32880.28731040804,0.0003012873708597,Normal
2021-11-17,21.80646865,9888225317.0,576,830827.1494233645,18117406.187469464,31453.83018657893,0.0003180937850647,Normal
2021-11-18,21.96964913,9889058523.0,652,3772505.323859805,82880618.30625694,127117.51273965788,0.0012854359436139,Small Whale Orders
2021-11-19,20.05158584,9070582652.0,588,3008498.802761538,60325171.99311021,102593.82992025546,0.0011310610779521,Small Whale Orders
2021-11-20,21.30431424,9610398035.0,583,444428.2130708346,9468238.308382737,16240.545983503836,0.0001689893168249,Normal
2021-11-21,22.08477417,9993833783.0,649,207029.05343607208,4572189.891764514,7044.976720746555,7.049323486578699e-05,Retail Orders
2021-11-22,21.89127876,9948254981.0,507,414074.4506742581,9064619.227104053,17878.933386793004,0.0001797192916842,Normal
2021-11-23,21.00999251,9504718617.0,638,479857.1680134969,10081795.50583338,15802.187313218465,0.0001662562349289,Normal
2021-11-24,22.21686895,10066987312.0,732,792263.9868046007,17601625.168642342,24045.93602273544,0.0002388593059422,Normal
2021-11-25,20.80345837,9416239527.0,686,3290752.2494297093,68459027.42699482,99794.50062244142,0.0010598126814456,Small Whale Orders
2021-11-26,21.35894573,9682038995.0,695,1850875.5061263512,39532749.48833901,56881.65394005614,0.0005874966416622,Normal
2021-11-27,19.23584534,8723435955.0,561,523974.13771504426,10079085.475246452,17966.284269601518,0.0002059542176073,Normal
2021-11-28,19.39160614,8762994782.0,578,473289.7884468168,9177849.167644594,15878.631777931823,0.0001812009726463,Normal
2021-11-29,20.15385395,9129278049.0,630,1007364.8381103365,20302283.82164112,32225.84733593828,0.0003529944773614,Normal
2021-11-30,20.29900441,9207203592.0,575,554154.8398221482,11248791.537372628,19563.11571716979,0.0002124761934684,Normal
2021-12-01,21.13669847,9552390673.0,591,760630.4687867274,16077216.865839802,27203.412632554657,0.0002847811983804,Normal
2021-12-02,21.00023544,9510282841.0,688,653787.5123342247,13729691.686750622,19955.94721911428,0.0002098354754821,Normal
2021-12-03,22.41059178,10179540979.0,630,707549.2203463071,15856596.74143836,25169.201176886283,0.0002472528106012,Normal
2021-12-04,20.00089129,9091030086.0,922,1063451.130800773,21269970.459373824,23069.38227697812,0.0002537598276404,Normal
2021-12-05,17.15854276,7744403218.0,660,919314.52679324,15774097.617870975,23900.14790586512,0.0003086118740604,Normal
2021-12-06,16.50237331,7464310712.0,693,745854.8095635129,12308374.502476048,17761.002168075105,0.0002379456436549,Normal
2021-12-07,17.36494076,7864089526.0,647,834549.8547030791,14491908.788185574,22398.622547427472,0.0002848215610131,Normal
2021-12-08,17.18246028,7756283239.0,644,949074.248843206,16307430.58351922,25322.09717937767,0.0003264720536771,Normal
2021-12-09,18.61777785,8420623180.0,662,1229321.8381839716,22887240.88946283,34572.87143423388,0.0004105737864668,Normal
2021-12-10,16.29163598,7415821822.0,639,805433.7111326063,13121832.827792894,20534.94965225805,0.0002769072686096,Normal
2021-12-11,15.2104907,6945579696.0,700,1009871.8696936674,15360646.68216714,21943.780974524485,0.0003159387975515,Normal
2021-12-12,15.86968723,7188199474.0,785,472713.182772006,7501810.36008956,9556.446318585427,0.0001329463150424,Normal
2021-12-13,15.99585568,7236036546.0,852,1865697.987983046,29843435.75824318,35027.50675850139,0.0004840703406599,Normal
2021-12-14,14.16887882,6405984609.0,687,818779.6830899572,11601190.109979607,16886.739606957217,0.00026360880704,Normal
2021-12-15,14.97514664,6760600798.0,538,633393.6071164253,9485162.147407016,17630.41291339594,0.0002607817476608,Normal
2021-12-16,15.20892919,6873747915.0,473,1238361.5584978268,18834153.25481149,39818.50582412577,0.0005792837665348,Normal
2021-12-17,14.4186052,6509173367.0,480,1660518.871879036,23942366.0407732,49879.92925161084,0.0007663020546432,Normal
2021-12-18,14.99542244,6780760105.0,459,487867.24079671,7315775.370383869,15938.508432208864,0.0002350548933364,Normal
2021-12-19,15.60350298,7079436115.0,515,331832.90631211374,5177755.742503128,10053.89464563714,0.0001420154724517,Normal
2021-12-20,14.95962534,6812863162.0,507,1042463.8223837614,15594868.213365378,30759.108902101336,0.0004514857875564,Normal
2021-12-21,14.53051719,6611242461.0,455,615185.9450221333,8938969.949190503,19646.08780041869,0.0002971618106023,Normal
2021-12-22,15.09204078,6836206764.0,443,4384884.508574879,66176855.81900232,149383.4217133235,0.002185179981682,Small Whale Orders
2021-12-23,16.21734247,7300839751.0,541,1063145.8173943462,17241399.816232193,31869.500584532703,0.0004365182865459,Normal
2021-12-24,18.1924473,8254251152.0,551,460234.87307430815,8372798.6740265405,15195.64187663619,0.0001840947361161,Normal
2021-12-25,17.50514885,7918724485.0,440,1006152.4164959271,17612847.816548403,40029.19958306456,0.0005055005974622,Normal
2021-12-26,17.5370601,7945507642.0,539,500729.4464504994,8781322.39624214,16291.878286163525,0.0002050451528111,Normal
2021-12-27,18.67667577,8456341814.0,682,1434091.5955867255,26784063.75525524,39272.82075550622,0.0004644185585129,Normal
2021-12-28,19.11961192,8696115030.0,538,1116917.262128717,21355024.598649982,39693.35427258361,0.0004564492780471,Normal
2021-12-29,18.46695481,8420176951.0,488,4326915.062414892,79904944.92432414,163739.6412383691,0.0019446104540466,Small Whale Orders
2021-12-30,17.13996867,7671892845.0,541,915056.540844848,15684040.441359269,28990.83260879717,0.0003778837008612,Normal
2021-12-31,17.78804679,8019700129.0,547,1459196.3400231956,25956252.77212935,47452.01603679954,0.0005916931465455,Normal
2022-01-01,17.05830185,7753293079.0,421,892590.8563256923,15226084.25575364,36166.47091627943,0.0004664659332205,Normal
2022-01-02,17.50184784,7871351889.0,412,562621.4659627469,9846915.288797734,23900.279827178965,0.0003036362770235,Normal
2022-01-03,18.34843692,8343500804.0,457,1495123.2059680251,27433173.83233248,60028.826766591854,0.0007194681007019,Normal
2022-01-04,18.43800155,8317395674.0,500,1542565.959068978,28441833.544291053,56883.66708858211,0.000683911999839,Normal
2022-01-05,18.34947387,8379921295.0,506,679633.7385584356,12470921.526848426,24646.089974008748,0.0002941088478803,Normal
2022-01-06,17.26282263,7817771110.0,488,662988.3936896987,11445051.046013877,23452.97345494647,0.0002999956525325,Normal
2022-01-07,17.11255044,7771888609.0,613,947271.1103355417,16210224.655971758,26444.085898812,0.0003402530225174,Normal
2022-01-08,15.79027176,7162044296.0,431,4716528.437268177,74475265.78823262,172796.4403439272,0.0024126692492035,Small Whale Orders
2022-01-09,14.92728838,6790463199.0,401,439957.5516963338,6567373.249129933,16377.489399326518,0.0002411836854036,Normal
2022-01-10,15.82333764,7121755730.0,408,1092645.0575891596,17289291.666910514,42375.71486987871,0.000595017808479,Normal
2022-01-11,15.1539663,6860283160.0,386,692723.2205666462,10497504.339694424,27195.60709765395,0.0003964210581892,Normal
2022-01-12,15.97779568,7245529400.0,396,222357.73593003067,3552786.4725574246,8971.683011508649,0.0001238237058496,Normal
2022-01-13,16.29048591,7388383970.0,389,513167.3382169172,8359745.292694895,21490.347796130834,0.0002908666886208,Normal
2022-01-14,15.52612016,7028508057.0,407,437486.0347677951,6792460.744126724,16689.0927374121,0.0002374485822889,Normal
2022-01-15,15.89940701,7150804295.0,339,419797.549718768,6674532.104779403,19688.885264836,0.0002753380522328,Normal
2022-01-16,16.5192619,7456401716.0,376,1141203.0923368772,18851832.76340276,50137.85309415626,0.0006724135179917,Normal
2022-01-17,17.81739846,8061471200.0,355,489582.2935230752,8723082.802661307,24572.064232848752,0.0003048086834677,Normal
2022-01-18,16.67824659,7548770208.0,418,645253.8146299273,10761702.233536078,25745.69912329205,0.000341058191121,Normal
2022-01-19,16.02754175,7261510284.0,430,1063113.9251521945,17039102.820383176,39625.82051251901,0.0005456966796539,Normal
2022-01-20,15.22755918,6927607149.0,416,1673663.083954662,25485803.658300925,61263.951101684914,0.00088434505283,Normal
2022-01-21,14.50677956,6594573194.0,472,1157814.7237643683,16796162.968971983,35585.091035957594,0.0005396117381536,Normal
2022-01-22,12.6860085,5772334731.0,603,2970901.3837452307,37688880.20685376,62502.288900254985,0.001082790444646,Small Whale Orders
2022-01-23,11.136931,5017654025.0,415,1024865.2222657164,11413853.26467295,27503.26087873,0.0005481298778611,Normal
2022-01-24,11.45787884,5198687603.0,498,1186422.166201729,13593881.433429755,27296.950669537666,0.0005250738792957,Normal
2022-01-25,10.70616421,4853155187.0,449,902498.2293291412,9662294.242432024,21519.586286040143,0.0004434143450364,Normal
2022-01-26,10.60169522,4811642020.0,406,1299966.990666435,13781853.831106134,33945.4527859757,0.0007054858330041,Normal
2022-01-27,10.58696644,4813169166.0,347,1715156.6034991543,18158305.40058993,52329.410376339874,0.0010872131972005,Small Whale Orders
2022-01-28,10.35488754,4685739364.0,339,2368772.7067284854,24528374.98599487,72355.08845426216,0.0015441552086775,Small Whale Orders
2022-01-29,10.64818653,4821733206.0,318,699487.5065226095,7448273.4448573375,23422.243537287224,0.0004857639885205,Normal
2022-01-30,11.16083508,5029897517.0,342,311379.1565142646,3475251.413205215,10161.553839781329,0.0002020230791072,Normal
2022-01-31,10.8129835,4891557632.0,329,1263904.3095511624,13666576.444755612,41539.74603269183,0.0008492130555907,Normal
2022-02-01,11.82156876,5350103702.0,353,1439619.8857127246,17018565.467216317,48211.233618176535,0.0009011270865675,Normal
2022-02-02,11.13170687,5081481682.0,345,678713.5864007628,7555240.692499709,21899.24838405713,0.0004309618681029,Normal
2022-02-03,10.52718608,4797674243.0,363,1715760.9039804798,18062134.304991525,49757.94574377831,0.0010371263913213,Small Whale Orders
2022-02-04,10.37585212,4721507053.0,378,1185604.2581825564,12301654.455744505,32544.059406731496,0.0006892727055454,Normal
2022-02-05,11.16271937,5051122013.0,378,1123495.907369967,12541269.527314456,33177.961712472104,0.0006568434028535,Normal
2022-02-06,11.27329712,5158545600.0,371,560115.7307404199,6314351.054222671,17019.81416232526,0.0003299343551857,Normal
2022-02-07,11.67235262,5282571242.0,415,1281642.2251138908,14959779.984210752,36047.66261255603,0.0006823885748279,Normal
2022-02-08,12.42031506,5701985420.0,376,1317201.078469005,16360052.391956825,43510.77763818304,0.0007630811802072,Normal
2022-02-09,11.97503278,5456125251.0,365,576472.2765965915,6903274.409005409,18913.08057261756,0.0003466394135499,Normal
2022-02-10,12.34153098,5637974828.0,382,754918.8488355459,9316854.360289829,24389.671100235148,0.000432596310631,Normal
2022-02-11,11.46695508,5231067792.0,404,1753249.281621112,20104430.756391563,49763.44246631575,0.0009513056309922,Normal
2022-02-12,10.63960006,4839679350.0,375,817398.935730099,8696797.765637897,23191.46070836773,0.0004791941579428,Normal
2022-02-13,10.63106068,4834121995.0,415,342466.23362137616,3640779.310479906,8772.962193927484,0.0001814799502991,Normal
2022-02-14,10.40167687,4745683194.0,480,266890.1149296847,2776104.7352957428,5783.551531866131,0.0001218697349873,Normal
2022-02-15,10.63320183,4857521465.0,391,388400.2273612816,4129938.008350397,10562.501300128892,0.0002174463124092,Normal
2022-02-16,11.45787248,5247839830.0,340,524120.0359264032,6005300.535857746,17662.648634875724,0.0003365698879356,Normal
2022-02-17,11.27543066,5182355554.0,408,754346.270158951,8505579.06280688,20847.007506879607,0.0004022689545256,Normal
2022-02-18,10.38468291,4738850793.0,336,863111.654399132,8963140.846860493,26676.01442518004,0.0005629215940832,Normal
2022-02-19,10.18884899,4664136976.0,420,211538.14356796737,2155330.2004389595,5131.738572473713,0.0001100254687818,Normal
2022-02-20,10.04208753,4578536050.0,488,1068630.9212842523,10731285.248801004,21990.338624592223,0.0004802919182997,Normal
2022-02-21,9.37299276,4304788308.0,357,546053.1859388624,5118152.558379891,14336.561788178968,0.0003330375563773,Normal
2022-02-22,8.575630302,3920300518.0,452,1387223.7874767166,11896318.34754054,26319.288379514463,0.000671358949618,Normal
2022-02-23,8.885495197,4058842543.0,317,442476.3913092161,3931621.849763932,12402.592586006094,0.0003055696902407,Normal
2022-02-24,8.796991217,4025018294.0,406,1024041.024516509,9008479.898519412,22188.374134284262,0.0005512614481121,Normal
2022-02-25,8.826630645,4020537310.0,432,3348327.66098762,29554451.54197449,68413.0822730891,0.001701590533756,Small Whale Orders
2022-02-26,9.253796653,4237673500.0,465,203127.4890099521,1879700.477932589,4042.366619209869,9.539117676739062e-05,Retail Orders
2022-02-27,9.012953853,4107259775.0,566,613278.3219699486,5527449.214960422,9765.811333852336,0.0002377695073804,Normal
2022-02-28,9.831894658,4478401196.0,584,4075201.241465314,40066949.31623779,68607.78992506472,0.0015319706056336,Small Whale Orders
2022-03-01,10.52503075,4787537581.0,481,1092342.1029210489,11496934.222763704,23902.15015127589,0.000499257702877,Normal
2022-03-02,10.34288171,4714482330.0,593,1836906.7650572644,18998909.383286048,32038.63302409114,0.0006795790244077,Normal
2022-03-03,10.04315239,4576049356.0,363,1351465.611540426,13572975.08654504,37391.11594089543,0.0008171047344991,Normal
2022-03-04,9.553477533,4376770207.0,326,548972.240331216,5244593.964244949,16087.711546763649,0.0003675703951976,Normal
2022-03-05,8.795329083,4025606412.0,303,271956.2192596428,2391944.444557061,7894.206087647066,0.0001960997991287,Normal
2022-03-06,9.027803426,4110442816.0,298,301253.21163821145,2719654.7761209486,9126.3583091307,0.0002220285919951,Normal
2022-03-07,8.480805436,3874731290.0,335,666145.425731036,5649449.747706304,16864.02909763076,0.0004352309317849,Normal
2022-03-08,8.33128843,3812712781.0,386,401035.8859205426,3341145.636384617,8655.817710840976,0.0002270251710009,Normal
2022-03-09,8.831294623,4035386858.0,388,1906828.2245476104,16839761.846431952,43401.44805781431,0.001075521370938,Small Whale Orders
2022-03-10,9.199759013,4194225960.0,326,286998.9198719524,2640320.8998132586,8099.143864457848,0.0001931022301063,Normal
2022-03-11,8.678539792,3962379574.0,346,363893.9098483466,3158067.776685337,9127.36351643161,0.0002303505594547,Normal
2022-03-12,8.547459479,3915053740.0,301,263687.8217817313,2253860.971785122,7487.910205266186,0.000191259448849,Normal
2022-03-13,8.491282471,3879549736.0,330,193146.06648640943,1640057.808698649,4969.872147571664,0.0001281043545196,Normal
2022-03-14,8.189723818,3735854603.0,308,235729.1480271194,1930556.618194548,6268.040968164115,0.0001677806455082,Normal
2022-03-15,8.479568027,3870636331.0,334,308602.27067772084,2616813.9474984007,7834.772297899403,0.0002024156140723,Normal
2022-03-16,8.704165867,3983593852.0,377,630774.7981463344,5490368.467789139,14563.311585647583,0.0003655822387198,Normal
2022-03-17,9.09463153,4184960569.0,300,302231.1894889357,2748681.30527548,9162.271017584932,0.0002189332698963,Normal
2022-03-18,9.229875963,4204808400.0,274,1280289.0247148646,11816908.89490844,43127.40472594322,0.0010256687254987,Small Whale Orders
2022-03-19,9.648556773,4405149547.0,321,387332.8279776877,3737202.780789362,11642.376264141316,0.0002642901481533,Normal
2022-03-20,9.701114347,4425351861.0,371,143886.960174449,1395863.853694565,3762.436263327668,8.502004770480484e-05,Retail Orders
2022-03-21,9.321216119,4256486481.0,304,2334035.5524045583,21756049.813392445,71565.95333352778,0.0016813386734101,Small Whale Orders
2022-03-22,9.34043781,4241776803.0,333,822131.0994959921,7679064.4065092355,23060.253473000703,0.0005436460837989,Normal
2022-03-23,9.754439051,4458552368.0,307,315243.3612344013,3075022.153393344,10016.35880584151,0.0002246549547725,Normal
2022-03-24,9.959023245,4538889445.0,374,1858991.054581846,18513735.124827668,49501.96557440553,0.0010906184469625,Small Whale Orders
2022-03-25,10.75605674,4916324686.0,361,1029841.2335961108,11077030.741751362,30684.295683521777,0.0006241307814941,Normal
2022-03-26,10.59594867,4834139134.0,283,374434.69001006894,3967490.755614053,14019.40196330054,0.0002900082429299,Normal
2022-03-27,10.59029918,4831873621.0,337,645175.0349923528,6832596.644035986,20274.767489721027,0.0004196046726388,Normal
2022-03-28,11.36912551,5187071220.0,394,1083939.4804456327,12323443.998430591,31277.77664576292,0.0006029949333482,Normal
2022-03-29,10.90533119,5035856922.0,378,763504.376302692,8326268.088595244,22027.16425554297,0.0004374064751385,Normal
2022-03-30,11.23560934,5128474102.0,358,958365.9775205284,10767825.728167878,30077.72549767564,0.0005864848861369,Normal
2022-03-31,11.72397248,5371278315.0,403,612801.4993568652,7184467.914162626,17827.46380685515,0.0003319035574282,Normal
2022-04-01,11.27391679,5113517891.0,305,1140830.1805950569,12861624.527549343,42169.26074606342,0.0008246624270207,Normal
2022-04-02,11.56187019,5274434747.0,288,504663.9673811915,5834859.280431731,20259.92805705462,0.0003841156262019,Normal
2022-04-03,11.64144098,5356540270.0,268,330398.4625927383,3846314.202156101,14351.91866476157,0.0002679326195892,Normal
2022-04-04,11.84064017,5397825243.0,294,617571.1926951008,7312438.272060421,24872.23902061368,0.0004607825911531,Normal
2022-04-05,11.51451186,5245982095.0,265,514463.60651408654,5923797.298744823,22353.95207073518,0.0004261156760721,Normal
2022-04-06,11.12138973,5097265688.0,349,1023184.516366452,11379233.772212878,32605.254361641484,0.0006396616609254,Normal
2022-04-07,9.958215435,4574274288.0,275,945521.4487061414,9415706.284629058,34238.931944105665,0.0007485106879997,Normal
2022-04-08,10.50879462,4801989903.0,303,1175354.2535447297,12351556.45624497,40764.21272688109,0.0008489025081334,Normal
2022-04-09,9.700015782,4411239545.0,288,358166.7540692657,3474223.1670595896,12063.274885623576,0.0002734667832604,Normal
2022-04-10,10.06168361,4592010164.0,213,349333.33723673306,3514881.5137014394,16501.791144138213,0.0003593587678334,Normal
2022-04-11,9.899916003,4554458781.0,265,371918.611566428,3681963.014460021,13894.200054566118,0.0003050680821292,Normal
2022-04-12,8.973346928,4108833899.0,257,337437.9567208697,3027947.8523318134,11781.898258100442,0.0002867455474646,Normal
2022-04-13,9.338132942,4258624291.0,259,362844.4652623797,3388289.8538890025,13082.200208065646,0.0003071931054287,Normal
2022-04-14,9.66993117,4417528136.0,256,848761.0121175938,8207460.566956668,32060.392839674485,0.0007257541288396,Normal
2022-04-15,9.480959756,4332695040.0,216,2607669.8560025124,24723212.961694136,114459.31926710247,0.0026417580330579,Small Whale Orders
2022-04-16,9.782725248,4464839716.0,273,173925.01621495566,1701460.647384856,6232.456583827311,0.0001395897049001,Normal
2022-04-17,9.681017669,4420026618.0,242,722084.1360827178,6990509.279921392,28886.401983146246,0.0006535345707084,Normal
2022-04-18,9.248984013,4210176507.0,262,424148.00707608287,3922938.136592501,14973.04632287214,0.0003556393965425,Normal
2022-04-19,9.408531798,4284331897.0,248,1017558.848258844,9573734.78017959,38603.7692749177,0.0009010452551995,Normal
2022-04-20,9.542325419,4355102439.0,238,353677.2113581547,3374903.0440639555,14180.264891025025,0.0003256011790685,Normal
2022-04-21,9.315655273,4249790882.0,289,635995.5647017163,5924715.435918156,20500.745453004,0.0004823942170857,Normal
2022-04-22,8.854250697,4036339290.0,267,556902.915645247,4930958.02901326,18468.0075993006,0.0004575434886025,Normal
2022-04-23,8.914595924,4062047233.0,228,1291993.715606182,11517601.910976486,50515.79785516002,0.0012436043934883,Small Whale Orders
2022-04-24,8.92756022,4089790092.0,265,1137196.6800577098,10152391.84319928,38310.91261584633,0.0009367452058428,Normal
2022-04-25,8.708833046,3986891472.0,275,517374.9412051671,4505731.985139866,16384.47994596315,0.0004109587647677,Normal
2022-04-26,8.748473414,3993084205.0,265,403548.01264885,3530429.059931,13322.373811060375,0.0003336361851417,Normal
2022-04-27,7.989289101,3644347511.0,275,288075.0725101954,2301515.0370754884,8369.145589365413,0.0002296472980171,Normal
2022-04-28,8.208366291,3745292828.0,281,124200.34194949006,1019481.9001888676,3628.049466864297,9.686958092410865e-05,Retail Orders
2022-04-29,8.159683773,3723644918.0,395,317198.96591688896,2588243.2550044185,6552.514569631439,0.0001759704459992,Normal
2022-04-30,7.631518579,3484938981.0,309,658963.7483385981,5028894.088333492,16274.738149946576,0.0004670020978466,Normal
2022-05-01,6.797648835,3102491917.0,223,576073.4606903511,3915945.088936184,17560.291878637596,0.0005660060476682,Normal
2022-05-02,7.128141303,3254761882.0,294,623050.0910960629,4441189.088179759,15106.08533394476,0.0004641225958029,Normal
2022-05-03,6.943098533,3172746797.0,309,1361099.0414376657,9450244.757873563,30583.316368522857,0.0009639381370565,Normal
2022-05-04,6.859513751,3129667065.0,275,2405064.62032198,16497573.835142212,59991.17758233532,0.0019168549349301,Small Whale Orders
2022-05-05,7.967551131,3630133119.0,239,601612.7720398679,4793380.522290295,20055.98544891337,0.0005524862254758,Normal
2022-05-06,7.333328468,3333194181.0,298,2119323.120449832,15541692.572085349,52153.3307788099,0.00156466524141,Small Whale Orders
2022-05-07,7.629119193,3483253625.0,220,424541.796928097,3238879.9711748534,14722.181687158423,0.0004226560357676,Normal
2022-05-08,7.192052219,3289505349.0,311,723407.9739191949,5202787.924067839,16729.22162079691,0.0005085634417917,Normal
2022-05-09,7.103723825,3249417428.0,375,1978554.6807286849,14055106.024557628,37480.28273215368,0.0011534462272895,Small Whale Orders
2022-05-10,6.028475447,2779604666.0,384,1199638.549531652,7231991.541126258,18833.311305016297,0.0006775535936956,Normal
2022-05-11,6.065574443,2766560088.0,540,2497821.1573192985,15150720.17502062,28056.889213001148,0.0010141434966367,Small Whale Orders
2022-05-12,4.86517913,2231130705.0,687,3595189.986897008,17491243.292636294,25460.32502567146,0.0011411400044208,Small Whale Orders
2022-05-13,4.682426162,2160254657.0,554,9860208.187639743,46169696.78057093,83338.80285301612,0.0038578230850223,Small Whale Orders
2022-05-14,5.08102818,2310355265.0,456,798545.5074495578,4057432.226363603,8897.877689393867,0.0003851302794937,Normal
2022-05-15,5.19650056,2370053324.0,444,429276.059627151,2230733.284247084,5024.174063619557,0.0002119856972306,Normal
2022-05-16,5.448514899,2483831972.0,446,1954506.7933314587,10649159.383663166,23877.03897682324,0.0009612984793652,Normal
2022-05-17,5.044071874,2304277543.0,351,705469.9585220821,3558441.175733181,10138.00904767288,0.0004399647550474,Normal
2022-05-18,5.488522944,2503550357.0,362,959779.3151825948,5267770.792556278,14551.853018111266,0.0005812486646183,Normal
2022-05-19,4.889554713,2233139019.0,343,3172692.690387048,15513054.497182636,45227.564131727806,0.0020252910251857,Small Whale Orders
2022-05-20,5.19658289,2372592744.0,321,834957.4170189062,4338925.427159043,13516.90164224001,0.0005697101483776,Normal
2022-05-21,5.113347898,2334568902.0,272,365208.6468872979,1867438.8668925888,6865.584069458047,0.0002940835913464,Normal
2022-05-22,5.254547562,2398287637.0,322,467366.21888334746,2455798.025994652,7626.70194408277,0.0003180061401485,Normal
2022-05-23,5.512927698,2521147054.0,344,2321901.1933991453,12800473.401109405,37210.6784915971,0.0014759424061583,Small Whale Orders
2022-05-24,5.624137433,2565164297.0,328,455874.48489634536,2563900.7552551287,7816.770595290027,0.0003047278727694,Normal
2022-05-25,5.597277751,2554018625.0,275,352607.60276708176,1973642.689801633,7176.882508369573,0.0002810035305975,Normal
2022-05-26,5.617416101,2568869893.0,355,775564.2518992753,4356667.115979009,12272.30173515214,0.0004777315413518,Normal
2022-05-27,4.975035293,2272151482.0,371,2350838.272235309,11695503.372505805,31524.26785041996,0.0013874192852085,Small Whale Orders
2022-05-28,4.674746833,2128185857.0,311,441497.06558827375,2063887.009137576,6636.292633882882,0.0003118286221128,Normal
2022-05-29,4.994720793,2285350463.0,261,632160.6229058828,3157465.807743845,12097.570144612431,0.0005293529522264,Normal
2022-05-30,4.947217053,2257235919.0,302,739296.4687352173,3657460.0973495487,12110.795024336254,0.0005365320887548,Normal
2022-05-31,5.64655231,2577478218.0,293,895101.2036492167,5054235.769149265,17249.951430543566,0.0006692569236891,Normal
2022-06-01,5.698207198,2608012125.0,266,958814.7598194036,5463525.165951567,20539.568293051,0.0007875564724627,Normal
2022-06-02,5.163742402,2366107700.0,220,965378.488357274,4984965.834309119,22658.935610495995,0.0009576459943262,Normal
2022-06-03,5.31472254,2430594073.0,221,957844.8825196258,5090679.786950707,23034.75016719777,0.000947700417074,Normal
2022-06-04,5.072534909,2311317082.0,200,275536.21805350657,1397667.084770248,6988.33542385124,0.0003023529518418,Normal
2022-06-05,5.130145771,2331778655.0,192,186439.20683596624,956460.3084981265,4981.564106761075,0.0002136379495574,Normal
2022-06-06,5.095311658,2326013452.0,233,2222380.697904733,11323722.278548164,48599.66643153719,0.0020893974791826,Small Whale Orders
2022-06-07,5.374565248,2430474810.0,221,578269.9979914929,3107949.835166107,14063.121426090982,0.0005786162180422,Normal
2022-06-08,5.258954949,2407250762.0,173,291901.1103216298,1535094.78874453,8873.380281760288,0.0003686105503353,Normal
2022-06-09,5.077872758,2320764185.0,199,853997.8019450511,4336492.1738886535,21791.417959239465,0.0009389759674888,Normal
2022-06-10,5.2015051,2378244368.0,206,429308.07236481854,2233048.127876773,10840.039455712493,0.0004558000683852,Normal
2022-06-11,4.814774973,2194354193.0,272,572495.2919129542,2756436.003662821,10133.955895819194,0.000461819515197,Normal
2022-06-12,4.366809131,1993951073.0,307,1012963.6029314424,4423418.710651681,14408.53000212274,0.0007226120137664,Normal
2022-06-13,4.117554746,1897060922.0,494,1518276.603403345,6251587.034084203,12655.034481951829,0.0006670863510598,Normal
2022-06-14,3.605528852,1635283477.0,476,544166.3745271135,1962007.5636457456,4121.86462950787,0.0002520581102592,Normal
2022-06-15,3.901940054,1781552368.0,471,1211408.228462173,4726842.288381736,10035.758574058887,0.0005633153846229,Normal
2022-06-16,4.391507474,2005655089.0,467,1460150.248534975,6412260.7296043,13730.751026989936,0.000684601809269,Normal
2022-06-17,3.833223301,1741778376.0,423,1215340.7248248504,4658672.385052846,11013.409893741951,0.0006323083375873,Normal
2022-06-18,3.949137577,1811446897.0,480,2018320.283715816,7970624.474843431,16605.467655923814,0.0009166963538056,Normal
2022-06-19,3.650215235,1665428166.0,460,852476.3098069798,3111722.013534018,6764.613072900039,0.0004061786158659,Normal
2022-06-20,4.174484368,1907863860.0,474,1238532.075908498,5170232.7901466135,10907.66411423336,0.0005717213027051,Normal
2022-06-21,4.312163531,1957253572.0,452,1628355.2350103606,7021734.059924613,15534.80986708985,0.0007937045096929,Normal
2022-06-22,4.749206648,2169119975.0,549,1417855.830509825,6733690.33616282,12265.374018511511,0.0005654539241662,Normal
2022-06-23,5.017461831,2290499198.0,403,1063132.7304825536,5334227.896483024,13236.297509883434,0.0005778782861587,Normal
2022-06-24,5.630104484,2567950758.0,430,659434.4303641758,3712684.743297333,8634.15056580775,0.0003362272636618,Normal
2022-06-25,5.508927136,2526544170.0,326,304987.5203408663,1680154.02694715,5153.84670842684,0.0002039879915666,Normal
2022-06-26,5.629471742,2575547875.0,275,411710.754550738,2317714.058620877,8428.051122257735,0.000327233331753,Normal
2022-06-27,5.607490145,2569357371.0,351,1519806.1787438712,8522298.169616366,24280.05176528879,0.0009449853897061,Normal
2022-06-28,5.338196411,2436652532.0,401,1263126.9123172855,6742819.549969646,16815.01134655772,0.0006900865480707,Normal
2022-06-29,4.907910357,2234493684.0,370,948993.0658093838,4657572.896407057,12588.034855154208,0.0005633506572558,Normal
2022-06-30,5.091088447,2328717822.0,420,1927980.6445829107,9815519.985675668,23370.285680180164,0.0010035688076672,Small Whale Orders
2022-07-01,4.918530168,2215983426.0,499,801259.0520963592,3941016.8201190266,7897.829298835724,0.0003564029047406,Normal
2022-07-02,4.867836453,2242111815.0,633,529458.7267166415,2577318.4902702323,4071.5931915801457,0.0001815963487788,Normal
2022-07-03,4.919960848,2244933280.0,466,594211.5916951639,2923497.766567968,6273.600357441991,0.0002794559826491,Normal
2022-07-04,4.920433297,2245233200.0,505,562867.3087969273,2769551.0479971822,5484.259500984519,0.0002442623555087,Normal
2022-07-05,5.273515888,2399880140.0,415,1187414.7848302198,6261850.733448266,15088.796948068111,0.0006287312727238,Normal
2022-07-06,5.311673528,2428327366.0,408,625854.1174297878,3324332.747941608,8147.874382209822,0.0003355344298421,Normal
2022-07-07,5.356435551,2448794352.0,459,1099730.5894677013,5890636.025946981,12833.629686159,0.0005240795200167,Normal
2022-07-08,5.751989758,2631559060.0,402,4253578.637636335,24466540.75853179,60862.04168789003,0.0023127750622435,Small Whale Orders
2022-07-09,5.85343016,2685487137.0,459,1967643.8030104104,11517465.580678234,25092.517604963472,0.0009343748945673,Normal
2022-07-10,6.473935896,2960165941.0,381,656971.3631188278,4253190.490339031,11163.229633435776,0.0003771149947649,Normal
2022-07-11,6.255603208,2855617702.0,455,772325.8278616796,4831363.926392779,10618.382255808305,0.0003718418697422,Normal
2022-07-12,5.571983773,2546480949.0,394,1138515.1360646463,6343787.863467096,16100.984425043393,0.0006322837180999,Normal
2022-07-13,5.563105033,2564727486.0,503,775665.4052152963,4315108.1196772,8578.743776694235,0.0003344894856674,Normal
2022-07-14,6.119881082,2786677617.0,609,8126921.555353425,49735793.481505446,81667.96959196296,0.0029306572491109,Small Whale Orders
2022-07-15,6.991544178,3204133462.0,519,4563152.816047028,31903484.504357897,61471.06840916744,0.0019184927575019,Small Whale Orders
2022-07-16,6.797084793,3102356709.0,575,3279038.4236118803,22287902.204795003,38761.569051817394,0.0012494233477204,Small Whale Orders
2022-07-17,7.365305151,3362308428.0,507,345992.16365691053,2548337.8651878783,5026.307426406072,0.0001494897786457,Normal
2022-07-18,6.983129333,3203953492.0,546,11270904.985332085,78706187.21252841,144150.5260302718,0.0044991453961552,Small Whale Orders
2022-07-19,7.327318978,3331415857.0,554,763792.324010093,5596549.99096988,10102.075795974511,0.0003032367086429,Normal
2022-07-20,7.334480007,3347415398.0,538,604379.6652351164,4432810.571304314,8239.42485372549,0.000246142885602,Normal
2022-07-21,6.892589114,3151059067.0,476,996271.3492802612,6866889.05663922,14426.23751394794,0.0004578218690036,Normal
2022-07-22,7.208311025,3297766135.0,433,951141.8672478932,6856126.408022076,15834.010180189553,0.0004801435132752,Normal
2022-07-23,6.902376937,3146249214.0,427,273903.0228723106,1890581.90804842,4427.592290511522,0.0001407260515413,Normal
2022-07-24,6.994807073,3191012713.0,381,268577.6713902409,1878648.995490327,4930.837258504796,0.0001545226453789,Normal
2022-07-25,7.225943172,3306860208.0,452,761817.6276432746,5504850.884778159,12178.873638889732,0.0003682911545346,Normal
2022-07-26,7.133954867,3285006361.0,443,1175677.9163375492,8387233.193280678,18932.80630537399,0.0005763400196159,Normal
2022-07-27,6.629252239,3014804316.0,522,2471500.4204333583,16384199.69584728,31387.355739171035,0.0010411075628555,Small Whale Orders
2022-07-28,8.038194233,3678876652.0,587,2665435.63893908,21425289.38135278,36499.64119480882,0.000992140934515,Normal
2022-07-29,9.25636579,4232153605.0,479,937015.0274095056,8673353.84442926,18107.21053116756,0.0004278486137595,Normal
2022-07-30,8.991849967,4145467057.0,513,753215.720393948,6772802.750568203,13202.344543017938,0.0003184766483845,Normal
2022-07-31,8.765900906,4001542453.0,411,916722.8488090938,8035901.650926537,19552.07214337357,0.0004886133877878,Normal
2022-08-01,8.412465354,3845847930.0,417,1443269.536054005,12141454.968537968,29116.19896531887,0.0007570813899893,Normal
2022-08-02,8.377634718,3815484195.0,402,936614.7250365996,7846616.03785664,19518.94536780259,0.0005115719098871,Normal
2022-08-03,8.350359333,3837897819.0,457,2315736.1786717824,19337229.21233768,42313.411843189664,0.0011025153310156,Small Whale Orders
2022-08-04,8.985543555,4133901494.0,408,1432667.9097678766,12873299.903070066,31552.205644779573,0.0007632548983224,Normal
2022-08-05,8.863029602,4030756422.0,450,635126.9876307237,5629149.292400192,12509.220649778204,0.000310344246591,Normal
2022-08-06,8.919415214,4065885764.0,398,237611.7218469448,2119357.6068663755,5325.019112729587,0.0001309682421448,Normal
2022-08-07,8.790799895,4022743106.0,374,490949.2575393208,4315836.681626989,11539.670271729916,0.0002868607307913,Normal
2022-08-08,8.791039114,4009261907.0,427,1263341.864910488,11106087.748781804,26009.57318215879,0.0006487371936651,Normal
2022-08-09,8.797866249,4023057671.0,374,875627.7943882569,7703656.218934757,20598.011280574217,0.0005119989064301,Normal
2022-08-10,8.465852753,3860658584.0,362,1147621.385958461,9715593.669718117,26838.656546182643,0.0006951833725316,Normal
2022-08-11,9.200482238,4196736468.0,359,856193.5733798209,7877393.764170792,21942.60101440332,0.0005228491515184,Normal
2022-08-12,8.953902224,4089900554.0,360,737107.9030814833,6599992.0927292695,18333.31136869241,0.000448258120867,Normal
2022-08-13,9.231492767,4190990118.0,331,1013386.3283755676,9355068.56057574,28263.04701080284,0.0006743763696653,Normal
2022-08-14,8.992172964,4105231517.0,342,506792.2909902486,4557163.937406134,13325.040752649516,0.0003245868277457,Normal
2022-08-15,8.86802402,4048858035.0,365,760594.6951358549,6744972.025949338,18479.375413559832,0.000456409566693,Normal
2022-08-16,8.487596374,3870731351.0,359,810926.7426634451,6882818.880609889,19172.19743902476,0.0004953120147196,Normal
2022-08-17,8.358089344,3806961895.0,348,351940.5747444294,2941550.7674926505,8452.732090496122,0.0002220335354971,Normal
2022-08-18,7.951894537,3629095690.0,382,733355.8949222189,5831568.734508739,15265.886739551672,0.0004206526375597,Normal
2022-08-19,7.614274032,3486610729.0,486,2928522.4884254066,22298572.7357456,45881.83690482633,0.0013159437766654,Small Whale Orders
2022-08-20,6.911861542,3144755426.0,336,1231631.6330631631,8512867.318479933,25335.91463833313,0.0008056561228533,Normal
2022-08-21,7.018483201,3198136658.0,376,633968.1820985959,4449495.036027504,11833.763393690171,0.0003700205669475,Normal
2022-08-22,7.238980059,3310168837.0,372,819463.5521074089,5932080.31278284,15946.452453717313,0.0004817413624185,Normal
2022-08-23,6.979020006,3176263346.0,312,866339.081830362,6046197.784073767,19378.839051518484,0.0006101143683795,Normal
2022-08-24,7.131990486,3253049641.0,304,355043.8368817887,2532169.266753853,8329.504166953464,0.0002560521690776,Normal
2022-08-25,7.046408837,3215622229.0,349,659854.8108559925,4649606.770352629,13322.655502443064,0.0004143103434941,Normal
2022-08-26,7.033699817,3215555579.0,377,3965038.169249565,27888888.24544868,73975.8308897843,0.0023005614138005,Small Whale Orders
2022-08-27,6.133331977,2786909805.0,351,372809.3774648357,2286563.67613054,6514.4264277223365,0.0002337508883866,Normal
2022-08-28,6.073437822,2773082374.0,350,339638.6198673261,2062774.0397140991,5893.640113468855,0.0002125302936806,Normal
2022-08-29,5.764991998,2635501973.0,328,622211.035303435,3587041.6395915984,10936.102559730483,0.0004149533057371,Normal
2022-08-30,6.350542521,2907515708.0,291,504565.954224136,3204267.546949316,11011.228683674624,0.0003787160514172,Normal
2022-08-31,6.163301475,2819948141.0,284,363715.2604691045,2241686.801329241,7893.263384962117,0.0002799081043441,Normal
2022-09-01,6.125115169,2793283429.0,301,1705080.7478325733,10443815.952919155,34697.06296650883,0.0012421604841915,Small Whale Orders
2022-09-02,6.332898275,2888832071.0,316,811388.1618811988,5138438.690732864,16260.881932698936,0.0005628877530105,Normal
2022-09-03,6.382357382,2912133138.0,292,530455.8184981176,3385558.609016313,11594.378798001071,0.0003981404094032,Normal
2022-09-04,6.296323118,2877101943.0,258,1291529.9567507233,8131889.924279119,31518.953194880305,0.001095510476143,Small Whale Orders
2022-09-05,6.46554523,2950417551.0,308,850905.1384412306,5501565.659031188,17862.226165685675,0.0006054135001885,Normal
2022-09-06,6.580184684,3024417794.0,353,803579.4787001003,5287701.378119105,14979.324017334571,0.0004952795889196,Normal
2022-09-07,5.848429847,4410086495.0,365,1637032.0521365583,9574067.114211109,26230.320860852346,0.000594780190606,Normal
2022-09-08,6.12832252,4637926925.0,321,1089576.4037405755,6677275.612303982,20801.48165826785,0.0004485081803712,Normal
2022-09-09,6.172504175,4649226277.0,299,1758735.0461227112,10855799.414911252,36307.02145455268,0.0007809261002022,Normal
2022-09-10,6.498559738,4906096678.0,251,489086.1396201881,3178355.495349601,12662.770897807177,0.0002581027592584,Normal
2022-09-11,6.670928652,5025137963.0,322,228259.20471362653,1522700.8688068648,4728.884685735605,9.410457425356872e-05,Retail Orders
2022-09-12,6.485539388,4886424649.0,302,1473672.4312216633,9557560.59769782,31647.55164800602,0.0006476627375085,Normal
2022-09-13,6.6404591,4999751545.0,337,3553482.88524009,23596757.76198681,70020.05270619232,0.0014004706449106,Small Whale Orders
2022-09-14,6.042731256,4561491579.0,336,2417678.019243505,14609378.533826897,43480.29325543719,0.0009532034095077,Normal
2022-09-15,6.203048258,4660618941.0,312,2582915.745903322,16021951.018186372,51352.4071095717,0.0011018366392888,Small Whale Orders
2022-09-16,5.875800521,4438359067.0,488,4321685.156970268,25393359.89692387,52035.57355927023,0.0011724056745693,Small Whale Orders
2022-09-17,5.809428028,4378676492.0,892,8994957.982042052,52255561.011557415,58582.46750174598,0.0013379035333799,Small Whale Orders
2022-09-18,6.030038464,4543186170.0,528,421526.054102558,2541818.31981657,4814.0498481374425,0.0001059619761991,Normal
2022-09-19,5.468623026,4135201502.0,585,2451987.8091570497,13408996.99262754,22921.36238055989,0.0005542985600453,Normal
2022-09-20,5.483130974,4143772650.0,424,579245.0422331886,3176076.432604735,7490.746303313053,0.0001807711700426,Normal
2022-09-21,5.296145552,3998178210.0,434,1253041.9671045884,6636292.640550296,15290.99686762741,0.0003824491071804,Normal
2022-09-22,5.366569737,4035010356.0,397,833956.7021712239,4475486.799840412,11273.26649833857,0.0002793863089242,Normal
2022-09-23,5.750867463,4333435262.0,383,507897.70521569886,2920852.387457328,7626.246442447331,0.0001759861629714,Normal
2022-09-24,5.921914737,4484574255.0,351,895625.2448438082,5303816.336269782,15110.58785262046,0.0003369458725267,Normal
2022-09-25,5.797004572,4369588815.0,255,367948.03544187866,2132996.4437149884,8364.69193613721,0.0001914297269212,Normal
2022-09-26,5.66517806,4261519782.0,311,2517742.6809602254,14263460.596901448,45863.21735338086,0.0010762173989453,Small Whale Orders
2022-09-27,5.912863375,4443884657.0,331,1383175.7764475408,8178529.3897438515,24708.548005268432,0.0005560123610847,Normal
2022-09-28,6.392926808,4822931998.0,313,2768000.1710894504,17695622.498306334,56535.53513835889,0.0011722233521393,Small Whale Orders
2022-09-29,6.571668276,4955322885.0,297,1018202.2648906014,6691287.5227329135,22529.58761862934,0.0004546542806893,Normal
2022-09-30,6.366893069,4799652347.0,301,368858.07708024775,2348479.934406897,7802.258918295339,0.0001625588345616,Normal
2022-10-01,6.449789651,4860601043.0,329,1418448.0554100275,9148691.58826467,27807.57321660994,0.0005721015358102,Normal
2022-10-02,6.399746773,4823140321.0,373,310646.9996693867,1988062.1336762896,5329.9252913573455,0.0001105073652564,Normal
2022-10-03,6.253461922,4725134305.0,334,777353.0090557378,4861147.442082177,14554.333658928674,0.000308019470336,Normal
2022-10-04,6.640976048,5014935118.0,313,591836.169913591,3930369.828736216,12557.09210458855,0.0002503939095745,Normal
2022-10-05,6.654146001,5020100138.0,314,274495.0937120805,1826530.4301183608,5816.975892096691,0.0001158737023603,Normal
2022-10-06,6.795147586,5119652288.0,459,908672.4453677532,6174563.373605404,13452.207785632689,0.0002627562777488,Normal
2022-10-07,6.86487245,5178407295.0,490,448696.76351655467,3080246.050268961,6286.216429120329,0.0001213928544243,Normal
2022-10-08,6.753943368,5086229249.0,423,121289.82854425034,819184.6331022967,1936.606697641364,3.807548977510438e-05,Retail Orders
2022-10-09,6.515069127,4911460994.0,268,231277.1727062271,1506786.7676781877,5622.338685366372,0.0001144738539557,Normal
2022-10-10,6.630536518,4986924384.0,267,350165.74665740936,2321786.7705646893,8695.830601365877,0.0001743726179058,Normal
2022-10-11,6.401218423,4813719788.0,311,388675.8373594236,2487998.9306800943,7999.996561672329,0.0001661915714665,Normal
2022-10-12,5.986531542,4509618833.0,302,2480543.869260679,14849854.11464378,49171.70236637013,0.0010903738029153,Small Whale Orders
2022-10-13,6.058718228,4568938391.0,419,529303.8059419642,3206902.617210353,7653.705530334971,0.0001675160589911,Normal
2022-10-14,6.134284643,4623754177.0,366,485980.7078609619,2981143.993025768,8145.202166737071,0.0001761599309767,Normal
2022-10-15,6.300053685,4760731138.0,281,113705.77798142686,716352.5055776802,2549.297172874307,5.354843823306677e-05,Retail Orders
2022-10-16,6.044824429,4557244725.0,315,140044.65193320884,846545.333156663,2687.4455020846444,5.897084015132947e-05,Retail Orders
2022-10-17,6.103873212,4598676113.0,326,2116458.526882112,12918594.506544702,39627.59051087332,0.0008617173625002,Normal
2022-10-18,6.411170647,4828685697.0,321,5783555.793532817,37079363.13878439,115512.03470026288,0.0023922044620139,Small Whale Orders
2022-10-19,6.540104832,4936156273.0,298,579195.7671900502,3788001.0356735946,12711.412871387902,0.0002575164190185,Normal
2022-10-20,6.596896778,4955180899.0,345,290549.8977320942,1916727.684197082,5555.732417962557,0.0001121196689122,Normal
2022-10-21,6.086067563,4591490887.0,373,2695509.6162288785,16405053.641085155,43981.3770538476,0.0009578888020527,Normal
2022-10-22,6.031616746,4533125985.0,264,218164.12868614207,1315882.411959834,4984.403075605432,0.0001099550970367,Normal
2022-10-23,6.091262338,4590343043.0,348,269159.50260881585,1639521.1411558928,4711.267646999692,0.0001026343260812,Normal
2022-10-24,6.287377576,4733498802.0,263,239821.4924079697,1507848.2736087232,5733.263397751799,0.0001211210488809,Normal
2022-10-25,6.134578584,4618545541.0,354,1639860.4429861363,10059852.754291505,28417.66314771611,0.0006152946397398,Normal
2022-10-26,6.57251653,4950636963.0,354,3079326.80516096,20238926.328192502,57172.10827173024,0.0011548434817382,Small Whale Orders
2022-10-27,6.719826319,5062240014.0,331,554613.8597130292,3726908.811381788,11259.543236802983,0.0002224221531508,Normal
2022-10-28,6.83093161,5160129016.0,320,441787.5942305399,3017820.842335249,9430.690132297652,0.0001827607430561,Normal
2022-10-29,6.871135838,5173563934.0,409,790450.6406105455,5431293.724869177,13279.446760071336,0.0002566788954283,Normal
2022-10-30,7.070248425,5317522718.0,433,614549.1858595283,4345015.413408361,10034.677629118618,0.0001887096334379,Normal
2022-10-31,6.900161241,5195567237.0,368,601679.5901805757,4151686.187664773,11281.755944741231,0.0002171419487057,Normal
2022-11-01,6.973267147,5245239507.0,346,377319.8004443371,2631151.7683510915,7604.484879627432,0.0001449787920928,Normal
2022-11-02,7.126841471,5375258887.0,418,690169.4986723121,4918728.605157114,11767.293313773,0.0002189158431463,Normal
2022-11-03,7.097751966,5351315424.0,307,831972.3186139216,5905133.160099541,19234.961433549,0.0003594436117012,Normal
2022-11-04,6.931824542,5216773780.0,416,1235531.440704435,8564487.163087621,20587.709526652936,0.0003946444755872,Normal
2022-11-05,7.536891047,5672097329.0,374,405490.9340518486,3056140.990495045,8171.499974585682,0.0001440648758406,Normal
2022-11-06,7.685619213,5811914191.0,478,972594.2149151468,7474988.784604504,15638.051850637035,0.0002690688701986,Normal
2022-11-07,7.077442954,5349861013.0,768,1498048.326694028,10602351.57451214,13805.14527931268,0.0002580468024452,Normal
2022-11-08,7.011834985,5278342716.0,869,2301900.689557656,16140547.787035994,18573.70286195166,0.0003518851249588,Normal
2022-11-09,6.058522969,4595361547.0,1287,4185817.888384332,25359873.82082755,19704.64166342467,0.0004287941538852,Normal
2022-11-10,4.852348641,3662750561.0,1254,3474638.7602594225,16860158.66631073,13445.102604713502,0.0003670766649488,Normal
2022-11-11,5.761467724,4335997316.0,1377,2940862.7952177366,16943686.07535941,12304.782916019907,0.0002837820694817,Normal
2022-11-12,6.115676589,4535346870.0,1423,1503188.9534385218,9193017.49138738,6460.307442998862,0.0001424435137636,Normal
2022-11-13,5.543875687,4167838210.0,2221,1607639.213331416,8912551.948255844,4012.855447211096,9.628145923666014e-05,Retail Orders
2022-11-14,5.826857975,4351154810.0,1660,3148260.465827526,18344466.602684338,11050.883495592974,0.0002539758748687,Normal
2022-11-15,6.071890571,4586662908.0,1266,5454079.193997353,33116572.031519808,26158.429724739184,0.0005703150689167,Normal
2022-11-16,6.292715851,4746335342.0,1339,3691148.494634955,23227348.64058417,17346.787632997886,0.0003654774975442,Normal
2022-11-17,5.973992823,4489495045.0,1214,2134736.1039349213,12752898.163906202,10504.85845461796,0.0002339875275353,Normal
2022-11-18,5.743560842,4334500341.0,1017,1020589.9574957944,5861820.515611289,5763.835315252005,0.0001329757725644,Normal
2022-11-19,5.851385997,4404388902.0,790,580823.8592206578,3398624.596567257,4302.056451350958,9.767658004490535e-05,Retail Orders
2022-11-20,5.767886969,4349855237.0,778,344408.138625648,1986507.214796421,2553.351175830875,5.869968163795413e-05,Retail Orders
2022-11-21,5.440128155,4101158228.0,860,1574318.310575171,8564493.36629202,9958.713216618627,0.0002428268470264,Normal
2022-11-22,5.197532276,3908735643.0,838,3178311.033159016,16519374.178010888,19712.857014332803,0.000504328223108,Normal
2022-11-23,5.279784018,3994409560.0,697,1794470.8173804833,9474418.342372872,13593.139659071552,0.0003403041038954,Normal
2022-11-24,5.493320142,4156239319.0,585,778966.4916402644,4279112.318470539,7314.721911915451,0.000175993761439,Normal
2022-11-25,5.451225943,4105196579.0,499,525772.4544583592,2866104.4438581937,5743.696280276941,0.0001399128195141,Normal
2022-11-26,5.415623603,4086896073.0,535,275837.3565297933,1493831.2986118752,2792.208034788552,6.832099434177493e-05,Retail Orders
2022-11-27,5.412829847,4076996630.0,513,254818.0340526284,1379286.6602739294,2688.6679537503496,6.594726946709174e-05,Retail Orders
2022-11-28,5.408027821,4087542754.0,573,411564.16308784194,2225750.4441056303,3884.381228805637,9.502973944442412e-05,Retail Orders
2022-11-29,5.297633054,3993012538.0,2317,422106.1543462128,2236163.5155613227,965.1115733972044,2.417001109344387e-05,Retail Orders
2022-11-30,5.464484222,4124476225.0,5649,1276953.5110857869,6977892.3135557845,1235.2438154639378,2.994910742791196e-05,Retail Orders
2022-12-01,5.882552304,4439327368.0,1609,1094119.7957929152,6436216.925593623,4000.1348201327673,9.010677718806988e-05,Retail Orders
2022-12-02,5.888900529,4434128711.0,939,1440774.9033257733,8484580.09036507,9035.76154458474,0.0002037776107438,Normal
2022-12-03,6.335947441,4766102166.0,681,807978.9019279476,5119311.85605237,7517.344869386739,0.0001577252146001,Normal
2022-12-04,6.102891887,4613353094.0,575,833305.5100996484,5085573.436979541,8844.475542573115,0.0001917146891287,Normal
2022-12-05,6.278590468,4733927907.0,580,2189369.9909101697,13746157.555853836,23700.271648023856,0.0005006470760354,Normal
2022-12-06,6.180378215,4657393065.0,526,1073000.366196525,6631548.087928026,12607.5058705856,0.0002706987727819,Normal
2022-12-07,6.179808491,4647142734.0,470,383972.8647284996,2372878.7697627763,5048.678233537822,0.0001086404813133,Normal
2022-12-08,6.023331445,4545496179.0,427,721202.4846195986,4344041.603821357,10173.39954056524,0.0002238127399065,Normal
2022-12-09,6.180169805,4655389318.0,393,533368.5437016714,3296308.168721893,8387.552592167667,0.0001801686608623,Normal
2022-12-10,6.158734965,4635942274.0,368,312982.33453098964,1927575.2471033328,5237.976214954709,0.0001129862260005,Normal
2022-12-11,6.070375482,4575833246.0,392,264953.20267934416,1608365.4254220675,4102.973024035887,8.966613955223417e-05,Retail Orders
2022-12-12,5.926524766,4462896141.0,726,3533794.9992435486,20943123.58098384,28847.27765975736,0.0006463802147386,Normal
2022-12-13,5.922655776,4463084986.0,1471,1869750.561782356,11073888.964419516,7528.136617552356,0.0001686756277589,Normal
2022-12-14,6.089239045,4589431873.0,971,523478.409709119,3187585.1716152746,3282.7859645883364,7.152924491376007e-05,Retail Orders
2022-12-15,5.91510742,4461372499.0,724,381191.1861621814,2254786.8137065205,3114.346427771437,6.980691319699277e-05,Retail Orders
2022-12-16,5.786407077,4370544568.0,826,2027457.374053176,11731693.697537132,14203.019004282243,0.0003249713801861,Normal
2022-12-17,5.296617847,3988210098.0,956,584209.2710695481,3094333.2515298296,3236.7502631065163,8.115796769908575e-05,Retail Orders
2022-12-18,5.39611469,4073089144.0,636,175706.78905242335,948133.9855385128,1490.776706821561,3.660064030313698e-05,Retail Orders
2022-12-19,5.326501374,4034944953.0,706,3329496.429066369,17734567.30415011,25119.7837169265,0.0006225557971552,Normal
2022-12-20,5.09264383,3843080448.0,605,380228.3872170493,1936367.7501517567,3200.6078514905075,8.328235369509775e-05,Retail Orders
2022-12-21,5.355466152,4037769711.0,544,427755.0612848984,2290827.752057959,4211.08042657713,0.0001042922387352,Normal
2022-12-22,5.311116117,4000278734.0,517,496598.3222161089,2637491.352797135,5101.530663050551,0.0001275293798827,Normal
2022-12-23,5.357034382,4029684867.0,474,542629.2780606262,2906883.699250613,6132.666032174288,0.0001521872363369,Normal
2022-12-24,5.263563475,3958039591.0,438,490349.3335191461,2580984.8419019706,5892.659456397193,0.0001488782343106,Normal
2022-12-25,5.201876567,3924595426.0,404,175032.66761543942,910498.332128254,2253.708742891718,5.742525020441987e-05,Retail Orders
2022-12-26,5.153709468,3882946822.0,461,205807.9904513133,1060674.5889789872,2300.81255743815,5.92542896648032e-05,Retail Orders
2022-12-27,5.194501546,3913981564.0,390,205497.26458737467,1067455.8585978888,2737.066304097151,6.993048534699616e-05,Retail Orders
2022-12-28,5.175743054,3896911039.0,421,1338967.132575472,6930149.835961795,16461.163505847497,0.0004224156861962,Normal
2022-12-29,4.968427092,3745457159.0,411,387306.6606034914,1924304.905454436,4682.007069232203,0.0001250049558832,Normal
2022-12-30,5.047992763,3811069733.0,438,1029748.4304633362,5198162.62468953,11867.9511979213,0.0003114073483136,Normal
2022-12-31,5.090814365,3840064032.0,370,1895606.8981857223,9650182.827676969,26081.57520993776,0.0006791963621594,Normal
2023-01-01,5.164234349,3894646729.0,263,186004.84925715844,960572.6316143848,3652.3674205870143,9.37791711220187e-05,Retail Orders
2023-01-02,5.242481069,3955247366.0,337,511498.37464157474,2681520.545882725,7957.0342607796,0.0002011766527974,Normal
2023-01-03,5.368474188,4043865165.0,356,664592.4671307276,3567847.5053305496,10022.043554299296,0.0002478332769608,Normal
2023-01-04,5.384089988,4060855475.0,350,283543.594103054,1526624.226171789,4361.783503347969,0.0001074104589587,Normal
2023-01-05,5.52642877,4160810021.0,342,329846.7909024063,1822874.7949352325,5330.043260044539,0.0001281010964966,Normal
2023-01-06,5.370545995,4048183387.0,384,232958.4631262348,1251114.1411439553,3258.1097425623834,8.048325461304957e-05,Retail Orders
2023-01-07,5.52275197,4166848627.0,330,103500.71141093818,571608.7578411603,1732.147751033819,4.15697306547205e-05,Retail Orders
2023-01-08,5.419994698,4082582779.0,366,194309.2024924521,1053154.8472816988,2877.4722603325104,7.048166359623275e-05,Retail Orders
2023-01-09,5.563283996,4182344513.0,428,718984.9985652205,3999917.735881976,9345.602186640128,0.0002234536671379,Normal
2023-01-10,5.799214135,4371733711.0,384,325324.0594871355,1886623.8842333767,4913.083031857752,0.0001123829436247,Normal
2023-01-11,5.785740945,4358105743.0,359,2013711.3734179416,11650812.34459637,32453.516280212727,0.0007446702350519,Normal
2023-01-12,5.929057817,4468043464.0,448,770610.3276401635,4568993.186955843,10198.645506597864,0.0002282575267848,Normal
2023-01-13,6.173137912,4650896016.0,407,782360.4536533541,4829618.977297039,11866.385693604518,0.0002551419264757,Normal
2023-01-14,6.295797342,4746241778.0,520,1197095.4620882007,7536670.428335156,14493.596977567608,0.0003053699675551,Normal
2023-01-15,6.64567866,5008983095.0,387,431189.9292833229,2865549.7114450885,7404.521218204363,0.0001478248394488,Normal
2023-01-16,6.586911096,4959404092.0,440,908000.4167186006,5980918.020056373,13592.99550012812,0.000274085257986,Normal
2023-01-17,6.54045666,4928124767.0,391,411363.8176353999,2690507.220736477,6881.092636154673,0.0001396290264855,Normal
2023-01-18,6.350900008,4783959453.0,477,1308080.6737640202,8307489.561472561,17416.12067394667,0.0003640524307333,Normal
2023-01-19,6.059122543,4570052277.0,383,1845278.536901549,11180768.781054232,29192.607783431416,0.0006387806093674,Normal
2023-01-20,6.151600705,4635310741.0,389,621188.3040631361,3821302.409212542,9823.39950954381,0.0002119253715323,Normal
2023-01-21,6.689412289,5021405924.0,448,1115458.0922892888,7461759.070424464,16655.712210768896,0.0003316942000478,Normal
2023-01-22,6.66291565,5019596978.0,415,1154590.7447692272,7692940.74266804,18537.20660883865,0.0003692967122676,Normal
2023-01-23,6.908366418,5211773831.0,384,486633.9942212944,3361845.943535596,8754.807144623948,0.0001679813328151,Normal
2023-01-24,6.732527905,5072987926.0,383,323313.31587700854,2176715.92120004,5683.331386945274,0.0001120312421367,Normal
2023-01-25,6.279766168,4726797402.0,412,2150010.2438613814,13501561.590254132,32770.78055886925,0.0006932977610803,Normal
2023-01-26,6.612763094,4978519397.0,377,1178909.2050534885,7795847.282354585,20678.640006245583,0.0004153572248549,Normal
2023-01-27,6.767940814,5107801678.0,375,987211.1465251636,6681386.610603389,17817.030961609038,0.0003488199441718,Normal
2023-01-28,6.855114465,5167647151.0,368,150517.17426432064,1031812.45853027,2803.838202527908,5.425753966164917e-05,Retail Orders
2023-01-29,6.62542806,4993524229.0,384,198660.11813800145,1316208.3211144295,3427.6258362354943,6.86414179454559e-05,Retail Orders
2023-01-30,6.927771192,5216260642.0,427,626278.5156434699,4338714.258843351,10160.923322818153,0.0001947932440531,Normal
2023-01-31,6.515987443,4895850265.0,386,3093011.110817413,20154021.55914574,52212.4910858698,0.0010664642147888,Small Whale Orders
2023-02-01,6.571896618,4950354878.0,419,1547107.147494513,10167428.230302818,24265.938497142764,0.0004901858370797,Normal
2023-02-02,6.812223156,5131973700.0,539,1229343.0656391997,8374559.298415382,15537.21576700442,0.0003027532227416,Normal
2023-02-03,7.130699318,5372497540.0,420,790853.6991127649,5639339.932901169,13426.999840240878,0.0002499210049008,Normal
2023-02-04,7.081787451,5341550599.0,379,335093.2812665745,2373059.394188041,6261.370433213828,0.0001172200902559,Normal
2023-02-05,7.210825238,5452151228.0,444,1278701.4356529573,9220492.584073177,20766.875189354003,0.0003808932349987,Normal
2023-02-06,6.902350563,5209341126.0,378,920673.439525542,6354810.833648272,16811.668872085374,0.0003227215969439,Normal
2023-02-07,6.65340152,5013990600.0,405,2322013.719174433,15449289.608616024,38146.39409534821,0.0007607990747997,Normal
2023-02-08,7.004281175,5275198057.0,374,485262.559908425,3398915.413298891,9088.009126467625,0.0001722780647905,Normal
2023-02-09,6.808731386,5127124090.0,443,1999964.5583628684,13617221.45941289,30738.648892579888,0.0005995300358057,Normal
2023-02-10,6.310014347,4751637720.0,408,2306206.217555196,14552194.319913886,35667.14294096541,0.0007506284157742,Normal
2023-02-11,6.362063025,4800417410.0,352,1692129.7272498282,10765435.971239466,30583.62491829394,0.000637103449683,Normal
2023-02-12,6.490483725,4889440616.0,357,323461.339635411,2099420.5605703327,5880.729861541548,0.0001202740829349,Normal
2023-02-13,6.33601374,4788541184.0,467,1534386.2701117818,9721892.4898956,20817.756937677947,0.000434741106691,Normal
2023-02-14,6.248098425,4719337372.0,396,645048.2770326106,4030325.1237764186,10177.588696405095,0.0002156571546842,Normal
2023-02-15,6.586161131,4964736550.0,344,2202653.512542034,14507030.949364964,42171.601596991175,0.0008494227472551,Normal
2023-02-16,6.926372617,5218345828.0,438,1304204.0790668228,9033403.420228144,20624.208721982064,0.0003952250272743,Normal
2023-02-17,6.51364058,4909634804.0,354,1792196.0886511,11673721.170355082,32976.613475579325,0.0006716714132935,Normal
2023-02-18,6.739587355,5084659621.0,417,734911.125366888,4952997.727571499,11877.69239225779,0.0002335985744886,Normal
2023-02-19,6.978052465,5259714073.0,416,1111583.0036490243,7756684.51866518,18645.876246791297,0.000354503609664,Normal
2023-02-20,7.186187206,5430590481.0,377,474683.8218675922,3411166.807600074,9048.187818567836,0.0001666151747259,Normal
2023-02-21,7.343616322,5537166670.0,343,727540.3835003852,5342777.435187569,15576.610598214487,0.0002813101271198,Normal
2023-02-22,7.025608538,5290152345.0,320,326590.9529759049,2294500.187661074,7170.313086440857,0.0001355407674264,Normal
2023-02-23,6.924052732,5225491313.0,311,675513.9989103326,4677294.549659333,15039.532314017148,0.0002878108758233,Normal
2023-02-24,6.943850706,5222446261.0,360,642777.4866280905,4463350.904323372,12398.196956453812,0.0002374020973473,Normal
2023-02-25,6.568653366,4953848997.0,343,695113.5359133052,4565959.867429094,13311.83634818978,0.0002687170391396,Normal
2023-02-26,6.459062682,4870721302.0,288,584845.6007793016,3777554.394725457,13116.508315018948,0.0002692929342853,Normal
2023-02-27,6.598480575,4973963951.0,357,420638.01913368463,2775571.7983600963,7774.71091977618,0.0001563081477141,Normal
2023-02-28,6.441450258,4856219633.0,347,910819.7021269724,5866999.80525727,16907.780418608847,0.0003481675396992,Normal
2023-03-01,6.493524153,4886356984.0,338,1414425.4823948264,9184606.032549482,27173.39062884462,0.0005561073560082,Normal
2023-03-02,6.842873588,5163511432.0,306,1421666.8187201845,9728286.324756334,31791.7853750207,0.0006157008809547,Normal
2023-03-03,6.628672709,4996839876.0,446,2087280.5803866573,13835899.81923472,31022.19690411372,0.0006208363220345,Normal
2023-03-04,6.26905656,4720317067.0,316,286215.1725117422,1794299.104806269,5678.161724070472,0.0001202919558892,Normal
2023-03-05,6.15132969,4634742406.0,312,374470.3843536198,2303490.793300133,7382.9833118594015,0.0001592965188809,Normal
2023-03-06,6.351564399,4785687399.0,338,1402085.0090603784,8905433.227919491,26347.435585560623,0.0005505465231821,Normal
2023-03-07,6.336255526,4769738448.0,308,1427475.981784567,9044852.57781474,29366.40447342448,0.0006156816520146,Normal
2023-03-08,6.432217449,4841692941.0,289,625827.4717341046,4025458.3837516615,13928.921743085331,0.0002876870118122,Normal
2023-03-09,6.104395164,4606454642.0,401,659721.6020672178,4027201.357245457,10042.896152731812,0.0002180179103722,Normal
2023-03-10,5.749604893,4318203590.0,500,540867.7748124624,3109776.004527756,6219.552009055512,0.0001440310045468,Normal
2023-03-11,5.626969108,4247092305.0,524,1552663.1358254016,8736787.500419943,16673.258588587676,0.0003925805560891,Normal
2023-03-12,5.444649516,4094908731.0,471,1220974.1438959488,6647776.281611592,14114.174695566013,0.0003446761728464,Normal
2023-03-13,5.920901899,4448759896.0,470,1769044.095881888,10474336.546721809,22285.822439833635,0.0005009445994123,Normal
2023-03-14,6.103962177,4607312656.0,422,827752.4068867711,5052569.383557565,11972.913231179064,0.0002598676088454,Normal
2023-03-15,6.337172612,4778406634.0,362,1489301.720326841,9437962.073059743,26071.718433866696,0.0005456153155396,Normal
2023-03-16,5.944203287,4471108271.0,346,350648.48671093286,2084325.887288703,6024.063258059834,0.0001347331107397,Normal
2023-03-17,5.956062639,4494961245.0,412,1488910.0934841812,8868041.780631129,21524.37325395905,0.0004788555914225,Normal
2023-03-18,6.434525099,4850651371.0,405,655065.5646862428,4215035.817464238,10407.49584559071,0.0002145587272631,Normal
2023-03-19,6.517213073,4906707585.0,400,1298576.5624951615,8463100.149384867,21157.750373462168,0.0004312005557075,Normal
2023-03-20,6.543550238,4950693994.0,386,739831.2075436059,4841122.674201789,12541.768586014998,0.000253333544776,Normal
2023-03-21,6.228732601,4692539147.0,386,482336.7941147352,3004346.914164276,7783.282161047347,0.0001658650448557,Normal
2023-03-22,6.462487427,4866937693.0,388,606007.3800966948,3916315.0745441,10093.595552948713,0.0002073910986669,Normal
2023-03-23,6.116675341,4605459196.0,399,1640653.8060433608,10035346.67854322,25151.244808379,0.0005461180685353,Normal
2023-03-24,6.275567629,4728609439.0,438,813550.2906772643,5105489.8687377805,11656.369563328266,0.0002465073445734,Normal
2023-03-25,5.889019359,4466550833.0,389,360133.0494224971,2120830.499864789,5452.006426387633,0.000122063010816,Normal
2023-03-26,5.754029492,4337745093.0,395,195995.23292272267,1127762.3505287557,2855.094558300648,6.581978648095373e-05,Retail Orders
2023-03-27,5.800199032,4385077665.0,537,924019.1954035826,5359495.242729279,9980.438068397169,0.0002276000297111,Normal
2023-03-28,5.660525947,4256049639.0,519,2112643.0197821334,11958670.630225202,23041.754586175728,0.000541388295264,Normal
2023-03-29,5.825568909,4390251588.0,425,234756.67215971145,1367591.1705139207,3217.8615776798133,7.329560762474947e-05,Retail Orders
2023-03-30,5.955668405,4485386843.0,414,209344.1819015432,1246784.5299215931,3011.556835559404,6.714151846811854e-05,Retail Orders
2023-03-31,5.900847072,4439213464.0,397,470602.42273041286,2776952.928244863,6994.843647971948,0.0001575694366737,Normal
2023-04-01,6.063573146,4573417060.0,368,355910.52015032154,2158089.4723623814,5864.373566202124,0.0001282273951678,Normal
2023-04-02,6.099976198,4596201008.0,343,161978.08504357742,988062.463363442,2880.648581234525,6.267455614366213e-05,Retail Orders
2023-04-03,5.947417645,4483457783.0,377,587057.7293157988,3491477.497966416,9261.213522457338,0.000206564084479,Normal
2023-04-04,5.932177865,4476485232.0,403,618931.283825156,3671610.461863624,9110.695935145468,0.0002035234221263,Normal
2023-04-05,6.157015383,4640398907.0,349,238216.8141483644,1466704.5892007318,4202.591946133902,9.056531626611518e-05,Retail Orders
2023-04-06,6.234515118,4702342807.0,330,2741087.634276818,17089352.29566168,51785.91604745964,0.0011012790469118,Small Whale Orders
2023-04-07,6.075786624,4582672295.0,320,166847.64186596835,1013730.670695193,3167.908345922478,6.9127970363032e-05,Retail Orders
2023-04-08,6.005197121,4528856513.0,309,499637.5277727732,3000421.8433246147,9710.10305283047,0.0002144051820797,Normal
2023-04-09,5.922685107,4467768898.0,306,211284.9880961753,1251374.45232989,4089.458994542125,9.153246481421128e-05,Retail Orders
2023-04-10,5.91650266,4462993841.0,348,298033.9126892572,1763318.437196198,5067.00700343735,0.0001135338112476,Normal
2023-04-11,6.017906281,4541748708.0,360,1161264.5930405045,6988381.488361361,19412.17080100378,0.0004274162233328,Normal
2023-04-12,5.942767275,4479515268.0,367,1407345.893792945,8363529.122238339,22788.907690022723,0.0005087360200068,Normal
2023-04-13,5.94708179,4484300232.0,382,940197.1125138188,5591429.126841513,14637.249023145325,0.000326410995381,Normal
2023-04-14,6.202422742,4676133350.0,444,3809923.895955262,23630758.61756216,53222.42931883368,0.0011381717614796,Small Whale Orders
2023-04-15,6.312428065,4757253852.0,314,468580.57624069817,2957881.1801756555,9420.003758521196,0.0001980134769255,Normal
2023-04-16,6.270725119,4730457748.0,322,279799.79807321524,1754547.6220688384,5448.905658598877,0.0001151877037883,Normal
2023-04-17,6.314369637,4760421605.0,330,792927.0335973011,5006834.3853032775,15172.225410009933,0.0003187160018363,Normal
2023-04-18,6.12835446,4614340584.0,349,517461.43455511006,3171187.090333807,9086.495960841854,0.0001969186234832,Normal
2023-04-19,6.326601535,4776865099.0,357,1400064.8994825264,8857652.742165772,24811.352218951743,0.0005194065920795,Normal
2023-04-20,5.830854624,4395024790.0,278,2832414.223783574,16515395.573831825,59407.897747596486,0.0013517079103345,Small Whale Orders
2023-04-21,5.781358364,4356612694.0,343,2535347.177863314,14657750.612383865,42733.96679995296,0.0009808989185292,Normal
2023-04-22,5.460963153,4112534550.0,252,319200.8916327236,1743144.3076110496,6917.239315916863,0.0001681989350318,Normal
2023-04-23,5.503001828,4149610006.0,280,502726.5824211616,2766505.302047845,9880.376078742303,0.0002381037269636,Normal
2023-04-24,5.428357378,4083709292.0,293,495963.31064199953,2692266.096540804,9188.621489900355,0.0002250067483476,Normal
2023-04-25,5.355886119,4036698428.0,329,802767.9419104378,4299533.676856312,13068.491419016143,0.00032374207913,Normal
2023-04-26,5.465763797,4117759970.0,387,2246543.2978362488,12279075.025706356,31728.876035416943,0.0007705372888798,Normal
2023-04-27,5.343480416,4025463789.0,372,422108.41337216325,2255528.040282987,6063.247420115556,0.0001506223316847,Normal
2023-04-28,5.560931074,4190176422.0,366,557926.7503441458,3102592.203004601,8477.027877061751,0.0002023071828802,Normal
2023-04-29,5.534569038,4165451910.0,300,138122.45519335795,764448.2639657012,2548.1608798856705,6.117369579440592e-05,Retail Orders
2023-04-30,5.620434804,4241663034.0,329,67419.1541701053,378924.9605539016,1151.747600467786,2.7153208334459743e-05,Retail Orders
2023-05-01,5.478524383,4125723194.0,445,1180699.624443224,6468491.681511145,14535.936362946391,0.0003523245666138,Normal
2023-05-02,5.336386953,4017411995.0,585,531271.4882295268,2835070.23828894,4846.273911605025,0.0001206317379854,Normal
2023-05-03,5.323648012,4011770597.0,274,1084048.262233873,5771091.376153412,21062.377285231432,0.0005250144986102,Normal
2023-05-04,5.38896115,4059212840.0,219,200284.39378159336,1079324.817040308,4928.423822101864,0.0001214132891366,Normal
2023-05-05,5.258163609,3967626639.0,1518,530208.3950570462,2787922.488075256,1836.576079100959,4.628903488670621e-05,Retail Orders
2023-05-06,5.550286184,4177003786.0,232,225547.2608329149,1251851.845639972,5395.9131277585,0.0001291814277459,Normal
2023-05-07,5.298448412,3988317785.0,221,333449.7126417515,1766766.100428545,7994.416744020564,0.0002004458314251,Normal
2023-05-08,5.295645902,3972602974.0,347,529559.835131489,2804361.3707778654,8081.73305699673,0.0002034367166789,Normal
2023-05-09,4.976934238,3747756211.0,266,628745.202824589,3129223.526915952,11763.99822148854,0.0003138944360084,Normal
2023-05-10,4.952137867,3734143760.0,248,359946.56706504413,1782505.02485946,7187.520261530081,0.0001924810806301,Normal
2023-05-11,5.126164266,3865719205.0,247,274588.0328609316,1407583.3619229412,5698.718064465349,0.0001474167615975,Normal
2023-05-12,5.071989941,3821461607.0,260,587116.3066404427,2977848.001477397,11453.261544143836,0.0002997089261125,Normal
2023-05-13,5.200394206,3916598558.0,227,106144.8490542997,551995.0580187248,2431.6962908313867,6.208694240221355e-05,Retail Orders
2023-05-14,5.104572184,3857966130.0,197,231377.20879040883,1181081.6640030812,5995.338395954726,0.0001554015300791,Normal
2023-05-15,5.127454341,3864117973.0,312,291195.7667661258,1493092.9983857952,4785.554482005754,0.0001238459724947,Normal
2023-05-16,5.134053178,3872167081.0,271,1125320.1306301153,5777453.392928919,21319.01621006981,0.0005505706691913,Normal
2023-05-17,5.148127872,3883581068.0,264,3336020.161827317,17174258.376657158,65054.009002489234,0.0016751036701286,Small Whale Orders
2023-05-18,5.323265879,4003310495.0,295,2972404.196255599,15822897.83652385,53636.94181872491,0.0013398146830158,Small Whale Orders
2023-05-19,5.299538819,4001865246.0,275,2196710.7120118067,11641553.6924197,42332.92251788982,0.0010578297847535,Small Whale Orders
2023-05-20,5.315559159,4009735806.0,223,175971.6305916903,935387.612715824,4194.563285721184,0.000104609467772,Normal
2023-05-21,5.282601348,3981323150.0,256,338841.6882871096,1789965.5593040811,6992.052966031567,0.000175621337495,Normal
2023-05-22,5.112711767,3856578253.0,317,639387.2668763233,3269002.803028548,10312.311681478068,0.0002673953698062,Normal
2023-05-23,5.084700976,3833484547.0,308,1463753.9285162953,7442751.028950641,24164.77606802156,0.0006303605967821,Normal
2023-05-24,5.071831948,3823091224.0,334,366782.9795042882,1860261.6334324784,5569.645609079276,0.0001456843502481,Normal
2023-05-25,4.981138395,3760123211.0,333,1070319.2197665477,5331408.1604855945,16010.234716172956,0.0004257901621238,Normal
2023-05-26,4.946658612,3728187792.0,273,750978.9175547417,3714836.329952602,13607.459084075464,0.0003649885639686,Normal
2023-05-27,4.979518492,3751508940.0,294,318890.62633041345,1587921.7707377558,5401.094458291686,0.0001439712538254,Normal
2023-05-28,5.042688068,3799061340.0,298,515131.8378984582,2597649.1724174656,8716.943531602234,0.0002294499285868,Normal
2023-05-29,5.146573284,3883289156.0,267,189949.57068377145,977589.3857883676,3661.383467372163,9.428562541409068e-05,Retail Orders
2023-05-30,5.108312078,3852537117.0,252,163013.4156051011,832723.3998115713,3304.457935760204,8.577355221780213e-05,Retail Orders
2023-05-31,5.133186116,3870222779.0,311,1911702.3467992505,9813123.94451453,31553.45319779592,0.0008152877753964,Normal
2023-06-01,5.01959602,3782203162.0,285,928187.9034316024,4659128.305877415,16347.81861711374,0.0004322300499709,Normal
2023-06-02,4.986500219,3757848972.0,284,183109.4531898893,913075.3284323532,3215.053973353356,8.555569947884952e-05,Retail Orders
2023-06-03,5.064659058,3817969390.0,331,179179.1134889062,907481.1201359988,2741.63480403625,7.180871620440755e-05,Retail Orders
2023-06-04,5.084986422,3832403881.0,310,110926.1128180721,564057.7775251368,1819.541217823022,4.747780438392218e-05,Retail Orders
2023-06-05,5.020687249,3780133334.0,518,551147.9891686881,2767141.681531222,5341.972358168382,0.0001413170353045,Normal
2023-06-06,4.739670907,3571232006.0,696,1165678.2379845858,5524931.231498563,7938.119585486441,0.0002222795822883,Normal
2023-06-07,4.780431236,3598471523.0,897,4653995.920440583,22248107.47029073,24802.79539608777,0.0006892591823377,Normal
2023-06-08,4.540025798,3418869249.0,654,1874996.7396902505,8512533.569359628,13016.106375167628,0.0003807137807032,Normal
2023-06-09,4.63868747,3495295855.0,604,245396.542286112,1138317.865883913,1884.632228284624,5.391910460422596e-05,Retail Orders
2023-06-10,4.584901171,3454520605.0,1150,2704281.050836315,12398861.356692532,10781.618571036985,0.0003121017299891,Normal
2023-06-11,4.078229285,3076712266.0,635,586018.81571119,2389919.095794393,3763.652119361249,0.0001223270749414,Normal
2023-06-12,4.048602329,3050004179.0,644,1282940.3767436356,5194115.397252421,8065.396579584504,0.0002644388697929,Normal
2023-06-13,4.305720605,3242017092.0,577,1125169.415885064,4844665.138092135,8396.300066017566,0.0002589838309839,Normal
2023-06-14,4.28162636,3228122002.0,568,1254667.9452992803,5372019.347640436,9457.780541620486,0.0002929808890667,Normal
2023-06-15,4.405205222,3321050223.0,509,3365531.050260432,14825854.9574104,29127.416419273868,0.0008770543792909,Normal
2023-06-16,4.425318248,3332985371.0,547,559556.9620931458,2476217.635146242,4526.906097159492,0.0001358213611301,Normal
2023-06-17,4.547069656,3427071950.0,399,138075.32235604225,627838.1085275781,1573.5290940540804,4.5914679265898704e-05,Retail Orders
2023-06-18,4.521186781,3408510528.0,358,174814.34169250596,790368.2907893751,2207.732655836244,6.47711848826727e-05,Retail Orders
2023-06-19,4.473370005,3372031312.0,388,351256.6185613053,1571300.8215298692,4049.744385386261,0.0001200980658445,Normal
2023-06-20,4.472911099,3371889598.0,442,1258621.464908733,5629701.919829912,12736.882171560886,0.0003777372242292,Normal
2023-06-21,4.567656219,3441849795.0,441,381996.9290399864,1744830.6485683953,3956.532082921531,0.0001149536533717,Normal
2023-06-22,4.781255694,3607719688.0,402,206671.4471192327,988149.0333260512,2458.082172452864,6.813395676579138e-05,Retail Orders
2023-06-23,4.734433087,3569120803.0,401,1455878.012072468,6892757.030991679,17188.92027678723,0.0004816009663315,Normal
2023-06-24,4.863651741,3665294761.0,430,2441963.588190382,11876860.457160758,27620.605714327343,0.0007535712000087,Normal
2023-06-25,4.733149022,3566595361.0,526,3196219.9485674445,15128185.323658893,28760.80860011196,0.0008063939328415,Normal
2023-06-26,5.449521567,4104421718.0,479,1440337.3123114146,7849149.247195869,16386.53287514795,0.000399240965013,Normal
2023-06-27,5.268417571,3963368828.0,528,2723080.066477699,14346322.869470958,27171.066040664693,0.0006855548201497,Normal
2023-06-28,5.273221018,3971865950.0,536,4411828.485723313,23264546.698727284,43404.00503493896,0.0010927862516341,Small Whale Orders
2023-06-29,4.832597036,3644972957.0,445,1382766.9534915,6682355.480921772,15016.529170610724,0.0004119791654907,Normal
2023-06-30,4.926370212,3718682162.0,616,839120.9943632587,4133820.6708949776,6710.747842361977,0.0001804603768221,Normal
2023-07-01,5.275679373,3974301621.0,564,500732.24204180186,2641702.760735977,4683.870143148896,0.0001178539172366,Normal
2023-07-02,5.588350195,4206571344.0,520,1413040.8702348676,7896567.222719992,15185.706197538448,0.0003609996112201,Normal
2023-07-03,5.548070005,4179354927.0,612,695668.384289955,3859616.8963059126,6306.563556055413,0.0001508980133587,Normal
2023-07-04,5.511996184,4156539538.0,483,591179.5738879929,3258579.5553293624,6746.54152242104,0.000162311496396,Normal
2023-07-05,5.519097266,4163871297.0,508,3106125.8399092737,17143010.630895227,33746.08391908509,0.0008104497356438,Normal
2023-07-06,5.419745194,4091876592.0,434,365131.43632498337,1978919.3472006456,4559.721998158169,0.0001114335170096,Normal
2023-07-07,5.295933815,4005105591.0,497,1660735.9048430263,8795147.436242804,17696.473714774253,0.0004418478692432,Normal
2023-07-08,5.47333937,4123937757.0,621,332803.4249235361,1821546.0881048287,2933.246518687325,7.112732275622767e-05,Retail Orders
2023-07-09,5.239831474,3948151495.0,464,143787.9186927225,753424.4619470803,1623.7596162652594,4.112708487305043e-05,Retail Orders
2023-07-10,5.225393051,3930974718.0,537,575470.5707388149,3007059.921393608,5599.739145984371,0.0001424516703285,Normal
2023-07-11,5.236427842,3942618700.0,491,539522.7147042392,2825171.764668701,5753.913980995319,0.0001459414267221,Normal
2023-07-12,5.254277973,3962690181.0,474,718715.6596226075,3776331.859205232,7966.944850643949,0.0002010488957436,Normal
2023-07-13,5.27666717,3980439453.0,568,1162664.2093981842,6134992.063465403,10801.042365255991,0.0002713530124699,Normal
2023-07-14,5.848692013,4401811236.0,579,1336099.4807459398,7814434.361612226,13496.432403475346,0.0003066108853804,Normal
2023-07-15,5.853676892,4405082707.0,435,427757.8643192264,2503956.325736727,5756.221438475235,0.0001306722670457,Normal
2023-07-16,5.803881775,4370988464.0,461,129865.28842784037,753722.7807114611,1634.9734939511086,3.740512031584965e-05,Retail Orders
2023-07-17,5.725484013,4317207361.0,462,1170469.3583315143,6701503.598833453,14505.419045094051,0.0003359907883075,Normal
2023-07-18,5.911713113,4458614666.0,480,5410518.863917896,31985435.31595729,66636.32357491102,0.0014945521998808,Small Whale Orders
2023-07-19,5.893496678,4437271573.0,403,325581.1527095456,1918811.4419131167,4761.318714424609,0.0001073028467177,Normal
2023-07-20,5.875450518,4425299492.0,392,819376.5499880771,4814206.375064502,12281.13871189924,0.0002775210747679,Normal
2023-07-21,6.0025007,4526505200.0,998,540702.3474031333,3245566.2187789506,3252.0703594979464,7.184505961680871e-05,Retail Orders
2023-07-22,6.210398336,4686213885.0,483,179882.75872530125,1117143.5854627003,2312.9266779766053,4.93559776556508e-05,Retail Orders
2023-07-23,5.982876588,4518518585.0,400,256213.73570951185,1532895.1609004578,3832.237902251145,8.481182117902353e-05,Retail Orders
2023-07-24,6.152079778,4635924406.0,458,328644.4080033924,2021846.616630452,4414.512263385266,9.522399152306768e-05,Retail Orders
2023-07-25,5.782928236,4356121040.0,286,2694250.838157424,15580659.246847237,54477.82953443089,0.0012506041277133,Small Whale Orders
2023-07-26,5.790621726,4361792928.0,275,3144197.114716129,18206856.123301733,66206.74953927903,0.0015178792444334,Small Whale Orders
2023-07-27,5.839830076,4400995271.0,280,397523.3998783573,2321469.1065234053,8290.961094726448,0.0001883883209182,Normal
2023-07-28,5.866683822,4418699639.0,270,373198.4631919105,2189437.3864032435,8109.02735704905,0.0001835161477254,Normal
2023-07-29,6.004977904,4524800716.0,287,993757.0444619316,5967489.093938245,20792.64492661409,0.0004595262030676,Normal
2023-07-30,6.336875159,4770115438.0,320,2350986.345377613,14897906.971171588,46555.95928491121,0.0009759922980906,Normal
2023-07-31,6.41743247,4831383011.0,430,3137223.4328028155,20132919.523313653,46820.74307747361,0.0009690960739579,Normal
2023-08-01,6.543023065,4939848563.0,433,1008630.2440482392,6599490.950864209,15241.31859321988,0.0003085381747808,Normal
2023-08-02,6.667360874,5018004775.0,408,1978790.7378417605,13193311.943319743,32336.548880685645,0.0006444104844576,Normal
2023-08-03,6.146477297,4636203751.0,370,423799.8417519017,2604876.1058002566,7040.205691352045,0.0001518528103911,Normal
2023-08-04,6.103865633,4607838661.0,340,677592.7730896741,4135935.240831229,12164.515414209496,0.0002639961228931,Normal
2023-08-05,6.061334061,4563844344.0,282,350612.621304863,2125180.2237316607,7536.100084154826,0.0001651261418252,Normal
2023-08-06,6.078771365,4579504376.0,0,0.0,0.0,,,Normal
2023-08-07,5.937119516,4475165405.0,344,1205769.791474219,7158799.360764835,20810.46325803731,0.0004650210969808,Normal
2023-08-08,5.862996641,4416775973.0,329,1379527.611044204,8088165.749718921,24584.09042467757,0.0005566071400261,Normal
2023-08-09,6.089805273,4592247579.0,300,1961936.136686256,11947809.030481208,39826.030101604025,0.0008672448385345,Normal
2023-08-10,6.2699681,4728469035.0,278,3450594.567485767,21635117.864169054,77824.16497902537,0.0016458639023111,Small Whale Orders
2023-08-11,6.189792764,4665684260.0,261,318250.6026466691,1969905.277400992,7547.529798471232,0.0001617668358568,Normal
2023-08-12,6.180008349,4657055850.0,207,86481.30606109655,534455.193490001,2581.909147294691,5.544080274009793e-05,Retail Orders
2023-08-13,6.217056792,4684980241.0,226,177137.8273626076,1101275.9327248232,4872.902357189483,0.0001040111613394,Normal
2023-08-14,6.088591198,4587587708.0,290,3238729.3470823253,19719298.99534973,67997.58274258528,0.0014822077978805,Small Whale Orders
2023-08-15,6.257406969,4718189347.0,268,721220.616387747,4512970.911171164,16839.443698399868,0.0003569047882554,Normal
2023-08-16,5.959560065,4489882345.0,401,438703.3602949975,2614479.026395373,6519.897821434846,0.0001452131107331,Normal
2023-08-17,5.451049165,4105510006.0,390,717188.8764105726,3909431.82590514,10024.184168987538,0.0002441641636322,Normal
2023-08-18,4.982680362,3754844518.0,468,2927620.311588752,14587396.233945595,31169.650072533328,0.0008301182625036,Normal
2023-08-19,4.907399847,3698749911.0,315,626765.2856380492,3075787.866845074,9764.405926492298,0.0002639920557335,Normal
2023-08-20,4.905424053,3697122480.0,299,767188.4535179299,3763384.693070726,12586.570879835204,0.0003404423561276,Normal
2023-08-21,4.898565947,3692837420.0,311,2406632.1118129143,11789046.10988344,37906.90067486636,0.0010264979570875,Small Whale Orders
2023-08-22,4.768798126,3597190953.0,427,1716196.1821742523,8184193.13740093,19166.72865901857,0.0005328248877928,Normal
2023-08-23,4.666247062,3513040746.0,380,2663367.852734724,12427932.417848652,32705.08531012804,0.0009309623108518,Normal
2023-08-24,4.759962912,3588160432.0,329,3265044.1819364475,15541489.212058868,47238.56903361358,0.0013165121774469,Small Whale Orders
2023-08-25,4.654428212,3505499790.0,340,1403530.2961519246,6532631.006806233,19213.620608253623,0.0005480993227574,Normal
2023-08-26,4.549194701,3425394497.0,305,478040.068595627,2174697.346920904,7130.15523580624,0.0002081557392017,Normal
2023-08-27,4.601475953,3465605126.0,274,1250578.219818772,5754505.605841626,21001.84527679425,0.0006060080278399,Normal
2023-08-28,4.682350765,3531254396.0,271,388764.1860528689,1820330.2839692528,6717.08591870573,0.0001902181254999,Normal
2023-08-29,4.672152369,3522062648.0,302,1064484.2225171537,4973432.481996642,16468.319476810073,0.0004675759951675,Normal
2023-08-30,4.794863801,3609808011.0,315,863503.3406870425,4140380.9103028704,13144.066381913874,0.0003641209267047,Normal
2023-08-31,4.640675509,3500075269.0,393,3328565.2396586686,15446791.1877927,39304.81218267862,0.0011229704838292,Small Whale Orders
2023-09-01,4.36516266,3286383181.0,379,1492033.5058330393,6512968.947131275,17184.61463623028,0.0005229035596208,Normal
2023-09-02,4.267576619,3215743125.0,308,826188.3673763496,3525822.159505092,11447.4745438477,0.0003559822441927,Normal
2023-09-03,4.389263399,3309404505.0,268,177334.17538877574,778366.4054257999,2904.352259051492,8.77605700561374e-05,Retail Orders
2023-09-04,4.414684889,3328499689.0,268,2029987.93555957,8961757.063967139,33439.39202972813,0.0010046385805664,Small Whale Orders
2023-09-05,4.446842734,3349093306.0,336,1240321.810340203,5515516.030133059,16415.226280157913,0.0004901394132779,Normal
2023-09-06,4.372883505,3297960528.0,286,443998.3372101261,1941553.005033588,6788.646870746811,0.0002058437877928,Normal
2023-09-07,4.457635148,3358700558.0,259,512449.4121825797,2284312.5113170063,8819.739425934387,0.0002625938000018,Normal
2023-09-08,4.469153154,3366287383.0,271,2709330.592377242,12108413.362151438,44680.49211125992,0.0013272928608799,Small Whale Orders
2023-09-09,4.365747317,3289446866.0,252,136876.40139237503,597567.7821393764,2371.300722775304,7.208812968785929e-05,Retail Orders
2023-09-10,4.322904575,3259318984.0,281,205242.35828016847,887243.1295931295,3157.4488597620266,9.687449664368372e-05,Retail Orders
2023-09-11,4.219789006,3181085005.0,327,1011837.1750249724,4269739.387032477,13057.306993983111,0.0004104670882249,Normal
2023-09-12,4.102758535,3089393010.0,311,2949374.00852489,12100569.386382656,38908.58323595709,0.0012594248485063,Small Whale Orders
2023-09-13,4.19856917,3163134178.0,291,447411.2963740458,1878487.2752658008,6455.28273287217,0.0002040786880863,Normal
2023-09-14,4.254666062,3208506820.0,251,201971.2644469768,859320.2843417792,3423.5867902062914,0.0001067034287995,Normal
2023-09-15,4.270521268,3217811991.0,293,441472.413966701,1885317.333080097,6434.530147031048,0.0001999660068713,Normal
2023-09-16,4.347395984,3276937183.0,265,1912235.3774167595,8313244.400244344,31370.733585827715,0.0009573187349629,Normal
2023-09-17,4.340973363,3272693312.0,292,2133992.7437137696,9263605.65729676,31724.676908550548,0.0009693751868598,Normal
2023-09-18,4.278795745,3220306229.0,305,335922.6350303757,1437344.3414171594,4712.604398089047,0.0001463402565771,Normal
2023-09-19,4.355575237,3284515854.0,386,254094.2114146744,1106726.4551027983,2867.1669821316023,8.729344322207684e-05,Retail Orders
2023-09-20,4.40942605,3320905542.0,368,317800.3653905248,1401317.2098524987,3807.927200686138,0.0001146653270479,Normal
2023-09-21,4.367912862,3295579512.0,326,214879.53988157905,938575.106029391,2879.064742421445,8.736141039650464e-05,Retail Orders
2023-09-22,4.243187302,3200368862.0,322,273245.9141916902,1159433.5934215614,3600.725445408576,0.000112509701246,Normal
2023-09-23,4.262054887,3212653080.0,292,329683.6054031362,1405129.621572216,4812.087745110329,0.0001497854771518,Normal
2023-09-24,4.276451898,3220840460.0,321,202519.8035150372,866066.1981244679,2698.02553932856,8.376774859964843e-05,Retail Orders
2023-09-25,4.227113916,3185340697.0,363,2065385.5203822083,8730619.875112537,24051.294421797626,0.0007550619136109,Normal
2023-09-26,4.271162667,3216912132.0,321,720151.5936403135,3075884.6013370613,9582.195019741624,0.0002978693426041,Normal
2023-09-27,4.254098779,3207347586.0,372,361177.8403399677,1536486.2095921135,4130.339273097079,0.0001287774138084,Normal
2023-09-28,4.248371277,3202369386.0,418,806010.1487378342,3424230.364868313,8191.9386719337635,0.0002558086742818,Normal
2023-09-29,4.419510324,3332396503.0,358,101431.74256261416,448278.6334367835,1252.1749537340322,3.757580925939509e-05,Retail Orders
2023-09-30,4.401030737,3317298905.0,387,425876.8332236072,1874297.033193318,4843.144788613225,0.0001459966354347,Normal
2023-10-01,4.460812191,3364186229.0,370,328933.94092919014,1467312.5337306052,3965.709550623257,0.0001178802028388,Normal
2023-10-02,4.655743113,3511266521.0,446,454639.9168597742,2116686.661814786,4745.934219315664,0.0001351630299474,Normal
2023-10-03,4.470268006,3369515966.0,353,311269.1125557032,1391456.3551137731,3941.80270570474,0.0001169842418163,Normal
2023-10-04,4.362909585,3289056941.0,408,346275.8503782772,1510770.2266694112,3702.868202621106,0.0001125814562971,Normal
2023-10-05,4.306392371,3250318887.0,367,2773518.5402280283,11943859.082465038,32544.57515658049,0.0010012732992675,Small Whale Orders
2023-10-06,4.308637099,3246482688.0,433,322971.72163595,1391567.9417685552,3213.782775447009,9.8992758757844e-05,Retail Orders
2023-10-07,4.395092012,3312102726.0,284,179299.71222024938,788038.7329331168,2774.7842708912567,8.377711986736418e-05,Retail Orders
2023-10-08,4.36889795,3292609813.0,285,158888.6629416916,694168.3538041975,2435.678434400693,7.397409874635191e-05,Retail Orders
2023-10-09,4.345275425,3274873932.0,320,174980.45326125724,760338.2634115021,2376.057073160944,7.255415391547182e-05,Retail Orders
2023-10-10,4.138099227,3122151788.0,394,342921.2311552476,1419042.0815654185,3601.629648643194,0.0001153572886009,Normal
2023-10-11,4.118319567,3108596040.0,304,182235.71408057216,750504.9071042378,2468.766141790256,7.941739968858276e-05,Retail Orders
2023-10-12,4.11890917,3104924061.0,384,832829.1241529371,3430347.5165166007,8933.196657595314,0.0002877106325981,Normal
2023-10-13,4.000670124,3018082592.0,428,1193633.3845501647,4775333.420578847,11157.3210761188,0.0003696824303514,Normal
2023-10-14,4.02540322,3033228506.0,366,207094.16599127767,833637.5226245039,2277.6981492472787,7.509154502345557e-05,Retail Orders
2023-10-15,4.084983281,3082821929.0,361,76872.30732838623,314022.0902083516,869.8672858957109,2.8216592003349244e-05,Retail Orders
2023-10-16,4.10053075,3092197395.0,480,178891.87930527434,733551.652016566,1528.2326083678458,4.9422220290300896e-05,Retail Orders
2023-10-17,4.131109764,3115583087.0,561,860356.1329529836,3554225.621359352,6335.518041638774,0.0002033493527447,Normal
2023-10-18,3.886906121,2931613730.0,459,535580.4940680616,2081751.100681353,4535.405448107523,0.0001547067883362,Normal
2023-10-19,3.936176438,2970390888.0,393,638029.9030418464,2511398.2710927404,6390.326389548957,0.0002151341904314,Normal
2023-10-20,3.928575217,2958630418.0,420,238105.0701024097,935413.6774463742,2227.175422491367,7.527724344823412e-05,Retail Orders
2023-10-21,3.997185917,3014143535.0,442,204862.50196348777,818873.5077698381,1852.6549949543848,6.14653872133659e-05,Retail Orders
2023-10-22,4.139877742,3120594980.0,394,208196.5240531263,861908.1558893053,2187.5841520033127,7.010150839899488e-05,Retail Orders
2023-10-23,4.20572024,3124052195.0,497,2928848.9690346736,12317919.38897226,24784.54605427014,0.0007933460937028,Normal
2023-10-24,4.365628373,3285136153.0,479,1285152.757757666,5610499.342906063,11712.942260764225,0.0003565435864832,Normal
2023-10-25,4.217179937,3182369992.0,443,5543519.714770602,23378020.121494543,52772.05445032628,0.0016582626967633,Small Whale Orders
2023-10-26,4.169996002,3139676199.0,473,1082050.9350730758,4512148.073215089,9539.425101934648,0.0003038346790338,Normal
2023-10-27,4.104720927,3088708172.0,404,846537.2329299591,3474799.095492277,8600.987860129399,0.0002784655390269,Normal
2023-10-28,4.030118276,3037909682.0,327,588883.9616972113,2373272.0164792147,7257.712588621452,0.0002389048177312,Normal
2023-10-29,4.084331134,3073926055.0,346,891043.4340813853,3639316.439564879,10518.25560567884,0.0003421765981836,Normal
2023-10-30,4.154208192,3129814234.0,420,1557186.4117138288,6468876.548012671,15402.087019077788,0.0004921086642063,Normal
2023-10-31,4.17784275,3146928586.0,414,733700.1648614414,3065283.9144401774,7404.067426184003,0.0002352791690006,Normal
2023-11-01,4.147340941,3123829338.0,596,2525455.226971175,10473923.857480004,17573.697747449667,0.0005625690729539,Normal
2023-11-02,4.757715354,3584308194.0,528,754274.5586437705,3588623.6487910403,6796.63569846788,0.0001896219669347,Normal
2023-11-03,4.702988295,3549055161.0,387,511637.2787950744,2406224.1334588863,6217.633419790403,0.0001751912308412,Normal
2023-11-04,4.667385982,3515673082.0,382,396007.7314923029,1848320.9347307945,4838.536478352865,0.0001376275997653,Normal
2023-11-05,4.703036988,3551028237.0,412,278051.22775243653,1307685.208678521,3173.9932249478666,8.938237077014453e-05,Retail Orders
2023-11-06,4.775412186,3605865636.0,482,769756.0444031024,3675902.3946897313,7626.3535159538,0.0002114985494693,Normal
2023-11-07,5.120004362,3861091318.0,420,393462.2744015481,2014528.5612183672,4796.496574329446,0.0001242264473769,Normal
2023-11-08,4.932375141,3710991294.0,424,2224993.0399519303,10974500.35915692,25883.255564049337,0.0006974755129686,Normal
2023-11-09,5.195357063,3916545961.0,597,1011591.1895212352,5255577.431347721,8803.312280314442,0.0002247723470623,Normal
2023-11-10,5.144556691,3875672877.0,488,745971.0817678875,3837690.520001493,7864.119918035847,0.0002029097957339,Normal
2023-11-11,5.285764598,3992007187.0,462,721919.3392325516,3815895.685926974,8259.514471703407,0.0002069012926279,Normal
2023-11-12,5.400956175,4067886644.0,388,494380.8254748893,2670129.1721502,6881.776216881959,0.0001691732542998,Normal
2023-11-13,5.415712073,4079380742.0,385,531363.5514215921,2877712.000586073,7474.57662489889,0.0001832282176542,Normal
2023-11-14,5.25282595,3965491770.0,385,613486.6169802136,3222538.4216513764,8370.229666626952,0.0002110767126022,Normal
2023-11-15,5.055679005,3816782588.0,493,751646.7501250809,3800084.693783853,7708.082543172116,0.0002019523608026,Normal
2023-11-16,5.384688745,4052973031.0,372,632020.543413048,3403233.9067250234,9148.478243884472,0.0002257226528257,Normal
2023-11-17,5.207941311,3912048072.0,338,796654.5036821016,4148929.9003202175,12274.94053349177,0.0003137727427571,Normal
2023-11-18,5.083686812,3840921172.0,376,325490.5751603982,1654692.144373211,4400.776979715987,0.0001145760816909,Normal
2023-11-19,5.063220237,3816486643.0,349,155575.0068456765,787710.5230324428,2257.0502092620136,5.913947618293848e-05,Retail Orders
2023-11-20,5.233419063,3946317396.0,425,655810.3118833766,3432130.1879224386,8075.600442170444,0.0002046363642811,Normal
2023-11-21,5.185068632,3901845702.0,576,873757.6119543223,4530493.185715585,7865.439558534002,0.000201582537067,Normal
2023-11-22,4.899424821,3692484795.0,808,2052175.4189723453,10054479.184759185,12443.66235737523,0.0003369996912167,Normal
2023-11-23,6.12204211,4609969373.0,626,815528.9852623043,4992702.789701397,7975.563561823317,0.0001730068665647,Normal
2023-11-24,6.356736315,4798353141.0,509,1124433.29041514,7147725.930976861,14042.68355791132,0.0002926563165583,Normal
2023-11-25,6.163657373,4646072344.0,399,347692.1953088955,2143055.56315023,5371.066574311353,0.0001156044541847,Normal
2023-11-26,6.180898667,4661076840.0,380,366964.27167505247,2268168.977632958,5968.865730613047,0.0001280576556771,Normal
2023-11-27,6.177968836,4638207328.0,450,844451.2196771688,5216993.318687738,11593.318485972752,0.0002499525714597,Normal
2023-11-28,6.29284401,4743845301.0,456,1325755.8791261234,8342774.942681109,18295.559084827,0.0003856693868362,Normal
2023-11-29,6.157620392,4638298929.0,464,1003055.5542281058,6176435.335023847,13311.28304962036,0.0002869863122963,Normal
2023-11-30,6.007078066,4530083921.0,460,2256718.45350249,13556283.92317225,29470.182441678804,0.00065054385207,Normal
2023-12-01,5.953900404,4492284066.0,448,4108768.6829060847,24463199.521097086,54605.35607387743,0.0012155365794242,Small Whale Orders
2023-12-02,6.012215603,4533068082.0,369,417007.2681045748,2507137.6038627285,6794.4108505765,0.0001498854799369,Normal
2023-12-03,6.166383466,4642421885.0,431,430485.30773502233,2654537.483973164,6159.019684392491,0.0001326682459492,Normal
2023-12-04,6.059178109,4568069077.0,545,881731.9133505195,5342570.707380152,9802.882031890187,0.0002145957485898,Normal
2023-12-05,6.105775737,4591437032.0,441,1015414.5486997486,6199893.514447731,14058.715452262428,0.0003061942340552,Normal
2023-12-06,6.259444731,4719014371.0,430,1176040.389893796,7361359.821963908,17119.441446427692,0.0003627757853765,Normal
2023-12-07,5.993213099,4528763477.0,417,1071949.414293782,6424421.271210873,15406.286022088423,0.000340187472813,Normal
2023-12-08,6.281495258,4735117190.0,459,4298801.5806217,27002901.74375811,58829.85129359065,0.0012424159515593,Small Whale Orders
2023-12-09,6.538618596,4927057722.0,539,735713.7007561309,4810551.285096016,8924.956002033425,0.0001811416976542,Normal
2023-12-10,6.831605038,5150967326.0,412,459774.933298418,3141000.7506675865,7623.788229775695,0.0001480069227248,Normal
2023-12-11,6.599378841,4973401065.0,470,4392865.526850046,28990183.809252508,61681.242147345765,0.0012402225628136,Small Whale Orders
2023-12-12,6.089716712,4590601232.0,411,1465497.4185108435,8924464.120898344,21714.0246250568,0.0004730104735234,Normal
2023-12-13,6.229275423,4700888593.0,338,2805633.058535997,17477061.057494607,51707.28123519114,0.0010999469613508,Small Whale Orders
2023-12-14,6.292490687,4745230673.0,365,674269.6183052841,4242835.293713045,11624.20628414533,0.0002449660951212,Normal
2023-12-15,6.360730402,4793746018.0,339,10693834.36627086,68020597.36749147,200650.72969761497,0.0041856771081361,Small Whale Orders
2023-12-16,6.026985886,4548176020.0,288,529453.2903278173,3191007.508102015,11079.887180909776,0.000243611661734,Normal
2023-12-17,6.15417881,4634667097.0,265,174492.34267922348,1073857.077823736,4052.2908597122114,8.743434587427523e-05,Retail Orders
2023-12-18,6.070899799,4570736580.0,365,3119360.428120375,18937324.59608454,51883.08108516312,0.0011351142245253,Small Whale Orders
2023-12-19,5.93519382,4471023199.0,363,745030.407552944,4421899.870620315,12181.542343306652,0.0002724553597939,Normal
2023-12-20,5.829708166,4391077047.0,341,302636.53571492794,1764282.683587266,5173.849511986117,0.0001178264343031,Normal
2023-12-21,5.926255544,4464790232.0,403,858472.0546968919,5087524.773516526,12624.130951653911,0.0002827485793436,Normal
2023-12-22,6.169051824,4652616542.0,458,420367.4581067796,2593268.6341838725,5662.158589921119,0.0001216983720624,Normal
2023-12-23,6.401297311,4822483262.0,473,299215.0743262359,1915364.6506952,4049.396724514164,8.396911932121007e-05,Retail Orders
2023-12-24,6.334079274,4781840650.0,573,904469.4739773676,5728981.349085726,9998.222249713308,0.0002090873155656,Normal
2023-12-25,6.854674607,5177258136.0,496,550230.5813709038,3771651.594117981,7604.136278463671,0.0001468757415356,Normal
2023-12-26,6.972945349,5254920762.0,575,2069908.728291879,14433360.439797362,25101.49641703889,0.0004776760212743,Normal
2023-12-27,7.314332686,5520849820.0,535,685700.6096155957,5015442.381721477,9374.658657423322,0.0001698046308642,Normal
2023-12-28,7.242606842,5460491897.0,648,1246801.1199286217,9030090.321808295,13935.324570691811,0.0002552027332619,Normal
2023-12-29,7.785610561,5885921803.0,596,1105018.333278334,8603242.405670416,14434.970479312778,0.0002452457059819,Normal
2023-12-30,7.56494389,5699715570.0,453,515052.08071233553,3896340.0910165696,8601.192253899711,0.0001509056399089,Normal
2023-12-31,7.387025834,5573324149.0,443,687702.7479505194,5080077.965223278,11467.444616756837,0.0002057559242954,Normal
2024-01-01,7.208745934,5442942271.0,473,605914.3507603111,4367882.612395643,9234.424127686349,0.0001696586821595,Normal
2024-01-02,7.61137217,5731811274.0,578,705869.1739571091,5372632.986318029,9295.212779096935,0.000162168856139,Normal
2024-01-03,7.174654269,5396366971.0,551,865859.2850453372,6212241.015803817,11274.484602184786,0.0002089273146688,Normal
2024-01-04,6.433269912,4838431867.0,534,870114.560383619,5597681.821309043,10482.550227170492,0.0002166518102417,Normal
2024-01-05,6.528889122,4919284409.0,497,905598.7514256112,5912553.837079455,11896.486593721238,0.0002418336815809,Normal
2024-01-06,6.431390397,4842517885.0,397,260602.5793405829,1676036.926204456,4221.755481623315,8.718099926281047e-05,Retail Orders
2024-01-07,6.316817889,4752044552.0,298,201849.78288214872,1275048.319400723,4278.685635572896,9.003883673127852e-05,Retail Orders
2024-01-08,5.998816864,4512515618.0,470,652972.243010066,3917060.90309269,8334.172134239765,0.0001846901559962,Normal
2024-01-09,6.225144743,4694052226.0,425,359647.0085037149,2238854.684322577,5267.893374876653,0.0001122248565045,Normal
2024-01-10,6.000036465,4518689565.0,428,415240.1292863542,2491455.9174494394,5821.158685629532,0.0001288240451549,Normal
2024-01-11,6.561328959,4942934280.0,515,1707959.8980119084,11206486.739636222,21760.1684264781,0.0004402277512473,Normal
2024-01-12,6.820376004,5147348526.0,374,460263.1388547712,3139167.6677708016,8393.496437889844,0.000163064466987,Normal
2024-01-13,6.616036424,4976938390.0,351,211150.97117774896,1396982.5162749612,3980.007168874533,7.996898609135754e-05,Retail Orders
2024-01-14,6.635126465,4996976095.0,283,140798.89226315293,934218.4562979296,3301.1252872718364,6.606245906549282e-05,Retail Orders
2024-01-15,6.319141773,4797088135.0,349,558922.2058111345,3531908.6585984435,10120.082116327918,0.0002109630223904,Normal
2024-01-16,6.688975744,5043550525.0,322,470670.8246757463,3148305.729664544,9777.34698653585,0.0001938584126018,Normal
2024-01-17,6.837668823,5156908792.0,293,379878.7049577497,2597484.7774112206,8865.135759082665,0.0001719079416885,Normal
2024-01-18,6.767516243,5100319599.0,277,513444.2196489614,3474742.096348806,12544.195293678,0.0002459492008331,Normal
2024-01-19,6.307510888,4778310196.0,347,2910988.857138349,18361093.911246818,52913.81530618679,0.0011073750580379,Small Whale Orders
2024-01-20,6.344688791,4781809816.0,284,645340.4546627381,4094484.349077518,14417.19841224478,0.0003015008745016,Normal
2024-01-21,6.46666939,4877687261.0,298,130284.72714700748,842508.2570260552,2827.208916194816,5.79620784382801e-05,Retail Orders
2024-01-22,6.371485793,4805102197.0,328,658510.2696265366,4195688.827470077,12791.7342300917,0.0002662114915698,Normal
2024-01-23,6.02043918,4542215603.0,433,598324.3817986869,3602175.5505300937,8319.112125935551,0.000183150974173,Normal
2024-01-24,5.840927321,4390288135.0,363,981640.8476273124,5733692.846315968,15795.297097289167,0.0003597781423812,Normal
2024-01-25,5.872442149,4428667210.0,265,922695.671318077,5418476.950948127,20447.082833766515,0.0004616983364113,Normal
2024-01-26,5.750224729,4333103263.0,324,417257.1449319412,2399322.3531395853,7405.315904751807,0.0001709009791662,Normal
2024-01-27,5.948574423,4483508804.0,264,226262.5837153228,1345939.8183708652,5098.256887768429,0.00011371131653,Normal
2024-01-28,5.990690439,4517095838.0,274,101843.41333901252,610112.3625651473,2226.6874546173262,4.929466928475044e-05,Retail Orders
2024-01-29,5.947056739,4482340611.0,335,1038197.7790923318,6174221.098565885,18430.51074198772,0.0004111805045952,Normal
2024-01-30,6.140104563,4632237810.0,288,572401.4145094487,3514604.5370971207,12203.487976031667,0.0002634469229901,Normal
2024-01-31,6.259799833,4711686590.0,306,1303013.281175233,8156602.319897504,26655.56313691995,0.0005657329414374,Normal
2024-02-01,5.997855781,4523219604.0,294,475855.5440397819,2854112.9257399063,9707.867094353423,0.0002146229443683,Normal
2024-02-02,6.04376397,4553897841.0,281,395317.0454606023,2389202.9160816404,8502.501480717581,0.0001867082173905,Normal
2024-02-03,6.136097706,4625514253.0,236,244578.7596109268,1500759.1657849331,6359.149007563276,0.0001374798273173,Normal
2024-02-04,6.103826151,4598965365.0,236,214316.15391723893,1308148.544861784,5543.0023087363725,0.0001205271592371,Normal
2024-02-05,5.98534362,4509545383.0,279,335320.10623136355,2007006.058489614,7193.570102113312,0.0001595187428256,Normal
2024-02-06,6.00008899,4521758658.0,291,808139.9681004982,4848911.724978751,16662.92688996134,0.0003685054455633,Normal
2024-02-07,6.28076646,4732909074.0,206,573506.996350156,3602063.5072514024,17485.74518083205,0.0003694502663676,Normal
2024-02-08,6.390413673,4816577541.0,229,240661.2029549759,1537924.641924106,6715.828130672952,0.0001394315377154,Normal
2024-02-09,6.318867554,4766534044.0,252,363790.599405192,2298744.61503168,9122.002440601904,0.0001913760052146,Normal
2024-02-10,6.659048095,5022976115.0,257,119586.79470719992,796334.2174821356,3098.576721720372,6.16880640237799e-05,Retail Orders
2024-02-11,6.624057376,4991668785.0,303,363295.79368536593,2406492.1818313226,7942.218421885553,0.0001591094835008,Normal
2024-02-12,6.673339947,5029769054.0,290,372159.6522492157,2483547.8740163194,8563.958186263171,0.0001702654355363,Normal
2024-02-13,6.843329599,5154808649.0,323,2281186.5680510565,15610911.56198502,48330.99554794124,0.0009375904876181,Normal
2024-02-14,6.693592085,5045482438.0,396,1858739.2572263647,12441642.380249178,31418.28883901308,0.0006227013813859,Normal
2024-02-15,6.873955721,5182233118.0,400,1394794.8345080127,9587757.932287602,23969.394830719004,0.000462530231368,Normal
2024-02-16,7.497788884,5655849829.0,427,1010379.6944249346,7575613.641478592,17741.483937888974,0.0003136837871281,Normal
2024-02-17,7.451381018,5618843219.0,349,385028.4989074211,2868994.048147791,8220.613318475045,0.0001463043725918,Normal
2024-02-18,7.75428209,5844762324.0,382,338931.80715343385,2628172.8419412063,6880.033617647136,0.0001177128039817,Normal
2024-02-19,7.640406139,5761176899.0,362,1261592.9764958683,9639082.722538318,26627.300338503643,0.0004621850848413,Normal
2024-02-20,7.700477314,5802898033.0,326,595927.6449115357,4588927.310426728,14076.464142413275,0.0002425764516688,Normal
2024-02-21,7.554556416,5697285996.0,315,382234.4024992872,2887611.3578169164,9167.020183545766,0.0001609015273233,Normal
2024-02-22,7.397372224,5576018839.0,291,663746.2802148837,4909978.297044901,16872.777653075264,0.0003025954205007,Normal
2024-02-23,7.359168364,5543614712.0,1257,2655489.187712864,19542192.02116056,15546.692140939189,0.0002804432297086,Normal
2024-02-24,11.31766512,8520488457.0,1270,2759390.051026176,31229852.532973964,24590.43506533383,0.0002886035840484,Normal
2024-02-25,11.253038,8482374817.0,693,1700838.4136454498,19139599.300611965,27618.46940925248,0.0003255983142114,Normal
2024-02-26,11.03106266,8301271645.0,604,1990627.2743348568,21958734.19589281,36355.52019187552,0.0004379512169532,Normal
2024-02-27,10.58132612,7974770393.0,623,1001234.0555071922,10594384.063771782,17005.431884063855,0.000213240394971,Normal
2024-02-28,10.85916208,8183048170.0,611,990653.7795947928,10757669.957784452,17606.661142036748,0.0002151601796331,Normal
2024-02-29,10.92627376,8245708444.0,753,1169189.2544736243,12774881.871629126,16965.31457055661,0.000205747203964,Normal
2024-03-01,11.15471232,8456491766.0,597,1242916.2200521885,13864372.872543976,23223.405146639827,0.0002746222167449,Normal
2024-03-02,11.60502116,8742808686.0,694,1935553.1653731773,22462135.440460708,32366.18939547653,0.0003702035645284,Normal
2024-03-03,12.58639072,9485328596.0,596,666986.260008576,8394949.673339449,14085.486029093036,0.0001484976075054,Normal
2024-03-04,12.63559231,9507399170.0,580,1254884.602128657,15856210.228594268,27338.293497576324,0.000287547551215,Normal
2024-03-05,12.39407068,9351753953.0,687,1434101.9989214009,17774361.536961127,25872.433096013287,0.0002766586164054,Normal
2024-03-06,13.01891932,9765075651.0,933,2797594.237103599,36421653.66294871,39037.14218965564,0.0003997628240151,Normal
2024-03-07,15.39959282,11591873784.0,703,971424.5580050674,14959542.64862651,21279.57702507327,0.0001835732291568,Normal
2024-03-08,14.90380733,11224400182.0,610,782205.6639262646,11657842.507591778,19111.217225560293,0.0001702649310045,Normal
2024-03-09,14.63526427,11029439886.0,631,735901.4620439181,10770112.373692116,17068.323888577044,0.0001547524086897,Normal
2024-03-10,14.24518259,10736361806.0,541,488641.61081072193,6960788.967070453,12866.52304449252,0.0001198406245708,Normal
2024-03-11,14.23577917,10735347614.0,619,934753.4590547574,13306943.821497165,21497.48597980156,0.0002002495564444,Normal
2024-03-12,14.4672257,10922287650.0,543,893435.9551648977,12925539.611865656,23803.94035334375,0.0002179391453158,Normal
2024-03-13,14.05967518,10591406848.0,530,358268.8755369144,5037144.0171528645,9504.045315382764,8.973354958201266e-05,Retail Orders
2024-03-14,14.20168514,10704315532.0,576,674197.6265385335,9574742.41423556,16622.81669138118,0.0001552907950227,Normal
2024-03-15,13.94334007,10511145173.0,572,783341.3840831185,10922395.309175406,19095.0966943626,0.0001816652360906,Normal
2024-03-16,13.03394048,9824692319.0,500,297726.73259550275,3880552.511954659,7761.105023909318,7.899590920420068e-05,Retail Orders
2024-03-17,12.01200144,9066674678.0,513,498857.2755245407,5992274.311955259,11680.846611998557,0.0001288327532071,Normal
2024-03-18,12.44279592,9370472311.0,449,406855.2697685961,5062417.090707187,11274.871026073912,0.0001203234015518,Normal
2024-03-19,11.87447947,8949666171.0,525,4844859.198702174,57530181.09002963,109581.29731434214,0.0012244177069913,Small Whale Orders
2024-03-20,10.63295769,8023507518.0,440,480907.5776611782,5113469.926071697,11621.522559253855,0.0001448434183327,Normal
2024-03-21,11.9130126,8979138605.0,449,799255.2609136775,9521537.993880928,21206.09798191743,0.0002361707388068,Normal
2024-03-22,12.21037949,9207683254.0,349,480215.8702277858,5863618.012601856,16801.19774384486,0.0001824693278468,Normal
2024-03-23,11.70154898,8810364834.0,349,62217.35670023291,728039.4468339066,2086.0729135642023,2.3677486152603543e-05,Retail Orders
2024-03-24,11.65796634,8802040020.0,401,316594.66861114104,3690849.990092138,9204.114688509071,0.0001045679713747,Normal
2024-03-25,12.02926912,9072302754.0,476,444699.0218381241,5349404.211091552,11238.244140948638,0.0001238742185493,Normal
2024-03-26,12.42432157,9332288471.0,583,638991.895200517,7939040.786594963,13617.565671689474,0.0001459188248842,Normal
2024-03-27,12.71249241,9564380338.0,467,869207.4738657152,11049793.414233178,23661.227867737,0.0002473890312969,Normal
2024-03-28,12.26149563,9218658276.0,450,627065.0339232783,7688755.173176079,17086.122607057954,0.0001853428351015,Normal
2024-03-29,12.77115124,9639569349.0,422,1000542.936748658,12778085.167330865,30279.82267140016,0.0003141200771022,Normal
2024-03-30,12.66261729,9542562114.0,350,317528.6143202694,4020743.321761584,11487.838062175955,0.0001203852584341,Normal
2024-03-31,12.62010936,9500841804.0,397,636849.8399506831,8037114.626076117,20244.62122437309,0.0002130823946131,Normal
2024-04-01,12.94088472,9744657892.0,426,681800.729144579,8823104.63787194,20711.51323444117,0.0002125422304609,Normal
2024-04-02,12.44530267,9382025033.0,493,2200383.8264395995,27384442.710213564,55546.53693755287,0.000592052747058,Normal
2024-04-03,11.32137254,8546813094.0,447,582370.0093811196,6593227.832326951,14749.95040789027,0.0001725783662947,Normal
2024-04-04,10.89115813,8211223578.0,367,279050.70437796606,3039185.347668312,8281.15898547224,0.0001008517050693,Normal
2024-04-05,10.96989793,8255157458.0,417,534139.2143809535,5859452.662169447,14051.445233020257,0.0001702141395183,Normal
2024-04-06,10.9438447,8247494302.0,347,174719.81898742463,1912106.5650104864,5510.39355910803,6.681294169274868e-05,Retail Orders
2024-04-07,11.24295135,8493601245.0,356,154040.47816911477,1731869.6019860944,4864.802252769928,5.727608481306716e-05,Retail Orders
2024-04-08,11.38371836,8589586603.0,392,350833.5608678479,3993790.4481554967,10188.240939172185,0.0001186115398803,Normal
2024-04-09,11.63437882,8769489422.0,400,509190.5684776118,5924115.965239686,14810.289913099215,0.0001688842896137,Normal
2024-04-10,11.23548533,8463369781.0,619,983647.1815273394,11051753.477946268,17854.205941754877,0.0002109585945522,Normal
2024-04-11,10.00975333,7548155769.0,1022,3365534.7149083246,33688172.3197842,32962.98661427026,0.0004367025220868,Normal
2024-04-12,9.174412399,6912643627.0,770,1858187.6219156955,17047779.558171682,22139.973452171016,0.0003202822920842,Normal
2024-04-13,7.927899246,5985776005.0,796,2216144.2477880577,17569368.311066177,22072.07074254545,0.000368742009793,Normal
2024-04-14,6.9368288,5230122502.0,690,1621696.9030068512,11249433.781648733,16303.527219780772,0.0003117236204992,Normal
2024-04-15,7.524654815,5680358814.0,587,3686687.571842224,27741051.388863243,47259.0313268539,0.0008319726424742,Normal
2024-04-16,7.253921432,5459439234.0,508,772561.9755143578,5604103.87173186,11031.700534905236,0.0002020665504655,Normal
2024-04-17,7.184043171,5419520570.0,456,496569.5951322282,3567377.408835919,7823.196072008594,0.0001443521796985,Normal
2024-04-18,6.881566773,5194386676.0,414,1129594.56049022,7773380.394431037,18776.28114596869,0.0003614725340476,Normal
2024-04-19,7.291195806,5499697578.0,442,2218672.5687281075,16176776.127997624,36599.04101356929,0.0006654737009535,Normal
2024-04-20,7.523443248,5670656750.0,445,559598.0421413236,4210104.11174216,9460.908116274515,0.0001668397248039,Normal
2024-04-21,7.87027853,5928178838.0,416,97269.08954564577,765534.8270837434,1840.227949720537,3.104204512057835e-05,Retail Orders
2024-04-22,7.721898066,5819345542.0,421,916968.2846519336,7080735.623837104,16818.84946279597,0.000289016167564,Normal
2024-04-23,8.212417957,6193583964.0,379,1452749.489101684,11930585.991321243,31479.118710610142,0.0005082536846772,Normal
2024-04-24,7.95803167,6000003100.0,363,298867.7690793753,2378399.1714759152,6552.063833266984,0.0001092010074672,Normal
2024-04-25,7.706699105,5810983378.0,343,295227.85935202753,2275232.279439336,6633.330260756082,0.0001141515958532,Normal
2024-04-26,7.939948703,5994679125.0,346,304872.0206075816,2420668.204604157,6996.150880358835,0.000116706011022,Normal
2024-04-27,7.696826434,5800727188.0,305,226691.4259827033,1744804.559864825,5720.6706880813945,9.861988855321072e-05,Retail Orders
2024-04-28,7.992747064,6020122923.0,292,237611.2193098309,1899166.3755121108,6503.994436685311,0.0001080375686655,Normal
2024-04-29,7.827768035,5901317035.0,323,677410.2877974854,5302610.597401307,16416.751075545842,0.0002781879193776,Normal
2024-04-30,7.698712042,5806328837.0,380,700011.0403226729,5389183.425665109,14182.061646487133,0.0002442517818852,Normal
2024-05-01,7.035213772,5318186830.0,484,1562824.9804221955,10994807.82549186,22716.545093991448,0.0004271483086274,Normal
2024-05-02,7.024762805,5305904749.0,354,554510.8900804891,3895307.475604864,11003.693433912043,0.0002073858079715,Normal
2024-05-03,7.114011978,5364988570.0,346,1045435.9715312988,7437244.0237057265,21494.92492400499,0.0004006518307271,Normal
2024-05-04,7.593532578,5730406009.0,279,629854.8810454004,4782823.558630562,17142.73676928517,0.0002991539646992,Normal
2024-05-05,7.530152631,5677719971.0,321,189269.43534897684,1425227.7365609824,4439.961796140132,7.819973191383256e-05,Retail Orders
2024-05-06,7.595106419,5726642681.0,359,548396.0343970377,4165126.241003085,11602.022955440349,0.0002025972913227,Normal
2024-05-07,7.481196072,5641819096.0,326,117059.33440522708,875743.8327433192,2686.330775286255,4.761462091527961e-05,Retail Orders
2024-05-08,7.409067328,5592314424.0,288,125868.14928592653,932565.5925101849,3238.074973993697,5.790223382464264e-05,Retail Orders
2024-05-09,7.34501123,5531163244.0,328,426942.9373531056,3135900.669427747,9560.67277264557,0.00017285103243,Normal
2024-05-10,7.501146356,5657267513.0,283,121912.65264489823,914484.6501375722,3231.394523454319,5.711935163095616e-05,Retail Orders
2024-05-11,7.110694206,5362691276.0,219,241910.66659159068,1720152.7753024213,7854.578882659458,0.0001464671091138,Normal
2024-05-12,7.025813006,5295955819.0,294,279065.1965666458,1960659.8875598868,6668.911182176485,0.0001259246000174,Normal
2024-05-13,7.064875637,5323343233.0,261,365916.2377668556,2585152.713381757,9904.79966812934,0.0001860635175039,Normal
2024-05-14,6.99850529,5277434550.0,299,125528.07751157782,878508.9145083075,2938.1569047100584,5.567396197665888e-05,Retail Orders
2024-05-15,6.782256731,5112397455.0,308,1737852.3510906685,11786560.805668864,38268.05456385994,0.0007485344185521,Normal
2024-05-16,7.365990496,5566351726.0,314,424186.3738988455,3124552.7986715985,9950.805091310824,0.0001787670916451,Normal
2024-05-17,7.294885366,5503493959.0,346,312575.63530866493,2280203.4277813327,6590.183317287089,0.0001197454447371,Normal
2024-05-18,7.492026575,5636851055.0,321,214779.10971659128,1609130.7977515424,5012.8685288210045,8.893029955748945e-05,Retail Orders
2024-05-19,7.859357087,5923340326.0,346,260304.65936164767,2045827.269333087,5912.795576107187,9.982197967173136e-05,Retail Orders
2024-05-20,7.653524065,5760144240.0,373,922795.8770262016,7062640.451902815,18934.69290054374,0.0003287190756275,Normal
2024-05-21,9.331466865,7026103226.0,429,3226051.9147125115,30103796.546909604,70172.01992286621,0.0009987331194223,Normal
2024-05-22,9.639909592,7255386965.0,416,1069717.243657468,10311977.517861428,24788.4074948592,0.0003416552089425,Normal
2024-05-23,9.311426642,7013543868.0,416,780694.3442749,7269378.116540026,17474.46662629814,0.0002491531664331,Normal
2024-05-24,9.049075864,6823497237.0,431,1161583.991507694,10511261.661561055,24388.07810106973,0.0003574131747108,Normal
2024-05-25,10.16728734,7622028800.0,641,815426.3649421597,8290674.15697864,12933.969043648423,0.000169691946633,Normal
2024-05-26,11.31202443,8532860737.0,507,1920335.7307848693,21722884.700440347,42845.92643084881,0.0005021285094348,Normal
2024-05-27,11.1654982,8418490111.0,421,330459.3235573643,3689742.982352969,8764.235112477361,0.0001041069716412,Normal
2024-05-28,11.06282647,8327520634.0,349,493417.9112699512,5458596.729569327,15640.678308221568,0.000187819148047,Normal
2024-05-29,11.12863304,8438658112.0,421,358131.2748707295,3985511.538183722,9466.77324984257,0.0001121833960352,Normal
2024-05-30,10.44440636,7878719225.0,387,1852791.6494913893,19351308.88770276,50003.38213876682,0.0006346638420633,Normal
2024-05-31,10.75532442,8097209757.0,365,1863692.8219285728,20044620.91906709,54916.7696412797,0.0006782184393062,Normal
2024-06-01,9.982957282,7546355316.0,341,236412.1498735133,2360092.393133065,6921.092061973798,9.171436769349435e-05,Retail Orders
2024-06-02,9.884384052,7443477293.0,345,144408.3698185403,1427387.7876096978,4137.355906115066,5.558364381665974e-05,Retail Orders
2024-06-03,9.423074204,7108230247.0,353,850069.2937699254,8010266.033735882,22691.971766957173,0.0003192351820136,Normal
2024-06-04,9.495808384,7150238428.0,461,1307117.238994272,12412134.836912738,26924.37057898641,0.0003765520667611,Normal
2024-06-05,11.44427872,8616083167.0,408,850862.4611237732,9737507.157485625,23866.43911148437,0.0002769987086811,Normal
2024-06-06,11.16547312,8409770565.0,390,487348.3140273964,5441474.500350213,13952.498718846698,0.0001659081970311,Normal
2024-06-07,10.61862892,8005387956.0,389,659009.0494105258,6997772.550612319,17989.13252085429,0.0002247128136665,Normal
2024-06-08,9.822944654,7401543911.0,353,454077.05122506246,4460373.742835311,12635.6196680887,0.0001707159995269,Normal
2024-06-09,10.05190306,7564545844.0,318,128103.89992871508,1287687.983691385,4049.3332820483806,5.353042159510747e-05,Retail Orders
2024-06-10,9.815035219,7397657219.0,363,1512022.0466940473,14840549.640206536,40883.05686007311,0.0005526487055262,Normal
2024-06-11,10.34704823,7788872348.0,424,547938.8180637655,5669549.377594978,13371.578720742871,0.0001716754123486,Normal
2024-06-12,8.983001324,6783279590.0,384,802567.9095545165,7209468.594128135,18774.657797208685,0.0002767784748971,Normal
2024-06-13,10.0671008,7577694370.0,310,1448262.0525229906,14579800.06756384,47031.61312117368,0.0006206586175786,Normal
2024-06-14,10.14365514,7652510414.0,416,1061058.5343621362,10763011.855923347,25872.624653661896,0.0003380932955847,Normal
2024-06-15,10.42403029,7843281706.0,471,1807749.924440203,18844039.96910989,40008.577429108045,0.0005100999674473,Normal
2024-06-16,11.5098463,8672103394.0,438,308074.0386076061,3545884.833393812,8095.627473501853,9.335252482232865e-05,Retail Orders
2024-06-17,11.92531215,8818802262.0,428,640669.1317921965,7640179.381491433,17850.886405353816,0.0002024184903461,Normal
2024-06-18,10.60504454,7976398844.0,485,1416538.474788459,15022453.617755271,30974.13117062943,0.0003883222463722,Normal
2024-06-19,9.735728952,7322812280.0,491,555053.2728394121,5403848.21828502,11005.800851904318,0.0001502947287337,Normal
2024-06-20,9.951847537,7480309032.0,385,679835.7398846634,6765621.63353576,17573.04320398899,0.0002349240269193,Normal
2024-06-21,10.0161641,7553204823.0,406,251749.55007642487,2521564.805666639,6210.750752873495,8.222669579886614e-05,Retail Orders
2024-06-22,9.792163155,7384496646.0,374,142746.37623900844,1397795.805917386,3737.4219409555776,5.061173591269822e-05,Retail Orders
2024-06-23,9.838321696,7415639390.0,393,135178.53675669542,1329929.93100693,3384.045625971832,4.563390218967797e-05,Retail Orders
2024-06-24,9.767101324,7371648154.0,464,1068368.1626735537,10434860.096168311,22488.9226210524,0.0003050731959968,Normal
2024-06-25,9.339651013,7028877213.0,331,284849.12473531166,2660391.416386317,8037.436303281925,0.0001143487936937,Normal
2024-06-26,9.497816811,7155600895.0,293,163259.18941750567,1550605.8737998186,5292.170217746821,7.395843193888501e-05,Retail Orders
2024-06-27,9.390195165,7077387865.0,327,368499.4804923214,3460282.0400240086,10581.902263070362,0.0001495170600356,Normal
2024-06-28,9.486081027,7144564632.0,351,381143.95398150006,3615562.4304196695,10300.747665013305,0.0001441760022559,Normal
2024-06-29,8.97308704,6756646582.0,366,654112.4816258034,5869408.231578734,16036.634512510202,0.0002373460609177,Normal
2024-06-30,8.838299426,6659364406.0,275,370550.8584840072,3275039.4398430088,11909.23432670185,0.0001788343992104,Normal
2024-07-01,9.271199416,6971775587.0,343,826721.1139272917,7664696.308637576,22346.05337795212,0.0003205216963612,Normal
2024-07-02,9.143030516,6896106679.0,387,4407836.096298922,40300979.93798735,104136.8990645668,0.001510082484392,Small Whale Orders
2024-07-03,8.982856941,6767510888.0,333,2931406.153252047,26332402.11063026,79076.28261450528,0.0011684692337137,Small Whale Orders
2024-07-04,8.517400489,6423225305.0,360,330431.99914168374,2814421.671070625,7817.837975196181,0.000121712031012,Normal
2024-07-05,7.648489184,5773098255.0,522,998562.771145144,7637496.554648702,14631.219453350004,0.0002534379081575,Normal
2024-07-06,7.763477352,5853237006.0,360,849590.0361802081,6595773.004369906,18321.591678805296,0.0003130163986188,Normal
2024-07-07,8.19613244,6178429460.0,321,180676.9607639533,1480852.2992780448,4613.247038249361,7.466698564928442e-05,Retail Orders
2024-07-08,7.637985881,5740979575.0,300,417573.3374871741,3189419.256009084,10631.39752003028,0.0001851843815352,Normal
2024-07-09,8.038111049,6053690556.0,265,265667.83203852654,2135467.536072756,8058.36806065191,0.000133114964931,Normal
2024-07-10,8.176257354,6161907242.0,287,1081959.0839568286,8846375.916929124,30823.609466652,0.0005002283912447,Normal
2024-07-11,8.035456904,6058158732.0,340,882720.2293134994,7093060.360937622,20861.94223805183,0.0003443611031163,Normal
2024-07-12,7.836686383,5899261553.0,309,1542071.5749982963,12084731.31340051,39109.16282653887,0.0006629501417283,Normal
2024-07-13,8.107710033,6103280597.0,277,361627.74460525904,2931972.8931472204,10584.73968645206,0.0001734270531762,Normal
2024-07-14,8.157166344,6152207386.0,254,1040691.8292090782,8489096.363700088,33421.6392271657,0.0005432463038099,Normal
2024-07-15,8.420472803,6364643588.0,369,665361.5538377967,5602658.868252987,15183.35736653926,0.0002385578572721,Normal
2024-07-16,8.604429093,6476270386.0,415,4614899.084440995,39708571.94342317,95683.30588776666,0.0014774445812918,Small Whale Orders
2024-07-17,8.192429118,6172122056.0,345,2061073.9267923683,16885202.0522044,48942.61464407072,0.0007929625208317,Normal
2024-07-18,7.93030311,5989100918.0,301,912081.386031498,7233081.852218698,24030.172266507303,0.0004012317140004,Normal
2024-07-19,7.835636688,5905506172.0,316,2701768.968081838,21170080.04880195,66993.92420506946,0.0011344315331124,Small Whale Orders
2024-07-20,7.986243484,6019305177.0,292,164478.92651949677,1313568.755171646,4498.523134149472,7.473492374732061e-05,Retail Orders
2024-07-21,8.018414611,6046441846.0,355,202290.8057187214,1622051.5522459585,4569.159302101291,7.556773749711991e-05,Retail Orders
2024-07-22,8.13435833,6120079911.0,321,839867.6324270541,6831784.271930385,21282.817046512104,0.0003477539077269,Normal
2024-07-23,7.816383409,5887506383.0,337,425796.4285941612,3328188.140074855,9875.92919903518,0.0001677438385043,Normal
2024-07-24,7.722132814,5823270678.0,353,327786.25503373647,2531208.995974189,7170.563727972207,0.0001231363631277,Normal
2024-07-25,7.423798688,5598491674.0,363,998357.5339946704,7411605.351024548,20417.64559510895,0.0003646990436715,Normal
2024-07-26,7.292098882,5496037000.0,306,1633582.6230767393,11912246.019392518,38928.90856010627,0.000708308706075,Normal
2024-07-27,7.687682267,5795068727.0,302,316216.47206536285,2430971.7648301907,8049.57538023242,0.0001389038812038,Normal
2024-07-28,7.690879391,5799743888.0,275,157374.44264030302,1210347.8575724182,4401.264936626975,7.588722918840335e-05,Retail Orders
2024-07-29,7.534459977,5681279264.0,306,237809.1415472633,1791763.4591525835,5855.436141021515,0.0001030654517922,Normal
2024-07-30,7.68325267,5788152938.0,311,228876.6975470805,1758517.497529389,5654.397098165239,9.768914468453942e-05,Retail Orders
2024-07-31,7.389599403,5567690516.0,326,2145004.185065884,15850721.645395355,48621.84553802256,0.0008732857079303,Normal
2024-08-01,7.221625915,5435565683.0,330,1245567.7788913103,8995024.550930476,27257.650154334777,0.0005014685084127,Normal
2024-08-02,7.198000033,5420683673.0,414,983274.4080741628,7077609.221765879,17095.67444870985,0.0003153785662473,Normal
2024-08-03,6.608558476,4982384425.0,347,2156645.680167679,14252319.089400902,41072.96567550692,0.0008243636414206,Normal
2024-08-04,6.653760618,5002218072.0,400,406178.34380588064,2702613.4679000326,6756.533669750082,0.0001350707540634,Normal
2024-08-05,6.150494413,4636037674.0,643,1664578.2249341595,10237979.072459005,15922.20695561276,0.000343444296083,Normal
2024-08-06,5.36445623,4056641129.0,417,2296909.879341076,12321672.511979785,29548.375328488688,0.0007283951029647,Normal
2024-08-07,5.78458597,4359013772.0,420,750309.4198438196,4340229.343187398,10333.879388541423,0.0002370692071431,Normal
2024-08-08,5.652582783,4267549704.0,381,636070.5093516213,3595441.209935015,9436.853569383242,0.0002211304899515,Normal
2024-08-09,6.294741976,4733090769.0,390,547247.20309099,3444779.940545452,8832.76907832167,0.0001866173608199,Normal
2024-08-10,6.141242652,4629064005.0,288,77186.06222495821,474018.33747583936,1645.8970051244423,3.555571932785238e-05,Retail Orders
2024-08-11,6.192148105,4667570851.0,262,171043.49507363833,1059126.6538928065,4042.468144629032,8.660753684677238e-05,Retail Orders
2024-08-12,5.917395098,4457426581.0,301,238143.1246934366,1409186.9586833443,4681.684248117424,0.0001050311017588,Normal
2024-08-13,6.252405978,4720621603.0,287,2885774.2668998376,18043032.27752311,62867.70828405266,0.0013317675842541,Small Whale Orders
2024-08-14,6.35033081,4786667689.0,249,508548.4172302872,3229450.682314228,12969.68145507722,0.000270954290077,Normal
2024-08-15,6.434914278,4850423888.0,269,532947.1581014103,3429469.2770862887,12748.956420395123,0.0002628421085409,Normal
2024-08-16,6.216132311,4685370940.0,298,326472.8185468804,2029398.236032504,6810.061194739945,0.0001453473221639,Normal
2024-08-17,6.499180764,4902255885.0,276,210022.1911692105,1364972.1848600635,4945.55139442052,0.0001008831752245,Normal
2024-08-18,6.408196916,4830285231.0,316,220882.98055149903,1415461.634767004,4479.308970781658,9.273383985761684e-05,Retail Orders
2024-08-19,6.169508113,4653474007.0,302,305251.57354753057,1883252.0595075053,6235.933971879158,0.0001340059912765,Normal
2024-08-20,6.20698739,4676969855.0,305,372067.2736392241,2309416.8757103435,7571.858608886372,0.0001618966733512,Normal
2024-08-21,6.265508987,4723953799.0,341,729937.3840499263,4573429.239712083,13411.815952234849,0.000283910819684,Normal
2024-08-22,7.098396531,5349548724.0,354,3597696.450605397,25537876.00456836,72140.89266827221,0.0013485416507119,Small Whale Orders
2024-08-23,6.919896459,5215987290.0,367,4688521.203437644,32444081.27361457,88403.49120875906,0.0016948563386694,Small Whale Orders
2024-08-24,7.012458951,5283237568.0,359,2576824.4929544227,18069875.98077428,50333.91638098684,0.0009527096923646,Normal
2024-08-25,6.917620788,5205542553.0,309,300295.2187407538,2077328.4476980453,6722.745785430568,0.0001291459193154,Normal
2024-08-26,6.625059701,4990156562.0,351,738850.8925901954,4894931.273547183,13945.673144009068,0.0002794636394818,Normal
2024-08-27,6.315664415,4760537316.0,421,1178552.967383206,7443345.03729477,17680.15448288544,0.0003713898938143,Normal
2024-08-28,5.711291845,4302187715.0,349,842758.7334382755,4813241.081588551,13791.52172374943,0.0003205699666628,Normal
2024-08-29,5.764970115,4356257041.0,332,1194675.904415412,6887270.886065445,20744.791825498327,0.0004762067901469,Normal
2024-08-30,5.830779271,4394511228.0,295,423270.07463209657,2467994.3771994514,8366.082634574412,0.0001903757255475,Normal
2024-08-31,5.896518507,4441118190.0,274,277748.94463802874,1637751.792357855,5977.196322473924,0.0001345876436239,Normal
2024-09-01,5.942184244,4479188270.0,278,95933.68680752204,570055.6422164881,2050.5598640880867,4.577972035294883e-05,Retail Orders
2024-09-02,5.625216108,4241236838.0,298,437698.00790833903,2462145.8845255,8262.234511830538,0.0001948071948683,Normal
2024-09-03,6.104068294,4599133319.0,322,2189858.766309696,13367047.46376897,41512.56976325767,0.0009026172298976,Normal
2024-09-04,6.045304498,4556749023.0,401,1076688.6580930771,6508910.787715663,16231.697724976715,0.0003562122390995,Normal
2024-09-05,6.438258001,4843310559.0,286,2308146.13136363,14860440.29772909,51959.58146059122,0.0010728112688136,Small Whale Orders
2024-09-06,6.31406026,4757675841.0,302,674439.159128646,4258449.492442001,14100.82613391391,0.0002963805564977,Normal
2024-09-07,6.180534184,4649371507.0,247,294912.41942819563,1822716.2895621087,7379.418176364812,0.0001587186174573,Normal
2024-09-08,6.423717011,4840169452.0,273,159486.13065165054,1024493.770485576,3752.724434013099,7.753291431692419e-05,Retail Orders
2024-09-09,6.340836597,4781381607.0,334,1370225.0739121512,8688373.294789197,26013.093696973643,0.0005440497294524,Normal
2024-09-10,6.734279498,5078947060.0,281,2649479.08698286,17842332.695848428,63495.84589269903,0.0012501773525613,Small Whale Orders
2024-09-11,6.710980451,5059116240.0,313,1536273.246544376,10309899.72495361,32938.97675704029,0.000651081635496,Normal
2024-09-12,6.763193894,5102641485.0,336,1435039.2927365762,9705448.982286092,28885.26482823241,0.0005660845448998,Normal
2024-09-13,6.793756289,5124510739.0,381,4099135.915708053,27848530.40680736,73093.2556609117,0.0014263460334786,Small Whale Orders
2024-09-14,6.93966625,5231497917.0,331,562518.4836082098,3903690.5356970713,11793.62699606366,0.0002254349936323,Normal
2024-09-15,6.672417134,5029318748.0,229,147335.19727576702,983081.8947440978,4292.934038183834,8.535816187611885e-05,Retail Orders
2024-09-16,6.542635373,4927459913.0,283,854375.2168417712,5589865.5155235175,19752.1749665142,0.0004008591711604,Normal
2024-09-17,6.41214191,4832171873.0,293,1241886.5144710066,7963152.566903363,27177.9951088852,0.0005624385022549,Normal
2024-09-18,6.783982046,5117205747.0,275,2688239.420900107,18236967.966735765,66316.24715176642,0.0012959464682584,Small Whale Orders
2024-09-19,6.735827346,5068461398.0,299,3043648.298496196,20501489.440617044,68566.85431644497,0.0013528139790805,Small Whale Orders
2024-09-20,6.81097991,5133139589.0,318,1895789.3793009643,12912183.37601024,40604.35023902591,0.0007910236909597,Normal
2024-09-21,6.8091107,5132296083.0,235,193059.0585978515,1314560.5016305577,5593.874475023649,0.000108993604121,Normal
2024-09-22,6.906180839,5216084234.0,296,238993.79573017824,1650534.372711637,5576.129637539314,0.0001069025994862,Normal
2024-09-23,6.638029581,5002825223.0,294,2890726.341055437,19188726.96250188,65267.77878402,0.0013046184080938,Small Whale Orders
2024-09-24,6.83149824,5147797964.0,260,3226398.422279058,22041135.14333816,84773.59670514676,0.0016467933920094,Small Whale Orders
2024-09-25,6.93098324,5223952259.0,251,895900.5839271381,6209471.931905207,24738.93199962234,0.000473567344667,Normal
2024-09-26,6.776294608,5100318282.0,322,497644.43059069535,3372185.27171296,10472.62506743155,0.0002053327751013,Normal
2024-09-27,7.35034833,5543937975.0,383,998396.6570812576,7338563.201054805,19160.739428341527,0.0003456160497239,Normal
2024-09-28,7.625003304,5747475548.0,297,433566.44747748,3305945.5945193274,11131.129947876523,0.000193669896547,Normal
2024-09-29,7.612082074,5737937338.0,268,383543.6314043553,2919565.601209956,10893.901497052077,0.0001898574497303,Normal
2024-09-30,7.447998549,5614210738.0,319,1061948.498318711,7909390.87459049,24794.328760471755,0.0004416351632946,Normal
2024-10-01,7.381367951,5564897842.0,458,2246924.854506996,16585379.109363277,36212.61814271458,0.0006507328466913,Normal
2024-10-02,6.8919123,5198001020.0,295,606066.2002146916,4176955.099873896,14159.169830081004,0.0002723964419322,Normal
2024-10-03,6.680470575,5033603010.0,332,262286.7516073389,1752198.9263251612,5277.707609413136,0.000104849500426,Normal
2024-10-04,6.550011929,4939872012.0,302,470214.6468842145,3079911.5462821275,10198.382603583204,0.0002064503407944,Normal
2024-10-05,6.71489578,5061492264.0,253,135374.56333114405,909026.084031642,3592.988474433367,7.098674238798297e-05,Retail Orders
2024-10-06,6.82855977,5145813029.0,228,168317.17284652896,1149363.875099944,5041.069627631333,9.796449267048043e-05,Retail Orders
2024-10-07,7.071474089,5330825082.0,297,729734.1869555312,5160296.394913521,17374.73533640916,0.000325929571298,Normal
2024-10-08,7.226120624,5448702272.0,269,239672.5399816592,1731902.6841679325,6438.29994114473,0.000118162080065,Normal
2024-10-09,7.178442849,5408432669.0,230,413500.8614518453,2968292.3019443387,12905.61870410582,0.0002386203082101,Normal
2024-10-10,7.278363702,5481059887.0,622,1633348.063439618,11888101.25767091,19112.70298660918,0.0003487045093585,Normal
2024-10-11,8.102545329,6107049480.0,384,750686.5570939467,6082471.856724651,15839.770460220445,0.0002593686282073,Normal
2024-10-12,7.88070961,5934322391.0,370,2665775.5988258026,21008203.379770007,56778.92805343245,0.0009567887336141,Normal
2024-10-13,8.137658542,6137963625.0,338,545914.2185647845,4442463.503902974,13143.383147641936,0.0002141326334048,Normal
2024-10-14,7.673108319,5778986836.0,380,1601074.2647480937,12285216.260175409,32329.516474145807,0.0005594322567539,Normal
2024-10-15,8.113713359,6114962919.0,435,4456277.407605592,36156957.53349938,83119.4426057457,0.0013592795852855,Small Whale Orders
2024-10-16,7.832381547,5902597480.0,396,1084366.298704435,8493170.588161305,21447.40047515481,0.0003633552948142,Normal
2024-10-17,7.580931402,5703403167.0,399,704800.3220843067,5343042.893828634,13391.084946938932,0.0002347911335537,Normal
2024-10-18,7.344860942,5534928674.0,310,1630365.1839886005,11974805.561074514,38628.40503572424,0.0006979024900027,Normal
2024-10-19,7.463156724,5624752599.0,323,296344.2087709865,2211663.274307648,6847.254719218724,0.0001217343269539,Normal
2024-10-20,7.325115473,5522591428.0,318,950962.978589693,6965913.628717529,21905.388769551977,0.0003966505408763,Normal
2024-10-21,7.746162524,5837446896.0,366,684198.0248547113,5299909.099124385,14480.625953891762,0.0002480643714945,Normal
2024-10-22,7.804499847,5885902708.0,443,2122181.6077276,16562566.032816265,37387.28224112023,0.0006352004797888,Normal
2024-10-23,7.996398455,6028966552.0,354,610114.9512515238,4878722.253560085,13781.701281243177,0.0002285914370626,Normal
2024-10-24,7.854501771,5919288245.0,325,751525.4134036483,5902857.690530463,18162.63904778604,0.0003068382260844,Normal
2024-10-25,8.025593682,6030209674.0,393,381080.4566940544,3058396.905577478,7782.180421316738,0.0001290532310156,Normal
2024-10-26,7.358221249,5530104201.0,362,452782.5339127266,3331674.062212688,9203.519508874828,0.0001664257882737,Normal
2024-10-27,7.425225362,5598083573.0,330,457368.25876090623,3396062.39472526,10291.09816583412,0.0001838325211054,Normal
2024-10-28,7.523068453,5668801410.0,344,860304.6849494774,6472131.035311517,18814.33440497534,0.0003318926355717,Normal
2024-10-29,7.771166035,4665793033.0,369,510810.2455104858,3969591.2302410975,10757.699810951486,0.000230565302294,Normal
2024-10-30,7.92836024,4755917003.0,324,581815.8611567428,4612845.74059648,14237.17821171753,0.0002993571629348,Normal
2024-10-31,8.127542003,4879096030.0,388,813075.9306858369,6608308.778277457,17031.72365535427,0.0003490753932825,Normal
2024-11-01,7.604357094,4569307123.0,356,1034037.3789897262,7863189.478381691,22087.61089433059,0.0004833908139628,Normal
2024-11-02,7.556256632,4536593264.0,338,457463.0493724658,3456708.200715638,10226.94733939538,0.0002254323176942,Normal
2024-11-03,7.377917691,4425486863.0,364,575089.4415121665,4242962.564439924,11656.49056164814,0.0002633945353923,Normal
2024-11-04,7.060399575,4243644128.0,368,716174.6289906298,5056479.046151225,13740.43219062833,0.0003237885123299,Normal
2024-11-05,6.779142461,4070376681.0,370,1539757.9379422746,10438238.416766278,28211.4551804494,0.0006930920008493,Normal
2024-11-06,7.173986423,4307227718.0,730,5417703.64721193,38866532.40893597,53241.8252177205,0.0012361042578552,Small Whale Orders
2024-11-07,9.338342941,5600021889.0,676,13169028.017070657,122976899.82304296,181918.4908624896,0.0032485317819887,Small Whale Orders
2024-11-08,8.924167828,5356663481.0,594,2168122.5232666377,19348689.26929831,32573.550958414664,0.0006080940323011,Normal
2024-11-09,8.838906314,5306226275.0,496,2068217.310960312,18280779.048571203,36856.40937211936,0.000694587970094,Normal
2024-11-10,9.233585361,5558517167.0,622,3000027.9966619373,27701014.592567816,44535.39323563957,0.0008012099611752,Normal
2024-11-11,9.202428514,5524297084.0,697,3330280.949883529,30646672.3728392,43969.40082186399,0.0007959275207919,Normal
2024-11-12,9.336817965,5597656713.0,786,4254145.623711529,39720183.28519593,50534.58433231035,0.0009027810550609,Normal
2024-11-13,9.011592028,5410567984.0,658,1632771.023761117,14713866.34127508,22361.498998898296,0.0004132930048199,Normal
2024-11-14,8.637788194,5193516931.0,570,1761660.8420667383,15216853.223436171,26696.233725326616,0.0005140299739079,Normal
2024-11-15,8.173636161,4885657417.0,569,1461022.8555475522,11941869.244150952,20987.467915906767,0.0004295730569007,Normal
2024-11-16,8.569018901,5142651141.0,604,533510.5640405079,4571662.107146283,7568.97699858656,0.000147180448198,Normal
2024-11-17,9.070935916,5442112535.0,527,403573.3073623225,3660787.608491799,6946.466050269068,0.000127642822628,Normal
2024-11-18,8.728715193,5239470015.0,542,944811.824868697,8246993.33025745,15215.854852873525,0.0002904082819314,Normal
2024-11-19,9.239339571,5540307003.0,514,1605304.9243060274,14831957.31066184,28855.948075217588,0.000520836626194,Normal
2024-11-20,9.409795313,5649761059.0,503,623743.5662656513,5869299.28636043,11668.58705041835,0.0002065323989557,Normal
2024-11-21,8.829720985,5300401556.0,591,2098577.256887949,18529851.643787257,31353.38687612057,0.0005915285199595,Normal
2024-11-22,9.283011743,5572424239.0,596,891679.7391420125,8277473.489450479,13888.37833800416,0.0002492340450463,Normal
2024-11-23,9.808685691,5861139945.0,800,1038029.4515389834,10181704.628147004,12727.130785183756,0.000217144291121,Normal
2024-11-24,10.72600886,6439294586.0,699,857055.10059644,9192780.602505608,13151.331334056664,0.000204235590691,Normal
2024-11-25,10.92128649,6560437315.0,743,2043278.0350450573,22315224.799451336,30033.949931966807,0.0004578040836286,Normal
2024-11-26,11.13060935,6683417366.0,645,1955950.7960152123,21770924.218266867,33753.3708810339,0.0005050316182967,Normal
2024-11-27,10.84628948,6503933742.0,857,4604069.250892258,49937067.88114417,58269.62413202354,0.0008959135569869,Normal
2024-11-28,13.46512759,8082107479.0,738,1163454.3981569996,15666061.916330662,21227.726173889787,0.0002626508770026,Normal
2024-11-29,12.78886475,7673511982.0,683,1067316.5519491285,13649767.028313754,19985.017611001105,0.0002604416029828,Normal
2024-11-30,12.62277621,7579664955.0,643,532712.7202222346,6724313.4515856095,10457.71920930888,0.0001379707318383,Normal
2024-12-01,12.80035682,7686809024.0,646,2152182.980485088,27548710.09214022,42645.06206213657,0.0005547823801656,Normal
2024-12-02,13.05324054,7839755411.0,879,3495215.746476592,45623891.87795461,51904.31385432834,0.0006620654744088,Normal
2024-12-03,13.94282828,8368935562.0,883,1895307.513187765,26425947.19417084,29927.46001604852,0.00035760174988,Normal
2024-12-04,15.1417022,9094992288.0,980,2263131.4152580565,34267661.92930202,34967.00196867553,0.0003844643388517,Normal
2024-12-05,15.63441085,9389060133.0,905,1816450.3735658168,28399131.42896396,31380.25572261211,0.0003342214798722,Normal
2024-12-06,15.1209754,9072612295.0,984,3073520.8321755966,46474632.89471473,47230.31798243367,0.0005205812443728,Normal
2024-12-07,17.62191828,10585596691.0,1016,1821836.08004475,32104246.52210412,31598.667836716657,0.0002985062510796,Normal
2024-12-08,18.18697305,10954051034.0,947,1507264.2208107158,27412573.76311374,28946.75159779698,0.0002642561323472,Normal
2024-12-09,18.71193223,11228802145.0,935,3523275.8648635857,65927299.21092205,70510.48043948882,0.0006279430301555,Normal
2024-12-10,16.07371737,9626567294.0,783,2640817.8684898927,42447760.043752365,54211.69865102473,0.0005631467271289,Normal
2024-12-11,15.23317738,9146572348.0,698,2941512.6974163093,44808584.68526492,64195.680064849446,0.0007018550515143,Normal
2024-12-12,17.05852024,10243352667.0,732,2400346.6273416607,40946361.525523454,55937.65235727248,0.0005460873424526,Normal
2024-12-13,17.62895603,10566986768.0,622,683504.7958605197,12049475.992519228,19372.14789794088,0.0001833270763298,Normal
2024-12-14,17.42325111,10462367382.0,603,510461.1533602664,8893892.85689614,14749.40772287917,0.0001409758153613,Normal
2024-12-15,16.77232042,10063655926.0,586,566486.4474220012,9501292.209749289,16213.809231654071,0.0001611125156789,Normal
2024-12-16,17.12742847,10300571911.0,648,7651597.005018352,131052180.38471806,202241.0191122192,0.0019633960216931,Small Whale Orders
2024-12-17,16.28534629,9796901736.0,648,7676939.841398846,125021623.7646779,192934.6045751202,0.0019693430614513,Small Whale Orders
2024-12-18,16.25472694,9764537933.0,666,4708413.316395077,76533972.7786618,114915.87504303572,0.0011768695644539,Small Whale Orders
2024-12-19,14.79427435,8869309757.0,765,4619088.685080379,68336065.25405988,89328.18987458808,0.0010071605606522,Small Whale Orders
2024-12-20,12.82468763,7704278846.0,815,2345394.967455505,30078957.826590866,36906.69671974339,0.0004790415489556,Normal
2024-12-21,13.69444618,8211915559.0,541,504430.7412090293,6907899.63702456,12768.760881745951,0.0001554906500195,Normal
2024-12-22,13.37369253,8016414681.0,469,296280.9485502035,3962370.308407171,8448.550764194395,0.0001053906403347,Normal
2024-12-23,13.85149517,8329262475.0,572,3661948.971503625,50723468.49156893,88677.39246777786,0.001064648793743,Small Whale Orders
2024-12-24,14.25697132,8561029244.0,507,1400310.8704829314,19964191.919559386,39377.10437782917,0.0004599575968675,Normal
2024-12-25,14.629907,8779727953.0,505,681607.8468714288,9971859.410199244,19746.256257820285,0.0002249073816811,Normal
2024-12-26,13.89072719,8342601423.0,521,868579.2038678343,12065196.76383548,23157.7673010278,0.0002775844862632,Normal
2024-12-27,13.23337225,7945719906.0,524,714441.1504181805,9454465.694202026,18042.87346221761,0.0002270766359205,Normal
2024-12-28,13.2869163,7973736165.0,480,296790.72986555024,3943433.586339476,8215.486638207241,0.0001030318343647,Normal
2024-12-29,13.56437526,8151492970.0,499,204447.59657785305,2773203.9209870906,5557.52288774968,6.817797559542863e-05,Retail Orders
2024-12-30,13.00812291,7809795541.0,591,2054345.929446746,26723184.34990146,45216.893993065074,0.0005789766678997,Normal
2024-12-31,13.31283096,7987437842.0,551,4188792.8227592176,55764690.77585471,101206.33534637878,0.0012670688316873,Small Whale Orders
2025-01-01,13.22263539,7944318358.0,364,1201571.538108579,15887942.343411235,43648.19325112977,0.0005494265371071,Normal
2025-01-02,13.58919557,8159695783.0,448,1632389.6974466234,22182862.845055293,49515.31885056985,0.0006068280015258,Normal
2025-01-03,14.32950001,8606053641.0,488,547927.1110614343,7851521.543434093,16089.183490643632,0.0001869519313009,Normal
2025-01-04,15.1767352,9110657390.0,413,319296.5890726335,4845879.782618572,11733.36509108613,0.0001287872497978,Normal
2025-01-05,15.28787091,9182971273.0,453,167539.8490976746,2561327.5852861293,5654.1447798810805,6.157206215493167e-05,Retail Orders
2025-01-06,15.16587771,9110349373.0,431,875409.4878787764,13276353.23934325,30803.603803580627,0.0003381166028041,Normal
2025-01-07,15.06926382,9048027588.0,439,688448.6719290708,10374414.663827796,23631.92406338906,0.000261183156589,Normal
2025-01-08,13.55182784,8137643237.0,489,1387459.371840353,18802610.542175,38451.146303016365,0.0004725096097625,Normal
2025-01-09,13.08980661,7859154246.0,459,520151.40735605656,6808681.330210112,14833.728388257325,0.0001887445890988,Normal
2025-01-10,12.88357182,7743458180.0,475,614656.2745188088,7918968.25737671,16671.512120793075,0.0002152980197381,Normal
2025-01-11,13.93114569,8363662205.0,384,154401.159663641,2150985.049979134,5601.523567653995,6.69745313758041e-05,Retail Orders
2025-01-12,13.64594972,8199772196.0,324,113806.03875498143,1552991.482682848,4793.183588527309,5.8455082335891145e-05,Retail Orders
2025-01-13,13.62765232,8180268107.0,479,2082794.4991099003,28383599.287878267,59255.94840893167,0.00072437660519,Normal
2025-01-14,12.89452008,7739484652.0,357,384353.7646914396,4956057.336637363,13882.513548003815,0.0001793725832173,Normal
2025-01-15,13.31467853,7991074750.0,442,681384.0892208864,9072410.10343294,20525.814713649183,0.0002568592505488,Normal
2025-01-16,14.56497965,8746688261.0,509,378523.3385124729,5513184.722484229,10831.404169910076,0.0001238343456026,Normal
2025-01-17,14.13736256,8489862299.0,480,551444.327137226,7795968.38439421,16241.60080082127,0.0001913058213292,Normal
2025-01-18,14.9990647,9006005740.0,450,377561.3561465151,5663067.209061322,12584.593797914047,0.0001397355738073,Normal
2025-01-19,14.20318618,8528874812.0,526,408156.54801321647,5797123.442017823,11021.147228170765,0.0001292215851575,Normal
2025-01-20,13.27508075,7997656492.0,491,857925.4219557516,11389029.253940426,23195.578928595573,0.0002900296974719,Normal
2025-01-21,13.4694168,8100521109.0,464,630304.6357293472,8489835.84961075,18297.060020712823,0.0002258750983363,Normal
2025-01-22,13.48798476,8099306544.0,481,843300.119329317,11374419.157620007,23647.44107613308,0.0002919687129714,Normal
2025-01-23,12.86682995,7729916518.0,534,2802308.673506544,36056829.16941877,67522.15200265686,0.0008735172216339,Normal
2025-01-24,12.79797159,7688803632.0,448,936577.4645925824,11986291.7836901,26755.115588593973,0.0003479750149586,Normal
2025-01-25,12.46533278,7481460138.0,529,1133741.066734146,14132459.68319332,26715.424731934443,0.0003570883789949,Normal
2025-01-26,12.08535192,7257653356.0,536,2541420.6965290327,30713963.49432488,57302.170698367314,0.0007895413005774,Normal
2025-01-27,11.41405254,6875980725.0,634,1934122.105041365,22076171.32571754,34820.45950428634,0.000506407171528,Normal
2025-01-28,10.98379175,6586005062.0,462,630297.2107131202,6923053.30307878,14984.96385947788,0.0002275273662624,Normal
2025-01-29,11.14360897,6690351393.0,517,503612.54628853255,5612061.288225432,10855.050847631395,0.000162249338039,Normal
2025-01-30,11.72764903,7047450085.0,442,677848.9747098146,7949574.870742053,17985.463508466182,0.0002552052627764,Normal
2025-01-31,11.97173036,7201177430.0,498,5350240.372975855,64051635.10645277,128617.741177616,0.0017860654376018,Small Whale Orders
2025-02-01,11.75569099,7057888559.0,431,1608590.5645147758,18910093.605865363,43874.927159780425,0.0006216438073938,Normal
2025-02-02,10.89784356,6554783165.0,608,1020630.9905585845,11122676.86759529,18293.87642696594,0.0002790920151965,Normal
2025-02-03,9.141561601,5477085238.0,791,3414810.7683232184,31216702.99438484,39464.85839998083,0.0007205449008931,Normal
2025-02-04,9.943346603,5970340643.0,522,1499504.348897192,14910091.47379062,28563.393627951384,0.0004784215061738,Normal
2025-02-05,9.099730987,5452152375.0,433,7041401.625094694,64074860.559786335,147978.89274777446,0.0027141371438243,Small Whale Orders
2025-02-06,9.26271094,5561950162.0,402,3272592.8479362247,30313081.574744627,75405.67555906624,0.0013557416618769,Small Whale Orders
2025-02-07,8.964217971,5370060611.0,363,1001651.2168982798,8979019.839193579,24735.59184350848,0.0004606203474284,Normal
2025-02-08,9.019818868,5412756170.0,388,466669.5625673721,4209274.925566489,10848.646715377548,0.0002004274047204,Normal
2025-02-09,9.135823849,5486998357.0,356,258658.5670527216,2363059.105628419,6637.806476484324,0.0001209733636609,Normal
2025-02-10,9.119590389,5476548563.0,380,456004.4785987261,4158574.060369899,10943.61594834184,0.0001998268767719,Normal
2025-02-11,9.451570461,5675615762.0,424,577942.9693894034,5462468.697623512,12883.18089062149,0.0002269917737715,Normal
2025-02-12,9.365895546,5626347084.0,410,595990.9755594281,5581989.223448243,13614.607862068886,0.00024197952346,Normal
2025-02-13,9.952039749,5973668114.0,390,620400.4245376996,6174249.685295662,15831.409449476056,0.0002650199031374,Normal
2025-02-14,9.870079588,5927291030.0,406,568844.8551708963,5614543.993761079,13828.926093007583,0.0002333093823639,Normal
2025-02-15,10.05329709,6036316713.0,298,161139.21383780043,1619980.3895604466,5436.175803894116,9.005782934130342e-05,Retail Orders
2025-02-16,9.803936751,5886877146.0,343,162104.68016017083,1589264.0313313997,4633.422831869969,7.870765291948168e-05,Retail Orders
2025-02-17,9.584697332,5752166736.0,340,376527.4152398889,3608901.312274619,10614.415624337114,0.0001845289977063,Normal
2025-02-18,9.889602344,5930710598.0,390,501342.98469788494,4958082.756616159,12713.032709272204,0.0002143593503543,Normal
2025-02-19,9.611226343,5764810712.0,377,466225.3633223549,4480997.493738564,11885.934996654016,0.0002061808373328,Normal
2025-02-20,9.445752944,5676794614.0,409,1824792.6168827268,17236540.23310948,42143.13015430192,0.0007423754604468,Normal
2025-02-21,9.34050318,5608342098.0,677,978200.0561903468,9136880.735522114,13496.131071672253,0.0002406438629427,Normal
2025-02-22,8.736098012,5246394210.0,567,1658730.872317837,14490835.47609888,25557.02905837545,0.0004871351262484,Normal
2025-02-23,9.045923433,5436566048.0,343,88670.63377271927,802107.7638636024,2338.5066001854298,4.301440614421889e-05,Retail Orders
2025-02-24,9.031426782,5420732103.0,500,925565.3971311653,8359176.116142872,16718.352232285743,0.0003084150242922,Normal
2025-02-25,7.952188745,4763658871.0,602,3462407.4404866155,27533717.478841923,45737.072223989904,0.0009601248423229,Normal
2025-02-26,8.324013616,5001331886.0,474,1231551.3388159329,10251450.113106854,21627.53188419168,0.0004324354467403,Normal
2025-02-27,7.863950652,4722468326.0,406,1019182.870951414,8014803.802525605,19740.896065334004,0.0004180207193058,Normal
2025-02-28,7.863994997,4722194014.0,585,2078207.7064950755,16343015.006604116,27936.777789066866,0.0005916058871414,Normal
2025-03-01,7.501069293,4504174863.0,381,198461.2883756813,1488671.8760840409,3907.275265312443,8.674785913418128e-05,Retail Orders
2025-03-02,7.493618795,4498984387.0,423,485408.6498299265,3637467.381621111,8599.213668135013,0.0001911367750682,Normal
2025-03-03,8.254707919,4954663093.0,562,2506260.458219903,20688448.0515444,36812.1851450968,0.000742980591296,Normal
2025-03-04,7.14903441,4299497967.0,511,2210105.297536902,15800118.8218146,30919.997694353424,0.0007191536763518,Normal
2025-03-05,7.066250678,4240636506.0,414,1625749.6639235795,11487954.664958268,27748.68276559968,0.0006543518343611,Normal
2025-03-06,7.531892353,4522546014.0,415,799965.3853202669,6025253.168358416,14518.682333393774,0.0003210289577695,Normal
2025-03-07,7.109074458,4267718032.0,386,2165766.39214232,15396594.540373778,39887.55062272999,0.0009346341610117,Normal
2025-03-08,7.070102314,4246253838.0,291,154163.66005142598,1089952.8496642965,3745.542438708922,8.820816139604798e-05,Retail Orders
2025-03-09,7.151434783,4295242932.0,361,196474.25537548345,1405072.823856257,3892.1684871364455,9.061579400176394e-05,Retail Orders
2025-03-10,6.393628837,3831305226.0,480,928730.5573670674,5937958.4733851645,12370.746819552423,0.0003228859641774,Normal
2025-03-11,5.933083348,3569214387.0,538,2324935.513451468,13794036.180032738,25639.47245359245,0.0007183505856912,Normal
2025-03-12,6.113733136,3671736718.0,442,2863391.9931014967,17506014.5095817,39606.36766873688,0.0010786821253978,Small Whale Orders
2025-03-13,5.915138718,3550139797.0,332,1096683.6037062618,6487035.645678678,19539.263993008062,0.0005503801289605,Normal
2025-03-14,5.889487838,3536357234.0,370,562790.5212696061,3314547.930359025,8958.237649618988,0.0002533182327704,Normal
2025-03-15,6.031803275,3622221204.0,326,514254.36514611513,3101881.1638713824,9514.972895310988,0.0002626833746322,Normal
2025-03-16,6.27843672,3765367055.0,296,620074.6274800168,3893099.310310859,13152.362534833985,0.000349298284675,Normal
2025-03-17,6.145117114,3686191898.0,318,1465667.6903531177,9006699.607425796,28322.95474033269,0.0007683526936212,Normal
2025-03-18,6.294938978,3780908372.0,290,712979.4191198748,4488161.935929499,15476.420468722408,0.0004093307466357,Normal
2025-03-19,6.357344229,3809790659.0,343,628950.3891498276,3998454.126788961,11657.300661192305,0.0003059827088833,Normal
2025-03-20,6.994178216,4199543886.0,342,861166.5081067785,6023152.0313492175,17611.555647219935,0.0004193682963031,Normal
2025-03-21,6.893078835,4139177166.0,318,5527811.382723456,38103639.64612314,119822.76618277717,0.0028948450713108,Small Whale Orders
2025-03-22,6.78588556,4077227914.0,292,278580.1656296813,1890413.1232488623,6474.017545372817,0.0001587847842192,Normal
2025-03-23,6.733898331,4043698542.0,287,549612.3604634493,3701033.756821791,12895.588002863384,0.0003189057707671,Normal
2025-03-24,6.670897733,4010434727.0,325,1225525.6542173545,8175356.308451892,25154.94248754428,0.0006272372996919,Normal
2025-03-25,7.063238587,4234931757.0,332,387511.5504026477,2737086.535712176,8244.236553349927,0.0001946722409333,Normal
2025-03-26,6.962940731,4176568623.0,366,1809538.6980494205,12599710.70496902,34425.43908461481,0.0008242517289201,Normal
2025-03-27,6.717403985,4032495551.0,319,1019069.1539057338,6845499.1954369545,21459.24512676161,0.000532157936825,Normal
2025-03-28,6.728213446,4041140172.0,393,1191097.353617399,8013957.230103601,20391.7486771084,0.0005046038446871,Normal
2025-03-29,6.175917011,3708246290.0,287,319171.1540296088,1971174.559591962,6868.204040390112,0.0001852143440124,Normal
2025-03-30,5.957923588,3573178387.0,302,314916.1110928831,1876246.1265215168,6212.735518283168,0.0001738714065014,Normal
2025-03-31,5.864340432,3521000633.0,384,1667879.3883855443,9781012.533008778,25471.38680471036,0.000723413298083,Normal
2025-04-01,5.97088112,3585257903.0,406,2116433.2210383704,12636971.161238791,31125.54473211525,0.000868153577071,Normal
2025-04-02,6.269322999,3764409603.0,326,2726527.717521754,17093482.926870108,52433.99670819051,0.0013928876567099,Small Whale Orders
2025-04-03,5.842595881,3509197035.0,359,451722.7412577254,2639233.427426415,7351.625146034582,0.0002094959351871,Normal
2025-04-04,5.860500163,3524659616.0,305,319836.298302696,1874400.678336267,6145.575994545137,0.0001743594180455,Normal
2025-04-05,5.905059989,3546579698.0,246,1565080.756333176,9241895.753776897,37568.68192592234,0.0010592933227218,Small Whale Orders
2025-04-06,5.872287707,3523160891.0,355,315223.3523236705,1851082.21680962,5214.316103689071,0.0001480010781514,Normal
2025-04-07,5.088929088,3049217235.0,446,873806.1845203455,4446737.709679882,9970.263923049062,0.0003269778160967,Normal
2025-04-08,5.12181725,3079567443.0,431,4278512.644220934,21913759.86551389,50843.9904072248,0.001651010778244,Small Whale Orders
2025-04-09,4.76322012,2859030359.0,400,628001.89461846,2991311.2598447683,7478.27814961192,0.0002615669374083,Normal
2025-04-10,5.401757091,3243663701.0,364,1928191.4441201824,10415621.806081723,28614.34562110364,0.0008821612922536,Normal
2025-04-11,5.025300803,3019008713.0,290,356116.49107724015,1789592.4885719975,6171.00858128275,0.0002044051265804,Normal
2025-04-12,5.232915454,3142141652.0,256,285303.9487014758,1492971.4422471758,5831.919696278031,0.0001856033349917,Normal
2025-04-13,5.503853715,3305309735.0,233,183502.60607605145,1009971.5001638572,4334.641631604538,0.0001311417682193,Normal
2025-04-14,5.329060674,3194837059.0,301,330707.37844277703,1762359.6850610385,5855.015564986838,0.0001832649195204,Normal
2025-04-15,5.342164239,3208003391.0,333,533287.0294138707,2848906.897657321,8555.275968940903,0.0002666853779812,Normal
2025-04-16,5.181840391,3112287227.0,403,1745820.029457318,9046560.74405874,22448.04154853285,0.0007212715251275,Normal
2025-04-17,5.153838467,3093307665.0,382,340349.35875128384,1754105.61735115,4591.899521861649,0.0001484462594464,Normal
2025-04-18,5.186793173,3114439962.0,366,1209808.159207349,6275024.700816375,17144.87623173873,0.0005504962831496,Normal
2025-04-19,5.176921404,3108905721.0,359,124019.4119894424,642038.7484396386,1788.4087700268483,5.752534591018717e-05,Retail Orders
2025-04-20,5.322729011,3197124938.0,378,104349.5977411506,555424.6311830023,1469.3773311719638,4.5959334078797387e-05,Retail Orders
2025-04-21,5.248018997,3151029818.0,466,215044.294364478,1128556.5420212403,2421.7951545520177,7.685725919563539e-05,Retail Orders
2025-04-22,5.271876239,3160680520.0,442,750825.1831009525,3958257.442432737,8955.333580164563,0.0002833356147037,Normal
2025-04-23,5.815067849,3490851019.0,566,991229.0471235856,5764064.162923268,10183.858945094113,0.0002917299790127,Normal
2025-04-24,6.029068009,3623477064.0,562,12138503.468169404,73183862.9370757,130220.39668518808,0.003593796631941,Small Whale Orders
2025-04-25,5.819001352,3495600450.0,600,11458533.374832043,66677221.20008479,111128.70200014132,0.0031791019479969,Small Whale Orders
2025-04-26,5.837832414,3506763508.0,527,2005015.067514044,11704941.951691885,22210.516037366004,0.0006333622437525,Normal
2025-04-27,5.819266349,3494090409.0,555,650583.4825404995,3785918.567163158,6821.474895789474,0.0001952289178957,Normal
2025-04-28,5.51041453,3309298748.0,636,4349807.112726841,23969240.316667333,37687.48477463417,0.00113883597839,Small Whale Orders
2025-04-29,5.433931734,3260865102.0,666,13007629.69824855,70682571.80143364,106129.9876898403,0.0032546574105364,Small Whale Orders
2025-04-30,5.275928077,3167442574.0,598,10653519.492444145,56207202.609052844,93991.97760711178,0.002967440621612,Small Whale Orders
2025-05-01,5.273501269,3166888447.0,679,2539058.332442969,13389727.338203022,19719.77516672021,0.0006226861317265,Normal
2025-05-02,5.316044305,3191234516.0,603,3539379.261532867,18815496.966506906,31203.145881437656,0.0009777766480336,Normal
2025-05-03,5.248534874,3152008247.0,560,1184124.352309829,6214917.9582508,11098.067782590717,0.0003520951378586,Normal
2025-05-04,5.100760396,3064651609.0,516,675217.2049080931,3444121.177493018,6674.653444753911,0.0002177948522811,Normal
2025-05-05,4.989226257,2995945918.0,585,2194037.867829215,10946551.339025814,18712.0535709843,0.0006245791507303,Normal
2025-05-06,4.978159108,2989728313.0,578,4982887.518520677,24805606.88446323,42916.274886614585,0.0014354573524291,Small Whale Orders
2025-05-07,4.968504808,2984546846.0,563,3502682.372139502,17403094.206871957,30911.35738343154,0.0010357135933336,Small Whale Orders
2025-05-08,4.875910459,2928249363.0,747,2378087.1150195324,11595339.836536871,15522.543288536644,0.0005300963601212,Normal
2025-05-09,6.087067415,3652238117.0,782,3923922.298013032,23885179.55922705,30543.707876249424,0.0008363011090125,Normal
2025-05-10,6.352573197,3814006203.0,765,2376537.939045957,15097131.213236967,19734.81204344701,0.0005174299933734,Normal
2025-05-11,7.44712922,4458686614.0,663,2121731.4881488844,15800808.56238764,23832.290441007,0.0005345136921302,Normal
2025-05-12,6.917663864,4160093473.0,615,977450.4119847104,6761673.393838543,10994.590884290314,0.0002642871117114,Normal
2025-05-13,6.888929657,4136720811.0,653,4876496.551541876,33593841.71617506,51445.393133499325,0.0012436273919356,Small Whale Orders
2025-05-14,7.091711653,4256852363.0,751,16763432.834717467,118881431.97824869,158297.51262083714,0.0037186516966559,Small Whale Orders
2025-05-15,6.601770808,3963857444.0,639,3829365.054476928,25280590.429821115,39562.739326793606,0.0009980868355061,Normal
2025-05-16,6.205349412,3725199044.0,688,4104492.92335314,25469812.748487573,37020.07666931333,0.0009937744596208,Normal
2025-05-17,6.098813214,3668531603.0,756,5115096.267419721,31196016.706621468,41264.57236325591,0.001124825320559,Small Whale Orders
2025-05-18,5.736702591,3446842564.0,579,2286985.8276482592,13119757.523050051,22659.339418048447,0.0006573940932118,Normal
2025-05-19,6.068307708,3635297126.0,692,3976455.9822375,24130358.48753453,34870.46024210192,0.00095921898633,Normal
2025-05-20,5.927477389,3557684376.0,653,6387260.760630802,37860343.73628602,57979.08688558349,0.0016296860754907,Small Whale Orders
2025-05-21,6.007868471,3608853967.0,691,4717464.626988119,28341906.9955397,41015.78436402272,0.001136532116264,Small Whale Orders
2025-05-22,6.249271107,3756027307.0,641,5193079.782186368,32452963.43916312,50628.648111018905,0.001347930778263,Small Whale Orders
2025-05-23,6.420548294,3855435649.0,704,5003103.06045671,32122664.81952151,45628.78525500214,0.0011834923315822,Small Whale Orders
2025-05-24,5.975143124,3588404559.0,637,455218.95675376704,2719998.4193617245,4270.013217208359,0.0001189947551063,Normal
2025-05-25,6.119358493,3674552669.0,491,370486.4067599216,2267139.13974738,4617.3913233144185,0.000125658596821,Normal
2025-05-26,6.151426573,3693775145.0,534,1509798.74097554,9287416.095118882,17392.164972132738,0.000470850668744,Normal
2025-05-27,6.497412242,3901384323.0,716,1313279.4366500666,8532917.888857007,11917.48308499582,0.0003054680620603,Normal
2025-05-28,6.322808521,3796999651.0,630,1701280.2857650004,10756869.48744426,17074.396011816283,0.0004496812636608,Normal
2025-05-29,6.779659892,4068591072.0,702,1269367.2232178568,8605878.051469514,12259.085543403866,0.0003013103387993,Normal
2025-05-30,6.577030445,3951783077.0,613,1610074.665958751,10589510.096733913,17274.894121915026,0.0004371417607018,Normal
2025-05-31,6.191854546,3710918420.0,761,1345473.7271181955,8330977.613780362,10947.408165282995,0.0002950053578726,Normal
2025-06-01,6.077677787,3652754703.0,955,652817.1836530535,3967612.496060063,4154.568058701636,0.0001137379429089,Normal
2025-06-02,6.311936812,3790719271.0,707,753990.9857296981,4759143.458743448,6731.461752112374,0.000177577427155,Normal
2025-06-03,6.461721865,3880155149.0,553,822557.4524280615,5315137.475573103,9611.460172826588,0.0002477081406217,Normal
2025-06-04,6.637206482,3985542851.0,661,839705.2171374671,5573296.910154014,8431.614084953122,0.0002115549725638,Normal
2025-06-05,6.345303127,3812532957.0,602,974756.7465733384,6185127.032096152,10274.297395508558,0.0002694874381779,Normal
2025-06-06,5.915561571,3551071348.0,574,857272.6524601732,5071249.158762639,8834.928848018535,0.0002487961514204,Normal
2025-06-07,6.001136961,3603730603.0,524,568269.926312229,3410265.658617064,6508.140569879893,0.0001805945362414,Normal
2025-06-08,6.35460341,3816320089.0,477,250121.33799004983,1589421.9073053333,3332.1213989629628,8.731241932686226e-05,Retail Orders
2025-06-09,6.320961424,3795995625.0,507,667242.816928247,4217616.106244544,8318.769440324544,0.000219145917491,Normal
2025-06-10,6.866110477,4122676181.0,830,3159150.833308008,21691078.63499939,26133.82968072216,0.0006339044963357,Normal
2025-06-11,8.595584585,5151248265.0,804,22214561.057307933,190947138.58673733,237496.44102828027,0.0046104638877908,Small Whale Orders
2025-06-12,8.161165783,4900059192.0,0,0.0,0.0,,,Normal
2025-06-13,7.533890617,4526156313.0,0,0.0,0.0,,,Normal
2025-06-14,7.739267279,4646462411.0,577,173307.01318844332,1341269.296390541,2324.556839498337,5.002852996282073e-05,Retail Orders
2025-06-15,7.314411687,4405309469.0,568,294986.53999949974,2157652.9956800337,3798.6848515493552,8.6229693470585e-05,Retail Orders
2025-06-16,7.182441183,4315543977.0,624,1536180.040354661,11033522.786345918,17681.927542221023,0.0004097265057767,Normal
2025-06-17,7.525248716,4530818476.0,630,678373.9283420852,5104932.533224152,8103.06751305421,0.0001788433492971,Normal
2025-06-18,7.456818401,4478259928.0,649,4586599.574715295,34201440.106755786,52698.67504893033,0.0011767667776369,Small Whale Orders
2025-06-19,7.557492271,4534044732.0,535,378198.7395334367,2858234.05092589,5342.4935531325045,0.000117830631785,Normal
2025-06-20,7.690286396,4619373966.0,678,1157836.4580396053,8904093.962054802,13132.881949933337,0.0002843000381998,Normal
2025-06-21,7.073481459,4256078412.0,659,1075124.7056479992,7604874.671513956,11540.022263298872,0.0002711421441569,Normal
2025-06-22,6.388992472,3835584971.0,713,929203.0703128062,5936671.421187805,8326.327378945029,0.0002170810304529,Normal
2025-06-23,6.260847861,3757822120.0,671,1809471.5576034924,11328826.130962163,16883.496469392194,0.0004492894003559,Normal
2025-06-24,6.8309063,4103456171.0,538,1083803.5547663672,7403360.530215973,13760.8931788401,0.0003353488524159,Normal
2025-06-25,7.046262437,4231026218.0,511,1593702.670753966,11229647.26468025,21975.82634966781,0.0005193970733666,Normal
2025-06-26,6.968391104,4184745654.0,574,1423257.0986450536,9917812.104903042,17278.418301224814,0.0004128905250121,Normal
2025-06-27,6.80297861,4084354374.0,678,2911244.709880164,19805135.489790414,29211.11429172628,0.0007151953923899,Normal
2025-06-28,6.918206202,4153855204.0,510,316509.3218010336,2189676.7530747247,4293.483829558284,0.0001033614225508,Normal
2025-06-29,7.133332468,4283900970.0,525,128530.38972997936,916850.0021855556,1746.380956543915,4.07661374241318e-05,Retail Orders
2025-06-30,7.402217802,4449347523.0,772,4706745.326981387,34840354.048861936,45129.992291271934,0.0010143058517677,Small Whale Orders
2025-07-01,7.136045787,4289855248.0,819,798514.1856614506,5698233.790449129,6957.550415688803,0.0001621861348103,Normal
2025-07-02,6.61640482,3974317572.0,644,749656.8820689373,4960033.407867088,7701.91522960728,0.000193792143936,Normal
2025-07-03,7.360652276,4422393956.0,698,627440.034804487,4618367.920237166,6616.572951629178,0.0001496151861968,Normal
2025-07-04,7.463558603,4480176531.0,818,1384724.614811978,10334973.3116658,12634.441701302936,0.000282007675677,Normal
2025-07-05,6.930882101,4161278534.0,683,618659.9952609328,4287859.487758744,6277.978752208995,0.000150866583453,Normal
2025-07-06,7.225068426,4343852072.0,509,1357686.6461893618,9809378.919784592,19271.864282484465,0.0004436583926673,Normal
2025-07-07,7.415806401,4448062016.0,548,33065036.16034764,245203906.8072025,447452.3846846761,0.0100594906967384,Big Whale Orders
2025-07-08,7.386141832,4435202323.0,581,1226505.9121937,9059146.625249203,15592.33498321722,0.0003515585952496,Normal
2025-07-09,7.651166868,4589622953.0,654,709176.1331759255,5426024.933731997,8296.674210599384,0.0001807702788564,Normal
2025-07-10,8.301628788,4983762280.0,716,753433.1083990749,6254721.982518085,8735.645226980567,0.0001752821410049,Normal
2025-07-11,8.478426699,5076926755.0,762,1163596.4843016465,9865467.499365617,12946.807741949626,0.0002550126950167,Normal
2025-07-12,8.725099187,5239710713.0,647,921152.125125291,8037143.658033998,12422.169486914989,0.0002370773916219,Normal
2025-07-13,8.39328545,5038098909.0,566,215479.7088340368,1808582.704926957,3195.375803757875,6.342423722665892e-05,Retail Orders
2025-07-14,8.519797776,5116465992.0,779,5360510.540796702,45670465.78370431,58627.04208434443,0.0011458503227816,Small Whale Orders
2025-07-15,9.126250937,5480361823.0,643,1835329.759529992,16749679.937614577,26049.268954299496,0.0004753202397143,Normal
2025-07-16,9.331375986,5612187831.0,860,2636239.814313499,24599744.89662208,28604.35453095591,0.0005096827724288,Normal
2025-07-17,8.909787261,5350245180.0,805,2096656.2366488976,18680761.02799055,23205.91432048516,0.0004337355306114,Normal
2025-07-18,8.950380635,5379416868.0,1067,6645891.329329456,59483257.05634478,55748.13219901104,0.0010363229615208,Small Whale Orders
2025-07-19,10.13041819,6082492896.0,716,361147.37512901874,3658573.938277765,5109.740137259449,8.400733423987625e-05,Retail Orders
2025-07-20,10.16133296,6103239654.0,714,1053638.392934702,10706370.530048816,14994.916708751844,0.0002456878241529,Normal
2025-07-21,10.6674083,6404613687.0,793,1115228.122022763,11896593.725259032,15002.009741814669,0.0002342375430428,Normal
2025-07-22,10.84908455,6531400126.0,770,20900810.53752258,226754660.6851134,294486.57231832907,0.0045087816798429,Small Whale Orders
2025-07-23,10.7647281,6461598818.0,661,983481.1732628325,10586907.421643378,16016.50139431676,0.0002478721109967,Normal
2025-07-24,10.1733885,6109442495.0,621,486045.6613620168,4944731.341775236,7962.5303410229235,0.0001303315375754,Normal
2025-07-25,10.16861045,6105644693.0,565,708072.3258726805,7200111.652224744,12743.560446415477,0.0002087176880932,Normal
2025-07-26,10.42478845,6259576187.0,505,218453.36192072232,2277330.084214816,4509.564523197655,7.20426493500183e-05,Retail Orders
2025-07-27,10.54379253,6327715058.0,530,203258.57285241777,2143116.222099784,4043.6155133958177,6.390324906118455e-05,Retail Orders
2025-07-28,10.97139286,6564490319.0,620,2132589.7055722056,23397479.4690244,37737.87011132968,0.0005748789057103,Normal
2025-07-29,10.41829915,6254998537.0,515,20880876.63782412,217543219.3270979,422414.0181108697,0.0067532232919348,Small Whale Orders
2025-07-30,10.27122427,6166621289.0,510,1351367.996881796,13880203.767273586,27216.085818183503,0.0004413451798431,Normal
2025-07-31,10.03455456,6029162911.0,618,1026390.81610034,10299374.64404179,16665.654763821665,0.0002764173901059,Normal
2025-08-01,9.350624438,5611785170.0,636,1751965.1826197049,16381968.451128948,25757.81203007696,0.000458994976639,Normal
2025-08-02,9.060629024,5440832145.0,414,399208.56948111,3617080.7512700655,8736.91002722238,0.0001605804001002,Normal
2025-08-03,8.78833412,5282417703.0,431,179616.32981990755,1578528.319865467,3662.478700383914,6.933337926502694e-05,Retail Orders
2025-08-04,9.147835091,5493430226.0,528,1024115.8622742832,9368443.02216241,17743.263299550017,0.0003229906009467,Normal
2025-08-05,9.941817508,5967077918.0,479,1052191.548188891,10460696.355553942,21838.61452098944,0.0003659850737848,Normal
2025-08-06,9.586835529,5761279422.0,437,235447.12360216028,2257192.8497500448,5165.201029176304,8.965371492749485e-05,Retail Orders
2025-08-07,9.70511183,5827776476.0,546,1073009.9157476707,10413681.227030022,19072.676239981727,0.0003272719246959,Normal
2025-08-08,10.4231574,6266013993.0,652,1046045.3072323446,10903094.884814084,16722.53816689277,0.0002668768085352,Normal
2025-08-09,10.88015418,6535326214.0,732,1050432.5587104512,11428868.19446161,15613.207915931162,0.0002389047983937,Normal
2025-08-10,10.96234851,6583100908.0,565,642666.7283959256,7045136.65245765,12469.268411429468,0.0001894132960392,Normal
2025-08-11,10.94426152,6570920212.0,680,1466871.7566286393,16053828.12084562,23608.57076594944,0.0003592886537084,Normal
2025-08-12,11.1270867,6679363167.0,713,1693035.6731435836,18838554.72126152,26421.53537343832,0.0003955696780192,Normal
2025-08-13,11.57169635,6961465677.0,805,1559843.5220603326,18050035.59079669,22422.40446061701,0.0003220931553925,Normal
2025-08-14,12.15490613,7303803079.0,786,708538.83264701,8612223.000284186,10957.02671791881,0.0001500181015205,Normal
2025-08-15,10.89357333,6550657820.0,655,19993943.501569062,217805489.6902196,332527.46517590777,0.0050762453834889,Small Whale Orders
2025-08-16,10.71233651,6432576752.0,506,209548.4958299432,2244754.0024946835,4436.272732202931,6.896571783342682e-05,Retail Orders
2025-08-17,11.01595093,6616560850.0,516,273908.844405767,3017366.3892669347,5847.609281525068,8.837837985764263e-05,Retail Orders
2025-08-18,11.05068765,6640497900.0,582,639014.1964806475,7061546.2892233655,12133.241046775542,0.0001827158329012,Normal
2025-08-19,10.48661384,6296118458.0,539,2244340.589860228,23535533.09130203,43665.18198757334,0.0006935254201275,Normal
2025-08-20,9.938767396,5970792961.0,469,1243604.4925868765,12359895.784441572,26353.72235488608,0.0004413772597211,Normal
2025-08-21,10.59982695,6377104451.0,486,5933423.191061173,62893259.04636522,129409.99803778852,0.0020292908644062,Small Whale Orders
2025-08-22,10.21809882,6120108052.0,583,1046344.4643744084,10691651.136737674,18339.02424826359,0.0002996519684365,Normal
2025-08-23,11.42393515,6863144322.0,501,908967.1378734604,10383981.636547524,20726.510252589866,0.0003019972957023,Normal
2025-08-24,11.33321244,6806574773.0,502,783238.9561120254,8876613.48090142,17682.49697390721,0.0002597855391826,Normal
2025-08-25,10.92685598,6569258240.0,704,7299614.0296552,79761831.21162981,113298.0556983378,0.0017246704507438,Small Whale Orders
2025-08-26,9.709284722,5833112426.0,626,1873163.9518675008,18187082.139668267,29052.84686847966,0.0004980676651967,Normal
2025-08-27,9.952367478,5975509772.0,478,1467301.775376052,14603126.46966428,30550.473785908533,0.0005112613810634,Normal
2025-08-28,9.841192034,5907452537.0,460,986377.7449095916,9707132.805719158,21102.462621128605,0.0003572176414276,Normal
2025-08-29,10.00471014,6007216854.0,527,15500772.93012604,155080740.11186948,294270.8541022192,0.0048986221282535,Small Whale Orders
2025-08-30,9.635488911,5787205941.0,386,390298.5786618794,3760717.6266756,9742.79177895233,0.0001683505283599,Normal
2025-08-31,9.720283039,5837083765.0,429,156837.35192123306,1524503.4517616355,3553.621099677472,6.088007715403194e-05,Retail Orders
2025-09-01,9.625060475,5779815105.0,490,1300093.413856862,12513477.7315215,25537.709656166327,0.0004418430207927,Normal
2025-09-02,9.325233639,5595521138.0,520,1047379.7218365064,9767060.614876252,18782.808874762024,0.0003356757737399,Normal
2025-09-03,9.577701561,5751396998.0,504,793414.8688852169,7599090.828242552,15077.56116714792,0.0002621547629626,Normal
2025-09-04,9.67840967,5811223481.0,475,1152767.2651148816,11156953.845947323,23488.323886204893,0.0004041889623243,Normal
2025-09-05,9.294523932,5581260716.0,477,633374.8086166854,5886917.316613704,12341.545737135648,0.0002211246950309,Normal
2025-09-06,9.405374241,5649113902.0,409,354074.2953964792,3330201.257322271,8142.301362646139,0.0001441341333153,Normal
2025-09-07,9.336743556,5606350811.0,392,70527.28456065543,658495.169643878,1679.8346164384643,2.996306640573628e-05,Retail Orders
2025-09-08,9.393963704,5647468196.0,473,1808695.7379208845,16990822.113608286,35921.39981735367,0.0006360620116957,Normal
2025-09-09,9.546193396,5726666190.0,492,1654111.5403892947,15790468.663111672,32094.448502259496,0.0005604386118803,Normal
2025-09-10,9.543370162,5730979445.0,488,946132.1765282508,9029289.582787829,18502.642587679973,0.0003228530614225,Normal
2025-09-11,9.735865233,5847543351.0,460,5668247.853962699,55185297.2134223,119968.03742048326,0.0020515972301422,Small Whale Orders
2025-09-12,9.986087139,5999310315.0,549,1355636.2038530174,13537501.2604594,24658.47224127396,0.0004110217832809,Normal
2025-09-13,10.189054,6118077135.0,559,615746.4803401155,6273874.138495375,11223.38844095774,0.0001834463376859,Normal
2025-09-14,10.12025619,6075246864.0,612,1366694.294028769,13831296.388982328,22600.157498337136,0.0003720039367002,Normal
2025-09-15,9.414632386,5651937549.0,610,2256450.4751309594,21243651.720573016,34825.65855831642,0.0006161720340395,Normal
2025-09-16,9.156635092,5496281438.0,503,1144581.4654261766,10480514.811974114,20836.013542692075,0.0003790929154143,Normal
2025-09-17,9.323645903,5596883937.0,499,523880.201812155,4884473.497288711,9788.524042662748,0.0001748923892802,Normal
2025-09-18,9.557337623,5739612903.0,454,469498.3073614592,4487153.836880492,9883.59875964866,0.0001721997445939,Normal
2025-09-19,9.619616766,5776834872.0,515,752762.7150483597,7241288.834498881,14060.75501844443,0.0002433989430197,Normal
2025-09-20,9.156637586,5492341977.0,414,169047.7646378825,1547909.1155125166,3738.910907035064,6.807498372629218e-05,Retail Orders
2025-09-21,9.189488444,5514598889.0,443,204528.12105366428,1879508.8048956809,4242.683532495894,7.693548738347583e-05,Retail Orders
2025-09-22,9.060904049,5442962390.0,799,1874863.610671616,16987959.281257205,21261.52600908286,0.000390624158053,Normal
2025-09-23,8.231682407,4943010101.0,558,2102124.23005796,17304019.04189653,31010.78681343464,0.0006273664463514,Normal
2025-09-24,8.071630922,4852706187.0,559,865150.7322868205,6983177.4029172445,12492.267268188272,0.0002574288816754,Normal
2025-09-25,7.902745153,4747172288.0,631,2078181.7001660825,16423340.358040808,26027.48075759241,0.0005482733547165,Normal
2025-09-26,7.43511269,4465758732.0,631,782098.1550408754,5814987.917370001,9215.511754944531,0.0002063593738038,Normal
2025-09-27,7.622100848,4576529106.0,451,314394.77392417577,2396348.672934229,5313.411691650174,0.000116101341619,Normal
2025-09-28,7.621508946,4576580055.0,404,69293.90420233256,528124.1107813445,1307.237897973625,2.85636410215406e-05,Retail Orders
2025-09-29,7.750761067,4655650071.0,458,343106.4386511879,2659336.0265346514,5806.410538285265,0.0001247175034578,Normal
2025-09-30,7.758221441,4666116322.0,595,2019594.4922996643,15668461.292284766,26333.548390394564,0.0005643568778222,Normal
2025-10-01,7.628272458,4577122117.0,591,1622818.6882458772,12379303.103873711,20946.36735004012,0.000457631822237,Normal
2025-10-02,8.054966231,4837158748.0,553,415098.71422193846,3343606.125589234,6046.304024573659,0.0001249970145609,Normal
2025-10-03,8.346365832,5009086594.0,571,899115.3572185534,7504345.696515408,13142.461815263412,0.0002623724219702,Normal
2025-10-04,8.179120872,4911458738.0,511,185569.12873079395,1517792.3340008918,2970.2394011759134,6.047570710907423e-05,Retail Orders
2025-10-05,8.020832764,4820275038.0,455,309660.83800154657,2483737.795170501,5458.764384990112,0.0001132459111141,Normal
2025-10-06,8.057442343,4838529625.0,506,382468.0547193374,3081714.29894043,6090.34446430915,0.0001258718027237,Normal
2025-10-07,8.348680169,5014251783.0,611,494565.5464103021,4128969.5695863385,6757.724336475186,0.0001347703431923,Normal
2025-10-08,7.770750461,4664202642.0,443,321927.6538780575,2501619.464781564,5646.996534495629,0.0001210709947214,Normal
2025-10-09,8.076713227,4848128491.0,450,662834.1625098949,5353521.447651137,11896.714328113638,0.000245387768707,Normal
2025-10-10,7.862444563,4721233092.0,889,3426242.259377744,26938639.823765382,30302.18202898243,0.0006418277055697,Normal
2025-10-11,5.870504826,3525138782.0,1352,4946152.917293101,29036414.57110313,21476.637996378053,0.0006092423397921,Normal
2025-10-12,5.851647596,3511765052.0,799,1555945.790206416,9104846.442767696,11395.302181186104,0.0003244893098613,Normal
2025-10-13,6.620952793,3972976795.0,661,1040100.6342718422,6886457.199483225,10418.240846419403,0.0002622275785635,Normal
2025-10-14,7.066307943,4246568803.0,600,1276682.192329557,9021429.516345002,15035.715860575005,0.000354067402604,Normal
2025-10-15,6.830566109,4101649228.0,901,660269.3291957515,4510013.302816665,5005.564154069551,0.0001220378407763,Normal
2025-10-16,6.578502932,3948528078.0,563,555689.0655702924,3655602.147134509,6493.076637894332,0.0001644429648119,Normal
2025-10-17,6.270386161,3765613502.0,594,2424046.20344228,15199705.76768906,25588.730248634783,0.000679536820097,Normal
2025-10-18,6.141102168,3688133867.0,528,866132.8209250349,5319010.144358687,10073.88284916418,0.0002731430911253,Normal
2025-10-19,6.026633186,3618538427.0,425,244722.40486007225,1474852.166487439,3470.2403917351508,9.590171451107684e-05,Retail Orders
2025-10-20,6.257636483,3757437177.0,416,349493.8367331755,2187005.383325164,5257.224479147029,0.0001399151664152,Normal
2025-10-21,6.335930299,3805713670.0,398,1182043.1747475252,7489343.165608996,18817.445139721098,0.0004944524673008,Normal
2025-10-22,6.259848686,3759884360.0,445,348914.8119366309,2184153.9270274565,4908.211071971812,0.0001305415433567,Normal
2025-10-23,6.041164573,3627362588.0,402,895111.3289110876,5407514.849108613,13451.52947539456,0.0003708349840706,Normal
2025-10-24,6.308552255,3786320048.0,458,4452247.757349676,28087237.629447,61325.84635250436,0.0016196688493065,Small Whale Orders
2025-10-25,6.242485518,3748375494.0,391,4613858.31130815,28801943.69044505,73662.2600778646,0.0019651782537735,Small Whale Orders
2025-10-26,6.253159362,3756781623.0,371,212308.533919384,1327599.0965104904,3578.4342224002435,9.52526545725238e-05,Retail Orders
2025-10-27,6.663311922,4005576705.0,475,740762.041397132,4935928.541806567,10391.428509066456,0.0002594240299054,Normal
2025-10-28,6.517044925,3912587742.0,429,1365912.2892191852,8901711.752451025,20749.910844874183,0.0005303372655936,Normal
2025-10-29,6.360211288,3818024942.0,375,603826.8583073856,3840466.400204211,10241.243733877896,0.000268234071004,Normal
2025-10-30,6.292371541,3776809423.0,578,771840.3324848727,4856706.14232379,8402.60578256711,0.0002224789456252,Normal
2025-10-31,5.833337891,3495572198.0,572,1736621.046007153,10130297.349981582,17710.310052415352,0.0005066498143722,Normal
2025-11-01,5.742492547,3448289946.0,414,611613.9648930016,3512188.635039182,8483.547427630874,0.0002460218705643,Normal
2025-11-02,5.857409353,3516976878.0,399,250509.6715557329,1467337.693187508,3677.5380781641807,0.0001045653186169,Normal
2025-11-03,5.861855823,3517487405.0,665,5364503.294959578,31445944.877061483,47287.13515347592,0.0013443441214958,Small Whale Orders
2025-11-04,5.188719907,3115388007.0,640,2557412.40448506,13269696.653560366,20733.90102118808,0.000665531900829,Normal
2025-11-05,5.083316521,3053066090.0,495,799976.6956047012,4066534.753182366,8215.22172360074,0.0002690810313772,Normal
2025-11-06,5.356164998,3374059646.0,380,343037.04899659177,1837363.034852756,4835.165881191462,0.0001433041021347,Normal
2025-11-07,5.239858272,3298966027.0,443,659865.8110438033,3457603.328407862,7804.973653290885,0.000236588482252,Normal
2025-11-08,5.867333805,3705331216.0,356,224998.11339490805,1320139.0367831674,3708.255721301032,0.0001000789269603,Normal
2025-11-09,6.01654351,3790273630.0,510,627705.4932885407,3776617.411836518,7405.132180071604,0.0001953719679091,Normal
2025-11-10,6.564540249,4133434423.0,1114,4243222.265321471,27854803.34615575,25004.311800857944,0.000604928232603,Normal
2025-11-11,9.211262774,5705655030.0,1477,18701548.753170542,172264879.84622592,116631.60449981444,0.0020441404867026,Small Whale Orders
2025-11-12,8.199359825,5186036671.0,896,10138652.781321865,83130462.294795,92779.53381115514,0.0017890257955554,Small Whale Orders
2025-11-13,7.565113003,4765475986.0,765,4508052.202386934,34103924.33448018,44580.29324768651,0.0009354845849324,Normal
2025-11-14,7.755203738,4887459072.0,813,6231385.35414815,48325662.99140818,59441.15989103098,0.0012161975991076,Small Whale Orders
2025-11-15,7.004929686,4416339810.0,562,2672421.32448885,18720123.46941138,33309.8282373868,0.0007542406080701,Normal
2025-11-16,7.35286619,4629284022.0,565,1498240.7320360276,11016363.623068558,19497.98871339568,0.000421187998419,Normal
2025-11-17,7.190585737,4528599705.0,659,2996499.858685683,21546589.14478779,32695.886410907115,0.0007219866744858,Normal
2025-11-18,7.398990876,4653749728.0,627,1080561.619642462,7995065.564690358,12751.300741132947,0.0002740005691413,Normal
2025-11-19,7.486714824,4715176218.0,629,2877484.696147931,21542907.33048385,34249.455215395625,0.0007263663886971,Normal
2025-11-20,7.190246549,4520921854.0,528,894698.1633584847,6433100.381484984,12183.902237660954,0.0002695003946348,Normal
2025-11-21,6.576400897,4144450583.0,620,1414849.2003271207,9304615.55015101,15007.444435727431,0.0003621093830213,Normal
2025-11-22,6.445626383,4066361376.0,498,1835008.9215636312,11827781.917870916,23750.5661001424,0.0005840741612469,Normal
2025-11-23,6.170490494,3886464460.0,447,562260.6060538277,3469423.724805823,7761.57432842466,0.0001997078426499,Normal
2025-11-24,6.1325105,3862871599.0,451,1287471.6316231734,7895433.299381243,17506.503989758854,0.0004531992208669,Normal
2025-11-25,6.300716505,3970233252.0,483,1831467.249313722,11539555.926117918,23891.420136890098,0.0006017636400797,Normal
2025-11-26,6.22688787,3922402903.0,371,3498447.967699949,21784443.213896964,58718.175778698016,0.0014969950112414,Small Whale Orders
2025-11-27,6.299631949,3966619812.0,412,706653.2369000744,4451655.308039975,10804.988611747513,0.0002723978884757,Normal
2025-11-28,6.138334585,3866979648.0,410,1294630.390945855,7946874.503535013,19382.6207403293,0.0005012341027021,Normal
2025-11-29,6.132603058,3864718047.0,347,374700.9551651205,2297892.2234811387,6622.167791011927,0.0001713493121743,Normal
2025-11-30,6.06582253,3823516916.0,379,597532.6355632803,3624526.923210025,9563.395575752043,0.0002501203940208,Normal
2025-12-01,6.067744615,3823358677.0,700,2994901.143877711,18172295.28822132,25960.421840316176,0.0006789951985536,Normal
2025-12-02,5.607060096,3534376492.0,500,1128276.3069416732,6326313.057914902,12652.626115829806,0.0003579875020238,Normal
2025-12-03,5.927374378,3737102819.0,444,614568.518575393,3642777.6905292016,8204.454257948652,0.0002195405011667,Normal
2025-12-04,6.121658119,3855478404.0,398,1444919.2189123696,8845301.467754046,22224.37554712072,0.0005764362607779,Normal
2025-12-05,5.959379123,3753856714.0,463,3818798.054629002,22757665.40170909,49152.62505768702,0.0013093900167891,Small Whale Orders
2025-12-06,5.499967032,3467572390.0,373,1073559.2835229405,5904540.666273712,15829.867737999228,0.0004565115290354,Normal
2025-12-07,5.559833437,3501333282.0,363,362540.51353801147,2015664.8694357872,5552.795783569662,0.000158590894849,Normal
2025-12-08,5.442321264,3427877897.0,380,439260.3421822417,2390595.90069033,6291.041843921922,0.0001835258440631,Normal
2025-12-09,5.61492983,3536699746.0,474,4470750.825222681,25102952.17103995,52959.814706835336,0.0014974359858151,Small Whale Orders
2025-12-10,5.762365463,3632054059.0,468,3242982.2964995727,18687249.182469565,39930.01962066146,0.0010993784501009,Small Whale Orders
2025-12-11,5.612651241,3538032861.0,501,2391775.0644698525,13424199.283789571,26794.808949679784,0.0007573363505195,Normal
2025-12-12,5.54949822,3500644777.0,364,1053007.4877092964,5843663.178689413,16054.01972167421,0.0004586017932225,Normal
2025-12-13,5.420973261,3414803258.0,274,253460.60467210176,1374003.1606443552,5014.6100753443625,0.000146849165134,Normal
2025-12-14,5.512660675,3475430172.0,318,1050061.565034062,5788633.095892229,18203.24872922085,0.0005237696580951,Normal
2025-12-15,5.315297393,3348276120.0,500,1365460.816802743,7257830.319795269,14515.660639590536,0.000433526391473,Normal
2025-12-16,5.074601738,3195722196.0,408,1449031.9754257349,7353260.180913008,18022.696521845606,0.0005639631800412,Normal
2025-12-17,5.196784074,3272987818.0,427,1075102.7196524506,5587076.691403942,13084.488738650918,0.0003997719962992,Normal
2025-12-18,4.954160378,3120651253.0,518,1483701.1399696942,7350493.400431291,14190.141699674306,0.0004547173185735,Normal
2025-12-19,4.953624963,3121022013.0,426,649004.4340041322,3214924.565380556,7546.771280236046,0.0002418044874019,Normal
2025-12-20,5.318788804,3351554387.0,510,815474.5677376036,4337337.000829506,8504.582354567658,0.0002537503907904,Normal
2025-12-21,6.247467564,3933893599.0,485,645881.7232375662,4035125.11610712,8319.845600220866,0.0002114913733898,Normal
2025-12-22,6.137501853,3868861114.0,472,904599.4504673284,5551980.80346601,11762.67119378392,0.0003040344651096,Normal
2025-12-23,6.000954782,3780172485.0,577,3267201.488846196,19606328.398249097,33979.771920709005,0.0008988947476746,Normal
2025-12-24,5.815119779,3663595594.0,408,482213.189795665,2804127.4576754523,6872.861415871207,0.0001875988012194,Normal
2025-12-25,5.774714947,3637402489.0,326,748140.1193874598,4320295.929877128,13252.441502690575,0.0003643380555978,Normal
2025-12-26,5.808812115,3660981642.0,444,397530.5798987993,2309180.448599121,5200.856866214237,0.0001420618122349,Normal
2025-12-27,5.827369074,3670482730.0,378,277465.0316704676,1616891.1446729132,4277.489800721993,0.0001165375269514,Normal
2025-12-28,5.95999874,3750025842.0,505,406885.66648237535,2425038.0595590174,4802.055563483203,0.0001280539325809,Normal
2025-12-29,6.206594067,3911363868.0,528,1044493.2985635804,6482745.909885978,12277.927859632537,0.0003139040057122,Normal
2025-12-30,5.986077271,3770332700.0,518,468105.6756998112,2802116.745732737,5409.491787128835,0.0001434751842225,Normal
2025-12-31,5.918432958,3727179904.0,610,1164852.285313879,6894100.156603281,11301.803535415216,0.0003032266707406,Normal
2026-01-01,5.622236699,3540868712.0,381,336417.9077369026,1891421.1070792093,4964.359861100288,0.0001402017489176,Normal
2026-01-02,5.799593677,3654674875.0,478,644196.1649448246,3736076.0049616536,7816.058587785887,0.0002138646762055,Normal
2026-01-03,6.036573484,3803800475.0,451,186707.91242691176,1127076.0334092896,2499.059941040553,6.569902805011226e-05,Retail Orders
2026-01-04,5.921292856,3729988666.0,469,433157.2701446124,2564851.049231755,5468.765563393934,0.0001466161442591,Normal
2026-01-05,5.834722287,3673388852.0,460,1271251.331534763,7417398.476484308,16124.779296705015,0.0004389619489351,Normal
2026-01-06,6.177912176,3926407782.0,558,1652814.591071069,10210943.386848418,18299.181696860964,0.0004660540298628,Normal
2026-01-07,6.067618834,3846073980.0,501,2523461.6650451347,15311403.52570486,30561.68368404164,0.000794620276234,Normal
2026-01-08,5.721718177,3634008232.0,568,1943226.102498033,11118592.112683864,19574.986113880044,0.0005386610283793,Normal
2026-01-09,5.485073395,3484502202.0,425,631338.8124916832,3462939.723629025,8148.0934673624115,0.0002338380920719,Normal
2026-01-10,5.46144859,3467417434.0,328,107939.2644976431,589504.74389629,1797.2705606594209,5.183311772722144e-05,Retail Orders
2026-01-11,5.478703525,3477395044.0,333,280226.1724977771,1535276.1190608295,4610.438795978467,0.0001325831186172,Normal
2026-01-12,5.436123579,3450629244.0,434,378508.5067571416,2057619.0184345783,4741.057646162622,0.0001373969009973,Normal
2026-01-13,5.358587596,3401159074.0,391,1147873.387130104,6150980.094053881,15731.40689016338,0.0004625307593055,Normal
2026-01-14,5.712798146,3625525660.0,391,474767.72879209375,2712252.200824104,6936.706395969575,0.0001913296731699,Normal
2026-01-15,5.683822028,3606978841.0,517,1098960.229371396,6246294.359597072,12081.807271947917,0.0003349564221063,Normal
2026-01-16,5.349700628,3395527871.0,473,1889860.2741036352,10110186.69520447,21374.60189260988,0.0006294927535468,Normal
2026-01-17,5.312449456,3370543358.0,313,121965.06426317104,647933.2392958881,2070.074246951719,6.141663307900753e-05,Retail Orders
2026-01-18,5.352631557,3398387305.0,352,306940.0352424776,1642936.9187455776,4667.434428254482,0.0001373426278219,Normal
2026-01-19,5.133225096,3258742778.0,569,739286.6645856613,3794924.859789251,6669.463725464413,0.0002046637056011,Normal
2026-01-20,5.026259248,3189662000.0,460,1323332.197923617,6651410.697989746,14459.588473890752,0.0004533266682767,Normal
2026-01-21,4.801630763,3046897254.0,386,2551595.1802679943,12251817.912297333,31740.46091268739,0.0010417305956417,Small Whale Orders
2026-01-22,4.931915284,3129334696.0,365,273462.0557733416,1348691.6924626038,3695.045732774257,0.000118077677581,Normal
2026-01-23,4.833937645,3067676088.0,326,1813602.8590689204,8766843.133532882,26892.15685132785,0.0008766296075561,Normal
2026-01-24,4.87301986,3092043690.0,290,192226.5214095534,936723.6564474688,3230.0815739567893,0.0001044642928042,Normal
2026-01-25,4.849488134,3077634965.0,374,342888.43914149544,1662833.4169024632,4446.07865481942,0.0001444641325362,Normal
2026-01-26,4.629599278,2936364269.0,413,784521.9408008944,3632022.21070698,8794.242640936996,0.0002994942668993,Normal
2026-01-27,4.712322353,2990584605.0,372,697952.9930441503,3288979.490465203,8841.342716304309,0.0002956392774015,Normal
2026-01-28,4.801102034,3045838783.0,362,646729.6442224587,3105015.010324544,8577.389531283268,0.0002816100963438,Normal
2026-01-29,4.823428109,3060616801.0,518,959140.366230418,4626344.602952353,8931.167187166704,0.0002918093890175,Normal
2026-01-30,4.393302429,2787154413.0,525,628541.131703639,2761371.2806400065,5259.754820266679,0.0001887141521737,Normal
2026-01-31,4.271704683,2710421733.0,609,1753906.9378403348,7492172.479918749,12302.41786521962,0.0004538931235473,Normal
2026-02-01,3.945692121,2501392034.0,483,729925.5876933563,2880061.6402779706,5962.860538877786,0.0002383816873895,Normal
2026-02-02,3.848989678,2443789971.0,493,1215990.5761274155,4680335.176059696,9493.580478822912,0.0003884777575602,Normal
2026-02-03,3.925427647,2490540538.0,432,1337710.5983627408,5251086.166498015,12155.292052078736,0.0004880583900007,Normal
2026-02-04,3.844877175,2441171029.0,471,1240576.9983327284,4769866.184719521,10127.104426156096,0.0004148461662804,Normal
2026-02-05,3.805224717,2414194958.0,715,1227392.4378676906,4670504.042033023,6532.173485360871,0.0002705735700306,Normal
2026-02-06,3.176965926,2019413072.0,697,1960368.269847768,6228023.195717933,8935.470869035771,0.0004424786089052,Normal
2026-02-07,3.552801622,2255407940.0,359,436567.732719757,1551038.548919615,4320.441640444611,0.0001915592103681,Normal
2026-02-08,3.545019293,2247811211.0,377,240329.71890670457,851973.4902055346,2259.87663184492,0.0001005367630869,Normal
2026-02-09,3.476169785,2203011145.0,375,2646579.8395229788,9199960.871739928,24533.228991306474,0.0011136225546106,Small Whale Orders
2026-02-10,3.495265959,2216172741.0,399,4719053.82206983,16494348.182969518,41339.218503683005,0.0018653427929552,Small Whale Orders
2026-02-11,3.362216339,2131284734.0,705,6154764.57749579,20693650.025154777,29352.695071141527,0.0013772301092802,Small Whale Orders
2026-02-12,3.374170207,2142562140.0,721,1690159.7393478162,5702886.637578287,7909.690204685558,0.0003691696990727,Normal
2026-02-13,3.245298728,2056645852.0,565,1900397.5536709896,6167357.763622775,10915.677457739424,0.0005307514391514,Normal
2026-02-14,3.396080213,2152818804.0,499,687228.0058535044,2333881.4324985347,4677.1170991954605,0.0002172554926826,Normal
2026-02-15,3.624599238,2297697837.0,423,1573863.67171051,5704625.065197797,13486.111265243018,0.0005869401558409,Normal
2026-02-16,3.471448824,2199991725.0,466,1394121.1507982116,4839620.229451979,10385.451136163045,0.0004720677363531,Normal
2026-02-17,3.606339695,2284776684.0,428,1305353.9855746264,4707549.894204233,10998.948350944467,0.0004814014615944,Normal
2026-02-18,3.52530357,2235128764.0,452,502734.5206726569,1772291.800489556,3920.999558605212,0.0001754261151195,Normal
2026-02-19,3.399154818,2150750459.0,476,496233.3988938137,1686774.1487024229,3543.643169542905,0.0001647631018612,Normal
2026-02-20,3.387198065,2147153009.0,383,1086629.8175808818,3680630.4154812656,9610.001084807482,0.0004475694579997,Normal
2026-02-21,3.488471878,2207451103.0,409,429291.4056807665,1497570.9961844431,3661.5427779570737,0.0001658719766422,Normal
2026-02-22,3.609840316,2288248550.0,361,107923.81423160744,389587.7356697512,1079.1904035173163,4.716228940764832e-05,Retail Orders
2026-02-23,3.480103315,2204519036.0,478,546935.0619204959,1903390.522079248,3981.988539914745,0.0001806284488765,Normal
2026-02-24,3.341326175,2118101448.0,408,359974.1485477866,1202791.044866057,2948.017266828572,0.0001391820618229,Normal
2026-02-25,3.337247215,2115182834.0,527,884094.5475774787,2950442.066699626,5598.561796393977,0.0002646845325331,Normal
2026-02-26,4.009678716,2538209914.0,539,641665.9897825437,2572874.4620121387,4773.422007443671,0.0001880625389222,Normal
2026-02-27,3.874392484,2455567600.0,474,1492772.6920114616,5783587.298249654,12201.66096677142,0.0004968977830938,Normal
2026-02-28,3.743569891,2369838514.0,407,518685.5071298244,1941735.4473892765,4770.848765084217,0.000201315352793,Normal
2026-03-01,3.818661639,2419361198.0,341,310243.35370147054,1184714.3935345144,3474.235758165731,0.0001436013672136,Normal
2026-03-02,3.749066198,2376566200.0,373,836114.8602975212,3134649.960386929,8403.887293262544,0.0003536146938916,Normal
2026-03-03,3.924403321,2485785964.0,394,1250183.510334192,4906224.319814941,12452.345989378022,0.0005009420026388,Normal
2026-03-04,3.915364457,2481293497.0,467,787786.0036138613,3084469.318271786,6604.859353901041,0.0002661861388782,Normal
2026-03-05,3.981561838,2522637380.0,364,452659.62604361406,1802292.292658605,4951.352452358804,0.0001962768209023,Normal
2026-03-06,3.980758368,2521951894.0,381,284825.2052983146,1133820.319408584,2975.9063501537635,0.0001180001235247,Normal
2026-03-07,3.850112198,2439376467.0,288,213274.03182124533,821128.9514316168,2851.142192470892,0.0001168799580975,Normal
2026-03-08,3.766786384,2386443613.0,327,162813.7522517389,613284.6251097994,1875.488150182873,7.858925054697586e-05,Retail Orders
2026-03-09,3.658209311,2319173679.0,357,1186755.077290002,4341398.473618809,12160.780038147925,0.0005243583155614,Normal
2026-03-10,3.859009995,2445494245.0,378,657036.0809734991,2535508.8035523626,6707.695247493023,0.0002742879179211,Normal
2026-03-11,3.842539966,2434485611.0,354,1140999.094551795,4384334.621985085,12385.126050805326,0.0005087368762766,Normal
2026-03-12,3.892671677,2467310932.0,327,969673.3064736556,3774619.81605294,11543.17986560532,0.000467844555621,Normal
2026-03-13,3.922960595,2486134709.0,326,293669.0960921399,1152052.2919387335,3533.902736008385,0.0001421444591564,Normal
2026-03-14,4.001879201,2535437004.0,277,53694.44016766211,214878.663316306,775.7352466292635,3.059572158193774e-05,Retail Orders
2026-03-15,3.948439917,2501034780.0,295,140656.70445439158,555374.5464613915,1882.625581225056,7.527386649237463e-05,Retail Orders
2026-03-16,4.053507639,2566799783.0,440,1100538.1228791126,4461039.688101204,10138.726563866372,0.0003949948348529,Normal
2026-03-17,4.160276546,2636603355.0,431,345569.32800596295,1437663.970320189,3335.6472629238715,0.0001265130478044,Normal
2026-03-18,3.957114452,2507116370.0,425,679652.0053937874,2689460.772874538,6328.142994998912,0.0002524072305027,Normal
2026-03-19,3.680155074,2331670112.0,404,506103.52065768617,1862539.4395176475,4610.246137419919,0.0001977229160202,Normal
2026-03-20,3.576625102,2264885809.0,353,734366.3297115222,2626553.048909839,7440.660195212008,0.0003285225314956,Normal
2026-03-21,3.610149188,2286408533.0,261,233489.6645345942,842932.5228259575,3229.626524237385,0.0001412532571333,Normal
2026-03-22,3.523002984,2233772103.0,288,1334954.5592166437,4703048.89562464,16330.030887585554,0.0007310517874967,Normal
2026-03-23,3.470205128,2198665390.0,379,1629563.3671922744,5654919.153231577,14920.631011165113,0.000678622180484,Normal
2026-03-24,3.580037513,2268142260.0,283,283481.23845838744,1014873.4679127252,3586.125328313517,0.0001581084833855,Normal
2026-03-25,3.60954995,2287025335.0,315,883645.1330187429,3189561.245705547,10125.591256208085,0.0004427406684678,Normal
2026-03-26,3.699967065,2343392827.0,335,356806.6104585714,1320172.7072709987,3940.81405155522,0.0001681670271475,Normal
2026-03-27,3.527175741,2232667992.0,377,549074.4730931284,1936682.16149644,5137.087961529018,0.0002300874102166,Normal
2026-03-28,3.386790416,2145920558.0,306,335010.0621866083,1134608.867877169,3707.8721172456494,0.0001727870169015,Normal
2026-03-29,3.377846583,2140055877.0,277,114278.29806324492,386014.5586239874,1393.5543632634924,6.511766249846813e-05,Retail Orders
2026-03-30,3.351008288,2123282059.0,323,350490.0853979529,1174495.181030368,3636.2079908060928,0.0001712541193193,Normal
2026-03-31,3.474537071,2201436418.0,308,1465442.5258672358,5091734.381545587,16531.605134888272,0.0007509462912359,Normal
2026-04-01,3.540301677,2242462872.0,407,689065.7182459346,2439500.517869292,5993.858766263616,0.0002672890972289,Normal
2026-04-02,3.566090893,2259322729.0,586,1465129.216820047,5224783.957170192,8916.013578788723,0.0003946321375138,Normal
2026-04-03,3.171951355,2009681775.0,397,638569.1050852372,2025510.138136256,5102.040650217268,0.0002538730615804,Normal
2026-04-04,3.167966592,2005518153.0,321,289120.13725479733,915922.9358976524,2853.3424794319394,0.0001422745775281,Normal
2026-04-05,3.123816045,1979203806.0,314,201264.07625137124,628711.950676137,2002.2673588412008,0.0001011652944871,Normal
2026-04-06,3.140502355,1990111255.0,378,606288.9280204164,1904051.8062585432,5037.174090631067,0.0002531101755228,Normal
2026-04-07,3.098633908,1963388700.0,354,723891.2373089063,2243073.933629452,6336.367044150994,0.0003227260625545,Normal
2026-04-08,3.303117989,2093686687.0,400,507750.38588512817,1677159.4335388583,4192.898583847146,0.0002002638985996,Normal
2026-04-09,3.116538316,1975149520.0,423,641797.1539118541,2000185.4212660429,4728.570735853529,0.0002394031787453,Normal
2026-04-10,3.106364501,1968093169.0,315,831126.1789196957,2581780.858047917,8196.129708088623,0.0004164502899145,Normal
2026-04-11,3.164511206,2004987411.0,309,227384.47848690377,719560.7302422728,2328.6755024021777,0.0001161441458248,Normal
2026-04-12,3.151256773,1996515295.0,354,477848.18623100495,1505822.3333262198,4253.735404876327,0.0002130579923694,Normal
2026-04-13,3.021089733,1914102040.0,360,480229.4125490018,1450816.1477364106,4030.0448548233626,0.0002105449328512,Normal
2026-04-14,3.241564291,2055064663.0,359,269161.965662045,872505.8163854532,2430.3783186224323,0.0001182628635672,Normal
2026-04-15,3.13149559,1983782259.0,334,639684.2529266457,2003168.4170322355,5997.510230635436,0.0003023270423669,Normal
2026-04-16,3.223239643,2040982362.0,340,320433.3485921825,1032833.4721215608,3037.745506239885,0.0001488374207831,Normal
2026-04-17,3.426207624,2170962040.0,323,466203.8725843214,1597311.2625867266,4945.236107079649,0.0002277900772083,Normal
2026-04-18,3.46534997,2195467259.0,269,466465.3053126861,1616465.531771358,6009.165545618431,0.0002737078187335,Normal
2026-04-19,3.356746336,2127091296.0,274,101191.53127073056,339674.3018272543,1239.6872329461837,5.828086623632085e-05,Retail Orders
2026-04-20,3.231504518,2048156173.0,300,8101591.457671226,26180329.39845477,87267.7646615159,0.0042607964085908,Small Whale Orders
2026-04-21,3.231651124,2046758879.0,276,322855.9002050532,1043357.632787692,3780.281278216276,0.0001846959755251,Normal
2026-04-22,3.271942277,2074633967.0,290,562304.2440598274,1839827.028675876,6344.231133365088,0.0003058000222824,Normal
2026-04-23,3.321315532,2104769634.0,302,434808.5189712656,1444136.287505181,4781.908236772123,0.0002271939009156,Normal
2026-04-24,3.295830202,2088189363.0,264,999055.5255154544,3292717.374468816,12472.414297230363,0.0005972836811749,Normal
2026-04-25,3.252853205,2060347058.0,266,324671.26069325814,1056107.9509174551,3970.330642546824,0.0001927020317829,Normal
2026-04-26,3.25904065,2064568481.0,259,105504.47762300704,343843.3813303953,1327.5806228972797,6.430305582570209e-05,Retail Orders
2026-04-27,3.289195677,2086123322.0,292,582964.3884559539,1917483.946354272,6566.725843679014,0.0003147812871093,Normal
2026-04-28,3.2448402,2054623299.0,251,267595.07900910807,868303.2696909299,3459.375576457888,0.000168370307985,Normal
2026-04-29,3.241527481,2053348083.0,283,505191.67853498703,1637592.7091436782,5786.546675419358,0.0002818103137664,Normal
2026-04-30,3.191698861,2021683170.0,250,871709.0704638017,2782232.8473226847,11128.93138929074,0.0005504785099086,Normal
2026-05-01,3.189912424,2019734448.0,248,614458.6931362773,1960069.4192702144,7903.505722863767,0.000391314102242,Normal
2026-05-02,3.203010436,2029337415.0,218,207536.12597832776,664740.3773555945,3049.267786034837,0.000150259279876,Normal
2026-05-03,3.253219653,2061115060.0,233,343024.85409153806,1115935.196798049,4789.421445485188,0.0002323704066033,Normal
2026-05-04,3.235899299,2049345818.0,347,542483.6299405246,1755422.397843519,5058.854172459709,0.0002468521480379,Normal
2026-05-05,3.270288886,2071915568.0,310,571538.7673166568,1869096.8786738024,6029.344769915492,0.0002910034010572,Normal
2026-05-06,3.357571682,2128074504.0,373,1157233.1187346345,3885493.1489359527,10416.87171296502,0.0004894975102321,Normal
2026-05-07,3.466274063,2196098154.0,311,606049.2713123213,2100732.8700499493,6754.768070900159,0.0003075804266123,Normal
2026-05-08,3.437991288,2178440184.0,349,328760.71844029723,1130276.485834363,3238.614572591298,0.0001486666742735,Normal
2026-05-09,3.698888226,2339734596.0,328,260473.5113787809,963462.4044238497,2937.385379341005,0.0001255435289268,Normal
2026-05-10,3.794929542,2403881811.0,413,1065775.154957231,4044541.620676824,9793.078984689642,0.0004073860428527,Normal
2026-05-11,3.998767857,2532769713.0,400,528588.7232501846,2113703.596105506,5284.258990263767,0.0002086355882708,Normal
2026-05-12,3.894036358,2466770626.0,332,352574.6976693194,1372938.6916351877,4135.357504925264,0.0001676425631689,Normal
2026-05-13,3.762366655,2382535146.0,353,447513.2789586471,1683709.038423727,4769.713989868915,0.0002001949057446,Normal
2026-05-14,3.622442411,2304124100.0,343,430619.889480038,1559895.7506726226,4547.801022369162,0.0001973765658876,Normal
2026-05-15,3.726156777,2369602810.0,299,225463.1704696197,840111.1206092798,2809.736189328695,0.0001185741415173,Normal
2026-05-16,3.600487803,2291182677.0,270,169770.37402519907,611256.1609884773,2263.911707364731,9.880974267529916e-05,Retail Orders
2026-05-17,3.486932172,2218024679.0,244,819334.0419622236,2856962.230532876,11708.861600544573,0.0005278959116822,Normal
2026-05-18,3.445648653,2186241178.0,309,802948.0492913194,2766676.8644696125,8953.646810581271,0.0004095452459994,Normal
2026-05-19,3.534850208,2248159561.0,307,374038.6540445311,1322170.6140493506,4306.744671170523,0.000191567571354,Normal
2026-05-20,3.450825213,2195231413.0,298,396382.1981207751,1367845.683259532,4590.08618543467,0.0002090934995851,Normal
2026-05-21,3.614181036,2297603791.0,339,1009551.0915767056,3648700.410049628,10763.12805324374,0.0004684501346752,Normal
2026-05-22,3.603139454,2291716314.0,383,393491.6712523025,1417805.3655095687,3701.8416854035736,0.000161531410445,Normal
2026-05-23,3.393310687,2157908930.0,360,796324.3056556609,2702175.7766992087,7506.043824164469,0.0003478387674202,Normal
2026-05-24,3.458598937,2198407082.0,276,128585.83820486708,444726.84332860727,1611.329142494954,7.329530348078427e-05,Retail Orders
2026-05-25,3.386893205,2153659932.0,334,489579.9746747304,1658155.0895299162,4964.536196197354,0.0002305162538631,Normal
2026-05-26,3.324435581,2113009296.0,374,727851.8525748969,2419696.5963967536,6469.776995713245,0.000306187815073,Normal
2026-05-27,3.246228172,2067270420.0,412,1124688.6227220572,3650995.8918082216,8861.640514097626,0.0004286638278362,Normal
2026-05-28,3.092462374,1962448776.0,522,1508341.996251657,4664490.8705322975,8935.806265387544,0.0004553395927918,Normal
2026-05-29,3.04820566,1936908367.0,415,738812.7597864137,2252053.236061167,5426.634303761848,0.0002801699035544,Normal
2026-05-30,3.017983956,1917818552.0,310,322859.85793257016,974385.871276936,3143.1802299256,0.0001638935146731,Normal
2026-05-31,3.046768514,1935210931.0,355,301215.3070394286,917733.3134225736,2585.1642631621794,0.0001335856583771,Normal
2026-06-01,3.012584119,1913617623.0,388,526520.0284183194,1586185.875948458,4088.1079277022113,0.0002136324351619,Normal
2026-06-02,2.978168866,1855455611.0,435,1040707.60731729,3099402.9947217065,7125.064355682084,0.0003840061876684,Normal
2026-06-03,2.792344212,1739186954.0,444,1542889.9091715033,4308279.707628253,9703.332674838408,0.0005579234970985,Normal
2026-06-04,2.801648608,1745570949.0,520,3224813.677230797,9034794.749873022,17374.60528821735,0.0009953537149647,Normal
2026-06-05,2.647139426,1647356135.0,530,1803575.094723104,4774314.740993213,9008.14102074191,0.0005468241401694,Normal
2026-06-06,2.456191375,1529448436.0,376,254671.35990608425,625521.5976608448,1663.6212703745873,0.0001087726288259,Normal
2026-06-07,2.461127298,1532012690.0,351,427708.6946000267,1052645.543872071,2998.990153481684,0.0001957549159388,Normal
2026-06-08,2.564334226,1600073425.0,423,685150.0243596795,1756953.65741026,4153.554745650733,0.0002595852590733,Normal
2026-06-09,2.512297411,1564181197.0,323,295943.139735014,743497.183759487,2301.8488661284428,0.0001471599882765,Normal
2026-06-10,2.47648031,1541071986.0,328,278767.72026567266,690362.7703015263,2104.7645436022144,0.0001365779511095,Normal
2026-06-11,2.395043627,1490591620.0,296,389146.0668926951,932021.8074834652,3148.722322579274,0.0002112397708622,Normal
2026-06-12,2.492199521,1553985903.0,263,135887.83833210205,338659.6056009902,1287.679108749012,8.286298519588387e-05,Retail Orders
2026-06-13,2.497240629,1552781001.0,217,154557.3139427747,385966.8038870052,1778.6488658387336,0.0001145460219241,Normal
2026-06-14,2.555273517,1589593650.0,239,124894.66939103427,319140.0411093804,1335.3139795371565,8.40034797281152e-05,Retail Orders
2026-06-15,2.584841666,1607569042.0,358,662028.4047368324,1711238.6046392762,4779.996102344347,0.000297343129748,Normal
2026-06-16,2.836485602,1764423344.0,752,1809153.4393647665,5131637.68256694,6823.986280009229,0.0003867544772185,Normal
2026-06-17,3.296879108,2050008128.0,780,1939031.4260325888,6392752.19824229,8195.836151592679,0.0003997953003039,Normal
2026-06-18,3.221804285,2002530615.0,588,1520479.9044447113,4898688.671396362,8331.103182646873,0.0004160287548286,Normal
2026-06-19,3.185931307,1974565511.0,440,668911.4010073622,2131105.7740785866,4843.42221381497,0.0002452905303385,Normal
2026-06-20,3.071284732,1908549471.0,385,496506.2051294349,1524911.9271572935,3960.8102004085545,0.0002075298681324,Normal
2026-06-21,3.01,1869582984.0,351,645856.9638720289,1944029.4612548067,5538.545473660418,0.0002962449659126,Normal
2026-06-22,2.98,1851251611.0,439,536950.8130351992,1600113.4228448933,3644.905291218436,0.000196888703273,Normal
2026-06-23,2.917485924787119,1813425025.02946,436,742390.7644619225,2165914.606009608,4967.694050480752,0.0002739398641749,Normal
2026-06-24,2.913972796716981,1809961860.208896,365,360774.8328266293,1051288.0485969142,2880.241229032641,0.0001591327028681,Normal
2026-06-25,2.882012758928551,1791588784.0730624,661,575031.1058872689,1657246.9839479036,2507.181518831927,0.0001399417958585,Normal
2026-06-26,2.959394698372919,1839658513.005761,664,411560.8048110965,1217970.8638160508,1834.293469602486,9.970836742986018e-05,Retail Orders
2026-06-27,2.9243424952295487,1816954359.9533093,632,432178.9893966174,1263839.3842378887,1999.7458611359,0.0001100603243103,Normal
2026-06-28,2.9246567420207707,1817147576.912332,561,245631.98918430385,718389.2532238472,1280.5512535184444,7.047040481402927e-05,Retail Orders
2026-06-29,2.8935895530118523,1797607025.6653388,783,1184175.4808009355,3426517.800178374,4376.140230112866,0.0002434425415361,Normal
2026-06-30,2.7767513479030588,1725154086.0588844,1014,1478026.0798767314,4104110.909533588,4047.446656344761,0.0002346136318519,Normal
2026-07-01,2.7879231656626264,1731597558.793435,570,1042578.877998268,2906629.8060019203,5099.350536845474,0.0002944882031595,Normal
2026-07-02,3.176853514319999,1973219483.756013,496,2703017.7142924224,8587091.324919093,17312.684122820752,0.0008773825854317,Normal
2026-07-03,3.209389286928797,1993520722.6830285,488,491212.793983911,1576493.078614326,3230.518603717881,0.0001620509165999,Normal
2026-07-04,3.217053082085012,1998071877.7193675,381,412472.6906720121,1326946.5408022942,3482.7993196910606,0.000174308009563,Normal
2026-07-05,3.1712221323596124,1969740498.7257028,349,132829.67325602195,421232.39966359246,1206.9696265432449,6.12755653510743e-05,Retail Orders
2026-07-06,3.1766228269997177,1972615843.696612,350,535803.0675152803,1702044.2550455106,4862.983585844316,0.0002465246135674,Normal
2026-07-07,3.1916179057219707,1982191330.078508,369,929158.3472314288,2965518.4182748604,8036.635279877671,0.000405441954968,Normal
2026-07-08,3.274611231827915,2033465614.5063176,232,1463845.8118053502,4793525.937002052,20661.74972845712,0.0010160855232102,Small Whale Orders
2026-07-09,3.3967417297548623,2109310960.237884,365,1525883.5808064209,5183032.433672946,14200.088859377936,0.0006732098361531,Normal
2026-07-10,3.52742824143268,2190536462.3264065,365,1401771.9318321005,4944649.900392196,13546.98602847177,0.0006184323457498,Normal
2026-07-11,3.675245903443449,2282237888.739384,348,1565987.860296098,5755390.468395406,16538.478357458065,0.0007246605815747478,Normal
2026-07-12,3.5931045136288167,2231290748.536658,424,329990.5238996177,1185690.4408784544,2796.4397190529585,0.00012532834283864353,Normal
2026-07-13,3.550833475430103,2204935704.1311526,437,608305.2236923919,2159990.5515659424,4942.770140883164,0.0002241684477067709,Normal
2026-07-14,3.665798216035305,2274983717.696387,451,1152423.927431473,4224553.577294693,9367.081102648988,0.00041174277555418943,Normal
