day,price,market_cap,buyers,total_buy_qty,total_buy_usd,avg_buy_usd,ratio_pct,bucket
2023-06-20,0.508627224,1643905366.0,1,10000000000.0,5086272240.0,5086272240.0,309.40176637880745,Mega Whale Orders
2023-06-21,0.508627224,1643905366.0,0,0.0,0.0,,,Normal
2023-06-22,0.508627224,1643905366.0,0,0.0,0.0,,,Normal
2023-06-23,0.508627224,1643905366.0,2,9999999999.99,5086272239.994914,2543136119.997457,154.70088318924903,Mega Whale Orders
2023-06-24,0.508627224,1643905366.0,0,0.0,0.0,,,Normal
2023-06-25,0.508627224,1643905366.0,0,0.0,0.0,,,Normal
2023-06-26,0.508627224,1643905366.0,1,1.0,0.508627224,0.508627224,3.0940176637880754e-08,Retail Orders
2023-06-27,0.508627224,1643905366.0,1,10.0,5.08627224,5.08627224,3.094017663788076e-07,Retail Orders
2023-06-28,0.508627224,1643905366.0,0,0.0,0.0,,,Normal
2023-06-29,0.508627224,1643905366.0,10,2200000.0,1118979.8928,111897.98928,0.0068068388603337,Small Whale Orders
2023-06-30,0.508627224,1643905366.0,2,1200000.0,610352.6688000001,305176.33440000005,0.0185641059827284,Small Whale Orders
2023-07-01,0.508627224,1643905366.0,1,500.0,254.31361200000003,254.31361200000003,1.5470088318940376e-05,Retail Orders
2023-07-02,0.508627224,1643905366.0,2,99.99999998765432,50.86272239372066,25.43136119686033,1.547008831703049e-06,Retail Orders
2023-07-03,0.508627224,1643905366.0,1,109.0,55.44036741600001,55.44036741600001,3.372479253529002e-06,Retail Orders
2023-07-04,0.508627224,1643905366.0,4,1000000700.0,508627580.0390568,127156895.0097642,7.735049574001099,Mega Whale Orders
2023-07-05,0.508627224,1643905366.0,11,50068.49999998765,25466.202164837723,2315.10928771252,0.0001408298394539,Retail Orders
2023-07-06,0.508627224,1643905366.0,1,50152.001,25508.673046675223,25508.673046675223,0.0015517117696831,Normal
2023-07-07,0.508627224,1643905366.0,3,20.0,10.17254448,3.39084816,2.0626784425253842e-07,Retail Orders
2023-07-08,0.508627224,1643905366.0,0,0.0,0.0,,,Normal
2023-07-09,0.508627224,1643905366.0,2,4500.0,2288.822508,1144.411254,6.961539743523169e-05,Retail Orders
2023-07-10,0.508627224,1643905366.0,3,1000.0,508.627224,169.542408,1.0313392212626917e-05,Retail Orders
2023-07-11,0.508627224,1643905366.0,2,1304.19,663.34653926856,331.67326963428,2.0175934484678846e-05,Retail Orders
2023-07-12,0.508627224,1643905366.0,1,9.98,5.076099695520001,5.076099695520001,3.0878296284605e-07,Retail Orders
2023-07-13,0.508627224,1643905366.0,4,633.0,321.961032792,80.490258198,4.896282952944629e-06,Retail Orders
2023-07-14,0.508627224,1643905366.0,3,210.0,106.81171704,35.603905680000004,2.165812364651653e-06,Retail Orders
2023-07-15,0.508627224,1643905366.0,3,5595452.8653215,2845999.6579113207,948666.5526371069,0.0577081000073277,Big Whale Orders
2023-07-16,0.508627224,1643905366.0,4,3060025.326,1556412.1869330753,389103.0467332688,0.0236694310257071,Small Whale Orders
2023-07-17,0.508627224,1643905366.0,952,33765362.80105039,17173982.748851124,18039.897845431853,0.0010973805559943,Normal
2023-07-18,0.508627224,1643905366.0,643,55781242.01960846,28371858.279705606,44124.196391455065,0.0026841080578025,Normal
2023-07-19,0.539303245,1743051602.0,487,33188371.504738227,17898596.44877086,36752.76478187035,0.0021085299333479,Normal
2023-07-20,0.577786246,1867430339.0,347,9664038.860732213,5583748.734540582,16091.494912220696,0.0008616918433936,Normal
2023-07-21,0.596875773,1929128522.0,213,582117.249013504,347451.68298156874,1631.2285585989143,8.455779591645653e-05,Retail Orders
2023-07-22,0.589300744,1904645700.0,251,2037603.530859025,1200761.2767122504,4783.909468973109,0.0002511705704096,Retail Orders
2023-07-23,0.573917047,1854924920.0,195,557980.3636660766,320234.4425992208,1642.2279107652348,8.853338984551649e-05,Retail Orders
2023-07-24,0.580185346,1875184336.0,130,4112917.826687335,2386254.65234616,18355.805018047384,0.0009788800314534,Normal
2023-07-25,0.556984845,1800199304.0,97,2956732.512146566,1646855.1999844157,16977.88865963315,0.000943111611137,Normal
2023-07-26,0.539626187,1744222033.0,111,13082850.097151862,7059848.513018639,63602.238856023774,0.003646453126534,Normal
2023-07-27,0.536519374,1735243443.0,99,5139740.431325623,2757570.318737313,27854.24564381124,0.0016052067942498,Normal
2023-07-28,0.521009096,1683932435.0,198,1609496.3112847612,838562.2181578081,4235.162717968728,0.0002515043139464,Retail Orders
2023-07-29,0.520648601,1682434638.0,207,408724.3044219093,212801.7372919652,1028.0277163863052,6.110357532869014e-05,Retail Orders
2023-07-30,0.521750343,1685382620.0,211,1790970.135782048,934439.28264704,4428.62219264,0.0002627665753809,Retail Orders
2023-07-31,0.519219571,1679637082.0,191,22132671.461476386,11491716.181311712,60166.05330529692,0.003582086508453,Normal
2023-08-01,0.518187686,1676438289.0,112,1086513.4099360304,563017.869702721,5026.945265202866,0.0002998586526081,Retail Orders
2023-08-02,0.521237232,1681966537.0,139,5743627.784874229,2993792.648226135,21538.076605943417,0.0012805294357615,Normal
2023-08-03,0.519331808,1680236215.0,153,22405029.336877488,11635644.393813623,76049.96335825899,0.0045261471380831,Normal
2023-08-04,0.51603826,1670022191.0,111,7609372.524568665,3926727.3572702208,35375.92213756956,0.0021182905429769,Normal
2023-08-05,0.51317979,1658166237.0,115,121491.22470130515,62346.8411790586,542.1464450352922,3.269554239725436e-05,Retail Orders
2023-08-06,0.511737943,1654948854.0,129,5991907.101335503,3066286.214684523,23769.66057894979,0.0014362776542307,Normal
2023-08-07,0.50813378,1642567629.0,168,699210.2326509288,355292.33853159583,2114.835348402356,0.0001287517975555,Retail Orders
2023-08-08,0.508672199,1644370304.0,416,9160729.999423718,4659808.673252132,11201.463156856084,0.0006812007690486,Normal
2023-08-09,0.461141303,1491287388.0,219,8057262.528215572,3715536.540874403,16965.920277965313,0.0011376693999081,Normal
2023-08-10,0.465365721,1505116576.0,87,160987.8997154525,74918.25002335725,861.1293106133018,5.721346268751091e-05,Retail Orders
2023-08-11,0.462584662,1496224825.0,85,4170439.614965812,1929181.3996803705,22696.25176094553,0.0015169011622932,Normal
2023-08-12,0.463017508,1497447564.0,126,734902.1193966168,340272.54794694006,2700.575777356667,0.0001803452649883,Retail Orders
2023-08-13,0.463080273,1497655403.0,134,1658965.7285269918,768234.3024639231,5733.091809432262,0.0003828044687681,Retail Orders
2023-08-14,0.461102084,1490666782.0,86,566834.8442274139,261368.727957076,3039.1712553148363,0.0002038799879364,Retail Orders
2023-08-15,0.459392421,1485466381.0,92,1101333.120801099,505944.08869230247,5499.392268394592,0.0003702131760593,Retail Orders
2023-08-16,0.455497014,1473267777.0,98,158087592.77670762,72008426.4602383,734779.8618391663,0.0498741554868858,Small Whale Orders
2023-08-17,0.450246698,1456101059.0,58,759610.8566750458,342012.27998289064,5896.763447980873,0.0004049693811795,Retail Orders
2023-08-18,0.428812503,1383319967.0,54,566614.946995598,242971.5736583948,4499.47358626657,0.0003252662936706,Retail Orders
2023-08-19,0.42676566,1381070548.0,51,52916.42487065672,22582.91298476623,442.80221538757314,3.206224446888814e-05,Retail Orders
2023-08-20,0.427009075,1380669702.0,46,16730.619788744927,7144.126480168667,155.307097394971,1.1248678606476076e-05,Retail Orders
2023-08-21,0.426122387,1378109413.0,32,86636.63721190793,36917.81065039123,1153.681582824726,8.371480318919539e-05,Retail Orders
2023-08-22,0.424218301,1371665057.0,29,247986.73240159667,105200.510289947,3627.603803101621,0.0002644671732788,Retail Orders
2023-08-23,0.421757482,1366566297.0,23,128996.48705271096,54405.23356619698,2365.444937660738,0.00017309404914,Retail Orders
2023-08-24,0.423770341,1369611069.0,36,53208.501186189336,22548.18469177036,626.3384636602877,4.573111869763136e-05,Retail Orders
2023-08-25,0.42392609,1370724388.0,43,241153.95974698247,102231.45524355568,2377.4757033385044,0.0001734466625203,Retail Orders
2023-08-26,0.428459071,1385867786.0,61,110555.6648629125,47368.57746095083,776.5340567368988,5.60323332847062e-05,Retail Orders
2023-08-27,0.434330065,1404613919.0,76,63943.33437618018,27772.51257592307,365.42779705161934,2.6016244898938625e-05,Retail Orders
2023-08-28,0.437819151,1416202000.0,63,365021.68991877424,159813.486376823,2536.7220059813176,0.0001791214816799,Retail Orders
2023-08-29,0.433545362,1402382436.0,53,9378665.35620468,4066076.866932618,76718.43145155883,0.0054705784586394,Small Whale Orders
2023-08-30,0.442502892,1430985587.0,89,454551.86912631785,201140.5166524012,2260.005805083159,0.000157933512791,Retail Orders
2023-08-31,0.45126546,1459458031.0,85,1599526.8584300014,721811.2235517694,8491.896747667875,0.0005818527540561,Normal
2023-09-01,0.44848694,1450555450.0,65,524167.989488393,235082.4976516016,3616.65381002464,0.0002493288905311,Retail Orders
2023-09-02,0.449816829,1454371329.0,63,109651.44492233824,49323.06525023433,782.9057976227672,5.383121779230063e-05,Retail Orders
2023-09-03,0.451091503,1459499212.0,47,115663.6694326693,52174.89848687795,1110.1042231250628,7.606062504164359e-05,Retail Orders
2023-09-04,0.452504242,1462908280.0,49,156188343.94044438,70675888.18400608,1442365.064979716,0.0985957277499117,Big Whale Orders
2023-09-05,0.442837581,1430708063.0,95,752343.1307416577,333165.8120996024,3507.008548416868,0.0002451239801544,Retail Orders
2023-09-06,0.42398874,1370586316.0,68,445159.9585299369,188742.8099155601,2775.629557581768,0.0002025140281337,Retail Orders
2023-09-07,0.416249148,1345414481.0,53,128221.7790957506,53372.2063036504,1007.022760446234,7.484851506115414e-05,Retail Orders
2023-09-08,0.418457004,1355160495.0,73,494521.1278702567,206935.8295832885,2834.7373915518974,0.0002091809348052,Retail Orders
2023-09-09,0.414627138,1340387578.0,90,42055.28144136982,17437.260981819687,193.74734424244096,1.4454576230222344e-05,Retail Orders
2023-09-10,0.413069776,1335891070.0,78,55712.61820059739,23013.198720494285,295.0410092371062,2.208570862271773e-05,Retail Orders
2023-09-11,0.410816218,1327936059.0,69,257253.4190942685,105683.8766998764,1531.6503869547305,0.0001153406729619,Retail Orders
2023-09-12,0.402473246,1300690399.0,51,157823.00616696727,63519.53758549735,1245.4811291273988,9.575538729931064e-05,Retail Orders
2023-09-13,0.407224663,1317025526.0,33,27154.22028337833,11057.868203926504,335.0869152705001,2.5442704689878588e-05,Retail Orders
2023-09-14,0.406708533,1315567340.0,31,85599.4621438253,34814.03167410422,1123.0332798098136,8.536494071142064e-05,Retail Orders
2023-09-15,0.408633592,1321993489.0,47,706771628.6693687,288810629.34685427,6144907.007379878,0.4648212762400283,Big Whale Orders
2023-09-16,0.406620768,1314953235.0,48,44096.28583598391,17930.4656125753,373.551366928652,2.8407958320179503e-05,Retail Orders
2023-09-17,0.405511975,1311423411.0,25,71753.62125081666,29096.95266682064,1163.8781066728257,8.874922446178793e-05,Retail Orders
2023-09-18,0.403353851,1304662415.0,37,368300.3220349049,148555.353217319,4015.009546414027,0.0003077431755718,Retail Orders
2023-09-19,0.405209471,1308354398.0,70,157596.33279430776,63859.5266431214,912.2789520445914,6.972720491016314e-05,Retail Orders
2023-09-20,0.405129208,1309604214.0,183,257151.2747030089,104179.49225662043,569.2868429323522,4.3470144402906776e-05,Retail Orders
2023-09-21,0.401377187,1299848535.0,86,210714.9425180064,84576.17088674409,983.44384752028,7.565834180213006e-05,Retail Orders
2023-09-22,0.39429777,1275203295.0,108,559465.9203239165,220596.164774718,2042.5570812473889,0.0001601750159567,Retail Orders
2023-09-23,0.394222005,1275052085.0,117,660381.1455086617,260336.77924662136,2225.10067732155,0.0001745105712541,Retail Orders
2023-09-24,0.391669143,1266571715.0,194,199966.9061982892,78320.86677904529,403.7158081394087,3.1874690028065936e-05,Retail Orders
2023-09-25,0.396557957,1281972869.0,123,602604.1315548231,238967.46328913988,1942.824904789755,0.0001515496116782,Retail Orders
2023-09-26,0.392290482,1269442852.0,43,483296.2789604932,189592.5302222184,4409.128609819031,0.0003473278535439,Retail Orders
2023-09-27,0.389694784,1261266132.0,170,1343779.9504791973,523664.0375455215,3080.376691444244,0.0002442289230869,Retail Orders
2023-09-28,0.386579524,1250048816.0,96,120320.02680692972,46513.25869069013,484.5131113613556,3.87595352405306e-05,Retail Orders
2023-09-29,0.396452441,1282924991.0,153,317483004.41934264,125866912.07806218,822659.5560657659,0.0641237454907265,Big Whale Orders
2023-09-30,0.399138368,1292145443.0,64,3465433.317997812,1383187.3989584718,21612.30310872612,0.0016725905915473,Normal
2023-10-01,0.39965648,1293303445.0,55,1137852.2149004736,454750.0109673268,8268.18201758776,0.000639307198133,Normal
2023-10-02,0.400455946,1295669663.0,39,822598.3915625518,329414.41707126016,8446.523514647697,0.0006519040891248,Normal
2023-10-03,0.413003014,1336103640.0,113,339296.904437971,140130.644173752,1240.0941962278937,9.281422182398168e-05,Retail Orders
2023-10-04,0.411937116,1333188286.0,68,408577.9901477868,168308.4389225557,2475.1241018022897,0.0001856545041532,Retail Orders
2023-10-05,0.407422218,1318008660.0,111,1030970.9494152358,420040.4709043211,3784.148386525416,0.0002871110411767,Retail Orders
2023-10-06,0.398788462,1290690443.0,66,411884518.8820897,164254793.80659854,2488708.997069675,0.1928199755849338,Big Whale Orders
2023-10-07,0.396861319,1283792237.0,136,1484482.7549238582,589133.7841518362,4331.866059939972,0.0003374273449466,Retail Orders
2023-10-08,0.391424957,1247563981.0,90,454239.0909981136,177800.51666165574,1975.56129624062,0.0001583535054175,Retail Orders
2023-10-09,0.379388962,1209915122.0,200,22088627.436855167,8380181.435273203,41900.90717636602,0.0034631278190079,Normal
2023-10-10,0.372922046,1196983757.0,83,2086138.3164582648,777966.9692126116,9373.09601460978,0.0007830595828719,Normal
2023-10-11,0.363195261,1165898474.0,103,106056170.9546282,38519098.69052681,373971.8319468623,0.0320758488227391,Small Whale Orders
2023-10-12,0.351893863,1091961507.0,101,1907846.8049582164,671359.5822089543,6647.12457632628,0.0006087324996087,Normal
2023-10-13,0.339664108,1055316331.0,52,1687464.3824230763,573171.0842375052,11022.520850721254,0.0010444755308843,Normal
2023-10-14,0.322510854,1004599772.0,129,103091.00101396957,33247.96677673019,257.7361765637999,2.5655607710390752e-05,Retail Orders
2023-10-15,0.32434138,1007110669.0,95,1018481.9656519915,330335.8462446796,3477.219434154522,0.0003452668650216,Retail Orders
2023-10-16,0.321461022,998029432.5,63,3420722.134728787,1099628.8334079375,17454.42592711012,0.0017488888963312,Normal
2023-10-17,0.333556043,1032731661.0,74,4037297.85164584,1346665.0958073873,18198.1769703701,0.0017621399302069,Normal
2023-10-18,0.321596385,997842750.2,75,2152722.060682545,692307.632625257,9230.768435003429,0.0009250724558707,Normal
2023-10-19,0.320991164,996843338.5,48,1110309.474651175,356399.53066850925,7424.99022226061,0.0007448502623725,Normal
2023-10-20,0.331863242,1030956605.0,64,4585790.655243581,1521855.353982439,23778.98990597561,0.0023064976537955,Normal
2023-10-21,0.373767135,1160502910.0,63,444975.8996436079,166317.3671538388,2639.958208791092,0.0002274839800954,Retail Orders
2023-10-22,0.388665196,1205250125.0,53,3189856.287992498,1239786.1193844366,23392.190931781824,0.0019408577893142,Normal
2023-10-23,0.376617376,1169350060.0,57,188636.6869876855,71043.85407063545,1246.3834047479904,0.0001065877060585,Retail Orders
2023-10-24,0.380907201,1180926138.0,56,4837523.579437737,1842647.5664151288,32904.4208288416,0.0027863233584251,Normal
2023-10-25,0.37894576,1177590843.0,43,621013.0362189866,235330.2569799114,5472.796673951429,0.0004647451792346,Retail Orders
2023-10-26,0.369958128,1149374279.0,33,892638.0511520343,330238.7023857749,10007.233405629542,0.0008706679441562,Normal
2023-10-27,0.378897209,1175491614.0,36,339814.5612694269,128754.78884254534,3576.521912292926,0.0003042575437967,Retail Orders
2023-10-28,0.377523629,1172941956.0,52,158279.4177124272,59754.2201708024,1149.1196186692769,9.796900970172788e-05,Retail Orders
2023-10-29,0.378564354,1175535937.0,48,19158027.92494085,7252546.465319194,151094.7180274832,0.0128532623522408,Small Whale Orders
2023-10-30,0.379925695,1180352486.0,54,158528.44060486942,60229.02797407124,1115.352369890208,9.449316057018988e-05,Retail Orders
2023-10-31,0.379545206,1179078914.0,46,5138340.322848855,1950232.436333775,42396.3573116038,0.0035957183873109,Normal
2023-11-01,0.37959497,1179674079.0,49,366550.59560909856,139140.76234371788,2839.607394769753,0.0002407111799198,Retail Orders
2023-11-02,0.384515242,1194191022.0,65,821592.0493232107,315914.66567079024,4860.2256257044655,0.0004069889604064,Retail Orders
2023-11-03,0.40577275,1260202214.0,42,3363597.92068856,1364856.3781720786,32496.58043266854,0.0025786798397632,Normal
2023-11-04,0.411770924,1277592159.0,40,218940.738661026,90153.4302596932,2253.83575649233,0.0001764127730915,Retail Orders
2023-11-05,0.410673159,1276725949.0,68,6216032.991523334,2552757.905077108,37540.55742760452,0.002940377099487,Normal
2023-11-06,0.414786427,1289634601.0,26,272431.17574112955,113000.7539890722,4346.182845733547,0.0003370088583513,Retail Orders
2023-11-07,0.416357174,1293416386.0,29,153467.79046655973,63897.41553868096,2203.35915650624,0.0001703518820664,Retail Orders
2023-11-08,0.41575694,1289244558.0,50,3758104.4112324542,1562457.9902145069,31249.15980429014,0.0024238349202549,Normal
2023-11-09,0.436406268,1359902803.0,52,715964.4338948352,312451.3666167777,6008.680127245725,0.0004418462932784,Retail Orders
2023-11-10,0.45791585,1421154213.0,42,3356784.115725445,1537124.6516189156,36598.20599092656,0.002575245223646,Normal
2023-11-11,0.464694359,1443751435.0,60,1752816.443186371,814523.9135111503,13575.398558519171,0.0009402864114569,Normal
2023-11-12,0.431533619,1338850030.0,35,309753.1320694763,133668.89007852605,3819.111145100744,0.0002852530947846,Retail Orders
2023-11-13,0.444926227,1381073080.0,133,3990071.781792644,1775287.5833321682,13348.026942347127,0.000966496786857,Normal
2023-11-14,0.456079919,1416287296.0,43,312221.57312784786,142397.98978220142,3311.5811577256145,0.0002338212852066,Retail Orders
2023-11-15,0.447377926,1389315672.0,63,7245426.809573945,3241444.019051988,51451.492365904574,0.003703369464755,Normal
2023-11-16,0.459837453,1426451793.0,45,2213918.046822272,1018042.4358014883,22623.165240033075,0.0015859747487472,Normal
2023-11-17,0.484359213,1502857592.0,75,2113997.618336208,1023934.2227012,13652.456302682664,0.0009084331326771,Normal
2023-11-18,0.532032303,1652209049.0,34,514226.6384480418,273585.18271746003,8046.623021101765,0.0004870220887588,Retail Orders
2023-11-19,0.503116718,1562831331.0,59,72284.16570865146,36367.37221470487,616.3961392322859,3.94409893764976e-05,Retail Orders
2023-11-20,0.491630017,1528863343.0,37,85139.52418473636,41857.14572231385,1131.274208711185,7.399446221866706e-05,Retail Orders
2023-11-21,0.492814726,1527392859.0,36,3096402.3534399224,1525952.677396251,42387.57437211808,0.0027751586058788,Normal
2023-11-22,0.46846022,1455668477.0,43,7387476.771114984,3460738.9934414155,80482.30217305617,0.0055288895407643,Small Whale Orders
2023-11-23,0.460262607,1433869800.0,39,3833291.093399543,1764320.552037954,45238.988513793694,0.0031550276401521,Normal
2023-11-24,0.507745544,1578428022.0,37,367781.8363308533,186739.5885611281,5047.015907057516,0.0003197495125981,Retail Orders
2023-11-25,0.508693,1579536051.0,50,221966.4378808009,112912.77318489828,2258.2554636979653,0.0001429695423708,Retail Orders
2023-11-26,0.514120753,1597102054.0,45,3227204.7431633985,1659172.932640338,36870.50961422973,0.0023085882033578,Normal
2023-11-27,0.512494411,1591542643.0,29,20164083.20706145,10333979.94655795,356344.13608820515,0.0223898578938802,Small Whale Orders
2023-11-28,0.504923009,1577283574.0,54,6109347.131946017,3084749.936887703,57124.99883125376,0.0036217329447224,Normal
2023-11-29,0.534440805,1670952578.0,52,199929.62807040743,106850.55136929917,2054.818295563445,0.0001229728672505,Retail Orders
2023-11-30,0.525928731,1645626652.0,74,336096.8006508443,176762.96385945854,2388.6887008034937,0.0001451537441922,Retail Orders
2023-12-01,0.539467732,1688599359.0,40,1096991.2180905575,591791.3644472305,14794.78411118076,0.0008761571554748,Normal
2023-12-02,0.546050255,1706507366.0,42,3180734.5104626548,1736840.8905254328,41353.35453631983,0.0024232743063542,Normal
2023-12-03,0.54971803,1716200853.0,36,136650.4738488275,75119.22928274397,2086.645257854,0.0001215851427999,Retail Orders
2023-12-04,0.546094389,1709711722.0,77,1423309.3676619404,777261.2594913237,10094.302071315891,0.0005904095960404,Normal
2023-12-05,0.597879144,1867734731.0,64,1037062.3132175162,620037.9281011485,9688.092626580445,0.0005187081690874,Normal
2023-12-06,0.585900321,1835142307.0,60,1639482.3256631154,960573.2208798458,16009.553681330764,0.0008723875865246,Normal
2023-12-07,0.63361921,1985215940.0,70,4854897.104818856,3076156.068186611,43945.08668838016,0.0022136174610999,Normal
2023-12-08,0.642338175,2010871936.0,52,653357.1807605381,419676.2591128692,8070.697290632101,0.0004013531218047,Retail Orders
2023-12-09,0.63477144,1985663648.0,53,466997.3730452962,296436.59496417985,5593.143301210941,0.0002816762701399,Retail Orders
2023-12-10,0.615411478,1928171006.0,48,1132309.9151655077,696836.5184460595,14517.42746762624,0.0007529118227818,Normal
2023-12-11,0.608477056,1905342406.0,56,720659.9436664176,438505.0408992677,7830.447158915495,0.000410973226348,Retail Orders
2023-12-12,0.580320778,1817904511.0,72,1445411.933575112,838802.5778227934,11650.035803094352,0.0006408497108952,Normal
2023-12-13,0.579667812,1817251391.0,48,251713.1555224884,145910.01411333654,3039.791960694511,0.000167274157871,Retail Orders
2023-12-14,0.586074132,1836576499.0,97,378895.4486519902,222060.8211874657,2289.2868163656262,0.0001246496847592,Retail Orders
2023-12-15,0.599835711,1878836551.0,74,606531.9418039396,363819.5185561768,4916.479980488875,0.0002616768328182,Retail Orders
2023-12-16,0.57871756,1813893579.0,64,302184.7651929419,174879.62998163223,2732.494218463004,0.0001506424770503,Retail Orders
2023-12-17,0.583386107,1821783483.0,51,148802.6574743907,86809.40305523927,1702.145157945868,9.343290099122432e-05,Retail Orders
2023-12-18,0.565569714,1770374060.0,55,3046184.53437416,1722829.715897217,31324.17665267667,0.0017693535711134,Normal
2023-12-19,0.569609112,1782324824.0,41,293973.3735789289,167449.91227593794,4084.1442018521448,0.0002291470189303,Retail Orders
2023-12-20,0.560637397,1754391803.0,117,2194880.6775977216,1230532.189813983,10517.369143709257,0.000599488046269,Normal
2023-12-21,0.564409276,1766384179.0,55,829619.1469538067,468244.7420879357,8513.540765235195,0.0004819756011432,Retail Orders
2023-12-22,0.57566986,1802388852.0,75,726813.933597152,418404.87539992185,5578.731671998958,0.0003095187626026,Retail Orders
2023-12-23,0.602607834,1889649098.0,120,1554915.331297288,937004.1598464508,7808.367998720424,0.0004132178829913,Retail Orders
2023-12-24,0.623779264,1950468584.0,123,497082.2629617719,310069.6081377485,2520.891123071126,0.0001292454102439,Retail Orders
2023-12-25,0.621594647,1951182877.0,96,591247.8323031716,367516.48761000513,3828.2967459375536,0.0001962038920628,Retail Orders
2023-12-26,0.608237981,1904157199.0,98,8621878.84705687,5244154.182360479,53511.777371025295,0.0028102604868509,Normal
2023-12-27,0.586511141,1838633871.0,237,9067194.442450378,5318010.558110429,22438.863114389995,0.0012204095371193,Normal
2023-12-28,0.623018849,1947562341.0,136,9560109.25965685,5956128.267265653,43795.06078871804,0.0022487116261567,Normal
2023-12-29,0.647543843,2031150571.0,259,13342221.03749731,8639673.084776456,33357.81113813303,0.0016423110927571,Normal
2023-12-30,0.659232698,2063988210.0,265,1385323.1933739143,913250.3463698612,3446.22772215042,0.0001669693511548,Retail Orders
2023-12-31,0.65552952,2057262369.0,175,3301008.200849986,2163908.321419256,12365.190408110033,0.0006010507261706,Normal
2024-01-01,0.643052376,2014465175.0,157,495704.810234015,318764.1560156124,2030.344942774601,0.0001007882870337,Retail Orders
2024-01-02,0.643557689,2013128585.0,178,7766569.170248269,4998235.306663623,28079.973632941703,0.0013948425273064,Normal
2024-01-03,0.668282361,2092624866.0,184,15531302.77018127,10379295.68466258,56409.215677514025,0.0026956200604334,Normal
2024-01-04,0.616086791,1930832601.0,140,1598096.6789115453,984566.2546183714,7032.6161044169385,0.0003642271267211,Retail Orders
2024-01-05,0.599345724,1873778676.0,129,686593.3645659414,411506.7971793701,3189.9751719331016,0.0001702429007647,Retail Orders
2024-01-06,0.608991378,1901218382.0,137,701256.4090148772,427059.10685730167,3117.219758082494,0.0001639590584435,Retail Orders
2024-01-07,0.597241543,1870495749.0,103,324124.3096721759,193580.50283242017,1879.4223575963124,0.0001004772322311,Retail Orders
2024-01-08,0.588989274,1832592535.0,148,438539.8984724422,258295.2964213174,1745.2384893332255,9.523330778673208e-05,Retail Orders
2024-01-09,0.615123402,1924122726.0,120,2908431.0129909827,1789043.9791933196,14908.699826610997,0.0007748310242977,Normal
2024-01-10,0.659097434,2055051440.0,151,1797101.0282733657,1184464.6763737365,7844.136929627394,0.0003817002716792,Retail Orders
2024-01-11,0.776080035,2415968054.0,267,2572262.7202479863,1996281.7419592524,7476.710644042144,0.0003094705921985,Retail Orders
2024-01-12,0.79997345,2499064762.0,163,408198.0410689202,326547.5951971458,2003.3594797370909,8.016436829487378e-05,Retail Orders
2024-01-13,0.738696771,2310081720.0,154,728992.3336866254,538504.2829780647,3496.781058299121,0.0001513704484142,Retail Orders
2024-01-14,0.769789743,2409313972.0,122,188106.6519730585,144802.57127893114,1186.9063219584518,4.926324820061483e-05,Retail Orders
2024-01-15,0.698414445,2202602469.0,126,639305.851503954,446500.4414633865,3543.6542973284645,0.0001608848781022,Retail Orders
2024-01-16,0.718988626,2252835203.0,103,6428248.439634266,4621837.513199285,44872.20886601247,0.0019918105330677,Normal
2024-01-17,0.729392815,2284522335.0,149,367862.8359754459,268316.5094660137,1800.7819427249244,7.882531569668039e-05,Retail Orders
2024-01-18,0.711320868,2228611925.0,73,30638078.97445661,21793504.929963022,298541.163424151,0.0133958344238937,Small Whale Orders
2024-01-19,0.688653478,2178451004.0,62,153301.6943047806,105571.74496627996,1702.7700801012895,7.816425877721001e-05,Retail Orders
2024-01-20,0.681594513,2154904175.0,54,130714.75395977274,89094.45906712612,1649.8973901319653,7.656476836757557e-05,Retail Orders
2024-01-21,0.673121321,2130585963.0,102,168519.8280324565,113434.28925989996,1112.1008750970584,5.219694930924777e-05,Retail Orders
2024-01-22,0.677841008,2144719852.0,87,779475.7384103858,528360.6202356403,6073.110577421153,0.0002831656811381,Retail Orders
2024-01-23,0.64799233,2052168370.0,96,410243.8370712816,265834.8598519601,2769.1131234579184,0.0001349359615876,Retail Orders
2024-01-24,0.620174373,1957688695.0,105,932796.35265611,578496.3931451899,5509.489458525618,0.0002814282716448,Retail Orders
2024-01-25,0.631573524,1999203284.0,64,196195.24893590604,123911.72476250744,1936.1206994141787,9.684461379737204e-05,Retail Orders
2024-01-26,0.616861259,1950862602.0,85,706569.948256434,435855.6278530288,5127.713268859163,0.0002628433834142,Retail Orders
2024-01-27,0.654527794,2063254183.0,68,384164.44976017583,251446.3098347517,3697.739850511055,0.00017921882243,Retail Orders
2024-01-28,0.654979257,2071000142.0,77,102132.77822568284,66894.85119760354,868.7643012675784,4.1949021810717885e-05,Retail Orders
2024-01-29,0.638915075,2020721899.0,113,260758.5164296977,166602.54708156904,1474.3588237306994,7.296198573689529e-05,Retail Orders
2024-01-30,0.621701789,1960414849.0,75,312541.92065791774,194307.8712105235,2590.771616140313,0.000132154253854,Retail Orders
2024-01-31,0.592287696,1873979382.0,100,2405663.933931515,1424845.1487785934,14248.451487785936,0.0007603312835053,Normal
2024-02-01,0.584593768,1852289293.0,61,418475.2893881178,244638.0462382901,4010.4597743982,0.0002165136833406,Retail Orders
2024-02-02,0.589055181,1865477891.0,173,667652.4760522966,393284.15012608375,2273.318786855976,0.0001218625424521,Retail Orders
2024-02-03,0.588726357,1863521514.0,55,297374.6134586902,175072.27284581782,3183.132233560324,0.000170812744025,Retail Orders
2024-02-04,0.590182436,1870252842.0,82,191599.21391141712,113078.49080192525,1379.0059853893322,7.373366608092726e-05,Retail Orders
2024-02-05,0.595976908,1888906360.0,56,191339.5032110358,114033.9255019692,2036.3200982494493,0.0001078041845467,Retail Orders
2024-02-06,0.590461512,1869605717.0,57,503587.29180186486,297348.9137413143,5216.647609496742,0.000279023944036,Retail Orders
2024-02-07,0.59838695,1894257302.0,65,1489039.9607113537,891022.0805181866,13708.0320079721,0.0007236626193019,Normal
2024-02-08,0.60967321,1931959857.0,62,357118.00036064413,217725.27762865505,3511.6980262686297,0.0001817686849726,Retail Orders
2024-02-09,0.610937111,1935010245.0,53,689961.4853256763,421523.0765461376,7953.265595210143,0.0004110193016166,Retail Orders
2024-02-10,0.648602008,2058229214.0,51,551285.3400053863,357564.77850845625,7011.074088401103,0.0003406362148934,Retail Orders
2024-02-11,0.651142925,2061048554.0,66,6113534.795220739,3980784.928649309,60314.92316135317,0.0029264193240036,Normal
2024-02-12,0.654486176,2070561630.0,50,3276955.5643047565,2144722.116203742,42894.44232407485,0.0020716332082361,Normal
2024-02-13,0.683770436,2202528045.0,138,7732977.192874998,5287581.186750194,38315.80570108837,0.001739628504984,Normal
2024-02-14,0.693001361,2233752389.0,112,4462791.830193148,3092720.8121835324,27613.57868021011,0.0012361969400096,Normal
2024-02-15,0.775788258,2505339535.0,108,1797736.021359929,1394662.4963546698,12913.54163291361,0.0005154407796831,Normal
2024-02-16,0.779236096,2514893972.0,64,1243695.1537678991,969132.1562362176,15142.689941190898,0.0006021204118258,Normal
2024-02-17,0.77094114,2486892153.0,47,443931.7301408145,342245.2341169319,7281.813491849615,0.0002928077714614,Retail Orders
2024-02-18,0.750167628,2427739480.0,71,1601934.3434533973,1201719.2866401724,16925.623755495384,0.0006971762783828,Normal
2024-02-19,0.789075962,2549045889.0,71,722497.8570742483,570105.6916138009,8029.657628363393,0.0003150063976099,Retail Orders
2024-02-20,0.777412944,2506913133.0,67,291972.0512683108,226982.85194221648,3387.8037603315893,0.0001351384583588,Retail Orders
2024-02-21,0.765249261,2469990998.0,70,3289419.334394352,2517225.7147643897,35960.367353776994,0.0014558906240101,Normal
2024-02-22,0.728332004,2353555045.0,77,1937709.5835578488,1411295.9041626933,18328.51823587913,0.0007787588514157,Normal
2024-02-23,0.777295069,2507959814.0,78,821583.9389992278,638613.1445536965,8187.348007098673,0.0003264545134014,Retail Orders
2024-02-24,0.786940573,2533825636.0,72,93457.97972653444,73545.8761174214,1021.4705016308528,4.0313369914568695e-05,Retail Orders
2024-02-25,0.779488251,2515792370.0,86,1129025.9815026843,880062.4876550857,10233.284740175415,0.0004067618958624,Retail Orders
2024-02-26,0.887548021,2875266977.0,153,1777497.303710942,1577614.2142414823,10311.204014650211,0.0003586172726613,Retail Orders
2024-02-27,0.926766476,2991903379.0,92,1559159.1354312615,1444976.417466837,15706.265407248227,0.0005249589782039,Normal
2024-02-28,0.891000623,2874334707.0,102,1169024.8780333465,1041601.8946302106,10211.78328068834,0.000355274674721,Retail Orders
2024-02-29,0.947091424,3050608263.0,80,581745.4524511574,550966.128967491,6887.076612093637,0.0002257607669796,Retail Orders
2024-03-01,0.899467766,2910318740.0,93,1776276.656282809,1597703.5958246484,17179.608557254283,0.0005902998981223,Normal
2024-03-02,0.927587373,3003411951.0,67,323412.307462642,299993.17267514043,4477.510039927469,0.0001490807825558,Retail Orders
2024-03-03,0.902235843,2915994348.0,46,301666.77526420646,272174.57728559285,5916.838636643323,0.0002029098115605,Retail Orders
2024-03-04,0.884290235,2854025383.0,103,1417417.6182938614,1253408.558774219,12169.01513373028,0.0004263807605291,Retail Orders
2024-03-05,0.940108982,3034448947.0,108,782868.9548026244,735982.1361388993,6814.649408693512,0.0002245761760279,Retail Orders
2024-03-06,0.92989861,3000570684.0,134,624092.1476683575,580342.4206287204,4330.913586781496,0.0001443363294147,Retail Orders
2024-03-07,0.976701754,3148417430.0,109,357342.35447689216,349016.90439607034,3201.9899485878013,0.0001017015697498,Retail Orders
2024-03-08,0.982661394,3182674689.0,100,723870.1026946749,711319.2041888724,7113.192041888724,0.0002234973013884,Retail Orders
2024-03-09,1.054071727,3401347480.0,106,2872427.555130632,3027744.673718933,28563.62899734843,0.0008397739179928,Normal
2024-03-10,1.053575306,3405740492.0,100,471731.07725027134,497004.21406366426,4970.042140636642,0.0001459313224924,Retail Orders
2024-03-11,1.04115128,3362293936.0,84,455456.6113844002,474199.2339273308,5645.228975325367,0.0001678981398646,Retail Orders
2024-03-12,1.078735091,3488822557.0,93,998635.6028421596,1077263.2679077769,11583.475999008351,0.000332016770981,Retail Orders
2024-03-13,1.038382436,3352519042.0,85,322904.57106335065,335298.4350962972,3944.687471721143,0.0001176633875095,Retail Orders
2024-03-14,1.042071,3363627344.0,87,5934706.233828754,6184385.259792164,71084.88804358809,0.0021133401763542,Normal
2024-03-15,0.985532042,3180379622.0,126,1072737.138260664,1057216.8223992684,8390.609701581496,0.0002638241561963,Retail Orders
2024-03-16,0.885809664,2868767693.0,97,1564781.8720551434,1386098.9043184577,14289.67942596348,0.0004981121148579,Retail Orders
2024-03-17,0.818336186,2650837648.0,92,521563.5677903676,426814.3408221218,4639.286313283933,0.0001750120878501,Retail Orders
2024-03-18,0.869370039,2807837032.0,69,506913.41591724975,440695.3361656026,6386.88892993627,0.0002274665109529,Retail Orders
2024-03-19,0.834253793,2699466171.0,80,31678872.65781043,26428219.672742344,330352.7459092793,0.0122377064568622,Small Whale Orders
2024-03-20,0.788161613,2558333419.0,65,1021218.1521225898,804884.9460018197,12382.84532310492,0.0004840199964219,Retail Orders
2024-03-21,0.842688774,2725805999.0,83,1187675.5833230312,1000840.88122022,12058.323870123131,0.0004423764521226,Retail Orders
2024-03-22,0.83184606,2691507549.0,85,596064.0110746054,495833.4991202068,5833.335283767139,0.000216731150761,Retail Orders
2024-03-23,0.787119404,2541488185.0,84,334048.72957355063,262936.23692889034,3130.1932967725043,0.0001231637949468,Retail Orders
2024-03-24,0.806775619,2613540336.0,88,68519.94489306658,55280.22095494968,628.1843290335191,2.403576177419744e-05,Retail Orders
2024-03-25,0.83998315,2715792449.0,102,623228.8354340233,523501.72035870247,5132.369807438259,0.0001889824021466,Retail Orders
2024-03-26,0.857694118,2769286864.0,261,3107523.5374121824,2665304.659584982,10211.895247452036,0.0003687554142622,Retail Orders
2024-03-27,0.934622616,3017942130.0,426,15471229.243885553,14459760.748656016,33943.100348957785,0.001124710113277,Normal
2024-03-28,1.242948686,4006227074.0,254,16091205.90454587,20000543.23521073,78742.29620161706,0.0019654975803205,Normal
2024-03-29,1.212877357,3928733580.0,200,6007975.9071702,7286937.939208269,36434.68969604134,0.0009273901870444,Normal
2024-03-30,1.180434391,3819954211.0,210,4378453.7623616485,5168477.400495031,24611.79714521444,0.000644295606328,Normal
2024-03-31,1.258865918,4068873895.0,188,6346068.08126462,7988848.820811683,42493.87670644512,0.0010443645540026,Normal
2024-04-01,1.315069637,4252615293.0,167,28163657.283965304,37037170.56101666,221779.46443722548,0.0052151311406485,Small Whale Orders
2024-04-02,1.257304901,4065979997.0,201,4048488.2326979153,5090184.096611917,25324.29898811899,0.0006228338311256,Normal
2024-04-03,1.26928163,4104281958.0,199,29521792.20979708,37471468.53657255,188298.8368671988,0.0045878630852875,Normal
2024-04-04,1.238250461,4004555989.0,209,3430308.595974305,4247581.200337446,20323.35502553802,0.0005075058278961,Normal
2024-04-05,1.408826806,4543954897.0,165,1401489.781898188,1974456.3730732608,11966.402261050063,0.000263347734128,Retail Orders
2024-04-06,1.366028732,4355936080.0,177,1357229.455627266,1854014.4323035644,10474.657809624658,0.0002404685839564,Retail Orders
2024-04-07,1.342565549,4289626379.0,170,552828.5279833683,742208.5361748526,4365.932565734427,0.0001017788539138,Retail Orders
2024-04-08,1.414992073,4504826296.0,206,1292289.348996792,1828579.1848527915,8876.597984722288,0.0001970463987169,Retail Orders
2024-04-09,1.439045427,4695929156.0,154,448953.4416994555,646064.3972135126,4195.223358529303,8.933744993084181e-05,Retail Orders
2024-04-10,1.361000628,4444351392.0,139,1209219.292804005,1645748.2168959673,11839.91522946739,0.0002664036703033,Retail Orders
2024-04-11,1.329785793,4345994273.0,164,1913204.342259054,2544151.953442,15513.121667329267,0.0003569521884487,Retail Orders
2024-04-12,1.271455472,4154968867.0,150,455626.1982673468,579308.422973575,3862.056153157166,9.295030304151656e-05,Retail Orders
2024-04-13,1.155406298,3764696008.0,178,4045119.177086826,4673756.173366696,26257.05715374548,0.0006974549099834,Normal
2024-04-14,1.102189899,3612933023.0,120,1413901.62503667,1558388.0892951032,12986.567410792526,0.0003594466691776,Retail Orders
2024-04-15,1.152954365,3764101619.0,135,3163750.570874357,3647660.030460832,27019.7039293395,0.0007178261020625,Normal
2024-04-16,1.123220271,3660864566.0,97,558678.8929351448,627519.4575245935,6469.272757985499,0.000176714342783,Retail Orders
2024-04-17,1.119449001,3653057358.0,107,718762.1463544099,804617.56669306,7519.790342925794,0.0002058492272632,Retail Orders
2024-04-18,1.148575269,3757272056.0,113,4728315.852037892,5430826.651671386,48060.41284664944,0.0012791305002761,Normal
2024-04-19,1.16822413,3823535320.0,105,2710141.3123572893,3166052.476805653,30152.880731482408,0.000788612585158,Normal
2024-04-20,1.146040252,3741447545.0,105,566984.9231540649,649787.5442116852,6188.45280201605,0.0001654026343436,Retail Orders
2024-04-21,1.189502394,3880132672.0,115,359001.2108184464,427032.7997174408,3713.328693195137,9.570107537794877e-05,Retail Orders
2024-04-22,1.192478872,3892285063.0,92,115548.89683332515,137789.61815664792,1497.7132408331297,3.847902238893979e-05,Retail Orders
2024-04-23,1.233048466,4030613400.0,116,2124416.6006097803,2619508.6305268244,22581.97095281745,0.0005602613972557,Normal
2024-04-24,1.166812142,3806209086.0,102,1241250.564367094,1448306.229767878,14199.080683998804,0.0003730504647321,Retail Orders
2024-04-25,1.101086023,3595183383.0,301,80167.35712406137,88271.15643015344,293.25965591413103,8.157015224892939e-06,Retail Orders
2024-04-26,1.123658426,3669479451.0,287,658667.3676243571,740117.1375623485,2578.805357360099,7.027714398720308e-05,Retail Orders
2024-04-27,1.093300643,3577456988.0,211,196037.0274627109,214327.4081767905,1015.7697069990068,2.839362458881384e-05,Retail Orders
2024-04-28,1.09006751,3558366579.0,151,504309.6862062361,549731.603911713,3640.606648421941,0.0001023111747369,Retail Orders
2024-04-29,1.074761753,3500524434.0,123,409906.7852610568,440552.135093768,3581.724675559089,0.0001023196593279,Retail Orders
2024-04-30,1.039113272,3398467394.0,117,4677152.699574287,4860091.44529827,41539.24312220744,0.0012222934136589,Normal
2024-05-01,0.957759248,3129028087.0,102,729598.7826459213,698779.9814086731,6850.78413145758,0.0002189428774998,Retail Orders
2024-05-02,0.947165901,3115958806.0,88,999368.1848800494,946567.4672626464,10756.448491620984,0.0003452050929206,Retail Orders
2024-05-03,0.994509735,3251461446.0,83,1276456.968454424,1269448.8814365126,15294.564836584488,0.0004703904718107,Retail Orders
2024-05-04,1.039597599,3384967369.0,74,707736.5525777258,735761.2207843409,9942.71919978839,0.0002937316114431,Retail Orders
2024-05-05,1.049771079,3427116148.0,79,649665.5643904778,682000.120519336,8632.912917966278,0.0002519002142079,Retail Orders
2024-05-06,1.066420687,3486384494.0,88,904709.9956585608,964801.4551059692,10963.65289893147,0.0003144705616319,Retail Orders
2024-05-07,1.0430384,3406976232.0,100,2996899.841545826,3125881.615686212,31258.816156862114,0.0009174944005556,Normal
2024-05-08,1.044367871,3416195476.0,171,1684374.2991467312,1759106.4007669888,10287.171934309876,0.000301129487659,Retail Orders
2024-05-09,1.007299684,3292932059.0,106,950480.44943395,957418.656362996,9032.251475122604,0.0002742920689917,Retail Orders
2024-05-10,1.037169909,3387402393.0,93,455521.4833208447,472453.1754034254,5080.141671004574,0.0001499716030638,Retail Orders
2024-05-11,1.008812628,3286847228.0,94,462817.6319825846,466896.271605088,4966.9816128200855,0.0001511168992129,Retail Orders
2024-05-12,1.00730165,3288924581.0,71,149632.86048286097,150725.42725860566,2122.893341670502,6.454673220341936e-05,Retail Orders
2024-05-13,1.006610675,3286435043.0,61,495499.6882071872,498775.2756085262,8176.643862434856,0.0002487998014703,Retail Orders
2024-05-14,0.989327279,3227794342.0,70,488332.4394887035,483120.6036067911,6901.722908668445,0.0002138216434319,Retail Orders
2024-05-15,0.952967751,3106889603.0,80,620700.1680167341,591507.2431602292,7393.840539502865,0.0002379820812546,Retail Orders
2024-05-16,0.997824157,3265482498.0,69,998897.0959167628,996723.652662892,14445.27032844771,0.0004423625095922,Retail Orders
2024-05-17,0.973472571,3176474001.0,75,896407.8501944328,872628.4545933573,11635.046061244764,0.0003662880935774,Retail Orders
2024-05-18,1.005620935,3282975752.0,177,777321.2392148414,781690.5113745874,4416.330572737782,0.0001345221806785,Retail Orders
2024-05-19,0.974766348,3179941891.0,115,514312.5556414388,501334.571593152,4359.431057331756,0.0001370915320707,Retail Orders
2024-05-20,0.941513755,3072508264.0,79,4370452.906944249,4114841.527467746,52086.60161351576,0.0016952469167879,Normal
2024-05-21,1.024895224,3349303796.0,93,4194081.466896285,4298494.064488916,46220.366284827054,0.0013799992207343,Normal
2024-05-22,1.0504948,3433957625.0,92,1707625.730758197,1793851.9505076858,19498.39076638789,0.0005678110476505,Normal
2024-05-23,1.045236114,3416254852.0,69,1076031.277170625,1124706.750692281,16300.097836120014,0.0004771335436692,Retail Orders
2024-05-24,1.004964125,3262703784.0,76,2467194.8486868893,2479442.312315128,32624.240951514832,0.0009999142769717,Normal
2024-05-25,1.009779315,3304003779.0,70,528151.8524262377,533316.8157589474,7618.811653699248,0.0002305933093092,Retail Orders
2024-05-26,1.015852774,3308461571.0,89,467075.6127901552,474480.05692062905,5331.23659461381,0.0001611394444277,Retail Orders
2024-05-27,1.024952356,3337163901.0,50,2073946.188217408,2125696.031830652,42513.92063661303,0.0012739536294238,Normal
2024-05-28,1.034322391,3367473086.0,65,764953.3951112333,791208.4246350185,12172.437302077207,0.0003614709603079,Retail Orders
2024-05-29,1.018031761,3328412404.0,66,1988039.8325528344,2023887.691671907,30664.965025331923,0.0009213090597931,Normal
2024-05-30,1.003664862,3273340134.0,77,585693.889876504,587840.3771571446,7634.290612430449,0.0002332263162368,Retail Orders
2024-05-31,0.997170119,3265375203.0,71,1692953.407076078,1688162.550395508,23776.9373295142,0.0007281533009642,Normal
2024-06-01,0.993562398,3237497204.0,57,433713.0037824505,430920.9320818746,7560.01635231359,0.000233514220274,Retail Orders
2024-06-02,0.998508246,3255888783.0,60,435921.5736075415,435271.28585642605,7254.521430940435,0.0002228123229767,Retail Orders
2024-06-03,0.979230179,3191057496.0,44,458592.8751051286,449067.98317731975,10206.090526757269,0.0003198341157923,Retail Orders
2024-06-04,0.963579889,3145141896.0,53,737088.4214916992,710243.5793641567,13400.8222521539,0.0004260800528331,Retail Orders
2024-06-05,0.967359607,3156214969.0,70,2164870.0145086995,2094207.80644122,29917.254377731715,0.0009478839265251,Normal
2024-06-06,1.036950748,3387669273.0,89,3594167.5058063776,3726974.6835832177,41876.12004026088,0.0012361336560808,Normal
2024-06-07,1.040116599,3396542147.0,63,301527.6834030247,313623.9485655028,4978.15791373814,0.0001465654685938,Retail Orders
2024-06-08,0.957113482,3124796018.0,71,215673.57016326147,206424.0817143305,2907.3814325962044,9.304227910713512e-05,Retail Orders
2024-06-09,0.94047192,3067332047.0,59,269033.8539872914,253018.7852044276,4288.453986515722,0.0001398105559099,Retail Orders
2024-06-10,0.940470668,3069462605.0,47,83599.18822255262,78622.5843919218,1672.8209445089744,5.449882144789885e-05,Retail Orders
2024-06-11,0.921669196,3011140608.0,47,276440.4719080901,254786.66748539,5420.992925221064,0.0001800312117879,Retail Orders
2024-06-12,0.879615891,2869485982.0,79,209844.86109046693,184582.8744598623,2336.4920817704087,8.142545725704851e-05,Retail Orders
2024-06-13,0.897443367,2930791261.0,62,342944.03239056247,307772.8471211435,4964.078179373282,0.0001693767224377,Retail Orders
2024-06-14,0.894934839,2926113295.0,65,1300962.0933245462,1164276.3015345058,17911.943100530858,0.0006121411338083,Normal
2024-06-15,0.889069651,2900879065.0,45,264557.3406817107,235209.9025493766,5226.88672331948,0.0001801828551346,Retail Orders
2024-06-16,0.896946633,2927050632.0,55,510952.6173107142,458297.22971938265,8332.676903988775,0.0002846782632624,Retail Orders
2024-06-17,0.900078144,2938380272.0,50,1014415.7158090672,913053.4147298568,18261.06829459713,0.0006214671555144,Normal
2024-06-18,0.849671785,2770685090.0,74,195263.1720163375,165909.60791188356,2242.021728538967,8.091939919953037e-05,Retail Orders
2024-06-19,0.811480106,2643681475.0,76,610415.4499343402,495339.994016756,6517.631500220474,0.0002465361868233,Retail Orders
2024-06-20,0.823231893,2684773298.0,58,274763.95198410284,226194.4483200341,3899.9042813798974,0.0001452600964217,Retail Orders
2024-06-21,0.818006226,2670586729.0,45,37934.30731121906,31030.49955957452,689.5666568794336,2.5820792464494928e-05,Retail Orders
2024-06-22,0.811487793,2656863892.0,52,939157.3785633584,762114.7484100452,14656.05285403933,0.0005516297954957,Normal
2024-06-23,0.808516879,2646130289.0,53,61940.66390714994,50080.07226539681,944.9070238754116,3.5709013566089434e-05,Retail Orders
2024-06-24,0.782390965,2563463683.0,79,2446095.211587389,1913802.7930757368,24225.35181108528,0.000945024186289,Normal
2024-06-25,0.751841936,2459553470.0,52,569950.2785699668,428512.5208637832,8240.625401226598,0.0003350455886298,Retail Orders
2024-06-26,0.783501344,2558868771.0,46,306891.586758458,240449.97068754447,5227.173275816184,0.0002042767231776,Retail Orders
2024-06-27,0.773686928,2527838839.0,43,210501.6325307267,162862.3614116828,3787.496777015879,0.0001498314179915,Retail Orders
2024-06-28,0.790496945,2581927720.0,124,341493.1887656934,269949.3224575889,2177.010664980556,8.431725830731449e-05,Retail Orders
2024-06-29,0.77554781,2536914045.0,63,245515.4759942525,190408.9897284501,3022.364916324605,0.0001191354875535,Retail Orders
2024-06-30,0.778080644,2541801077.0,44,133370.08594241197,103772.68236040726,2358.4700536456194,9.278735755471628e-05,Retail Orders
2024-07-01,0.790295087,2578993003.0,59,544231.1555067115,430103.208389287,7289.884887954017,0.0002826640041083,Retail Orders
2024-07-02,0.787654536,2570094071.0,67,16910269.039905325,13319450.114261791,198797.7628994297,0.0077350383841039,Small Whale Orders
2024-07-03,0.779307338,2546739004.0,62,1232007.5492970846,960112.5236386148,15485.685865138948,0.0006080593983449,Normal
2024-07-04,0.745049926,2433471789.0,65,859523.4031201359,640387.8478899254,9852.120736768082,0.0004048586378236,Retail Orders
2024-07-05,0.670168923,2183141686.0,85,2488301.831423796,1667582.5584642126,19618.61833487309,0.0008986415522493,Normal
2024-07-06,0.638919243,2087429006.0,75,824364.2483569349,526702.1815164768,7022.695753553024,0.0003364280046587,Retail Orders
2024-07-07,0.668169254,2179590290.0,49,229046.2456279099,153041.65907270132,3123.299164749006,0.0001432975352789,Retail Orders
2024-07-08,0.626082013,2046082178.0,63,1630764.4026808806,1020992.2599591884,16206.226348558546,0.000792061361113,Normal
2024-07-09,0.655501984,2141408885.0,46,2386701.2735782554,1564487.4200458732,34010.59608795377,0.0015882345649254,Normal
2024-07-10,0.656391298,2145193608.0,48,543314.4852699611,356626.90020855155,7429.727087678158,0.0003463429622375,Retail Orders
2024-07-11,0.682739861,2232587691.0,63,1831404.305308933,1250372.7208414222,19847.18604510194,0.0008889767745791,Normal
2024-07-12,0.696576565,2274119117.0,85,830112.3010979455,578236.7752630526,6802.78559133003,0.0002991393696344,Retail Orders
2024-07-13,0.701325307,2291069492.0,97,226108.8741601272,158575.87558577556,1634.8028410904697,7.13554454283864e-05,Retail Orders
2024-07-14,0.724768007,2367016334.0,65,203491.87145493567,147484.39811509397,2268.990740232214,9.585868536859088e-05,Retail Orders
2024-07-15,0.733311811,2395447782.0,73,784422.5860971473,575226.3472002026,7879.812975345241,0.0003289494780289,Retail Orders
2024-07-16,0.787737068,2575002839.0,69,1783088.7443135823,1404605.0994293832,20356.595643904104,0.00079054653205,Normal
2024-07-17,0.770232413,2515676172.0,60,1521529.9311291024,1171931.6703052926,19532.19450508821,0.0007764192674115,Normal
2024-07-18,0.763290914,2497510086.0,85,7930645.306715641,6053389.504772793,71216.34711497404,0.0028514938744064,Normal
2024-07-19,0.84789909,2769952113.0,119,8747631.504594544,7417108.792401045,62328.645314294496,0.0022501705001242,Normal
2024-07-20,0.890877905,2914056014.0,66,1046499.1461692868,932302.9669235832,14125.802529145198,0.0004847471174637,Retail Orders
2024-07-21,0.899051055,2937896527.0,71,96363.14478208468,86635.386979451,1220.2167180204365,4.153368598268663e-05,Retail Orders
2024-07-22,0.884731431,2894469669.0,74,738489.8973751822,653365.2236837881,8829.25977951065,0.0003050389463075,Retail Orders
2024-07-23,0.880057126,2874659521.0,69,1571805.331374965,1383278.4825613291,20047.514240019264,0.0006973874329661,Normal
2024-07-24,0.88980913,2907072749.0,61,223460.34686738843,198837.05683556915,3259.6238825503137,0.0001121273584801,Retail Orders
2024-07-25,0.844594723,2758859319.0,57,1091845.7336602672,922167.1449795252,16178.370964553073,0.0005864152207085,Normal
2024-07-26,0.834772411,2729973659.0,61,417302.369458849,348352.5050691762,5710.696804412724,0.0002091850514962,Retail Orders
2024-07-27,0.85432059,2791892724.0,60,309028.7779141988,264009.6478746373,4400.160797910621,0.0001576049380438,Retail Orders
2024-07-28,0.820523348,2680867554.0,56,386276.962404956,316949.2664477845,5659.808329424724,0.0002111185359,Retail Orders
2024-07-29,0.790409755,2582575680.0,53,610840.4005238052,482814.2113221227,9109.70210041741,0.0003527370822456,Retail Orders
2024-07-30,0.786628928,2570200552.0,50,387469.2172764422,304794.4950191668,6095.889900383336,0.0002371756513568,Retail Orders
2024-07-31,0.773960831,2527041817.0,102,1710221.9065284764,1323644.767971184,12976.909489913569,0.0005135217550661,Normal
2024-08-01,0.722778427,2360715328.0,79,724778.703695781,523854.4113803356,6631.0684984852605,0.0002808923388532,Retail Orders
2024-08-02,0.711861255,2326313518.0,85,384782.00656052073,273911.4020915905,3222.487083430477,0.0001385233356766,Retail Orders
2024-08-03,0.658605534,2150665214.0,60,690907.1689974912,455035.28498202097,7583.921416367016,0.0003526314261744,Retail Orders
2024-08-04,0.644959131,2106439788.0,61,209479.0077317821,135105.39878943245,2214.84260310545,0.0001051462574778,Retail Orders
2024-08-05,0.586114733,1912664715.0,104,1629481.7937817369,955063.286490744,9183.300831641767,0.0004801312409656,Retail Orders
2024-08-06,0.592829612,1936797483.0,80,1420952.1731871646,842382.5255011036,10529.781568763796,0.0005436697259877,Normal
2024-08-07,0.596588205,1948959230.0,50,569404.9186452585,339700.2583327457,6794.005166654915,0.0003485965771923,Retail Orders
2024-08-08,0.572657316,1870780804.0,64,158014.53850357156,90488.18150843396,1413.8778360692804,7.557688388966816e-05,Retail Orders
2024-08-09,0.647753541,2115109661.0,73,491707.3104171148,318505.15145827224,4363.084266551675,0.000206281704774,Retail Orders
2024-08-10,0.624993144,2039839768.0,54,296823.126594772,185512.41910237653,3435.4151685625284,0.0001684159325872,Retail Orders
2024-08-11,0.623262457,2036008296.0,54,359321.7892032742,223951.7811924688,4147.25520726794,0.000203695398266,Retail Orders
2024-08-12,0.604052705,1972351884.0,74,22304828.83708466,13473292.193602994,182071.5161297702,0.0092311882888018,Small Whale Orders
2024-08-13,0.62786895,2053902191.0,58,35605497.69128606,22355586.4496552,385441.1456837104,0.0187662853359169,Small Whale Orders
2024-08-14,0.611842452,1999600499.0,164,3705938.1446618624,2267450.2813902446,13825.916349940517,0.0006914339317706,Normal
2024-08-15,0.609768738,1995163488.0,135,3132276.2609735155,1909964.142721179,14147.8825386754,0.0007091089338677,Normal
2024-08-16,0.585657166,1911833157.0,195,1408218.2213173383,824733.0926062731,4229.400474903965,0.0002212222577801,Retail Orders
2024-08-17,0.589144272,1924418117.0,150,1065274.8317704818,627600.5652433429,4184.003768288952,0.0002174165651075,Retail Orders
2024-08-18,0.601289362,1964041275.0,133,1012390.320442764,608739.5298740052,4576.988946421092,0.0002330393462032,Retail Orders
2024-08-19,0.589688897,1924683194.0,111,3943960.127454257,2325709.49737048,20952.337814148468,0.0010886122910754,Normal
2024-08-20,0.603613498,1974374969.0,107,410586.38174071687,247835.4821136774,2316.219459006331,0.0001173140611775,Retail Orders
2024-08-21,0.59194252,1933782514.0,60,228630.335510912,135336.01695077473,2255.600282512912,0.0001166418801588,Retail Orders
2024-08-22,0.605293649,1976802359.0,80,454500.5938045517,275106.32289662387,3438.8290362077983,0.0001739591730327,Retail Orders
2024-08-23,0.609453212,1990573474.0,88,662748.5236549766,403914.2164897835,4589.934278292994,0.0002305835146627,Retail Orders
2024-08-24,0.648117457,2117252843.0,70,243696.1524936075,157943.73063484108,2256.3390090691582,0.0001065691807442,Retail Orders
2024-08-25,0.64402199,2098334738.0,54,149311.46276128283,96159.86537733224,1780.738247728375,8.486435531376e-05,Retail Orders
2024-08-26,0.626583997,2045875348.0,52,979482.0366970564,613727.7695433423,11802.457106602737,0.0005768903329394,Normal
2024-08-27,0.615810733,2010167113.0,57,1998943.621742937,1230970.9369311929,21595.98134967005,0.0010743376115351,Normal
2024-08-28,0.581989957,1902584712.0,58,664348.6937010029,386644.2676800528,6666.2804772422905,0.0003503802188252,Retail Orders
2024-08-29,0.603892924,1977729627.0,37,167680.55676921798,101261.10172531106,2736.786533116516,0.0001383802161707,Retail Orders
2024-08-30,0.596814113,1948970767.0,39,686143.4472138332,409500.0928396862,10500.002380504777,0.0005387460170409,Normal
2024-08-31,0.606506154,1981445586.0,41,426948.57736926514,258946.9396160044,6315.779015024498,0.0003187460235925,Retail Orders
2024-09-01,0.604390725,1974416613.0,31,21166.0229463053,12792.547953884095,412.6628372220676,2.090049458179208e-05,Retail Orders
2024-09-02,0.581098936,1899265155.0,42,172829.94100838757,100431.29482891675,2391.221305450399,0.0001259024470151,Retail Orders
2024-09-03,0.602148404,1965762522.0,31,303942.7576427533,183018.64642194269,5903.827303933635,0.0003003326819928,Retail Orders
2024-09-04,0.577423364,1891275328.0,38,225211.1672541826,130042.18980627676,3422.1628896388625,0.0001809447222714,Retail Orders
2024-09-05,0.572566537,1870583513.0,93,3258139.00123665,1865501.365002708,20059.154462394705,0.0010723474425487,Normal
2024-09-06,0.561355748,1835406017.0,29,657540.1177092348,369113.92461667553,12728.06636609226,0.0006934741549391,Normal
2024-09-07,0.535087132,1747961440.0,36,41642.42067254902,22282.32344721177,618.9534290892157,3.54100162008846e-05,Retail Orders
2024-09-08,0.541122813,1767745150.0,36,58776.058872659545,31805.066314227137,883.4740642840871,4.997745655158987e-05,Retail Orders
2024-09-09,0.548773229,1798022061.0,32,321484.0256121221,176421.82680708295,5513.182087721342,0.0003066248299898,Retail Orders
2024-09-10,0.562461458,1839779256.0,35,50056400.15628181,28154795.8141337,804422.7375466771,0.0437238725745626,Small Whale Orders
2024-09-11,0.568745169,1856591135.0,48,236585.8862873124,134557.0798794923,2803.2724974894227,0.0001509902985446,Retail Orders
2024-09-12,0.558302669,1825742768.0,37,528827.9577733738,295246.06026669394,7979.623250451187,0.0004370617477067,Retail Orders
2024-09-13,0.566063365,1849220438.0,73,207118.0499680421,117241.94031714808,1606.053976947234,8.685032589647563e-05,Retail Orders
2024-09-14,0.5749334,1878562652.0,29,2061349.656713776,1185138.766723284,40866.854024940825,0.0021754320507454,Normal
2024-09-15,0.576686997,1883126880.0,29,170084.2467654009,98085.37350414605,3382.2542587636563,0.0001796084106007,Retail Orders
2024-09-16,0.558160217,1823700600.0,30,417172.8530791619,232849.29020117407,7761.6430067058045,0.0004255985333725,Retail Orders
2024-09-17,0.555906909,1817818487.0,19,202822.60858289123,112750.48941263193,5934.236284875365,0.0003264482305199,Retail Orders
2024-09-18,0.561325887,1833833004.0,35,468163.9383469927,262792.53795403894,7508.358227258255,0.0004094352217939,Retail Orders
2024-09-19,0.578149789,1882796501.0,45,301498.3179929377,174311.18893147184,3873.58197625493,0.0002057355627226,Retail Orders
2024-09-20,0.601796207,1966127666.0,37,375362.829790464,225891.92721668788,6105.187222072645,0.0003105183517657,Retail Orders
2024-09-21,0.60696443,1982924226.0,32,174874.1401498987,106142.3827978234,3316.949462431981,0.0001672756537511,Retail Orders
2024-09-22,0.618656925,2021519724.0,36,240614.3164915835,148857.71315165985,4134.936476434996,0.0002045459377588,Retail Orders
2024-09-23,0.630421293,2059884137.0,25,531786.809750618,335249.72820332955,13409.989128133182,0.0006510069613751,Normal
2024-09-24,0.632695278,2064379129.0,37,674260.3166447039,426601.318483889,11529.765364429431,0.0005585100722276,Normal
2024-09-25,0.631940973,2063754804.0,33,80322658.42993271,50759178.92215833,1538156.937035101,0.0745319615515284,Big Whale Orders
2024-09-26,0.626242187,2046084425.0,28,421736.36521658674,264109.10369066603,9432.467988952358,0.0004610009183248,Retail Orders
2024-09-27,0.646156472,2110812114.0,31,523004.21233196254,337942.5566815598,10901.37279617935,0.0005164539621445,Normal
2024-09-28,0.655532844,2140435366.0,36,698358.6737586483,457797.047541075,12716.58465391875,0.0005941120603741,Normal
2024-09-29,0.641048361,2091644345.0,24,153963.3599727624,98697.95956459234,4112.414981858015,0.0001966115793867,Retail Orders
2024-09-30,0.643374188,2101716239.0,30,642336.3131814233,413262.603916012,13775.420130533732,0.0006554367271334,Normal
2024-10-01,0.62436573,2035175936.0,27,1063920.702414788,664275.6260253219,24602.80096390081,0.0012088783347279,Normal
2024-10-02,0.58231768,1904372367.0,34,793067.9205785812,461817.4715937436,13582.866811580694,0.0007132463717155,Normal
2024-10-03,0.573557491,1872140954.0,36,328312.9167743792,188306.3328080048,5230.731466889021,0.0002793983784027,Retail Orders
2024-10-04,0.56818609,1856073711.0,33,469361.2574238048,266684.5376531151,8081.349625851973,0.0004354002525846,Retail Orders
2024-10-05,0.58865729,1922708792.0,16,179853.55753949445,105872.10777805786,6617.0067361286165,0.000344150230324,Retail Orders
2024-10-06,0.594778904,1942429431.0,27,143491.86153778486,85345.93213836342,3160.9604495690155,0.0001627323185657,Retail Orders
2024-10-07,0.60547731,1979358272.0,36,593671.753626866,359454.7764089776,9984.854900249376,0.0005044490955222,Normal
2024-10-08,0.591966634,1934019673.0,28,55103.4538030124,32619.406069543747,1164.978788197991,6.023613950063428e-05,Retail Orders
2024-10-09,0.605531747,1976343467.0,24,26032851.996750783,15763718.348984938,656821.5978743724,0.0332341826631682,Small Whale Orders
2024-10-10,0.582956584,1904446161.0,27,26128549.616653267,15231810.029398698,564141.1121999518,0.0296223187482353,Small Whale Orders
2024-10-11,0.587128623,1918465638.0,21,26039090.54233739,15288295.374294875,728014.0654426132,0.0379477250476879,Small Whale Orders
2024-10-12,0.596075145,1948717019.0,20,133473.09697101454,79559.99563059655,3977.999781529828,0.0002041342967062,Retail Orders
2024-10-13,0.608802441,1990000155.0,23,382064.61786455626,232601.8719756741,10113.124868507568,0.00050819718999,Normal
2024-10-14,0.60641226,1981989428.0,19,45028062.68495222,27305569.25620355,1437135.2240107132,0.0725097320756603,Big Whale Orders
2024-10-15,0.64366039,2102663217.0,38,2641191.544364027,1700030.3795100525,44737.64156605401,0.0021276655816466,Normal
2024-10-16,0.62351635,2037226566.0,32,4988619.497207441,3110485.820437619,97202.6818886756,0.0047713240888826,Normal
2024-10-17,0.622773214,2096720353.0,32,81796.36435284023,50940.58472153333,1591.8932725479167,7.592301330362087e-05,Retail Orders
2024-10-18,0.615331737,2070324171.0,43,270448.75412936765,166415.7016479097,3870.132596463016,0.0001869336527425,Retail Orders
2024-10-19,0.616564082,2076656431.0,24,102810.09502174688,63389.01185741613,2641.2088273923387,0.0001271856426496,Retail Orders
2024-10-20,0.616086876,2074450603.0,32,402367.84337743575,247893.54762926168,7746.6733634144275,0.000373432529664,Retail Orders
2024-10-21,0.625538636,2105117618.0,40,316580.7736159324,198033.50531153512,4950.837632788378,0.0002351810459641,Retail Orders
2024-10-22,0.604792201,2037311057.0,38,434028.8672323512,262497.27391099045,6907.822997657643,0.0003390657000521,Retail Orders
2024-10-23,0.608018256,2045670705.0,31,274325.1512770476,166794.70005640664,5380.474195367956,0.0002630176099318,Retail Orders
2024-10-24,0.593117084,1997011267.0,41,398033.2134260023,236080.29888238013,5758.056070301955,0.0002883336797068,Retail Orders
2024-10-25,0.598795899,2013197013.0,51,285688.1428503301,171068.8883317038,3354.291928072624,0.0001666151850222,Retail Orders
2024-10-26,0.573779329,1928234129.0,68,458921.07258891326,263319.4250940269,3872.344486676866,0.000200823355859,Retail Orders
2024-10-27,0.582043976,1959749568.0,83,57292.58361902876,33346.803164931975,401.7687128305057,2.050102316085857e-05,Retail Orders
2024-10-28,0.585121653,1969239834.0,42,293002.6972433492,171442.222544487,4081.9576796306433,0.0002072859592393,Retail Orders
2024-10-29,0.58539586,1968080425.0,62,175860.10496013612,102947.77738282915,1660.448022303696,8.436891100645422e-05,Retail Orders
2024-10-30,0.602792462,2029306536.0,45,423451.7319343382,255253.51203086376,5672.300267352528,0.0002795191444331,Retail Orders
2024-10-31,0.604789414,2040326204.0,33,822748.9898099974,497589.8794162803,15078.481194432738,0.0007390230623354,Normal
2024-11-01,0.597760158,2012836533.0,39,315142.99468661775,188379.9262964658,4830.2545204222,0.000239972518445,Retail Orders
2024-11-02,0.577129836,1944292118.0,36,219827.4994195185,126869.0086882768,3524.139130229911,0.0001812556404258,Retail Orders
2024-11-03,0.572666256,1928015756.0,33,365644.3901160945,209392.2039151872,6345.218300460218,0.0003291061434904,Retail Orders
2024-11-04,0.560029693,1885436099.0,32,78656.01827311207,44049.70576609335,1376.5533051904172,7.300980955655381e-05,Retail Orders
2024-11-05,0.550871502,1854375746.0,32,226028.1627226165,124512.47349330816,3891.01479666588,0.0002098288227215,Retail Orders
2024-11-06,0.561173461,1892324347.0,37,303215.8673992449,170156.69773855136,4598.829668609496,0.0002430254451833,Retail Orders
2024-11-07,0.60112022,2022529677.0,103,14627728.10579032,8793023.137052862,85369.15667041614,0.0042209099644482,Normal
2024-11-08,0.669129302,2251670324.0,52,2442844.885323145,1634579.0930105462,31434.213327125886,0.0013960397750983,Normal
2024-11-09,0.671489118,2259526472.0,123,2140061.070805795,1437027.7209015188,11683.152202451372,0.0005170619750301,Normal
2024-11-10,0.805171992,2710807780.0,115,6769188.132275814,5450360.692687277,47394.44080597632,0.0017483512167718,Normal
2024-11-11,0.785090241,2637448833.0,75,35861728.221744634,28154692.852286,375395.9046971467,0.0142332962065522,Small Whale Orders
2024-11-12,0.80663037,2725494799.0,62,834208.2515333057,672897.7105913635,10853.188880505862,0.0003982098547569,Retail Orders
2024-11-13,0.736858959,2482452717.0,50,223936.60367575684,165009.69266651376,3300.193853330275,0.0001329408544513,Retail Orders
2024-11-14,0.706070695,2381818725.0,59,7464330.773331878,5270345.216836326,89327.88503112417,0.0037504065315098,Normal
2024-11-15,0.700055093,2352017713.0,70,5954334.948002883,4168362.505777308,59548.03579681869,0.0025317851760931,Normal
2024-11-16,0.732623902,2468830285.0,70,1732303.0633068774,1269126.6296864375,18130.380424091964,0.0007343712742932,Normal
2024-11-17,0.750055324,2526265412.0,51,6220309.655780557,4665576.374246813,91481.889691114,0.0036212303448626,Normal
2024-11-18,0.710287539,2393277268.0,35,199680.3267308474,141830.4478603695,4052.298510296271,0.0001693200601734,Retail Orders
2024-11-19,0.742352598,2498237219.0,69,800837.6918008951,594503.9410847177,8615.999146155329,0.0003448831472298,Retail Orders
2024-11-20,0.736111062,2478054639.0,47,946757.2204944112,696918.4630343092,14828.052404985305,0.0005983747158605,Normal
2024-11-21,0.721313685,2427193597.0,91,1931686.2594157383,1393351.7340430324,15311.5575169564,0.0006308337965245,Normal
2024-11-22,0.796825382,2680053489.0,82,1451217.6144974176,1156367.0300370334,14102.036951671138,0.0005261849067397,Normal
2024-11-23,0.862779622,2904526464.0,61,1620996.32392467,1398562.5956191162,22927.25566588715,0.0007893629460794,Normal
2024-11-24,0.866292806,2912909587.0,71,2028471.261277038,1757250.0608220445,24750.000856648512,0.0008496659479959,Normal
2024-11-25,0.854766588,2880964311.0,52,231994.91471175343,198301.5016815165,3813.4904169522406,0.0001323685407136,Retail Orders
2024-11-26,0.835760367,2817405609.0,62,1456719.9792707346,1217468.8244915416,19636.59394341196,0.0006969743327224,Normal
2024-11-27,0.812264755,2730654567.0,58,999507.9932604852,811865.1152662695,13997.674401142578,0.0005126124179273,Normal
2024-11-28,0.877150697,2953260470.0,70,5707225.468775346,5006096.797872447,71515.66854103495,0.0024215835097347,Normal
2024-11-29,0.868748975,2924734500.0,68,507129.2571820552,440568.0223694218,6478.941505432675,0.0002215223811061,Retail Orders
2024-11-30,0.877716434,2954957804.0,61,504276.7574999631,442611.9973419504,7255.934382654924,0.0002455512011993,Retail Orders
2024-12-01,0.906835319,3054239244.0,76,487164.39782259247,441777.8821048936,5812.866869801231,0.0001903212684212,Retail Orders
2024-12-02,0.928835228,3131547473.0,93,3495711.734556156,3246940.2059887424,34913.33554826605,0.0011148908279145,Normal
2024-12-03,0.909789674,3063162944.0,93,1299940.3060506943,1182672.2672613214,12716.9060995841,0.0004151560439999,Retail Orders
2024-12-04,0.908739632,3067324616.0,188,2773397.896824727,2520296.5841500764,13405.8328944153,0.0004370529556763,Retail Orders
2024-12-05,1.052279832,3541413753.0,148,10601632.298654608,11155883.854154048,75377.59360914896,0.0021284605207537,Normal
2024-12-06,1.122926279,3771597576.0,126,3855167.654606871,4329069.069308851,34357.69102626072,0.0009109585615626,Normal
2024-12-07,1.146601191,3861061824.0,123,6314009.588152251,7239650.913760791,58858.950518380414,0.0015244239331398,Normal
2024-12-08,1.160077123,3912811385.0,175,5749216.432874702,6669534.458953607,38111.625479734896,0.0009740215341285,Normal
2024-12-09,1.257394437,4228106399.0,144,4763463.262424396,5989552.207026308,41594.11254879381,0.0009837527399649,Normal
2024-12-10,1.140044421,3838141497.0,116,2333743.374881896,2660571.1145798173,22935.95788430877,0.0005975797896517,Normal
2024-12-11,1.185572114,3991656584.0,126,3563836.654281908,4225185.356167689,33533.21711244198,0.0008400827177081,Normal
2024-12-12,1.358082736,4568851240.0,101,3349667.652028484,4549125.809557539,45040.8495995796,0.0009858243841526,Normal
2024-12-13,1.270496194,4269170400.0,94,1652836.3975803142,2099922.35243046,22339.599493941063,0.0005232772974801,Normal
2024-12-14,1.259261573,4238375414.0,99,1902890.032592216,2396236.2956880955,24204.40702715248,0.0005710774686735,Normal
2024-12-15,1.232337278,4151784066.0,97,816440.3932417781,1006129.9318568225,10372.473524297138,0.0002498317195549,Retail Orders
2024-12-16,1.242062046,4180948658.0,86,1083982.506992855,1346373.530463755,15655.506168183196,0.000374448658637,Retail Orders
2024-12-17,1.212187166,4086953043.0,110,599929.927378475,727227.3584674995,6611.157804249995,0.0001617625094952,Retail Orders
2024-12-18,1.187613492,3995872225.0,115,1677594.9468593986,1992334.3930012449,17324.646895662998,0.0004335635856239,Retail Orders
2024-12-19,1.093628196,3693202000.0,117,2015186.9051754265,2203865.219709825,18836.45486931474,0.0005100304524181,Normal
2024-12-20,1.171992668,3954258082.0,113,7641304.740957801,8955553.130356181,79252.68256952373,0.0020042364692958,Normal
2024-12-21,1.273972178,4288366285.0,104,1344193.5431631245,1712465.1758370623,16466.0113061256,0.0003839693303186,Retail Orders
2024-12-22,1.158425044,3903385191.0,108,1068392.4844639406,1237652.6108244094,11459.746396522309,0.0002935848202464,Retail Orders
2024-12-23,1.162469212,3917250664.0,81,791934.083388529,920598.9898726057,11365.419628056858,0.0002901376654934,Retail Orders
2024-12-24,1.207928063,4064329416.0,82,318032.5801585441,384160.47852180246,4684.883884412226,0.0001152683113226,Retail Orders
2024-12-25,1.246647857,4189729458.0,79,2717067.740868077,3387226.676477019,42876.287044012905,0.0010233664840135,Normal
2024-12-26,1.235807997,4165746079.0,67,2751916.691453205,3400840.6543756523,50758.81573695003,0.0012184807900997,Normal
2024-12-27,1.172218447,3955846452.0,78,826925.1716860344,969336.9405390118,12427.396673577075,0.0003141526554271,Retail Orders
2024-12-28,1.191506108,4009206349.0,69,244303.8556962743,291089.5362700614,4218.688931450165,0.0001052250386788,Retail Orders
2024-12-29,1.209140353,4071712362.0,67,203644.6305864041,246234.9405137993,3675.148365877601,9.026051054530756e-05,Retail Orders
2024-12-30,1.202573015,4049012265.0,84,849396.1230848588,1021460.8566674698,12160.248293660356,0.0003003262894206,Retail Orders
2024-12-31,1.206452655,4053597700.0,82,809537.9390489692,976669.1958888572,11910.599949864112,0.0002938278741835,Retail Orders
2025-01-01,1.249181661,4201136853.0,71,300445.47395606706,375310.97619637207,5286.070087272846,0.0001258247534473,Retail Orders
2025-01-02,1.253368137,4217739864.0,103,1458521.8379361066,1828064.798787794,17748.201929978582,0.0004207988757549,Retail Orders
2025-01-03,1.348783124,4540720306.0,98,26693686.070930965,36003993.28982556,367387.68663087307,0.0080909561010709,Small Whale Orders
2025-01-04,1.375650378,4633456491.0,77,1402780.291159871,1929735.237785027,25061.496594610737,0.0005408812329044,Normal
2025-01-05,1.380635659,4648554899.0,86,522263.5236643504,721055.6441659924,8384.367955418516,0.0001803650411275,Retail Orders
2025-01-06,1.398424949,4701496874.0,107,21698608.740207143,30343875.820895128,283587.62449434696,0.0060318581952618,Small Whale Orders
2025-01-07,1.355399985,4561212718.0,131,876677.1637728993,1188248.2146276303,9070.597058226183,0.0001988637149596,Retail Orders
2025-01-08,1.272314859,4281916565.0,119,2701301.5254656896,3436906.069489364,28881.56360915432,0.0006745008495781,Normal
2025-01-09,1.209795526,4075223372.0,43,45060166.63309088,54513587.99352783,1267757.8603146006,0.0311089170970381,Small Whale Orders
2025-01-10,1.147200132,3866820989.0,91,598767.8047981621,686906.5047018017,7548.423128591227,0.0001952100485143,Retail Orders
2025-01-11,1.182654293,3983071137.0,92,154266.42933136655,182443.85491452177,1983.085379505672,4.978784739956482e-05,Retail Orders
2025-01-12,1.165557368,3921565969.0,70,286128.29136028275,333498.9381882283,4764.270545546118,0.0001214889812694,Retail Orders
2025-01-13,1.14104138,3836810750.0,157,506086.2934196947,577465.4026426934,3678.123583711423,9.586408669521744e-05,Retail Orders
2025-01-14,1.098495338,3691362098.0,53,343973.7669757987,377853.5794172133,7129.312819192704,0.0001931350170999,Retail Orders
2025-01-15,1.106056534,3723436397.0,63,150153.3559879731,166078.10049252564,2636.1603252781847,7.079912328842675e-05,Retail Orders
2025-01-16,1.145993526,3852531545.0,48,777079.4372775807,890528.0043078306,18552.66675641314,0.0004815707941571,Retail Orders
2025-01-17,1.118771663,3763322692.0,56,4083233.3572023422,4568205.773454337,81575.10309739888,0.0021676350866963,Normal
2025-01-18,1.132548687,3811514995.0,50,244863.3124258672,277319.6229823867,5546.392459647734,0.0001455167424744,Retail Orders
2025-01-19,1.063122347,3576576711.0,62,4348374.808099137,4622854.431622029,74562.1682519682,0.0020847356082884,Normal
2025-01-20,0.953188748,3225766675.0,69,9296537.585042598,8861355.021421697,128425.43509306808,0.0039812375795303,Normal
2025-01-21,1.028423435,3460418571.0,70,1466588.2548062005,1508273.7307384482,21546.76758197783,0.0006226636211743,Normal
2025-01-22,1.089600199,3656532928.0,69,1010283.740214456,1100805.3643841352,15953.70093310341,0.0004363067760428,Retail Orders
2025-01-23,1.103940613,3712345733.0,110,761113.2221876462,840223.7970642353,7638.398155129412,0.0002057566483431,Retail Orders
2025-01-24,1.231909465,4144993343.0,78,1359932.9981990643,1675314.3322472556,21478.38887496481,0.0005181766796136,Normal
2025-01-25,1.176768498,3951906885.0,54,925387.857439343,1088967.2790663338,20166.060723450624,0.0005102868389939,Normal
2025-01-26,1.194468397,4019646082.0,39,314244.2648471659,375354.8432984378,9624.483161498403,0.0002394360838034,Retail Orders
2025-01-27,1.153002334,3878463999.0,106,6680257.725012956,7702352.748661468,72663.70517605159,0.0018735175882717,Normal
2025-01-28,1.122546047,3773837461.0,51,1097578.5555531285,1232082.468808134,24158.47978055165,0.0006401568703001,Normal
2025-01-29,1.073793608,3615601657.0,39,230810.26269009328,247842.58473742305,6354.938070190335,0.0001757643311698,Retail Orders
2025-01-30,1.07770301,3629629049.0,38,542999.8732130858,585192.597791361,15399.805205035816,0.0004242804153575,Retail Orders
2025-01-31,1.16329755,3918258102.0,81,1653054.9851720526,1922994.8142659352,23740.67671933253,0.0006058987463642,Normal
2025-02-01,1.233116197,4149946795.0,56,2164395.0045482186,2668950.536814297,47659.83101454102,0.0011484443866114,Normal
2025-02-02,1.156093916,3895601820.0,47,1247898.4408878104,1442687.7952962832,30695.485006303898,0.00078795232225,Normal
2025-02-03,1.051774497,3541432726.0,86,1335037.8186058924,1404158.7301401896,16327.427094653369,0.0004610401596727,Retail Orders
2025-02-04,1.227845769,4134233993.0,48,1084927.8140013088,1332124.0260919258,27752.58387691512,0.0006712872063822,Normal
2025-02-05,1.146722016,3830377607.0,52,1298912.4448131989,1489491.49732368,28644.06725622461,0.0007478131452073,Normal
2025-02-06,1.141323781,3832191775.0,625,167879.92051981183,191605.3456416512,306.56855302664184,7.999822843590385e-06,Retail Orders
2025-02-07,1.091699089,3671797963.0,62,113770.23761153774,124202.86475582929,2003.2720121907944,5.455833987537932e-05,Retail Orders
2025-02-08,1.054056097,3553261663.0,81,1445498.5314379882,1523636.5402667576,18810.327657614293,0.0005293820000222,Normal
2025-02-09,1.049069493,3527994453.0,44,741952.7654195859,778360.0114486729,17690.00026019711,0.0005014180293042,Normal
2025-02-10,1.028820997,3461788023.0,45,252002.8697717776,259265.84372546143,5761.463193899142,0.0001664302711668,Retail Orders
2025-02-11,1.021708855,3438535964.0,63,462853.8463417884,472901.8733782146,7506.378942511343,0.0002183015975723,Retail Orders
2025-02-12,1.016053993,3423308121.0,40,203080.6485001841,206340.9038096415,5158.522595241037,0.0001506882352656,Retail Orders
2025-02-13,1.049536042,3525920980.0,52,174484.1854538489,183127.44139282656,3521.6815652466644,9.987976432888364e-05,Retail Orders
2025-02-14,1.034627508,3485506908.0,43,72260.79855149469,74763.00993142296,1738.6746495679758,4.988297815670191e-05,Retail Orders
2025-02-15,1.038871655,3495456620.0,51,297314.44890792685,308871.5535923909,6056.304972399822,0.0001732621980701,Retail Orders
2025-02-16,1.03264765,3474319963.0,44,114858.90717159308,118608.78057231376,2695.6541039162216,7.758796347555113e-05,Retail Orders
2025-02-17,1.022383754,3436383053.0,31,264321.0634307106,270237.56109156203,8717.340680372969,0.0002536777927816,Retail Orders
2025-02-18,1.067294378,3589394494.0,64,355293.77432614774,379203.0478766982,5925.047623073409,0.0001650709509076,Retail Orders
2025-02-19,1.046753337,3518748771.0,41,15719571.58611722,16454514.013978582,401329.61009703856,0.0114054635956003,Small Whale Orders
2025-02-20,1.02628312,3451069833.0,42,275645.9474905061,282890.7830059128,6735.494833474114,0.0001951712123894,Retail Orders
2025-02-21,1.031290779,3469297094.0,235,1884073.9113897453,1943028.051770708,8268.204475620034,0.0002383250627315,Retail Orders
2025-02-22,0.897011717,3016770097.0,167,1428266.053176069,1281171.384692279,7671.68493827712,0.0002543012789044,Retail Orders
2025-02-23,0.902594722,3034556941.0,58,451093.4516013234,407154.568544117,7019.906354208913,0.0002313321677824,Retail Orders
2025-02-24,0.913753609,3071585188.0,76,2570201.6549673784,2348531.0380842146,30901.724185318613,0.0010060513478852,Normal
2025-02-25,0.809567983,2718763138.0,66,30426447.45033648,24632277.692224395,373216.3286700666,0.0137274308104903,Small Whale Orders
2025-02-26,0.802036207,2700626499.0,53,192245.75118130888,154188.05308932273,2909.2085488551456,0.0001077234689777,Retail Orders
2025-02-27,0.752003403,2532869155.0,45,241054.3817997988,181273.71542151,4028.3047871446656,0.0001590411719133,Retail Orders
2025-02-28,0.756292227,2543242193.0,36,622545.513714469,470826.3329759748,13078.509249332634,0.000514245528221,Normal
2025-03-01,0.715118995,2407152243.0,44,263469.0882013832,188411.7495681395,4282.085217457716,0.0001778900869236,Retail Orders
2025-03-02,0.745401617,2506447163.0,40,329826.25834521366,245853.026299582,6146.3256574895495,0.0002452206353367,Retail Orders
2025-03-03,0.789007272,2655446626.0,27,102607.27645077652,80957.88727977702,2998.440269621371,0.0001129166084628,Retail Orders
2025-03-04,0.73298907,2467656055.0,38,1636949.9379486935,1199866.4126535703,31575.431911936063,0.0012795718369242,Normal
2025-03-05,0.72560017,2440378722.0,38,260639.02272179563,189119.7191955688,4976.834715672863,0.0002039369820268,Retail Orders
2025-03-06,0.745757984,2508830296.0,59,3796540.0962846777,2831300.088380428,47988.13709119369,0.0019127693558111,Normal
2025-03-07,0.726256432,2443650612.0,59,170215.5682351147,123620.15125728694,2095.2568009709653,8.5742895923084e-05,Retail Orders
2025-03-08,0.707238101,2379323971.0,32,141424.52002850184,100020.8089797941,3125.650280618566,0.0001313671580127,Retail Orders
2025-03-09,0.708939117,2384160495.0,50,270572.32974898675,191819.3085368795,3836.3861707375895,0.0001609114058715,Retail Orders
2025-03-10,0.66442659,2240379103.0,60,587771.5235478925,390531.0290900308,6508.850484833847,0.0002905245132896,Retail Orders
2025-03-11,0.688946339,2313088586.0,66,453317.9378545675,312311.73368793377,4731.995964968693,0.0002045747834133,Retail Orders
2025-03-12,0.714499992,2400283478.0,69,1323760.3110042624,945826.7316224632,13707.6337916299,0.0005710839539274,Normal
2025-03-13,0.751786031,2529759211.0,58,556769.8202303608,418571.7733315664,7216.754712613214,0.0002852743724079,Retail Orders
2025-03-14,0.726288799,2445118036.0,45,306240.86625211115,222419.31095496545,4942.651354554788,0.0002021436708487,Retail Orders
2025-03-15,0.731944498,2462427404.0,54,378735.7021890677,277213.5134134547,5133.583581730642,0.0002084765452736,Retail Orders
2025-03-16,0.80074909,2701843495.0,118,524738.0003435179,420183.4762634916,3560.8769174872173,0.0001317943442718,Retail Orders
2025-03-17,0.814576857,2739469180.0,75,550624.1949655201,448525.7261231686,5980.343014975581,0.0002183029857987,Retail Orders
2025-03-18,0.814432013,2740346361.0,75,293765.3869329157,239251.93542949844,3190.025805726646,0.0001164095842454,Retail Orders
2025-03-19,0.813057844,2736363600.0,75,275653.6391275833,224122.35351982687,2988.298046931026,0.0001092069068208,Retail Orders
2025-03-20,0.820513432,2761643654.0,46,595373.0478231728,488511.5827896916,10619.81701716721,0.0003845469708514,Retail Orders
2025-03-21,0.790997625,2664848840.0,34,285434.718399078,225778.1843462145,6640.534833712191,0.0002491899252984,Retail Orders
2025-03-22,0.78068294,2627455240.0,44,135196.9720070258,105545.9695855426,2398.772036035059,9.129639963096228e-05,Retail Orders
2025-03-23,0.788282675,2652284134.0,33,215651.7688967263,169994.55325439322,5151.350098617976,0.0001942231615603,Retail Orders
2025-03-24,0.790544938,2659772716.0,128,475331.195000244,375770.6700809338,2935.708360007296,0.0001103744068937,Retail Orders
2025-03-25,0.843754169,2831933540.0,80,134731.4599613091,113680.23103781114,1421.0028879726392,5.017783319776068e-05,Retail Orders
2025-03-26,0.846298412,2848393596.0,58,486155.0837869408,411432.2753946149,7093.659920596809,0.000249040720024,Retail Orders
2025-03-27,0.841979814,2833328453.0,45,167470.76137829295,141007.00051573347,3133.488900349633,0.0001105939163894,Retail Orders
2025-03-28,0.840655208,2829744628.0,53,406619.2412756247,341826.5828513625,6449.55816700684,0.0002279201488073,Retail Orders
2025-03-29,0.83230731,2799503561.0,39,134413.43518154195,111873.28466380856,2868.545760610476,0.0001024662301049,Retail Orders
2025-03-30,0.808718489,2720534073.0,34,186478.4372894481,150808.56003580376,4435.545883405993,0.00016303952696,Retail Orders
2025-03-31,0.792904776,2667416503.0,51,196672.8546018552,155942.8457233645,3057.7028573208727,0.0001146316240407,Retail Orders
2025-04-01,0.792893066,2664942032.0,57,145193.8070336673,115123.16282313682,2019.704610932225,7.578793784930722e-05,Retail Orders
2025-04-02,0.801585895,2697909786.0,36,122541.59475044362,98227.61390276164,2728.544830632268,0.0001011355103417,Retail Orders
2025-04-03,0.777733588,2616835833.0,65,185440.4473143726,144223.26445013197,2218.8194530789533,8.479016624192464e-05,Retail Orders
2025-04-04,0.749585788,2528181590.0,44,271933.46153900604,203837.45805128355,4632.669501165536,0.0001832411690477,Retail Orders
2025-04-05,0.74038222,2489963357.0,37,113077.78415422748,83720.78086478777,2262.723807156426,9.087377935885128e-05,Retail Orders
2025-04-06,0.741587917,2490984946.0,50,50185.16704465636,37216.71349294376,744.3342698588752,2.988112276849044e-05,Retail Orders
2025-04-07,0.704713935,2384250032.0,51,632129.7936235431,445470.67429518496,8734.719103827156,0.0003663508015768,Retail Orders
2025-04-08,0.694206308,2347306707.0,52,120205.32298113342,83447.29346868019,1604.7556436284651,6.836582704948004e-05,Retail Orders
2025-04-09,0.673031574,2264451635.0,56,584811.2287347685,393596.4217682352,7028.5075315756285,0.0003103845285516,Retail Orders
2025-04-10,0.712217942,2394561362.0,44,35160.046792662506,25041.616167293792,569.127640165768,2.3767511210922475e-05,Retail Orders
2025-04-11,0.682954547,2298857261.0,39,295631.90784974775,201903.15570427023,5177.003992417185,0.0002251990186709,Retail Orders
2025-04-12,0.699289603,2352862188.0,51,525683.6980874921,367605.1445391742,7207.944010572043,0.0003063479045791,Retail Orders
2025-04-13,0.706822335,2376581027.0,34,61547.78195462844,43503.34695524133,1279.5102045659214,5.38382739754962e-05,Retail Orders
2025-04-14,0.6949472,2334097588.0,45,20825.75499951821,14472.80012480118,321.6177805511373,1.377910598959658e-05,Retail Orders
2025-04-15,0.69322441,2332403127.0,33,641880.0531918036,444966.9211646567,13483.846095898689,0.0005781095874812,Normal
2025-04-16,0.700304339,2355881442.0,43,182488.0346746785,127797.16249825986,2972.0270348432527,0.0001261535059387,Retail Orders
2025-04-17,0.698664232,2351429917.0,43,5841935.56167865,4081551.422593703,94919.80052543494,0.0040366842251686,Normal
2025-04-18,0.680229278,2288915007.0,39,315335.1599416156,214500.2081750997,5500.005337823069,0.0002402887534488,Retail Orders
2025-04-19,0.65642996,2208683184.0,33,166434.11412788669,109252.3388796041,3310.6769357455787,0.0001498936995458,Retail Orders
2025-04-20,0.663154276,2231322257.0,40,20893.492306325217,13855.60876351267,346.3902190878167,1.5523988881531454e-05,Retail Orders
2025-04-21,0.658863238,2217001063.0,38,345057.1226936614,227345.45315290903,5982.775082971291,0.0002698589181042,Retail Orders
2025-04-22,0.667089386,2240860043.0,47,26869.603497993467,17924.427299539915,381.37079360723226,1.701894747057312e-05,Retail Orders
2025-04-23,0.697422699,2350153616.0,57,332094.35721464665,231610.1429313089,4063.3358409001576,0.0001728966061297,Retail Orders
2025-04-24,0.703186609,2367026542.0,81,941306.1107402856,661913.8520424399,8171.775951141233,0.0003452338115413,Retail Orders
2025-04-25,0.730330458,2458944588.0,68,393764.6627318816,287578.32647719054,4229.093036429273,0.0001719881390197,Retail Orders
2025-04-26,0.742069846,2496834715.0,52,74905.27601712667,55584.9466386167,1068.9412815118596,4.28118559506595e-05,Retail Orders
2025-04-27,0.742731005,2500554424.0,31,88540.61369924597,65761.85899615772,2121.350290198636,8.483519774007671e-05,Retail Orders
2025-04-28,0.724185219,2435404713.0,42,220140.50203932644,159422.4976801196,3795.7737542885616,0.0001558580277859,Retail Orders
2025-04-29,0.734741549,2472180763.0,25,118275.99778381278,86902.28982119917,3476.0915928479667,0.0001406083100747,Retail Orders
2025-04-30,0.730571044,2458148289.0,61,865105.3568772633,632020.9237438148,10360.998749898605,0.0004214960828955,Retail Orders
2025-05-01,0.741522563,2494987456.0,64,1735748.2066723902,1287096.4589343644,20110.882170849443,0.0008060514341459,Normal
2025-05-02,0.736550253,2478494825.0,65,394759.665331595,290760.33137418167,4473.235867295102,0.0001804819530859,Retail Orders
2025-05-03,0.735792855,2475699607.0,36,119951.79851664531,88259.67629294723,2451.6576748040898,9.902888330523088e-05,Retail Orders
2025-05-04,0.729268409,2454360252.0,25,39252.22109123622,28625.40482492208,1145.016192996883,4.665232791575062e-05,Retail Orders
2025-05-05,0.720118482,2423933708.0,26,302875.90421149274,218106.5363751576,8388.71293750606,0.0003460784801919,Retail Orders
2025-05-06,0.716320945,2409592282.0,31,160084.04893855858,114671.55721509452,3699.082490809501,0.00015351487131,Retail Orders
2025-05-07,0.710384967,2390241082.0,35,74253.04571268523,52748.247428255374,1507.0927836644394,6.305191534919988e-05,Retail Orders
2025-05-08,0.711853572,2395210356.0,61,1230593.8097105096,876002.5991235146,14360.698346287125,0.0005995589619222,Normal
2025-05-09,0.755122305,2537375235.0,61,977032.9082616264,737779.3417473728,12094.74330733398,0.0004766635671579,Retail Orders
2025-05-10,0.768001957,2584092163.0,61,713768.5541017266,548175.6463951864,8986.486006478466,0.000347761822707,Retail Orders
2025-05-11,0.791123683,2661889413.0,43,909584.941238305,719594.1887137864,16734.74857473922,0.0006286793317938,Normal
2025-05-12,0.80483874,2708062914.0,60,525871.8020038942,423241.9985263437,7054.033308772396,0.0002604826229222,Retail Orders
2025-05-13,0.803858832,2706360916.0,51,705165.8836879223,566853.8236276209,11114.780855443549,0.0004106910053915,Retail Orders
2025-05-14,0.816798936,2748278604.0,49,487834.7026194157,398462.8660434151,8131.895225375818,0.0002958904971839,Retail Orders
2025-05-15,0.782392755,2629754465.0,52,536310.3442524002,419605.3277746339,8069.333226435267,0.0003068474009201,Retail Orders
2025-05-16,0.756686212,2546969779.0,43,805241.7905453579,609315.3602318643,14170.124656554985,0.0005563522886446,Normal
2025-05-17,0.738461209,2486530414.0,29,52497.75696706158,38767.55707968447,1336.8123130925678,5.376215410701861e-05,Retail Orders
2025-05-18,0.725179206,2440068090.0,35,203151.51039153,147321.25100343043,4209.178600098012,0.0001725025058664,Retail Orders
2025-05-19,0.737307797,2480642566.0,43,63402.8622830871,46747.42471343734,1087.1494119404033,4.382531473260237e-05,Retail Orders
2025-05-20,0.726394363,2442069923.0,52,390566.9709763316,283705.6460911919,5455.877809445999,0.0002234120226477,Retail Orders
2025-05-21,0.745991773,2510850144.0,119,102963.62944316697,76810.02048282312,645.4623569985137,2.5706924745824804e-05,Retail Orders
2025-05-22,0.7385762,2485083191.0,41,379859.4228292058,280555.12904738804,6842.80802554605,0.0002753552899286,Retail Orders
2025-05-23,0.764003201,2570634869.0,32,480327.304400125,366971.5980893969,11467.862440293651,0.0004461101255019,Retail Orders
2025-05-24,0.735037386,2473238388.0,40,81823.9082835675,60143.63165705721,1503.5907914264303,6.0794414267616096e-05,Retail Orders
2025-05-25,0.734504206,2471382176.0,35,236269.8697754121,173541.21310111246,4958.320374317499,0.0002006294462454,Retail Orders
2025-05-26,0.73261802,2465051167.0,46,51572.76265991164,37783.1352658344,821.3725057790086,3.3320708177373445e-05,Retail Orders
2025-05-27,0.734751957,2472233441.0,41,693996.7500383764,509915.47024233686,12436.962688837484,0.0005030658708267,Normal
2025-05-28,0.730928361,2459295805.0,45,566372.926018143,413978.0345292155,9199.51187842701,0.0003740709783558,Retail Orders
2025-05-29,0.727115866,2447146671.0,32,68944.36755119404,50130.54351780875,1566.5794849315234,6.401657503803636e-05,Retail Orders
2025-05-30,0.70049683,2356999060.0,42,313539.86545715656,219633.68183136464,5229.373376937253,0.0002218657387558,Retail Orders
2025-05-31,0.670054283,2254527731.0,47,505558.96611601446,338751.95055508736,7207.48830968271,0.0003196894946369,Retail Orders
2025-06-01,0.678978606,2284644902.0,81,258894.4564974444,175783.79717376243,2170.1703354785486,9.4989393475492e-05,Retail Orders
2025-06-02,0.683759855,2300564811.0,64,123989.7290477039,84779.19915514732,1324.6749867991768,5.758042461856889e-05,Retail Orders
2025-06-03,0.683913911,2301126802.0,41,358981.4419843492,245512.40196393584,5988.107364974045,0.0002602250062782,Retail Orders
2025-06-04,0.678200021,2281418910.0,24,62288.3566061411,42243.96475834038,1760.1651982641824,7.715221393795594e-05,Retail Orders
2025-06-05,0.663674417,2233067085.0,30,117138.72661467628,77741.97609411765,2591.399203137255,0.0001160466347179,Retail Orders
2025-06-06,0.631612217,2125342446.0,25,76979.31116134056,48621.07338574717,1944.842935429887,9.150727399672356e-05,Retail Orders
2025-06-07,0.636344553,2140238005.0,29,161482.70456156234,102758.63945145844,3543.401360395119,0.0001655610895665,Retail Orders
2025-06-08,0.65276363,2196330758.0,33,135963.12718525043,88751.78444759575,2689.448013563508,0.0001224518667676,Retail Orders
2025-06-09,0.64559178,2171907610.0,33,580211.2502278608,374579.6138106301,11350.89738820091,0.0005226233996298,Normal
2025-06-10,0.657546678,2212173387.0,149,281760.7262047201,185270.82950678124,1243.428385951552,5.620845062410797e-05,Retail Orders
2025-06-11,0.678241634,2282532662.0,44,466253.43497427326,316232.4915950638,7187.102081705996,0.0003148740082171,Retail Orders
2025-06-12,0.666456953,2242422927.0,33,1377645.8577672008,918141.6606806,27822.474566078792,0.0012407327017165,Normal
2025-06-13,0.655395788,2204333010.0,34,59937.81474848859,39282.9913280837,1155.3820978848146,5.241413582446032e-05,Retail Orders
2025-06-14,0.642366383,2163590406.0,22,189463.80023983005,121705.17606949416,5532.05345770428,0.0002556885740648,Retail Orders
2025-06-15,0.635858691,2138836953.0,32,49369.90469156394,31392.28297197261,981.008842874144,4.586646221434272e-05,Retail Orders
2025-06-16,0.621190674,2088694435.0,26,179613.2649239659,111574.08509745896,4291.3109652868825,0.0002054542250593,Retail Orders
2025-06-17,0.619456983,2085052917.0,32,33473.217281695644,20735.218188622643,647.9755683944576,3.107717617674533e-05,Retail Orders
2025-06-18,0.594476626,2001332284.0,40,1110223.5931640975,660001.9757697893,16500.049394244732,0.0008244532667642,Normal
2025-06-19,0.604223497,2033781865.0,48,950111.8964639972,574079.9326227782,11959.99859630788,0.0005880669309787,Normal
2025-06-20,0.631162166,2124258715.0,53,225325.7996920901,142217.11978934173,2683.341882817768,0.0001263189772446,Retail Orders
2025-06-21,0.63019834,2119592562.0,33,264494.76528498763,166684.16202128882,5051.035212766328,0.0002383021767164,Retail Orders
2025-06-22,0.605584927,2032439974.0,45,321518.82169805706,194706.952167144,4326.821159269865,0.0002128880170937,Retail Orders
2025-06-23,0.58655359,1973675612.0,24,298150.7812606715,174881.4111097516,7286.725462906316,0.0003691956985536,Retail Orders
2025-06-24,0.605543352,2037842706.0,35,159103.48632754685,96344.05842566887,2752.68738359054,0.000135078501176,Retail Orders
2025-06-25,0.612683197,2062330849.0,39,246948.0933763465,151300.94734287448,3879.511470330115,0.0001881129534677,Retail Orders
2025-06-26,0.606597232,2041715317.0,38,268283.5189813016,162740.04000527703,4282.632631717816,0.0002097566000538,Retail Orders
2025-06-27,0.602100035,2026549966.0,23,10116595.758722017,6091202.6604073765,264834.8982785816,0.0130682639323871,Small Whale Orders
2025-06-28,0.596525159,2006438176.0,27,88321.07803046714,52685.74511517581,1951.32389315466,9.725312827952592e-05,Retail Orders
2025-06-29,0.607210115,2043744332.0,42,244332.7224194705,148361.30047858972,3532.4119161568983,0.0001728402061279,Retail Orders
2025-06-30,0.603558913,2031408019.0,26,176850.20903759386,106739.51993055292,4105.366151175112,0.0002020946118542,Retail Orders
2025-07-01,0.589110666,1985149762.0,78,4970550.614594234,2928204.382950318,37541.08183269639,0.0018910957022645,Normal
2025-07-02,0.562844867,1894342421.0,31,607758.1376368883,342073.5481464021,11034.63058536781,0.0005825045389387,Normal
2025-07-03,0.583000129,1962307044.0,40,735578.0845922112,428842.118206832,10721.0529551708,0.0005463494098923,Normal
2025-07-04,0.587012788,1974012816.0,91,21222666.37623969,12457976.55831032,136900.8413001134,0.006935154634787,Small Whale Orders
2025-07-05,0.560304253,1885868906.0,56,129130.54092349872,72352.39127162687,1292.006986993337,6.850990452638266e-05,Retail Orders
2025-07-06,0.563090113,1896021623.0,43,288657.9863997232,162540.45818017263,3780.010655352852,0.0001993653769291,Retail Orders
2025-07-07,0.570568351,1919977115.0,18,103289.25903128958,58933.58220149476,3274.0879000830423,0.0001705274440254,Retail Orders
2025-07-08,0.567210128,1908818169.0,47,2190434.608437126,1242436.6946272522,26434.82328994153,0.0013848790691148,Normal
2025-07-09,0.568861851,1914963483.0,39,1508763.1111655957,858277.7761381795,22007.122465081524,0.0011492189099399,Normal
2025-07-10,0.594211188,2003029720.0,44,2081180.74565529,1236660.8833185558,28105.92916633081,0.0014031708509213,Normal
2025-07-11,0.622886306,2094967795.0,52,662688.8128623511,412779.7866713551,7938.072820602983,0.0003789114486412,Retail Orders
2025-07-12,0.61350623,2064180411.0,37,69057.13425128815,42366.98208911168,1145.0535699759912,5.5472552877355605e-05,Retail Orders
2025-07-13,0.651188177,2191698069.0,58,326854.8099151716,212843.9878123421,3669.723927799001,0.0001674374759783,Retail Orders
2025-07-14,0.702176118,2360754294.0,59,539960.82112672,379147.5932508527,6426.230394082249,0.0002722108950692,Retail Orders
2025-07-15,0.724857277,2439867886.0,52,240036.75490538884,173992.38854063654,3346.0074719353183,0.0001371388791636,Retail Orders
2025-07-16,0.711943238,2395630658.0,50,255043.90217734527,181576.78154829444,3631.5356309658887,0.0001515899631205,Retail Orders
2025-07-17,0.731762279,2463250478.0,59,359174.8181896708,262830.5835178842,4454.755652845495,0.0001808486669395,Retail Orders
2025-07-18,0.788577619,2655569152.0,83,329975.3259175681,260211.15684082484,3135.0741788051187,0.0001180565821998,Retail Orders
2025-07-19,0.790951454,2660763734.0,71,122855.0089084012,97172.34792728288,1368.6246186941248,5.143728476171891e-05,Retail Orders
2025-07-20,0.80330913,2703757464.0,68,212640.19828654785,170815.81268859428,2511.997245420504,9.290763978896978e-05,Retail Orders
2025-07-21,0.802589162,2707291353.0,58,61546.30726010209,49396.39916807985,851.6620546220664,3.145808646263077e-05,Retail Orders
2025-07-22,0.801681241,2697459345.0,50,84934.6843668169,68090.54316713309,1361.8108633426618,5.048494487477296e-05,Retail Orders
2025-07-23,0.827810723,2785164980.0,59,121750.3887272132,100786.27731780542,1708.24198843738,6.133360144566301e-05,Retail Orders
2025-07-24,0.790104017,2659283991.0,59,96174.62226876516,75987.95538800901,1287.93144725439,4.843151207668027e-05,Retail Orders
2025-07-25,0.748165993,2515808615.0,53,185627.5412150653,138880.21370131776,2620.381390590901,0.0001041566268184,Retail Orders
2025-07-26,0.767417953,2582922413.0,37,134092.54454146378,102905.02604457148,2781.2169201235533,0.0001076771375758,Retail Orders
2025-07-27,0.796064931,2677994525.0,60,103089.11007517311,82065.6252988441,1367.7604216474017,5.1074055935472894e-05,Retail Orders
2025-07-28,0.82934198,2791436830.0,41,93329.95523994663,77402.44987200873,1887.864631024603,6.763056970286527e-05,Retail Orders
2025-07-29,0.794587177,2675798719.0,51,210897.6977844475,167576.6063183433,3285.8158101635945,0.0001227975701921,Retail Orders
2025-07-30,0.762398025,2565710792.0,44,81737.46308567573,62316.48042502959,1416.2836460233996,5.520043998877172e-05,Retail Orders
2025-07-31,0.74930111,2522505119.0,83,1234905.097166466,925315.7600514909,11148.38265122278,0.0004419567899882,Retail Orders
2025-08-01,0.739599624,2491277855.0,30,147176.98861399965,108852.04544036643,3628.401514678881,0.0001456441924932,Retail Orders
2025-08-02,0.697290011,2346047749.0,24,61666.51507000447,42999.44497149508,1791.6435404789618,7.636858803247494e-05,Retail Orders
2025-08-03,0.685750916,2309529297.0,33,171143.76225629202,117361.99173493848,3556.423991967833,0.0001539891265543,Retail Orders
2025-08-04,0.708754752,2385522760.0,90,1504595.4319521484,1066389.1622335778,11848.768469261977,0.0004966948405582,Retail Orders
2025-08-05,0.845273855,2844548404.0,163,4652360.015010115,3932518.284735457,24125.87904745679,0.0008481444370407,Normal
2025-08-06,0.902973922,3038815277.0,110,410579.4240124216,370742.5127929973,3370.386479936339,0.0001109111996851,Retail Orders
2025-08-07,0.872771258,2937578850.0,179,915827.7400761768,799308.1288175819,4465.408540880346,0.0001520098274427,Retail Orders
2025-08-08,1.048396119,3554721118.0,150,460730.7681854771,483028.3492695429,3220.188995130286,9.05890754361644e-05,Retail Orders
2025-08-09,1.057737734,3564219270.0,94,1943993.339263904,2056235.1095840947,21874.84159132016,0.0006137344516214,Normal
2025-08-10,1.065541386,3584506713.0,71,155413.59321811993,165599.61552087573,2332.3889509982496,6.506861718348383e-05,Retail Orders
2025-08-11,1.027493583,3458330764.0,92,215699.59547872216,221629.95021008287,2409.021197935683,6.965849602972457e-05,Retail Orders
2025-08-12,0.976034989,3296511691.0,85,271970.26298334193,265452.49263927323,3122.9705016385087,9.47356112876746e-05,Retail Orders
2025-08-13,1.030949801,3466997614.0,112,651594.1080246702,671760.8160008062,5997.864428578627,0.0001729988046244,Retail Orders
2025-08-14,1.121633815,3774916032.0,98,3146618.8677127124,3529354.1249435903,36013.817601465205,0.0009540296339355,Normal
2025-08-15,1.096162613,3703570993.0,105,2514794.848542016,2756624.0923367552,26253.56278415957,0.0007088715953813,Normal
2025-08-16,1.201510956,4042308714.0,233,2724919.8107270664,3274021.0068100165,14051.59230390565,0.0003476130423992,Retail Orders
2025-08-17,1.382581521,4648939347.0,146,458830.8774213528,634371.0923869787,4345.007482102594,9.34623396389644e-05,Retail Orders
2025-08-18,1.300993008,4379062202.0,102,334638.24064057897,435362.01128281467,4268.255012576615,9.746961371380436e-05,Retail Orders
2025-08-19,1.298939771,4373403426.0,192,1728474.7566686424,2245184.604606447,11693.669815658575,0.0002673814573368,Retail Orders
2025-08-20,1.3591249,4589907024.0,135,1094115.730502464,1487039.9328075887,11015.110613389546,0.0002399854845815,Retail Orders
2025-08-21,1.328367695,4472977339.0,105,694141.2296711245,922074.7852626974,8781.664621549498,0.0001963270536826,Retail Orders
2025-08-22,1.241100814,4171466551.0,108,409453.554388901,508173.1396472582,4705.306848585724,0.0001127974248638,Retail Orders
2025-08-23,1.297866029,4366902229.0,106,1180426.383083801,1532035.3023398053,14453.163229620804,0.0003309706165079,Retail Orders
2025-08-24,1.230986285,4136581182.0,79,170584.93375629777,209987.7138816361,2658.072327615647,6.425770970438183e-05,Retail Orders
2025-08-25,1.219570433,4104811291.0,89,1401118.1751015184,1708762.299492729,19199.576398794703,0.0004677334726907,Retail Orders
2025-08-26,1.134040108,3814825407.0,89,1718194.3436371612,1948501.2990232755,21893.27302273343,0.0005738997381783,Normal
2025-08-27,1.182127063,3850910295.0,62,91360.69966611502,107999.95556992965,1741.9347672569295,4.523436366509622e-05,Retail Orders
2025-08-28,1.204312091,3919699819.0,118,1041677.4643419596,1254504.765229243,10631.396315502065,0.000271229859592,Retail Orders
2025-08-29,1.252499914,4074181398.0,121,944174.4940821812,1182578.4726389253,9773.375806933269,0.0002398856322826,Retail Orders
2025-08-30,1.131414084,3682914602.0,60,273274.5203427068,309186.641114083,5153.110685234717,0.0001399193639308,Retail Orders
2025-08-31,1.186193119,3873595326.0,51,188662.1030161827,223789.68841386505,4388.0331061542165,0.0001132806278627,Retail Orders
2025-09-01,1.168889154,3797288338.0,52,58140.45608917076,67959.74853124496,1306.91824098548,3.4417145200878345e-05,Retail Orders
2025-09-02,1.124966174,3659837551.0,72,87871.0154363916,98851.9200409724,1372.943333902395,3.7513777996164255e-05,Retail Orders
2025-09-03,1.121182355,3645650699.0,55,441470.5513351624,494968.9924091058,8999.436225620106,0.000246854045235,Retail Orders
2025-09-04,1.113887894,3623415004.0,65,558537.0504566177,622147.6588540938,9571.502443909134,0.0002641569467848,Retail Orders
2025-09-05,1.136550185,3694554588.0,99,290700.5401237686,330395.7526572691,3337.3308349219105,9.033107389349828e-05,Retail Orders
2025-09-06,1.177173451,3823917061.0,44,16182.421573194706,19049.51704885446,432.9435692921468,1.1321991622352996e-05,Retail Orders
2025-09-07,1.146719109,3729434418.0,56,280903.4308248486,322117.33191051346,5752.09521268774,0.0001542350546486,Retail Orders
2025-09-08,1.159531519,3769940033.0,61,246136.52333536328,285403.0567844327,4678.738635810371,0.0001241064471809,Retail Orders
2025-09-09,1.185866308,3842930547.0,117,877585.8247987523,1040699.4620072312,8894.867196643003,0.0002314605244059,Retail Orders
2025-09-10,1.345951159,4346517262.0,244,2127378.6195576736,2863347.718625471,11735.031633710949,0.0002699870016922,Retail Orders
2025-09-11,1.478667819,4841345727.0,252,3092703.61680865,4573081.311879858,18147.14806301532,0.0003748368550051,Retail Orders
2025-09-12,1.635201322,5346564161.0,151,702077.5715781356,1148038.173191117,7602.901809212694,0.0001422016379167,Retail Orders
2025-09-13,1.714729283,5584986953.0,142,892277.6426225688,1530014.6023711276,10774.750720923434,0.0001929234716499,Retail Orders
2025-09-14,1.655051711,5383699336.0,93,600352.760467772,993614.8634157594,10684.030789416767,0.0001984514758833,Retail Orders
2025-09-15,1.640222413,5325214983.0,127,260392.2705673453,427101.23835652,3363.001876822992,6.315241520875499e-05,Retail Orders
2025-09-16,1.631904639,5304193483.0,154,537359.5270075267,876919.5049344286,5694.282499574212,0.0001073543511907,Retail Orders
2025-09-17,1.739994558,5660131674.0,173,982486.0887982352,1709520.447819634,9881.621085662624,0.0001745828834875,Retail Orders
2025-09-18,1.696781077,5511808535.0,153,781489.544574849,1326016.6711079516,8666.775628156545,0.0001572401431058,Retail Orders
2025-09-19,1.777787722,5783020150.0,137,358180.6205767307,636769.1095196524,4647.949704523011,8.037235880153403e-05,Retail Orders
2025-09-20,1.650361941,5369905998.0,106,386248.2033425748,637449.3345762144,6013.672967700136,0.0001119884215839,Retail Orders
2025-09-21,1.674269144,5441674656.0,120,883101.450670344,1478549.5098789951,12321.245915658294,0.0002264237885312,Retail Orders
2025-09-22,1.558589754,5073515838.0,169,1133812.554007506,1767148.629632671,10456.500767057223,0.0002060996969545,Retail Orders
2025-09-23,1.730853882,5635238296.0,195,840073.3612565827,1454044.2384957443,7456.637120490997,0.0001323215936721,Retail Orders
2025-09-24,1.767270358,5750070323.0,136,353350.86739227927,624466.5139159639,4591.665543499735,7.985407630813308e-05,Retail Orders
2025-09-25,1.723252231,5595017296.0,133,283069.6675942922,487800.4362102925,3667.672452708966,6.555247747546849e-05,Retail Orders
2025-09-26,1.604568097,5219626425.0,136,692786.8261469891,1111623.6392573442,8173.703229833413,0.0001565955599941,Retail Orders
2025-09-27,1.754087167,5688179727.0,146,461976.350059183,810346.7870963126,5550.320459563785,9.757639044382089e-05,Retail Orders
2025-09-28,1.723651325,5607846254.0,81,176192.7480764771,303694.86367741093,3749.319304659394,6.685845393826651e-05,Retail Orders
2025-09-29,1.786394293,5815334852.0,224,1137347.7570056089,2031751.5422711703,9070.319385139152,0.0001559724352247,Retail Orders
2025-09-30,1.918522858,6229218452.0,140,298864.2110506132,573377.8203387377,4095.555859562412,6.574750734977776e-05,Retail Orders
2025-10-01,1.756275036,5713690914.0,131,401779.2773306395,705634.9147579228,5386.526066854372,9.42740191573193e-05,Retail Orders
2025-10-02,1.896364473,6169650020.0,166,854045.4646776991,1619581.477541565,9756.514924949186,0.0001581372507892,Retail Orders
2025-10-03,1.977349441,6433206443.0,140,437066.28429933375,864232.7729392347,6173.091235280248,9.595667867921782e-05,Retail Orders
2025-10-04,1.925879507,6258553702.0,107,295018.9168931617,568170.8862218764,5310.008282447443,8.484401565094125e-05,Retail Orders
2025-10-05,1.965671729,6390299969.0,205,533622.178024172,1048926.02930952,5116.71233809522,8.006998674423604e-05,Retail Orders
2025-10-06,2.115209759,6879241049.0,367,2031212.7779259968,4296441.090474567,11706.923952246778,0.0001701775511115,Retail Orders
2025-10-07,2.467356477,8031528306.0,261,715944.8114685764,1766491.067751536,6768.165010542283,8.426995152947524e-05,Retail Orders
2025-10-08,2.302084977,7492244898.0,405,3441024.784820258,7921531.462619374,19559.336944739192,0.000261061099991,Retail Orders
2025-10-09,2.688729602,8752531834.0,413,2213288.784373871,5950935.072320622,14409.043758645576,0.0001646271505425,Retail Orders
2025-10-10,2.355308278,7669586815.0,399,7821758.600739093,18422652.78083848,46172.06210736462,0.0006020149875226,Normal
2025-10-11,1.747536532,5697282128.0,472,2407510.070219076,4207211.798865719,8913.58431963076,0.0001564532722686,Retail Orders
2025-10-12,1.631397485,5306599363.0,511,3320499.65931119,5417054.793143632,10600.890006151922,0.0001997680488198,Retail Orders
2025-10-13,2.235861102,7258542390.0,307,1311697.2448602098,2932772.847383512,9553.00601753587,0.0001316105287295,Retail Orders
2025-10-14,2.110240863,6863030911.0,258,2703689.6886753053,5705436.461914378,22114.09481362162,0.0003222205334698,Retail Orders
2025-10-15,1.989417071,6479233199.0,191,527017.0724119871,1048456.7605648504,5489.302411334296,8.472148235352158e-05,Retail Orders
2025-10-16,1.811923659,5889480189.0,198,925466.9059967176,1676875.382596982,8469.067588873646,0.0001437999164118,Retail Orders
2025-10-17,1.71391224,5587645454.0,210,1086606.034132504,1862347.381957556,8868.320866464554,0.0001587130203494,Retail Orders
2025-10-18,1.60438683,5231279616.0,161,784913.9124923592,1259305.5438865134,7821.773564512506,0.0001495193172352,Retail Orders
2025-10-19,1.666772509,5421874735.0,202,777252.3780409378,1295502.8962735103,6413.38067462134,0.0001182871421433,Retail Orders
2025-10-20,1.857082709,6032127404.0,183,3656064.7979237135,6789614.719207707,37101.7197770913,0.000615068570211,Normal
2025-10-21,1.815079404,5903348264.0,156,1035300.4002651564,1879152.4334742413,12045.84893252719,0.0002040511315584,Retail Orders
2025-10-22,1.630961169,5305014453.0,138,2654831.8849862902,4329927.714635714,31376.28778721532,0.0005914458493034,Normal
2025-10-23,1.59440286,5186050813.0,122,1016368.6194131807,1620501.0336066268,13282.795357431369,0.0002561254379562,Retail Orders
2025-10-24,1.682385108,5472960180.0,96,945172.8862150564,1590144.7882535893,16564.008210974887,0.000302651721668,Retail Orders
2025-10-25,1.64296844,5344102057.0,82,278428.57148832764,457449.35574960615,5578.650679873246,0.000104388924844,Retail Orders
2025-10-26,1.662554283,5408588964.0,124,551405.6250450752,916741.7835889818,7393.078899911144,0.0001366914540764,Retail Orders
2025-10-27,1.775911271,5781174787.0,115,618493.1611690449,1098388.9759565264,9551.208486578493,0.0001652122421217,Retail Orders
2025-10-28,1.663899803,5412638826.0,103,293870.8747751227,488971.6906457642,4747.297967434604,8.770764353665382e-05,Retail Orders
2025-10-29,1.609333411,5234855787.0,111,229543.2280690788,369411.5862003614,3328.032308111364,6.357447928892418e-05,Retail Orders
2025-10-30,1.584372773,5150171490.0,160,1329943.3654581858,2107126.057863938,13169.537861649613,0.0002557106668626,Retail Orders
2025-10-31,1.438710025,4664782462.0,113,323461.41783850605,465367.1845449725,4118.29366853958,8.82847957453065e-05,Retail Orders
2025-11-01,1.456683061,4743274043.0,116,406612.4529349981,592305.4725820714,5106.081660190271,0.0001076488858518,Retail Orders
2025-11-02,1.44273606,4695374263.0,119,225139.7712539412,324817.26652821235,2729.5568615816164,5.813289226144946e-05,Retail Orders
2025-11-03,1.431918871,4645281457.0,134,723188.2408193146,1035546.8893144692,7727.961860555739,0.0001663615419666,Retail Orders
2025-11-04,1.228294315,3986471859.0,143,1080996.8248940874,1327782.254550458,9285.190591261944,0.0002329174999768,Retail Orders
2025-11-05,1.270934983,4133249877.0,128,693293.8681691553,881131.4305555697,6883.839301215388,0.0001665478619988,Retail Orders
2025-11-06,1.251354496,4071974749.0,87,311419.1697077181,389695.7781543401,4479.261817865978,0.0001100022002583,Retail Orders
2025-11-07,1.206150718,3922397942.0,111,6466370.392297749,7799417.291523872,70265.0206443592,0.0017913791941398,Normal
2025-11-08,1.293448583,4211552831.0,77,362096.9620174751,468353.8024301079,6082.516914676726,0.0001444245663952,Retail Orders
2025-11-09,1.338596787,4358793974.0,82,390688.91216237104,522974.9225370751,6377.742957769208,0.000146318981714,Retail Orders
2025-11-10,1.334634311,4341459050.0,113,442161.2123930325,590123.5250530995,5222.332080115924,0.00012028979244,Retail Orders
2025-11-11,1.320442713,4299797127.0,71,214523.9775114438,283266.6228687619,3989.670744630449,9.278741826161624e-05,Retail Orders
2025-11-12,1.237304136,4028627640.0,85,364931.8727885203,451531.715559462,5312.137830111318,0.000131859737479,Retail Orders
2025-11-13,1.263165135,4108236733.0,70,209959.8859569186,265214.0076893557,3788.771538419367,9.222378807884944e-05,Retail Orders
2025-11-14,1.224899995,3997207681.0,105,489260.82049699535,599295.5765804654,5707.576919813956,0.0001427891011754,Retail Orders
2025-11-15,1.170320697,3811183388.0,55,96844.58893223158,113339.22681984774,2060.7132149063227,5.4070166798972274e-05,Retail Orders
2025-11-16,1.198538635,3899141211.0,57,61399.30254950767,73589.43626763896,1291.0427415375257,3.3110951147276256e-05,Retail Orders
2025-11-17,1.193769792,3883266350.0,81,178483.76159849518,213068.52295881324,2630.475592084114,6.773873731540753e-05,Retail Orders
2025-11-18,1.105091098,3589505147.0,94,443706.9459387716,490336.5960777037,5216.346766784082,0.0001453221698579,Retail Orders
2025-11-19,1.107483144,3602580708.0,71,272429.59283166146,301711.18198784825,4249.453267434483,0.0001179558103444,Retail Orders
2025-11-20,1.115096429,3626311753.0,57,455049.25439069245,507423.79859017377,8902.171905090769,0.0002454883228869,Retail Orders
2025-11-21,1.041736848,3396194065.0,131,454724.2468264814,473703.0035981928,3616.053462581624,0.0001064736994816,Retail Orders
2025-11-22,0.94817705,3083392914.0,72,3089162.1471932526,2929072.651697364,40681.56460690784,0.0013193766004389,Normal
2025-11-23,0.986197779,3207685661.0,70,137839.57122576452,135937.0790011613,1941.9582714451608,6.0540790983856985e-05,Retail Orders
2025-11-24,1.015671239,3306475704.0,48,90846.74101752751,92270.4220083843,1922.3004585080064,5.813744393108675e-05,Retail Orders
2025-11-25,1.020837475,3321193432.0,56,283200.3497232736,289101.52993062354,5162.527320189706,0.0001554419345301,Retail Orders
2025-11-26,1.025379036,3336343312.0,65,166042.404935601,170256.40110798815,2619.3292478152025,7.850898432406894e-05,Retail Orders
2025-11-27,1.072212682,3489251512.0,68,212974.53701063257,228353.99952587864,3358.1470518511564,9.62426193784553e-05,Retail Orders
2025-11-28,1.062205868,3455675490.0,49,104657.671129233,111167.99240468549,2268.734538871132,6.565241862079856e-05,Retail Orders
2025-11-29,1.07540403,3498229146.0,46,62262.18102150338,66957.00038711425,1455.5869649372664,4.160925154378856e-05,Retail Orders
2025-11-30,1.087319433,3534396731.0,57,407919.9057608257,443539.2406412745,7781.390186689026,0.000220161763914,Retail Orders
2025-12-01,1.0695954,3484377821.0,68,115746.7106570889,123802.14928395327,1820.6198424110776,5.2250930752640605e-05,Retail Orders
2025-12-02,0.974843645,3171220591.0,59,175326.63265818998,170916.05364608596,2896.8822651878977,9.134912511003868e-05,Retail Orders
2025-12-03,1.026786494,3340257755.0,68,100510.44704063862,103202.76952723,1517.6877871651468,4.543624769356001e-05,Retail Orders
2025-12-04,1.111565773,3609646282.0,63,76958.32137665173,85544.2359898203,1357.8450157114332,3.76171211700857e-05,Retail Orders
2025-12-05,1.056992182,3437794795.0,48,47114.44371690113,49799.59866804351,1037.491638917573,3.017898684431434e-05,Retail Orders
2025-12-06,1.087080759,3536427536.0,53,180668.6358108956,196401.39774480296,3705.686749901943,0.0001047861637819,Retail Orders
2025-12-07,1.064578769,3464101381.0,52,227545.13231660103,242239.71685354924,4658.456093337485,0.0001344780530641,Retail Orders
2025-12-08,1.093081303,3553961257.0,57,193654.31059159263,211679.9061530248,3713.6825640881534,0.0001044941769349,Retail Orders
2025-12-09,1.093495559,3557462235.0,54,168153.76867134255,183875.3992712264,3405.099986504192,9.571710847702624e-05,Retail Orders
2025-12-10,1.112365548,3618424965.0,80,255115.207296686,283781.3673677117,3547.267092096396,9.803345727514336e-05,Retail Orders
2025-12-11,1.163467901,3790587120.0,67,316892.41976102506,368694.1584621707,5502.897887495084,0.0001451727057916,Retail Orders
2025-12-12,1.195062962,3873342504.0,111,360829.4396813412,431213.8989623839,3884.8099005620174,0.0001002960594512,Retail Orders
2025-12-13,1.248435144,4061089681.0,95,380094.8325032151,474523.7469498073,4994.986809997971,0.0001229962202846,Retail Orders
2025-12-14,1.33035901,4331153039.0,94,302421.6012531531,402329.3020457595,4280.098957933612,9.88212358093406e-05,Retail Orders
2025-12-15,1.252450246,4071503982.0,79,143533.49131067385,179768.55650129233,2275.5513481176245,5.588969968291251e-05,Retail Orders
2025-12-16,1.286368004,4183641191.0,72,316077.6597899319,406592.1883329657,5647.113726846746,0.0001349808329403,Retail Orders
2025-12-17,1.247445021,4058122471.0,77,209272.1407115869,261055.48996468043,3390.331038502344,8.354432530635035e-05,Retail Orders
2025-12-18,1.208124121,3928273649.0,75,256582.31501379245,309983.2837901831,4133.110450535774,0.0001052144229205,Retail Orders
2025-12-19,1.144615101,3723984716.0,70,560557.9940874627,641623.1450187785,9166.044928839692,0.0002461354067716,Retail Orders
2025-12-20,1.153509552,3751120795.0,60,246880.4094563753,284778.9105096,4746.31517516,0.0001265305873776,Retail Orders
2025-12-21,1.191720364,3876447673.0,57,78156.67937013914,93140.90638801352,1634.0509892633952,4.215330960468753e-05,Retail Orders
2025-12-22,1.174036684,3817942273.0,76,59204.97005648016,69508.80672142927,914.5895621240692,2.3955039042678297e-05,Retail Orders
2025-12-23,1.106304898,3593288091.0,74,693452.6226278327,767170.032944117,10367.162607352931,0.0002885146513389,Retail Orders
2025-12-24,1.057899204,3441286926.0,51,176075.08291144445,186269.69005625107,3652.346863848061,0.0001061331688518,Retail Orders
2025-12-25,1.037696453,3374517892.0,49,115396.9630448602,119747.0192386235,2443.8167191555817,7.241972919892231e-05,Retail Orders
2025-12-26,1.030681189,3350911004.0,62,41709.52419375142,42989.221988639976,693.3745482038706,2.0692120661401804e-05,Retail Orders
2025-12-27,1.043053541,3393043745.0,42,87502.02900295609,91269.30119621805,2173.078599909953,6.404511003172913e-05,Retail Orders
2025-12-28,1.060582837,3447109114.0,50,221932.7847705049,235378.1024952124,4707.562049904248,0.0001365655073343,Retail Orders
2025-12-29,1.039260186,3381175930.0,60,135382.36289375447,140697.49964208275,2344.958327368046,6.93533367063821e-05,Retail Orders
2025-12-30,1.012296845,3291074942.0,112,305500.34841046727,309257.03884231683,2761.223561092115,8.390035504369608e-05,Retail Orders
2025-12-31,0.966453524,3143360750.0,75,158509.82557777662,153192.37951826755,2042.565060243568,6.498029410857687e-05,Retail Orders
2026-01-01,0.961226155,3126137357.0,56,55224.14852645538,53082.895951233615,947.9088562720289,3.0322047562928912e-05,Retail Orders
2026-01-02,0.972917898,3165122645.0,72,96842.87324407534,94220.16467290622,1308.6133982348083,4.134479276188707e-05,Retail Orders
2026-01-03,1.013325212,3296446994.0,64,180914.17164191208,183324.89133284497,2864.4514270757027,8.689511562871812e-05,Retail Orders
2026-01-04,1.018588814,3309893694.0,80,161987.47354117586,164998.62855716268,2062.4828569645333,6.2312661603099e-05,Retail Orders
2026-01-05,1.04023693,3383552899.0,57,201558.22078169367,209668.30480221123,3678.3913123194952,0.000108713870364,Retail Orders
2026-01-06,1.080527371,3514807748.0,68,391965.1307572264,423529.0522607772,6228.368415599664,0.0001772036726373,Retail Orders
2026-01-07,1.116458783,3627441603.0,58,318497.0040461111,355588.7775264672,6130.840991835642,0.0001690128102066,Retail Orders
2026-01-08,1.033193445,3358610598.0,302,2225668.3236998,2299545.922790772,7614.390472817124,0.0002267125125297,Retail Orders
2026-01-09,0.99975055,3253121725.0,57,115361.319835434,115332.54295420108,2023.377946564931,6.219803984017631e-05,Retail Orders
2026-01-10,0.96120198,3124093843.0,50,147516.78662177583,141793.42738408843,2835.8685476817686,9.07741153178211e-05,Retail Orders
2026-01-11,0.977506858,3179517520.0,45,395622.9695554045,386724.16592273314,8593.870353838514,0.0002702885044595,Retail Orders
2026-01-12,0.982988838,3196687225.0,71,178106.48467518334,175076.6864111233,2465.868822691877,7.71382574875425e-05,Retail Orders
2026-01-13,0.942975412,3067446260.0,159,560605.7474529046,528637.4356739706,3324.763746377173,0.0001083886550754,Retail Orders
2026-01-14,0.987388894,3211900632.0,67,34086.30976393964,33656.443698357754,502.3349805725038,1.5639804530929955e-05,Retail Orders
2026-01-15,0.97777065,3179288519.0,79,228966.158927814,223876.390042852,2833.8783549728096,8.913561440042459e-05,Retail Orders
2026-01-16,0.9631617,3132993603.0,60,567278.2622567273,546380.6954482353,9106.344924137256,0.0002906595441311,Retail Orders
2026-01-17,0.949574663,3087070659.0,48,100315.22871865355,95256.79950428338,1984.516656339237,6.42847824216011e-05,Retail Orders
2026-01-18,0.949224604,3087771402.0,53,286473.76355477853,271927.94476667425,5130.715938993853,0.0001661624282053,Retail Orders
2026-01-19,0.949738427,3089782493.0,72,139637.6255003013,132619.21879267125,1841.9335943426563,5.961369767987278e-05,Retail Orders
2026-01-20,0.912215618,2968644312.0,111,299354.0653408025,273075.4537156725,2460.1392226637163,8.287079771460731e-05,Retail Orders
2026-01-21,0.870749426,2831345736.0,58,191652.66893688528,166881.4514681609,2877.266404623464,0.0001016218672287,Retail Orders
2026-01-22,0.888703072,2891226943.0,69,1281145.0898687325,1138557.5770440584,16500.834449913888,0.0005707208315094,Normal
2026-01-23,0.882351135,2869766271.0,52,86698.91224029927,76498.88361849343,1471.1323772787198,5.1263142651895776e-05,Retail Orders
2026-01-24,0.88063989,2863944616.0,40,81197.82971671972,71506.04782997078,1787.6511957492694,6.241919574010608e-05,Retail Orders
2026-01-25,0.904522938,2942662816.0,50,100516.09413596668,90919.11278414915,1818.382255682983,6.179376875243673e-05,Retail Orders
2026-01-26,0.847518968,2757706318.0,57,218124.2547718621,184864.4433000176,3243.23584736873,0.0001176062812127,Retail Orders
2026-01-27,0.865192754,2814853034.0,62,330390.20715755346,285851.2132252742,4610.503439117326,0.0001637919771806,Retail Orders
2026-01-28,0.893192595,2905755260.0,61,267189.03887565475,238651.270988902,3912.315917850852,0.0001346402421328,Retail Orders
2026-01-29,0.919003148,2989549010.0,90,194690.07681727,178920.7934794329,1988.008816438144,6.64986193498846e-05,Retail Orders
2026-01-30,0.840549526,2734308761.0,96,2126312.998540909,1787271.3830511994,18617.41024011666,0.0006808817828352,Normal
2026-01-31,0.7309460692700313,2377189026.0072384,92,1230531.840578824,899452.4119827081,9776.65665198596,0.0004112696359029,Retail Orders
2026-02-01,0.6852334784510857,2231438284.665722,56,105192.83025154442,72081.6489813804,1287.1723032389357,5.768352690210112e-05,Retail Orders
2026-02-02,0.7209979476121994,2346010631.6448774,82,652820.389772294,470682.16118522,5740.026355917316,0.0002446717963887,Retail Orders
2026-02-03,0.7082516465462674,2303442527.164081,47,248172.52837177296,175768.60184685845,3739.7574861033713,0.0001623551463516,Retail Orders
2026-02-04,0.6982171668946386,2273787963.8555555,50,1001337.4958647632,699151.0294680669,13983.020589361338,0.0006149658988277,Normal
2026-02-05,0.6014457843288593,1960405262.2597225,85,1385240.4851607864,833147.0500816188,9801.730000960222,0.0004999848852508,Retail Orders
2026-02-06,0.6471341786138222,2104574991.6800747,119,380481.4300924094,246222.53774066377,2069.0969558038973,9.831424225715732e-05,Retail Orders
2026-02-07,0.644283761589933,2095819032.407316,46,3090298.0181071125,1991028.831539965,43283.23546826011,0.0020652181700317,Normal
2026-02-08,0.6424658091292945,2088885567.313623,50,57835.879902678935,37157.57537837932,743.1515075675863,3.557645852871223e-05,Retail Orders
2026-02-09,0.6458501843519181,2101541025.089933,54,193980.403144711,125282.279131671,2320.0422061420554,0.0001103971884652,Retail Orders
2026-02-10,0.6315468836824999,2054364336.2914016,40,20193.880780570536,12753.38247642525,318.83456191063124,1.5519864528324158e-05,Retail Orders
2026-02-11,0.6156247383715138,2002386295.964168,49,80522.41809919871,49571.59257536085,1011.6651545992012,5.05229763426879e-05,Retail Orders
2026-02-12,0.6121241657457694,1990811288.52409,43,248227.7197710368,151946.18587982055,3533.6322297632687,0.0001774970962909,Retail Orders
2026-02-13,0.6372624526088178,2072701934.0494964,58,548718.9809634807,349678.0036017989,6028.93109658274,0.0002908730385947,Retail Orders
2026-02-14,0.6644297461877364,2160119184.226597,51,275031.4190196103,182739.0559328526,3583.118743781424,0.0001658759743418,Retail Orders
2026-02-15,0.6272172099279674,2040070787.582265,33,156954.58574185296,98444.61735440497,2983.170222860756,0.0001462287603459,Retail Orders
2026-02-16,0.6451329915438204,2098581529.9376824,54,166985.5780127864,107727.90548806293,1994.9612127419057,9.506236399598668e-05,Retail Orders
2026-02-17,0.6334398171350349,2060461116.5609207,51,286085.98473744484,181218.25385698347,3553.29909523497,0.0001724516452494,Retail Orders
2026-02-18,0.6189705665459417,2012951202.412977,58,70942.52715817527,43911.33622729662,757.0920039189073,3.761104606069741e-05,Retail Orders
2026-02-19,0.6203404525453486,2017871053.2578893,44,103184.16304971169,64009.31040177119,1454.7570545857088,7.20936579290821e-05,Retail Orders
2026-02-20,0.6302415158069605,2050366693.159308,41,267567.7735888952,168632.3192077589,4112.983395311193,0.0002005974545447,Retail Orders
2026-02-21,0.632531007094755,2058263255.1392896,31,36545.95056955076,23116.44691899308,745.6918360965509,3.622917691576277e-05,Retail Orders
2026-02-22,0.60442266702607,1965913221.9648733,48,230706.42290154053,139444.1914301935,2905.0873214623643,0.0001477729173904,Retail Orders
2026-02-23,0.5755057883749062,1872092183.8922656,63,395059.81467154645,227359.21009779267,3608.876350758614,0.0001927723635518,Retail Orders
2026-02-24,0.5907157088584281,1922549265.373019,47,144490.5922237128,85352.86260880459,1816.018353378821,9.445887219053768e-05,Retail Orders
2026-02-25,0.6225887187766657,2021855940.817558,55,440753.1174240668,274407.91867387097,4989.234884979473,0.0002467651025108,Retail Orders
2026-02-26,0.639312220715749,2079772402.5106905,66,259245.9375426996,165739.09604195965,2511.1984248781764,0.0001207439055276,Retail Orders
2026-02-27,0.6345859490310853,2064321591.8111413,58,582745.5935891441,369802.1655514502,6375.899406059487,0.0003088617312027,Retail Orders
2026-02-28,0.6383983181521339,2076656770.927455,43,258119.64802614503,164783.14918191175,3832.1662600444592,0.0001845353702014,Retail Orders
2026-03-01,0.6364970409963332,2070893813.1230912,41,109022.5045392295,69392.50154122888,1692.5000375909483,8.172799719935946e-05,Retail Orders
2026-03-02,0.6589730836072466,2143287896.894065,46,226138.36095005804,149019.0930371483,3239.545500807572,0.0001511484064041,Retail Orders
2026-03-03,0.690563734132797,2265395418.456481,62,334613.8975744677,231072.2226017537,3726.97133228635,0.000164517474606,Retail Orders
2026-03-04,0.6937860484070648,2270616212.395236,79,193904.64181790463,134528.33521463134,1702.8903191725483,7.499683609570448e-05,Retail Orders
2026-03-05,0.7009009352225769,2296347989.107252,78,39884.28309419252,27954.93132140155,358.39655540258394,1.560724058821404e-05,Retail Orders
2026-03-06,0.6838422089775846,2242017566.466824,44,6103647.768532408,4173931.972854307,94862.09029214334,0.0042311037928947,Normal
2026-03-07,0.6739045379396825,2209233283.301247,16,9948.244955493932,6704.167420042916,419.0104637526823,1.896632949176634e-05,Retail Orders
2026-03-08,0.6487086824919864,2126339584.5799816,31,200055.1353303271,129777.50326589252,4186.371073093307,0.0001968815848349,Retail Orders
2026-03-09,0.6688128100944641,2192732569.6494327,50,241830.2255041686,161739.15268522096,3234.783053704419,0.0001475229172256,Retail Orders
2026-03-10,0.6985552020631187,2290669005.6282115,56,221960.17401867043,155051.43421157732,2768.775610921024,0.0001208719201298,Retail Orders
2026-03-11,0.69117815496782,2266537202.7473207,39,93432.31019373317,64578.37177408553,1655.8556865150135,7.305662949224543e-05,Retail Orders
2026-03-12,0.7162922797901224,2348307659.204808,56,280992.54489640374,201272.7905878734,3594.1569747834537,0.0001530530703971,Retail Orders
2026-03-13,0.7152470191635827,2344369433.1103954,33,90129.40804519698,64464.79044330536,1953.4784982819808,8.332639347247419e-05,Retail Orders
2026-03-14,0.7979482082236071,2622307821.84526,132,1093207.2319891031,872322.7519827941,6608.505696839349,0.0002520110584191,Retail Orders
2026-03-15,0.8028352832982436,2630724992.10847,78,1497582.3819181712,1202311.9758497332,15414.256100637604,0.0005859318684726,Normal
2026-03-16,0.8655536026943486,2833353953.9748664,87,351785.1637992895,304488.91590089654,3499.872596562029,0.0001235240161806,Retail Orders
2026-03-17,0.8377941077973324,2746387535.174722,67,245936.6102520804,206044.24296084192,3075.287208370775,0.0001119757197039,Retail Orders
2026-03-18,0.7751407622329872,2540045758.151041,57,312886.11740256683,242530.7835355456,4254.926026939396,0.0001675137549504,Retail Orders
2026-03-19,0.7494089189544199,2456343954.507568,51,224428.98696940503,168189.08450677744,3297.825186407401,0.0001342574674998,Retail Orders
2026-03-20,0.7517845138498929,2464320620.8172984,57,303324.0458334485,228034.3203358817,4000.6021111558193,0.0001623409745209,Retail Orders
2026-03-21,0.7397881368585055,2428850408.9653497,41,319038.1234771192,236020.61895397183,5756.600462291996,0.0002370092633553,Retail Orders
2026-03-22,0.7118518215362404,2337488150.23498,48,92767.02957878503,66036.37898416442,1375.7578955034253,5.8856251115759656e-05,Retail Orders
2026-03-23,0.705086786570447,2310737336.7965474,70,415970.77172757336,293295.49474462366,4189.935639208909,0.0001813246175793,Retail Orders
2026-03-24,0.7164296642777216,2349380811.535011,46,884348.414421541,633573.43764856,13773.335601055653,0.0005862538560556,Normal
2026-03-25,0.7391813582242124,2421677171.838921,70,274859.0789196739,203170.70727610053,2902.438675372865,0.000119852419188,Retail Orders
2026-03-26,0.6957980089983613,2280133360.927624,72,227428.37208929675,158244.20848947117,2197.836229020433,9.639068778530964e-05,Retail Orders
2026-03-27,0.6742406822539699,2210123236.395504,43,220557.2393941813,148708.663565185,3458.341013143837,0.0001564772930392,Retail Orders
2026-03-28,0.6720639064353443,2203026847.5068536,50,106292.22467402292,71435.16773812713,1428.7033547625426,6.485183584482385e-05,Retail Orders
2026-03-29,0.6685594300825468,2189403735.227403,44,150444.56692835593,100581.13392463722,2285.9348619235734,0.0001044090144336,Retail Orders
2026-03-30,0.686178063165446,2250515881.265686,52,599618.3224061093,411444.9391071381,7912.402675137271,0.0003515817302603,Retail Orders
2026-03-31,0.6963798418402346,2283344610.9804616,68,1309560.654093681,911951.6411779516,13411.053546734582,0.0005873425098533,Normal
2026-04-01,0.701178748895953,2299173101.1928806,50,288704.5967296768,202433.5279354254,4048.670558708508,0.0001760924637039,Retail Orders
2026-04-02,0.6721501699326334,2203591857.197086,42,160538.2184828243,107905.7908339126,2569.185496045538,0.0001165908054912,Retail Orders
2026-04-03,0.6761980488644423,2216434908.626114,36,177192.78450599813,119817.41515581352,3328.261532105931,0.0001501628366866,Retail Orders
2026-04-04,0.6695602199778385,2194878578.27449,25,171172.7238093961,114610.44660802504,4584.417864321002,0.0002088688599769,Retail Orders
2026-04-05,0.6708838385666792,2199399138.6308928,38,236014.3610227024,158338.22047977266,4166.795275783491,0.0001894515280376,Retail Orders
2026-04-06,0.6551963919663577,2148346330.4148984,48,154972.50114008796,101537.4236009879,2115.362991687248,9.846471035602156e-05,Retail Orders
2026-04-07,0.6757450354967638,2214975032.858372,59,4686073.171339861,3166590.681507488,53671.02850012692,0.002423098576911,Normal
2026-04-08,0.6583585277169123,2158062422.3416386,0,0.0,0.0,,,Normal
2026-04-09,0.6657854640548065,2182335230.211461,46,124255.42912550789,82727.4585416554,1798.4230117751174,8.24081922373061e-05,Retail Orders
2026-04-10,0.6933167837432972,2273085893.646603,69,475896.4714489516,329947.0109797709,4781.84073883726,0.0002103677978998,Retail Orders
2026-04-11,0.6809442757445296,2232022164.860424,33,300775.8701480557,204811.6070593985,6206.412335133287,0.0002780623074825,Retail Orders
2026-04-12,0.6648573104198243,2179045517.3490267,28,126270.9907862458,83952.1913181898,2998.292547078207,0.0001375966001263,Retail Orders
2026-04-13,0.6817688196647231,2233772112.266387,45,194437.424749151,132561.3735698771,2945.808301552824,0.0001318759548199,Retail Orders
2026-04-14,0.6545277315306679,2148546891.925392,61,156639.9796251492,102525.21053105894,1680.7411562468678,7.822687801524748e-05,Retail Orders
2026-04-15,0.6652134349471855,2179947349.9904056,46,136203.00928765812,90604.07165838649,1969.6537317040536,9.035327076650372e-05,Retail Orders
2026-04-16,0.6729553045507708,2206306433.3972406,56,339636.1566321892,228559.9532228681,4081.427736122646,0.0001849891599073,Retail Orders
2026-04-17,0.6813271434109135,2231332789.20086,57,215689.52210084835,146955.1259566361,2578.160104502388,0.0001155435046255,Retail Orders
2026-04-18,0.6614302241565981,2169054057.8849072,34,66734.2767822729,44140.06765102722,1298.2372838537417,5.985269381066887e-05,Retail Orders
2026-04-19,0.6216488460157242,2039722363.8052545,46,215605.74264863523,134031.0611118873,2913.718719823637,0.0001428487901847,Retail Orders
2026-04-20,0.6304361908575129,2071544276.6652029,50,321100.4665080723,202433.3549879195,4048.66709975839,0.0001954419775316,Retail Orders
2026-04-21,0.6310477361162388,2068698464.452612,47,186491.6823417892,117685.15394629475,2503.939445665846,0.0001210393630919,Retail Orders
2026-04-22,0.6448348127504632,2113788948.2949965,51,1097973.833193005,708011.7511319198,13882.58335552784,0.0006567629832072,Normal
2026-04-23,0.6476784362694739,2122863701.828153,27,68602.61565959711,44432.434834403575,1645.64573460754,7.752008445904248e-05,Retail Orders
2026-04-24,0.6472441052273745,2121629967.2113333,29,267366.28284142894,173051.2505056698,5967.28450019551,0.0002812594369619,Retail Orders
2026-04-25,0.6589893845758344,2159961952.58618,41,77875.71455109635,51319.26920543033,1251.689492815374,5.794960838623536e-05,Retail Orders
2026-04-26,0.656006911664961,2149930519.775376,24,120851.58609183755,79279.47576191851,3303.311490079938,0.0001536473602144,Retail Orders
2026-04-27,0.6370177711020548,2088038736.3890903,36,112870.0236803127,71900.21090906895,1997.2280808074709,9.56509113552816e-05,Retail Orders
2026-04-28,0.629981488776174,2080117054.5433664,38,107666.3701237255,67827.82014167117,1784.942635307136,8.580972072742184e-05,Retail Orders
2026-04-29,0.6246086805725245,2062645364.4053783,36,145823.53148653542,91082.64359823088,2530.073433284191,0.0001226615819153,Retail Orders
2026-04-30,0.6274604461288982,2071229852.378476,35,145359.94495701988,91207.61591200376,2605.931883200108,0.000125815678072,Retail Orders
2026-05-01,0.6299544152422459,2079360220.4733312,28,231096.0449015441,145579.97383074803,5199.284779669572,0.0002500425240647,Retail Orders
2026-05-02,0.6308504554685483,2083271524.8966005,23,99832.96251471376,62979.6698731817,2738.2465162252915,0.0001314397323393,Retail Orders
2026-05-03,0.6316739370892669,2085973294.0448155,33,323376.84418948786,204268.7243326762,6189.96134341443,0.0002967421184674,Retail Orders
2026-05-04,0.6386939199510246,2109155344.0147028,59,124653.68735717455,79615.5522145033,1349.4161392288695,6.397898301128941e-05,Retail Orders
2026-05-05,0.6452370940568769,2130750530.659992,46,326932.12125013967,210948.73186929067,4585.841997158493,0.0002152219103631,Retail Orders
2026-05-06,0.667767620613975,2205391632.86952,48,82448.59588920476,55056.50269989742,1147.0104729145296,5.200937809953101e-05,Retail Orders
2026-05-07,0.6617783324847344,2185386869.848936,41,52877.94754362336,34993.479950634326,853.4995109910811,3.905484757717424e-05,Retail Orders
2026-05-08,0.6847799634856389,2260809835.6482105,31,670398.8514853886,459075.70104097866,14808.893581967051,0.0006550260596208,Normal
2026-05-09,0.6829261756281505,2254564557.2698627,42,114536.71511414232,78220.12082191219,1862.383829093148,8.260503444391845e-05,Retail Orders
2026-05-10,0.713550692953707,2355116060.05914,51,258811.84710940125,184675.37284954207,3621.085742147885,0.0001537540252711,Retail Orders
2026-05-11,0.6979003725919751,2304668370.516882,44,150234.48624732267,104848.70392817043,2382.9250892766013,0.0001033955739472,Retail Orders
2026-05-12,0.6668213675386042,2202588348.485261,47,163107.89198178833,108763.82758763504,2314.123991226277,0.0001050638442184,Retail Orders
2026-05-13,0.6719668504334242,2218491342.839097,52,1626675.528643912,1093072.0316599747,21020.61599346105,0.0009475185044698,Normal
2026-05-14,0.6954503614001929,2296612901.849912,49,168305.48193764026,117048.10823916557,2388.736902840113,0.0001040112985917,Retail Orders
2026-05-15,0.6661691507701145,2198479641.633607,32,36986.58140342556,24639.319523409715,769.9787351065536,3.502323699183366e-05,Retail Orders
2026-05-16,0.6428109513722415,2122873014.357217,30,96143.85068907432,61802.32013003461,2060.0773376678203,9.704194851671754e-05,Retail Orders
2026-05-17,0.6357660002352278,2092733320.571376,31,135384.20141510144,86072.6722287195,2776.537813829661,0.0001326751854398,Retail Orders
2026-05-18,0.6273482849743562,2071990350.901192,39,66552.83520643704,41751.807026939234,1070.5591545369034,5.166815347722416e-05,Retail Orders
2026-05-19,0.6237664129354996,2059498848.361556,46,118133.51010778024,73687.71584740967,1601.9068662480363,7.77813916974239e-05,Retail Orders
2026-05-20,0.6644277866754779,2193991395.318159,43,274271.9229542167,182233.88671569744,4237.997365481336,0.0001931638097817,Retail Orders
2026-05-21,0.6775585152217861,2237354043.851945,52,200402.847102279,135784.65552883878,2611.243375554592,0.0001167112278331,Retail Orders
2026-05-22,0.6365596589477902,2100948753.313338,40,236347.9639841853,150449.5793467776,3761.23948366944,0.0001790257605159,Retail Orders
2026-05-23,0.6645760873486783,2194448514.3561983,37,214992.2598672501,142878.71487282735,3861.586888454793,0.0001759707217185,Retail Orders
2026-05-24,0.6515176326911817,2151795242.548071,38,120892.21157986508,78763.40749931516,2072.721249981978,9.632520831896364e-05,Retail Orders
2026-05-25,0.6527910600311704,2155705738.69042,44,385300.0396157229,251520.42129079963,5716.373211154537,0.0002651740962858,Retail Orders
2026-05-26,0.6362874509171215,2101208474.842296,44,116332.94337673685,74021.19199886972,1682.29981815613,8.006344150512687e-05,Retail Orders
2026-05-27,0.6261933690960684,2068082935.192581,54,154918.4634172641,97008.91454244262,1796.4613804156045,8.686602214278785e-05,Retail Orders
2026-05-28,0.6287475583103083,2076477747.9248488,46,197348.9251510588,124082.65482389196,2697.4490179106947,0.0001299050288695,Retail Orders
2026-05-29,0.6425720150500298,2120183739.4202192,59,414670.2646408067,266455.5075315723,4516.195042908005,0.0002130096066175,Retail Orders
2026-05-30,0.6779704212187009,2242400310.9957137,44,327743.1772036146,222200.17990028992,5050.004088642952,0.0002252052884527,Retail Orders
2026-05-31,0.6657927318657153,2198183733.1058407,46,151348.11988212328,100766.47819905863,2190.575613023014,9.96538906203224e-05,Retail Orders
2026-06-01,0.6366126467243055,2102331649.8367107,54,738648.6477426477,470233.0706387762,8708.019826644004,0.0004142077120572,Retail Orders
2026-06-02,0.6062318823491264,2002888876.2943995,48,229292.74646669536,139004.57329950572,2895.928610406369,0.0001445875827002,Retail Orders
2026-06-03,0.5962827129183232,1969305753.30893,58,131652.82496054104,78502.30363083255,1353.487993635044,6.872919511664672e-05,Retail Orders
2026-06-04,0.5559870478243498,1836032904.793592,67,728590.2358180494,405086.7342861241,6046.070660986928,0.0003293007791527,Retail Orders
2026-06-05,0.5176856804590735,1709130642.099669,85,349307.62534657243,180831.55571708345,2127.430067259805,0.000124474397384,Retail Orders
2026-06-06,0.5145435877056159,1699174399.2506073,44,161625.53349967787,83163.38187175847,1890.0768607217835,0.000111235012813,Retail Orders
2026-06-07,0.5427255031099453,1791556667.976773,47,243925.6210696567,132384.6554164353,2816.694796094368,0.0001572205248341,Retail Orders
2026-06-08,0.546318912565885,1803506840.190529,44,16368.091700008026,8942.198058327074,203.23177405288808,1.1268699930820218e-05,Retail Orders
2026-06-09,0.5362270310787046,1770573752.9938505,35,70288.85733200535,37690.78528505587,1076.8795795730248,6.0820938848333024e-05,Retail Orders
2026-06-10,0.5288703604632977,1745617830.825326,55,252593.63400412048,133589.2862664935,2428.896113936245,0.0001391424898992,Retail Orders
2026-06-11,0.5404942418994498,1783519594.53419,41,169153.84437135642,91426.6788778738,2229.918997021312,0.0001250291280149,Retail Orders
2026-06-12,0.5364263325216765,1771155956.958628,0,0.0,0.0,,,Normal
2026-06-13,0.5566795547158433,1838104098.3140028,0,0.0,0.0,,,Normal
2026-06-14,0.5692658800283471,1879900037.5146124,31,141607.6581270992,80612.40812247644,2600.4002620153688,0.0001383265179064,Retail Orders
2026-06-15,0.5765982567704868,1902951116.682059,50,110250.99004690627,63570.528668266445,1271.410573365329,6.681257139080538e-05,Retail Orders
2026-06-16,0.5570436787813242,1839265851.8099887,68,438652.96979448595,244348.86400267357,3593.3656470981405,0.00019536956245677986,Retail Orders
2026-06-17,0.541986860708161,1789800165.5253367,41,64561.38915490165,34991.42463102306,853.4493812444648,4.76840598008305e-05,Retail Orders
2026-06-18,0.5307432501938816,1752670453.6846,40,612931.5004301685,325309.25668452017,8132.731417113004,0.0004640194281826195,Retail Orders
