day,price,market_cap,buyers,total_buy_qty,total_buy_usd,avg_buy_usd,ratio_pct,bucket
2023-07-14,0.646829457,96935737.57,4,230.0,148.77077511000002,37.192693777500004,3.83684023146181e-05,Retail Orders
2023-07-15,0.646829457,96935737.57,0,0.0,0.0,,,Normal
2023-07-16,0.646829457,96935737.57,0,0.0,0.0,,,Normal
2023-07-17,0.646829457,96935737.57,2,20499792.0,13259869.327972945,6629934.663986472,6.839515363669474,Mega Whale Orders
2023-07-18,0.646829457,96935737.57,27521,13483924.765229367,8721799.734122165,316.9143466488196,0.0003269324137756387,Retail Orders
2023-07-19,0.646829457,96935737.57,3563,1423105.1018059398,920506.3002550659,258.3514735489941,0.0002665182934853426,Retail Orders
2023-07-20,0.612541521,91797248.08,795,444621.5783605127,272349.1778783691,342.5775822369423,0.00037318938138362364,Retail Orders
2023-07-21,0.586083439,87832163.21,483,274359.33403824986,160797.46201488725,332.9140000308225,0.00037903427157412776,Retail Orders
2023-07-22,0.636432566,95445486.78,546,376409.2005730609,239559.07338672184,438.7528816606627,0.00045968950074295247,Retail Orders
2023-07-23,0.62224214,93376590.04,262,87768.53446749994,54613.280711720916,208.4476363042783,0.00022323329242906063,Retail Orders
2023-07-24,0.597445361,89547284.41,176,193141.50705672798,115391.49740759088,655.6335079976755,0.0007321645902692042,Normal
2023-07-25,0.530439258,78541343.21,174,213304.72318704118,113145.19909522953,650.2597649151122,0.0008279203516757786,Normal
2023-07-26,0.51267894,76854539.53,125,1740409.9172889104,892271.5115611663,7138.17209248933,0.009287899109333626,Small Whale Orders
2023-07-27,0.543408563,81126357.65,94,149357.63591971312,81162.21830820848,863.4278543426434,0.0010643000368236592,Normal
2023-07-28,0.557870054,83712007.26,93,171776.13487488526,95828.76163856353,1030.416791812511,0.001230906802428179,Normal
2023-07-29,0.541070253,81181573.57,65,85061.14288220179,46024.054099742076,708.0623707652627,0.0008721959179009084,Normal
2023-07-30,0.520036569,78213621.58,65,78249.89440394056,40692.80661043755,626.0431786221161,0.0008004272989478875,Normal
2023-07-31,0.505134484,76039185.04,60,60862.361402653325,30743.677522150807,512.3946253691801,0.000673856019234869,Normal
2023-08-01,0.50844733,76300842.19,39,55600.21837654184,28269.78258096963,724.8662200248623,0.0009500107721220716,Normal
2023-08-02,0.506081381,75728456.97,53,8561948.688504456,4333042.816329474,81755.52483640517,0.10795878868731315,Big Whale Orders
2023-08-03,0.470809084,70626893.97,58,69985.82555160878,32949.96242093672,568.1028003609779,0.0008043717745853151,Normal
2023-08-04,0.459825819,69027435.87,39,1064382.484509663,489430.54766891064,12549.50122227976,0.0181804539950091,Small Whale Orders
2023-08-05,0.455571307,68279040.62,46,176176.5215330621,80260.96817753074,1744.8036560332769,0.0025554015407799925,Normal
2023-08-06,0.423870986,63637153.15,51,283257.03726813174,120064.43967828176,2354.204699574152,0.003699418630536511,Normal
2023-08-07,0.442910769,66467409.65,24,19158.952508195085,8485.706388639162,353.57109952663177,0.0005319465605601975,Normal
2023-08-08,0.421356046,63123747.38,31,1136444.1580819373,478847.61694920406,15446.697320942067,0.024470501137953935,Small Whale Orders
2023-08-09,0.421502353,63093374.69,38,82640.99983803628,34833.37588600491,916.6677864738135,0.001452874871534017,Normal
2023-08-10,0.424579038,63762319.21,39,29637.935276053562,12583.646047813087,322.65759096956634,0.0005060317676132507,Normal
2023-08-11,0.412052776,61757024.95,28,27841.341550790294,11472.102073567285,409.7179311988316,0.0006634353444495573,Normal
2023-08-12,0.419833104,63017735.27,29,54009.76792562656,22675.08851453544,781.899603949498,0.0012407611930188268,Normal
2023-08-13,0.435983885,65381541.67,33,27368.69291345087,11932.309063778279,361.58512314479634,0.0005530385394853849,Normal
2023-08-14,0.425877114,63916386.59,40,40094.94847146965,17075.520941008206,426.88802352520514,0.0006678851016149177,Normal
2023-08-15,0.429668639,64412298.92,41,123548.45684137894,53084.89730158553,1294.7535927215984,0.002010103061729998,Normal
2023-08-16,0.367174611,55010906.67,36,120097.88379971635,44096.89376608405,1224.913715724557,0.002226674290377692,Normal
2023-08-17,0.379371169,56899854.86,24,60133.073092199265,22812.754234550077,950.5314264395865,0.0016705340088798717,Normal
2023-08-18,0.371846198,55949173.04,24,707876.9615862824,263221.35681765113,10967.556534068797,0.0196027142818138,Small Whale Orders
2023-08-19,0.406835672,61011116.48,19,78999.40320354704,32139.775289914018,1691.5671205217905,0.002772555590055956,Normal
2023-08-20,0.401661114,60442610.8,9,3205.849786111487,1287.6651964062016,143.07391071180018,0.00023671034195597686,Retail Orders
2023-08-21,0.404076904,60637407.89,35,41292.90134316822,16685.507731924856,476.7287923407102,0.0007861958631304386,Normal
2023-08-22,0.411551117,61760201.59,34,281680.3340055075,115925.85609689972,3409.5840028499915,0.0055206814664964755,Small Whale Orders
2023-08-23,0.394358807,59103381.41,31,1692126.4092413546,667304.9520416142,21525.96619489078,0.03642087082220425,Small Whale Orders
2023-08-24,0.428516543,64333010.63,38,22264.44024946067,9540.680967528944,251.07055177707747,0.0003902670640133191,Retail Orders
2023-08-25,0.415065107,61786143.11,24,206158.91718881612,85569.37302198011,3565.3905425825046,0.005770534238129926,Small Whale Orders
2023-08-26,0.389763435,58458221.61,32,18278.30646962279,7124.215515582901,222.63173486196567,0.0003808390483501841,Retail Orders
2023-08-27,0.380421315,56992053.95,13,42217.483510588754,16060.43059308899,1235.4177379299222,0.0021677017273561906,Normal
2023-08-28,0.383792545,57375690.56,207,294718.9418053812,113110.93273519416,546.4296267400684,0.0009523713290538014,Normal
2023-08-29,0.378604899,56811654.99,58,5287438.854913805,2001850.2536333166,34514.65954540201,0.06075277960389869,Big Whale Orders
2023-08-30,0.439186035,65054047.23,32,271457.302360369,119220.2562954466,3725.633009232706,0.005726981130106556,Small Whale Orders
2023-08-31,0.444103373,67140683.57,20,39284.71883744153,17446.47614306442,872.3238071532211,0.0012992477299456561,Normal
2023-09-01,0.408515136,61251290.79,79,504792.0981310526,206215.2126197323,2610.319147085219,0.004261655735606775,Normal
2023-09-02,0.501873213,76309401.88,54,100023.52156126173,50199.1261415252,929.6134470652815,0.0012182161361022604,Normal
2023-09-03,0.425503804,64165997.93,20,5580.484362509163,2374.5173244101634,118.72586622050817,0.00018502925233085073,Retail Orders
2023-09-04,0.410102752,61572213.28,40,41472.34205127999,17007.92160711525,425.1980401778813,0.0006905680623242999,Normal
2023-09-05,0.380710876,57017736.66,24,182209.07745847976,69368.97749436967,2890.3740622654027,0.005069254290995217,Small Whale Orders
2023-09-06,0.381658896,57171262.35,34,23411.129258008317,8935.065746724755,262.7960513742575,0.0004596645947144413,Retail Orders
2023-09-07,0.38577241,57889127.53,25,114037.06763023711,43992.35440904956,1759.6941763619825,0.0030397662764049304,Normal
2023-09-08,0.390500419,58395510.72,31,32456.00331801679,12674.082894750945,408.8413837016434,0.000700124681950283,Normal
2023-09-09,0.380900546,57113963.59,24,18370.589914458295,6997.367728759258,291.5569886983024,0.0005104828493278492,Normal
2023-09-10,0.377263659,56602704.73,27,57007.796095890866,21506.9697466617,796.5544350615445,0.0014072727422853395,Normal
2023-09-11,0.345843057,51948835.24,36,105320.59916855025,36424.39798152308,1011.7888328200855,0.0019476641355781928,Normal
2023-09-12,0.332703112,50047386.51,26,30186.703462532878,10043.210183005865,386.2773147309948,0.0007718231493542874,Normal
2023-09-13,0.333995345,50153778.51,17,79733.29853356579,26630.5505517063,1566.5029736297822,0.0031233997121820887,Normal
2023-09-14,0.342441388,51424161.73,21,20634.586249990225,7066.1363562523675,336.48268363106513,0.0006543279896282038,Normal
2023-09-15,0.345110459,51825455.63,31,89308.6377913132,30821.344980824844,994.2369348653176,0.0019184335627717808,Normal
2023-09-16,0.374001102,56053990.96,42,110060.33561046005,41162.6868048019,980.0639715429024,0.0017484285324880324,Normal
2023-09-17,0.373266692,55927739.61,32,49871.04514871421,18615.2000492432,581.72500153885,0.0010401368007993592,Normal
2023-09-18,0.357482748,53344069.55,29,64432.3646677213,23033.458781555117,794.2571993639696,0.0014889325206422493,Normal
2023-09-19,0.380060321,57122241.05,44,219300.1753389152,83347.29503466438,1894.2567053332814,0.0033161456387455256,Normal
2023-09-20,0.402845789,60292669.91,28,13184.385691599706,5311.274256412794,189.68836630045692,0.00031461264957018543,Retail Orders
2023-09-21,0.398077656,59977738.51,18,111492.5658623473,44382.699279908826,2465.7055155504904,0.004111034488470063,Normal
2023-09-22,0.376234448,56429389.51,23,6732.324369467861,2532.9323429036885,110.12749316972558,0.0001951598167657114,Retail Orders
2023-09-23,0.371826355,55733081.62,19,15175.740931152104,5642.740434854593,296.9863386765575,0.0005328726315574537,Normal
2023-09-24,0.362966348,54487263.79,19,39202.36951392446,14229.140895415698,748.9021523902999,0.0013744535884140786,Normal
2023-09-25,0.356843417,53616752.37,31,54906.670094627494,19593.08377265859,632.0349604083416,0.0011788012747336446,Normal
2023-09-26,0.381499192,57263511.89,30,31098.284034855697,11863.970231883948,395.4656743961316,0.0006906067430090543,Normal
2023-09-27,0.378187615,56701538.61,63,108686.05732239918,41103.72080251143,652.4400127382767,0.0011506566289599962,Normal
2023-09-28,0.383703005,57502302.28,54,35364.93144631041,13569.6304675683,251.28945310311667,0.0004370076381976765,Retail Orders
2023-09-29,0.3955706,59272489.25,179,86458.09727073798,34200.281412244185,191.06302464940885,0.0003223468881887879,Retail Orders
2023-09-30,0.405511177,60928265.3,55,97676.04995930957,39608.72998371043,720.1587269765532,0.001181978058017275,Normal
2023-10-01,0.417281376,62618909.91,41,47698.811324983064,19903.825623253313,485.45916154276375,0.0007752596815251136,Normal
2023-10-02,0.445844847,66803505.11,29,48610.276925322156,21672.641478397887,747.3324647723409,0.0011187024745808894,Normal
2023-10-03,0.432188998,64739002.95,31,25826505.197560485,11161931.403175458,360062.3033282406,0.5561752373701649,Mega Whale Orders
2023-10-04,0.379349721,56878642.88,33,23839.473093461347,9043.497466791567,274.04537778156265,0.0004818071668125613,Retail Orders
2023-10-05,0.403183518,60363984.45,60,31319627.060897924,12627557.420860825,210459.29034768042,0.3486504283394441,Big Whale Orders
2023-10-06,0.369313762,55393719.43,31,43758.94926322173,16160.782173567544,521.3155539860498,0.0009411094964381775,Normal
2023-10-07,0.373170203,55998536.51,27,13095.2743652121,4886.766193206895,180.99134048914425,0.00032320726892000746,Retail Orders
2023-10-08,0.371022535,55646621.74,31,353771.2843516185,131257.11873034333,4234.100604204624,0.007608908630586393,Small Whale Orders
2023-10-09,0.362049957,54335140.12,27,55370.4169004147,20046.85705786721,742.4761873284152,0.001366475149762465,Normal
2023-10-10,0.346811599,52029159.25,24,61203.24699546755,21225.99595449005,884.416498103752,0.0016998477600880166,Normal
2023-10-11,0.337139371,50625349.97,37,139506.63575477013,47033.17942868931,1271.1670115861975,0.00251092982535326,Normal
2023-10-12,0.337515551,50561405.2,26,170166.41783464683,57433.812277157056,2208.992779890656,0.004368930750940948,Normal
2023-10-13,0.334709927,50196763.47,27,174004.86799670724,58241.15666482252,2157.0798764749084,0.004297248920767736,Normal
2023-10-14,0.336188149,50427304.27,22,8919.618393325512,2998.6699974384583,136.30318170174812,0.0002702963873935197,Retail Orders
2023-10-15,0.33163894,49931102.3,22,58904.22018492239,19534.933143654263,887.9515065297393,0.0017783535023814991,Normal
2023-10-16,0.33044119,49581485.23,45,20222201.630057238,6682248.371056054,148494.40824569008,0.29949568383611347,Big Whale Orders
2023-10-17,0.342877825,51669026.42,34,157913.01347284013,54144.87059876312,1592.4961940812682,0.0030821099301086238,Normal
2023-10-18,0.305526056,45807355.85,38,227529.3408682375,69516.14213975222,1829.3721615724269,0.003993620953723805,Normal
2023-10-19,0.291168178,43678380.94,40,361822.95830064866,105351.33152696985,2633.783288174246,0.006029947153472137,Small Whale Orders
2023-10-20,0.299550779,44796772.7,39,6908380.719956002,2069410.8262914012,53061.81605875387,0.1184500866035688,Big Whale Orders
2023-10-21,0.310235069,46519665.43,25,3636076.8577380218,1128038.5548496582,45121.54219398633,0.09699455440384136,Big Whale Orders
2023-10-22,0.321136363,54705316.74,20,89080.37270822428,28606.946906203604,1430.3473453101801,0.002614640460100515,Normal
2023-10-23,0.325438017,54847579.7,40,939394.5435420295,305714.69743093825,7642.867435773456,0.013934739650459828,Small Whale Orders
2023-10-24,0.349379288,59034893.05,50,586674.7143551213,204971.99398899564,4099.439879779913,0.006944096394496497,Small Whale Orders
2023-10-25,0.363065593,61781345.42,46,336326.908149322,122108.72834909012,2654.537572806307,0.004296665206560837,Normal
2023-10-26,0.386924359,65941427.04,21,75408.19616078718,29177.267962858834,1389.3937125170874,0.002107011896594659,Normal
2023-10-27,0.38263265,65273734.41,33,221162.06050822503,84623.82529172249,2564.358342173409,0.003928622079542835,Normal
2023-10-28,0.367908918,62717196.01,25,151426.8878971525,55711.30248234867,2228.452099293947,0.0035531755898950417,Normal
2023-10-29,0.384502203,65587239.57,29,317149.9839539403,121944.8675117047,4204.995431438093,0.006411301129620163,Small Whale Orders
2023-10-30,0.390291044,66533311.48,26,85304.89931905057,33293.73821354714,1280.5283928287363,0.0019246425051512202,Normal
2023-10-31,0.394017167,67210236.54,36,290417.035267687,114429.2974847131,3178.591596797586,0.00472932660325612,Normal
2023-11-01,0.370625018,63052841.61,36,367540.37462712626,136219.6579619054,3783.879387830706,0.006001124281178462,Small Whale Orders
2023-11-02,0.370308826,63160731.24,33,284653.21678841126,105409.59852604005,3194.2302583648498,0.0050573041123088336,Small Whale Orders
2023-11-03,0.353677376,60386254.65,23,250369.85197353974,88550.15227550996,3850.006620674346,0.006375634062733423,Small Whale Orders
2023-11-04,0.352306667,59942697.43,38,170267.23904565923,59986.28348746847,1578.5864075649597,0.002633492444026905,Normal
2023-11-05,0.367018783,62627314.58,38,121939.19255653721,44753.97405210295,1177.7361592658672,0.0018805471177618985,Normal
2023-11-06,0.384104007,65417424.24,33,1097847.4768455331,421687.614931209,12778.412573673,0.019533652879380015,Small Whale Orders
2023-11-07,0.391691278,66508402.83,35,302605.2883956133,118527.85214123635,3386.5100611781813,0.005091852934484581,Small Whale Orders
2023-11-08,0.373504197,63666419.15,29,101919.1968924607,38067.247794203424,1312.6637170414974,0.0020617834873810355,Normal
2023-11-09,0.384866483,65595020.02,46,3897835.0294814054,1500146.0591107097,32611.87085023282,0.04971699199160152,Small Whale Orders
2023-11-10,0.381523645,64756997.49,33,176808.76552552648,67456.72469124921,2044.1431724620973,0.0031566367368681056,Normal
2023-11-11,0.412009522,70287574.27,29,230790.7758317848,95087.99723246279,3278.8964562918204,0.004664973134079707,Normal
2023-11-12,0.42813825,72164873.47,24,74372.51919282993,31841.720215309615,1326.7383423045674,0.0018384821846270016,Normal
2023-11-13,0.434624378,73941975.81,38,397835.7550412194,172909.11758095032,4550.239936340798,0.006153798145769074,Small Whale Orders
2023-11-14,0.457683368,78169311.19,26,248339.08515584687,113660.6689001668,4371.5641884679535,0.005592430228587196,Small Whale Orders
2023-11-15,0.476473163,81319487.42,79,729993.3458260123,347822.2384546729,4402.81314499586,0.005414216548434634,Small Whale Orders
2023-11-16,0.534701956,90779123.58,54,1177533.5555208542,629629.4953926355,11659.80547023399,0.012844148533730525,Small Whale Orders
2023-11-17,0.465560761,78950375.34,55,26506743.4396972,12340499.647417186,224372.72086213066,0.28419462212290814,Big Whale Orders
2023-11-18,0.423957456,72272749.67,35,162111.71391564372,68728.46981947611,1963.6705662707461,0.0027170276144700975,Normal
2023-11-19,0.412565843,70365050.15,39,181036.03015257223,74689.28239326937,1915.109804955625,0.0027216775954441988,Normal
2023-11-20,0.441410605,75416571.5,35,304811.4821258626,134547.0207361237,3844.200592460677,0.005097288985698159,Small Whale Orders
2023-11-21,0.424909808,72384819.61,76,1300588.271147116,552632.712580173,7271.483060265435,0.01004559118810165,Small Whale Orders
2023-11-22,0.379494801,64726376.99,88,646733.908787501,245432.15601526486,2789.0017729007373,0.0043089106830923474,Normal
2023-11-23,0.41195125,70384907.33,44,123825.5358512085,51010.084275825146,1159.3200971778442,0.0016471146175448751,Normal
2023-11-24,0.414332731,70703234.39,39,360397.72485319606,149324.57358461132,3828.8352201182392,0.005415360772603885,Small Whale Orders
2023-11-25,0.472128462,80541695.88,52,387076.7544984556,182749.95277730745,3514.422168794374,0.0043634817101822045,Normal
2023-11-26,0.491234826,83946193.6,36,417013.1799451865,204851.39689008036,5690.31658028001,0.006778528407606096,Small Whale Orders
2023-11-27,0.457414904,78015791.03,33,156030.02285463025,71370.4579251685,2162.7411492475303,0.0027721838370079145,Normal
2023-11-28,0.432691209,73677422.94,28,170090.4064901209,73596.62362351186,2628.450843696852,0.0035675119172359753,Normal
2023-11-29,0.46267496,78845798.39,57,1091184.2188566837,504863.6148121474,8857.256400213113,0.011233644126985564,Small Whale Orders
2023-11-30,0.460439626,79070983.51,48,424023.9288061839,195237.41919456996,4067.4462332202074,0.005144044063529073,Small Whale Orders
2023-12-01,0.441548831,75397073.33,24,404826.8067115617,178750.803260953,7447.950135873041,0.009878301380843587,Small Whale Orders
2023-12-02,0.469398416,79803064.56,55,773430.1482705874,363046.8864848589,6600.852481542888,0.008271427316654026,Small Whale Orders
2023-12-03,0.531722149,90718897.37,41,198799.75935724826,105706.2352661189,2578.2008601492416,0.0028419667069298302,Normal
2023-12-04,0.524555537,89476031.51,45,1360433.1126276527,713622.7219469799,15858.282709932886,0.01772349806122161,Small Whale Orders
2023-12-05,0.506495015,86328321.16,53,616640.1042431896,312325.13884825585,5892.927148080299,0.006826180642570832,Small Whale Orders
2023-12-06,0.526059632,88642905.68,47,1092973.970226287,574969.4845628195,12233.393288570627,0.013800758441665995,Small Whale Orders
2023-12-07,0.493112965,84151654.58,55,679531.0952415997,335085.59318428265,6092.465330623321,0.007239863982509614,Small Whale Orders
2023-12-08,0.521146946,88651458.81,52,585975.4420253731,305379.31204252323,5872.679077740831,0.006624458476568673,Small Whale Orders
2023-12-09,0.55078764,93565595.61,55,1198095.7082845527,659896.3076601772,11998.114684730495,0.012823212000638592,Small Whale Orders
2023-12-10,0.52070114,88709024.55,55,233267.35764281498,121462.57904940148,2208.410528170936,0.0024894992807932255,Normal
2023-12-11,0.518474716,88275446.7,56,554628.284657266,287560.74237324315,5135.013256665056,0.005817034576008615,Small Whale Orders
2023-12-12,0.475551084,81224226.65,64,2403656.386517467,1143061.4001719044,17860.334377686006,0.021988925120392026,Small Whale Orders
2023-12-13,0.472847836,80654241.12,38,965599.0503484741,456581.421400931,12015.300563182396,0.014897295413524058,Small Whale Orders
2023-12-14,0.481110062,81908782.64,44,133658.95596593566,64304.66859162658,1461.469740718786,0.0017842650001796997,Normal
2023-12-15,0.49841847,85115820.94,37,649673.6546041011,323809.34892708453,8751.604025056338,0.010281994496916778,Small Whale Orders
2023-12-16,0.469435393,80422814.15,55,348711.20000142744,163697.37921617168,2976.315985748576,0.0037008354124456813,Normal
2023-12-17,0.528553976,90412061.63,81,871475.3094808945,460621.7398119573,5686.688145826633,0.006289745022183754,Small Whale Orders
2023-12-18,0.61468998,104987492.8,48,1230720.2051657555,756511.3782989341,15760.653714561127,0.015011934559276501,Small Whale Orders
2023-12-19,0.540319694,92119723.38,46,315781.3166055595,170622.86435923303,3709.192703461588,0.004026491360770723,Normal
2023-12-20,0.597635594,101849962.2,72,1450600.7083773087,866930.6160078936,12040.703000109634,0.01182200046031007,Small Whale Orders
2023-12-21,0.740157527,126124453.4,55,114080.29828639473,84437.39145908026,1535.2252992560047,0.0012172304877207934,Normal
2023-12-22,0.721867026,123057512.3,43,351556.07832408644,253776.74073203132,5901.784668186775,0.004795956425479256,Normal
2023-12-23,0.689341077,117257704.3,41,772251.7312511655,532344.8401357931,12984.020491116904,0.011073063871264027,Small Whale Orders
2023-12-24,0.65861686,112490248.6,58,349567.62739853346,230231.13311487206,3969.502295084001,0.0035287523536364565,Normal
2023-12-25,0.675613104,115536256.5,53,811811.7892219125,548470.68278001,10348.503448679436,0.008956931583359234,Small Whale Orders
2023-12-26,0.678089544,115852911.8,49,395404.3143206476,268119.53119332064,5471.827167210626,0.004723081260708223,Normal
2023-12-27,0.697511837,118996826.5,59,314668.64670549537,219485.10580985408,3720.0865391500693,0.003126206512028343,Normal
2023-12-28,0.637921919,109329319.4,71,2484403.2198749706,1584855.2695924202,22321.905205527044,0.02041712628234567,Small Whale Orders
2023-12-29,0.619498713,105953489.5,60,102692.84237421748,63618.083685139594,1060.3013947523266,0.0010007234303994552,Normal
2023-12-30,0.6074154,103596052.0,46,91080.20654478254,55323.52009048171,1202.6852193582981,0.0011609373100031825,Normal
2023-12-31,0.612352056,104499283.9,40,83788.44588845229,51308.027108838505,1282.7006777209626,0.001227473174790782,Normal
2024-01-01,0.587050782,100268457.8,31,240676.2882710347,141289.20323836835,4557.716233495753,0.0045455134480942945,Normal
2024-01-02,0.608557221,103605101.4,34,680271.0609281141,413983.8663651348,12175.996069562787,0.011752313259704784,Small Whale Orders
2024-01-03,0.638448652,108515405.7,48,697404.6674787145,445257.0698502935,9276.188955214448,0.008548269156233222,Small Whale Orders
2024-01-04,0.573557371,97697725.51,43,89825.35326487572,51519.99346774839,1198.1393829708927,0.0012263738758670028,Normal
2024-01-05,0.622719026,106119017.5,41,422727.99947922793,263240.7680986333,6420.506538991057,0.006050288336858242,Small Whale Orders
2024-01-06,0.594957445,101631189.2,26,123217.44607091794,73309.13689377863,2819.582188222255,0.0027743276551390143,Normal
2024-01-07,0.549692158,93715478.55,28,49713.770489330454,27327.269782596777,975.9739208070278,0.0010414223305559034,Normal
2024-01-08,0.505670453,85927203.55,57,1353405.8667279198,684377.3577211648,12006.620310897628,0.013973014150182511,Small Whale Orders
2024-01-09,0.535850312,91397523.91,50,251055.64384969528,134528.2450862201,2690.564901724402,0.002943805025149069,Normal
2024-01-10,0.496119705,84265021.87,71,275145.3224164915,136505.01618939967,1922.6058618225306,0.0022816179467545074,Normal
2024-01-11,0.554472729,94933963.43,60,272497.768042092,151092.58109270773,2518.209684878462,0.0026525909104545874,Normal
2024-01-12,0.579715184,98894129.12,50,265604.92531104287,153975.20814799747,3079.5041629599496,0.0031139403222037792,Normal
2024-01-13,0.562736165,95730840.54,82,328768.4598558028,185009.90227221095,2256.2183203928166,0.0023568353810181812,Normal
2024-01-14,0.554462046,94414860.65,42,54798.92250758148,30383.92269214908,723.4267307654543,0.0007662212556212189,Normal
2024-01-15,0.537398308,91642325.26,33,52268.080428984875,28088.777984944387,851.1750904528602,0.0009288012804541754,Normal
2024-01-16,0.578499199,98659811.3,39,112721.4256857353,65209.2544693359,1672.0321658804078,0.0016947449461424298,Normal
2024-01-17,0.615050575,104820020.8,30,164178.23644667203,100977.9187290116,3365.9306243003866,0.0032111524102086293,Normal
2024-01-18,0.617700957,104979248.0,307,294926.3931977411,182176.31532280298,593.408193233886,0.0005652623776023676,Normal
2024-01-19,0.553072048,94261798.5,62,402013.3113425493,222342.32542748537,3586.16653915299,0.003804474979493405,Normal
2024-01-20,0.527103954,89834253.79,53,842496.7277912025,444083.3564508045,8378.931253788764,0.009327100632878494,Small Whale Orders
2024-01-21,0.534184415,90963495.73,45,41191.33084895557,22003.766972620786,488.972599391573,0.0005375481620044078,Normal
2024-01-22,0.527012072,90036167.96,29,456778.6727726518,240727.8747833252,8300.961199425008,0.00921958518171591,Small Whale Orders
2024-01-23,0.499757482,95514878.53,55,558415.6733761822,279072.41083581524,5074.043833378459,0.005312307267170702,Small Whale Orders
2024-01-24,0.495246589,94123957.46,38,81089.74516591031,40159.419696296325,1056.8268341130613,0.0011228032295201597,Normal
2024-01-25,0.507827765,97009101.0,26,24116.405601412487,12246.980356398786,471.0377060153379,0.00048556032491769806,Retail Orders
2024-01-26,0.505067475,96570501.18,21,350324.74402178463,176937.63389310412,8425.601613957338,0.008724819184952414,Small Whale Orders
2024-01-27,0.531491169,101150273.8,27,32795.93057019795,17430.747477197343,645.5832398961979,0.000638241712694403,Normal
2024-01-28,0.547281198,104479243.0,28,168326.55645427472,92121.9594715101,3290.0699811253608,0.0031490178208176344,Normal
2024-01-29,0.520786566,99396481.46,18,136913.88049266196,71302.90965950782,3961.2727588615453,0.003985324933715763,Normal
2024-01-30,0.544788383,104121812.0,26,340018.5659534151,185238.16473573988,7124.544797528457,0.00684250942302892,Small Whale Orders
2024-01-31,0.558611737,106096571.8,28,33091.40672850092,18485.248192381387,660.1874354421924,0.0006222514302221709,Normal
2024-02-01,0.538127967,103038791.6,20,280248.469788369,150809.53930207595,7540.476965103798,0.007318095299851904,Small Whale Orders
2024-02-02,0.532805548,101894160.4,20,938234.2318469987,499896.4040515992,24994.820202579962,0.024530179260969658,Small Whale Orders
2024-02-03,0.527863039,100735011.9,29,159901.05273344062,84405.85563517321,2910.5467460404557,0.0028893099739043713,Normal
2024-02-04,0.521062783,99461763.13,26,2578212.6713232077,1343410.669685535,51669.641141751345,0.05194925116521142,Big Whale Orders
2024-02-05,0.5046015,96252420.53,33,9094360.11009187,4589027.753092524,139061.4470634098,0.1444757921906671,Big Whale Orders
2024-02-06,0.514800209,98213803.33,22,226436.18934847432,116569.39760175816,5298.608981898098,0.005394973824702302,Small Whale Orders
2024-02-07,0.521309998,99654488.88,38,131142.4297244551,68365.85977737085,1799.1015730887066,0.0018053392208504666,Normal
2024-02-08,0.573748756,109640512.3,24,201895.1726328396,115837.10414049696,4826.54600585404,0.004402155649042914,Normal
2024-02-09,0.572299623,109343766.8,28,47048.4934223477,26925.83504832757,961.636966011699,0.0008794620801482202,Normal
2024-02-10,0.595688148,113621651.8,30,33957.612507200916,20228.14730491615,674.2715768305384,0.0005934358162803424,Normal
2024-02-11,0.597328405,113713305.4,44,335743.23319709377,200548.96997516305,4557.93113579916,0.004008265452988195,Normal
2024-02-12,0.600708774,114634707.6,31,1190913.6666683776,715392.2886442058,23077.170601425994,0.0201310502591852,Small Whale Orders
2024-02-13,0.617838499,118096968.8,28,658934.9759460693,407115.39647712064,14539.835588468593,0.012311777123672114,Small Whale Orders
2024-02-14,0.647088627,123547047.9,28,47677.97353075097,30851.87443015599,1101.8526582198567,0.0008918486333333559,Normal
2024-02-15,0.664679273,126983109.6,28,524285.63948787475,348481.7976991407,12445.778489255024,0.009801129085954456,Small Whale Orders
2024-02-16,0.655289976,125039388.4,70,735010.7544158575,481645.1796209092,6880.6454231558455,0.00550278237217917,Small Whale Orders
2024-02-17,0.766525032,146690329.8,61,1292993.887703096,991112.1811474201,16247.74067454787,0.011076217973400361,Small Whale Orders
2024-02-18,0.878727667,166941253.8,145,1034561.9560785086,909098.2140318244,6269.642855391892,0.0037555982794421137,Normal
2024-02-19,1.044370878,199330798.2,104,638628.0944688665,666964.5837359171,6413.120997460742,0.0032173256994767513,Normal
2024-02-20,1.080884412,204460988.3,92,1130631.3162234537,1222081.765424974,13283.497450271458,0.00649683715251388,Small Whale Orders
2024-02-21,1.126166068,215113030.7,141,3334201.3223720784,3754864.393136164,26630.24392295152,0.012379651681859513,Small Whale Orders
2024-02-22,1.166927168,224914984.7,163,1275292.28624715,1488173.2159626323,9129.897030445598,0.004059265789970995,Normal
2024-02-23,1.412753475,270985128.4,136,436717.7425889473,616974.5084366908,4536.577267916844,0.001674105621479132,Normal
2024-02-24,1.345432109,265818158.5,100,429798.4240424639,578264.6001043286,5782.646001043286,0.0021754142131126405,Normal
2024-02-25,1.405762889,275424892.3,185,481463.564372045,676823.6111998834,3658.5060064858562,0.001328313492631202,Normal
2024-02-26,1.634741524,322460734.2,119,1113780.1782066198,1820742.7059224814,15300.358873298163,0.004744875034554878,Normal
2024-02-27,1.649263931,327018869.8,120,950887.6546327076,1568264.7112189096,13068.872593490913,0.003996366509823621,Normal
2024-02-28,1.440135346,284482950.7,181,3690099.729341785,5314243.050490137,29360.458842486947,0.010320639170200702,Small Whale Orders
2024-02-29,2.171372585,426906948.4,223,507136.14225335856,1101181.5161516028,4938.033704715708,0.001156700241873062,Normal
2024-03-01,2.123097825,418001528.9,233,7336751.60930246,15576641.384275302,66852.53812993692,0.015993371676382144,Small Whale Orders
2024-03-02,2.699258676,541315573.4,141,4476141.248465263,12082263.099921335,85689.80921930025,0.015829917598912415,Small Whale Orders
2024-03-03,2.427767731,480589550.3,155,294414.94556800544,714771.1043741249,4611.426479833064,0.0009595353200989198,Normal
2024-03-04,2.580116952,511312670.1,133,580954.8298755942,1498931.4049082967,11270.160939160125,0.002204162266692113,Normal
2024-03-05,2.507497769,495892941.8,125,1026602.9722867942,2574204.6626579054,20593.637301263243,0.004152839366197094,Normal
2024-03-06,2.292688389,453027453.3,136,1819932.378825352,4172537.833698034,30680.42524777966,0.006772310380815427,Small Whale Orders
2024-03-07,2.73146048,554583923.4,149,1232966.2732760282,3367798.648626351,22602.675494136583,0.004075609576917747,Normal
2024-03-08,2.820485871,589216885.3,117,579588.9898084269,1634722.5567418311,13971.987664460095,0.002371280934582561,Normal
2024-03-09,2.88746645,590971319.1,350,1502258.8651642909,4337722.072376963,12393.49163536275,0.0020971392747514386,Normal
2024-03-10,3.93255691,793566876.9,339,1309196.7875838787,5148490.873562785,15187.288712574587,0.0019138007337078395,Normal
2024-03-11,3.215001288,656673883.8,255,848451.7782208581,2727773.559785949,10697.15121484686,0.0016289898957067158,Normal
2024-03-12,3.053881969,628102388.0,167,1036531.8752969967,3165446.004263255,18954.76649259434,0.0030177829052600797,Normal
2024-03-13,3.136921861,641665488.7,180,1351574.3681024793,4239783.182067929,23554.351011488492,0.003670814688695364,Normal
2024-03-14,3.012347959,616290773.1,151,447577.72290646227,1348259.840091149,8928.873113186417,0.0014488085012652962,Normal
2024-03-15,3.228480413,659611309.3,134,613160.9086642398,1979577.9836397804,14772.97002716254,0.0022396477772402166,Normal
2024-03-16,3.016528593,618239764.8,139,486534.6360063894,1467645.640998121,10558.60173379943,0.0017078490150524578,Normal
2024-03-17,2.562230451,523439610.1,178,394974.79196012276,1012016.4393376164,5685.485614256272,0.0010861779476662255,Normal
2024-03-18,2.939497917,599563402.1,212,1436350.6098198825,4222149.6256472245,19915.800120977474,0.003321717111354932,Normal
2024-03-19,2.698777037,550891508.5,159,597313.7457843424,1612016.621007239,10138.469314510938,0.0018403749482573369,Normal
2024-03-20,2.391178831,490106778.5,135,1399050.0948485744,3345378.970310453,24780.584965262613,0.005056160423062301,Small Whale Orders
2024-03-21,2.673066715,546521482.7,124,216723.17837344628,579315.5144790671,4671.899310315057,0.0008548427570009329,Normal
2024-03-22,2.59223514,529988543.3,148,348179.33438690857,902562.7056195547,6098.396659591586,0.0011506657524367634,Normal
2024-03-23,2.514718328,512610795.0,129,109436.4781344465,275201.91731646383,2133.3481962516576,0.0004161730921510651,Retail Orders
2024-03-24,2.653394933,543975708.3,118,91050.1532567436,241592.01530031688,2047.3899601721769,0.0003763752551691244,Retail Orders
2024-03-25,2.769679291,566835116.0,130,128160.52554112619,354963.5535149338,2730.4888731917986,0.0004817077834662238,Retail Orders
2024-03-26,2.791354652,569955888.8,370,3632295.0432533366,10139023.666421741,27402.766666004707,0.004807874996028062,Normal
2024-03-27,2.859368991,584171842.9,285,681485.064103753,1948617.2601279186,6837.253544308486,0.0011704181958456536,Normal
2024-03-28,2.760813501,562628584.2,173,688682.5593813971,1901324.1078433953,10990.312762100551,0.0019533868471555966,Normal
2024-03-29,2.736401511,561825179.0,148,1817771.8276396056,4974153.575806248,33609.14578247465,0.005982135909660725,Small Whale Orders
2024-03-30,2.624273895,537759851.3,133,623191.1717300706,1635424.3235656864,12296.42348545629,0.002286601250675459,Normal
2024-03-31,2.550834728,521433275.0,124,107935.10161217734,275324.6055625508,2220.359722278635,0.000425818571374954,Retail Orders
2024-04-01,2.611295887,534150646.7,232,431080.67836063064,1125679.2023682846,4852.065527449502,0.0009083702430064851,Normal
2024-04-02,2.714374785,555863253.3,192,11132172.155282743,30216887.400578577,157379.62187801342,0.028312650808215142,Small Whale Orders
2024-04-03,2.478312308,508681951.4,165,4702240.575124831,11653620.692508867,70628.00419702343,0.013884511530759107,Small Whale Orders
2024-04-04,2.154526016,441473632.2,175,1784890.8457265291,3845593.76283805,21974.821501931714,0.004977606792148461,Normal
2024-04-05,2.186378864,447568193.8,111,1728252.0167410371,3778613.681067978,34041.56469430611,0.007605894513030989,Small Whale Orders
2024-04-06,2.181666694,446332128.5,117,356652.6049219515,778097.1094865621,6650.402645184291,0.0014900120830500085,Normal
2024-04-07,2.186943381,447602257.1,119,152489.65760238876,333486.2473645005,2802.405440037819,0.0006260927856339487,Normal
2024-04-08,2.252466087,460787386.3,111,425396.4483954383,958191.0735409705,8632.352013882617,0.0018733915620386455,Normal
2024-04-09,2.493416053,508973052.0,131,1155141.742570365,2880248.9644153416,21986.633316147647,0.0043198030288149015,Normal
2024-04-10,2.006521529,410030573.7,160,7667367.807087846,15384738.575683283,96154.61609802052,0.023450596678766766,Small Whale Orders
2024-04-11,2.012462569,411362088.5,85,144576.38658628197,290954.5663661662,3422.994898425485,0.0008321123881170408,Normal
2024-04-12,1.976979556,402757292.7,131,564479.4330568017,1115964.2989357677,8518.81144225777,0.0021151228287263164,Normal
2024-04-13,1.59389312,326171509.5,153,24861983.78976446,39627344.9120571,259002.2543271706,0.07940676815219222,Big Whale Orders
2024-04-14,1.432591516,289816291.7,162,470067.29711560527,673414.4217968674,4156.879146894244,0.0014343152079239181,Normal
2024-04-15,1.587843412,326461326.4,144,1004318.5311814221,1594700.5632859375,11074.309467263454,0.0033922270638864424,Normal
2024-04-16,1.556932409,318359386.1,119,674548.4417325812,1050226.330373904,8825.431347679865,0.0027721599340274215,Normal
2024-04-17,1.585495695,325364674.2,109,5227095.988146261,8287538.186557669,76032.46042713457,0.023368382143538365,Small Whale Orders
2024-04-18,1.560928489,319083013.7,100,547371.2801276995,854407.4252117258,8544.074252117258,0.0026776963627873802,Normal
2024-04-19,1.683803687,356011566.1,101,361889.6044751078,609351.0503021581,6033.178715862951,0.0016946580646113876,Normal
2024-04-20,1.744183942,368442418.2,122,197953.54827179425,345267.4001575854,2830.0606570293885,0.000768114776484058,Normal
2024-04-21,2.027388872,428787434.7,140,849129.5838449576,1721515.869173258,12296.541922666129,0.002867747729424341,Normal
2024-04-22,2.152241307,455252747.9,140,179332.41252775426,385966.62592619704,2756.9044709014074,0.0006055766788050194,Normal
2024-04-23,2.290748466,485425668.4,104,114823.04836501287,263030.72190359706,2529.141556765356,0.0005210152081783396,Normal
2024-04-24,2.233755488,472529560.5,83,707196.3215338197,1579703.6643195823,19032.57426891063,0.004027806059111222,Normal
2024-04-25,2.095272913,442464977.8,78,91008.61790666047,190687.89194939245,2444.716563453749,0.0005525220494533227,Normal
2024-04-26,2.119536476,448280255.4,79,433380.60064519744,918565.9910582851,11627.417608332724,0.002593783123005851,Normal
2024-04-27,2.071050988,438301220.2,71,69171.75887450918,143258.23955875,2017.7216839260564,0.000460350460125426,Retail Orders
2024-04-28,2.138372485,452175014.2,91,131004.63985895483,280136.71728172334,3078.4254646343225,0.0006808039736739444,Normal
2024-04-29,2.006367958,424405268.0,80,837862.7788860912,1681061.0327578923,21013.262909473655,0.004951225749034212,Normal
2024-04-30,2.045661141,433642914.4,61,155549.20685245268,318200.9679714334,5216.409311007105,0.0012029273712968814,Normal
2024-05-01,1.899806655,402913106.7,87,339848.990258981,645647.3733890423,7421.234176885544,0.001841894456516459,Normal
2024-05-02,1.954816812,415712811.6,79,266197.12280895654,520366.610972977,6586.9191262402155,0.0015844878826053999,Normal
2024-05-03,1.908087447,403376943.3,86,733410.3773551715,1399411.134530936,16272.222494545766,0.004033999157568053,Normal
2024-05-04,2.197373669,480261712.6,88,465150.08704597957,1022108.5534078935,11614.869925089699,0.0024184459473585982,Normal
2024-05-05,2.292988549,500542619.3,112,567481.5065575544,1301228.5963057405,11618.11246701554,0.002321103542244468,Normal
2024-05-06,2.63040223,574408499.9,112,1152218.4358715536,3030797.943163647,27060.69592110399,0.004711054228099871,Normal
2024-05-07,2.582473019,564442823.8,91,110049.22574959617,284199.15626017214,3123.067651210683,0.0005533009756746035,Normal
2024-05-08,2.482138148,542619901.9,64,326352.11227729765,810051.0275638597,12657.047305685308,0.002332580736785782,Normal
2024-05-09,2.336238562,510023295.4,88,626294.6659803729,1463173.7498382567,16626.97442998019,0.0032600421549254964,Normal
2024-05-10,2.695253503,584868258.4,128,373044.9755335043,1005450.7770832266,7855.084195962708,0.0013430518895745068,Normal
2024-05-11,2.64095595,577063683.3,87,41906.88727282713,110674.24328915207,1272.1177389557708,0.00022044668132311333,Retail Orders
2024-05-12,2.533699343,554585206.7,69,196516.42512872978,497913.5372373713,7216.138220831468,0.0013011775528183173,Normal
2024-05-13,2.472934914,540159665.0,79,95727.03515777772,236726.72745537403,2996.5408538654942,0.0005547509464383081,Normal
2024-05-14,2.433787934,530664779.4,71,318935.26414901915,776220.7976129856,10932.68729032374,0.002060187092628394,Normal
2024-05-15,2.233161184,488182080.9,93,518336.9099483353,1157529.867531126,12446.55771538845,0.0025495728340627116,Normal
2024-05-16,2.423139642,530223970.7,75,286187.9689196075,693473.412552565,9246.312167367532,0.0017438502742832581,Normal
2024-05-17,2.312517591,506469417.6,87,545711.5608050567,1261967.58397376,14505.374528434024,0.002864017850706653,Normal
2024-05-18,2.393532066,522240196.8,75,587455.2472848454,1406092.971716237,18747.90628954983,0.003589901046381849,Normal
2024-05-19,2.391061125,522326692.6,66,56571.46698952081,135265.83550286398,2049.482356104,0.0003923755735902056,Retail Orders
2024-05-20,2.312484326,504680224.6,77,582790.5757123111,1347694.0716752356,17502.520411366695,0.00346804165454251,Normal
2024-05-21,2.597906462,567377602.2,80,165295.40243556089,429421.99412623415,5367.774926577927,0.0009460674700172235,Normal
2024-05-22,2.523813067,551098671.8,59,124483.88471949799,314174.0548859906,5324.983981118486,0.0009662487415776214,Normal
2024-05-23,2.539919551,554413558.1,84,317631.53703491273,806758.5509291554,9604.268463442326,0.0017323292915773167,Normal
2024-05-24,2.360140588,514973636.7,69,677203.7712440616,1598296.1068597771,23163.71169361996,0.004498038354362221,Normal
2024-05-25,2.296872533,501762027.6,62,71191.06838134356,163516.8095600328,2637.3678961295614,0.0005256212608882485,Normal
2024-05-26,2.281362909,497253628.1,65,206166.64903955167,470340.9461916536,7236.014556794671,0.0014551959297800187,Normal
2024-05-27,2.211072415,482930010.3,72,454410.98918426404,1004735.6032581894,13954.661156363742,0.0028895825189441,Normal
2024-05-28,2.34022189,509130693.7,80,493874.70534209907,1155776.3963588802,14447.204954486002,0.0028376220748927913,Normal
2024-05-29,2.228743242,485754351.6,86,1624743.1030355715,3621135.2108766395,42106.2233822865,0.008668213314733072,Small Whale Orders
2024-05-30,2.420239967,528955994.0,77,1874441.6605113826,4536598.6225794945,58916.86522830512,0.011138330200735964,Small Whale Orders
2024-05-31,2.487129702,542559760.0,182,1607937.1868723587,3999148.3364205672,21973.342507805315,0.004049939587817076,Normal
2024-06-01,2.61107357,569738146.0,70,1199751.3141472896,3132638.946942755,44751.98495632507,0.00785483388650004,Small Whale Orders
2024-06-02,2.542065639,554683722.6,64,562891.9389639581,1430908.256510363,22357.94150797442,0.004030754932409913,Normal
2024-06-03,2.482972566,542646299.4,63,763745.1772357202,1896358.3224911008,30100.925753826996,0.005547061831456212,Small Whale Orders
2024-06-04,2.451615912,534796469.1,72,1085923.720625236,2662267.8727030708,36975.942676431536,0.006914021466644634,Small Whale Orders
2024-06-05,2.692932058,587781582.8,79,600112.9582703258,1616063.423747376,20456.499034776913,0.0034802892151415865,Normal
2024-06-06,2.691463036,587393703.7,68,956558.5499516962,2574541.97896475,37860.911455363974,0.006445576657849349,Small Whale Orders
2024-06-07,2.656945287,579715104.2,77,24776091.395012405,65828719.262259476,854918.4319773958,0.14747216792930953,Big Whale Orders
2024-06-08,2.40896994,560276300.8,85,662984.1978813724,1597109.0033912377,18789.517686955736,0.0033536163603791213,Normal
2024-06-09,2.25870125,524612060.8,79,102976.05517890728,232592.14455266687,2944.204361426163,0.0005612155307555145,Normal
2024-06-10,2.294005899,531607400.9,66,374979.95095186564,860206.2194903105,13033.427568035007,0.002451701677961912,Normal
2024-06-11,2.125867377,493766230.1,78,870364.7163067583,1850279.9564883977,23721.537903697405,0.004804204187656414,Normal
2024-06-12,2.030055646,471438788.2,71,843366.9900840945,1712081.919870242,24113.829857327353,0.005114943967465288,Small Whale Orders
2024-06-13,2.248418367,522564387.2,57,225763.82961453826,507611.54110958637,8905.465633501515,0.0017041853313461916,Normal
2024-06-14,2.000880556,465341768.1,73,181466.8069315852,363093.4055488148,4973.882267791983,0.001068866499583832,Normal
2024-06-15,1.871588905,434979663.4,41,111744.62799139442,209140.00594204623,5100.975754684055,0.0011726929288630404,Normal
2024-06-16,1.865275402,433281870.9,49,63193.7900657683,117873.82216882957,2405.5882075271343,0.0005552016756506151,Normal
2024-06-17,1.894958068,440607551.5,65,73865.51939454034,139972.06192369468,2153.4163372876105,0.0004887379551159624,Retail Orders
2024-06-18,1.687310631,392452347.8,97,361914.5987882759,610662.3500495576,6295.4881448408005,0.0016041407778885504,Normal
2024-06-19,1.594651937,370028645.4,88,599344.869781857,955746.4575286511,10860.755199189218,0.002935112006652558,Normal
2024-06-20,1.656708322,384366558.2,81,743202.015320944,1231268.9637093795,15200.8514038195,0.003954779904632062,Normal
2024-06-21,1.82853842,424950058.4,71,96195.49028949869,175897.14982508527,2477.4246454237364,0.0005829919531607097,Normal
2024-06-22,1.920145218,445754525.7,68,93051.16169853458,178671.7431647859,2627.5256347762634,0.0005894557392659275,Normal
2024-06-23,1.859069206,431646168.0,49,286301.6599266191,532254.5995962617,10862.338767270649,0.002516491416476712,Normal
2024-06-24,1.765964021,410076812.9,62,486036.19587548595,858322.4348198167,13843.910239029303,0.0033759309972020376,Normal
2024-06-25,1.945385024,451848367.4,65,155263.69025891894,302047.6578006756,4646.887043087317,0.0010284173582005326,Normal
2024-06-26,1.998671399,464306110.4,48,364100.93173421663,727718.1186064301,15160.79413763396,0.0032652583711579686,Normal
2024-06-27,1.988686648,462694902.6,48,78991.31020570648,157088.9639141146,3272.686748210721,0.0007073098773772229,Normal
2024-06-28,1.874571977,436510484.7,45,112523.5288345322,210933.45390636552,4687.410086808123,0.0010738367693572432,Normal
2024-06-29,1.82669907,424867081.2,51,113564.29528127058,207447.79257550236,4067.6037759902424,0.0009573826629499396,Normal
2024-06-30,1.756208184,409259819.3,49,815184.1698740269,1431633.1106000124,29217.00225714311,0.007138986257462561,Small Whale Orders
2024-07-01,1.788037744,415791606.0,73,525083.5199211027,938869.1523713076,12861.221265360378,0.00309318925148296,Normal
2024-07-02,1.564487641,363749808.5,63,663718.465167253,1038379.3358576564,16482.21168028026,0.004531194600004926,Normal
2024-07-03,1.69768432,395503643.3,50,73568.52089928195,124896.12437630327,2497.922487526065,0.0006315801459334028,Normal
2024-07-04,1.588267464,370346731.8,76,269924.5389101456,428712.3628861863,5640.952143239293,0.0015231542926874271,Normal
2024-07-05,1.469742554,343107914.3,118,418599.7660207671,615233.8892151647,5213.846518772582,0.0015195937783626292,Normal
2024-07-06,1.383055052,321145181.1,81,117893.60881177122,163053.3512656319,2013.0043366127395,0.0006268206577840315,Normal
2024-07-07,1.520155846,353899748.1,54,121591.58415386137,184838.15747589333,3422.928842146173,0.0009672029608732499,Normal
2024-07-08,1.332330753,308725376.2,46,83377.89409265768,111086.93242002485,2414.933313478801,0.0007822270210513396,Normal
2024-07-09,1.393404649,324226717.3,41,261978.58901707013,365042.18387484585,8903.467899386484,0.002746062376823899,Normal
2024-07-10,1.428999299,332892974.5,63,77513.07135204405,110766.12462540793,1758.1924543715545,0.0005281554700913505,Normal
2024-07-11,1.46541533,341226497.6,28,105612.95230818939,154766.8393589796,5527.387119963557,0.0016198587034829258,Normal
2024-07-12,1.361859281,316587349.6,91,214379.9637999343,291955.3433613846,3208.3004764987318,0.001013401350544277,Normal
2024-07-13,1.335978351,310699470.5,57,368910.3364164892,492856.22291255655,8646.600401974676,0.0027829466165680754,Normal
2024-07-14,1.370912731,320137104.1,48,97315.28552215024,133410.76384321574,2779.390913400328,0.0008681876851525901,Normal
2024-07-15,1.422374894,331864962.2,74,160145.83157680047,227787.41021359342,3078.208246129641,0.0009275484298564017,Normal
2024-07-16,1.637874203,381913854.9,76,228096.03232139305,373592.6071458639,4915.692199287682,0.0012871206781892746,Normal
2024-07-17,1.612741116,363041824.0,70,763643.3258927122,1231558.9896261645,17593.69985180235,0.004846190903834361,Normal
2024-07-18,1.684019595,379338609.4,55,754440.3168339527,1270492.2768063848,23099.859578297906,0.006089509215746576,Small Whale Orders
2024-07-19,1.601492588,387413725.2,61,34179.827905899394,54738.741050413446,897.3564106625155,0.00023162741851731264,Retail Orders
2024-07-20,1.641816398,397291244.9,229,46013486.53887115,75545696.72867092,329893.8721776023,0.08303577700551597,Big Whale Orders
2024-07-21,1.597469388,386226384.9,263,246747445.78022537,394171491.20109975,1498750.9171144478,0.38804985255020774,Big Whale Orders
2024-07-22,1.666315894,403034710.5,61,157647.80265926226,262691.03922530415,4306.410479103347,0.0010684961783467399,Normal
2024-07-23,1.49425964,361363161.9,83,21397662.7192382,31973663.79169029,385224.86496012396,0.10660324725261489,Big Whale Orders
2024-07-24,1.439998423,348109857.9,91,17451902.34579601,25130711.85629626,276161.66875050834,0.07933175762860474,Big Whale Orders
2024-07-25,1.366428539,330508929.3,111,12257783.001050854,16749384.517504955,150895.35601355816,0.045655455159152994,Small Whale Orders
2024-07-26,1.362633098,329640233.2,62,453952.0979519107,618570.1535758115,9976.937960900186,0.003026614155695903,Normal
2024-07-27,1.459017454,352852597.4,46,111330.22138829593,162432.73616320788,3531.146438330606,0.0010007426512798588,Normal
2024-07-28,1.453115216,351529138.1,49,31014.174491385147,45067.16886511083,919.7381401043026,0.0002616392328315792,Retail Orders
2024-07-29,1.410081557,341120690.6,84,244726.32762321044,345084.0810938287,4108.14382254558,0.001204308016414874,Normal
2024-07-30,1.390806607,337115446.3,71,12948613.629337925,18009017.387173437,253648.13221371037,0.07524073281056015,Big Whale Orders
2024-07-31,1.324225716,320351377.9,58,657233.057051402,870324.9155527618,15005.601992288995,0.004684107210855545,Normal
2024-08-01,1.269457408,306758590.4,91,461897.3635558074,586359.0299015889,6443.505823094384,0.002100513571500094,Normal
2024-08-02,1.220130772,295136752.2,99,425690.4479520616,519398.0148927748,5246.444594876513,0.0017776317438504743,Normal
2024-08-03,1.087826021,264270801.7,90,679095.6996084112,738737.9727832291,8208.199697591434,0.0031059805490390026,Normal
2024-08-04,1.036043327,251850780.1,88,122399.42376246296,126811.106217745,1441.0352979289203,0.0005721782149559918,Normal
2024-08-05,0.971747513,236321381.3,169,14855408.341945577,14435706.110885069,85418.37935434951,0.03614500680575935,Small Whale Orders
2024-08-06,0.97947342,238052093.2,109,236186.88180238806,231338.7728781208,2122.3740631020255,0.0008915586645646121,Normal
2024-08-07,0.994255324,241793478.1,81,571878.7351901801,568593.4771452228,7019.67255734843,0.0029031686927656754,Normal
2024-08-08,0.944377681,229880567.2,93,388326.74958318745,366727.11524163827,3943.302314426218,0.0017153700125489416,Normal
2024-08-09,1.088264754,263955341.5,99,13456449.678601911,14644179.899197087,147921.00908279885,0.05604016506814992,Big Whale Orders
2024-08-10,1.036854006,251404965.4,41,126726.44081791911,131396.81782818135,3204.8004348336913,0.0012747562204010832,Normal
2024-08-11,1.054587949,256436593.3,64,462741.0915651327,488001.17867169454,7625.018416745227,0.00297345176779231,Normal
2024-08-12,1.013067699,246303028.7,55,548535.7692481839,555703.8695714526,10103.706719480957,0.004102144733180439,Normal
2024-08-13,1.047485393,254757922.6,75,8651789.875344275,9062623.51772842,120834.98023637893,0.04743129438455349,Small Whale Orders
2024-08-14,1.05020793,255069785.9,67,27085064.13581813,28444949.1399948,424551.47970141494,0.16644522525606392,Big Whale Orders
2024-08-15,1.013349,246355656.6,64,2119133.637395442,2147421.952321034,33553.468005016155,0.013619930010170572,Small Whale Orders
2024-08-16,0.989068207,240410209.4,69,884146.2455793079,874480.9418409078,12673.636838274026,0.00527167164402213,Small Whale Orders
2024-08-17,1.015521863,247244563.2,48,339934.8090798991,345211.23061536846,7191.900637820177,0.002908820539767556,Normal
2024-08-18,1.029327711,250026075.9,41,526308.7506133735,541744.1815481336,13213.272720686185,0.005284757869003609,Small Whale Orders
2024-08-19,1.036652024,271036506.8,60,792398.9740628352,821442.0002777616,13690.70000462936,0.005051238361307481,Small Whale Orders
2024-08-20,1.080552725,282282407.6,60,14185802.042818163,15328507.053677732,255475.11756129554,0.09050337912779496,Big Whale Orders
2024-08-21,1.039877641,272048543.1,49,537426.6617290021,558857.9692092597,11405.264677739995,0.004192363814110789,Normal
2024-08-22,1.057324215,276268438.6,72,830209.4148245533,877800.5178149801,12191.673858541391,0.004412981055788755,Normal
2024-08-23,1.125703876,294155819.4,92,676919.1570370393,762010.5188152478,8282.72303060052,0.0028157603842395786,Normal
2024-08-24,1.288628422,336879625.0,73,709186.0026273313,913877.2394701458,12518.866294111585,0.003716124504149393,Normal
2024-08-25,1.32816223,345985385.5,81,1593640.2502085974,2116612.7885348084,26131.02208067665,0.0075526375320487775,Small Whale Orders
2024-08-26,1.323599126,346196098.3,64,875378.1551262402,1158649.761044584,18103.902516321625,0.005229377975436768,Small Whale Orders
2024-08-27,1.26740703,331419645.1,89,1219171.3783365046,1545186.3756784755,17361.64467054467,0.005238568361059616,Small Whale Orders
2024-08-28,1.170875568,307109593.7,127,1221866.4428951168,1430653.5653449595,11264.988703503617,0.003668067990903541,Normal
2024-08-29,1.106378366,290243293.5,111,1050755.925562735,1162533.6239889162,10473.275891792038,0.0036084471635834847,Normal
2024-08-30,1.072852419,280466390.1,89,538108.8606032422,577311.3927835221,6486.644862736204,0.0023128064865181874,Normal
2024-08-31,1.078395233,281757947.0,63,956191.7147952354,1031152.5870692775,16367.501382052023,0.005809064679922594,Small Whale Orders
2024-09-01,1.042652996,272381523.8,69,370549.57488065213,386354.6244158383,5599.342382838236,0.002055698310488061,Normal
2024-09-02,0.9905388,258593920.7,67,1365290.715141891,1352373.4266277906,20184.678009370007,0.007805550089782141,Small Whale Orders
2024-09-03,1.035383046,270808531.8,72,968417.1396784382,1002682.6878788688,13926.148442762067,0.005142433419729528,Small Whale Orders
2024-09-04,0.962604424,252161161.7,81,173979.67494294044,167473.60478615644,2067.5753677303264,0.0008199420377790584,Normal
2024-09-05,0.98311493,256468613.3,76,519837.7403325145,511060.24369835824,6724.476890767872,0.0026219492530659195,Normal
2024-09-06,0.940167929,245542607.3,57,387588.43840561935,364398.2194401552,6392.951218248337,0.0026036015861139457,Normal
2024-09-07,0.938552311,245352237.0,64,196599.54211667096,184518.95459514335,2883.108665549115,0.001175089618420359,Normal
2024-09-08,0.933205014,243711264.7,56,187644.73162242034,175111.00440072702,3126.982221441554,0.001283068398701537,Normal
2024-09-09,0.987679673,259210086.3,71,922505.9394724919,911140.3646387486,12832.962882235895,0.004950796115002835,Normal
2024-09-10,1.049919209,274369187.9,86,8174754.481179086,8582831.758648751,99800.3692866134,0.036374481424272714,Small Whale Orders
2024-09-11,1.050231816,274205133.5,63,296198.0797585139,311076.64720049687,4937.724558738046,0.0018007411078385395,Normal
2024-09-12,1.04180054,272247755.3,64,246549.43354302185,256855.33300181435,4013.364578153349,0.0014741589232685765,Normal
2024-09-13,1.091243345,285284911.3,62,206181.72245900973,224994.4324940314,3628.942459581152,0.001272041498109596,Normal
2024-09-14,1.091422149,285024475.6,50,193763.91658681774,211478.2302398414,4229.564604796828,0.0014839303171747778,Normal
2024-09-15,1.055400957,275712615.9,50,580319.3061457832,612469.5510718356,12249.391021436712,0.004442811215385052,Normal
2024-09-16,1.013746379,264742909.4,46,188587.06036066747,191179.44956688109,4156.074990584371,0.001569853183227264,Normal
2024-09-17,1.000239678,261660195.2,49,621894.1144431339,622043.1687806954,12694.758546544805,0.004851620070389982,Normal
2024-09-18,1.003432867,262089141.3,124,25988924.7880743,26078141.31034476,210307.59121245774,0.08024277166512955,Big Whale Orders
2024-09-19,1.0477627,291335745.6,79,945892.3577734691,991070.7306900959,12545.199122659442,0.0043060967670901,Normal
2024-09-20,1.12834724,315141245.6,86,739530.0202114155,834446.6572026949,9702.86810700808,0.0030788950169104994,Normal
2024-09-21,1.194781099,333845134.3,72,236571.3756266064,282651.0081630986,3925.708446709703,0.0011759070429290671,Normal
2024-09-22,1.237485744,346241037.8,58,387192.29418715724,479144.9442432612,8261.119728332089,0.002385944710893565,Normal
2024-09-23,1.178571355,328788080.4,99,4547405.450560384,5359441.8036013385,54135.77579395291,0.01646524890077886,Small Whale Orders
2024-09-24,1.437178877,400826524.5,119,1537398.5691634973,2209516.749131802,18567.36763976304,0.004632270197917763,Normal
2024-09-25,1.501179794,419297033.3,66,415478.8255233142,623708.4177104507,9450.127541067435,0.0022538026245241824,Normal
2024-09-26,1.48178997,413268643.5,76,949339.0423395591,1406721.071068164,18509.487777212682,0.004478802848542919,Normal
2024-09-27,1.501382126,419909755.4,88,1172830.6513574957,1760866.9767730813,20009.852008785016,0.0047652743837122615,Normal
2024-09-28,1.500860174,419212717.5,65,861791.3456027369,1293428.308913018,19898.897060200277,0.004746730294555121,Normal
2024-09-29,1.487409632,415703948.7,96,944949.8166436122,1405527.459032343,14640.911031586906,0.003521956208828984,Normal
2024-09-30,1.622562134,453122206.3,70,208558.9983252193,338399.93338747026,4834.284762678147,0.0010668832150498265,Normal
2024-10-01,1.469296842,410396606.4,94,3139172.632938354,4612376.436069149,49067.83442626754,0.011956198872278868,Small Whale Orders
2024-10-02,1.331694529,372328273.4,80,1801818.0481421691,2399471.236964385,29993.390462054813,0.008055630636954688,Small Whale Orders
2024-10-03,1.329314489,371029346.0,97,10405975.65650362,13832814.212371549,142606.33208630464,0.03843532421996201,Small Whale Orders
2024-10-04,1.304045935,364239553.7,79,1347783.2310993103,1757571.2437762213,22247.737262990144,0.0061079959705074025,Small Whale Orders
2024-10-05,1.371604919,382463061.4,56,805848.475723982,1105305.7332716656,19737.60237985117,0.005160655857222391,Small Whale Orders
2024-10-06,1.354460791,378065961.8,64,355708.4010269312,481793.0822202824,7528.016909691913,0.001991191397884768,Normal
2024-10-07,1.492744999,417025188.4,75,1733521.7573582495,2587705.9339542184,34502.74578605624,0.008273540003286823,Small Whale Orders
2024-10-08,1.45736876,408462356.3,57,912857.25087485,1330369.6397644891,23339.818241482266,0.00571406835452422,Small Whale Orders
2024-10-09,1.363534075,381089612.2,57,636494.8161156914,867882.3703346044,15226.006497098322,0.003995387438980506,Normal
2024-10-10,1.321680046,369296438.5,86,8435857.339708872,11149504.31679586,129645.39903250999,0.03510605181005827,Small Whale Orders
2024-10-11,1.322845882,369400041.9,95,2093640.5458613306,2769563.7744808933,29153.30288927256,0.00789206810571089,Small Whale Orders
2024-10-12,1.531429159,427751092.7,113,2412852.654679147,3695112.911746204,32700.114263240743,0.00764465943425999,Small Whale Orders
2024-10-13,1.822349322,508914901.2,108,768720.1431540244,1400876.6316844793,12971.079923004438,0.0025487718855194013,Normal
2024-10-14,1.781196161,496029230.9,112,1358120.9863544623,2419079.8870681017,21598.92756310805,0.00435436587555914,Normal
2024-10-15,1.764237276,493385623.8,123,1869209.5782238017,3297729.214558669,26810.8066224282,0.005434046986601356,Small Whale Orders
2024-10-16,1.823300732,508299658.5,144,1427526.721286325,2602810.5158709167,18075.073026881364,0.003555987639303394,Normal
2024-10-17,1.825145084,509545152.5,86,975431.5780902965,1780304.1495298669,20701.211041044964,0.004062684325319916,Normal
2024-10-18,1.719041586,480214367.3,90,1070545.4908188917,1840312.218422456,20447.91353802729,0.004258080334621277,Normal
2024-10-19,1.786286468,531225592.3,63,435513.8993932306,777952.5851120412,12348.453731937163,0.002324521617731775,Normal
2024-10-20,1.789946278,531990801.1,81,632272.1355011298,1131733.155623359,13972.014266955048,0.0026263638841245085,Normal
2024-10-21,1.801154333,534606896.4,93,2110667.235473368,3801637.4366939883,40877.821899935356,0.007646332693274878,Small Whale Orders
2024-10-22,1.712096887,509162275.6,69,1130385.724520095,1935329.8800600942,28048.259131305713,0.005508707238424816,Small Whale Orders
2024-10-23,1.7302399,514507705.2,67,769093.7936578144,1330716.7686291174,19861.444307897276,0.003860281217785983,Normal
2024-10-24,1.677196852,498604346.2,85,7826108.670594914,13125924.825731695,154422.64500860817,0.030970978529470387,Small Whale Orders
2024-10-25,1.696787444,503497685.5,89,1269156.7941807748,2153489.312833231,24196.50913295765,0.004805684282129167,Normal
2024-10-26,1.485971793,440865403.0,107,1090469.0224261272,1620406.2084655093,15143.983256687003,0.0034350582181398802,Normal
2024-10-27,1.531176238,455148921.4,73,204056.36617607597,312446.25910143444,4280.08574111554,0.0009403704018347127,Normal
2024-10-28,1.552807558,462098577.9,79,1827162.6808941683,2837232.020588007,35914.329374531735,0.007772006037703873,Small Whale Orders
2024-10-29,1.57944315,469756918.7,101,1026893.9765750256,1621920.6570776845,16058.620367105788,0.0034184957640530835,Normal
2024-10-30,1.697142725,504480269.9,72,719821.2339665375,1221639.370526832,16967.213479539336,0.0033633056616669357,Normal
2024-10-31,1.639477294,487755809.4,70,756407.5063985868,1240112.9317516428,17715.899025023467,0.0036321246582006307,Normal
2024-11-01,1.618882224,482086790.9,68,2202666.5876758103,3565857.7841871064,52439.0850615751,0.010877519577683807,Small Whale Orders
2024-11-02,1.664378109,494289993.9,80,915998.4924622704,1524567.8387312044,19057.097984140055,0.0038554488699594235,Normal
2024-11-03,1.585626393,471601994.3,84,992603.0691075718,1573897.6241497688,18736.876477973437,0.003973027405404557,Normal
2024-11-04,1.65351233,492737119.4,89,972969.3600112217,1608816.8334907643,18076.593634727687,0.0036686080514371105,Normal
2024-11-05,1.620729482,481772301.1,95,9976276.042685406,16168844.702950528,170198.36529421608,0.03532755305890625,Small Whale Orders
2024-11-06,1.685423466,502193046.4,138,3126109.8411644297,5268818.883592063,38179.84698255118,0.007602623583947574,Small Whale Orders
2024-11-07,2.125908722,632223581.1,182,2305954.3859438356,4902248.541612155,26935.43154731953,0.004260428170118998,Normal
2024-11-08,2.321636107,691358327.7,128,1818241.5639951827,4221295.266219367,32978.86926733881,0.004770155785503067,Normal
2024-11-09,2.2017115,654777225.3,99,948279.6206378423,2087838.145973975,21089.274201757325,0.003220831969544272,Normal
2024-11-10,2.223358777,661873410.3,130,948911.9149599728,2109771.634726133,16229.01257481641,0.0024519813490408186,Normal
2024-11-11,2.203553181,653425310.9,153,1967610.6147745247,4335734.62915577,28338.134831083462,0.004336859065353886,Normal
2024-11-12,2.365448331,699174389.6,140,3060393.6231303797,7239202.9880368,51708.59277169143,0.007395664592530926,Small Whale Orders
2024-11-13,2.205397602,654842333.7,119,1384361.5614274114,3053067.667872989,25656.030822462093,0.003917894354431853,Normal
2024-11-14,2.065261315,614380953.7,114,1006907.8279558563,2079527.7848479054,18241.47179691145,0.0029690815913246383,Normal
2024-11-15,1.954430025,579293428.4,102,420699.2314952329,822227.2095287088,8061.051073810871,0.0013915315932506564,Normal
2024-11-16,2.070189072,615751202.4,123,6820310.7100536795,14119332.699597685,114791.32276095678,0.0186424845479046,Small Whale Orders
2024-11-17,2.158490933,641733689.1,117,1173505.443402707,2533000.8594108876,21649.57999496485,0.003373608143485084,Normal
2024-11-18,2.065906429,614633184.8,105,2428631.290253775,5017324.996205839,47784.04758291275,0.007774400856416752,Small Whale Orders
2024-11-19,2.155156308,676994700.3,98,1730294.2416608965,3729054.5496115577,38051.57703685263,0.0056206609918793525,Small Whale Orders
2024-11-20,2.01757102,636528456.6,128,1307989.0706682438,2638960.8434569812,20616.881589507666,0.0032389567780884763,Normal
2024-11-21,2.086842804,658845172.9,135,898347.206152738,1874709.4026533458,13886.73631595071,0.002107738947957421,Normal
2024-11-22,2.109557148,664424438.1,124,1137470.685001159,2399559.4141846513,19351.285598263315,0.0029124885372369203,Normal
2024-11-23,2.043690628,644653298.9,133,820247.6127653891,1676332.3588479988,12604.002698105254,0.0019551598851059965,Normal
2024-11-24,2.142059879,675286733.7,129,762395.1920700759,1633096.1528758085,12659.660099812469,0.0018747088411537778,Normal
2024-11-25,2.180870866,687895643.4,109,1261724.814469212,2751658.8887851597,25244.57696133174,0.003669826550515371,Normal
2024-11-26,2.108416202,665154965.2,149,7015991.915476253,14792631.027691146,99279.40287041038,0.014925755359964704,Small Whale Orders
2024-11-27,2.009261977,633765426.6,124,2686772.727411969,5398430.2820294555,43535.728080882705,0.006869375679648774,Small Whale Orders
2024-11-28,2.216144438,698611532.4,149,2261557.181049455,5011937.368001709,33637.16354363563,0.004814859472485231,Normal
2024-11-29,2.384164005,751915394.4,141,1723010.4711283122,4107939.545502214,29134.3230177462,0.0038746810126150276,Normal
2024-11-30,2.337112,737251210.3,141,2012494.595429707,4703425.2689139135,33357.62602066605,0.0045245942705326005,Normal
2024-12-01,2.415298753,762026718.8,131,1453876.7201601341,3511546.629218502,26805.699459683223,0.003517684983788422,Normal
2024-12-02,2.338285649,737649837.3,128,7719411.388765564,18050188.86907768,141017.10053966937,0.019117078783048403,Small Whale Orders
2024-12-03,2.276680587,715580888.5,155,1380805.692060717,3143653.5135337343,20281.635571185383,0.00283428972141776,Normal
2024-12-04,2.416489447,762714020.4,212,12763184.512241535,30842100.68394551,145481.60699974297,0.01907420122203158,Small Whale Orders
2024-12-05,2.367287872,747153446.7,197,4735518.278510599,11210334.98835246,56905.25374798203,0.007616274006272617,Small Whale Orders
2024-12-06,2.50247346,793202691.3,157,2610657.434128559,6533100.942058418,41612.10791120012,0.005246087584877074,Small Whale Orders
2024-12-07,2.524935907,796336563.4,152,2071806.9062245311,5231179.6498969,34415.65559142698,0.004321747508928582,Normal
2024-12-08,2.419272585,764747119.4,139,2714652.0782540743,6567483.350733357,47248.08165995221,0.006178262128927244,Small Whale Orders
2024-12-09,2.425069937,763889490.8,183,6554838.014970224,15895940.612009047,86863.06345360135,0.011371155710315129,Small Whale Orders
2024-12-10,1.94070936,612597588.1,268,13665802.632178443,26521351.08018134,98960.26522455724,0.01615420418671368,Small Whale Orders
2024-12-11,1.883419206,594348586.1,205,3093899.983966906,5827110.651246362,28424.930006079816,0.004782535143660169,Normal
2024-12-12,2.02154448,637698771.3,252,1988943.5905878094,4020737.9365841663,15955.30927215939,0.0025020134882231646,Normal
2024-12-13,2.072453895,652696945.7,121,1676240.254962978,3473930.645353817,28710.17062275882,0.004398698478965291,Normal
2024-12-14,2.083184148,656842981.9,147,1982056.4615688848,4128988.601181272,28088.357831165114,0.004276266719013431,Normal
2024-12-15,1.992924812,628702472.6,163,1977588.2588264802,3941184.7089351704,24179.0472940808,0.003845864832388572,Normal
2024-12-16,2.08408526,657972598.5,187,4587811.282518299,9561389.869558083,51130.427109936274,0.007770905236251457,Small Whale Orders
2024-12-17,1.994734832,629679021.9,154,4195820.566654651,8369549.433128011,54347.72359174033,0.00863102020260274,Small Whale Orders
2024-12-18,1.88576877,594954815.4,143,11598729.901617652,21872522.620135743,152954.7036373129,0.025708625206181144,Small Whale Orders
2024-12-19,1.70606167,569925178.3,243,3223361.7011840586,5499253.846936116,22630.674267226816,0.003970814964646881,Normal
2024-12-20,1.514346444,507827276.1,306,3345842.9185966374,5066765.3259594,16558.056620782354,0.003260568583071104,Normal
2024-12-21,1.544549805,515205046.2,148,939865.8862811017,1451669.6713816277,9808.578860686674,0.001903820417333225,Normal
2024-12-22,1.435866119,478440064.8,154,1315726.4315880293,1889207.0049900226,12267.577954480666,0.0025640783155584644,Normal
2024-12-23,1.430113606,476989260.1,155,2872368.855546305,4107813.781767419,26502.024398499478,0.005556105056315811,Small Whale Orders
2024-12-24,1.554021794,518756419.4,135,689713.721605696,1071830.1549961,7939.482629600741,0.0015304837362366801,Normal
2024-12-25,1.624508015,541078288.7,110,965888.1942667481,1569093.1131802094,14264.482847092813,0.002636306638982835,Normal
2024-12-26,1.573182267,524847341.6,98,674664.031919336,1061369.4911982212,10830.300930594094,0.0020635144873893925,Normal
2024-12-27,1.479451306,493973452.0,149,2805887.821144155,4151174.401481215,27860.23088242426,0.0056400259507112666,Small Whale Orders
2024-12-28,1.48668402,495741821.0,133,431817.7816095341,641976.5954707443,4826.891695268754,0.0009736704653103604,Normal
2024-12-29,1.54046011,513894006.7,148,457486.7343189454,704740.0650725033,4761.757196435833,0.0009266029831742408,Normal
2024-12-30,1.4598511,486978676.4,126,2378995.9155293736,3472979.8041810635,27563.33177921479,0.005660069550268052,Small Whale Orders
2024-12-31,1.426922554,475812910.1,102,1141875.0022106343,1629367.194503154,15974.18818140347,0.0033572414371956043,Normal
2025-01-01,1.386928778,462700599.1,84,668430.8569064749,927065.9915467899,11036.499899366547,0.0023852357055153305,Normal
2025-01-02,1.48957827,496695296.1,102,1263433.7424817597,1881983.4483856051,18450.818121427503,0.0037147156951759792,Normal
2025-01-03,1.559833654,520028948.4,83,1148169.5814256105,1790953.5536067605,21577.753657912777,0.004149337017545306,Normal
2025-01-04,1.663793673,555288218.3,91,471155.93263199966,783906.2597095353,8614.354502302585,0.0015513303215175718,Normal
2025-01-05,1.647995987,550042745.8,113,270989.2050345358,446589.1224172352,3952.1161275861523,0.0007185107262596594,Normal
2025-01-06,1.695169658,565668616.0,122,4000299.572216903,6781186.4577324735,55583.49555518421,0.009826158634755194,Small Whale Orders
2025-01-07,1.701603039,567589635.6,128,11201686.66708355,19060824.07463515,148912.68808308712,0.026235977322889497,Small Whale Orders
2025-01-08,1.489627974,496985577.0,158,2079459.3437847695,3097620.809297476,19605.194995553644,0.003944821721768727,Normal
2025-01-09,1.357752114,452832843.5,124,419845.8266709958,570046.5587166221,4597.149667069532,0.0010151979329806567,Normal
2025-01-10,1.341803506,447140731.2,177,473149.6010183197,634873.7935088825,3586.857590445664,0.0008021764380130494,Normal
2025-01-11,1.382807017,461514863.9,147,267985.59133138775,370572.35614793736,2520.9003819587574,0.000546223010166143,Normal
2025-01-12,1.375191537,458796457.4,126,227673.91186401295,313095.2367910745,2484.8828316751947,0.0005416089840268228,Normal
2025-01-13,1.341077358,447210430.5,159,2791027.4569902904,3742983.728125997,23540.778164314444,0.005263915275409581,Small Whale Orders
2025-01-14,1.2785238,426167297.0,122,559915.2963579174,715865.0323776507,5867.746167029924,0.0013768644868660405,Normal
2025-01-15,1.342708011,447901001.6,97,1305269.9230530113,1752596.3822006318,18068.0039402127,0.004033928005445367,Normal
2025-01-16,1.461633158,486824484.5,104,206862.0793364393,302356.4742909663,2907.273791259291,0.0005971913664624424,Normal
2025-01-17,1.381831115,460467252.3,117,922704.0125229236,1275021.1144395254,10897.616362730987,0.002366643080110083,Normal
2025-01-18,1.497786876,500181655.7,111,491956.7230725804,736846.3233780774,6638.255165568265,0.0013271688575379845,Normal
2025-01-19,1.374839919,483421723.7,148,2078238.7438548882,2857245.5862641167,19305.71342070349,0.00399355520743709,Normal
2025-01-20,1.25285991,440497123.8,128,4261766.669363557,5339396.605819827,41714.0359829674,0.009469763530602965,Small Whale Orders
2025-01-21,1.185360617,417210248.8,188,7178806.790212651,8509474.846170256,45263.1640753737,0.010849005796372876,Small Whale Orders
2025-01-22,1.233077592,432401968.5,149,1420252.0257400253,1751280.9479326324,11753.56340894384,0.0027182030298605916,Normal
2025-01-23,1.217191042,428486564.2,148,516326.5126334815,628468.0059245736,4246.405445436309,0.000991024176770747,Normal
2025-01-24,1.222651261,429872119.4,138,4992910.479414498,6104588.29371625,44236.14705591486,0.010290536431545753,Small Whale Orders
2025-01-25,1.212893844,425904676.6,116,1494672.491016647,1812879.0631502366,15628.267785777902,0.003669428546908306,Normal
2025-01-26,1.237562237,435677565.8,107,205719.7696432151,254591.01831478198,2379.3553113531025,0.0005461275718854336,Normal
2025-01-27,1.20902772,425493310.6,157,2194780.0482230294,2653549.917604579,16901.5918318763,0.0039722344419570055,Normal
2025-01-28,1.141255481,401042438.4,118,476931.9567666023,544301.2097239399,4612.722116304575,0.0011501830416520268,Normal
2025-01-29,1.043305053,365805402.4,135,1543648.8437420174,1610496.6387336543,11929.604731360401,0.0032611887777194847,Normal
2025-01-30,1.079841336,380421902.5,104,358129.5724514458,386723.11597707804,3718.4914997795963,0.0009774651447098518,Normal
2025-01-31,1.141102582,401562712.7,103,1150581.0792536172,1312931.0403366492,12746.903304239313,0.0031743244332952517,Normal
2025-02-01,1.171232368,411836928.5,65,328192.95460088,384390.21137810516,5913.695559663156,0.00143593134816786,Normal
2025-02-02,1.044060799,367605218.6,169,3509648.0815303777,3664285.9802114232,21682.165563381204,0.005898220282605423,Small Whale Orders
2025-02-03,0.87005713,305949328.0,313,31532363.542189777,27434957.72563427,87651.62212662706,0.02864906509179424,Small Whale Orders
2025-02-04,0.851271995,299090318.3,137,1545759.6761193357,1315861.9232806605,9604.831556793142,0.00321134820123435,Normal
2025-02-05,0.79503927,279057490.5,122,18555170.11284041,14752088.901238455,120918.7614855611,0.04333112910494015,Small Whale Orders
2025-02-06,0.764746118,268784192.2,129,848588.4436372987,648954.7180512861,5030.656729079737,0.0018716341492793103,Normal
2025-02-07,0.695407014,244404405.2,108,1436858.0371051324,999201.1571251814,9251.862565973903,0.003785472916661611,Normal
2025-02-08,0.719033506,252740541.4,423,3280692.612527792,2358927.911294158,5576.661728827797,0.0022064769260749066,Normal
2025-02-09,0.697345349,245383273.6,500,33135757.865623873,23107066.633182976,46214.133266365956,0.018833448828178792,Small Whale Orders
2025-02-10,0.651624254,229126174.3,242,3613334.358319135,2354536.305692275,9729.488866497004,0.0042463454453518555,Normal
2025-02-11,0.660611424,232418993.1,190,1405246.0993875386,928321.6267868474,4885.903298878144,0.002102196224891116,Normal
2025-02-12,0.695994704,244496589.9,155,1782148.6923324422,1240366.0516039052,8002.361623251001,0.0032729951884089654,Normal
2025-02-13,0.714785065,251168324.4,130,571514.7402608545,408510.20076581306,3142.3861597370237,0.0012511076654445458,Normal
2025-02-14,0.684410905,240724944.7,147,3404820.015656119,2330295.948277319,15852.353389641625,0.006585255802799079,Small Whale Orders
2025-02-15,0.714486814,251228148.6,132,424517.4385907563,303312.11218615016,2297.819031713259,0.0009146343849278597,Normal
2025-02-16,0.686738911,241450112.1,119,539273.7254148126,370340.2509222814,3112.1029489267344,0.0012889217245994954,Normal
2025-02-17,0.70397754,247679074.6,128,1773564.5269429535,1248549.5927085641,9754.293693035657,0.003938279286931597,Normal
2025-02-18,0.679547692,238705200.5,137,3014564.546179523,2048540.3797413222,14952.849487162935,0.006264149023918285,Small Whale Orders
2025-02-19,0.641892867,237360287.4,120,5624442.071471827,3610289.24653247,30085.743721103918,0.01267513788875869,Small Whale Orders
2025-02-20,0.637589552,235635958.6,110,1366820.6572614338,871470.5705276631,7922.459732069665,0.003362160758120244,Normal
2025-02-21,0.671476244,248315121.8,484,5973188.174135802,4010853.959873927,8286.888346846956,0.003337246755967383,Normal
2025-02-22,0.635139285,234773711.5,330,2923601.3746110825,1856894.0866955002,5626.9517778651525,0.002396755472285981,Normal
2025-02-23,0.714848,264924800.0,194,4219204.631881786,3016089.9926914307,15546.855632430055,0.0058684032723361704,Small Whale Orders
2025-02-24,0.719174026,265733174.6,209,10830708.44876809,7789164.199532762,37268.728227429485,0.014024868473245375,Small Whale Orders
2025-02-25,0.597085349,219962847.7,226,1989514.7961700133,1187910.1364118361,5256.239541645293,0.0023896033337475714,Normal
2025-02-26,0.611451932,226240410.5,159,6936876.93117101,4241566.8016107455,26676.520764847457,0.011791227175503847,Small Whale Orders
2025-02-27,0.637360167,235631638.1,119,3050444.283382289,1944231.677880731,16338.081326728832,0.00693373838015551,Small Whale Orders
2025-02-28,0.635547195,234959282.2,165,1955024.0667360069,1242510.061771562,7530.36401073674,0.0032049655328478615,Normal
2025-03-01,0.649842671,240505510.3,129,2083755.8702984978,1354113.4804667055,10497.003724548105,0.004364558513214283,Normal
2025-03-02,0.631380138,233341126.9,122,2521262.168026885,1591874.855582994,13048.154553958966,0.005591879463045041,Small Whale Orders
2025-03-03,0.68671254,253655212.0,150,4943305.952780545,3394630.186831048,22630.867912206988,0.008921901400633151,Small Whale Orders
2025-03-04,0.557804339,206501599.1,154,3735425.2348670396,2083636.404018929,13530.106519603434,0.0065520589567209,Small Whale Orders
2025-03-05,0.538989609,199380145.6,146,1429176.246194205,770311.1461283023,5276.103740604811,0.002646253329150348,Normal
2025-03-06,0.580665176,214747041.6,116,2418148.192423742,1404134.4457478141,12104.607290929433,0.00563668174459705,Small Whale Orders
2025-03-07,0.567226989,209463487.4,104,769286.4533025023,436360.0385852675,4195.769601781418,0.0020031030963258076,Normal
2025-03-08,0.580352294,214310884.1,77,2856609.477963824,1657839.8635984475,21530.38783894088,0.010046334291120064,Small Whale Orders
2025-03-09,0.55922587,206603726.1,134,1211507.2405677468,677506.1906177974,5056.01634789401,0.0024472048221660853,Normal
2025-03-10,0.491848485,181153794.6,159,4578868.224967802,2252109.3994650524,14164.210059528632,0.007818886759067995,Small Whale Orders
2025-03-11,0.463271068,171447130.2,322,46670599.625349574,21621138.532636095,67146.39295849719,0.039164489297760896,Small Whale Orders
2025-03-12,0.519365302,191929062.4,150,6340371.4834739985,3292968.950306661,21953.12633537774,0.011438145980010653,Small Whale Orders
2025-03-13,0.523208755,192760664.5,115,3606499.1372686177,1886951.9235188875,16408.277595816413,0.008512254114903414,Small Whale Orders
2025-03-14,0.507799959,188057694.9,90,2581219.8957739784,1310743.3572440105,14563.815080489007,0.007744333507987184,Small Whale Orders
2025-03-15,0.524737759,193737324.9,99,1255798.2267943379,658964.7472842345,6656.209568527621,0.0034356877653613253,Normal
2025-03-16,0.533526916,197139652.1,72,3599917.1935315724,1920652.718120275,26675.732196114932,0.013531388491333821,Small Whale Orders
2025-03-17,0.50160566,185191159.8,94,1672129.7779641761,838749.7608813739,8922.869796610361,0.004818194241154248,Normal
2025-03-18,0.5467726,202349085.2,83,3100491.0486067254,1695263.5519234256,20424.862071366573,0.01009387418340875,Small Whale Orders
2025-03-19,0.539618419,209189034.5,108,12005604.325556276,6478445.225296238,59985.603937928136,0.028675309908717105,Small Whale Orders
2025-03-20,0.573063977,222469018.7,95,5946160.949684977,3407530.6417085696,35868.74359693231,0.016123028638563557,Small Whale Orders
2025-03-21,0.573310481,222183022.5,102,2223342.480048487,1274665.5466643309,12496.721045728735,0.005624516628280513,Small Whale Orders
2025-03-22,0.581509517,225697730.4,87,1377987.211220788,801312.6776291773,9210.490547461808,0.004080896396759606,Normal
2025-03-23,0.626400616,243314592.8,113,1211587.2286673093,758938.9863749354,6716.274215707393,0.0027603252802958856,Normal
2025-03-24,0.624500067,242058690.8,104,1962783.9593669062,1225758.7141311583,11786.141482030369,0.004869125517897071,Normal
2025-03-25,0.640904177,248510641.8,93,1290312.864979758,826966.904802364,8892.117255939398,0.0035781635713997817,Normal
2025-03-26,0.640061303,248038227.1,107,2489473.3767511547,1593415.573307154,14891.734329973402,0.00600380614878754,Small Whale Orders
2025-03-27,0.616223464,238922698.6,86,948134.0143589946,584262.4266645254,6793.749147261923,0.0028434925551531183,Normal
2025-03-28,0.629788748,243573584.7,87,1100124.6535582866,692846.128208407,7963.748600096632,0.0032695452628433695,Normal
2025-03-29,0.577165174,223812800.1,81,1325456.2882804489,765007.2092547794,9444.533447589869,0.004219836150287219,Normal
2025-03-30,0.533010265,206581849.6,85,895694.8822063851,477414.5665239691,5616.641959105519,0.0027188458085649356,Normal
2025-03-31,0.530839306,204936963.4,87,4372055.981434048,2320859.162977599,26676.542103190794,0.013016950022394443,Small Whale Orders
2025-04-01,0.506124116,196141325.2,92,1480968.3531172224,749553.79854543,8147.3238972329345,0.0041538028199439,Normal
2025-04-02,0.509970416,197931475.8,104,841526.214541257,429153.47370451014,4126.475708697213,0.0020848001521833813,Normal
2025-04-03,0.480895456,186695990.9,109,1563637.0619833353,751945.9579409764,6898.586770100701,0.003695091006959968,Normal
2025-04-04,0.492368549,190926435.7,91,630746.980525013,310559.9755872319,3412.7469844750763,0.0017874669748915637,Normal
2025-04-05,0.498511927,193324352.1,71,500166.4351177253,249338.9333912577,3511.815963257151,0.0018165409195012381,Normal
2025-04-06,0.486534485,188049992.6,102,1191652.4450334841,579780.0086433571,5684.117731797618,0.003022663097832857,Normal
2025-04-07,0.434174062,168318085.0,121,1231853.5173340302,534838.8454099033,4420.155747189284,0.0026260729779508146,Normal
2025-04-08,0.440411115,171295534.9,98,1713483.974304163,754637.3876579277,7700.381506713548,0.004495377834109293,Normal
2025-04-09,0.41283946,160128595.4,109,6501462.087248158,2684060.0973100024,24624.404562477088,0.01537789331191316,Small Whale Orders
2025-04-10,0.463124242,179628323.6,79,897396.374064453,415606.0155121482,5260.835639394281,0.0029287339178810227,Normal
2025-04-11,0.449745174,174446786.0,83,491187.06423803704,220909.01167228515,2661.5543574974113,0.0015257113177753882,Normal
2025-04-12,0.466395458,180696223.8,101,1269995.2506706307,592320.0165943535,5864.554619746074,0.0032455324723537882,Normal
2025-04-13,0.491846819,191180391.0,71,611167.154908274,300600.6210189148,4233.811563646687,0.0022145637120528157,Normal
2025-04-14,0.467378678,181243829.6,82,2983410.811265897,1394382.6009003622,17004.665864638562,0.009382204018844327,Small Whale Orders
2025-04-15,0.468592154,181633730.8,66,940065.6628353244,440507.3938494424,6674.354452264279,0.0036746227822702844,Normal
2025-04-16,0.45713322,177287997.2,53,2119569.9818303585,968925.8508094533,18281.619826593458,0.010311820380016937,Small Whale Orders
2025-04-17,0.453256186,175874139.7,92,1173936.586604361,532094.0198501514,5783.630650545124,0.003288505439407204,Normal
2025-04-18,0.467090881,180943922.2,96,2202821.2733519003,1028917.729255481,10717.893013077928,0.005923323028905764,Small Whale Orders
2025-04-19,0.477797209,193893348.5,116,377504.2868897738,180370.49466146922,1554.9180574264587,0.0008019450225887758,Normal
2025-04-20,0.515868339,209363854.0,84,1073269.4777886486,553665.7428062275,6591.25884293128,0.0031482315199123532,Normal
2025-04-21,0.526121607,213328978.2,130,2383433.971199699,1253976.1111059773,9645.970085430596,0.004521640785429213,Normal
2025-04-22,0.505442291,204266783.5,213,18509731.364198416,9355601.026515003,43923.00951415495,0.02150276651032445,Small Whale Orders
2025-04-23,0.549887418,222771375.7,221,2718347.877481337,1494785.2955739927,6763.734369113089,0.0030361774926692658,Normal
2025-04-24,0.547074999,221997992.9,231,5072227.009548951,2774888.5861767656,12012.504702063921,0.00541108707567235,Small Whale Orders
2025-04-25,0.563446143,228678013.7,263,1484983.3882628721,836708.1625357867,3181.3998575505198,0.0013912137009044346,Normal
2025-04-26,0.591489619,240061274.6,249,2239975.4841508083,1324922.245689702,5320.972874255831,0.0022165061329120473,Normal
2025-04-27,0.629717283,255553978.0,246,842015.8851102951,530231.9554144952,2155.414452904452,0.000843428253307977,Normal
2025-04-28,0.589209615,238975665.3,215,891384.1710818387,525212.1242602243,2442.8470895824385,0.001022215833781984,Normal
2025-04-29,0.606775006,246126643.6,158,302785.7676090408,183722.83595769032,1162.8027592258882,0.00047244083054886636,Retail Orders
2025-04-30,0.582931426,236095962.0,105,1482196.0687357397,864018.6679597187,8228.749218663988,0.0034853409388950025,Normal
2025-05-01,0.581914375,236140666.6,159,356856.14544667024,207659.72084250822,1306.0359801415611,0.0005530754185401971,Normal
2025-05-02,0.592245624,240144222.0,76,1335826.850211927,791137.6064597173,10409.705348154175,0.004334772355319952,Normal
2025-05-03,0.581475178,235980437.1,74,340195.21697105345,197815.07434299195,2673.176680310702,0.0011327958847613738,Normal
2025-05-04,0.5344461,216903591.0,77,1136411.7040951431,607350.8032480032,7887.672769454588,0.003636487866839691,Normal
2025-05-05,0.525246017,213136785.1,135,4492101.704776575,2359458.5283928057,17477.470580687448,0.00820011926729932,Small Whale Orders
2025-05-06,0.513868448,208691674.7,108,962635.5396219833,494668.0307351911,4580.259543844361,0.0021947495272289183,Normal
2025-05-07,0.503786707,204667530.2,202,1065634.9692857682,536852.7320405233,2657.6867922798183,0.001298538556498308,Normal
2025-05-08,0.509850965,206925580.8,187,1329241.770219845,677715.1992648963,3624.1454506144187,0.0017514245636537648,Normal
2025-05-09,0.592845146,240647159.2,178,2714429.8236578605,1609236.5451131987,9040.654747826959,0.0037568092546288235,Normal
2025-05-10,0.635996503,258091998.6,225,1875737.901094768,1192962.7456408322,5302.0566472925875,0.002054328176019862,Normal
2025-05-11,0.726594392,294814516.8,184,2249858.3744155224,1634734.4776445548,8884.426508937799,0.00301356480181908,Normal
2025-05-12,0.717307792,291290620.8,140,868794.1982824409,623192.848072388,4451.377486231343,0.001528156819469878,Normal
2025-05-13,0.70898055,287777575.1,165,2672340.191220197,1894637.2185584006,11482.649809444853,0.003990112782573395,Normal
2025-05-14,0.792975123,321806520.9,142,1847994.1737605713,1465413.4072410723,10319.812727049804,0.0032068376669895523,Normal
2025-05-15,0.734765976,298120282.6,139,4217350.430483279,3098765.605188067,22293.27773516595,0.007477947337477114,Small Whale Orders
2025-05-16,0.678522306,275334162.2,119,5593407.591969202,3795251.81770085,31892.872417654202,0.011583332835570014,Small Whale Orders
2025-05-17,0.658425696,267552658.2,107,589701.8004510935,388274.8183944643,3628.7366205090125,0.0013562700684500292,Normal
2025-05-18,0.62322742,253008921.7,105,643123.7437197024,400812.3515391713,3817.2604908492503,0.0015087454091344205,Normal
2025-05-19,0.667641646,283029001.3,123,14992447.695485502,10009582.456982847,81378.71916246218,0.028752784622309364,Small Whale Orders
2025-05-20,0.643786135,272818662.2,108,1813869.477976642,1167744.0206210501,10812.444635380094,0.003963234973806016,Normal
2025-05-21,0.675689264,286564650.7,131,6921468.77788503,4676762.144328115,35700.47438418408,0.01245808731013315,Small Whale Orders
2025-05-22,0.687124692,291288323.0,109,1856004.2129272437,1275306.3231583347,11700.058010626924,0.004016658783341248,Normal
2025-05-23,0.751144969,318573836.6,149,6847574.02009194,5143520.775047166,34520.273658034675,0.010835878434479912,Small Whale Orders
2025-05-24,0.662395595,281136153.9,126,613268.1857864432,406226.1448185816,3224.017022369695,0.001146781364703622,Normal
2025-05-25,0.661773363,280708020.5,118,921635.9362280144,609914.1129792666,5168.763669315818,0.0018413309531053524,Normal
2025-05-26,0.683564381,289887556.6,122,1315846.4616614417,899465.7720566437,7372.670262759375,0.0025432862138793076,Normal
2025-05-27,0.669923575,283875775.2,126,856322.804111773,573670.8342845837,4552.943129242728,0.0016038505314639922,Normal
2025-05-28,0.689435129,292246347.2,85,2763754.8438186534,1905429.6772724881,22416.819732617507,0.007670521786633818,Small Whale Orders
2025-05-29,0.666993172,282921037.1,106,25087391.181626923,16733118.621438168,157859.60963620912,0.05579634913483396,Big Whale Orders
2025-05-30,0.636681517,270196729.0,126,949737.4541685072,604680.2830717232,4799.049865648597,0.0017761317405321354,Normal
2025-05-31,0.5558593,235616722.1,131,1033585.7567234221,574528.2552222516,4385.711871925585,0.0018613754715016406,Normal
2025-06-01,0.545983532,231435113.9,111,667437.0047687456,364409.61325114063,3282.9694887490145,0.001418526961370063,Normal
2025-06-02,0.55916014,237147970.4,152,3306979.4925734466,1849131.1160444976,12165.336289766432,0.005129850476580942,Small Whale Orders
2025-06-03,0.560710556,237860563.9,142,2569918.5619282094,1440980.4657334865,10147.749758686525,0.004266259859264768,Normal
2025-06-04,0.553085496,234513813.6,181,91147847.10675761,50412552.226373196,278522.38799101213,0.1187658772485256,Big Whale Orders
2025-06-05,0.527225968,223530313.2,156,1019685.6737899876,537604.7664196584,3446.1844001260156,0.0015417078564385137,Normal
2025-06-06,0.489342124,207414701.3,139,938279.8576711406,459139.85845921363,3303.1644493468607,0.0015925411403549632,Normal
2025-06-07,0.502816906,213182938.4,75,241792.57614577084,121577.3950313859,1621.031933751812,0.0007603947792061261,Normal
2025-06-08,0.521164887,220910503.4,84,434071.8281251236,226222.99525471343,2693.1308958894456,0.0012191049562786183,Normal
2025-06-09,0.526427711,223137223.6,79,1008167.1704333741,530727.135836588,6718.065010589721,0.0030107325448454317,Normal
2025-06-10,0.554557008,235170460.8,140,1527550.707510171,847113.9499251235,6050.813928036597,0.0025729481106823585,Normal
2025-06-11,0.577210131,244725626.7,135,1479375.0007069756,853910.2379561984,6325.261021897766,0.0025846337006837734,Normal
2025-06-12,0.536674747,227457975.9,104,541299.1005065622,290501.55781568674,2793.2842097662187,0.0012280440809841122,Normal
2025-06-13,0.497460613,211055633.1,140,2961673.278006965,1473315.8043830642,10523.684317021887,0.004986213427450039,Normal
2025-06-14,0.476271815,202020666.1,163,820769.4212565603,390909.3419583615,2398.2168218304387,0.0011871145997723442,Normal
2025-06-15,0.464477137,197140076.8,91,168735.6973860488,78373.87363157033,861.251358588685,0.00043687279246747504,Retail Orders
2025-06-16,0.47141702,200021438.4,213,4470416.045286733,2107430.2102292567,9894.038545677262,0.004946489048784514,Normal
2025-06-17,0.478685765,203191206.8,134,959183.8213254558,459147.6412867991,3426.4749349761128,0.0016863303235108854,Normal
2025-06-18,0.452957061,192169829.5,123,769662.884550266,348624.23814667074,2834.3433995664286,0.0014749159152302983,Normal
2025-06-19,0.458025447,202449376.3,97,351835.0514741102,161149.40672169736,1661.334089914406,0.0008206170452471806,Normal
2025-06-20,0.452527087,199862164.1,133,935619.0378590715,423392.95774410834,3183.4056973241227,0.0015928005741653645,Normal
2025-06-21,0.434812028,192268513.9,148,312417.8147159232,135843.02359995883,917.8582675672894,0.0004773835553982973,Retail Orders
2025-06-22,0.401341589,177089097.4,203,2096065.9337524252,841238.432500967,4144.031687196882,0.002340082900663585,Normal
2025-06-23,0.391427912,173051746.8,136,1080576.4871674513,422967.79812825023,3110.0573391783105,0.0017971834417670903,Normal
2025-06-24,0.446243993,197010513.8,115,958563.919643467,427753.39104743185,3719.594704760277,0.0018880183767939988,Normal
2025-06-25,0.460235423,203317846.7,136,1292484.2149624513,594847.0193940667,4373.875142603431,0.0021512499830165827,Normal
2025-06-26,0.443550341,196048810.4,95,914215.1063635227,405500.4221748918,4268.425496577808,0.0021772259101541626,Normal
2025-06-27,0.430598949,190334745.1,103,3659287.848635798,1575685.5017110456,15297.917492340248,0.00803737514362019,Small Whale Orders
2025-06-28,0.440031791,194289371.8,99,551163.4184557606,242529.42615677076,2449.7921834017247,0.0012608987103646214,Normal
2025-06-29,0.458484682,202630984.3,84,1241677.2911981512,569290.0180016058,6777.262119066735,0.003344632679192259,Normal
2025-06-30,0.488112915,215795757.3,92,1702132.9128786782,830833.0578226525,9030.794106767962,0.0041848802866931815,Normal
2025-07-01,0.463824986,205149182.8,116,524033.89394820476,243060.01352405155,2095.344944172858,0.0010213762080717671,Normal
2025-07-02,0.435600244,192477772.9,140,586141.2751812988,255323.28248744496,1823.7377320531782,0.0009475056286113014,Normal
2025-07-03,0.478533192,211716399.4,116,1783289.8032413002,853363.3618061113,7356.5807052250975,0.0034747335237485136,Normal
2025-07-04,0.486772381,215003793.5,111,464298.4016837919,226007.63848211378,2036.1048511902143,0.0009470088029819875,Normal
2025-07-05,0.446881891,197517277.1,89,271903.97798226855,121508.96385113851,1365.2692567543654,0.0006912151062426555,Normal
2025-07-06,0.438392212,193745258.0,98,545938.9915618118,239335.40212783203,2442.197980896245,0.0012605201314894866,Normal
2025-07-07,0.452942441,200027389.2,73,2334968.415312516,1057606.2936895527,14487.757447802092,0.007242886839519922,Small Whale Orders
2025-07-08,0.444385499,196415172.0,83,1188528.4391110032,528164.8034900343,6363.431367349811,0.0032397860626315624,Normal
2025-07-09,0.451064747,199352914.1,75,1026613.5795894888,463069.1945442972,6174.255927257295,0.0030971485694762137,Normal
2025-07-10,0.484408155,214174912.3,119,2179439.93939605,1055738.4799761523,8871.751932572708,0.004142292781773539,Normal
2025-07-11,0.535716424,236437161.9,103,3817010.0449897265,2044834.971673975,19852.766715281312,0.00839663551860682,Small Whale Orders
2025-07-12,0.532090244,235410273.3,69,553713.9207278425,294625.7751862744,4269.938770815571,0.001813828560223489,Normal
2025-07-13,0.530823618,234393130.0,104,1587625.3295290507,842749.021449053,8103.355975471663,0.0034571644550638763,Normal
2025-07-14,0.548227965,241378028.1,109,1153760.5202489293,632523.7821134118,5802.970478104696,0.0024041005404603754,Normal
2025-07-15,0.528996499,233791083.8,97,1571104.6205833787,831108.8438513307,8568.132410838462,0.003664867056336586,Normal
2025-07-16,0.557532073,246983389.9,111,2344111.071705444,1306917.1051501876,11774.027974326014,0.004767133522255544,Normal
2025-07-17,0.558944758,247269878.3,101,2034940.1245731027,1137419.1154740027,11261.5754007327,0.004554366054675531,Normal
2025-07-18,0.56452739,249993400.9,162,1942472.2176991107,1096578.7712051906,6769.004760525868,0.0027076733770398766,Normal
2025-07-19,0.564186416,259637847.1,94,657386.2833621309,370888.411137641,3945.621395081287,0.0015196634231686662,Normal
2025-07-20,0.582432165,267962866.1,133,759887.6891951666,442583.03197478794,3327.6919697352478,0.0012418481777596003,Normal
2025-07-21,0.608615096,280634364.0,120,1465188.2374132206,891735.6797713179,7431.130664760983,0.0026479760207702083,Normal
2025-07-22,0.62150015,286073644.4,97,3047016.217460026,1893721.036203839,19522.897280451947,0.006824430583739559,Small Whale Orders
2025-07-23,0.629850845,289213147.4,110,3064303.1351907807,1930053.9190360624,17545.944718509658,0.006066786685268673,Small Whale Orders
2025-07-24,0.549576183,252918434.7,92,996140.219981411,547454.9398301643,5950.597172067003,0.0023527732089301135,Normal
2025-07-25,0.525374627,241722516.1,91,747591.1208867424,392765.40628438425,4316.103365762464,0.0017855611613677325,Normal
2025-07-26,0.550224327,253153843.9,73,170960.78380940988,94066.78221492506,1288.5860577386993,0.0005090130325051325,Normal
2025-07-27,0.547347841,251828224.1,75,363263.6760026528,198831.58877377553,2651.087850317007,0.0010527365865329974,Normal
2025-07-28,0.581480985,267362329.3,100,3837072.40238704,2231184.6400563326,22311.846400563325,0.008345172058823519,Small Whale Orders
2025-07-29,0.534204932,245479205.7,87,899098.0494995944,480302.61239426344,5520.719682692683,0.0022489561455724897,Normal
2025-07-30,0.526601061,242091937.2,91,1270459.809952345,669025.4838787633,7351.928394272124,0.0030368332292696133,Normal
2025-07-31,0.512066214,235694354.6,73,339282.19473762804,173734.94893690792,2379.930807354903,0.001009752996160606,Normal
2025-08-01,0.478575522,220061915.2,91,1540616.7629225538,737301.4715176114,8102.213972721004,0.0036817883573163615,Normal
2025-08-02,0.459859456,211502587.7,77,420908.1549204559,193558.59514768457,2513.7479889309684,0.0011885187865864435,Normal
2025-08-03,0.445657614,205311318.0,92,396722.36352339643,176802.3419482775,1921.7645863943205,0.0009360246698111015,Normal
2025-08-04,0.466544267,214647188.6,70,460968.3477776858,215062.13992414152,3072.316284630593,0.0014313331121032877,Normal
2025-08-05,0.493619258,227157690.3,54,289397.91380919935,142852.38348124493,2645.4145089119434,0.0011645718467282475,Normal
2025-08-06,0.469384878,215875126.8,55,478921.34569947596,224798.43742274435,4087.24431677717,0.0018933373091027036,Normal
2025-08-07,0.47761722,219736699.0,71,540550.189574921,258176.07881524676,3636.282800214743,0.0016548363640498409,Normal
2025-08-08,0.505819319,232710999.5,85,3335087.7124769883,1686951.7955303781,19846.491712122097,0.008528385746597294,Small Whale Orders
2025-08-09,0.515858431,237318606.0,104,1199815.5965587636,618934.9911301328,5951.297991635893,0.002507724991286984,Normal
2025-08-10,0.54389501,250209085.3,89,379794.8959199466,206568.5487143283,2320.9949293744753,0.0009276221631167425,Normal
2025-08-11,0.542052137,248940823.9,96,706711.5655794685,383074.51436496654,3990.3595246350683,0.0016029349715006981,Normal
2025-08-12,0.505521222,232635133.8,115,594889.0800983583,300729.054725778,2615.035258485026,0.0011240930016758399,Normal
2025-08-13,0.542806797,249917507.5,135,3242763.2003031555,1760193.9061860254,13038.473379155743,0.005217110841726742,Small Whale Orders
2025-08-14,0.616333216,282844213.1,133,2224766.7084371243,1371197.620260787,10309.756543314188,0.003645030043329597,Normal
2025-08-15,0.555687457,255881763.6,89,1994074.7512433392,1108082.3275863188,12450.363231306954,0.004865670400321938,Normal
2025-08-16,0.545358974,250830224.3,87,668279.2486828604,364452.08540717553,4189.104429967535,0.0016700955563302645,Normal
2025-08-17,0.558647578,256821593.4,85,443011.57014438865,247487.34068713983,2911.6157727898803,0.0011337114353367611,Normal
2025-08-18,0.559265605,257455474.9,70,2258425.2652668646,1263059.5723267584,18043.70817609655,0.007008477167986048,Small Whale Orders
2025-08-19,0.527616902,252126791.2,85,1544486.2629102492,814897.0572182632,9587.024202567802,0.0038024615142794875,Normal
2025-08-20,0.49746924,238479257.9,103,16947576.315828215,8430897.909677062,81853.37776385497,0.03432305957534387,Small Whale Orders
2025-08-21,0.522640573,249895625.7,76,4266336.120103347,2229760.3544214107,29338.952031860666,0.011740482431285977,Small Whale Orders
2025-08-22,0.508965395,243221504.6,93,2158051.331461635,1098373.448347647,11810.467186533839,0.004855848254847872,Normal
2025-08-23,0.559605197,267576196.0,71,1138771.7320379985,637262.5794451553,8975.529287959935,0.0033543825729400586,Normal
2025-08-24,0.552575171,264208414.0,85,1088404.4055859358,601425.2505338017,7075.591182750609,0.0026780340094508153,Normal
2025-08-25,0.543605484,260015388.4,97,1417824.4459581885,770737.144172133,7945.743754351886,0.003055874424681507,Normal
2025-08-26,0.480157848,229589829.5,86,2419980.733970586,1161972.7414247773,13511.310946799736,0.005884977995856622,Small Whale Orders
2025-08-27,0.508137081,243011644.1,85,3289726.1232576026,1671631.8295615644,19666.256818371345,0.008092722013879559,Small Whale Orders
2025-08-28,0.502985358,240313849.5,80,1706851.5743178069,858521.3501611056,10731.51687701382,0.004465625638864322,Normal
2025-08-29,0.517739853,247492968.7,77,747460.4279658904,386990.0520983772,5025.844832446457,0.0020307020675559328,Normal
2025-08-30,0.485249018,232163789.0,76,1391045.5968621504,675003.5098705823,8881.625129876082,0.0038255858797497837,Normal
2025-08-31,0.494093159,236282864.2,78,371660.66182952625,183634.99047938135,2354.294749735658,0.000996388272889261,Normal
2025-09-01,0.483164507,231153950.0,129,746913.2096480773,360881.95271140087,2797.5345171426425,0.0012102473339272992,Normal
2025-09-02,0.460337123,220205175.0,95,853504.8498754805,392899.9670582256,4135.78912692869,0.0018781525579172655,Normal
2025-09-03,0.480608041,229659954.9,92,445116.9353862803,213926.77833192376,2325.291068825258,0.0010124930442652709,Normal
2025-09-04,0.481735181,230219875.3,84,23916509.03455111,11521423.808647612,137159.8072458049,0.059577743697007766,Big Whale Orders
2025-09-05,0.459963633,219932144.1,72,1068732.771220551,491578.2081567625,6827.475113288368,0.003104355273408335,Normal
2025-09-06,0.476661037,227867609.6,53,207216.79592171693,98772.17282786296,1863.6259024125086,0.0008178546769696348,Normal
2025-09-07,0.478580459,228830206.5,83,504499.2535312003,241443.48432011923,2908.957642411075,0.0012712297414332295,Normal
2025-09-08,0.494827522,236620260.3,135,7499331.648625226,3710875.6963453954,27487.968121077003,0.011616912299152347,Small Whale Orders
2025-09-09,0.580700952,276577798.1,221,2783441.123660477,1616346.9103455888,7313.7869246406735,0.0026443868506019004,Normal
2025-09-10,0.649148974,310391700.6,122,1694445.034706758,1099947.2557792864,9015.96111294497,0.0029047043124918424,Normal
2025-09-11,0.620026276,295790983.8,124,2072276.3103010296,1284865.763518968,10361.820673540064,0.0035030887488261783,Normal
2025-09-12,0.648352324,309778305.7,117,449372.16631374025,291351.488370428,2490.183661285709,0.0008038599267494506,Normal
2025-09-13,0.657505399,313890748.8,117,320983.55211377685,211048.41850500615,1803.8326367949244,0.0005746689393334946,Normal
2025-09-14,0.664887799,317024661.7,102,873033.9207794443,580469.602039385,5690.87845136652,0.0017950901424671469,Normal
2025-09-15,0.631540736,301766720.1,101,1245664.585718813,786687.9292739942,7788.989398752417,0.0025811293558717437,Normal
2025-09-16,0.601724338,287711388.9,80,2219435.9476883784,1335488.6263561924,16693.607829452405,0.005802206125130004,Small Whale Orders
2025-09-17,0.620665163,296712040.0,93,1306656.1826212653,810995.9725715852,8720.386801845003,0.0029390067224252183,Normal
2025-09-18,0.653209548,312180577.3,118,1670379.9249933388,1091108.1157931727,9246.678947399769,0.0029619648433521456,Normal
2025-09-19,0.647059897,321018375.7,102,704316.3193669796,455734.84506501694,4467.988677108009,0.0013918171093369,Normal
2025-09-20,0.609741206,302425235.5,112,121491.23433995096,74078.21174487032,661.4126048649135,0.00021870284858054232,Retail Orders
2025-09-21,0.617236053,306283332.7,85,398346.21871076094,245873.64776450483,2892.631150170645,0.0009444298273337435,Normal
2025-09-22,0.60282849,299210001.8,157,791919.3364628664,477391.5378017117,3040.7104318580364,0.00101624625298807,Normal
2025-09-23,0.549975541,273162313.3,74,231870.3058967375,127522.9969273937,1723.283742262077,0.0006308643829536924,Normal
2025-09-24,0.53507621,265584898.6,82,798268.8282731761,427134.659193552,5208.959258457951,0.0019613160559641667,Normal
2025-09-25,0.549713906,272902926.9,105,299507.57363998925,164643.47818222115,1568.0331255449632,0.0005745754152792721,Normal
2025-09-26,0.510554514,253392600.1,85,446053.10039478366,227734.423890252,2679.228516355906,0.0010573428408321961,Normal
2025-09-27,0.526040425,261015180.3,73,102093.81658045836,53705.47466385636,735.691433751457,0.000281857719120353,Retail Orders
2025-09-28,0.521200394,258612496.3,89,320034.18189279427,166801.94169599205,1874.179120179686,0.0007247055525134289,Normal
2025-09-29,0.536462174,266162030.7,81,1768626.16581532,948801.0379065711,11713.59306057495,0.0044009256428381134,Normal
2025-09-30,0.514788907,255616072.7,81,324708.36840755417,167156.26606627813,2063.6576057565203,0.0008073270135006345,Normal
2025-10-01,0.505510911,250684135.8,97,827215.0983946325,418166.2579824253,4310.992350334282,0.0017196909316087169,Normal
2025-10-02,0.52775982,261669532.7,92,2269781.7262616437,1197899.5952911344,13020.647774903635,0.004975989233653581,Normal
2025-10-03,0.544546461,269997279.5,90,245975.16987012152,133944.90824664853,1488.2767582960948,0.0005512191682272468,Normal
2025-10-04,0.555387861,275593638.6,62,236317.94588427155,131248.11848057935,2116.9051367835377,0.0007681255443838599,Normal
2025-10-05,0.534109285,265092800.9,94,167114.4380863897,89257.37303949837,949.5465216967912,0.0003581940054475433,Retail Orders
2025-10-06,0.534315893,265240090.9,93,752166.137365246,401894.32137067214,4321.444315813679,0.0016292575911697061,Normal
2025-10-07,0.561263904,278518379.8,89,288390.95566725906,161863.43365609675,1818.6902657988398,0.0006529875217229164,Normal
2025-10-08,0.522339528,259190827.6,80,310362.4121041425,162114.55584741928,2026.431948092741,0.000781830116002431,Normal
2025-10-09,0.536686122,266432283.9,90,411632.98325431754,220917.7094700506,2454.6412163338955,0.0009213002194791062,Normal
2025-10-10,0.515944118,255957278.2,213,4520569.746195007,2332361.3705580668,10950.053382901722,0.004278078537132109,Normal
2025-10-11,0.333271687,166581488.5,312,7858999.776419279,2619182.113619876,8394.814466730371,0.005039464193964368,Small Whale Orders
2025-10-12,0.33022684,164114802.3,174,700638.1018035264,231369.5063421768,1329.7098065642347,0.0008102314891337713,Normal
2025-10-13,0.377622555,187341579.7,137,1109573.1539755668,418999.84936366195,3058.3930610486273,0.0016325222974772574,Normal
2025-10-14,0.417943733,207235830.5,121,1854735.1117000743,775174.916310101,6406.4042670256285,0.0030913593713832364,Normal
2025-10-15,0.397596859,197214502.5,116,1132509.9017316988,450282.3797149221,3881.744652714846,0.001968285599440054,Normal
2025-10-16,0.381244683,189127580.0,109,3366697.2213333896,1283535.4149042289,11775.554265176412,0.006226249109292474,Small Whale Orders
2025-10-17,0.357596714,177442911.9,112,945753.434151466,338198.3203067796,3019.6278598819604,0.0017017461151582693,Normal
2025-10-18,0.354914431,176159015.4,71,1620249.6838048208,575049.9946055178,8099.295698669265,0.0045977185330415195,Normal
2025-10-19,0.361962241,186141072.9,92,491143.014955461,177775.2263447752,1932.3394167910349,0.0010381048022803326,Normal
2025-10-20,0.370219787,190354677.0,80,458530.68528721726,169757.1326399976,2121.96415799997,0.0011147423280805286,Normal
2025-10-21,0.372544263,191647219.6,85,1266379.5063337572,471782.41986541334,5550.381410181333,0.0028961450219658355,Normal
2025-10-22,0.353768231,181932700.1,112,2920307.8518694127,1033112.1427312521,9224.215560100465,0.00507012513694918,Small Whale Orders
2025-10-23,0.33889194,174055653.6,95,1614862.3768854553,547263.843735723,5760.672039323401,0.003309672464051119,Normal
2025-10-24,0.352592704,181264969.2,85,229048.860400447,80760.95703671213,950.1289063142603,0.0005241657615961796,Normal
2025-10-25,0.365576807,188008014.2,72,602622.3557185633,220304.7566304106,3059.7882865334805,0.001627477583630305,Normal
2025-10-26,0.366290902,188384656.1,74,910976.6311369559,333682.4519200769,4509.222323244283,0.0023936250523772266,Normal
2025-10-27,0.37789606,194439429.4,69,1670609.8537511106,631316.881529721,9149.520022169869,0.004705588804906187,Normal
2025-10-28,0.368140526,189403404.5,85,1242902.9234545869,457562.93600750936,5383.093364794227,0.0028421312589416666,Normal
2025-10-29,0.35528798,182624519.1,64,702534.5459469025,249602.0797096922,3900.0324954639404,0.002135547030970356,Normal
2025-10-30,0.357137749,183571713.7,98,2393978.782276312,854980.1934559231,8724.287688325747,0.004752522876472851,Normal
2025-10-31,0.317098696,162826488.4,159,978067.8110840896,310144.02749433916,1950.5913678889256,0.0011979570320874925,Normal
2025-11-01,0.326604126,167966351.8,117,1283126.5486866473,419074.42498119886,3581.832692146999,0.002132470375026029,Normal
2025-11-02,0.359423498,184557139.1,79,274693.4349184543,98731.27525602619,1249.762977924382,0.0006771685907242058,Normal
2025-11-03,0.357994372,183862167.2,105,1977194.1898783252,707824.3923275399,6741.184688833713,0.00366643382458385,Normal
2025-11-04,0.29661184,152766947.2,126,1176653.3215045878,349009.30673358735,2769.915132806249,0.0018131638967557044,Normal
2025-11-05,0.293786522,151058769.8,95,289622.3969676835,85087.15669843908,895.6542810362008,0.0005929177645376275,Normal
2025-11-06,0.305739637,157549601.1,75,861040.1173337303,263254.09291605215,3510.0545722140287,0.002227904448952635,Normal
2025-11-07,0.296682172,152239246.8,79,456509.5851397909,135438.2552580921,1714.408294406229,0.0011261276776142254,Normal
2025-11-08,0.35047287,180703399.3,59,1453900.051555445,509552.5237617847,8636.483453589572,0.004779369667114818,Normal
2025-11-09,0.33807372,173838762.2,73,1847498.1556488497,624590.5741733457,8556.035262648571,0.004921822471794252,Normal
2025-11-10,0.339390542,174477673.2,81,1451979.7877717435,492788.20714489697,6083.80502648021,0.0034868673537997467,Normal
2025-11-11,0.351996378,181127664.4,68,235733.48778453353,82977.33387346305,1220.2549099038683,0.000673698804622729,Normal
2025-11-12,0.325302716,167306197.6,65,1066562.7000846213,346955.74312182073,5337.780663412626,0.0031904261408022263,Normal
2025-11-13,0.319336278,164201356.9,67,324589.0538541615,103653.06033732949,1547.060602049694,0.0009421728487858153,Normal
2025-11-14,0.309367882,159131617.5,68,867826.2918567612,268477.58185564005,3948.1997331711773,0.0024810906815367333,Normal
2025-11-15,0.292432008,150427617.5,64,863958.4525213585,252649.10509939355,3947.642267178024,0.0026242802570332698,Normal
2025-11-16,0.298172489,153394613.4,65,369641.8256545893,110217.02319393292,1695.6465106758912,0.0011054146381621842,Normal
2025-11-17,0.287431172,147831287.7,69,1193779.102160509,343129.32644310285,4972.888789030476,0.0033638946574842533,Normal
2025-11-18,0.274721943,141118161.7,78,4444289.350843298,1220943.8057178797,15653.12571433179,0.0110922120340601,Small Whale Orders
2025-11-19,0.283605248,151013448.9,75,306040.4488097359,86794.67738271644,1157.262365102886,0.0007663306636147465,Normal
2025-11-20,0.273512277,145593398.7,78,724064.068454529,198040.41205688214,2538.979641754899,0.0017438837642540035,Normal
2025-11-21,0.264920548,141308103.8,170,3764166.80820636,997205.1335934396,5865.912550549645,0.004151150848964717,Normal
2025-11-22,0.242878003,129351031.5,102,352354.15474833886,85579.07345402952,839.010524059113,0.0006486307177682716,Normal
2025-11-23,0.238519557,127020872.1,74,1376300.1762143932,328274.508329679,4436.142004455122,0.0034924512256242985,Normal
2025-11-24,0.23627219,125800842.8,78,2252168.3383574313,532124.7455523713,6822.112122466298,0.005422946278120085,Small Whale Orders
2025-11-25,0.249070896,132838875.0,112,349633.3517255569,87083.49218576761,777.5311802300679,0.0005853190041168806,Normal
2025-11-26,0.250280099,133300966.4,68,346266.9311373209,86663.72180547484,1274.4664971393358,0.000956081963663345,Normal
2025-11-27,0.24900595,132453124.2,64,2402138.910265214,598146.8813825543,9346.045021602411,0.007056115193998882,Small Whale Orders
2025-11-28,0.252646561,134588049.0,88,780549.1375425679,197203.05529164575,2240.943810132338,0.0016650392265752643,Normal
2025-11-29,0.249647041,132923379.8,57,100043.31615636042,24975.517850262873,438.1669798291732,0.0003296387591772424,Retail Orders
2025-11-30,0.24164078,128801988.3,79,7781194.614984199,1880253.9360965816,23800.68273539977,0.018478505688875123,Small Whale Orders
2025-12-01,0.235233713,125301491.4,105,1181644.4894167713,277962.62069149635,2647.2630542047273,0.002112714720811956,Normal
2025-12-02,0.215810152,114896044.5,82,317970.7055588151,68621.30629819514,836.8451987584773,0.0007283498769694175,Normal
2025-12-03,0.232777386,124149144.5,61,551629.8839038132,128406.9624146131,2105.0321707313624,0.0016955671979933479,Normal
2025-12-04,0.240912923,128089001.3,66,129356.05015920267,31163.54415158813,472.1749113876989,0.0003686303324996718,Retail Orders
2025-12-05,0.233257289,124078557.7,51,879056.8689676289,205046.42213221735,4020.51808102387,0.0032403004641178785,Normal
2025-12-06,0.2195468,116834755.2,69,1322869.4191039084,290431.74778212194,4209.155764958289,0.003602657238210475,Normal
2025-12-07,0.224819832,119718728.5,55,247915.08618874798,55736.22802721985,1013.3859641312699,0.0008464723747306337,Normal
2025-12-08,0.216291218,115029005.0,56,541253.6945489707,117068.42084099684,2090.507515017801,0.0018173742483626638,Normal
2025-12-09,0.225082277,119450080.6,40,65498.92987021002,14742.648276250186,368.56620690625465,0.0003085524974574648,Retail Orders
2025-12-10,0.233304676,124372658.4,56,59821.31301463594,13956.59205077422,249.22485804953962,0.00020038556806271468,Retail Orders
2025-12-11,0.22372156,119148711.1,100,1239409.9762015638,277282.7333553768,2772.8273335537683,0.0023271987652695373,Normal
2025-12-12,0.216125042,115125897.1,119,218340.04404296863,47188.75118906845,396.5441276392306,0.00034444389805256997,Retail Orders
2025-12-13,0.211739745,112838926.3,59,418089.26019608125,88526.1133411569,1500.4425990026593,0.0013297207339721554,Normal
2025-12-14,0.214383817,114151889.9,45,109489.61382650994,23472.801333983178,521.6178074218484,0.0004569506539741033,Retail Orders
2025-12-15,0.204594168,108911144.6,68,713881.7394250922,146056.04052806954,2147.882948942199,0.00197214248076335,Normal
2025-12-16,0.197704542,105251286.0,60,591012.8284072006,116845.9205563702,1947.4320092728367,0.0018502690877077138,Normal
2025-12-17,0.198174159,105453954.5,62,118593.19011092705,23502.105713360084,379.0662211832272,0.00035946136205183956,Retail Orders
2025-12-18,0.182520282,97163573.17,66,465972.4553003177,85049.42394564638,1288.6276355400967,0.0013262456221998743,Normal
2025-12-19,0.175685776,96701477.22,66,548975.2125908643,96447.13622879096,1461.3202458907722,0.0015111664143105136,Normal
2025-12-20,0.196149303,107984357.0,41,463781.79517049773,90970.4758667819,2218.7920943117538,0.0020547347374692,Normal
2025-12-21,0.195708862,107716200.0,46,391508.53689783823,76621.69021956093,1665.688917816542,0.0015463680651717586,Normal
2025-12-22,0.19018274,104663663.4,39,445817.3851177335,84786.77184132578,2174.019790803225,0.0020771485730387926,Normal
2025-12-23,0.191136641,105213650.1,56,3552991.483559909,679106.8576692477,12126.908172665137,0.011525983711371247,Small Whale Orders
2025-12-24,0.187373285,103157986.6,56,983087.1764319626,184204.2736894314,3289.3620301684177,0.0031886644346046373,Normal
2025-12-25,0.183328242,100956582.1,43,364699.496510946,66859.71755363687,1554.8771524101599,0.0015401444067015021,Normal
2025-12-26,0.177261744,97443295.34,51,274200.83620659524,48605.31843223942,953.045459455675,0.0009780513437382225,Normal
2025-12-27,0.184273594,101435308.4,58,933703.6893464328,172056.9345669267,2966.498871843564,0.0029245229483065914,Normal
2025-12-28,0.191763894,105401856.6,51,304391.9879784571,58371.39291715012,1144.5371160225513,0.0010858794645013411,Normal
2025-12-29,0.188054578,103424945.9,58,108918.51516578603,20482.62540588849,353.14871389462917,0.00034145409583881555,Retail Orders
2025-12-30,0.183346259,100935342.8,68,190426.28052977126,34913.9461504181,513.4403845649721,0.000508682459802348,Normal
2025-12-31,0.18055367,99393860.98,99,5644987.028365295,1019223.1250737482,10295.183081553012,0.010357966759762562,Small Whale Orders
2026-01-01,0.17644341,97097129.81,71,466847.80864049913,82372.21930755713,1160.1721029233397,0.001194857258081231,Normal
2026-01-02,0.189480319,104247522.1,48,354437.9069531018,67159.00767516605,1399.145993232626,0.0013421383693806052,Normal
2026-01-03,0.200013748,110055656.5,45,101455.91903529345,20292.578623033587,450.9461916229686,0.0004097437659853209,Retail Orders
2026-01-04,0.205588488,113167419.3,63,406389.8876594022,83549.08254238637,1326.1759133712123,0.001171870774799238,Normal
2026-01-05,0.225869057481983,124151807.90924412,57,682444.1648175035,154143.02029140858,2704.263513884361,0.002178191006176243,Normal
2026-01-06,0.226038982221014,124511100.56189826,70,1637598.3825575246,370161.0716800816,5288.015309715452,0.0042470231857653674,Normal
2026-01-07,0.2115913497072246,116475998.59341696,98,1117118.6924730246,236372.65192353725,2411.965835954462,0.0020707835649247507,Normal
2026-01-08,0.206715184433528,113911009.2808993,41,359871.938279534,74390.99409390507,1814.4144900952456,0.0015928350574271385,Normal
2026-01-09,0.207036038991988,113962804.1581315,41,208188.27290055968,43102.475385914906,1051.279887461339,0.0009224763248213983,Normal
2026-01-10,0.2043717652667141,112582047.9738846,47,77122.98999533641,15761.761607994033,335.35662995731985,0.00029787753553311785,Retail Orders
2026-01-11,0.2029291166758956,111632219.2291113,48,178017.8109399758,36124.99712662587,752.6041068047057,0.0006741818016356721,Normal
2026-01-12,0.1953676760305396,107588714.46252307,74,5591963.604521188,1092488.9338626638,14763.363971117078,0.013722037710804394,Small Whale Orders
2026-01-13,0.2201437111190835,121234945.99490824,53,978565.0504667269,215424.94178117847,4064.621543041103,0.0033526814481459936,Normal
2026-01-14,0.2172779992661458,119639738.15330018,59,1032146.1105660723,224262.6418541303,3801.061726341192,0.0031770896401250126,Normal
2026-01-15,0.2039572770895748,112184515.31158192,67,666426.3058516963,135922.49472237614,2028.6939510802408,0.0018083546962303439,Normal
2026-01-16,0.2074899244714242,114194206.24413854,53,620420.6001111205,128731.02345757205,2428.8872350485294,0.002126979393206476,Normal
2026-01-17,0.2110360830562297,116198478.35382016,57,414331.36321583006,87438.86798041679,1534.0152277266104,0.0013201680860704472,Normal
2026-01-18,0.1954571226702376,111447366.23210932,48,818297.8752226706,159942.14817819232,3332.1280870456735,0.002989867055364874,Normal
2026-01-19,0.1880936125582188,107079800.70186044,86,1104154.769489668,207684.459416699,2414.9355746127794,0.00225526715476117,Normal
2026-01-20,0.1727107771551641,98177316.09252338,76,1917841.7323452188,331231.936053949,4358.314948078277,0.004439228043238575,Normal
2026-01-21,0.1787986954113261,101574838.70349649,64,353677.10539882386,63237.005042163786,988.0782037838092,0.0009727588213731485,Normal
2026-01-22,0.1765327182999048,100434802.59933424,50,437637.486450058,77257.33511296648,1545.1467022593297,0.001538457449280208,Normal
2026-01-23,0.1762669888554095,100202126.50959438,44,1149546.307410312,202627.0661570706,4605.160594478877,0.004595871120597357,Normal
2026-01-24,0.1774522688050429,100699586.86001328,45,483886.49503014854,85866.75638721997,1908.1501419382216,0.0018948937145003596,Normal
2026-01-25,0.1651675641925147,93823673.54516394,63,1029341.0355630111,170013.75156734316,2698.6309772594154,0.002876279381621499,Normal
2026-01-26,0.1672501828852594,95087094.69063728,51,3007918.9311861373,503074.99134491535,9864.215516566968,0.010373874129459806,Small Whale Orders
2026-01-27,0.1672713793587288,95119345.422456,55,1611650.5446330179,269583.0096450114,4901.509266272935,0.005153009878804081,Small Whale Orders
2026-01-28,0.1805237646239421,102670056.72353694,85,5323081.621267025,960942.7336716406,11305.208631431065,0.011011203258485555,Small Whale Orders
2026-01-29,0.1545816663567378,87866648.89789489,68,1402840.4467138895,216853.41388566347,3189.0207924362276,0.0036293870682857356,Normal
2026-01-30,0.1516482532069083,86204945.82879493,60,667594.1386445984,101239.48497662392,1687.3247496103986,0.0019573410010157257,Normal
2026-01-31,0.1337198997507826,75939737.83971503,116,1331161.5744217173,178002.79228376597,1534.5068300324654,0.002020690186304472,Normal
2026-02-01,0.1294855023418346,73660699.54607658,100,886790.9657552924,114826.57367302467,1148.2657367302468,0.001558858039370069,Normal
2026-02-02,0.1345807551506483,76532402.51856999,82,1219597.7090507154,164134.38066404595,2001.6387885859262,0.0026154135016214137,Normal
2026-02-03,0.1354570345105642,77106552.73207165,98,3520391.6973733604,476861.819641807,4865.93693512048,0.00631066590673369,Small Whale Orders
2026-02-04,0.1340282195190063,76283424.56427222,81,239226.79622278977,32063.14155897665,395.84125381452657,0.0005189086044256082,Normal
2026-02-05,0.1146564618139625,65192656.4532989,114,1440735.609926739,165189.6474435811,1449.0319951191325,0.0022226920545217453,Normal
2026-02-06,0.1285299502119433,73073400.19335246,95,2320833.333256636,298296.5927736938,3139.9641344599345,0.004297000175373773,Normal
2026-02-07,0.1268864042428995,72134178.23390132,61,750551.1131809321,95234.73195203397,1561.2251139677699,0.0021643347885732644,Normal
2026-02-08,0.1212700344443863,68891603.10552035,63,518250.70491491864,62848.280835859674,997.5917592993599,0.0014480600165035526,Normal
2026-02-09,0.1213755447982701,68957506.75794524,67,633758.6070931741,76922.79620652681,1148.1014359183105,0.0016649404682631264,Normal
2026-02-10,0.1170371852058517,66581786.68999749,54,1779166.2511136024,208228.61004358353,3856.0853711774726,0.005791501794824573,Small Whale Orders
2026-02-11,0.1133248506014642,64441117.49315304,86,832298.0856282357,94320.05620970446,1096.7448396477264,0.0017019333033202863,Normal
2026-02-12,0.1155588240540186,65680465.66751469,88,414892.96731972223,47944.543411749466,544.8243569516985,0.0008295074515909935,Normal
2026-02-13,0.1186440860594772,67452998.52788366,155,466278.2774309292,55321.16007517994,356.9107101624512,0.0005291250469983359,Normal
2026-02-14,0.1261699420527991,71762587.28347465,122,2188972.68701612,276182.55707598384,2263.7914514424906,0.003154556625028195,Normal
2026-02-15,0.1187121641096175,67501044.36554237,78,333943.9094142205,39643.20417778819,508.2462074075409,0.0007529456946698563,Normal
2026-02-16,0.1181070208803376,67585318.29757863,97,688899.8849604174,81363.91309748219,838.8032278090948,0.0012411027260622466,Normal
2026-02-17,0.1174605268578684,66737593.31375526,64,173279.876186171,20353.545550693852,318.02414922959144,0.00047652924452108405,Retail Orders
2026-02-18,0.111338315379797,63283685.424440645,77,758312.6100435971,84429.24853351103,1096.4837471884548,0.0017326483750660078,Normal
2026-02-19,0.1094423012662417,62401848.35946989,65,866574.9859584644,94839.96068305544,1459.076318200853,0.0023381940704636653,Normal
2026-02-20,0.1145503943467665,65073780.77648994,70,425704.263570143,48764.59126705971,696.637018100853,0.0010705341072675713,Normal
2026-02-21,0.1124096785750971,63913749.47189661,56,448544.3068611215,50420.72136094839,900.3700243026498,0.0014087266538767994,Normal
2026-02-22,0.1075955884291928,61163615.38929726,59,279132.23761181603,30033.397355400604,509.0406331423831,0.0008322605357816337,Normal
2026-02-23,0.1063869983491996,60408007.38830778,62,516887.4762317209,54990.107080586036,886.9372109771941,0.0014682444419593032,Normal
2026-02-24,0.1053336819504815,59889910.22970945,58,337496.42992723716,35549.741609378565,612.9265794720442,0.0010234221041927544,Normal
2026-02-25,0.1149351949277043,65343211.93002101,57,2591082.9469869686,297806.6235857978,5224.677606768382,0.00799574653961566,Small Whale Orders
2026-02-26,0.1093255698791327,62171984.376343705,61,1025074.6907575252,112066.87473574215,1837.1618809138058,0.002954967417145594,Normal
2026-02-27,0.1076935433406032,61229391.03490095,76,845187.8756761559,91021.27712008244,1197.6483831589794,0.001956002440847919,Normal
2026-02-28,0.1095479921712197,62281732.38690038,75,723265.3455038792,79232.26640697349,1056.4302187596466,0.0016962120003293998,Normal
2026-03-01,0.1044953037513033,59434884.59652985,43,123334.07132875074,12887.831246382715,299.7170057298306,0.0005042779299807538,Normal
2026-03-02,0.1094583487140902,62134548.91978502,42,1048684.2570174856,114787.24709559654,2733.0296927522986,0.004398566884714345,Normal
2026-03-03,0.1078401743421507,61574725.930714905,50,3603620.8507450973,388615.10080736066,7772.302016147213,0.012622552351906137,Small Whale Orders
2026-03-04,0.1105527986276065,62848969.01351736,52,2264470.5116618997,250343.55247391103,4814.299086036751,0.00766010829072042,Small Whale Orders
2026-03-05,0.1074974686575047,61128328.30102247,50,1785289.3174538533,191914.08244757357,3838.2816489514717,0.00627905548152749,Small Whale Orders
2026-03-06,0.1047077969358959,59519321.88828677,48,1107753.8439446737,115990.464546717,2416.4680113899376,0.004059972349694211,Normal
2026-03-07,0.1005542204699169,57145982.31918088,36,1951735.2141098531,196255.21301850263,5451.533694958406,0.009539662236462448,Small Whale Orders
2026-03-08,0.0993538196081119,56482980.8178934,41,1423028.147755206,141383.28188933636,3448.372729008204,0.006105153586221115,Small Whale Orders
2026-03-09,0.1016979751222932,57825750.73815704,31,151933.50711885982,15451.330027216562,498.4300008779536,0.0008619516297071754,Normal
2026-03-10,0.1025041517868019,58287393.333610326,38,771668.4009438414,79099.21489942622,2081.5582868270058,0.0035711981061035277,Normal
2026-03-11,0.1065262402017294,60571840.59845935,47,2005897.1637601543,213680.68308668194,4546.397512482595,0.007505793892943436,Small Whale Orders
2026-03-12,0.1105117552125251,62829493.36028559,42,1417326.8374974197,156631.2765216572,3729.3161076585043,0.005935613846626684,Small Whale Orders
2026-03-13,0.1138353093644326,64752552.90047648,55,2513493.4588903347,286124.305478259,5202.260099604709,0.008034061772978263,Small Whale Orders
2026-03-14,0.1137726419443782,64686248.64691936,48,970989.8586560151,110472.08152049319,2301.501698343608,0.0035579458485929917,Normal
2026-03-15,0.1173600929300253,66777126.590243176,40,3789658.1187655656,444754.6289913517,11118.865724783793,0.016650710044790056,Small Whale Orders
2026-03-16,0.124351536445519,70682301.96990535,62,1147170.587633293,142652.42513730886,2300.845566730788,0.0032551933123378283,Normal
2026-03-17,0.1202209523449763,68360273.39722541,34,213598.0166162291,25678.956976601137,755.2634404882688,0.00110482799871149,Normal
2026-03-18,0.1113904364335495,63354509.47942577,53,477998.88203959283,53244.504085138986,1004.6132846252639,0.0015857013066315504,Normal
2026-03-19,0.1068557323412459,60740026.12899059,46,442466.5245199573,47280.08451406588,1027.8279242188235,0.0016921756372578372,Normal
2026-03-20,0.1082901232028804,61560121.184318185,52,1183573.064209818,128169.27294289185,2464.793710440228,0.004003880536655131,Normal
2026-03-21,0.1047466928728926,59731396.98751265,49,343438.0599492817,35974.00098636948,734.1632854361118,0.0012291078435510134,Normal
2026-03-22,0.1016878529557616,57811137.71083782,48,991061.9920060178,100778.96611315213,2099.5617940240027,0.0036317600330332176,Normal
2026-03-23,0.1053269044542058,59874410.47616363,55,967551.6429726977,101909.21945389517,1852.8948991617303,0.0030946357290638866,Normal
2026-03-24,0.1055901325022285,59937453.4489732,61,702336.704554971,74159.8256951379,1215.734847461277,0.002028339172761608,Normal
2026-03-25,0.1062565450559716,60369801.046989664,84,958858.9881717832,101885.0432789984,1212.9171818928382,0.002009145567580631,Normal
2026-03-26,0.101274131086478,57585329.70766238,42,550789.4067805728,55780.718583339185,1328.1123472223614,0.0023063380099838885,Normal
2026-03-27,0.0953753877179142,54225461.42107345,50,1403234.0390354635,133833.9905319821,2676.679810639642,0.004936204765238592,Normal
2026-03-28,0.0963225829315013,54771474.10770179,51,793528.2852973737,76434.69406904829,1498.7194915499665,0.002736313958983297,Normal
2026-03-29,0.094035713296795,53223880.44452181,44,564292.417096373,53063.63994962999,1205.9918170370454,0.002265884800139887,Normal
2026-03-30,0.0952850565650725,54170595.59996137,58,3219830.265616865,306801.70898923534,5289.684637745437,0.009764863352820896,Small Whale Orders
2026-03-31,0.0966973802296184,54974412.717857614,33,4861610.209969338,470104.9710016,14245.605181866666,0.02591315573479368,Small Whale Orders
2026-04-01,0.100438850425742,57092325.79226465,0,0.0,0.0,,,Normal
2026-04-02,0.0956266742215902,57762904.52770456,46,618923.9648728258,59185.64035682865,1286.6443555832316,0.002227457857431882,Normal
2026-04-03,0.0959301732041164,58001006.87268695,32,554317.6349555795,53175.78673138492,1661.7433353557788,0.0028650249796582485,Normal
2026-04-04,0.0954362307309581,57719690.00444693,39,500379.94466246734,47754.37585195128,1224.4711756910583,0.0021214098266929718,Normal
2026-04-05,0.0943203846371382,57032460.66326176,40,1538971.5677585073,145156.39021660198,3628.9097554150494,0.006362884773359711,Small Whale Orders
2026-04-06,0.0951188908333321,57524432.0803231,50,5007825.36942864,476338.79462707386,9526.775892541476,0.01656126892176693,Small Whale Orders
2026-04-07,0.1019598783196302,61616232.17642342,40,227515.14004748425,23197.41599511512,579.935399877878,0.0009412055547592897,Normal
2026-04-08,0.0973866616626193,58884927.2764478,41,1194621.546249446,116340.20433946991,2837.5659594992662,0.0048188324088059235,Normal
2026-04-09,0.1000921481193065,60568786.49345689,68,953665.5997748803,95454.4384689546,1403.7417421905088,0.002317599251129378,Normal
2026-04-10,0.1012928682216525,61288719.72239992,50,1550372.9810446335,157041.72606336462,3140.8345212672925,0.005124653501481733,Small Whale Orders
2026-04-11,0.1011288388349383,61153797.71164921,42,641384.592155602,64862.4790513165,1544.3447393170595,0.002525345599301802,Normal
2026-04-12,0.0965132129804978,58427990.5353533,37,715990.6035719127,69102.55361457118,1867.6365841775994,0.003196475810763233,Normal
2026-04-13,0.1027778181863366,62000869.56630515,50,2080039.3912885508,213781.91037827294,4275.638207565458,0.006896093937832587,Small Whale Orders
2026-04-14,0.0998877989094506,60463357.482898034,57,3090553.8488592184,308708.6213736782,5415.940725854004,0.008957393289623214,Small Whale Orders
2026-04-15,0.1126289052522687,68104921.8345509,62,1117991.5120002178,125918.16007791315,2030.938065772793,0.0029820723834124716,Normal
2026-04-16,0.1249966361409212,75568519.38671274,198,10116763.855910975,1264561.450620927,6386.673993034984,0.008451500763634066,Small Whale Orders
2026-04-17,0.1213324072702067,73347830.96069963,100,1955483.091900222,237263.47091644077,2372.6347091644075,0.0032347714691599873,Normal
2026-04-18,0.1311527075364652,81660676.07615577,87,5861701.164216513,768777.978456646,8836.528488007425,0.010821032732776526,Small Whale Orders
2026-04-19,0.1313902293495052,81894837.22689669,96,4893588.331683921,642969.6932420128,6697.6009712709665,0.00817829450312562,Small Whale Orders
2026-04-20,0.1331745604987141,82826457.03820808,62,1340716.077746324,178549.2744074265,2879.8270065713955,0.0034769409552830722,Normal
2026-04-21,0.1243035539608747,77421256.07033765,56,1024535.628317653,127353.41975942203,2274.1682099896793,0.002937395135934742,Normal
2026-04-22,0.1196987103573929,74518104.03038326,58,527009.8028294103,63082.393744384324,1087.6274783514539,0.001459547974956523,Normal
2026-04-23,0.1222108726522654,76097286.95875584,47,978992.354036612,119643.5099067099,2545.6065937597855,0.0033452001976620863,Normal
2026-04-24,0.1235987230161464,76972373.07797964,45,5081060.7346888,628012.6183750182,13955.835963889294,0.018130967522270402,Small Whale Orders
2026-04-25,0.1194932780453134,74430889.74511027,39,1184858.3663408973,141582.61021348863,3630.323338807401,0.004877441813794648,Normal
2026-04-26,0.1210809742256042,75432228.63950719,38,1002776.2104491068,121417.12049143734,3195.187381353614,0.0042358384989836465,Normal
2026-04-27,0.1149257141506963,71540114.82318231,41,539881.7461272965,62046.29523060447,1513.3242739171822,0.002115350636013789,Normal
2026-04-28,0.1123042470334877,69942018.31944315,41,420088.32179366524,47177.70266659905,1150.6756747950988,0.0016451851153903903,Normal
2026-04-29,0.1104176936718459,68756353.50550467,35,588684.0476140252,65001.13483894777,1857.1752811127935,0.002701096242639027,Normal
2026-04-30,0.1103661488982529,68705783.03923768,28,111538.99399889445,12310.129219643322,439.6474721301187,0.0006398987868008683,Normal
2026-05-01,0.1110994954734565,69172024.04985245,39,84022.8176130814,9334.892645071597,239.35622166850249,0.0003460303857756105,Retail Orders
2026-05-02,0.1228682569022126,76507216.72808206,59,6319510.834819508,776467.2807489194,13160.462385574905,0.017201596069491235,Small Whale Orders
2026-05-03,0.1198227967667746,74615964.12088022,57,542573.632274207,65012.690071002995,1140.5735100175964,0.001528591801306529,Normal
2026-05-04,0.1168243409806135,72757950.54017633,48,1617177.7358073094,188925.7232342096,3935.952567379367,0.005409652880761075,Small Whale Orders
