day,bucket,flow_type,net_qty,price,usd_value
2023-07-23,Top 1-100,INFLOW,2.0,0.0,0.0
2023-07-24,Top 1-100,INFLOW,22438668.659864176,2.186257925,49056717.18407719
2023-07-24,Top 101-200,INFLOW,143046.46267822164,2.186257925,312736.46267347876
2023-07-24,Top 201-300,INFLOW,73877.77332798143,2.186257925,161515.86741965302
2023-07-24,Top 301-500,INFLOW,73075.58180703118,2.186257925,159762.06984960774
2023-07-24,Top 501-1000,INFLOW,61905.7851773853,2.186257925,135342.01344740615
2023-07-25,Top 1-100,INFLOW,1542953.9443675028,2.186257925,3373295.2887834623
2023-07-25,Top 101-200,INFLOW,123086.772267088,2.186257925,269099.4313315914
2023-07-25,Top 201-300,INFLOW,56066.85499375875,2.186257925,122576.6060599309
2023-07-25,Top 301-500,INFLOW,69042.09217543347,2.186257925,150943.82117712192
2023-07-25,Top 501-1000,INFLOW,63993.98078584143,2.186257925,139907.34764534354
2023-07-26,Top 1-100,OUTFLOW,-948558.8258383796,2.280030981,2162743.5102124885
2023-07-26,Top 101-200,INFLOW,73297.50181325988,2.280030981,167120.5749641362
2023-07-26,Top 201-300,INFLOW,33138.37181470642,2.280030981,75556.51439742783
2023-07-26,Top 301-500,INFLOW,42121.64188415167,2.280030981,96038.64846645301
2023-07-26,Top 501-1000,INFLOW,46924.98168639444,2.280030981,106990.41202783695
2023-07-27,Top 1-100,OUTFLOW,-65036.50020808517,2.240588708,145720.0479740753
2023-07-27,Top 101-200,INFLOW,12804.146890911477,2.240588708,28688.82693934957
2023-07-27,Top 201-300,INFLOW,6121.417575490508,2.240588708,13715.579096596772
2023-07-27,Top 301-500,INFLOW,8081.5892170311945,2.240588708,18107.51754237466
2023-07-27,Top 501-1000,INFLOW,7924.572085978129,2.240588708,17755.706731574603
2023-07-28,Top 1-100,INFLOW,60686.10389090207,2.101936484,127558.33584010141
2023-07-28,Top 101-200,INFLOW,31127.523971694627,2.101936484,65428.07829268952
2023-07-28,Top 201-300,INFLOW,15784.592206858244,2.101936484,33178.21024465741
2023-07-28,Top 301-500,INFLOW,11389.930853852557,2.101936484,23940.91121194996
2023-07-28,Top 501-1000,INFLOW,16163.382190751077,2.101936484,33974.40273157554
2023-07-29,Top 1-100,INFLOW,212772.83926282628,2.221848622,472749.0397151381
2023-07-29,Top 101-200,INFLOW,54087.87049210296,2.221848622,120175.06051979342
2023-07-29,Top 201-300,INFLOW,23334.43556906848,2.221848622,51845.58351428258
2023-07-29,Top 301-500,INFLOW,20991.680330085383,2.221848622,46640.33601486471
2023-07-29,Top 501-1000,INFLOW,17049.782234061044,2.221848622,37882.03516214861
2023-07-30,Top 1-100,INFLOW,476468.41799316875,2.349079018,1119261.9634474064
2023-07-30,Top 101-200,INFLOW,51238.85630264087,2.349079018,120364.1222468507
2023-07-30,Top 201-300,INFLOW,8181.519924388638,2.349079018,19219.036789730297
2023-07-30,Top 301-500,INFLOW,10853.792938525497,2.349079018,25496.41725760681
2023-07-30,Top 501-1000,INFLOW,14151.964218347579,2.349079018,33244.08220880706
2023-07-31,Top 1-100,OUTFLOW,-4605.626850291097,2.285819272,10527.630614036048
2023-07-31,Top 101-200,INFLOW,21586.89589918506,2.285819272,49343.74266901497
2023-07-31,Top 201-300,INFLOW,7890.661057867263,2.285819272,18036.625114892897
2023-07-31,Top 301-500,INFLOW,3434.976455295544,2.285819272,7851.7353803808
2023-07-31,Top 501-1000,INFLOW,4014.788065411738,2.285819272,9177.079932913746
2023-08-01,Top 1-100,INFLOW,920821.8577689433,2.31930471,2135666.4717944604
2023-08-01,Top 101-200,OUTFLOW,-930.9062710179169,2.31930471,2159.055298940391
2023-08-01,Top 201-300,INFLOW,7808.203257289548,2.31930471,18109.60259126899
2023-08-01,Top 301-500,OUTFLOW,-1176.1767481119514,2.31930471,2727.912271688532
2023-08-01,Top 501-1000,INFLOW,9129.278279378357,2.31930471,21173.57811226292
2023-08-02,Top 1-100,INFLOW,407017.58783703065,2.42951343,988854.6958962707
2023-08-02,Top 101-200,INFLOW,27484.09021530067,2.42951343,66772.96628940456
2023-08-02,Top 201-300,INFLOW,13040.53842955592,2.42951343,31682.163249037218
2023-08-02,Top 301-500,INFLOW,12490.174835194313,2.42951343,30345.047505152623
2023-08-02,Top 501-1000,INFLOW,14955.468987993776,2.42951343,36334.51275827939
2023-08-03,Top 1-100,INFLOW,162866.9873274009,2.358061208,384050.3248805716
2023-08-03,Top 101-200,OUTFLOW,-16305.74469586237,2.358061208,38449.94403486481
2023-08-03,Top 201-300,OUTFLOW,-874.0135467456166,2.358061208,2060.9774398473332
2023-08-03,Top 301-500,OUTFLOW,-4492.642021703059,2.358061208,10593.924872808679
2023-08-03,Top 501-1000,INFLOW,6299.070113907827,2.358061208,14853.59288207819
2023-08-04,Top 1-100,INFLOW,191768.56504087592,2.330925737,446998.28380133613
2023-08-04,Top 101-200,OUTFLOW,-4179.235437589072,2.330925737,9741.487442458823
2023-08-04,Top 201-300,OUTFLOW,-21003.600113231318,2.330925737,48957.832073586986
2023-08-04,Top 301-500,INFLOW,14468.299663473757,2.330925737,33724.53205621942
2023-08-04,Top 501-1000,INFLOW,1722.5437730916656,2.330925737,4015.121613808451
2023-08-05,Top 1-100,INFLOW,124334.98264088966,2.169352016,269726.34525133896
2023-08-05,Top 101-200,OUTFLOW,-15883.57216880014,2.169352016,34457.059305668074
2023-08-05,Top 201-300,OUTFLOW,-8132.011715873256,2.169352016,17641.196009965268
2023-08-05,Top 301-500,OUTFLOW,-6457.391259860986,2.169352016,14008.354747680209
2023-08-05,Top 501-1000,OUTFLOW,-1472.4595339850166,2.169352016,3194.283058528816
2023-08-06,Top 1-100,INFLOW,83414845.46977971,2.120689495,176896986.5148102
2023-08-06,Top 101-200,OUTFLOW,-18974.332570069226,2.120689495,40238.66775598216
2023-08-06,Top 201-300,OUTFLOW,-217.1544351472985,2.120689495,460.51712940953473
2023-08-06,Top 301-500,OUTFLOW,-4663.582792404723,2.120689495,9890.01103691546
2023-08-06,Top 501-1000,OUTFLOW,-6733.835488606423,2.120689495,14280.374181745834
2023-08-07,Top 1-100,INFLOW,104495.64390772796,2.041379732,213315.28955552512
2023-08-07,Top 101-200,OUTFLOW,-17139.822190582443,2.041379732,34988.885629938835
2023-08-07,Top 201-300,INFLOW,8507.67280786082,2.041379732,17367.390836454604
2023-08-07,Top 301-500,INFLOW,6001.33307481981,2.041379732,12250.999703918398
2023-08-07,Top 501-1000,OUTFLOW,-3027.9981321852083,2.041379732,6181.29401557674
2023-08-08,Top 1-100,INFLOW,450210.2069889469,2.038028603,917541.2792060243
2023-08-08,Top 101-200,OUTFLOW,-762.9103110987708,2.038028603,1554.833035542923
2023-08-08,Top 201-300,OUTFLOW,-25171.827778230294,2.038028603,51300.905001823274
2023-08-08,Top 301-500,OUTFLOW,-9276.230343120807,2.038028603,18905.22276729671
2023-08-08,Top 501-1000,OUTFLOW,-3173.0872099978315,2.038028603,6466.842493789048
2023-08-09,Top 1-100,INFLOW,29190.2950049527,1.935335436,56493.01231037875
2023-08-09,Top 101-200,OUTFLOW,-5796.968979119554,1.935335436,11219.079486682816
2023-08-09,Top 201-300,OUTFLOW,-8825.657258125253,1.935335436,17080.6072376404
2023-08-09,Top 301-500,INFLOW,1566.2412233232071,1.935335436,3031.2021408213923
2023-08-09,Top 501-1000,INFLOW,1371.2690352824038,1.935335436,2653.8655562715703
2023-08-10,Top 1-100,INFLOW,882586.3226152668,1.831576695,1616524.5398278742
2023-08-10,Top 101-200,OUTFLOW,-23544.459840042695,1.831576695,43123.48393938563
2023-08-10,Top 201-300,OUTFLOW,-775.5328760459743,1.831576695,1420.4479419721304
2023-08-10,Top 301-500,OUTFLOW,-9507.469143298344,1.831576695,17413.65891129686
2023-08-10,Top 501-1000,OUTFLOW,-7821.05567218583,1.831576695,14324.863299473127
2023-08-11,Top 1-100,INFLOW,176457090.35908377,1.678098094,296112307.00436425
2023-08-11,Top 101-200,OUTFLOW,-6166.2004382024315,1.678098094,10347.489202569466
2023-08-11,Top 201-300,OUTFLOW,-4538.937280194015,1.678098094,7616.781998679122
2023-08-11,Top 301-500,OUTFLOW,-1429.6134336885966,1.678098094,2399.0315782296293
2023-08-11,Top 501-1000,OUTFLOW,-161.66100557127993,1.678098094,271.28302532328826
2023-08-12,Top 1-100,INFLOW,304230270.8115845,1.743257554,530351717.7477603
2023-08-12,Top 101-200,INFLOW,62329.82258265665,1.743257554,108656.93405669599
2023-08-12,Top 201-300,INFLOW,9656.545924251088,1.743257554,16833.84662799862
2023-08-12,Top 301-500,INFLOW,5783.64473887492,1.743257554,10082.38238069606
2023-08-12,Top 501-1000,INFLOW,109.28490669094344,1.743257554,190.5117391271723
2023-08-13,Top 1-100,OUTFLOW,-72868.23301005305,1.756451894,127989.545882941
2023-08-13,Top 101-200,INFLOW,126011.8472089871,1.756451894,221333.747696664
2023-08-13,Top 201-300,OUTFLOW,-1966.7526891824846,1.756451894,3454.506485944168
2023-08-13,Top 301-500,INFLOW,1005.7188155823796,1.756451894,1766.4967184611075
2023-08-13,Top 501-1000,OUTFLOW,-116.36694612590236,1.756451894,204.39294292183718
2023-08-14,Top 1-100,INFLOW,25065617.75350589,1.771794064,44411112.74615475
2023-08-14,Top 101-200,OUTFLOW,-58778.48567208378,1.771794064,104143.3720047071
2023-08-14,Top 201-300,INFLOW,1476.2831197817468,1.771794064,2615.6696684127
2023-08-14,Top 301-500,INFLOW,2140.6066951387143,1.771794064,3792.7142358054316
2023-08-14,Top 501-1000,INFLOW,2446.667591036886,1.771794064,4334.991114380334
2023-08-15,Top 1-100,INFLOW,49536269.99768393,1.772205078,87788429.2350745
2023-08-15,Top 101-200,OUTFLOW,-23862.75396353862,1.772205078,42289.693749247774
2023-08-15,Top 201-300,OUTFLOW,-4463.4641083072165,1.772205078,7910.173758212792
2023-08-15,Top 301-500,OUTFLOW,-5914.762724541841,1.772205078,10482.172535598165
2023-08-15,Top 501-1000,OUTFLOW,-1645.6276721923814,1.772205078,2916.3897171566578
2023-08-16,Top 1-100,INFLOW,158725337.38152456,1.616907359,256644166.07194486
2023-08-16,Top 101-200,INFLOW,4128766.1901157713,1.616907359,6675832.436388584
2023-08-16,Top 201-300,INFLOW,9464.476218518259,1.616907359,15303.181246802666
2023-08-16,Top 301-500,INFLOW,9663.602759069137,1.616907359,15625.150415591592
2023-08-16,Top 501-1000,INFLOW,796.2569282840213,1.616907359,1287.4736869971694
2023-08-17,Top 1-100,OUTFLOW,-1064501.96125503,1.524542986,1622878.9986145997
2023-08-17,Top 101-200,OUTFLOW,-75939.53347498199,1.524542986,115773.08311939599
2023-08-17,Top 201-300,INFLOW,22601.08797882597,1.524542986,34456.33015408805
2023-08-17,Top 301-500,INFLOW,4467.400614947583,1.524542986,6810.744273170423
2023-08-17,Top 501-1000,OUTFLOW,-1351.1473305105974,1.524542986,2059.882185782555
2023-08-18,Top 1-100,INFLOW,115815.1571061,1.359168188,157412.27722683325
2023-08-18,Top 101-200,OUTFLOW,-325261.3819675454,1.359168188,442084.92315520457
2023-08-18,Top 201-300,INFLOW,473.96874034706707,1.359168188,644.2032339861656
2023-08-18,Top 301-500,INFLOW,7414.783188925196,1.359168188,10077.937431304319
2023-08-18,Top 501-1000,INFLOW,2976.3336642976783,1.359168188,4045.3380333868754
2023-08-19,Top 1-100,INFLOW,14187.200255169999,1.546127404,21935.219100554128
2023-08-19,Top 101-200,OUTFLOW,-81931.17518393304,1.546127404,126676.0351938036
2023-08-19,Top 201-300,OUTFLOW,-6302.382936801426,1.546127404,9744.286969090685
2023-08-19,Top 301-500,OUTFLOW,-2685.5029797004017,1.546127404,4152.1297504384465
2023-08-19,Top 501-1000,OUTFLOW,-1604.8878202957321,1.546127404,2481.3610393050585
2023-08-20,Top 1-100,OUTFLOW,-872.59864454,1.478852012,1290.4442611464517
2023-08-20,Top 101-200,OUTFLOW,-26877.8443350095,1.478852012,39748.3541730516
2023-08-20,Top 201-300,OUTFLOW,-5602.426748296323,1.478852012,8285.160068800635
2023-08-20,Top 301-500,OUTFLOW,-1295.274252130932,1.478852012,1915.5189338556238
2023-08-20,Top 501-1000,OUTFLOW,-1701.9402310172204,1.478852012,2516.9177349435613
2023-08-21,Top 1-100,INFLOW,237797.36459474,1.467004257,348849.7461638647
2023-08-21,Top 101-200,OUTFLOW,-76424.01772373993,1.467004257,112114.35933776993
2023-08-21,Top 201-300,INFLOW,4883.605545062067,1.467004257,7164.270124114857
2023-08-21,Top 301-500,INFLOW,5300.409377746053,1.467004257,7775.72312099618
2023-08-21,Top 501-1000,OUTFLOW,-806.8640915090764,1.467004257,1183.6730570642526
2023-08-22,Top 1-100,INFLOW,2280596.59375795,1.472841112,3358956.423173871
2023-08-22,Top 101-200,INFLOW,389554.5621491965,1.472841112,573751.9745004957
2023-08-22,Top 201-300,OUTFLOW,-3810.281237938141,1.472841112,5611.938855517548
2023-08-22,Top 301-500,INFLOW,108.81330350001735,1.472841112,160.26470692735904
2023-08-22,Top 501-1000,INFLOW,427.7598554389069,1.472841112,630.022301153599
2023-08-23,Top 1-100,OUTFLOW,-5014105.23124089,1.434131376,7190885.634688296
2023-08-23,Top 101-200,INFLOW,1160575.5286951843,1.434131376,1664417.7799195522
2023-08-23,Top 201-300,OUTFLOW,-1507.7679135927574,1.434131376,2162.3372726094303
2023-08-23,Top 301-500,INFLOW,1327.2077214468118,1.434131376,1903.390235796341
2023-08-23,Top 501-1000,INFLOW,5753.7560209675585,1.434131376,8251.64203951849
2023-08-24,Top 1-100,OUTFLOW,-400853.2150416598,1.405292439,563315.9922468856
2023-08-24,Top 101-200,INFLOW,115799.33498486708,1.405292439,162731.92989546186
2023-08-24,Top 201-300,INFLOW,2792.9997039116115,1.405292439,3924.981366036226
2023-08-24,Top 301-500,INFLOW,6627.201259153713,1.405292439,9313.155821219993
2023-08-24,Top 501-1000,INFLOW,3380.720850142015,1.405292439,4750.901449074226
2023-08-25,Top 1-100,OUTFLOW,-3063.6499999999987,1.393256682,4268.450833809298
2023-08-25,Top 101-200,OUTFLOW,-70631.5883579998,1.393256682,98407.93244005664
2023-08-25,Top 201-300,INFLOW,7300.751712430932,1.393256682,10171.821106967338
2023-08-25,Top 301-500,OUTFLOW,-407.2749651882996,1.393256682,567.4385666599158
2023-08-25,Top 501-1000,OUTFLOW,-1831.8278075940084,1.393256682,2552.206333203763
2023-08-26,Top 1-100,OUTFLOW,-149349.97899207,1.26701522,189228.69648963297
2023-08-26,Top 101-200,INFLOW,101025.6589423581,1.26701522,128001.04749049681
2023-08-26,Top 201-300,INFLOW,13720.154785191087,1.26701522,17383.64493359294
2023-08-26,Top 301-500,INFLOW,5662.250869925586,1.26701522,7174.158031653958
2023-08-26,Top 501-1000,OUTFLOW,-1439.6104758230745,1.26701522,1824.0083837392774
2023-08-27,Top 1-100,INFLOW,8795.779668950001,1.29317672,11374.497502135448
2023-08-27,Top 101-200,OUTFLOW,-39916.00701155538,1.29317672,51618.45102270019
2023-08-27,Top 201-300,OUTFLOW,-12686.787081939132,1.29317672,16406.257705960415
2023-08-27,Top 301-500,INFLOW,7328.995676970225,1.29317672,9477.686590438534
2023-08-27,Top 501-1000,INFLOW,762.1888847034234,1.29317672,985.6449219412311
2023-08-28,Top 1-100,OUTFLOW,-1070300.31732101,1.31008468,1402184.0487213936
2023-08-28,Top 101-200,INFLOW,521464.71817811136,1.31008468,683162.9384456611
2023-08-28,Top 201-300,INFLOW,6978.662851592293,1.31008468,9142.639288756176
2023-08-28,Top 301-500,OUTFLOW,-8418.684067936552,1.31008468,11029.189023163755
2023-08-28,Top 501-1000,OUTFLOW,-2032.5666860435845,1.31008468,2662.8344764640697
2023-08-29,Top 1-100,INFLOW,5599.7041052200075,1.207573822,6762.056088409615
2023-08-29,Top 101-200,OUTFLOW,-417652.4862179239,1.207573822,504346.20904998074
2023-08-29,Top 201-300,INFLOW,1915.9773950660256,1.207573822,2313.6841458254844
2023-08-29,Top 301-500,INFLOW,6523.464153344557,1.207573822,7877.564540334281
2023-08-29,Top 501-1000,OUTFLOW,-3838.8863547639985,1.207573822,4635.73866764601
2023-08-30,Top 1-100,INFLOW,7805.749999999999,1.297439721,10127.490102195748
2023-08-30,Top 101-200,INFLOW,42467.60169075389,1.297439721,55099.15328919085
2023-08-30,Top 201-300,OUTFLOW,-1353.1683651436142,1.297439721,1755.6543861379569
2023-08-30,Top 301-500,INFLOW,109.76810563583058,1.297439721,142.41750035085056
2023-08-30,Top 501-1000,OUTFLOW,-3565.9426294076798,1.297439721,4626.595610200706
2023-08-31,Top 1-100,INFLOW,9737.27647374,1.221279898,11891.940018646985
2023-08-31,Top 101-200,OUTFLOW,-22442.039545573745,1.221279898,27408.01176713027
2023-08-31,Top 201-300,INFLOW,2400.3869305414228,1.221279898,2931.5443056921617
2023-08-31,Top 301-500,INFLOW,10122.359390924894,1.221279898,12362.234044468096
2023-08-31,Top 501-1000,INFLOW,295.0316291583449,1.221279898,360.3161979652773
2023-09-01,Top 1-100,OUTFLOW,-305634.07485388,1.134001557,346589.5167565544
2023-09-01,Top 101-200,INFLOW,208320.5030309508,1.134001557,236235.7747921214
2023-09-01,Top 201-300,INFLOW,7305.004038568404,1.134001557,8283.885953627858
2023-09-01,Top 301-500,OUTFLOW,-4604.306068433576,1.134001557,5221.290250508224
2023-09-01,Top 501-1000,INFLOW,1551.2585232811184,1.134001557,1759.129580710309
2023-09-02,Top 1-100,OUTFLOW,-13696.29681267,1.124799743,15405.591134942935
2023-09-02,Top 101-200,OUTFLOW,-220865.11906403868,1.124799743,248429.02916089512
2023-09-02,Top 201-300,INFLOW,15224.287179887582,1.124799743,17124.27430729575
2023-09-02,Top 301-500,OUTFLOW,-261.2894922618316,1.124799743,293.8983537447087
2023-09-02,Top 501-1000,INFLOW,2976.841594548986,1.124799743,3348.35066050041
2023-09-03,Top 1-100,OUTFLOW,-11.343566530000004,1.132524076,12.84686220293278
2023-09-03,Top 101-200,OUTFLOW,-74052.4814854088,1.132524076,83866.21816976971
2023-09-03,Top 201-300,OUTFLOW,-10749.314456243374,1.132524076,12173.85742219047
2023-09-03,Top 301-500,INFLOW,2437.6397,1.132524076,2760.685648863417
2023-09-03,Top 501-1000,INFLOW,880.2379743592655,1.132524076,996.8906985713388
2023-09-04,Top 1-100,INFLOW,7899.285884989999,1.130692934,8931.66673380413
2023-09-04,Top 101-200,OUTFLOW,-66901.95541460853,1.130692934,75645.56825808091
2023-09-04,Top 201-300,INFLOW,5605.205175234853,1.130692934,6337.765885258281
2023-09-04,Top 301-500,OUTFLOW,-4731.720187075322,1.130692934,5350.122581191225
2023-09-04,Top 501-1000,INFLOW,3901.580501855863,1.130692934,4411.489504880598
2023-09-05,Top 1-100,INFLOW,8396.61,1.044430931,8769.67919954391
2023-09-05,Top 101-200,OUTFLOW,-112634.31676311215,1.044430931,117638.76431944613
2023-09-05,Top 201-300,OUTFLOW,-13722.445510533891,1.044430931,14332.146540163681
2023-09-05,Top 301-500,INFLOW,12899.854103368261,1.044430931,13473.006630945083
2023-09-05,Top 501-1000,OUTFLOW,-82.52390048963571,1.044430931,86.19051421814157
2023-09-06,Top 1-100,INFLOW,9904971.74518603,1.071252271,10610723.47622137
2023-09-06,Top 101-200,OUTFLOW,-277666.6242179558,1.071252271,297451.0017743888
2023-09-06,Top 201-300,INFLOW,26348.22049203384,1.071252271,28225.59103889999
2023-09-06,Top 301-500,INFLOW,4402.1124130075805,1.071252271,4715.772919631661
2023-09-06,Top 501-1000,INFLOW,1287.3686238081154,1.071252271,1379.0965618685884
2023-09-07,Top 1-100,OUTFLOW,-3000896.83777594,1.284418795,3854408.3002954833
2023-09-07,Top 101-200,INFLOW,1570751.270729206,1.284418795,2017502.4543947254
2023-09-07,Top 201-300,INFLOW,1612.7178683533639,1.284418795,2071.405141145396
2023-09-07,Top 301-500,OUTFLOW,-984.7814733197692,1.284418795,1264.8718332997025
2023-09-07,Top 501-1000,OUTFLOW,-284.57929283868725,1.284418795,365.5189923898188
2023-09-08,Top 1-100,INFLOW,234465.98045457003,1.226326376,287531.81610613974
2023-09-08,Top 101-200,OUTFLOW,-344211.6243733051,1.226326376,422115.79389478854
2023-09-08,Top 201-300,INFLOW,6226.442275843373,1.226326376,7635.650391508197
2023-09-08,Top 301-500,OUTFLOW,-4551.2066053077,1.226326376,5581.264702714254
2023-09-08,Top 501-1000,INFLOW,5095.964863887999,1.226326376,6249.316123755103
2023-09-09,Top 1-100,OUTFLOW,-217520.87219299,1.134222438,246717.05397461954
2023-09-09,Top 101-200,OUTFLOW,-77842.63440101553,1.134222438,88290.86257066252
2023-09-09,Top 201-300,INFLOW,4373.202130486228,1.134222438,4960.183982306884
2023-09-09,Top 301-500,INFLOW,12423.989371791715,1.134222438,14091.567514959688
2023-09-09,Top 501-1000,INFLOW,1922.3001972053055,1.134222438,2180.3160162420827
2023-09-10,Top 1-100,INFLOW,14791.744557360002,1.160969096,17172.758307021162
2023-09-10,Top 101-200,INFLOW,87403.89335402244,1.160969096,101473.21905409984
2023-09-10,Top 201-300,OUTFLOW,-15003.031885329901,1.160969096,17418.056365170632
2023-09-10,Top 301-500,OUTFLOW,-9015.686294010256,1.160969096,10466.933166576679
2023-09-10,Top 501-1000,INFLOW,3939.2578173208344,1.160969096,4573.356587085903
2023-09-11,Top 1-100,INFLOW,742.31899551,1.08912722,808.4798239329988
2023-09-11,Top 101-200,OUTFLOW,-102472.08828218037,1.08912722,111605.14063836567
2023-09-11,Top 201-300,OUTFLOW,-8027.5835114194,1.08912722,8743.05971311005
2023-09-11,Top 301-500,OUTFLOW,-3037.796981041123,1.08912722,3308.547380885711
2023-09-11,Top 501-1000,OUTFLOW,-6985.024643886686,1.08912722,7607.5804720277965
2023-09-12,Top 1-100,INFLOW,179012.11986867,1.008093225,180460.90523249414
2023-09-12,Top 101-200,OUTFLOW,-21941.373816279927,1.008093225,22118.95029138419
2023-09-12,Top 201-300,INFLOW,7163.439648873292,1.008093225,7221.414977725545
2023-09-12,Top 301-500,INFLOW,19260.85708930299,1.008093225,19416.739539419566
2023-09-12,Top 501-1000,INFLOW,5252.656374365493,1.008093225,5295.167304250918
2023-09-13,Top 1-100,INFLOW,426209.8818763,1.013003757,431752.21161121805
2023-09-13,Top 101-200,OUTFLOW,-532350.1645496291,1.013003757,539272.7167283425
2023-09-13,Top 201-300,OUTFLOW,-5164.541743822908,1.013003757,5231.700189675937
2023-09-13,Top 301-500,OUTFLOW,-5579.218718563088,1.013003757,5651.769523029134
2023-09-13,Top 501-1000,OUTFLOW,-3069.233757286377,1.013003757,3109.145327242326
2023-09-14,Top 1-100,INFLOW,860842.36069693,1.012649249,871731.3700671333
2023-09-14,Top 101-200,INFLOW,28329.17327344534,1.012649249,28687.516040145296
2023-09-14,Top 201-300,INFLOW,23812.535795068463,1.012649249,24113.7464896617
2023-09-14,Top 301-500,INFLOW,5763.656873951175,1.012649249,5836.562804900345
2023-09-14,Top 501-1000,INFLOW,4088.703717143161,1.012649249,4140.422748548531
2023-09-15,Top 1-100,INFLOW,2566.5410786600005,1.073143437,2754.26671435488
2023-09-15,Top 101-200,OUTFLOW,-356113.60034127615,1.073143437,382160.97303268145
2023-09-15,Top 201-300,OUTFLOW,-837.9609670240861,1.073143437,899.2523122240714
2023-09-15,Top 301-500,INFLOW,6811.535720230541,1.073143437,7309.754854056473
2023-09-15,Top 501-1000,INFLOW,4718.753226403167,1.073143437,5063.8990557371335
2023-09-16,Top 1-100,INFLOW,169478.03797440004,1.326381619,224792.5543934282
2023-09-16,Top 101-200,OUTFLOW,-147443.98675405927,1.326381619,195566.9938626637
2023-09-16,Top 201-300,OUTFLOW,-872.1995013697924,1.326381619,1156.8693867178579
2023-09-16,Top 301-500,OUTFLOW,-16525.88527722398,1.326381619,21919.63046941261
2023-09-16,Top 501-1000,INFLOW,157.17822307501592,1.326381619,208.47830599378278
2023-09-17,Top 1-100,OUTFLOW,-541021.60453142,1.508899219,816347.0765395865
2023-09-17,Top 101-200,OUTFLOW,-156719.83631501434,1.508899219,236474.43861753296
2023-09-17,Top 201-300,INFLOW,5692.041257927083,1.508899219,8588.716608601953
2023-09-17,Top 301-500,INFLOW,5567.346195791867,1.508899219,8400.564326732969
2023-09-17,Top 501-1000,INFLOW,7422.2843223340915,1.508899219,11199.479017165853
2023-09-18,Top 1-100,OUTFLOW,-311758.70224681,1.271144189,396290.26273121376
2023-09-18,Top 101-200,INFLOW,146341.66661459886,1.271144189,186021.35912572264
2023-09-18,Top 201-300,OUTFLOW,-4615.525861821618,1.271144189,5866.998878433766
2023-09-18,Top 301-500,INFLOW,16595.929815625976,1.271144189,21095.8197461848
2023-09-18,Top 501-1000,OUTFLOW,-144.41730962291695,1.271144189,183.57522391818463
2023-09-19,Top 1-100,INFLOW,1020030.44549214,1.348927493,1375947.1116213854
2023-09-19,Top 101-200,OUTFLOW,-508650.128863373,1.348927493,686132.1431417967
2023-09-19,Top 201-300,INFLOW,5359.736047475413,1.348927493,7229.895309662737
2023-09-19,Top 301-500,INFLOW,12399.210825675182,1.348927493,16725.636374256483
2023-09-19,Top 501-1000,INFLOW,7212.9286648178595,1.348927493,9729.717781020592
2023-09-20,Top 1-100,INFLOW,5220454.786361169,1.374160382,7173742.143439792
2023-09-20,Top 101-200,INFLOW,1096535.062767716,1.374160382,1506815.0407292782
2023-09-20,Top 201-300,INFLOW,18499.9097258405,1.374160382,25421.843015826496
2023-09-20,Top 301-500,OUTFLOW,-3827.472798021925,1.374160382,5259.561482224417
2023-09-20,Top 501-1000,OUTFLOW,-3988.5682293898317,1.374160382,5480.932441731395
2023-09-21,Top 1-100,INFLOW,984088.5657656901,1.554207476,1529477.8059591532
2023-09-21,Top 101-200,OUTFLOW,-189393.99253088614,1.554207476,294357.5591009914
2023-09-21,Top 201-300,INFLOW,1640.9194404619957,1.554207476,2550.3292618797705
2023-09-21,Top 301-500,OUTFLOW,-2511.3854774432693,1.554207476,3903.2140841601586
2023-09-21,Top 501-1000,INFLOW,4249.10178585182,1.554207476,6603.985761855849
2023-09-22,Top 1-100,INFLOW,155428.64754794,1.518645586,236041.0295366288
2023-09-22,Top 101-200,OUTFLOW,-159265.31444018456,1.518645586,241867.56677748836
2023-09-22,Top 201-300,INFLOW,1686.931633185095,1.518645586,2561.851278620316
2023-09-22,Top 301-500,INFLOW,11153.40912961788,1.518645586,16938.075543546296
2023-09-22,Top 501-1000,INFLOW,4683.11921544436,1.518645586,7111.998325246361
2023-09-23,Top 1-100,INFLOW,13900.94634443,1.607909026,22351.457097150702
2023-09-23,Top 101-200,INFLOW,168754.87794027163,1.607909026,271342.491421691
2023-09-23,Top 201-300,OUTFLOW,-17170.209223529942,1.607909026,27608.134388822244
2023-09-23,Top 301-500,INFLOW,5418.422218381745,1.607909026,8712.32999161495
2023-09-23,Top 501-1000,OUTFLOW,-284.99368607751694,1.607909026,458.24392019705
2023-09-24,Top 1-100,OUTFLOW,-380952.2556559,1.510070511,575264.7673649075
2023-09-24,Top 101-200,INFLOW,291759.10698646016,1.510070511,440576.82377594756
2023-09-24,Top 201-300,INFLOW,22187.798402650096,1.510070511,33505.14007185481
2023-09-24,Top 301-500,INFLOW,4157.443650241117,1.510070511,6278.033057373309
2023-09-24,Top 501-1000,INFLOW,7537.681814507534,1.510070511,11382.431029388797
2023-09-25,Top 1-100,OUTFLOW,-42839.439376,1.621061607,69445.37043783764
2023-09-25,Top 101-200,OUTFLOW,-616779.13100159,1.621061607,999836.969265501
2023-09-25,Top 201-300,OUTFLOW,-2340.8597996174303,1.621061607,3794.677948529529
2023-09-25,Top 301-500,INFLOW,17242.24275815605,1.621061607,27950.73775382056
2023-09-25,Top 501-1000,INFLOW,6136.549785340174,1.621061607,9947.725256459047
2023-09-26,Top 1-100,INFLOW,1231964.2091728104,1.718061141,2116589.834882601
2023-09-26,Top 101-200,OUTFLOW,-78170.26314669731,1.718061141,134301.29149408502
2023-09-26,Top 201-300,INFLOW,17989.825990200014,1.718061141,30907.62096711449
2023-09-26,Top 301-500,OUTFLOW,-5031.149578893086,1.718061141,8643.822586054725
2023-09-26,Top 501-1000,INFLOW,2517.9500343278596,1.718061141,4325.992108958311
2023-09-27,Top 1-100,INFLOW,12740.243441769999,1.692001382,21556.509510491273
2023-09-27,Top 101-200,INFLOW,103327.46827666991,1.692001382,174830.21912268666
2023-09-27,Top 201-300,INFLOW,35214.551920844104,1.692001382,59583.07051657898
2023-09-27,Top 301-500,INFLOW,23494.667330038093,1.692001382,39753.0095920547
2023-09-27,Top 501-1000,INFLOW,6210.824523353921,1.692001382,10508.723676874326
2023-09-28,Top 1-100,INFLOW,2477441.19083763,1.803675322,4468499.537620125
2023-09-28,Top 101-200,OUTFLOW,-481421.99901162763,1.803675322,868328.9790851811
2023-09-28,Top 201-300,INFLOW,31748.241616412684,1.803675322,57263.51992041695
2023-09-28,Top 301-500,OUTFLOW,-8135.569290182939,1.803675322,14673.925559124023
2023-09-28,Top 501-1000,INFLOW,11395.09510404395,1.803675322,20553.051831007095
2023-09-29,Top 1-100,INFLOW,535121.06077995,1.797659138,961965.2648473305
2023-09-29,Top 101-200,OUTFLOW,-79196.46939417548,1.797659138,142368.25690377687
2023-09-29,Top 201-300,OUTFLOW,-10000.5835427245,1.797659138,17977.64039091111
2023-09-29,Top 301-500,OUTFLOW,-19846.237198372735,1.797659138,35676.769654570264
2023-09-29,Top 501-1000,INFLOW,9271.433647712123,1.797659138,16666.87741917037
2023-09-30,Top 1-100,INFLOW,3215.47017,1.729374562,5560.752316867816
2023-09-30,Top 101-200,OUTFLOW,-89197.33724982405,1.729374562,154255.60603798076
2023-09-30,Top 201-300,OUTFLOW,-4674.230357582292,1.729374562,8083.495077330979
2023-09-30,Top 301-500,OUTFLOW,-4413.747324589429,1.729374562,7633.022346240516
2023-09-30,Top 501-1000,INFLOW,201.83041681758368,1.729374562,349.04038868218623
2023-10-01,Top 1-100,INFLOW,4833.20135216,1.67322575,8087.03695736893
2023-10-01,Top 101-200,INFLOW,25488.639967986004,1.67322575,42648.248726913356
2023-10-01,Top 201-300,INFLOW,15333.883573498679,1.67322575,25657.048842680008
2023-10-01,Top 301-500,INFLOW,13469.592779433211,1.67322575,22537.66948056172
2023-10-01,Top 501-1000,INFLOW,4592.100750909039,1.67322575,7683.62122301534
2023-10-02,Top 1-100,INFLOW,618790.37,1.779948588,1101415.0453494976
2023-10-02,Top 101-200,OUTFLOW,-83628.7560746249,1.779948588,148854.886291225
2023-10-02,Top 201-300,OUTFLOW,-8910.69788395602,1.779948588,15860.584116642107
2023-10-02,Top 301-500,INFLOW,1663.4823548416416,1.779948588,2960.9130686632952
2023-10-02,Top 501-1000,INFLOW,4848.931169788255,1.779948588,8630.848188973792
2023-10-03,Top 1-100,OUTFLOW,-3919.341045750001,1.645425025,6448.981838186721
2023-10-03,Top 101-200,INFLOW,61936.100107144885,1.645425025,101911.20906720137
2023-10-03,Top 201-300,INFLOW,3787.4628607538307,1.645425025,6231.986172342444
2023-10-03,Top 301-500,OUTFLOW,-5715.574029514246,1.645425025,9404.54854040283
2023-10-03,Top 501-1000,INFLOW,249.92770438726848,1.645425025,411.23729923961383
2023-10-04,Top 1-100,INFLOW,1063665.76782254,1.534549222,1632247.4764801112
2023-10-04,Top 101-200,OUTFLOW,-526593.9056421781,1.534549222,808084.2682131459
2023-10-04,Top 201-300,INFLOW,22861.855114659418,1.534549222,35082.64197967733
2023-10-04,Top 301-500,INFLOW,12989.869459451282,1.534549222,19933.594072882526
2023-10-04,Top 501-1000,OUTFLOW,-726.2383520349867,1.534549222,1114.448498101851
2023-10-05,Top 1-100,INFLOW,1989241.86379218,1.5438315,3071054.250441077
2023-10-05,Top 101-200,OUTFLOW,-50750.71065519209,1.5438315,78350.54575687119
2023-10-05,Top 201-300,INFLOW,1092.3623347459434,1.5438315,1686.4233817943318
2023-10-05,Top 301-500,OUTFLOW,-5510.235502649693,1.5438315,8506.875141408931
2023-10-05,Top 501-1000,INFLOW,3644.646906942994,1.5438315,5626.720701316163
2023-10-06,Top 1-100,INFLOW,276.00127109,1.510925697,417.0174128945442
2023-10-06,Top 101-200,INFLOW,197496.29170035146,1.510925697,298402.2221922688
2023-10-06,Top 201-300,INFLOW,40.88655760209258,1.510925697,61.77655054287238
2023-10-06,Top 301-500,OUTFLOW,-2199.120807833642,1.510925697,3322.708139363249
2023-10-06,Top 501-1000,OUTFLOW,-2018.431712078187,1.510925697,3049.700341418638
2023-10-07,Top 101-200,INFLOW,368615.6206458215,1.656341627,610553.3968381147
2023-10-07,Top 201-300,OUTFLOW,-8756.720540580278,1.656341627,14504.120747369057
2023-10-07,Top 301-500,OUTFLOW,-3375.3412412676525,1.656341627,5590.718203241463
2023-10-07,Top 501-1000,OUTFLOW,-521.1930284069003,1.656341627,863.2737086525425
2023-10-08,Top 1-100,INFLOW,12074.67101179,1.600412243,19324.451317465915
2023-10-08,Top 101-200,INFLOW,285726.1198845102,1.600412243,457279.58040805586
2023-10-08,Top 201-300,INFLOW,5151.767950570169,1.600412243,8244.952501187518
2023-10-08,Top 301-500,OUTFLOW,-589.8891693308697,1.600412243,944.065848610224
2023-10-08,Top 501-1000,OUTFLOW,-4154.994536212961,1.600412243,6649.70412535333
2023-10-09,Top 1-100,OUTFLOW,-164750.06804161,1.584493856,261045.470587513
2023-10-09,Top 101-200,OUTFLOW,-42465.11643508519,1.584493856,67285.7160857171
2023-10-09,Top 201-300,INFLOW,6034.503968605329,1.584493856,9561.63446226276
2023-10-09,Top 301-500,OUTFLOW,-5505.5615662208575,1.584493856,8723.528475506686
2023-10-09,Top 501-1000,INFLOW,3516.3884234906564,1.584493856,5571.695852330471
2023-10-10,Top 1-100,INFLOW,273233.92377134,1.554696177,424795.7367140117
2023-10-10,Top 101-200,OUTFLOW,-81877.06485230416,1.554696177,127293.95970985835
2023-10-10,Top 201-300,OUTFLOW,-4350.312700000001,1.554696177,6763.4145234445505
2023-10-10,Top 301-500,INFLOW,4260.826764055695,1.554696177,6624.29108093667
2023-10-10,Top 501-1000,INFLOW,3951.4039034387843,1.554696177,6143.232542459155
2023-10-11,Top 1-100,INFLOW,688116.89916871,1.548217443,1065354.586116069
2023-10-11,Top 101-200,OUTFLOW,-568724.8955237112,1.548217443,880509.8035181623
2023-10-11,Top 201-300,INFLOW,6281.510607627812,1.548217443,9725.144291118906
2023-10-11,Top 301-500,INFLOW,7256.584434294156,1.548217443,11234.7705977765
2023-10-11,Top 501-1000,INFLOW,593.0503471441475,1.548217443,918.1708920257744
2023-10-12,Top 1-100,INFLOW,1233607.1234675301,1.626819175,2006855.7228735706
2023-10-12,Top 101-200,OUTFLOW,-231611.74277307128,1.626819175,376790.42429840006
2023-10-12,Top 201-300,OUTFLOW,-3954.162789204647,1.626819175,6432.707846549603
2023-10-12,Top 301-500,INFLOW,4592.311887106567,1.626819175,7470.861035525399
2023-10-12,Top 501-1000,INFLOW,6956.304298906749,1.626819175,11316.649220596431
2023-10-13,Top 1-100,OUTFLOW,-205157.1159006,1.460586913,299649.79859324056
2023-10-13,Top 101-200,OUTFLOW,-22533.658379830373,1.460586913,32912.36653159303
2023-10-13,Top 201-300,INFLOW,13473.864018381651,1.460586913,19679.74945278983
2023-10-13,Top 301-500,INFLOW,4617.188576599092,1.460586913,6743.805209833731
2023-10-13,Top 501-1000,OUTFLOW,-2121.6633918475122,1.460586913,3098.8737839236674
2023-10-14,Top 1-100,INFLOW,19.63547486,1.484280818,29.144558687019234
2023-10-14,Top 101-200,INFLOW,301788.52072713105,1.484280818,447938.91240787605
2023-10-14,Top 201-300,INFLOW,6789.36396400696,1.484280818,10077.322698195972
2023-10-14,Top 301-500,INFLOW,3444.0064395529885,1.484280818,5111.872695296977
2023-10-14,Top 501-1000,OUTFLOW,-1449.0517916399785,1.484280818,2150.799778619753
2023-10-15,Top 101-200,OUTFLOW,-71271.42839083617,1.497612748,106736.99972628539
2023-10-15,Top 201-300,OUTFLOW,-8798.64118545549,1.497612748,13176.957204415974
2023-10-15,Top 301-500,OUTFLOW,-1957.967073599837,1.497612748,2932.2764495873703
2023-10-15,Top 501-1000,OUTFLOW,-971.3034636082748,1.497612748,1454.6364492763066
2023-10-16,Top 1-100,INFLOW,880557.30620179,1.527603882,1345142.759277317
2023-10-16,Top 101-200,OUTFLOW,-147366.86618238754,1.527603882,225118.19685838974
2023-10-16,Top 201-300,INFLOW,3039.3049458536407,1.527603882,4642.854033867821
2023-10-16,Top 301-500,INFLOW,7586.881095316848,1.527603882,11589.749013478428
2023-10-16,Top 501-1000,INFLOW,1921.9288173442974,1.527603882,2935.9459223028175
2023-10-17,Top 1-100,INFLOW,107.37222079000001,1.612024124,173.08661016093436
2023-10-17,Top 101-200,INFLOW,19308.614234993307,1.612024124,31125.951947819016
2023-10-17,Top 201-300,INFLOW,10758.710227922093,1.612024124,17343.30043053595
2023-10-17,Top 301-500,INFLOW,7201.581618708904,1.612024124,11609.123300313722
2023-10-17,Top 501-1000,INFLOW,2825.446112052466,1.612024124,4554.687293690582
2023-10-18,Top 1-100,OUTFLOW,-616963.67323278,1.628781561,1004899.0547683813
2023-10-18,Top 101-200,OUTFLOW,-71005.24865155137,1.628781561,115652.03973786699
2023-10-18,Top 201-300,OUTFLOW,-13505.292531103383,1.628781561,21997.17145057221
2023-10-18,Top 301-500,OUTFLOW,-9427.200065000205,1.628781561,15354.849637730335
2023-10-18,Top 501-1000,INFLOW,3353.9128332581195,1.628781561,5462.791380012092
2023-10-19,Top 1-100,OUTFLOW,-5036420.84091419,1.455018119,7328083.578439362
2023-10-19,Top 101-200,INFLOW,1799383.8996822773,1.455018119,2618136.177074592
2023-10-19,Top 201-300,OUTFLOW,-3340.536952948241,1.455018119,4860.541793728741
2023-10-19,Top 301-500,INFLOW,3812.1330832127405,1.455018119,5546.722708113873
2023-10-19,Top 501-1000,INFLOW,3952.9407455347937,1.455018119,5751.600408086493
2023-10-20,Top 1-100,INFLOW,2443925.3086,1.452005927,3548594.0332325045
2023-10-20,Top 101-200,OUTFLOW,-2123188.1954011745,1.452005927,3082881.8438589396
2023-10-20,Top 201-300,INFLOW,19687.1283037156,1.452005927,28585.826982604507
2023-10-20,Top 301-500,INFLOW,1972.536457902247,1.452005927,2864.134628097649
2023-10-20,Top 501-1000,INFLOW,4206.646991179841,1.452005927,6108.076363989847
2023-10-21,Top 1-100,OUTFLOW,-9194271.6571004,1.520275184,13977823.035244295
2023-10-21,Top 101-200,INFLOW,2225511.4730923837,1.520275184,3383389.8642496346
2023-10-21,Top 201-300,OUTFLOW,-5864.370568111735,1.520275184,8915.457044480252
2023-10-21,Top 301-500,INFLOW,5693.95924,1.520275184,8656.384931279501
2023-10-21,Top 501-1000,INFLOW,3716.154060398345,1.520275184,5649.576797944441
2023-10-22,Top 1-100,OUTFLOW,-192292.34,1.608080224,309221.50918068417
2023-10-22,Top 101-200,OUTFLOW,-126382.79638070337,1.608080224,203233.67551362788
2023-10-22,Top 201-300,OUTFLOW,-1308.9401347735775,1.608080224,2104.8807451292846
2023-10-22,Top 301-500,INFLOW,3810.951363089266,1.608080224,6128.315521609693
2023-10-22,Top 501-1000,OUTFLOW,-5451.480660317727,1.608080224,8766.418241375399
2023-10-23,Top 1-100,INFLOW,6504715.460000001,1.633284183,10624048.875733571
2023-10-23,Top 101-200,OUTFLOW,-1769965.9039218118,1.633284183,2890857.315324793
2023-10-23,Top 201-300,OUTFLOW,-2657.9616483419713,1.633284183,4341.20671925755
2023-10-23,Top 301-500,OUTFLOW,-6063.77110012497,1.633284183,9903.861427166623
2023-10-23,Top 501-1000,OUTFLOW,-24.493107821794183,1.633284183,40.004205597850024
2023-10-24,Top 1-100,OUTFLOW,-7378865.30759608,1.646416327,12148684.317160064
2023-10-24,Top 101-200,INFLOW,870374.8140522793,1.646416327,1432999.3044652618
2023-10-24,Top 201-300,INFLOW,16893.501046441375,1.646416327,27813.735943052667
2023-10-24,Top 301-500,INFLOW,9161.54410741309,1.646416327,15083.715798975554
2023-10-24,Top 501-1000,INFLOW,7910.932051537315,1.646416327,13024.687691438641
2023-10-25,Top 1-100,OUTFLOW,-973591.68061089,1.672914949,1628736.0767159914
2023-10-25,Top 101-200,INFLOW,663932.538440189,1.672914949,1110702.6686841093
2023-10-25,Top 201-300,INFLOW,37117.136631557914,1.672914949,62093.81273500874
2023-10-25,Top 301-500,INFLOW,2086.8358667228076,1.672914949,3491.0989175499562
2023-10-25,Top 501-1000,INFLOW,4841.822584779037,1.672914949,8099.957382482671
2023-10-26,Top 1-100,OUTFLOW,-4377656.58647906,1.798888654,7874916.764525551
2023-10-26,Top 101-200,OUTFLOW,-290533.67144115584,1.798888654,522637.72516045906
2023-10-26,Top 201-300,INFLOW,24725.467585154467,1.798888654,44478.36310377915
2023-10-26,Top 301-500,OUTFLOW,-8016.748575798802,1.798888654,14421.238054975125
2023-10-26,Top 501-1000,INFLOW,689.0914489627976,1.798888654,1239.5987891075965
2023-10-27,Top 1-100,OUTFLOW,-7177711.23663476,1.856455779,13325103.505243838
2023-10-27,Top 101-200,INFLOW,1927229.8247255567,1.856455779,3577816.945572917
2023-10-27,Top 201-300,INFLOW,13144.854570545129,1.856455779,24402.841231603066
2023-10-27,Top 301-500,OUTFLOW,-316.67662048500097,1.856455779,587.8961421735698
2023-10-27,Top 501-1000,INFLOW,8167.544000766991,1.856455779,15162.68426046066
2023-10-28,Top 1-100,OUTFLOW,-665290.9179543,1.87646453,1248394.809672384
2023-10-28,Top 101-200,OUTFLOW,-72219.94198641772,1.87646453,135518.15949617059
2023-10-28,Top 201-300,OUTFLOW,-30461.680135192928,1.87646453,57160.26229789513
2023-10-28,Top 301-500,INFLOW,17013.646288826076,1.87646453,31925.503786948266
2023-10-28,Top 501-1000,INFLOW,4387.9021663505455,1.87646453,8233.742776266958
2023-10-29,Top 1-100,OUTFLOW,-223185.614661,1.835457356,409647.6781829139
2023-10-29,Top 101-200,INFLOW,42003.088437448634,1.835457356,77094.87764723365
2023-10-29,Top 201-300,OUTFLOW,-13042.738216031907,1.835457356,23939.38980099808
2023-10-29,Top 301-500,INFLOW,4723.508924987233,1.835457356,8669.79920249947
2023-10-29,Top 501-1000,INFLOW,388.24140843479927,1.835457356,712.6005490154528
2023-10-30,Top 1-100,OUTFLOW,-188851.91938527004,1.80287207,340475.8508255949
2023-10-30,Top 101-200,INFLOW,18600.813596825377,1.80287207,33534.887312992716
2023-10-30,Top 201-300,INFLOW,1823.416042329428,1.80287207,3287.3858547056634
2023-10-30,Top 301-500,INFLOW,19541.308737413125,1.80287207,35230.47973392909
2023-10-30,Top 501-1000,INFLOW,7489.768980613309,1.80287207,13503.095305900108
2023-10-31,Top 1-100,OUTFLOW,-1761180.6969714,1.889210275,3327240.66885003
2023-10-31,Top 101-200,INFLOW,21632.41743446549,1.889210275,40868.18529028134
2023-10-31,Top 201-300,INFLOW,9009.070391701394,1.889210275,17020.02835220055
2023-10-31,Top 301-500,OUTFLOW,-3871.833338925604,1.889210275,7314.707326985808
2023-10-31,Top 501-1000,INFLOW,8104.502042864625,1.889210275,15311.108533138338
2023-11-01,Top 1-100,INFLOW,626567.6164781001,2.044680855,1281130.8097757539
2023-11-01,Top 101-200,INFLOW,1079499.60840791,2.044680855,2207232.1822916507
2023-11-01,Top 201-300,INFLOW,29338.658342085997,2.044680855,59988.19302344928
2023-11-01,Top 301-500,OUTFLOW,-2392.0217871113,2.044680855,4890.9211528493615
2023-11-01,Top 501-1000,INFLOW,3815.428803481038,2.044680855,7801.334228093237
2023-11-02,Top 1-100,INFLOW,11306698.13449174,1.887565744,21342136.07641531
2023-11-02,Top 101-200,OUTFLOW,-370212.82916588057,1.887565744,698801.0543228403
2023-11-02,Top 201-300,OUTFLOW,-30426.144762254204,1.887565744,57431.348575216056
2023-11-02,Top 301-500,INFLOW,7068.088259699456,1.887565744,13341.481274577269
2023-11-02,Top 501-1000,OUTFLOW,-3308.3341781516574,1.887565744,6244.698264383462
2023-11-03,Top 1-100,INFLOW,209170.30229847002,1.747194608,365461.2243296168
2023-11-03,Top 101-200,INFLOW,49208.27287000633,1.747194608,85976.42902746775
2023-11-03,Top 201-300,OUTFLOW,-2166.992041976968,1.747194608,3786.156811321068
2023-11-03,Top 301-500,INFLOW,8917.572288474297,1.747194608,15580.734218872512
2023-11-03,Top 501-1000,INFLOW,4609.178772760438,1.747194608,8053.132299075094
2023-11-04,Top 1-100,INFLOW,7035253.99406671,1.851671285,13026977.803494886
2023-11-04,Top 101-200,OUTFLOW,-1503912.4264699747,1.851671285,2784751.455249126
2023-11-04,Top 201-300,INFLOW,3658.011036482666,1.851671285,6773.433996468039
2023-11-04,Top 301-500,INFLOW,1677.8427118142772,1.851671285,3106.813170213027
2023-11-04,Top 501-1000,OUTFLOW,-1987.5306572698155,1.851671285,3680.2534461236937
2023-11-05,Top 1-100,INFLOW,4379.327241340001,1.865712474,8170.565461896048
2023-11-05,Top 101-200,OUTFLOW,-29976.66922625035,1.865712474,55927.845704387204
2023-11-05,Top 201-300,INFLOW,12480.981065200001,1.865712474,23285.92206110145
2023-11-05,Top 301-500,INFLOW,4900.744050916892,1.865712474,9143.379307676936
2023-11-05,Top 501-1000,INFLOW,2607.383748786385,1.865712474,4864.62838461564
2023-11-06,Top 1-100,INFLOW,174445.57252242,1.829646954,319173.81040443183
2023-11-06,Top 101-200,OUTFLOW,-172473.85543559364,1.829646954,315566.26424237026
2023-11-06,Top 201-300,INFLOW,3024.240696311809,1.829646954,5533.292778169741
2023-11-06,Top 301-500,INFLOW,87.60952279795356,1.829646954,160.2944965286693
2023-11-06,Top 501-1000,OUTFLOW,-3009.724323349894,1.829646954,5506.732940596845
2023-11-07,Top 1-100,INFLOW,607628.4238641501,1.822340417,1107305.8353256478
2023-11-07,Top 101-200,OUTFLOW,-362473.43369706185,1.822340417,660549.9883149255
2023-11-07,Top 201-300,OUTFLOW,-11653.072167800947,1.822340417,21235.86439360147
2023-11-07,Top 301-500,INFLOW,1643.2814313526187,1.822340417,2994.618168859488
2023-11-07,Top 501-1000,INFLOW,7747.178474975017,1.822340417,14117.996452659396
2023-11-08,Top 1-100,INFLOW,751.19233125,1.843503597,1384.8257646981906
2023-11-08,Top 101-200,OUTFLOW,-91577.4928030785,1.843503597,168823.4373867168
2023-11-08,Top 201-300,OUTFLOW,-2996.875734423853,1.843503597,5524.751196172389
2023-11-08,Top 301-500,OUTFLOW,-4456.604031223369,1.843503597,8215.765561964981
2023-11-08,Top 501-1000,INFLOW,5802.809268750318,1.843503597,10697.49975964615
2023-11-09,Top 1-100,INFLOW,10056771.60141053,1.836713047,18471403.611009803
2023-11-09,Top 101-200,INFLOW,751980.3885219255,1.836713047,1381172.1906863498
2023-11-09,Top 201-300,OUTFLOW,-2339.6023797040652,1.836713047,4297.178215594705
2023-11-09,Top 301-500,INFLOW,9238.064474446088,1.836713047,16967.67354924233
2023-11-09,Top 501-1000,OUTFLOW,-5021.942451183267,1.836713047,9223.867221371465
2023-11-10,Top 1-100,INFLOW,690431.4921112,1.755963443,1212372.46004321
2023-11-10,Top 101-200,OUTFLOW,-165188.88276030793,1.755963443,290065.6393171136
2023-11-10,Top 201-300,INFLOW,3089.86107614058,1.755963443,5425.683093651498
2023-11-10,Top 301-500,OUTFLOW,-154.2453350395117,1.755963443,270.8491695826695
2023-11-10,Top 501-1000,INFLOW,11690.182969691228,1.755963443,20527.533936758973
2023-11-11,Top 1-100,INFLOW,479064.09125988,1.983316536,950135.7339995331
2023-11-11,Top 101-200,OUTFLOW,-785786.7585479438,1.983316536,1558463.8719979762
2023-11-11,Top 201-300,OUTFLOW,-20744.623661937978,1.983316536,41143.15514181847
2023-11-11,Top 301-500,OUTFLOW,-14615.344782780205,1.983316536,28986.85498702931
2023-11-11,Top 501-1000,OUTFLOW,-6888.913258914159,1.983316536,13662.895581474102
2023-11-12,Top 1-100,INFLOW,999998.26890954,1.931754295,1931750.9509585688
2023-11-12,Top 101-200,OUTFLOW,-66899.43260155598,1.931754295,129233.26626111878
2023-11-12,Top 201-300,OUTFLOW,-10066.43507115395,1.931754295,19445.879184040274
2023-11-12,Top 301-500,INFLOW,1772.3228281510328,1.931754295,3423.6922354073045
2023-11-12,Top 501-1000,INFLOW,1199.0474180121337,1.931754295,2316.2649996535997
2023-11-13,Top 1-100,OUTFLOW,-2089508.30566374,1.942999029,4059912.608992082
2023-11-13,Top 101-200,INFLOW,723962.5163214491,1.942999029,1406658.4662449723
2023-11-13,Top 201-300,INFLOW,9286.338332310843,1.942999029,18043.346362645447
2023-11-13,Top 301-500,INFLOW,12213.96696400145,1.942999029,23731.725951292898
2023-11-13,Top 501-1000,INFLOW,4625.33739362796,1.942999029,8987.026064616519
2023-11-14,Top 1-100,OUTFLOW,-58186.18429086998,2.33904411,136100.05164893396
2023-11-14,Top 101-200,INFLOW,179856.1665375026,2.33904411,420691.50698672456
2023-11-14,Top 201-300,INFLOW,14398.792810177516,2.33904411,33679.411513756066
2023-11-14,Top 301-500,INFLOW,12591.071407193285,2.33904411,29451.07141358487
2023-11-14,Top 501-1000,INFLOW,4078.0140196502907,2.33904411,9538.654673160438
2023-11-15,Top 1-100,OUTFLOW,-609969.07885783,2.298079116,1401757.2015289362
2023-11-15,Top 101-200,OUTFLOW,-104158.58652448797,2.298079116,239364.6724440048
2023-11-15,Top 201-300,INFLOW,10671.346439278062,2.298079116,24523.598391705877
2023-11-15,Top 301-500,INFLOW,9637.490420844066,2.298079116,22147.715466791797
2023-11-15,Top 501-1000,INFLOW,7856.487556697165,2.298079116,18054.82997915962
2023-11-16,Top 1-100,OUTFLOW,-2210148.79114254,2.366131142,5229501.883176018
2023-11-16,Top 101-200,INFLOW,157354.88297657907,2.366131142,372322.28895664937
2023-11-16,Top 201-300,OUTFLOW,-7290.811752883317,2.366131142,17251.016738956823
2023-11-16,Top 301-500,INFLOW,22832.866427904075,2.366131142,54025.55631619013
2023-11-16,Top 501-1000,INFLOW,2782.2355826293115,2.366131142,6583.134256439728
2023-11-17,Top 1-100,INFLOW,383343.10874543997,2.187766226,838665.1062831187
2023-11-17,Top 101-200,INFLOW,285727.2224974012,2.187766226,625104.3672286016
2023-11-17,Top 201-300,INFLOW,2655.8783065010175,2.187766226,5810.440859329002
2023-11-17,Top 301-500,OUTFLOW,-8699.230546886312,2.187766226,19031.882782665383
2023-11-17,Top 501-1000,INFLOW,7733.107712714709,2.187766226,16918.231875897352
2023-11-18,Top 1-100,INFLOW,392514.80126071005,1.988225495,780407.9350314019
2023-11-18,Top 101-200,OUTFLOW,-192130.55119522498,1.988225495,381998.860254749
2023-11-18,Top 201-300,OUTFLOW,-2500.6785809047433,1.988225495,4971.912909355231
2023-11-18,Top 301-500,OUTFLOW,-14225.883484834565,1.988225495,28284.264233447528
2023-11-18,Top 501-1000,OUTFLOW,-3033.212216357342,1.988225495,6030.709860307124
2023-11-19,Top 1-100,INFLOW,106175.82185768997,2.064990904,219252.10636085417
2023-11-19,Top 101-200,OUTFLOW,-258168.0190249739,2.064990904,533114.61099027
2023-11-19,Top 201-300,OUTFLOW,-13310.38999730051,2.064990904,27485.83427311814
2023-11-19,Top 301-500,INFLOW,12102.443004013661,2.064990904,24991.434719466648
2023-11-19,Top 501-1000,INFLOW,7486.581557257014,2.064990904,15459.722817789889
2023-11-20,Top 1-100,INFLOW,671539.9772098595,2.412038756,1619780.4512335379
2023-11-20,Top 101-200,INFLOW,574007.9498526726,2.412038756,1384529.421296751
2023-11-20,Top 201-300,INFLOW,39739.07385460329,2.412038756,95852.18626484943
2023-11-20,Top 301-500,INFLOW,2191.901252870077,2.412038756,5286.9507712475815
2023-11-20,Top 501-1000,OUTFLOW,-13651.30438592362,2.412038756,32927.475248800554
2023-11-21,Top 1-100,INFLOW,948180.6237077902,2.197888721,2083995.498318097
2023-11-21,Top 101-200,INFLOW,66606.42338572774,2.197888721,146393.50670564163
2023-11-21,Top 201-300,INFLOW,29538.086412471315,2.197888721,64921.426965894054
2023-11-21,Top 301-500,OUTFLOW,-5917.259339941862,2.197888721,13005.477562490123
2023-11-21,Top 501-1000,INFLOW,19864.30610462653,2.197888721,43659.53433785009
2023-11-22,Top 1-100,OUTFLOW,-531543.2419201201,2.26040209,1201501.454961615
2023-11-22,Top 101-200,OUTFLOW,-586166.8097451965,2.26040209,1324972.6818366745
2023-11-22,Top 201-300,OUTFLOW,-10333.804062647658,2.26040209,23358.552300859257
2023-11-22,Top 301-500,INFLOW,15395.65830742333,2.26040209,34800.37821502556
2023-11-22,Top 501-1000,INFLOW,10416.791932194212,2.26040209,23546.138254626934
2023-11-23,Top 1-100,INFLOW,155826.05884118995,2.509248342,391006.2797876503
2023-11-23,Top 101-200,OUTFLOW,-197753.43233262983,2.509248342,496212.47220546054
2023-11-23,Top 201-300,INFLOW,41842.05995458303,2.509248342,104992.11956690205
2023-11-23,Top 301-500,OUTFLOW,-7388.932485389334,2.509248342,18540.666588113123
2023-11-23,Top 501-1000,INFLOW,12185.630418197157,2.509248342,30576.77292308598
2023-11-24,Top 1-100,INFLOW,523655.51643202,2.383232438,1247992.813098432
2023-11-24,Top 101-200,INFLOW,2871.1615027003572,2.383232438,6842.645227972315
2023-11-24,Top 201-300,OUTFLOW,-1418.9351088517287,2.383232438,3381.652178832501
2023-11-24,Top 301-500,INFLOW,31638.186064401012,2.383232438,75401.15130816004
2023-11-24,Top 501-1000,INFLOW,7869.694894479779,2.383232438,18755.312149687194
2023-11-25,Top 1-100,INFLOW,1928471.6405081698,2.470679639,4764635.616592463
2023-11-25,Top 101-200,INFLOW,252518.166412819,2.470679639,623891.4922337655
2023-11-25,Top 201-300,OUTFLOW,-7257.195145626174,2.470679639,17930.204282548228
2023-11-25,Top 301-500,INFLOW,29760.777944464033,2.470679639,73529.34810818757
2023-11-25,Top 501-1000,INFLOW,18477.22497275186,2.470679639,45651.303525400355
2023-11-26,Top 1-100,INFLOW,27388.510431249997,2.737113699,74965.46709657877
2023-11-26,Top 101-200,INFLOW,197953.7755752207,2.737113699,541821.9908957082
2023-11-26,Top 201-300,INFLOW,1463.3492645811057,2.737113699,4005.35331850652
2023-11-26,Top 301-500,INFLOW,534.5573897043123,2.737113699,1463.1443542613547
2023-11-26,Top 501-1000,INFLOW,8705.281583495358,2.737113699,23827.345475837556
2023-11-27,Top 1-100,INFLOW,78571.68427680002,2.657758339,208824.54909594043
2023-11-27,Top 101-200,INFLOW,693430.6720552855,2.657758339,1842971.1511733094
2023-11-27,Top 201-300,INFLOW,22542.86243889113,2.657758339,59913.48063189278
2023-11-27,Top 301-500,INFLOW,1647.4648907443643,2.657758339,4378.563551585558
2023-11-27,Top 501-1000,OUTFLOW,-2312.805778927467,2.657758339,6146.8788454318665
2023-11-28,Top 1-100,INFLOW,568454.64267567,2.508869356,1426178.4332849183
2023-11-28,Top 101-200,OUTFLOW,-86626.33553837215,2.508869356,217334.15865479564
2023-11-28,Top 201-300,OUTFLOW,-2523.0337288340415,2.508869356,6329.96200642614
2023-11-28,Top 301-500,OUTFLOW,-10715.121585429002,2.508869356,26882.840191496958
2023-11-28,Top 501-1000,INFLOW,8724.944384443654,2.508869356,21889.745598934966
2023-11-29,Top 1-100,INFLOW,2904475.01119231,2.51501592,7304800.892390839
2023-11-29,Top 101-200,OUTFLOW,-68594.12477042555,2.51501592,172515.31581608663
2023-11-29,Top 201-300,INFLOW,43931.30386306153,2.51501592,110487.92860195725
2023-11-29,Top 301-500,INFLOW,7200.890176499072,2.51501592,18110.35343206678
2023-11-29,Top 501-1000,INFLOW,6064.372155642766,2.51501592,15251.992516246277
2023-11-30,Top 1-100,INFLOW,1055484.7772000001,2.33533773,2464913.423635804
2023-11-30,Top 101-200,INFLOW,54731.864871548605,2.33533773,127817.38906778906
2023-11-30,Top 201-300,OUTFLOW,-23108.879953466938,2.33533773,53967.039253371986
2023-11-30,Top 301-500,OUTFLOW,-18065.13277133691,2.33533773,42188.18615836255
2023-11-30,Top 501-1000,OUTFLOW,-2297.4704219664345,2.33533773,5365.369359977235
2023-12-01,Top 1-100,OUTFLOW,-54442.98926035002,2.425963653,132076.7131062785
2023-12-01,Top 101-200,INFLOW,275094.8115862477,2.425963653,667370.0140371203
2023-12-01,Top 201-300,OUTFLOW,-19819.161857128915,2.425963653,48080.56629831873
2023-12-01,Top 301-500,OUTFLOW,-5488.461035949243,2.425963653,13314.80698411959
2023-12-01,Top 501-1000,INFLOW,7834.397350729198,2.425963653,19005.96321602853
2023-12-02,Top 1-100,INFLOW,20209.016862699995,2.403299432,48568.31874740532
2023-12-02,Top 101-200,OUTFLOW,-1328.7989664324123,2.403299432,3193.5018012692035
2023-12-02,Top 201-300,OUTFLOW,-5596.371830460179,2.403299432,13449.757241405747
2023-12-02,Top 301-500,INFLOW,8326.97106339642,2.403299432,20012.20482694105
2023-12-02,Top 501-1000,INFLOW,360.3083367519648,2.403299432,865.9288210608618
2023-12-03,Top 1-100,INFLOW,62088.92896784,2.557799884,158811.0553116254
2023-12-03,Top 101-200,INFLOW,46988.11271406579,2.557799884,120186.1892494164
2023-12-03,Top 201-300,INFLOW,23490.70435896855,2.557799884,60084.52088444805
2023-12-03,Top 301-500,OUTFLOW,-1811.3709740913619,2.557799884,4633.1244674118525
2023-12-03,Top 501-1000,INFLOW,2032.2643379863675,2.557799884,5198.125487958868
2023-12-04,Top 1-100,INFLOW,422249.8293497199,2.467427609,1041870.8868330375
2023-12-04,Top 101-200,OUTFLOW,-27328.605788625602,2.467427609,67431.35643833203
2023-12-04,Top 201-300,OUTFLOW,-13036.338442054799,2.467427609,32166.221392194057
2023-12-04,Top 301-500,OUTFLOW,-1607.2057465537437,2.467427609,3965.663832390164
2023-12-04,Top 501-1000,OUTFLOW,-11217.699286032319,2.467427609,27678.86092781573
2023-12-05,Top 1-100,INFLOW,799703.9168978,2.457163644,1965003.3905656715
2023-12-05,Top 101-200,OUTFLOW,-493285.0038108149,2.457163644,1212081.9774943357
2023-12-05,Top 201-300,INFLOW,19614.765236101477,2.457163644,48196.68802374363
2023-12-05,Top 301-500,OUTFLOW,-15228.590038456963,2.457163644,37419.13779187701
2023-12-05,Top 501-1000,OUTFLOW,-2504.117505185257,2.457163644,6153.026494045195
2023-12-06,Top 1-100,INFLOW,21027.68643891001,2.455278461,51628.82559811753
2023-12-06,Top 101-200,INFLOW,348293.6008757034,2.455278461,855157.7763342452
2023-12-06,Top 201-300,OUTFLOW,-4146.211901917564,2.455278461,10180.104777520039
2023-12-06,Top 301-500,INFLOW,2564.66625570207,2.455278461,6296.96981727881
2023-12-06,Top 501-1000,INFLOW,4781.322658611909,2.455278461,11739.478538781075
2023-12-07,Top 1-100,INFLOW,69462.27309177001,2.432997552,169001.5403886319
2023-12-07,Top 101-200,OUTFLOW,-815504.4509522405,2.432997552,1984120.332811905
2023-12-07,Top 201-300,INFLOW,9423.410452455675,2.432997552,22927.134562315867
2023-12-07,Top 301-500,OUTFLOW,-3935.6600139666043,2.432997552,9575.451179485033
2023-12-07,Top 501-1000,OUTFLOW,-12378.455250224573,2.432997552,30116.75132133793
2023-12-08,Top 1-100,INFLOW,3759.4063390699994,2.501365958,9403.651038839102
2023-12-08,Top 101-200,INFLOW,350704.4973338035,2.501365958,877240.2909482779
2023-12-08,Top 201-300,OUTFLOW,-15839.084825941627,2.501365958,39619.34758948474
2023-12-08,Top 301-500,OUTFLOW,-14342.314775262585,2.501365958,35875.37793776225
2023-12-08,Top 501-1000,INFLOW,3749.4081500024986,2.501365958,9378.641909064008
2023-12-09,Top 1-100,INFLOW,156627.57495353,2.488315115,389738.7621826641
2023-12-09,Top 101-200,INFLOW,581443.2487704885,2.488315115,1446814.0244303118
2023-12-09,Top 201-300,OUTFLOW,-18000.993147006513,2.488315115,44792.14333270772
2023-12-09,Top 301-500,INFLOW,2711.0808077969414,2.488315115,6746.023352027539
2023-12-09,Top 501-1000,OUTFLOW,-3370.1583269414195,2.488315115,8386.015904871445
2023-12-10,Top 1-100,OUTFLOW,-583970.32651691,2.483574286,1450333.6867244216
2023-12-10,Top 101-200,OUTFLOW,-45189.96169740628,2.483574286,112232.62685700315
2023-12-10,Top 201-300,INFLOW,27748.511452837887,2.483574286,68915.48951904468
2023-12-10,Top 301-500,INFLOW,15205.466048849725,2.483574286,37763.9044855692
2023-12-10,Top 501-1000,INFLOW,2914.7440145077526,2.483574286,7238.983284703865
2023-12-11,Top 1-100,INFLOW,393076.65527066,2.679556965,1053271.2894094011
2023-12-11,Top 101-200,INFLOW,197164.7294601185,2.679556965,528314.1240772012
2023-12-11,Top 201-300,OUTFLOW,-13130.655288557176,2.679556965,35184.33883346747
2023-12-11,Top 301-500,INFLOW,3828.4753049700666,2.679556965,10258.617668763041
2023-12-11,Top 501-1000,INFLOW,491.96565040932546,2.679556965,1318.2499850950633
2023-12-12,Top 1-100,INFLOW,401255.80114491,2.443376969,980419.1831951169
2023-12-12,Top 101-200,INFLOW,70333.63694396961,2.443376969,171851.5886549029
2023-12-12,Top 201-300,INFLOW,3965.934671459421,2.443376969,9690.273436802532
2023-12-12,Top 301-500,INFLOW,3633.495155384113,2.443376969,8877.998379638619
2023-12-12,Top 501-1000,OUTFLOW,-2409.0735541426398,2.443376969,5886.2748388191
2023-12-13,Top 1-100,OUTFLOW,-72584.74438332999,2.41196992,175072.2201034809
2023-12-13,Top 101-200,OUTFLOW,-60109.35439284379,2.41196992,144981.9547061591
2023-12-13,Top 201-300,INFLOW,53476.30021662582,2.41196992,128983.22755539099
2023-12-13,Top 301-500,OUTFLOW,-4353.756727452304,2.41196992,10501.130265612597
2023-12-13,Top 501-1000,INFLOW,10657.798660640114,2.41196992,25706.289782880245
2023-12-14,Top 1-100,OUTFLOW,-3900428.1791504193,2.517490141,9819289.486689763
2023-12-14,Top 101-200,INFLOW,518797.1366559772,2.517490141,1306066.6767104524
2023-12-14,Top 201-300,OUTFLOW,-26362.100498427768,2.517490141,66366.3281008431
2023-12-14,Top 301-500,INFLOW,5169.462944589304,2.517490141,13014.071997268404
2023-12-14,Top 501-1000,INFLOW,937.6197412926222,2.517490141,2360.448454711147
2023-12-15,Top 1-100,INFLOW,648966.5178258601,2.620514317,1700626.051216302
2023-12-15,Top 101-200,OUTFLOW,-2230243.076742022,2.620514317,5844383.912992598
2023-12-15,Top 201-300,OUTFLOW,-8082.047053772035,2.620514317,21179.120015077286
2023-12-15,Top 301-500,OUTFLOW,-20523.057895092974,2.620514317,53780.967042711025
2023-12-15,Top 501-1000,OUTFLOW,-2642.975259214305,2.620514317,6925.954506247873
2023-12-16,Top 1-100,OUTFLOW,-9415784.245969363,2.472420589,23279778.831316493
2023-12-16,Top 101-200,OUTFLOW,-1219588.8239876314,2.472420589,3015336.518541317
2023-12-16,Top 201-300,INFLOW,28275.774782532884,2.472420589,69909.6077422613
2023-12-16,Top 301-500,INFLOW,22336.419451247122,2.472420589,55225.02333580347
2023-12-16,Top 501-1000,INFLOW,21669.49088703141,2.472420589,53576.09542224433
2023-12-17,Top 1-100,OUTFLOW,-3695511.49178767,3.809881103,14079459.398481185
2023-12-17,Top 101-200,OUTFLOW,-541037.7957369895,3.809881103,2061289.6739871302
2023-12-17,Top 201-300,INFLOW,54935.81057142983,3.809881103,209298.90657407814
2023-12-17,Top 301-500,OUTFLOW,-8491.452062946788,3.809881103,32351.422751651335
2023-12-17,Top 501-1000,INFLOW,3733.498448071463,3.809881103,14224.185185387292
2023-12-18,Top 1-100,INFLOW,299728.28205192,4.230511395,1268003.9126244215
2023-12-18,Top 101-200,OUTFLOW,-672550.8488594345,4.230511395,2845234.02981676
2023-12-18,Top 201-300,INFLOW,3617.599330185327,4.230511395,15304.295188893391
2023-12-18,Top 301-500,OUTFLOW,-6768.0784082820755,4.230511395,28632.432828490782
2023-12-18,Top 501-1000,OUTFLOW,-2627.762137937856,4.230511395,11116.777667895662
2023-12-19,Top 1-100,OUTFLOW,-20466.132523900007,3.898516077,79787.54667843676
2023-12-19,Top 101-200,INFLOW,521959.12821892207,3.898516077,2034866.052898372
2023-12-19,Top 201-300,OUTFLOW,-20522.280676528142,3.898516077,80006.4411541514
2023-12-19,Top 301-500,OUTFLOW,-6213.352354787588,3.898516077,24222.854047205223
2023-12-19,Top 501-1000,INFLOW,2340.672564009272,3.898516077,9125.149621782957
2023-12-20,Top 1-100,OUTFLOW,-46025.58558012998,3.738890173,172084.6096321185
2023-12-20,Top 101-200,INFLOW,269311.8088137615,3.738890173,1006927.2754466278
2023-12-20,Top 201-300,INFLOW,24885.019156079445,3.738890173,93042.3535775822
2023-12-20,Top 301-500,INFLOW,18381.12200762889,3.738890173,68724.99644303769
2023-12-20,Top 501-1000,INFLOW,2427.466141894318,3.738890173,9076.02930321889
2023-12-21,Top 1-100,OUTFLOW,-39052.08131373998,3.478335697,135836.24847572844
2023-12-21,Top 101-200,OUTFLOW,-350695.38373274717,3.478335697,1219836.2720107276
2023-12-21,Top 201-300,INFLOW,16013.012338703593,3.478335697,55698.63243421416
2023-12-21,Top 301-500,INFLOW,3525.2454838449958,3.478335697,12261.987207146085
2023-12-21,Top 501-1000,INFLOW,2478.368906609383,3.478335697,8620.599038194276
2023-12-22,Top 1-100,INFLOW,94105.00120919,3.533218451,332493.52660368744
2023-12-22,Top 101-200,OUTFLOW,-9591.630320563854,3.533218451,33889.32522378726
2023-12-22,Top 201-300,OUTFLOW,-16906.49198555478,3.533218451,59734.329425045784
2023-12-22,Top 301-500,INFLOW,9099.290852692837,3.533218451,32149.782331749855
2023-12-22,Top 501-1000,INFLOW,11723.948818297644,3.533218451,41423.272283388884
2023-12-23,Top 1-100,OUTFLOW,-4853.956144169999,3.692975157,17925.539453587317
2023-12-23,Top 101-200,INFLOW,217530.92740964782,3.692975157,803336.3108029997
2023-12-23,Top 201-300,OUTFLOW,-5321.603714600969,3.692975157,19652.550313420295
2023-12-23,Top 301-500,OUTFLOW,-10354.085981769476,3.692975157,38237.38230411663
2023-12-23,Top 501-1000,INFLOW,5028.404033316887,3.692975157,18569.77117439786
2023-12-24,Top 1-100,OUTFLOW,-1280.1346392199994,3.478035645,4452.353905606373
2023-12-24,Top 101-200,OUTFLOW,-47935.25648038826,3.478035645,166720.53069100762
2023-12-24,Top 201-300,INFLOW,4967.139906824343,3.478035645,17275.889649637043
2023-12-24,Top 301-500,OUTFLOW,-2507.151930097183,3.478035645,8719.963780308552
2023-12-24,Top 501-1000,OUTFLOW,-5990.535419058253,3.478035645,20835.295720119615
2023-12-25,Top 1-100,OUTFLOW,-158889.43007772,3.369952824,535449.883594163
2023-12-25,Top 101-200,OUTFLOW,-53490.05322141957,3.369952824,180258.95590943316
2023-12-25,Top 201-300,INFLOW,5205.1657000000005,3.369952824,17541.162850102937
2023-12-25,Top 301-500,INFLOW,22690.05095233833,3.369952824,76464.40128353644
2023-12-25,Top 501-1000,INFLOW,3215.3350398616876,3.369952824,10835.527397688047
2023-12-26,Top 1-100,OUTFLOW,-83076.07495328,3.744133126,311047.8842106345
2023-12-26,Top 101-200,INFLOW,93200.279228536,3.744133126,348954.2528120114
2023-12-26,Top 201-300,OUTFLOW,-12539.534129657703,3.744133126,46949.68511945898
2023-12-26,Top 301-500,INFLOW,4679.188870053747,3.744133126,17519.506051178745
2023-12-26,Top 501-1000,INFLOW,7584.458385884271,3.744133126,28397.221885357787
2023-12-27,Top 1-100,INFLOW,372193.73334855,3.67364056,1367305.995007058
2023-12-27,Top 101-200,INFLOW,308922.4095695109,3.67364056,1134869.8936874873
2023-12-27,Top 201-300,INFLOW,14998.13119073413,3.67364056,55097.74306648199
2023-12-27,Top 301-500,INFLOW,9202.447582287796,3.67364056,33806.48468956639
2023-12-27,Top 501-1000,OUTFLOW,-1172.2608810549827,3.67364056,4306.4651195449205
2023-12-28,Top 1-100,OUTFLOW,-3239.47982452,3.631362916,11763.726901892116
2023-12-28,Top 101-200,OUTFLOW,-14023.975527789997,3.631362916,50926.144666508124
2023-12-28,Top 201-300,INFLOW,9835.87547498684,3.631362916,35717.6334462611
2023-12-28,Top 301-500,INFLOW,4487.597746532556,3.631362916,16296.096038683492
2023-12-28,Top 501-1000,INFLOW,4666.548566224845,3.631362916,16945.93140910187
2023-12-29,Top 1-100,OUTFLOW,-84991.81135313999,3.526517076,299725.07405701885
2023-12-29,Top 101-200,OUTFLOW,-229754.33639133163,3.526517076,810232.5905690793
2023-12-29,Top 201-300,INFLOW,24507.87604822,3.526517076,86427.44338053923
2023-12-29,Top 301-500,INFLOW,1673.02095790766,3.526517076,5899.936976567241
2023-12-29,Top 501-1000,INFLOW,3218.190522875536,3.526517076,11349.003832741946
2023-12-30,Top 1-100,INFLOW,513193.2293809899,3.505015982,1798750.4708345616
2023-12-30,Top 101-200,OUTFLOW,-23995.17251658147,3.505015982,84103.46316146522
2023-12-30,Top 201-300,OUTFLOW,-5027.469733829665,3.505015982,17621.361766094262
2023-12-30,Top 301-500,OUTFLOW,-13292.28947075951,3.505015982,46589.687032382404
2023-12-30,Top 501-1000,INFLOW,876.7186623641574,3.505015982,3072.9129233040335
2023-12-31,Top 1-100,OUTFLOW,-32650.066575269993,3.700071968,120807.59608849026
2023-12-31,Top 101-200,OUTFLOW,-2696.2629351649957,3.700071968,9976.366904761402
2023-12-31,Top 201-300,INFLOW,180.10595237297275,3.700071968,666.4049856451795
2023-12-31,Top 301-500,INFLOW,20600.267495034695,3.700071968,76222.47229167946
2023-12-31,Top 501-1000,INFLOW,295.9933670210048,3.700071968,1095.1967600283556
2024-01-01,Top 1-100,INFLOW,297284.6145223,3.641920021,1082686.7895640316
2024-01-01,Top 101-200,OUTFLOW,-303278.5016947347,3.641920021,1104516.0472609366
2024-01-01,Top 201-300,INFLOW,11450.132413286876,3.641920021,41700.46647905052
2024-01-01,Top 301-500,OUTFLOW,-752.4722964851317,3.641920021,2740.4439218170487
2024-01-01,Top 501-1000,OUTFLOW,-2314.7576389606475,3.641920021,8430.162189093471
2024-01-02,Top 1-100,OUTFLOW,-190965.1849162,3.628784463,692971.4959978285
2024-01-02,Top 101-200,INFLOW,171197.0523399424,3.628784463,621237.2036425808
2024-01-02,Top 201-300,INFLOW,2468.990222186043,3.628784463,8959.43335756763
2024-01-02,Top 301-500,INFLOW,563.4421934340207,3.628784463,2044.6102773320151
2024-01-02,Top 501-1000,INFLOW,11466.834078528107,3.628784463,41610.669343961716
2024-01-03,Top 1-100,OUTFLOW,-26587.471266099998,3.582384076,95246.53368478418
2024-01-03,Top 101-200,INFLOW,113670.91680208978,3.582384076,407212.88225612725
2024-01-03,Top 201-300,OUTFLOW,-18292.666039919273,3.582384076,65531.35552899278
2024-01-03,Top 301-500,OUTFLOW,-5270.847969951683,3.582384076,18882.201834571835
2024-01-03,Top 501-1000,INFLOW,13752.605837788535,3.582384076,49267.116156798285
2024-01-04,Top 1-100,INFLOW,269295.51957994,3.074352843,827909.4462277506
2024-01-04,Top 101-200,INFLOW,348317.1449606081,3.074352843,1070849.8048752886
2024-01-04,Top 201-300,OUTFLOW,-4384.020560503468,3.074352843,13478.02607395429
2024-01-04,Top 301-500,INFLOW,9759.502258392473,3.074352843,30004.153514353817
2024-01-04,Top 501-1000,OUTFLOW,-3308.231003678935,3.074352843,10170.669391461077
2024-01-05,Top 1-100,INFLOW,202712.7893299,3.204315384,649555.7093833496
2024-01-05,Top 101-200,OUTFLOW,-240235.0857786219,3.204315384,769788.9811369978
2024-01-05,Top 201-300,OUTFLOW,-12910.221178775962,3.204315384,41368.42033399443
2024-01-05,Top 301-500,OUTFLOW,-9232.444175437271,3.204315384,29583.662903274842
2024-01-05,Top 501-1000,OUTFLOW,-5470.35422030699,3.204315384,17528.740184059014
2024-01-06,Top 1-100,INFLOW,277437.97251791,2.967316125,823246.1695397012
2024-01-06,Top 101-200,OUTFLOW,-116431.6125460036,2.967316125,345489.4013675088
2024-01-06,Top 201-300,INFLOW,16899.524793739896,2.967316125,50146.23242530169
2024-01-06,Top 301-500,INFLOW,10019.82811050933,2.967316125,29731.997522042617
2024-01-06,Top 501-1000,INFLOW,10689.597244944376,2.967316125,31719.41427467902
2024-01-07,Top 1-100,INFLOW,224681.32935825002,2.782490255,625173.609419776
2024-01-07,Top 101-200,OUTFLOW,-81319.98442594192,2.782490255,226272.06420193517
2024-01-07,Top 201-300,INFLOW,6383.34,2.782490255,17761.5813443517
2024-01-07,Top 301-500,INFLOW,2489.869896245241,2.782490255,6928.038722520244
2024-01-07,Top 501-1000,OUTFLOW,-5303.181671661857,2.782490255,14756.051321893727
2024-01-08,Top 1-100,OUTFLOW,-37261.77509851,2.62534735,97825.10251116923
2024-01-08,Top 101-200,OUTFLOW,-69104.46858614852,2.62534735,181423.23347580328
2024-01-08,Top 201-300,OUTFLOW,-29281.189064284285,2.62534735,76873.29211476773
2024-01-08,Top 301-500,INFLOW,7128.64332458189,2.62534735,18715.164861286255
2024-01-08,Top 501-1000,INFLOW,11210.12530474057,2.62534735,29430.4727619686
2024-01-09,Top 1-100,OUTFLOW,-1352103.56534877,2.808084865,3796821.55776842
2024-01-09,Top 101-200,INFLOW,876428.226900051,2.808084865,2461084.839216819
2024-01-09,Top 201-300,OUTFLOW,-1804.2864061277287,2.808084865,5066.589349172518
2024-01-09,Top 301-500,INFLOW,5155.352493934466,2.808084865,14476.667311957379
2024-01-09,Top 501-1000,INFLOW,7654.843416372445,2.808084865,21495.449941460356
2024-01-10,Top 1-100,INFLOW,363997.55306088005,2.488829796,905927.9557290094
2024-01-10,Top 101-200,OUTFLOW,-19411.34858800855,2.488829796,48311.54274637821
2024-01-10,Top 201-300,INFLOW,14856.122474867629,2.488829796,36974.360268475815
2024-01-10,Top 301-500,INFLOW,6935.411414504311,2.488829796,17261.058575936837
2024-01-10,Top 501-1000,INFLOW,8680.763095137052,2.488829796,21604.94184319428
2024-01-11,Top 1-100,INFLOW,199576.09589904005,2.761753724,551180.026070555
2024-01-11,Top 101-200,OUTFLOW,-17268.02594701515,2.761753724,47690.03496529772
2024-01-11,Top 201-300,INFLOW,16036.593568094002,2.761753724,44289.12200695806
2024-01-11,Top 301-500,INFLOW,1106.8262273334421,2.761753724,3056.7814551590045
2024-01-11,Top 501-1000,INFLOW,4439.169923711921,2.761753724,12259.894068280195
2024-01-12,Top 1-100,INFLOW,364187.04718387,2.780755027,1012714.9622248327
2024-01-12,Top 101-200,INFLOW,283930.0735698071,2.780755027,789539.979395721
2024-01-12,Top 201-300,INFLOW,15923.994225854316,2.780755027,44280.726993463366
2024-01-12,Top 301-500,INFLOW,29152.614812568194,2.780755027,81066.28019024368
2024-01-12,Top 501-1000,OUTFLOW,-7286.016985205408,2.780755027,20260.62835841732
2024-01-13,Top 1-100,INFLOW,157140.60811916,2.844930921,447054.17498294194
2024-01-13,Top 101-200,OUTFLOW,-62234.37124700098,2.844930921,177052.48710958642
2024-01-13,Top 201-300,INFLOW,16192.390592710242,2.844930921,46066.23268211089
2024-01-13,Top 301-500,OUTFLOW,-3599.5833046858406,2.844930921,10240.565846216112
2024-01-13,Top 501-1000,INFLOW,1747.4674097100003,2.844930921,4971.4240673237555
2024-01-14,Top 1-100,OUTFLOW,-53753.49723937,2.868831466,154209.7242878488
2024-01-14,Top 101-200,INFLOW,15882.544199989046,2.868831466,45564.342561064375
2024-01-14,Top 201-300,OUTFLOW,-7586.46351302643,2.868831466,21764.285241831123
2024-01-14,Top 301-500,OUTFLOW,-116.64678107099462,2.868831466,334.63995594408254
2024-01-14,Top 501-1000,OUTFLOW,-443.85769594832254,2.868831466,1273.3529245628085
2024-01-15,Top 1-100,INFLOW,187903.97003553002,2.665544213,500866.3399279324
2024-01-15,Top 101-200,INFLOW,226796.63102317287,2.665544213,604536.4473517147
2024-01-15,Top 201-300,OUTFLOW,-18403.639263770718,2.665544213,49055.714137683615
2024-01-15,Top 301-500,OUTFLOW,-7197.719153467275,2.665544213,19185.83863632395
2024-01-15,Top 501-1000,OUTFLOW,-1297.5174414547428,2.665544213,3458.590107336256
2024-01-16,Top 1-100,INFLOW,110264.07170413001,2.765829764,304971.651419113
2024-01-16,Top 101-200,OUTFLOW,-666530.0611020862,2.765829764,1843508.6815968885
2024-01-16,Top 201-300,OUTFLOW,-9357.693940300484,2.765829764,25881.788422485515
2024-01-16,Top 301-500,OUTFLOW,-22501.097034208673,2.765829764,62234.20389986647
2024-01-16,Top 501-1000,OUTFLOW,-5412.110772344098,2.765829764,14968.977060214334
2024-01-17,Top 1-100,INFLOW,233588.93960199,2.747089172,641689.6466795887
2024-01-17,Top 101-200,INFLOW,137449.35556991055,2.747089172,377585.6363844791
2024-01-17,Top 201-300,OUTFLOW,-14974.81239175144,2.747089172,41137.144974111805
2024-01-17,Top 301-500,INFLOW,6078.669682260574,2.747089172,16698.6476643027
2024-01-17,Top 501-1000,INFLOW,1798.790240492479,2.747089172,4941.437192356165
2024-01-18,Top 1-100,INFLOW,338520.18581460003,2.709624945,917262.7398692754
2024-01-18,Top 101-200,OUTFLOW,-48373.48760496253,2.709624945,131074.00869105477
2024-01-18,Top 201-300,INFLOW,325.71984592790614,2.709624945,882.5786196078111
2024-01-18,Top 301-500,OUTFLOW,-6905.359862730697,2.709624945,18710.935338256873
2024-01-18,Top 501-1000,OUTFLOW,-1834.86643204655,2.709624945,4971.799855016479
2024-01-19,Top 1-100,INFLOW,37218.268873270004,2.564207735,95435.37292814869
2024-01-19,Top 101-200,OUTFLOW,-65110.43787418549,2.564207735,166956.68842622338
2024-01-19,Top 201-300,OUTFLOW,-9170.445178723912,2.564207735,23514.926460677314
2024-01-19,Top 301-500,INFLOW,14290.272809988626,2.564207735,36643.22807463302
2024-01-19,Top 501-1000,OUTFLOW,-4992.516753121458,2.564207735,12801.85007547113
2024-01-20,Top 1-100,INFLOW,16485.0,2.509304698,41365.88794653
2024-01-20,Top 101-200,OUTFLOW,-62047.13962982412,2.509304698,155695.17897057964
2024-01-20,Top 201-300,INFLOW,8565.92180614217,2.509304698,21494.507830853192
2024-01-20,Top 301-500,INFLOW,1855.681640406552,2.509304698,4656.470658264508
2024-01-20,Top 501-1000,INFLOW,3595.7458507678466,2.509304698,9022.821956145764
2024-01-21,Top 1-100,INFLOW,255461.19521839998,2.490030642,636106.2039357598
2024-01-21,Top 101-200,OUTFLOW,-38273.28156035484,2.490030642,95301.64385517711
2024-01-21,Top 201-300,INFLOW,7176.292932479999,2.490030642,17869.189297843233
2024-01-21,Top 301-500,OUTFLOW,-4369.055537600458,2.490030642,10879.082165224921
2024-01-21,Top 501-1000,INFLOW,3623.764768092983,2.490030642,9023.285311951551
2024-01-22,Top 1-100,INFLOW,219103.57534001,2.507285001,549355.1081154805
2024-01-22,Top 101-200,OUTFLOW,-34701.2470838537,2.507285001,87005.91632934137
2024-01-22,Top 201-300,INFLOW,15789.604188394707,2.507285001,39589.03775328883
2024-01-22,Top 301-500,OUTFLOW,-12388.591171624683,2.507285001,31061.728828135583
2024-01-22,Top 501-1000,OUTFLOW,-4844.3511201008805,2.507285001,12146.168903006488
2024-01-23,Top 1-100,INFLOW,221622.97195203,2.259376939,500729.8319810604
2024-01-23,Top 101-200,OUTFLOW,-217846.29790792114,2.259376939,492196.90173968096
2024-01-23,Top 201-300,INFLOW,12977.78187262304,2.259376939,29321.70108237673
2024-01-23,Top 301-500,INFLOW,809.6289841813687,2.259376939,1829.25705600538
2024-01-23,Top 501-1000,INFLOW,649.6979200641072,2.259376939,1467.912497909109
2024-01-24,Top 1-100,INFLOW,36543.366219999996,2.239627423,81843.52511504384
2024-01-24,Top 101-200,OUTFLOW,-44699.98564745851,2.239627423,100111.31366375448
2024-01-24,Top 201-300,OUTFLOW,-2975.416013288919,2.239627423,6663.823298195196
2024-01-24,Top 301-500,INFLOW,7283.795666055063,2.239627423,16312.988517225469
2024-01-24,Top 501-1000,INFLOW,5456.956707375049,2.239627423,12221.549887960944
2024-01-25,Top 1-100,INFLOW,89498.44431574,2.284975487,204501.7513861004
2024-01-25,Top 101-200,INFLOW,150010.27929016005,2.284975487,342769.8109760395
2024-01-25,Top 201-300,INFLOW,8965.364364540881,2.284975487,20485.637804999245
2024-01-25,Top 301-500,OUTFLOW,-1708.5745095672378,2.284975487,3904.0508720741855
2024-01-25,Top 501-1000,OUTFLOW,-575.0671328418703,2.284975487,1314.0143019230463
2024-01-26,Top 1-100,INFLOW,201434.53032840998,2.241815404,451579.03298773465
2024-01-26,Top 101-200,INFLOW,14860.587153069355,2.241815404,33314.69319223538
2024-01-26,Top 201-300,OUTFLOW,-6710.770645983219,2.241815404,15044.30900687621
2024-01-26,Top 301-500,OUTFLOW,-6744.127332391441,2.241815404,15119.088540292561
2024-01-26,Top 501-1000,INFLOW,5025.131858978228,2.241815404,11265.418008588547
2024-01-27,Top 1-100,OUTFLOW,-2701.2511940799996,2.358360815,6370.524967590231
2024-01-27,Top 101-200,OUTFLOW,-32791.6744303949,2.358360815,77334.60003488079
2024-01-27,Top 201-300,OUTFLOW,-2089.8587918436315,2.358360815,4928.641083567262
2024-01-27,Top 301-500,INFLOW,6172.714863559313,2.358360815,14557.488856386357
2024-01-27,Top 501-1000,OUTFLOW,-832.3252099508454,2.358360815,1962.923160484722
2024-01-28,Top 1-100,INFLOW,327421.83390288,2.416101736,791084.4612970521
2024-01-28,Top 101-200,OUTFLOW,-21241.816370518427,2.416101736,51322.38940860279
2024-01-28,Top 201-300,INFLOW,12533.758007953382,2.416101736,30282.834481620066
2024-01-28,Top 301-500,OUTFLOW,-1979.048550597137,2.416101736,4781.582638726026
2024-01-28,Top 501-1000,INFLOW,2139.6094993691077,2.416101736,5169.5142257877915
2024-01-29,Top 1-100,OUTFLOW,-1386.5384301999984,2.278698882,3159.5035707467714
2024-01-29,Top 101-200,INFLOW,14738.509759492474,2.278698882,33584.62571130159
2024-01-29,Top 201-300,OUTFLOW,-13706.0732,2.278698882,31232.013677450166
2024-01-29,Top 301-500,OUTFLOW,-4146.297576637495,2.278698882,9448.163652323168
2024-01-29,Top 501-1000,INFLOW,676.3505099946287,2.278698882,1541.1991509648904
2024-01-30,Top 1-100,OUTFLOW,-118503.57678427002,2.379215651,281945.56458461547
2024-01-30,Top 101-200,OUTFLOW,-169103.05863813186,2.379215651,402332.6437438141
2024-01-30,Top 201-300,OUTFLOW,-9582.007317044612,2.379215651,22797.66177670906
2024-01-30,Top 301-500,OUTFLOW,-2628.6421530846796,2.379215651,6254.106551497408
2024-01-30,Top 501-1000,INFLOW,3191.617561802427,2.379215651,7593.546455046794
2024-01-31,Top 1-100,INFLOW,251731.48390249006,2.465646949,620680.9652514172
2024-01-31,Top 101-200,INFLOW,105337.52658196553,2.465646949,259725.1510320297
2024-01-31,Top 201-300,OUTFLOW,-14578.517341040442,2.465646949,35945.47680287996
2024-01-31,Top 301-500,OUTFLOW,-3185.4175590005816,2.465646949,7854.115085640811
2024-01-31,Top 501-1000,INFLOW,2321.3966997336493,2.465646949,5723.7446901169415
2024-02-01,Top 1-100,OUTFLOW,-25639.16018767,2.301234744,59001.72623084776
2024-02-01,Top 101-200,INFLOW,11256.687066238286,2.301234744,25904.27937916297
2024-02-01,Top 201-300,OUTFLOW,-12990.501912700029,2.301234744,29894.194343503757
2024-02-01,Top 301-500,INFLOW,8709.406908789948,2.301234744,20042.389778141067
2024-02-01,Top 501-1000,INFLOW,1058.7296728931046,2.301234744,2436.385507765367
2024-02-02,Top 1-100,OUTFLOW,-1526.6749338,2.273266348,3470.5387513426676
2024-02-02,Top 101-200,INFLOW,2112.8555615684054,2.273266348,4803.083446298098
2024-02-02,Top 201-300,OUTFLOW,-4093.9375334645447,2.273266348,9306.610425639074
2024-02-02,Top 301-500,INFLOW,7242.487339987198,2.273266348,16464.10274580893
2024-02-02,Top 501-1000,INFLOW,4744.7310075082905,2.273266348,10786.037329680732
2024-02-03,Top 1-100,INFLOW,279633.71893912,2.353910888,658232.8556627264
2024-02-03,Top 101-200,INFLOW,38484.68293593246,2.353910888,90589.51418411924
2024-02-03,Top 201-300,INFLOW,8252.33919769,2.353910888,19425.27108891168
2024-02-03,Top 301-500,OUTFLOW,-1419.0438247896645,2.353910888,3340.302709721556
2024-02-03,Top 501-1000,INFLOW,3428.5087762632843,2.353910888,8070.404138049701
2024-02-04,Top 1-100,INFLOW,210793.71928684998,2.309885413,486909.33733271156
2024-02-04,Top 101-200,OUTFLOW,-114344.26566859391,2.309885413,264122.1513280818
2024-02-04,Top 201-300,INFLOW,15480.653251970549,2.309885413,35758.535130437784
2024-02-04,Top 301-500,OUTFLOW,-9070.52759616769,2.309885413,20951.879382601703
2024-02-04,Top 501-1000,INFLOW,4010.8101506465955,2.309885413,9264.511861290903
2024-02-05,Top 1-100,INFLOW,18211.153928,2.182333754,39742.81591636409
2024-02-05,Top 101-200,OUTFLOW,-59884.98929743527,2.182333754,130689.03350172174
2024-02-05,Top 201-300,OUTFLOW,-1721.6643853484584,2.182333754,3757.2463012056037
2024-02-05,Top 301-500,INFLOW,6806.38,2.182333754,14853.79281655052
2024-02-05,Top 501-1000,INFLOW,2640.4751718416665,2.182333754,5762.398094109019
2024-02-06,Top 1-100,OUTFLOW,-37135.84430344001,2.219368256,82418.1140068132
2024-02-06,Top 101-200,INFLOW,160175.92365473512,2.219368256,355489.36033479864
2024-02-06,Top 201-300,OUTFLOW,-6144.021292693682,2.219368256,13635.845821192443
2024-02-06,Top 301-500,OUTFLOW,-3364.092242206025,2.219368256,7466.159532607915
2024-02-06,Top 501-1000,INFLOW,4101.585254653398,2.219368256,9102.928113455428
2024-02-07,Top 1-100,INFLOW,466704.97868407,2.218795978,1035523.1296167903
2024-02-07,Top 101-200,OUTFLOW,-301778.034203652,2.218795978,669583.8885398095
2024-02-07,Top 201-300,INFLOW,27758.500280179604,2.218795978,61590.44877697438
2024-02-07,Top 301-500,INFLOW,12491.373013553191,2.218795978,27715.808202169563
2024-02-07,Top 501-1000,INFLOW,602.4525628814708,2.218795978,1336.7193234571996
2024-02-08,Top 1-100,INFLOW,226730.73412752,2.355600003,534086.9179909783
2024-02-08,Top 101-200,OUTFLOW,-110878.44764150504,2.355600003,261185.27159696465
2024-02-08,Top 201-300,OUTFLOW,-4482.581428125521,2.355600003,10559.168825540222
2024-02-08,Top 301-500,OUTFLOW,-10201.023351943295,2.355600003,24029.530638440698
2024-02-08,Top 501-1000,OUTFLOW,-776.3956609426186,2.355600003,1828.8776212456196
2024-02-09,Top 1-100,OUTFLOW,-3034565.68611639,2.386899112,7243202.141496882
2024-02-09,Top 101-200,INFLOW,937421.9383656544,2.386899112,2237531.592254299
2024-02-09,Top 201-300,INFLOW,17694.18841807734,2.386899112,42234.242622669495
2024-02-09,Top 301-500,OUTFLOW,-12036.148559453475,2.386899112,28729.07230845958
2024-02-09,Top 501-1000,INFLOW,9847.610493147648,2.386899112,23505.252741416003
2024-02-10,Top 1-100,OUTFLOW,-17900.598021489997,2.488262089,44541.37942730197
2024-02-10,Top 101-200,OUTFLOW,-80514.76363652915,2.488262089,200341.83396157128
2024-02-10,Top 201-300,INFLOW,34513.24475433004,2.488262089,85877.99849057755
2024-02-10,Top 301-500,INFLOW,1781.0554721182589,2.488262089,4431.73280967786
2024-02-10,Top 501-1000,INFLOW,634.0359745777077,2.488262089,1577.647678603878
2024-02-11,Top 1-100,OUTFLOW,-62946.093779020004,2.488806743,156660.66264273535
2024-02-11,Top 101-200,OUTFLOW,-66784.13132459299,2.488806743,166212.79636604455
2024-02-11,Top 201-300,OUTFLOW,-27705.99586968271,2.488806743,68954.86934199647
2024-02-11,Top 301-500,INFLOW,2841.8356618144007,2.488806743,7072.779757621548
2024-02-11,Top 501-1000,INFLOW,2862.1868083306235,2.488806743,7123.429828298905
2024-02-12,Top 1-100,INFLOW,102006.00444182001,2.454093386,250332.2608329571
2024-02-12,Top 101-200,INFLOW,68564.92531332374,2.454093386,168264.72972301175
2024-02-12,Top 201-300,OUTFLOW,-2580.7252073612653,2.454093386,6333.34066246876
2024-02-12,Top 301-500,OUTFLOW,-8694.801521190897,2.454093386,21337.854905737317
2024-02-12,Top 501-1000,INFLOW,5890.084603393114,2.454093386,14454.817668167472
2024-02-13,Top 1-100,OUTFLOW,-60011.87171226,2.62200749,157351.57711846486
2024-02-13,Top 101-200,OUTFLOW,-129735.08380697783,2.62200749,340166.3614576736
2024-02-13,Top 201-300,OUTFLOW,-19855.378872549423,2.62200749,52060.952120612346
2024-02-13,Top 301-500,INFLOW,26396.175836702834,2.62200749,69210.97075119185
2024-02-13,Top 501-1000,OUTFLOW,-2868.7846641539454,2.62200749,7521.97487660878
2024-02-14,Top 1-100,OUTFLOW,-870350.5528731099,2.772628375,2413158.639092922
2024-02-14,Top 101-200,OUTFLOW,-229945.5096857238,2.772628375,637553.4448584751
2024-02-14,Top 201-300,INFLOW,9483.508130468479,2.772628375,26294.24373708011
2024-02-14,Top 301-500,OUTFLOW,-2144.7676044702184,2.772628375,5946.643517934905
2024-02-14,Top 501-1000,OUTFLOW,-2355.780799462631,2.772628375,6531.704689870276
2024-02-15,Top 1-100,OUTFLOW,-78656.76089487004,3.142832715,247205.04139633023
2024-02-15,Top 101-200,INFLOW,367631.71603038337,3.142832715,1155404.9842118789
2024-02-15,Top 201-300,OUTFLOW,-25.661853883531876,3.142832715,80.65091391271378
2024-02-15,Top 301-500,INFLOW,43969.754187259256,3.142832715,138189.58193022662
2024-02-15,Top 501-1000,INFLOW,2646.2408607483817,3.142832715,8316.692348929773
2024-02-16,Top 1-100,OUTFLOW,-263504.64518145006,3.419376034,901021.4685811239
2024-02-16,Top 101-200,INFLOW,16874.228149937,3.419376034,57699.33132814273
2024-02-16,Top 201-300,OUTFLOW,-63169.541897006675,3.419376034,216000.4176413835
2024-02-16,Top 301-500,OUTFLOW,-15925.581405626072,3.419376034,54455.55138591382
2024-02-16,Top 501-1000,INFLOW,3854.6558786136084,3.419376034,13180.517930648584
2024-02-17,Top 1-100,OUTFLOW,-21357.662042889977,4.36983685,93329.49862486692
2024-02-17,Top 101-200,INFLOW,132187.69649275177,4.36983685,577638.6672506426
2024-02-17,Top 201-300,OUTFLOW,-18139.822133157457,4.36983685,79268.06320991708
2024-02-17,Top 301-500,INFLOW,7247.752070306284,4.36983685,31671.494076488194
2024-02-17,Top 501-1000,OUTFLOW,-19002.68137760346,4.36983685,83038.61733266037
2024-02-18,Top 1-100,INFLOW,62048.51134612993,4.685607196,290734.95126451406
2024-02-18,Top 101-200,OUTFLOW,-715897.2776306033,4.685607196,3354413.435662765
2024-02-18,Top 201-300,OUTFLOW,-27579.476354242157,4.685607196,129226.59286734891
2024-02-18,Top 301-500,INFLOW,15570.648362671378,4.685607196,72957.94201451863
2024-02-18,Top 501-1000,INFLOW,10967.456006677829,4.685607196,51389.19078670306
2024-02-19,Top 1-100,OUTFLOW,-135265.18078059063,5.856727291,792211.2757997338
2024-02-19,Top 101-200,OUTFLOW,-646639.8786951087,5.856727291,3787193.4250025726
2024-02-19,Top 201-300,INFLOW,38196.17105777136,5.856727291,223704.5574457539
2024-02-19,Top 301-500,OUTFLOW,-25684.848236226826,5.856727291,150429.15163030286
2024-02-19,Top 501-1000,INFLOW,47621.143385120384,5.856727291,278904.05009225867
2024-02-20,Top 1-100,INFLOW,183769.80671250998,7.635646521,1403201.2852892193
2024-02-20,Top 101-200,INFLOW,413172.67648563767,7.635646521,3154840.509779818
2024-02-20,Top 201-300,OUTFLOW,-51765.17829756942,7.635646521,395260.60357678065
2024-02-20,Top 301-500,OUTFLOW,-19145.770528561625,7.635646521,146190.3361282759
2024-02-20,Top 501-1000,OUTFLOW,-18660.137600407434,7.635646521,142482.21474993232
2024-02-21,Top 1-100,INFLOW,1496783.34849328,6.701147489,10030165.977332754
2024-02-21,Top 101-200,INFLOW,1645036.369963869,6.701147489,11023631.339897055
2024-02-21,Top 201-300,INFLOW,13366.73228260476,6.701147489,89572.44447171214
2024-02-21,Top 301-500,INFLOW,6393.736461671007,6.701147489,42845.37103545442
2024-02-21,Top 501-1000,OUTFLOW,-10913.430396778733,6.701147489,73132.50669975008
2024-02-22,Top 1-100,OUTFLOW,-1164239.7616144903,7.057961714,8217159.663391559
2024-02-22,Top 101-200,INFLOW,112248.59013785637,7.057961714,792246.2516434683
2024-02-22,Top 201-300,INFLOW,59170.49817098229,7.057961714,417623.11068910005
2024-02-22,Top 301-500,INFLOW,44113.92279486163,7.057961714,311354.37814048526
2024-02-22,Top 501-1000,INFLOW,43709.06837219013,7.057961714,308496.93112552626
2024-02-23,Top 1-100,INFLOW,316482.95988006005,8.207793177,2597626.678740321
2024-02-23,Top 101-200,INFLOW,138955.9849214612,8.207793177,1140521.984941684
2024-02-23,Top 201-300,INFLOW,36085.14729788219,8.207793177,296179.4257825974
2024-02-23,Top 301-500,INFLOW,1454.0170145234224,8.207793177,11934.270931047255
2024-02-23,Top 501-1000,INFLOW,8430.564171219987,8.207793177,69196.32708280005
2024-02-24,Top 1-100,INFLOW,306619.1395577001,8.249617583,2529490.6449795333
2024-02-24,Top 101-200,OUTFLOW,-223386.96027021593,8.249617583,1842856.9952580957
2024-02-24,Top 201-300,OUTFLOW,-19566.246761954095,8.249617583,161414.0533207333
2024-02-24,Top 301-500,INFLOW,20814.623414728656,8.249617583,171712.683305669
2024-02-24,Top 501-1000,INFLOW,9239.464866914881,8.249617583,76222.05182361175
2024-02-25,Top 1-100,INFLOW,92075.47189747973,8.124368053,748055.0223487836
2024-02-25,Top 101-200,INFLOW,243691.73746604077,8.124368053,1979841.3666491646
2024-02-25,Top 201-300,OUTFLOW,-1820.4554209535709,8.124368053,14790.049863905857
2024-02-25,Top 301-500,INFLOW,13934.989411436276,8.124368053,113212.98279316614
2024-02-25,Top 501-1000,INFLOW,20804.629065349345,8.124368053,169024.46373303945
2024-02-26,Top 1-100,OUTFLOW,-241232.7737509399,8.581610213,2070165.6349313841
2024-02-26,Top 101-200,INFLOW,66706.73851564905,8.581610213,572451.2285218143
2024-02-26,Top 201-300,OUTFLOW,-2135.1188195693976,8.581610213,18322.757467985244
2024-02-26,Top 301-500,INFLOW,7310.736044406927,8.581610213,62737.8871032297
2024-02-26,Top 501-1000,OUTFLOW,-4047.074647338195,8.581610213,34730.41712637083
2024-02-27,Top 1-100,INFLOW,251571.66132354992,7.964022286,2003522.3173067959
2024-02-27,Top 101-200,OUTFLOW,-163373.93645174755,7.964022286,1301113.670853265
2024-02-27,Top 201-300,OUTFLOW,-45913.6044333959,7.964022286,365656.96893815335
2024-02-27,Top 301-500,OUTFLOW,-21123.5586231709,7.964022286,168228.49163456052
2024-02-27,Top 501-1000,OUTFLOW,-11194.523557850913,7.964022286,89153.43509587667
2024-02-28,Top 1-100,OUTFLOW,-340615.63380026,7.139731044,2431904.014715452
2024-02-28,Top 101-200,INFLOW,296589.9963108174,7.139731044,2117572.8040001886
2024-02-28,Top 201-300,INFLOW,28699.785745261368,7.139731044,204908.75124159126
2024-02-28,Top 301-500,INFLOW,17513.561763184527,7.139731044,125042.12061161995
2024-02-28,Top 501-1000,INFLOW,16517.038743680445,7.139731044,117927.21427320603
2024-02-29,Top 1-100,INFLOW,382226.20275183,7.900522385,3019786.6709743817
2024-02-29,Top 101-200,OUTFLOW,-403948.56378667394,7.900522385,3191404.670585218
2024-02-29,Top 201-300,OUTFLOW,-7390.252299439639,7.900522385,58386.85372252059
2024-02-29,Top 301-500,INFLOW,21284.658875606998,7.900522385,168159.92390382203
2024-02-29,Top 501-1000,INFLOW,814.0363631523978,7.900522385,6431.312509289509
2024-03-01,Top 1-100,INFLOW,235721.96706302004,7.367705634,1736730.0647877753
2024-03-01,Top 101-200,INFLOW,128071.91487110878,7.367705634,943596.1687530365
2024-03-01,Top 201-300,OUTFLOW,-46918.34538159352,7.367705634,345680.5576059245
2024-03-01,Top 301-500,INFLOW,7341.04900759623,7.367705634,54086.688132736854
2024-03-01,Top 501-1000,INFLOW,6376.409757704907,7.367705634,46979.51009653502
2024-03-02,Top 1-100,INFLOW,188928.59507083,7.986910315,1508955.7447696703
2024-03-02,Top 101-200,OUTFLOW,-142710.58405811412,7.986910315,1139816.6358734262
2024-03-02,Top 201-300,INFLOW,5116.218525527642,7.986910315,40862.778515330814
2024-03-02,Top 301-500,INFLOW,5263.8978978001105,7.986910315,42042.28041704652
2024-03-02,Top 501-1000,OUTFLOW,-6351.060716593645,7.986910315,50725.35234855308
2024-03-03,Top 1-100,OUTFLOW,-352023.48210275033,7.696880712,2709482.749567736
2024-03-03,Top 101-200,INFLOW,638838.2598503319,7.696880712,4917061.880329664
2024-03-03,Top 201-300,INFLOW,3760.959912417682,7.696880712,28947.659808492866
2024-03-03,Top 301-500,OUTFLOW,-4451.412819001456,7.696880712,34261.993467721855
2024-03-03,Top 501-1000,INFLOW,621.5177428665629,7.696880712,4783.747927235423
2024-03-04,Top 1-100,OUTFLOW,-161277.6356470999,7.890980156,1272638.6224978636
2024-03-04,Top 101-200,INFLOW,212773.24293794692,7.890980156,1678989.4377511065
2024-03-04,Top 201-300,INFLOW,2136.2709927985998,7.890980156,16857.27201201217
2024-03-04,Top 301-500,OUTFLOW,-7638.6007726912285,7.890980156,60276.047116912756
2024-03-04,Top 501-1000,INFLOW,4803.038445389171,7.890980156,37900.68106107104
2024-03-05,Top 1-100,INFLOW,37842.26844011,7.401060687,280072.92525899893
2024-03-05,Top 101-200,INFLOW,253451.56788079988,7.401060687,1875810.4351011
2024-03-05,Top 201-300,INFLOW,3173.246503932256,7.401060687,23485.389950413213
2024-03-05,Top 301-500,INFLOW,7305.44475298627,7.401060687,54068.03996237711
2024-03-05,Top 501-1000,INFLOW,19740.27667949913,7.401060687,146098.9856831439
2024-03-06,Top 1-100,INFLOW,585470.4992319001,6.499385661,3805198.567646323
2024-03-06,Top 101-200,OUTFLOW,-77705.58604420314,6.499385661,505038.5717152956
2024-03-06,Top 201-300,INFLOW,17445.483301744716,6.499385661,113384.92402057454
2024-03-06,Top 301-500,INFLOW,13052.959185241278,6.499385661,84836.2157621754
2024-03-06,Top 501-1000,INFLOW,22041.95574260075,6.499385661,143259.1710938559
2024-03-07,Top 1-100,INFLOW,106718.34934517014,7.248227297,773518.8528144442
2024-03-07,Top 101-200,OUTFLOW,-304017.4454335857,7.248227297,2203587.5467559234
2024-03-07,Top 201-300,OUTFLOW,-41624.53593672803,7.248227297,301704.0976015496
2024-03-07,Top 301-500,INFLOW,5258.137175800548,7.248227297,38112.17340900802
2024-03-07,Top 501-1000,INFLOW,13134.522306329167,7.248227297,95202.00311379046
2024-03-08,Top 1-100,OUTFLOW,-132906.45958601002,7.207783205,957960.9472400544
2024-03-08,Top 101-200,OUTFLOW,-83865.11454354314,7.207783205,604481.5640923515
2024-03-08,Top 201-300,INFLOW,20786.272401455193,7.207783205,149822.94510976376
2024-03-08,Top 301-500,INFLOW,23375.048523330406,7.207783205,168482.28216252095
2024-03-08,Top 501-1000,INFLOW,39884.214746382924,7.207783205,287476.7731935922
2024-03-09,Top 1-100,OUTFLOW,-485815.53604012984,7.547439563,3666663.397029328
2024-03-09,Top 101-200,INFLOW,857213.2337377052,7.547439563,6469765.074239123
2024-03-09,Top 201-300,OUTFLOW,-21639.710434849323,7.547439563,163324.40666784573
2024-03-09,Top 301-500,INFLOW,3279.603538083509,7.547439563,24752.609494286255
2024-03-09,Top 501-1000,OUTFLOW,-14982.398216909285,7.547439563,113078.7450509218
2024-03-10,Top 1-100,INFLOW,4025.1238617099298,11.71687573,47161.87608551295
2024-03-10,Top 101-200,INFLOW,17086.15328944748,11.71687573,200196.33479618686
2024-03-10,Top 201-300,INFLOW,57334.952814792574,11.71687573,671786.5171163382
2024-03-10,Top 301-500,OUTFLOW,-17892.718739378997,11.71687573,209646.76194114596
2024-03-10,Top 501-1000,INFLOW,6672.39700905198,11.71687573,78179.64657628573
2024-03-11,Top 1-100,OUTFLOW,-79352.20097222005,9.58368059,760486.1482312444
2024-03-11,Top 101-200,OUTFLOW,-204108.24412142346,9.58368059,1956108.2174454676
2024-03-11,Top 201-300,INFLOW,28093.293905595914,9.58368059,269237.1555122249
2024-03-11,Top 301-500,INFLOW,15412.856713780839,9.58368059,147711.8957243126
2024-03-11,Top 501-1000,INFLOW,31548.57725020162,9.58368059,302351.48743487283
2024-03-12,Top 1-100,OUTFLOW,-34597.581125330005,9.91075337,342888.0937317127
2024-03-12,Top 101-200,INFLOW,252649.97555750667,9.91075337,2503951.596686977
2024-03-12,Top 201-300,INFLOW,26871.429961807575,9.91075337,266316.1150507034
2024-03-12,Top 301-500,OUTFLOW,-17617.011533253855,9.91075337,174597.85642252452
2024-03-12,Top 501-1000,OUTFLOW,-27050.11731254591,9.91075337,268087.0413142097
2024-03-13,Top 1-100,INFLOW,163471.97512203996,10.17667292,1663600.8224033776
2024-03-13,Top 101-200,OUTFLOW,-6459.574205567827,10.17667292,65736.97389253262
2024-03-13,Top 201-300,INFLOW,7934.4086434552955,10.17667292,80745.88157806544
2024-03-13,Top 301-500,INFLOW,17762.46309657391,10.17667292,180762.77718740303
2024-03-13,Top 501-1000,INFLOW,13261.098334553619,10.17667292,134953.8603107089
2024-03-14,Top 1-100,INFLOW,118110.32244423,9.551946695,1128183.504116547
2024-03-14,Top 101-200,INFLOW,91178.93993024173,9.551946695,870936.373920276
2024-03-14,Top 201-300,OUTFLOW,-8686.510447726494,9.551946695,82973.08476224405
2024-03-14,Top 301-500,OUTFLOW,-11810.955401293766,9.551946695,112817.61641018039
2024-03-14,Top 501-1000,INFLOW,4412.758826204161,9.551946695,42150.43708579291
2024-03-15,Top 1-100,INFLOW,91242.16733227,10.80890274,986227.7124813116
2024-03-15,Top 101-200,OUTFLOW,-194382.7512661874,10.80890274,2101064.2527698316
2024-03-15,Top 201-300,INFLOW,23344.61742086147,10.80890274,252329.69920460126
2024-03-15,Top 301-500,INFLOW,171.10376445943984,10.80890274,1849.443948489954
2024-03-15,Top 501-1000,OUTFLOW,-6401.898600828432,10.80890274,69197.49932769661
2024-03-16,Top 1-100,INFLOW,125672.26650079999,9.750816308,1225407.1856593224
2024-03-16,Top 101-200,OUTFLOW,-444714.03263119166,9.750816308,4336324.841776667
2024-03-16,Top 201-300,INFLOW,677.7367344738959,9.750816308,6608.48640303873
2024-03-16,Top 301-500,OUTFLOW,-6924.417321200584,9.750816308,67518.72133896033
2024-03-16,Top 501-1000,OUTFLOW,-8703.66695623743,9.750816308,84867.85769628065
2024-03-17,Top 1-100,OUTFLOW,-73892.33019216996,8.428332355,622789.1173450095
2024-03-17,Top 101-200,INFLOW,143304.0841082133,8.428332355,1207814.4486928957
2024-03-17,Top 201-300,INFLOW,29820.45252130527,8.428332355,251336.68482605854
2024-03-17,Top 301-500,OUTFLOW,-4514.69319765314,8.428332355,38051.33475067837
2024-03-17,Top 501-1000,OUTFLOW,-7933.064837613731,8.428332355,66862.50704517264
2024-03-18,Top 1-100,OUTFLOW,-969178.4389132,9.531961018,9238171.099206718
2024-03-18,Top 101-200,INFLOW,513255.2863909795,9.531961018,4892329.382161243
2024-03-18,Top 201-300,INFLOW,946.0434303797829,9.531961018,9017.649099715089
2024-03-18,Top 301-500,INFLOW,958.9920817862521,9.531961018,9141.075140157223
2024-03-18,Top 501-1000,INFLOW,1380.4546008187508,9.531961018,13158.439442123085
2024-03-19,Top 1-100,OUTFLOW,-23517.90576114999,8.76998032,206251.57069290002
2024-03-19,Top 101-200,OUTFLOW,-81241.43362996826,8.76998032,712485.7741034079
2024-03-19,Top 201-300,INFLOW,32452.73757178227,8.76998032,284609.8698346551
2024-03-19,Top 301-500,INFLOW,18179.42464794718,8.76998032,159433.1963914197
2024-03-19,Top 501-1000,INFLOW,6204.02650613365,8.76998032,54409.19036355047
2024-03-20,Top 1-100,INFLOW,131625.55383116,7.543061438,992859.6393592162
2024-03-20,Top 101-200,INFLOW,773073.3600132996,7.543061438,5831339.850661411
2024-03-20,Top 201-300,OUTFLOW,-35799.733455812646,7.543061438,270039.5889212188
2024-03-20,Top 301-500,OUTFLOW,-1033.2849797103445,7.543061438,7794.132084917712
2024-03-20,Top 501-1000,INFLOW,6017.6585610219445,7.543061438,45391.568238695196
2024-03-21,Top 1-100,INFLOW,74514.56141452005,8.350843517,622259.4421105431
2024-03-21,Top 101-200,OUTFLOW,-75740.08408494527,8.350843517,632493.5901578
2024-03-21,Top 201-300,INFLOW,27865.037190968924,8.350843517,232696.56517716672
2024-03-21,Top 301-500,INFLOW,9314.263629751353,8.350843517,77781.95804813797
2024-03-21,Top 501-1000,INFLOW,19030.344940767147,8.350843517,158919.43267487906
2024-03-22,Top 1-100,OUTFLOW,-151062.98311078,8.053624911,1216604.6039109502
2024-03-22,Top 101-200,INFLOW,32617.87145730338,8.053624911,262692.1021123344
2024-03-22,Top 201-300,OUTFLOW,-8132.341145620558,8.053624911,65494.82523512
2024-03-22,Top 301-500,INFLOW,9123.045464461458,8.053624911,73473.58621677237
2024-03-22,Top 501-1000,INFLOW,3363.849936449309,8.053624911,27091.185645053924
2024-03-23,Top 1-100,OUTFLOW,-63990.82633187999,7.946790299,508521.67791917763
2024-03-23,Top 101-200,INFLOW,207574.2497940947,7.946790299,1649549.0345859146
2024-03-23,Top 201-300,INFLOW,12040.627003725709,7.946790299,95684.3378670849
2024-03-23,Top 301-500,INFLOW,47738.40393952378,7.946790299,379367.0853163509
2024-03-23,Top 501-1000,INFLOW,12416.250145879214,7.946790299,98669.33620923027
2024-03-24,Top 1-100,OUTFLOW,-22497.369532510005,8.461412201,190359.5170527858
2024-03-24,Top 101-200,OUTFLOW,-55846.84909167939,8.461412201,472543.21029174177
2024-03-24,Top 201-300,INFLOW,19613.684486553757,8.461412201,165959.46922109037
2024-03-24,Top 301-500,INFLOW,10394.752589323281,8.461412201,87954.28638567636
2024-03-24,Top 501-1000,OUTFLOW,-35.43073526037824,8.461412201,299.79405562256534
2024-03-25,Top 1-100,INFLOW,835428.30235055,8.471250101,7077122.090665355
2024-03-25,Top 101-200,OUTFLOW,-709747.9705610261,8.471250101,6012452.567299638
2024-03-25,Top 201-300,OUTFLOW,-175.8343919549152,8.471250101,1489.537110607349
2024-03-25,Top 301-500,INFLOW,628.6670803633097,8.471250101,5325.596068023063
2024-03-25,Top 501-1000,INFLOW,3707.7674116827657,8.471250101,31409.42506070214
2024-03-26,Top 1-100,INFLOW,116606.03618655,8.649465456,1008579.8819566502
2024-03-26,Top 101-200,INFLOW,400881.61338392383,8.649465456,3467411.666909796
2024-03-26,Top 201-300,INFLOW,3710.4078381223517,8.649465456,32093.04442351092
2024-03-26,Top 301-500,OUTFLOW,-4437.200928920001,8.649465456,38379.416156024665
2024-03-26,Top 501-1000,OUTFLOW,-4965.4570579935735,8.649465456,42948.5492963668
2024-03-27,Top 1-100,INFLOW,242420.48113902003,8.759731917,2123538.4259679704
2024-03-27,Top 101-200,OUTFLOW,-8289.466852806567,8.759731917,72613.50736544322
2024-03-27,Top 201-300,INFLOW,4770.737997458047,8.759731917,41790.38590397792
2024-03-27,Top 301-500,OUTFLOW,-8128.250562542009,8.759731917,71201.29588207245
2024-03-27,Top 501-1000,INFLOW,2542.8669897592954,8.759731917,22274.83313088021
2024-03-28,Top 1-100,OUTFLOW,-14383.519944739994,8.422144958,121140.08998088438
2024-03-28,Top 101-200,INFLOW,123902.58608145453,8.422144958,1043525.5406490833
2024-03-28,Top 201-300,OUTFLOW,-1396.7178669822024,8.422144958,11763.360341152671
2024-03-28,Top 301-500,OUTFLOW,-15794.664897424642,8.422144958,133024.95732914456
2024-03-28,Top 501-1000,INFLOW,4376.637176576656,8.422144958,36860.67272970044
2024-03-29,Top 1-100,INFLOW,26677.183319170006,8.419867392,224618.34593948588
2024-03-29,Top 101-200,OUTFLOW,-84212.51095044607,8.419867392,709058.1749501039
2024-03-29,Top 201-300,INFLOW,40175.54721015469,8.419867392,338272.77991053805
2024-03-29,Top 301-500,INFLOW,15294.418033702415,8.419867392,128776.97168158773
2024-03-29,Top 501-1000,INFLOW,4815.510614110717,8.419867392,40545.96079558072
2024-03-30,Top 1-100,INFLOW,32868.875602780005,8.373280336,275220.309751188
2024-03-30,Top 101-200,OUTFLOW,-133935.34017557398,8.373280336,1121478.1501876044
2024-03-30,Top 201-300,INFLOW,35372.820338877136,8.373280336,296186.5409723808
2024-03-30,Top 301-500,OUTFLOW,-3976.909309106193,8.373280336,33299.776515994236
2024-03-30,Top 501-1000,INFLOW,443.2875487345318,8.373280336,3711.770915012497
2024-03-31,Top 1-100,INFLOW,3413.6317864999983,8.124036136,27732.467988524226
2024-03-31,Top 101-200,OUTFLOW,-50544.611052057124,8.124036136,410626.24666697707
2024-03-31,Top 201-300,OUTFLOW,-15063.172146698736,8.124036136,122373.75484256924
2024-03-31,Top 301-500,INFLOW,14270.334500884317,8.124036136,115932.71315799173
2024-03-31,Top 501-1000,INFLOW,10226.802525689955,8.124036136,83082.91327444126
2024-04-01,Top 1-100,INFLOW,124799.96215990998,8.220159129,1025875.5482476386
2024-04-01,Top 101-200,OUTFLOW,-97103.35549648898,8.220159129,798205.0341409963
2024-04-01,Top 201-300,INFLOW,47908.73807607585,8.220159129,393817.45065492485
2024-04-01,Top 301-500,OUTFLOW,-4860.215524321211,8.220159129,39951.74501115653
2024-04-01,Top 501-1000,INFLOW,24762.878317425195,8.220159129,203554.8002612989
2024-04-02,Top 1-100,OUTFLOW,-941020.13369713,7.691483974,7237841.277542813
2024-04-02,Top 101-200,INFLOW,979290.0176815328,7.691483974,7532193.476895685
2024-04-02,Top 201-300,INFLOW,30742.14101014047,7.691483974,236452.68490594358
2024-04-02,Top 301-500,INFLOW,11449.513590771392,7.691483974,88063.75029351335
2024-04-02,Top 501-1000,OUTFLOW,-13403.104702268078,7.691483974,103089.76501933896
2024-04-03,Top 1-100,INFLOW,89087.64123638,6.84278757,609607.8040929205
2024-04-03,Top 101-200,INFLOW,50570.395855915325,6.84278757,346042.4761728369
2024-04-03,Top 201-300,INFLOW,30879.64669482746,6.84278757,211302.86256935692
2024-04-03,Top 301-500,INFLOW,62.19777098139275,6.84278757,425.60613415318096
2024-04-03,Top 501-1000,INFLOW,13185.690148331845,6.84278757,90226.8766488766
2024-04-04,Top 1-100,INFLOW,252260.67221521,6.774906125,1709042.3732874438
2024-04-04,Top 101-200,OUTFLOW,-215166.16844727358,6.774906125,1457730.5925062157
2024-04-04,Top 201-300,INFLOW,10317.87208322302,6.774906125,69902.61477359415
2024-04-04,Top 301-500,INFLOW,2027.5315836220707,6.774906125,13736.336144512117
2024-04-04,Top 501-1000,INFLOW,3720.8883270169244,6.774906125,25208.669117147965
2024-04-05,Top 1-100,INFLOW,92458.84997963,6.86602532,634824.8050182211
2024-04-05,Top 101-200,OUTFLOW,-111706.23903325494,6.86602532,766977.8656043008
2024-04-05,Top 201-300,INFLOW,3956.7253466589855,6.86602532,27166.976414446373
2024-04-05,Top 301-500,INFLOW,1255.2207687500577,6.86602532,8618.377580427761
2024-04-05,Top 501-1000,OUTFLOW,-3805.6507571027687,6.86602532,26129.69445734478
2024-04-06,Top 1-100,INFLOW,72742.10758839,6.876290942,500195.89551203564
2024-04-06,Top 101-200,OUTFLOW,-49001.11041715655,6.876290942,336945.89170943544
2024-04-06,Top 201-300,OUTFLOW,-21647.880641465257,6.876290942,148857.1255684047
2024-04-06,Top 301-500,OUTFLOW,-8105.261049797935,6.876290942,55734.13313927095
2024-04-06,Top 501-1000,INFLOW,4329.650287616522,6.876290942,29771.935054765185
2024-04-07,Top 1-100,INFLOW,62810.43702075,6.983603042,438643.15904745914
2024-04-07,Top 101-200,OUTFLOW,-66964.18598261179,6.983603042,467651.29293322144
2024-04-07,Top 201-300,INFLOW,12444.85716592041,6.983603042,86909.94236117728
2024-04-07,Top 301-500,INFLOW,1860.7897866027797,6.983603042,12995.017214241703
2024-04-07,Top 501-1000,INFLOW,4619.926676223866,6.983603042,32263.73398989394
2024-04-08,Top 1-100,OUTFLOW,-28621.40461972,7.199620986,206063.26534893346
2024-04-08,Top 101-200,INFLOW,65655.8620268426,7.199620986,472697.3221023765
2024-04-08,Top 201-300,INFLOW,31740.755484412857,7.199620986,228521.4092970734
2024-04-08,Top 301-500,INFLOW,12059.897589186883,7.199620986,86826.6917721207
2024-04-08,Top 501-1000,INFLOW,4714.43972222447,7.199620986,33942.1791613593
2024-04-09,Top 1-100,INFLOW,403692.69789834,7.310644557,2951253.8245911445
2024-04-09,Top 101-200,OUTFLOW,-195183.53153589563,7.310644557,1426917.4224389333
2024-04-09,Top 201-300,INFLOW,2816.660615275032,7.310644557,20591.60459597668
2024-04-09,Top 301-500,OUTFLOW,-10507.371006096566,7.310644557,76815.65465409948
2024-04-09,Top 501-1000,OUTFLOW,-9540.160209897283,7.310644557,69744.72031139355
2024-04-10,Top 1-100,OUTFLOW,-160431.48140113996,6.668295394,1069804.5084798182
2024-04-10,Top 101-200,INFLOW,170280.8265043524,6.668295394,1135482.8510654862
2024-04-10,Top 201-300,INFLOW,31759.041447008603,6.668295394,211778.66979894257
2024-04-10,Top 301-500,OUTFLOW,-3758.4967952588604,6.668295394,25062.76686818842
2024-04-10,Top 501-1000,OUTFLOW,-6820.393874198273,6.668295394,45480.40105658216
2024-04-11,Top 1-100,INFLOW,802613.2672277,6.563751985,5268154.425953151
2024-04-11,Top 101-200,OUTFLOW,-675865.5889717673,6.563751985,4436214.101206631
2024-04-11,Top 201-300,INFLOW,28219.36363678101,6.563751985,185224.90408635818
2024-04-11,Top 301-500,INFLOW,32457.07351038248,6.563751985,213040.1806810639
2024-04-11,Top 501-1000,OUTFLOW,-761.5158394362643,6.563751985,4998.401102708721
2024-04-12,Top 1-100,INFLOW,21993.315356050007,6.372829576,140159.65057533045
2024-04-12,Top 101-200,INFLOW,12692.045319135737,6.372829576,80884.24178972059
2024-04-12,Top 201-300,INFLOW,18914.23200741139,6.372829576,120537.17714415715
2024-04-12,Top 301-500,INFLOW,33252.53304923589,6.372829576,211912.72609308796
2024-04-12,Top 501-1000,INFLOW,14169.514903547775,6.372829576,90299.90365490205
2024-04-13,Top 1-100,OUTFLOW,-2810436.2153417,5.497312064,15449844.911700428
2024-04-13,Top 101-200,INFLOW,682773.1094564265,5.497312064,3753416.8515896057
2024-04-13,Top 201-300,INFLOW,141522.26949333973,5.497312064,777992.0794103957
2024-04-13,Top 301-500,INFLOW,37809.25476689902,5.497312064,207849.2723609235
2024-04-13,Top 501-1000,INFLOW,21428.964170331274,5.497312064,117801.70325258587
2024-04-14,Top 1-100,OUTFLOW,-121712.42670999002,4.442263475,540678.667627403
2024-04-14,Top 101-200,INFLOW,221489.16438975,4.442263475,983913.225076857
2024-04-14,Top 201-300,OUTFLOW,-38917.68059937326,4.442263475,172882.59105831195
2024-04-14,Top 301-500,INFLOW,13098.94319847498,4.442263475,58188.95693168508
2024-04-14,Top 501-1000,INFLOW,19296.826227470614,4.442263475,85721.58633371475
2024-04-15,Top 1-100,OUTFLOW,-20150.979605469984,5.153006359,103838.12604706614
2024-04-15,Top 101-200,OUTFLOW,-266802.31460079795,5.153006359,1374834.0237338303
2024-04-15,Top 201-300,OUTFLOW,-2565.0826080405022,5.153006359,13217.886990593013
2024-04-15,Top 301-500,INFLOW,28487.133906082796,5.153006359,146794.38216772914
2024-04-15,Top 501-1000,INFLOW,25063.91021605278,5.153006359,129154.48872472504
2024-04-16,Top 1-100,INFLOW,261695.1377161,4.7791965,1250692.4862398033
2024-04-16,Top 101-200,INFLOW,253104.8949487322,4.7791965,1209638.0280718487
2024-04-16,Top 201-300,OUTFLOW,-2384.181215336088,4.7791965,11394.470519699978
2024-04-16,Top 301-500,INFLOW,3972.6115464700797,4.7791965,18985.891198749392
2024-04-16,Top 501-1000,INFLOW,515.7516769606082,4.7791965,2464.8786093992694
2024-04-17,Top 1-100,INFLOW,1023170.1476808898,5.10992505,5228322.768046779
2024-04-17,Top 101-200,OUTFLOW,-150300.3409429894,5.10992505,768023.4772081221
2024-04-17,Top 201-300,OUTFLOW,-34721.84709516851,5.10992505,177426.0362538713
2024-04-17,Top 301-500,INFLOW,21489.568433004424,5.10992505,109810.08404949856
2024-04-17,Top 501-1000,INFLOW,6968.171914609997,5.10992505,35606.83621917209
2024-04-18,Top 1-100,INFLOW,124629.32869968998,4.732801823,589845.914069159
2024-04-18,Top 101-200,INFLOW,79269.94559969685,4.732801823,375168.94304335606
2024-04-18,Top 201-300,INFLOW,22696.281073989234,4.732801823,107417.00044229664
2024-04-18,Top 301-500,INFLOW,4380.451175708069,4.732801823,20731.80730995364
2024-04-18,Top 501-1000,INFLOW,12986.354889507751,4.732801823,61461.84409518725
2024-04-19,Top 1-100,OUTFLOW,-25948.68398320998,4.990893257,129507.11191982658
2024-04-19,Top 101-200,INFLOW,13602.708423267526,4.990893257,67889.665746623
2024-04-19,Top 201-300,OUTFLOW,-47667.2566577503,4.990893257,237902.18983285432
2024-04-19,Top 301-500,INFLOW,2844.4034671905283,4.990893257,14196.114084588628
2024-04-19,Top 501-1000,INFLOW,38315.6480688977,4.990893257,191229.3095846466
2024-04-20,Top 1-100,INFLOW,175073.72632748,4.944069845,865576.7309874763
2024-04-20,Top 101-200,INFLOW,245765.1869511964,4.944069845,1215080.2497561974
2024-04-20,Top 201-300,INFLOW,69073.4083757627,4.944069845,341503.75544197875
2024-04-20,Top 301-500,INFLOW,15558.600387220711,4.944069845,76922.80700486324
2024-04-20,Top 501-1000,OUTFLOW,-4273.100817224036,4.944069845,21126.508895082214
2024-04-21,Top 1-100,INFLOW,165512.91878829,5.614360416,929249.1795815981
2024-04-21,Top 101-200,OUTFLOW,-37929.68541555864,5.614360416,212950.92438844495
2024-04-21,Top 201-300,INFLOW,1685.5576901150635,5.614360416,9463.328374266408
2024-04-21,Top 301-500,INFLOW,12709.798653647838,5.614360416,71357.39045637051
2024-04-21,Top 501-1000,OUTFLOW,-2619.2264479603236,5.614360416,14705.281289968725
2024-04-22,Top 1-100,OUTFLOW,-53137.326911600016,5.52953927,293824.9358605201
2024-04-22,Top 101-200,OUTFLOW,-37848.886698082875,5.52953927,209286.9053228299
2024-04-22,Top 201-300,INFLOW,9751.197061343715,5.52953927,53919.62708020867
2024-04-22,Top 301-500,OUTFLOW,-11748.01315385475,5.52953927,64961.100078716394
2024-04-22,Top 501-1000,INFLOW,6471.3120980565545,5.52953927,35783.374374629806
2024-04-23,Top 1-100,INFLOW,21140.408316839952,5.601042111,118408.3172263552
2024-04-23,Top 101-200,INFLOW,175306.87843867176,5.601042111,981901.2084829585
2024-04-23,Top 201-300,INFLOW,2251.5223775579616,5.601042111,12610.871650560985
2024-04-23,Top 301-500,INFLOW,3159.788670953414,5.601042111,17698.109407870794
2024-04-23,Top 501-1000,INFLOW,2583.6425028439535,5.601042111,14471.090458198421
2024-04-24,Top 1-100,OUTFLOW,-292037.71524809994,5.407493966,1579192.1830485265
2024-04-24,Top 101-200,INFLOW,599315.2025845207,5.407493966,3240793.341707863
2024-04-24,Top 201-300,INFLOW,88978.01545437335,5.407493966,481148.0816761786
2024-04-24,Top 301-500,INFLOW,4400.224113035751,5.407493966,23794.18534028852
2024-04-24,Top 501-1000,INFLOW,14778.936835011895,5.407493966,79917.01175922195
2024-04-25,Top 1-100,OUTFLOW,-15987.237430699985,4.931492642,78840.94375540396
2024-04-25,Top 101-200,OUTFLOW,-88689.49100628766,4.931492642,437371.5723202328
2024-04-25,Top 201-300,INFLOW,54726.36406911901,4.931492642,269882.66173027357
2024-04-25,Top 301-500,INFLOW,10257.931257198634,4.931492642,50586.91251701688
2024-04-25,Top 501-1000,INFLOW,17691.06605031728,4.931492642,87243.36205627567
2024-04-26,Top 1-100,OUTFLOW,-307266.85272383003,4.873471707,1497456.3132485216
2024-04-26,Top 101-200,INFLOW,389772.8731472606,4.873471707,1899547.0694392745
2024-04-26,Top 201-300,OUTFLOW,-30077.978000538977,4.873471707,146584.17478939513
2024-04-26,Top 301-500,INFLOW,29941.227473952695,4.873471707,145917.72496715953
2024-04-26,Top 501-1000,INFLOW,9388.948312479395,4.873471707,45756.773959353726
2024-04-27,Top 1-100,OUTFLOW,-19029.574207019992,4.697316873,89387.94000864061
2024-04-27,Top 101-200,INFLOW,142208.4775612864,4.697316873,667998.2811322724
2024-04-27,Top 201-300,INFLOW,33463.91059521472,4.697316873,157190.5918754656
2024-04-27,Top 301-500,INFLOW,3532.5929877853905,4.697316873,16593.7086469658
2024-04-27,Top 501-1000,INFLOW,4920.984476539114,4.697316873,23115.423413418255
2024-04-28,Top 1-100,OUTFLOW,-50128.23481703001,4.884422706,244847.48835200112
2024-04-28,Top 101-200,INFLOW,88272.40745196673,4.884422706,431159.75127166987
2024-04-28,Top 201-300,OUTFLOW,-16186.809361204912,4.884422706,79063.21918156263
2024-04-28,Top 301-500,INFLOW,12981.625110004334,4.884422706,63407.74444808491
2024-04-28,Top 501-1000,INFLOW,7217.157767142027,4.884422706,35251.649270612776
2024-04-29,Top 1-100,INFLOW,217762.31497603998,4.70600948,1024791.5186639901
2024-04-29,Top 101-200,OUTFLOW,-44440.3406316092,4.70600948,209136.66430678207
2024-04-29,Top 201-300,OUTFLOW,-11667.401703937934,4.70600948,54906.90302570007
2024-04-29,Top 301-500,INFLOW,20391.9180233246,4.70600948,95964.55953314842
2024-04-29,Top 501-1000,INFLOW,2426.535209267233,4.70600948,11419.29769836538
2024-04-30,Top 1-100,INFLOW,10200.514513909991,4.736658965,48316.35851992438
2024-04-30,Top 101-200,OUTFLOW,-105354.46006296891,4.736658965,499028.1477599962
2024-04-30,Top 201-300,INFLOW,35974.53307841683,4.736658965,170399.09461757215
2024-04-30,Top 301-500,INFLOW,54232.23494698184,4.736658965,256879.60185360783
2024-04-30,Top 501-1000,INFLOW,4695.94933761982,4.736658965,22243.110529222733
2024-05-01,Top 1-100,INFLOW,327944.56387059996,4.54424588,1490260.7332373708
2024-05-01,Top 101-200,OUTFLOW,-1559.8473256800207,4.54424588,7088.329783150452
2024-05-01,Top 201-300,INFLOW,17985.438109875297,4.54424588,81730.25303079581
2024-05-01,Top 301-500,OUTFLOW,-25041.14731749597,4.54424588,113793.13052800411
2024-05-01,Top 501-1000,INFLOW,16786.27589001632,4.54424588,76280.96505375
2024-05-02,Top 1-100,INFLOW,201612.85251270002,4.644646006,936420.3301813792
2024-05-02,Top 101-200,INFLOW,111219.26828707001,4.644646006,516574.1302397822
2024-05-02,Top 201-300,INFLOW,3706.280700829353,4.644646006,17214.361854221937
2024-05-02,Top 301-500,OUTFLOW,-3352.266806753276,4.644646006,15570.092635032977
2024-05-02,Top 501-1000,INFLOW,241.7843911100881,4.644646006,1123.0029064826126
2024-05-03,Top 1-100,INFLOW,142365.0442981,4.61553764,657091.2205781479
2024-05-03,Top 101-200,INFLOW,331616.9482040761,4.61553764,1530590.5064978437
2024-05-03,Top 201-300,OUTFLOW,-17523.961384248527,4.61553764,80882.50337090559
2024-05-03,Top 301-500,INFLOW,7328.6064146500685,4.61553764,33825.45875556284
2024-05-03,Top 501-1000,INFLOW,17135.29724675152,4.61553764,79088.60941497002
2024-05-04,Top 1-100,INFLOW,50434.10108153999,5.125625437,258506.3113957706
2024-05-04,Top 101-200,INFLOW,634839.6115258395,5.125625437,3253950.0612520417
2024-05-04,Top 201-300,INFLOW,18748.593115619475,5.125625437,96098.26578138226
2024-05-04,Top 301-500,INFLOW,5736.246346708478,5.125625437,29401.850187587297
2024-05-04,Top 501-1000,INFLOW,13901.572774054845,5.125625437,71254.25502500216
2024-05-05,Top 1-100,INFLOW,12042.89195482,5.080992131,61189.83925692363
2024-05-05,Top 101-200,INFLOW,156649.6990391868,5.080992131,795935.8881416264
2024-05-05,Top 201-300,INFLOW,3814.3245028471592,5.080992131,19380.552784046904
2024-05-05,Top 301-500,OUTFLOW,-4524.657021558924,5.080992131,22989.74672201479
2024-05-05,Top 501-1000,INFLOW,2711.8366332193655,5.080992131,13778.82059394513
2024-05-06,Top 1-100,INFLOW,159334.60250488002,5.731764534,913268.4236764589
2024-05-06,Top 101-200,OUTFLOW,-199131.96622668533,5.731764534,1141377.5416038008
2024-05-06,Top 201-300,INFLOW,5383.819917589637,5.731764534,30858.788061083083
2024-05-06,Top 301-500,INFLOW,24643.273071715274,5.731764534,141249.43859413484
2024-05-06,Top 501-1000,INFLOW,31068.01763507693,5.731764534,178074.5616224205
2024-05-07,Top 1-100,OUTFLOW,-9315.231707050007,6.012378653,56006.70026321621
2024-05-07,Top 101-200,INFLOW,574249.5035344623,6.012378653,3452605.456546449
2024-05-07,Top 201-300,OUTFLOW,-15370.971644283662,6.012378653,92416.1017899594
2024-05-07,Top 301-500,INFLOW,25397.186098119426,6.012378653,152697.4995426016
2024-05-07,Top 501-1000,INFLOW,10095.380373593633,6.012378653,60697.24945210952
2024-05-08,Top 1-100,OUTFLOW,-118948.76154321001,5.916311828,703737.964844045
2024-05-08,Top 101-200,INFLOW,4485.78067676333,5.916311828,26539.277275748736
2024-05-08,Top 201-300,INFLOW,56995.20567703098,5.916311828,337201.40948631114
2024-05-08,Top 301-500,INFLOW,4814.293596415624,5.916311828,28482.862147938416
2024-05-08,Top 501-1000,OUTFLOW,-1618.2775477151527,5.916311828,9574.234596533992
2024-05-09,Top 1-100,INFLOW,317886.57554662996,5.365118026,1705498.9966886353
2024-05-09,Top 101-200,INFLOW,394728.4134304466,5.365118026,2117764.5262700696
2024-05-09,Top 201-300,INFLOW,25661.557831695543,5.365118026,137677.28649807125
2024-05-09,Top 301-500,OUTFLOW,-6219.893016471353,5.365118026,33370.46014246197
2024-05-09,Top 501-1000,INFLOW,9858.523469851732,5.365118026,52892.1419778456
2024-05-10,Top 1-100,INFLOW,220193.20071519,5.645414706,1243081.9334787435
2024-05-10,Top 101-200,OUTFLOW,-195635.91590113362,5.645414706,1104445.876650039
2024-05-10,Top 201-300,INFLOW,33090.932588465,5.645414706,186812.03747017498
2024-05-10,Top 301-500,OUTFLOW,-8286.919999077429,5.645414706,46783.10003023723
2024-05-10,Top 501-1000,INFLOW,3406.9542577251414,5.645414706,19233.66966923083
2024-05-11,Top 1-100,INFLOW,39400.003252730006,5.45398696,214887.10396434704
2024-05-11,Top 101-200,INFLOW,371450.5864921509,5.45398696,2025886.655012543
2024-05-11,Top 201-300,OUTFLOW,-15898.322244604913,5.45398696,86709.24220795312
2024-05-11,Top 301-500,OUTFLOW,-1774.5340744881032,5.45398696,9678.285702333784
2024-05-11,Top 501-1000,INFLOW,297.84219117179873,5.45398696,1624.4274267888175
2024-05-12,Top 1-100,INFLOW,16179.194414900001,5.763568534,93249.89583518618
2024-05-12,Top 101-200,OUTFLOW,-34618.346067578546,5.763568534,199525.21009421835
2024-05-12,Top 201-300,OUTFLOW,-177.35904011870662,5.763568534,1022.2209828486211
2024-05-12,Top 301-500,INFLOW,8868.022902192815,5.763568534,51111.45775786987
2024-05-12,Top 501-1000,INFLOW,2934.254338739005,5.763568534,16911.775977509107
2024-05-13,Top 1-100,OUTFLOW,-176721.47421577998,5.956487034,1052639.169795659
2024-05-13,Top 101-200,OUTFLOW,-319175.69148525805,5.956487034,1901165.8678999238
2024-05-13,Top 201-300,INFLOW,920.1945945762127,5.956487034,5481.127171350098
2024-05-13,Top 301-500,INFLOW,8697.674423443295,5.956487034,51807.584929193414
2024-05-13,Top 501-1000,INFLOW,23849.560470812517,5.956487034,142059.5977109937
2024-05-14,Top 1-100,OUTFLOW,-48171.42256993987,5.645355764,271944.8180652897
2024-05-14,Top 101-200,OUTFLOW,-98085.16467413818,5.645355764,553725.6497560352
2024-05-14,Top 201-300,OUTFLOW,-38611.17179477583,5.645355764,217973.80124643195
2024-05-14,Top 301-500,INFLOW,729.5996081554913,5.645355764,4118.849353312744
2024-05-14,Top 501-1000,OUTFLOW,-8403.75419735998,5.645355764,47442.18219730535
2024-05-15,Top 1-100,INFLOW,95734.66534078002,4.763493705,456031.4757010873
2024-05-15,Top 101-200,OUTFLOW,-107168.92831834021,4.763493705,510498.5154160099
2024-05-15,Top 201-300,INFLOW,60786.26904848355,4.763493705,289555.00996288774
2024-05-15,Top 301-500,OUTFLOW,-8356.64800306849,4.763493705,39806.840157517574
2024-05-15,Top 501-1000,INFLOW,5753.7253615988775,4.763493705,27407.834540275104
2024-05-16,Top 1-100,INFLOW,269220.48116832995,5.082686048,1368363.1834701174
2024-05-16,Top 101-200,INFLOW,242356.29920302215,5.082686048,1231820.9806041142
2024-05-16,Top 201-300,OUTFLOW,-92375.23425656022,5.082686048,469514.3143365503
2024-05-16,Top 301-500,OUTFLOW,-526.1907878014681,5.082686048,2674.4625757446506
2024-05-16,Top 501-1000,OUTFLOW,-14943.046072351059,5.082686048,75950.81178655993
2024-05-17,Top 1-100,OUTFLOW,-29790.545538300008,4.848230021,144431.4172207537
2024-05-17,Top 101-200,OUTFLOW,-209172.73629611766,4.848230021,1014117.539685554
2024-05-17,Top 201-300,OUTFLOW,-40118.36646328185,4.848230021,194503.06868076263
2024-05-17,Top 301-500,OUTFLOW,-15018.904393656849,4.848230021,72815.10316385594
2024-05-17,Top 501-1000,INFLOW,11808.943525492963,4.848230021,57252.47451658856
2024-05-18,Top 1-100,INFLOW,93731.14278945,4.914972503,460685.9894849135
2024-05-18,Top 101-200,OUTFLOW,-77074.48099228837,4.914972503,378818.95476009353
2024-05-18,Top 201-300,OUTFLOW,-22380.46091376129,4.914972503,109999.349995603
2024-05-18,Top 301-500,INFLOW,2331.2484277084513,4.914972503,11458.021919849023
2024-05-18,Top 501-1000,OUTFLOW,-4246.314738102785,4.914972503,20870.520176858834
2024-05-19,Top 1-100,OUTFLOW,-89516.62056827,4.974197726,445273.37046989345
2024-05-19,Top 101-200,INFLOW,53958.06187460721,4.974197726,268398.06867603847
2024-05-19,Top 201-300,OUTFLOW,-34906.071211976974,4.974197726,173629.70004620994
2024-05-19,Top 301-500,INFLOW,23821.557920117586,4.974197726,118493.13923602618
2024-05-19,Top 501-1000,OUTFLOW,-5696.972920972426,4.974197726,28337.86974858462
2024-05-20,Top 1-100,INFLOW,68174.23840304,4.698566,320321.158636418
2024-05-20,Top 101-200,OUTFLOW,-5620.067488854518,4.698566,26406.258020837216
2024-05-20,Top 201-300,INFLOW,128083.84047016402,4.698566,601810.3779825367
2024-05-20,Top 301-500,INFLOW,61227.8809168629,4.698566,287683.23952802084
2024-05-20,Top 501-1000,INFLOW,5037.433167049603,4.698566,23668.712205971584
2024-05-21,Top 1-100,INFLOW,42064.92606678002,5.06740062,213159.83243105523
2024-05-21,Top 101-200,INFLOW,398889.2422319355,5.06740062,2021331.5933974402
2024-05-21,Top 201-300,INFLOW,16410.897807874295,5.06740062,83160.59372637884
2024-05-21,Top 301-500,OUTFLOW,-13476.42308507946,5.06740062,68290.43469671396
2024-05-21,Top 501-1000,INFLOW,18386.012622122355,5.06740062,93169.29176067065
2024-05-22,Top 1-100,INFLOW,373665.60827156005,5.101643612,1906308.7634626988
2024-05-22,Top 101-200,INFLOW,97573.12347003544,5.101643612,497783.30205379357
2024-05-22,Top 201-300,OUTFLOW,-5750.405999830875,5.101643612,29336.522035443657
2024-05-22,Top 301-500,INFLOW,13386.280224814582,5.101643612,68292.03099736724
2024-05-22,Top 501-1000,OUTFLOW,-7430.305713576767,5.101643612,37906.771678876015
2024-05-23,Top 1-100,INFLOW,453122.19597056,4.968785897,2251467.176956189
2024-05-23,Top 101-200,INFLOW,361998.11462976015,4.968785897,1798691.1267129416
2024-05-23,Top 201-300,INFLOW,67817.38912672219,4.968785897,336970.0866642184
2024-05-23,Top 301-500,INFLOW,37203.41072756091,4.968785897,184855.78254340318
2024-05-23,Top 501-1000,INFLOW,28768.902994530967,4.968785897,142946.51947138653
2024-05-24,Top 1-100,INFLOW,481544.7649034899,4.691295432,2259068.7558952565
2024-05-24,Top 101-200,INFLOW,74749.24657609581,4.691295432,350670.79900788
2024-05-24,Top 201-300,OUTFLOW,-57804.190896245374,4.691295432,271176.53670201194
2024-05-24,Top 301-500,INFLOW,6615.532605703709,4.691295432,31035.41789338487
2024-05-24,Top 501-1000,INFLOW,11707.005699840394,4.691295432,54921.02236205921
2024-05-25,Top 1-100,INFLOW,132360.79365712,4.587056181,607146.3966669579
2024-05-25,Top 101-200,OUTFLOW,-21322.848917073046,4.587056181,97809.10592158909
2024-05-25,Top 201-300,OUTFLOW,-14862.124841128112,4.587056181,68173.40161529035
2024-05-25,Top 301-500,INFLOW,15142.497135702557,4.587056181,69459.48508209921
2024-05-25,Top 501-1000,INFLOW,15299.38341281037,4.587056181,70179.13124922069
2024-05-26,Top 1-100,INFLOW,14974.44838003,4.702941068,70423.94825708917
2024-05-26,Top 101-200,OUTFLOW,-102430.74125825099,4.702941068,481725.7396891106
2024-05-26,Top 201-300,INFLOW,38706.39187963029,4.702941068,182033.87996481502
2024-05-26,Top 301-500,OUTFLOW,-15509.794553405343,4.702941068,72941.64976145272
2024-05-26,Top 501-1000,INFLOW,102.41088793940798,4.702941068,481.6323707005877
2024-05-27,Top 1-100,OUTFLOW,-20496.068150960004,4.53522507,92954.28211466236
2024-05-27,Top 101-200,INFLOW,205057.9585824074,4.53522507,929983.9945659557
2024-05-27,Top 201-300,INFLOW,10627.49674584034,4.53522507,48198.08967307853
2024-05-27,Top 301-500,INFLOW,33594.850558859296,4.53522507,152360.20847744218
2024-05-27,Top 501-1000,INFLOW,14360.868423592387,4.53522507,65129.770501647574
2024-05-28,Top 1-100,OUTFLOW,-296785.95126341,4.810685849,1427743.9759248903
2024-05-28,Top 101-200,INFLOW,748751.361726054,4.810685849,3602007.5802750085
2024-05-28,Top 201-300,INFLOW,9703.876606642632,4.810685849,46682.30187201785
2024-05-28,Top 301-500,INFLOW,40635.60640418107,4.810685849,195485.13669412766
2024-05-28,Top 501-1000,INFLOW,11360.565336367723,4.810685849,54652.110900304135
2024-05-29,Top 1-100,INFLOW,289977.38291300996,4.663724839,1352374.723439619
2024-05-29,Top 101-200,INFLOW,327206.35375725804,4.663724839,1526000.3994963453
2024-05-29,Top 201-300,INFLOW,1593.3433383199463,4.663724839,7430.914903977915
2024-05-29,Top 301-500,OUTFLOW,-8535.638891423288,4.663724839,39807.87111466522
2024-05-29,Top 501-1000,OUTFLOW,-8071.57900829561,4.663724839,37643.62351093923
2024-05-30,Top 1-100,INFLOW,349850.47402966995,4.92847057,1724227.7651557776
2024-05-30,Top 101-200,INFLOW,565259.108959621,4.92847057,2785862.8829319156
2024-05-30,Top 201-300,INFLOW,83643.30310785868,4.92847057,412233.557744671
2024-05-30,Top 301-500,INFLOW,17858.06086743523,4.92847057,88012.9274224232
2024-05-30,Top 501-1000,INFLOW,2794.8988600746998,4.92847057,13774.576778004706
2024-05-31,Top 1-100,OUTFLOW,-91432.41829801007,4.93916713,451599.99507394194
2024-05-31,Top 101-200,INFLOW,710312.3610248889,4.93916713,3508351.465606825
2024-05-31,Top 201-300,OUTFLOW,-8617.937003599,4.93916713,42565.43117658688
2024-05-31,Top 301-500,INFLOW,22130.308408751058,4.93916713,109305.29186926584
2024-05-31,Top 501-1000,INFLOW,7215.995612088862,4.93916713,35641.00833745354
2024-06-01,Top 1-100,INFLOW,754400.34514758,4.846968748,3656554.896410734
2024-06-01,Top 101-200,OUTFLOW,-478710.84334488487,4.846968748,2320296.497021381
2024-06-01,Top 201-300,INFLOW,13311.965438194828,4.846968748,64522.680453386456
2024-06-01,Top 301-500,INFLOW,18090.21857581559,4.846968748,87682.72408146724
2024-06-01,Top 501-1000,OUTFLOW,-1827.9115671365034,4.846968748,8859.830240018337
2024-06-02,Top 1-100,OUTFLOW,-26048.28953594,4.789462955,124757.31777349877
2024-06-02,Top 101-200,OUTFLOW,-66364.75635338179,4.789462955,317851.542072123
2024-06-02,Top 201-300,OUTFLOW,-63563.37991868149,4.789462955,304434.4534151159
2024-06-02,Top 301-500,OUTFLOW,-19448.501382173505,4.789462955,93147.87690018631
2024-06-02,Top 501-1000,INFLOW,1401.8676854490059,4.789462955,6714.193347269606
2024-06-03,Top 1-100,INFLOW,61580.960790610014,4.681719191,288304.7659336174
2024-06-03,Top 101-200,INFLOW,31264.42680518137,4.681719191,146371.26696943244
2024-06-03,Top 201-300,INFLOW,823.0348239345913,4.681719191,3853.217930075882
2024-06-03,Top 301-500,INFLOW,3417.3596119347712,4.681719191,15999.118077743331
2024-06-03,Top 501-1000,INFLOW,5775.612486926713,4.681719191,27039.79581982403
2024-06-04,Top 1-100,INFLOW,1053477.02756095,4.808389342,5065527.711365912
2024-06-04,Top 101-200,INFLOW,25500.576932846016,4.808389342,122616.70233874783
2024-06-04,Top 201-300,OUTFLOW,-32993.129635978476,4.808389342,158643.81290086324
2024-06-04,Top 301-500,INFLOW,8647.913742470904,4.808389342,41582.536269832424
2024-06-04,Top 501-1000,INFLOW,3985.198066028328,4.808389342,19162.383906449624
2024-06-05,Top 1-100,INFLOW,176497.0040628,4.827262217,851997.31912605
2024-06-05,Top 101-200,INFLOW,746022.2413972319,4.827262217,3601244.978938511
2024-06-05,Top 201-300,OUTFLOW,-3460.318468428399,4.827262217,16703.864601431716
2024-06-05,Top 301-500,INFLOW,21396.349974799938,4.827262217,103285.79181506064
2024-06-05,Top 501-1000,INFLOW,13423.773091733776,4.827262217,64800.07265530773
2024-06-06,Top 1-100,INFLOW,164554.38511471,4.93569059,812189.5301539102
2024-06-06,Top 101-200,INFLOW,104909.08574150386,4.93569059,517798.7872998438
2024-06-06,Top 201-300,OUTFLOW,-6745.181862648438,4.93569059,33292.13064731257
2024-06-06,Top 301-500,OUTFLOW,-5826.759419894319,4.93569059,28759.08163896625
2024-06-06,Top 501-1000,INFLOW,13728.27955084914,4.93569059,67758.54019601553
2024-06-07,Top 1-100,INFLOW,133878.26211394998,4.810813094,644063.2963797547
2024-06-07,Top 101-200,INFLOW,389916.5382716792,4.810813094,1875815.5878845465
2024-06-07,Top 201-300,INFLOW,98472.21532781441,4.810813094,473731.4228942371
2024-06-07,Top 301-500,INFLOW,14080.740604642517,4.810813094,67739.8112740317
2024-06-07,Top 501-1000,INFLOW,6019.929653521134,4.810813094,28960.756402118357
2024-06-08,Top 1-100,INFLOW,530595.53904977,4.413766712,2341924.927793571
2024-06-08,Top 101-200,OUTFLOW,-428721.2084332694,4.413766712,1892275.3985111783
2024-06-08,Top 201-300,OUTFLOW,-59542.32969240826,4.413766712,262805.9527512808
2024-06-08,Top 301-500,OUTFLOW,-3761.566912137194,4.413766712,16602.678821751775
2024-06-08,Top 501-1000,INFLOW,10209.110386204044,4.413766712,45060.63158176087
2024-06-09,Top 1-100,INFLOW,164718.67400310998,4.255416512,700946.5651875794
2024-06-09,Top 101-200,OUTFLOW,-315092.3825344307,4.255416512,1340849.327442437
2024-06-09,Top 201-300,INFLOW,33152.43164478394,4.255416512,141077.4050341649
2024-06-09,Top 301-500,INFLOW,1522.6367103363518,4.255416512,6479.453398942673
2024-06-09,Top 501-1000,INFLOW,3137.7102130093463,4.255416512,13352.26385031101
2024-06-10,Top 1-100,OUTFLOW,-257932.88455949,4.238713227,1093303.5294605743
2024-06-10,Top 101-200,OUTFLOW,-515503.491790049,4.238713227,2185071.4692151668
2024-06-10,Top 201-300,OUTFLOW,-4958.142338724836,4.238713227,21016.143512501676
2024-06-10,Top 301-500,OUTFLOW,-9373.013475292559,4.238713227,39729.51619457181
2024-06-10,Top 501-1000,OUTFLOW,-6493.355351470396,4.238713227,27523.471215888803
2024-06-11,Top 1-100,OUTFLOW,-165908.40671184004,4.059850118,673563.2645662557
2024-06-11,Top 101-200,OUTFLOW,-158999.06279422663,4.059850118,645512.3638470303
2024-06-11,Top 201-300,INFLOW,57141.601679573876,4.059850118,231986.338321527
2024-06-11,Top 301-500,INFLOW,63608.52163376383,4.059850118,258241.06406064163
2024-06-11,Top 501-1000,OUTFLOW,-10201.613342379984,4.059850118,41417.021131851754
2024-06-12,Top 1-100,OUTFLOW,-284260.92849111,3.7907164,1077552.5635104778
2024-06-12,Top 101-200,INFLOW,305537.6675106207,3.7907164,1158206.647050257
2024-06-12,Top 201-300,INFLOW,98533.83982280201,3.7907164,373513.8425712687
2024-06-12,Top 301-500,INFLOW,27625.147129837405,3.7907164,104719.09827748759
2024-06-12,Top 501-1000,INFLOW,12086.26396120039,3.7907164,45815.59901245128
2024-06-13,Top 1-100,INFLOW,175338.92136443,3.868909231,678370.3714204263
2024-06-13,Top 101-200,INFLOW,724647.3597036762,3.868909231,2803594.85917733
2024-06-13,Top 201-300,INFLOW,37705.62433257855,3.868909231,145879.63804093134
2024-06-13,Top 301-500,INFLOW,13176.07214368345,3.868909231,50977.02714501886
2024-06-13,Top 501-1000,INFLOW,4591.133627042593,3.868909231,17762.679270419598
2024-06-14,Top 1-100,OUTFLOW,-48473.23359777998,3.634146549,176158.83459824297
2024-06-14,Top 101-200,OUTFLOW,-175808.60689384164,3.634146549,638914.2420277522
2024-06-14,Top 201-300,INFLOW,12271.394178237504,3.634146549,44596.04480426051
2024-06-14,Top 301-500,INFLOW,28785.605221344216,3.634146549,104611.10787602447
2024-06-14,Top 501-1000,INFLOW,29916.89049717968,3.634146549,108722.36435713642
2024-06-15,Top 1-100,OUTFLOW,-285991.96059851,3.428472064,980515.4474405802
2024-06-15,Top 101-200,OUTFLOW,-61844.59346332913,3.428472064,212032.46099846094
2024-06-15,Top 201-300,INFLOW,1018.6619476147098,3.428472064,3492.454030056864
2024-06-15,Top 301-500,INFLOW,14136.289593341306,3.428472064,48465.87395938459
2024-06-15,Top 501-1000,INFLOW,11172.886411413408,3.428472064,38305.928935776086
2024-06-16,Top 1-100,OUTFLOW,-4526.34757349,3.385408885,15323.537291891236
2024-06-16,Top 101-200,INFLOW,109575.72221974272,3.385408885,370958.6235830089
2024-06-16,Top 201-300,OUTFLOW,-14375.3229920823,3.385408885,48666.3461821402
2024-06-16,Top 301-500,INFLOW,4175.5322367097215,3.385408885,14135.883933761013
2024-06-16,Top 501-1000,INFLOW,8818.325886209695,3.385408885,29853.638805999803
2024-06-17,Top 1-100,INFLOW,195068.23279227994,3.453356422,673640.134441411
2024-06-17,Top 101-200,INFLOW,284797.04393669585,3.453356422,983505.7006454048
2024-06-17,Top 201-300,INFLOW,10856.805298672123,3.453356422,37492.41830057301
2024-06-17,Top 301-500,INFLOW,29518.13225332904,3.453356422,101936.63158247918
2024-06-17,Top 501-1000,INFLOW,4290.900236504243,3.453356422,14818.007887893249
2024-06-18,Top 1-100,OUTFLOW,-247405.74560965,3.032462532,750248.6537627871
2024-06-18,Top 101-200,INFLOW,194010.924520388,3.032462532,588330.8594067567
2024-06-18,Top 201-300,INFLOW,145385.47928608913,3.032462532,440876.0186319274
2024-06-18,Top 301-500,INFLOW,41676.323117410226,3.032462532,126381.88832507194
2024-06-18,Top 501-1000,INFLOW,39224.461264159356,3.032462532,118946.7091214486
2024-06-19,Top 1-100,OUTFLOW,-19863.33399185016,2.830119253,56215.603959104476
2024-06-19,Top 101-200,OUTFLOW,-329628.26649312046,2.830119253,932887.3033351949
2024-06-19,Top 201-300,OUTFLOW,-24599.40521649344,2.830119253,69619.25031554671
2024-06-19,Top 301-500,OUTFLOW,-19562.35196452323,2.830119253,55363.78892875956
2024-06-19,Top 501-1000,OUTFLOW,-476.84690096389386,2.830119253,1349.5335951513002
2024-06-20,Top 1-100,INFLOW,585755.01366864,2.783742859,1630591.3364235242
2024-06-20,Top 101-200,INFLOW,363812.25497926347,2.783742859,1012759.766815212
2024-06-20,Top 201-300,INFLOW,74687.9948654511,2.783742859,207912.17235972817
2024-06-20,Top 301-500,INFLOW,30992.114566168522,2.783742859,86274.07760888152
2024-06-20,Top 501-1000,INFLOW,34567.273172342066,2.783742859,96226.39984860951
2024-06-21,Top 1-100,OUTFLOW,-2048840.4918576202,3.034376871,6216954.2008610265
2024-06-21,Top 101-200,INFLOW,499743.9670347935,3.034376871,1516411.534992164
2024-06-21,Top 201-300,OUTFLOW,-13891.123159702864,3.034376871,42150.90282801481
2024-06-21,Top 301-500,INFLOW,13354.375097011534,3.034376871,40522.206921030185
2024-06-21,Top 501-1000,INFLOW,4320.003728092732,3.034376871,13108.519395158359
2024-06-22,Top 1-100,INFLOW,644.2053038900003,2.971440039,1914.2174333149094
2024-06-22,Top 101-200,OUTFLOW,-56261.204737993045,2.971440039,167176.79640084904
2024-06-22,Top 201-300,INFLOW,20632.22464,2.971440039,61307.418388938364
2024-06-22,Top 301-500,OUTFLOW,-6961.200242381473,2.971440039,20684.789119708814
2024-06-22,Top 501-1000,INFLOW,163.07119487163254,2.971440039,484.5562776491404
2024-06-23,Top 1-100,INFLOW,1718157.91671799,2.93648147,5045338.884976181
2024-06-23,Top 101-200,INFLOW,186532.6323146726,2.93648147,547749.6183423593
2024-06-23,Top 201-300,INFLOW,7687.633476169301,2.93648147,22574.593250922837
2024-06-23,Top 301-500,INFLOW,7257.505519811111,2.93648147,21311.530477348046
2024-06-23,Top 501-1000,OUTFLOW,-8152.677166051579,2.93648147,23940.185429002573
2024-06-24,Top 1-100,OUTFLOW,-408618.31605617993,2.815734504,1150560.691485763
2024-06-24,Top 101-200,INFLOW,95085.69073143275,2.815734504,267736.0602291682
2024-06-24,Top 201-300,INFLOW,40737.05939570286,2.815734504,114704.74373197793
2024-06-24,Top 301-500,OUTFLOW,-20661.02842053605,2.815734504,58175.97061182798
2024-06-24,Top 501-1000,INFLOW,51860.64150071937,2.815734504,146025.79767314988
2024-06-25,Top 1-100,INFLOW,30577.15178869,2.910129048,88983.45762537193
2024-06-25,Top 101-200,OUTFLOW,-822.2125504610012,2.910129048,2392.7446267267255
2024-06-25,Top 201-300,OUTFLOW,-20174.52903358615,2.910129048,58710.48297035842
2024-06-25,Top 301-500,INFLOW,33001.78537895686,2.910129048,96039.45426716405
2024-06-25,Top 501-1000,OUTFLOW,-28204.089739079034,2.910129048,82077.54082209263
2024-06-26,Top 1-100,OUTFLOW,-61937.723548220005,2.851181714,176595.7047874721
2024-06-26,Top 101-200,INFLOW,204131.80902373878,2.851181714,582016.8811342242
2024-06-26,Top 201-300,INFLOW,128914.57455645248,2.851181714,367558.87764344696
2024-06-26,Top 301-500,INFLOW,9562.930886714985,2.851181714,27265.65367644757
2024-06-26,Top 501-1000,INFLOW,6662.830064498559,2.851181714,18996.939243387733
2024-06-27,Top 1-100,INFLOW,301324.68004604,2.773846985,835828.5552517977
2024-06-27,Top 101-200,OUTFLOW,-449378.62831831386,2.773846985,1246507.5532841906
2024-06-27,Top 201-300,INFLOW,4105.477664384749,2.773846985,11387.966841338479
2024-06-27,Top 301-500,INFLOW,24608.28393540988,2.773846985,68259.61420026064
2024-06-27,Top 501-1000,INFLOW,8723.382708691259,2.773846985,24197.32882550438
2024-06-28,Top 1-100,INFLOW,104760.92083363,2.781016622,291341.8621743512
2024-06-28,Top 101-200,INFLOW,314698.4923816809,2.781016622,875181.7382317949
2024-06-28,Top 201-300,INFLOW,18585.891739782506,2.781016622,51687.67386302765
2024-06-28,Top 301-500,INFLOW,9537.364142324137,2.781016622,26523.5682098702
2024-06-28,Top 501-1000,INFLOW,2036.0325475276077,2.781016622,5662.240357607282
2024-06-29,Top 1-100,OUTFLOW,-6951.06791286,2.664949437,18524.244520925025
2024-06-29,Top 101-200,OUTFLOW,-194486.06772852165,2.664949437,518295.5366974677
2024-06-29,Top 201-300,INFLOW,77442.87403990833,2.664949437,206381.34357231564
2024-06-29,Top 301-500,OUTFLOW,-7957.757534901779,2.664949437,21207.021462419005
2024-06-29,Top 501-1000,INFLOW,3615.12460944958,2.664949437,9634.124292637503
2024-06-30,Top 1-100,OUTFLOW,-38646.81216329,2.557299574,98831.47628163954
2024-06-30,Top 101-200,OUTFLOW,-503584.3414734793,2.557299574,1287816.021923199
2024-06-30,Top 201-300,INFLOW,60652.256189356645,2.557299574,155105.9889151806
2024-06-30,Top 301-500,OUTFLOW,-4112.824263696995,2.557299574,10517.72373748919
2024-06-30,Top 501-1000,INFLOW,31509.700159342843,2.557299574,80579.74279435519
2024-07-01,Top 1-100,INFLOW,43166.55224234999,2.46172781,106264.30211681085
2024-07-01,Top 101-200,OUTFLOW,-247845.06271065428,2.46172781,610127.0834460116
2024-07-01,Top 201-300,OUTFLOW,-47458.60898800838,2.46172781,116830.1775696962
2024-07-01,Top 301-500,OUTFLOW,-24330.767428173815,2.46172781,59895.72681657766
2024-07-01,Top 501-1000,INFLOW,1517.5310668275924,2.46172781,3735.748429748453
2024-07-02,Top 1-100,OUTFLOW,-17000.19126355,2.278057591,38727.414756381964
2024-07-02,Top 101-200,INFLOW,438523.1368154861,2.278057591,998980.9606516497
2024-07-02,Top 201-300,INFLOW,18109.070132893998,2.278057591,41253.50468219055
2024-07-02,Top 301-500,OUTFLOW,-32190.021490069543,2.278057591,73330.72280990606
2024-07-02,Top 501-1000,INFLOW,9146.73274169027,2.278057591,20836.783955055762
2024-07-03,Top 1-100,OUTFLOW,-20880.52810083,2.273960483,47481.495765458465
2024-07-03,Top 101-200,OUTFLOW,-730799.4599605352,2.273960483,1661809.0929479979
2024-07-03,Top 201-300,OUTFLOW,-6715.666965294324,2.273960483,15271.161296067827
2024-07-03,Top 301-500,INFLOW,83854.83247240758,2.273960483,190682.57535084005
2024-07-03,Top 501-1000,INFLOW,59110.71531155352,2.273960483,134415.43074033575
2024-07-04,Top 1-100,OUTFLOW,-349226.71062934,2.298896658,802836.1179501228
2024-07-04,Top 101-200,INFLOW,803188.7375275036,2.298896658,1846447.9044452172
2024-07-04,Top 201-300,OUTFLOW,-18400.935902949983,2.298896658,42301.85005136392
2024-07-04,Top 301-500,OUTFLOW,-20583.372959131462,2.298896658,47319.04730611489
2024-07-04,Top 501-1000,OUTFLOW,-13367.088944342366,2.298896658,30729.55610133741
2024-07-05,Top 1-100,OUTFLOW,-2959849.35033122,2.091729908,6191205.409262182
2024-07-05,Top 101-200,OUTFLOW,-424777.1146578487,2.091729908,888518.9949637674
2024-07-05,Top 201-300,INFLOW,106107.45251137225,2.091729908,221948.13187972704
2024-07-05,Top 301-500,INFLOW,27821.21027382539,2.091729908,58194.45760651743
2024-07-05,Top 501-1000,INFLOW,38703.562100958385,2.091729908,80957.39839270998
2024-07-06,Top 1-100,INFLOW,6830.986176849998,1.819074354,12426.07176683634
2024-07-06,Top 101-200,OUTFLOW,-54788.02889543795,1.819074354,99663.49826990212
2024-07-06,Top 201-300,INFLOW,24825.190756867785,1.819074354,45158.86783897604
2024-07-06,Top 301-500,INFLOW,45679.1999423613,1.819074354,83093.86112638772
2024-07-06,Top 501-1000,INFLOW,58689.22298856242,1.819074354,106760.06039468113
2024-07-07,Top 1-100,INFLOW,1968914.36330982,2.007427403,3952452.64706843
2024-07-07,Top 101-200,OUTFLOW,-92457.46880530124,2.007427403,185601.65649177937
2024-07-07,Top 201-300,INFLOW,35699.972478877884,2.007427403,71665.1030404453
2024-07-07,Top 301-500,OUTFLOW,-173.4781657338026,2.007427403,348.24482371621093
2024-07-07,Top 501-1000,INFLOW,47050.49791073722,2.007427403,94450.45883080814
2024-07-08,Top 1-100,INFLOW,43213.38343455,1.875138552,81031.08124048288
2024-07-08,Top 101-200,INFLOW,347247.03860861633,1.875138552,651136.3091628489
2024-07-08,Top 201-300,OUTFLOW,-31850.62446497586,1.875138552,59724.33383955061
2024-07-08,Top 301-500,INFLOW,58445.999193829586,1.875138552,109594.34629851078
2024-07-08,Top 501-1000,OUTFLOW,-7809.258651415657,1.875138552,14643.441959809028
2024-07-09,Top 1-100,INFLOW,142517.4166907,1.821473198,259591.6547503079
2024-07-09,Top 101-200,OUTFLOW,-114452.70659434516,1.821473198,208472.53750015757
2024-07-09,Top 201-300,INFLOW,19332.470864536965,1.821473198,35213.577530869974
2024-07-09,Top 301-500,INFLOW,17779.03599760263,1.821473198,32384.037555910385
2024-07-09,Top 501-1000,INFLOW,16175.225156364279,1.821473198,29462.739093932894
2024-07-10,Top 1-100,INFLOW,77776.25527223002,1.920515758,149370.52384854833
2024-07-10,Top 101-200,OUTFLOW,-152905.50215390592,1.920515758,293657.4263714793
2024-07-10,Top 201-300,INFLOW,28772.461105738832,1.920515758,55257.964950013535
2024-07-10,Top 301-500,OUTFLOW,-14311.842757913371,1.920515758,27486.119542590808
2024-07-10,Top 501-1000,OUTFLOW,-28854.60834268479,1.920515758,55415.730013044405
2024-07-11,Top 1-100,INFLOW,1537170.4968452,1.952691251,3001619.380484945
2024-07-11,Top 101-200,INFLOW,160332.37432736834,1.952691251,313079.6246011092
2024-07-11,Top 201-300,INFLOW,64055.668495606864,1.952691251,125080.94344832786
2024-07-11,Top 301-500,INFLOW,23480.196553729038,1.952691251,45849.574382227045
2024-07-11,Top 501-1000,INFLOW,20556.816423395758,1.952691251,40141.11557837801
2024-07-12,Top 1-100,OUTFLOW,-61492.04783856001,1.78985337,110061.74905204785
2024-07-12,Top 101-200,OUTFLOW,-207159.104851694,1.78985337,370784.42194498784
2024-07-12,Top 201-300,INFLOW,31825.191367502746,1.78985337,56962.4260200197
2024-07-12,Top 301-500,INFLOW,26033.93604343129,1.78985337,46596.928161699965
2024-07-12,Top 501-1000,INFLOW,13563.26378609718,1.78985337,24276.253395745
2024-07-13,Top 1-100,INFLOW,411543.19076327,1.780374215,732700.8851937521
2024-07-13,Top 101-200,INFLOW,374645.512366959,1.780374215,667009.2099835974
2024-07-13,Top 201-300,INFLOW,10021.600850931369,1.780374215,17842.199748020266
2024-07-13,Top 301-500,OUTFLOW,-15898.957714097014,1.780374215,28306.094359553666
2024-07-13,Top 501-1000,INFLOW,18319.956202841255,1.780374215,32616.377643467877
2024-07-14,Top 1-100,OUTFLOW,-2697564.16705855,1.823588843,4919247.91832456
2024-07-14,Top 101-200,INFLOW,1049183.42999666,1.823588843,1913279.1972023807
2024-07-14,Top 201-300,OUTFLOW,-47158.02647655725,1.823588843,85996.85094054841
2024-07-14,Top 301-500,OUTFLOW,-3516.3839267868934,1.823588843,6412.438496593108
2024-07-14,Top 501-1000,OUTFLOW,-2828.6685256432575,1.823588843,5158.328363908304
2024-07-15,Top 1-100,OUTFLOW,-102395.91120696999,1.859762688,190432.09506648383
2024-07-15,Top 101-200,INFLOW,289672.3970324823,1.859762688,538721.9157445325
2024-07-15,Top 201-300,INFLOW,112747.23411294582,1.859762688,209683.09917845743
2024-07-15,Top 301-500,INFLOW,81344.65208989757,1.859762688,151281.74882513273
2024-07-15,Top 501-1000,INFLOW,83124.80893071854,1.859762688,154592.41809647952
2024-07-16,Top 1-100,OUTFLOW,-5049554.14419412,2.326209173,11746319.169784525
2024-07-16,Top 101-200,INFLOW,676493.4622014088,2.326209173,1573665.297247446
2024-07-16,Top 201-300,INFLOW,175271.7634030334,2.326209173,407718.783796022
2024-07-16,Top 301-500,INFLOW,49638.75675040296,2.326209173,115470.13128910304
2024-07-16,Top 501-1000,INFLOW,19912.736557557466,2.326209173,46321.190439722624
2024-07-17,Top 1-100,INFLOW,84570.40037657856,2.826238134,239016.0905519343
2024-07-17,Top 101-200,INFLOW,415360.91424845497,2.826238134,1173908.8552220874
2024-07-17,Top 201-300,INFLOW,77704.7896985317,2.826238134,219612.23984044068
2024-07-17,Top 301-500,OUTFLOW,-125824.11777067315,2.826238134,355608.91982038354
2024-07-17,Top 501-1000,INFLOW,6731.1801274383615,2.826238134,19023.91796298928
2024-07-18,Top 1-100,INFLOW,3481891.1009211806,2.940738178,10239330.092117367
2024-07-18,Top 101-200,OUTFLOW,-321569.8763813372,2.940738178,945652.8123693388
2024-07-18,Top 201-300,OUTFLOW,-22366.271238398374,2.940738178,65773.34773026145
2024-07-18,Top 301-500,OUTFLOW,-28086.150825963967,2.940738178,82594.01600697848
2024-07-18,Top 501-1000,OUTFLOW,-61598.25309396841,2.940738178,181144.33457153954
2024-07-19,Top 1-100,INFLOW,13563496.797129454,2.649404803,35935193.55978989
2024-07-19,Top 101-200,OUTFLOW,-302092.4176537427,2.649404803,800365.1022817079
2024-07-19,Top 201-300,INFLOW,63371.757233969045,2.649404803,167897.43799022757
2024-07-19,Top 301-500,INFLOW,14458.725942202189,2.649404803,38307.01795653118
2024-07-19,Top 501-1000,INFLOW,11305.975893758885,2.649404803,29954.106835527007
2024-07-20,Top 1-100,OUTFLOW,-4980123.954182491,2.770146229,13795671.591631195
2024-07-20,Top 101-200,INFLOW,1745195.305096676,2.770146229,4834446.193282061
2024-07-20,Top 201-300,OUTFLOW,-13306.117213974321,2.770146229,36859.89042292295
2024-07-20,Top 301-500,OUTFLOW,-3750.8243764989675,2.770146229,10390.33200219989
2024-07-20,Top 501-1000,INFLOW,23966.76313307677,2.770146229,66391.43851442884
2024-07-21,Top 1-100,INFLOW,4179072.0871060602,2.642361231,11042618.06452331
2024-07-21,Top 101-200,OUTFLOW,-911274.5392195889,2.642361231,2407916.513231231
2024-07-21,Top 201-300,INFLOW,46531.616323092756,2.642361231,122953.33898790707
2024-07-21,Top 301-500,INFLOW,28401.21414576777,2.642361231,75046.26717210555
2024-07-21,Top 501-1000,INFLOW,7221.040759753603,2.642361231,19080.59815104371
2024-07-22,Top 1-100,INFLOW,111638.61949542999,2.564575554,286305.6744402876
2024-07-22,Top 101-200,INFLOW,790017.6438759286,2.564575554,2026059.9367128843
2024-07-22,Top 201-300,INFLOW,256.54341209276754,2.564575554,657.9249631928597
2024-07-22,Top 301-500,OUTFLOW,-38203.16670265673,2.564575554,97974.90741102025
2024-07-22,Top 501-1000,OUTFLOW,-1656.591571160694,2.564575554,4248.454246361168
2024-07-23,Top 1-100,INFLOW,273323646.65614146,2.273204675,621320591.3667889
2024-07-23,Top 101-200,INFLOW,9646608.551629614,2.273204675,21928715.65745942
2024-07-23,Top 201-300,INFLOW,961394.4515422949,2.273204675,2185446.361765006
2024-07-23,Top 301-500,INFLOW,477843.90169686783,2.273204675,1086236.9912575604
2024-07-23,Top 501-1000,INFLOW,67302.00067088414,2.273204675,152991.22256190696
2024-07-24,Top 1-100,OUTFLOW,-1146100.7939347688,2.188564498,2508315.5087352484
2024-07-24,Top 101-200,INFLOW,1257383.81423417,2.188564498,2751865.576192731
2024-07-24,Top 201-300,INFLOW,40304.25871473376,2.188564498,88208.46974127341
2024-07-24,Top 301-500,INFLOW,53633.23594511741,2.188564498,117379.79610234144
2024-07-24,Top 501-1000,INFLOW,22043.54307372198,2.188564498,48243.71578128172
2024-07-25,Top 1-100,OUTFLOW,-45639.233656649965,2.203929894,100585.67139514178
2024-07-25,Top 101-200,OUTFLOW,-1625.6324673896888,2.203929894,3582.779991537115
2024-07-25,Top 201-300,OUTFLOW,-135266.84276145784,2.203929894,298118.63842897443
2024-07-25,Top 301-500,OUTFLOW,-37599.67886202542,2.203929894,82867.05624881772
2024-07-25,Top 501-1000,INFLOW,19609.44250588111,2.203929894,43217.836543385645
2024-07-26,Top 1-100,INFLOW,174813.93285062,2.116674044,370024.11419446627
2024-07-26,Top 101-200,INFLOW,340091.38740553986,2.116674044,719862.6123092547
2024-07-26,Top 201-300,INFLOW,69558.00224714968,2.116674044,147231.61790903538
2024-07-26,Top 301-500,OUTFLOW,-17337.481797399218,2.116674044,36697.797708877384
2024-07-26,Top 501-1000,INFLOW,29280.93217986892,2.116674044,61978.189129252874
2024-07-27,Top 1-100,INFLOW,4994909.534045201,2.362659391,11801269.91780733
2024-07-27,Top 101-200,OUTFLOW,-216302.5679907599,2.362659391,511049.29356078495
2024-07-27,Top 201-300,OUTFLOW,-13700.359154945167,2.362659391,32369.282217504024
2024-07-27,Top 301-500,INFLOW,9586.491413013078,2.362659391,22649.61396369621
2024-07-27,Top 501-1000,INFLOW,22701.073883313416,2.362659391,53634.90539619529
2024-07-28,Top 1-100,INFLOW,111606.65145642994,2.337898008,260924.96811953784
2024-07-28,Top 101-200,OUTFLOW,-83627.11218289516,2.337898008,195511.6589871831
2024-07-28,Top 201-300,OUTFLOW,-18260.474912178848,2.337898008,42691.127922316904
2024-07-28,Top 301-500,INFLOW,33876.339164207246,2.337898008,79199.4258503325
2024-07-28,Top 501-1000,OUTFLOW,-23073.340882875822,2.337898008,53943.11768798034
2024-07-29,Top 1-100,INFLOW,332263.20712875,2.34823783,780233.0324968564
2024-07-29,Top 101-200,OUTFLOW,-632393.2216750998,2.34823783,1485009.6865730453
2024-07-29,Top 201-300,INFLOW,93251.94472152897,2.34823783,218977.74431616315
2024-07-29,Top 301-500,INFLOW,17963.651448011493,2.34823783,42182.92589515486
2024-07-29,Top 501-1000,OUTFLOW,-14807.99665466481,2.34823783,34772.697930997354
2024-07-30,Top 1-100,OUTFLOW,-989892.27184858,2.278636422,2255604.5844904995
2024-07-30,Top 101-200,INFLOW,1212513.1071432761,2.278636422,2762876.528089057
2024-07-30,Top 201-300,OUTFLOW,-117746.83083704524,2.278636422,268302.217320364
2024-07-30,Top 301-500,INFLOW,2239.566567157235,2.278636422,5103.157949417985
2024-07-30,Top 501-1000,OUTFLOW,-7468.460262070224,2.278636422,17017.905569412877
2024-07-31,Top 1-100,INFLOW,67477.19370757001,2.19728868,148266.87389181083
2024-07-31,Top 101-200,INFLOW,4415722.90603489,2.19728868,9702617.955447167
2024-07-31,Top 201-300,INFLOW,238.42344427117496,2.19728868,523.8851351436637
2024-07-31,Top 301-500,INFLOW,33811.018549710134,2.19728868,74292.5683185481
2024-07-31,Top 501-1000,OUTFLOW,-1697.4914547149565,2.19728868,3729.878757841907
2024-08-01,Top 1-100,INFLOW,123703802.66505155,2.106634981,260598757.97691864
2024-08-01,Top 101-200,INFLOW,175521.03595849866,2.106634981,369758.75425153214
2024-08-01,Top 201-300,INFLOW,122103.98935109563,2.106634981,257228.53528666956
2024-08-01,Top 301-500,INFLOW,106918.08319634205,2.106634981,225237.37416288245
2024-08-01,Top 501-1000,INFLOW,103246.27087104172,2.106634981,217502.20587473782
2024-08-02,Top 1-100,OUTFLOW,-2289914.8715411453,2.079587673,4762078.739076343
2024-08-02,Top 101-200,INFLOW,2997105.732380257,2.079587673,6232744.135735619
2024-08-02,Top 201-300,INFLOW,175280.077360434,2.079587673,364510.2882012449
2024-08-02,Top 301-500,INFLOW,120823.88718101362,2.079587673,251263.8663855786
2024-08-02,Top 501-1000,INFLOW,10575.235543312127,2.079587673,21992.129474943355
2024-08-03,Top 1-100,INFLOW,13995.405101150001,1.893042971,26493.903253029555
2024-08-03,Top 101-200,INFLOW,100250.14078723546,1.893042971,189777.82435903652
2024-08-03,Top 201-300,INFLOW,64230.81462756355,1.893042971,121591.69215231318
2024-08-03,Top 301-500,INFLOW,71514.17714305488,1.893042971,135379.4103675089
2024-08-03,Top 501-1000,INFLOW,24616.8440368472,1.893042971,46600.74357215686
2024-08-04,Top 1-100,OUTFLOW,-124723.05680466004,1.747084667,217901.74016479155
2024-08-04,Top 101-200,OUTFLOW,-10836.72528022324,1.747084667,18932.6765775693
2024-08-04,Top 201-300,INFLOW,239512.85177410062,1.747084667,418449.23088397493
2024-08-04,Top 301-500,INFLOW,104339.56821884187,1.747084667,182290.05979653914
2024-08-04,Top 501-1000,INFLOW,28912.88011669876,1.747084667,50513.249530693574
2024-08-05,Top 1-100,OUTFLOW,-5447262.75846286,1.635510408,8909054.936576799
2024-08-05,Top 101-200,INFLOW,794412.6625150866,1.635510408,1299270.1777904157
2024-08-05,Top 201-300,INFLOW,185011.02071725662,1.635510408,302587.44997777685
2024-08-05,Top 301-500,OUTFLOW,-59292.74127846112,1.635510408,96973.8954797744
2024-08-05,Top 501-1000,INFLOW,48004.00501502848,1.635510408,78511.04982776327
2024-08-06,Top 1-100,OUTFLOW,-40932.38513180001,1.582620378,64780.42682973092
2024-08-06,Top 101-200,OUTFLOW,-402921.7017749002,1.582620378,637672.0959673958
2024-08-06,Top 201-300,OUTFLOW,-124232.83824014757,1.582620378,196613.4214156352
2024-08-06,Top 301-500,OUTFLOW,-102414.59474055452,1.582620378,162083.4246410132
2024-08-06,Top 501-1000,INFLOW,17188.822202229487,1.582620378,27203.380291067224
2024-08-07,Top 1-100,INFLOW,37179.30507926998,1.644615884,61145.67568944929
2024-08-07,Top 101-200,INFLOW,70917.3942195301,1.644615884,116631.872985329
2024-08-07,Top 201-300,INFLOW,94395.7423267578,1.644615884,155244.737212557
2024-08-07,Top 301-500,INFLOW,23824.632194489157,1.644615884,39182.368537514645
2024-08-07,Top 501-1000,INFLOW,11259.28399751,1.644615884,18517.197304771962
2024-08-08,Top 1-100,OUTFLOW,-1588206.3040984885,1.549224596,2460488.269831634
2024-08-08,Top 101-200,OUTFLOW,-93534.96380168002,1.549224596,144906.66650753235
2024-08-08,Top 201-300,INFLOW,9548.612202350356,1.549224596,14792.9448815469
2024-08-08,Top 301-500,INFLOW,47263.78161264999,1.549224596,73222.21297428991
2024-08-08,Top 501-1000,INFLOW,64682.12941842628,1.549224596,100207.14581668116
2024-08-09,Top 1-100,OUTFLOW,-164925.81364730003,1.85613841,306125.1375112558
2024-08-09,Top 101-200,INFLOW,469194.19674558,1.85613841,870889.370328568
2024-08-09,Top 201-300,INFLOW,95178.38236213036,1.85613841,176664.25130401668
2024-08-09,Top 301-500,OUTFLOW,-47803.35219573586,1.85613841,88729.63813726317
2024-08-09,Top 501-1000,OUTFLOW,-8500.599896819833,1.85613841,15778.289976529328
2024-08-10,Top 1-100,INFLOW,77746.60231349999,1.748187618,135915.64750603083
2024-08-10,Top 101-200,OUTFLOW,-101897.33078223001,1.748187618,178135.65198074476
2024-08-10,Top 201-300,OUTFLOW,-1674.1241797383723,1.748187618,2926.683162013029
2024-08-10,Top 301-500,INFLOW,34915.76873617088,1.748187618,61039.314577525445
2024-08-10,Top 501-1000,OUTFLOW,-2656.161426724808,1.748187618,4643.468517609524
2024-08-11,Top 1-100,OUTFLOW,-75622.5326592,1.754235812,132659.75498490824
2024-08-11,Top 101-200,OUTFLOW,-364536.08374607,1.754235812,639482.2528735871
2024-08-11,Top 201-300,INFLOW,90210.70048860829,1.754235812,158250.84142272256
2024-08-11,Top 301-500,INFLOW,86206.76415616,1.754235812,151226.99291937382
2024-08-11,Top 501-1000,OUTFLOW,-3703.9497224797815,1.754235812,6497.6012490214935
2024-08-12,Top 1-100,OUTFLOW,-228943833.0179088,1.603931833,367210301.74646044
2024-08-12,Top 101-200,INFLOW,3328780.14608117,1.603931833,5339136.44135798
2024-08-12,Top 201-300,INFLOW,82369.42064247082,1.603931833,132114.9358342263
2024-08-12,Top 301-500,INFLOW,110708.17670054751,1.603931833,177568.36878339708
2024-08-12,Top 501-1000,INFLOW,32201.29535814112,1.603931833,51648.68268875768
2024-08-13,Top 1-100,OUTFLOW,-179273.94963615,1.705479238,305747.99901871145
2024-08-13,Top 101-200,INFLOW,1473499.4164069404,1.705479238,2513022.6618871535
2024-08-13,Top 201-300,INFLOW,107456.85306315718,1.705479238,183265.43188003125
2024-08-13,Top 301-500,OUTFLOW,-71924.93583013368,1.705479238,122666.48475277527
2024-08-13,Top 501-1000,INFLOW,4944.371467137826,1.705479238,8432.52288216316
2024-08-14,Top 1-100,OUTFLOW,-908007.60764178,1.672649962,1518778.8904177342
2024-08-14,Top 101-200,INFLOW,2619200.671333611,1.672649962,4381005.903376539
2024-08-14,Top 201-300,INFLOW,469880.6300872174,1.672649962,785945.8180599202
2024-08-14,Top 301-500,INFLOW,212835.0402086627,1.672649962,355998.5219172881
2024-08-14,Top 501-1000,INFLOW,156488.75848516624,1.672649962,261750.91593364047
2024-08-15,Top 1-100,INFLOW,1788106.6067809102,1.591346233,2845496.7129032137
2024-08-15,Top 101-200,INFLOW,871034.1241516401,1.591346233,1386116.872283167
2024-08-15,Top 201-300,OUTFLOW,-10792.79743952192,1.591346233,17175.077548915255
2024-08-15,Top 301-500,INFLOW,103163.17979948828,1.591346233,164168.33755821738
2024-08-15,Top 501-1000,INFLOW,25730.663526703407,1.591346233,40946.39447580997
2024-08-16,Top 1-100,INFLOW,142035.62615295005,1.495800595,212456.97411078023
2024-08-16,Top 101-200,OUTFLOW,-183463.51390606049,1.495800595,274424.833261476
2024-08-16,Top 201-300,INFLOW,144520.4709461851,1.495800595,216173.80643098385
2024-08-16,Top 301-500,INFLOW,38570.93267622523,1.495800595,57694.42404680264
2024-08-16,Top 501-1000,INFLOW,39636.73971085562,1.495800595,59288.65884335796
2024-08-17,Top 1-100,INFLOW,10451.21872768,1.471804422,15382.149938688637
2024-08-17,Top 101-200,OUTFLOW,-307751.0055079701,1.471804422,452949.29078157677
2024-08-17,Top 201-300,INFLOW,81591.12793552957,1.471804422,120086.18289148014
2024-08-17,Top 301-500,INFLOW,15611.050069494806,1.471804422,22976.412524345862
2024-08-17,Top 501-1000,OUTFLOW,-2868.6037631212166,1.471804422,4222.023703527647
2024-08-18,Top 1-100,OUTFLOW,-33906.42915116,1.504094433,50998.47132916867
2024-08-18,Top 101-200,OUTFLOW,-133547.86639784,1.504094433,200868.6023880189
2024-08-18,Top 201-300,INFLOW,60892.03761439612,1.504094433,91587.3747898398
2024-08-18,Top 301-500,INFLOW,41689.25116332955,1.504094433,62704.570590702744
2024-08-18,Top 501-1000,INFLOW,12914.363182745808,1.504094433,19424.42176890813
2024-08-19,Top 1-100,INFLOW,42565.58776400001,1.514566587,64468.41698337046
2024-08-19,Top 101-200,INFLOW,852172.18138819,1.514566587,1290671.512301456
2024-08-19,Top 201-300,OUTFLOW,-84588.94903734546,1.514566587,128115.59584140925
2024-08-19,Top 301-500,INFLOW,47198.846791798984,1.514566587,71485.79629579089
2024-08-19,Top 501-1000,INFLOW,29609.019187717156,1.514566587,44844.831135558285
2024-08-20,Top 1-100,OUTFLOW,-121995.67023700001,1.534906961,187252.00345863184
2024-08-20,Top 101-200,OUTFLOW,-563103.6252583378,1.534906961,864311.6741733581
2024-08-20,Top 201-300,OUTFLOW,-89515.81112510957,1.534906961,137398.4416154919
2024-08-20,Top 301-500,OUTFLOW,-8295.812528229471,1.534906961,12733.300396730423
2024-08-20,Top 501-1000,OUTFLOW,-4632.163566510717,1.534906961,7109.9401027278855
2024-08-21,Top 1-100,INFLOW,31388.353088860007,1.525879194,47894.83491221712
2024-08-21,Top 101-200,INFLOW,169635.29798349994,1.525879194,258842.9717610127
2024-08-21,Top 201-300,INFLOW,20362.012837495393,1.525879194,31069.971736695123
2024-08-21,Top 301-500,INFLOW,66303.34376673009,1.525879194,101170.89274628303
2024-08-21,Top 501-1000,INFLOW,42578.34657411612,1.525879194,64969.41315236497
2024-08-22,Top 1-100,OUTFLOW,-446245.8208072,1.572287914,701626.9107281702
2024-08-22,Top 101-200,INFLOW,357462.2152324482,1.572287914,562033.520721645
2024-08-22,Top 201-300,INFLOW,166083.70347971917,1.572287914,261131.3996935222
2024-08-22,Top 301-500,OUTFLOW,-29190.9944480861,1.572287914,45896.64776836688
2024-08-22,Top 501-1000,INFLOW,42077.632965678196,1.572287914,66158.1537616638
2024-08-23,Top 1-100,INFLOW,186312.14095619996,1.633623734,304363.9353984017
2024-08-23,Top 101-200,INFLOW,543620.624153872,1.633623734,888071.5539096589
2024-08-23,Top 201-300,INFLOW,16185.328128871479,1.633623734,26440.736173902256
2024-08-23,Top 301-500,INFLOW,77699.07009715209,1.633623734,126931.04502043733
2024-08-23,Top 501-1000,INFLOW,4347.5352241262735,1.633623734,7102.23672653369
2024-08-24,Top 1-100,INFLOW,2211402.33992483,1.847030044,4084526.5612130617
2024-08-24,Top 101-200,OUTFLOW,-29264.583122803422,1.847030044,54052.56425295326
2024-08-24,Top 201-300,OUTFLOW,-21302.287581152006,1.847030044,39345.965168315844
2024-08-24,Top 301-500,INFLOW,13112.696335582063,1.847030044,24219.544089668776
2024-08-24,Top 501-1000,OUTFLOW,-11318.338409552249,1.847030044,20905.31109060218
2024-08-25,Top 1-100,INFLOW,59060.372335939996,1.914306116,113059.63197592713
2024-08-25,Top 101-200,OUTFLOW,-376081.50744209054,1.914306116,719935.1298108934
2024-08-25,Top 201-300,OUTFLOW,-583.8432821852357,1.914306116,1117.6547658727104
2024-08-25,Top 301-500,INFLOW,19705.757419808666,1.914306116,37722.85194915211
2024-08-25,Top 501-1000,OUTFLOW,-3379.892873656061,1.914306116,6470.149599464613
2024-08-26,Top 1-100,OUTFLOW,-1648768.3300868915,1.842834069,3038406.4505723617
2024-08-26,Top 101-200,INFLOW,659137.4409367115,1.842834069,1214680.9323116473
2024-08-26,Top 201-300,INFLOW,263178.0884944763,1.842834069,484993.5476919178
2024-08-26,Top 301-500,OUTFLOW,-57895.76634371061,1.842834069,106692.29066905347
2024-08-26,Top 501-1000,INFLOW,8542.423518463791,1.842834069,15742.269091651924
2024-08-27,Top 1-100,OUTFLOW,-128471.07078040997,1.665455767,213962.88572389897
2024-08-27,Top 101-200,INFLOW,166542.3958236383,1.665455767,277368.9935744752
2024-08-27,Top 201-300,INFLOW,74113.74833549,1.665455767,123433.16957932849
2024-08-27,Top 301-500,INFLOW,179.2328285745025,1.665455767,298.5043479851276
2024-08-27,Top 501-1000,INFLOW,26327.9636517946,1.665455767,43848.0588972477
2024-08-28,Top 1-100,OUTFLOW,-895858.3739215899,1.502334626,1345879.0551344599
2024-08-28,Top 101-200,INFLOW,1227243.0827235035,1.502334626,1843729.7776945014
2024-08-28,Top 201-300,INFLOW,43481.898761439246,1.502334626,65324.36211353669
2024-08-28,Top 301-500,INFLOW,58693.50356161429,1.502334626,88177.28272186746
2024-08-28,Top 501-1000,INFLOW,32.57516456446319,1.502334626,48.93879767284126
2024-08-29,Top 1-100,INFLOW,242763.26968144992,1.516615768,368178.6026901233
2024-08-29,Top 101-200,INFLOW,1288524.4102474623,1.516615768,1954196.4380342022
2024-08-29,Top 201-300,INFLOW,334390.86275200004,1.516615768,507142.4551248072
2024-08-29,Top 301-500,INFLOW,190603.76775618707,1.516615768,289072.6796192433
2024-08-29,Top 501-1000,INFLOW,150950.9262152611,1.516615768,228934.55489226957
2024-08-30,Top 1-100,OUTFLOW,-85543.85211299994,1.49021137,127478.42105239103
2024-08-30,Top 101-200,OUTFLOW,-316868.2902826086,1.49021137,472200.7289716038
2024-08-30,Top 201-300,OUTFLOW,-29729.253910048268,1.49021137,44302.87219837088
2024-08-30,Top 301-500,INFLOW,11282.692571606058,1.49021137,16813.596754421884
2024-08-30,Top 501-1000,INFLOW,3419.955603767543,1.49021137,5096.456725629607
2024-08-31,Top 1-100,OUTFLOW,-82373.11772398,1.526611711,125751.76618900953
2024-08-31,Top 101-200,INFLOW,417595.29922047723,1.526611711,637505.8742485297
2024-08-31,Top 201-300,INFLOW,24490.257255999997,1.526611711,37387.11353241232
2024-08-31,Top 301-500,INFLOW,20159.28502209433,1.526611711,30775.400600116096
2024-08-31,Top 501-1000,OUTFLOW,-6141.799648305132,1.526611711,9376.143269718295
2024-09-01,Top 1-100,INFLOW,115470.7508576,1.492579345,172349.25768169478
2024-09-01,Top 101-200,OUTFLOW,-127655.03105281497,1.492579345,190535.26263476524
2024-09-01,Top 201-300,INFLOW,2167.5009951,1.492579345,3235.1672155532065
2024-09-01,Top 301-500,OUTFLOW,-6549.478784746971,1.492579345,9775.616754629029
2024-09-01,Top 501-1000,OUTFLOW,-18467.290108598077,1.492579345,27563.895774216297
2024-09-02,Top 1-100,OUTFLOW,-3209.44539719,1.406464945,4513.972444039337
2024-09-02,Top 101-200,INFLOW,415042.94240885356,1.406464945,583743.3491677063
2024-09-02,Top 201-300,INFLOW,19344.936179,1.406464945,27207.974599025743
2024-09-02,Top 301-500,INFLOW,124117.81172997538,1.406464945,174567.35124832016
2024-09-02,Top 501-1000,OUTFLOW,-11317.591997848544,1.406464945,15917.796406786492
2024-09-03,Top 1-100,INFLOW,1459113.40554144,1.476203445,2153948.2359059555
2024-09-03,Top 101-200,INFLOW,477308.0800081473,1.476203445,704603.8320343626
2024-09-03,Top 201-300,INFLOW,64693.01065480001,1.476203445,95500.04519603748
2024-09-03,Top 301-500,INFLOW,52988.3685138811,1.476203445,78221.6121451208
2024-09-03,Top 501-1000,INFLOW,25788.333942876692,1.476203445,38068.827407285
2024-09-04,Top 1-100,OUTFLOW,-75708.52659419997,1.405443942,106404.09005956423
2024-09-04,Top 101-200,INFLOW,163190.1863333939,1.405443942,229354.65877611967
2024-09-04,Top 201-300,INFLOW,61823.57912899999,1.405443942,86889.57475961067
2024-09-04,Top 301-500,INFLOW,29968.802825770537,1.405443942,42119.472380471685
2024-09-04,Top 501-1000,INFLOW,8176.540736391777,1.405443942,11491.669644478041
2024-09-05,Top 1-100,INFLOW,16722.37996973,1.425925787,23844.872818850283
2024-09-05,Top 101-200,INFLOW,601836.2536338558,1.425925787,858173.8336079875
2024-09-05,Top 201-300,INFLOW,32998.21341150279,1.425925787,47053.003428391065
2024-09-05,Top 301-500,INFLOW,22998.5512180765,1.425925787,32794.22724549554
2024-09-05,Top 501-1000,OUTFLOW,-21888.510534040543,1.425925787,31211.39160950955
2024-09-06,Top 1-100,OUTFLOW,-34741.03174077,1.391074597,48327.36672815584
2024-09-06,Top 101-200,OUTFLOW,-166910.29816830758,1.391074597,232184.6757596283
2024-09-06,Top 201-300,INFLOW,37165.26134,1.391074597,51699.65094094018
2024-09-06,Top 301-500,INFLOW,9306.039188029288,1.391074597,12945.39471315405
2024-09-06,Top 501-1000,INFLOW,4528.320659369216,1.391074597,6299.231836318806
2024-09-07,Top 1-100,OUTFLOW,-91507.5769428,1.340176122,122636.26960081833
2024-09-07,Top 101-200,OUTFLOW,-4820.571744501314,1.340176122,6460.415146368546
2024-09-07,Top 201-300,INFLOW,4849.327591050001,1.340176122,6498.953045280991
2024-09-07,Top 301-500,INFLOW,71089.09231066,1.340176122,95271.90404940033
2024-09-07,Top 501-1000,INFLOW,4469.0792998037105,1.340176122,5989.353364921411
2024-09-08,Top 1-100,OUTFLOW,-28342.10738638,1.345027193,38120.90514160726
2024-09-08,Top 101-200,INFLOW,267975.97958924284,1.345027193,360434.9796183446
2024-09-08,Top 201-300,INFLOW,88061.58408638783,1.345027193,118445.22525484768
2024-09-08,Top 301-500,INFLOW,33891.32911270488,1.345027193,45584.75926350062
2024-09-08,Top 501-1000,INFLOW,29799.1481023854,1.345027193,40080.66452594271
2024-09-09,Top 1-100,INFLOW,86061.75831599999,1.394713755,120031.51810281082
2024-09-09,Top 101-200,INFLOW,363835.0987540523,1.394713755,507445.8167840601
2024-09-09,Top 201-300,INFLOW,59826.50661699999,1.394713755,83440.8516923284
2024-09-09,Top 301-500,INFLOW,38728.66358743546,1.394713755,54015.39981816388
2024-09-09,Top 501-1000,INFLOW,23974.885562104268,1.394713755,33438.10266801773
2024-09-10,Top 1-100,INFLOW,62779.64359865,1.461406072,91746.55235306303
2024-09-10,Top 101-200,INFLOW,708583.4777939527,1.461406072,1035528.1969669596
2024-09-10,Top 201-300,OUTFLOW,-37939.20575860994,1.461406072,55444.58566248993
2024-09-10,Top 301-500,INFLOW,82981.7201023185,1.461406072,121269.98962253272
2024-09-10,Top 501-1000,INFLOW,31289.477704219535,1.461406072,45726.632706655044
2024-09-11,Top 1-100,INFLOW,2506695.27417518,1.470609892,3686370.8664316717
2024-09-11,Top 101-200,INFLOW,272117.82110893074,1.470609892,400179.15951227996
2024-09-11,Top 201-300,INFLOW,292462.5444204395,1.470609892,430098.3108641877
2024-09-11,Top 301-500,INFLOW,134978.90675410104,1.470609892,198501.3154839266
2024-09-11,Top 501-1000,INFLOW,82770.77936013609,1.470609892,121723.52689556556
2024-09-12,Top 1-100,INFLOW,385879.68521552,1.377912414,531708.4085688773
2024-09-12,Top 101-200,INFLOW,1538754.5183832715,1.377912414,2120268.952978901
2024-09-12,Top 201-300,INFLOW,166652.61249787,1.377912414,229632.70358634662
2024-09-12,Top 301-500,INFLOW,162886.68171583617,1.377912414,224443.5808115175
2024-09-12,Top 501-1000,INFLOW,141639.5511668104,1.377912414,195166.89586613624
2024-09-13,Top 1-100,OUTFLOW,-162375.13281044998,1.539037567,249901.42934189682
2024-09-13,Top 101-200,INFLOW,763528.9327816822,1.539037567,1175099.7110424268
2024-09-13,Top 201-300,INFLOW,3439.179818159435,1.539037567,5293.0269398156
2024-09-13,Top 301-500,OUTFLOW,-118460.18628133036,1.539037567,182314.67688078547
2024-09-13,Top 501-1000,OUTFLOW,-100829.1606369993,1.539037567,155179.86606941957
2024-09-14,Top 1-100,INFLOW,69523.74333942,1.520300351,105696.97140175414
2024-09-14,Top 101-200,OUTFLOW,-10270.222176504481,1.520300351,15613.822379787747
2024-09-14,Top 201-300,OUTFLOW,-32798.47641323947,1.520300351,49863.535203313186
2024-09-14,Top 301-500,OUTFLOW,-42239.23961964303,1.520300351,64216.3308197164
2024-09-14,Top 501-1000,INFLOW,17281.452429154102,1.520300351,26272.998193832784
2024-09-15,Top 1-100,OUTFLOW,-2512.564722660012,1.51064756,3795.599767628424
2024-09-15,Top 101-200,OUTFLOW,-116619.10803958606,1.51064756,176170.37100937706
2024-09-15,Top 201-300,OUTFLOW,-17205.0,1.51064756,25990.6912698
2024-09-15,Top 301-500,INFLOW,35300.44661674274,1.51064756,53326.53354849267
2024-09-15,Top 501-1000,INFLOW,32672.545552482956,1.51064756,49356.70121784723
2024-09-16,Top 1-100,INFLOW,181380.99987574999,1.477371529,267967.1251179856
2024-09-16,Top 101-200,INFLOW,30599.921173019044,1.477371529,45207.45233066262
2024-09-16,Top 201-300,INFLOW,24350.944424651374,1.477371529,35975.391997241226
2024-09-16,Top 301-500,OUTFLOW,-35927.77432537956,1.477371529,53078.67088865295
2024-09-16,Top 501-1000,INFLOW,16669.80081213214,1.477371529,24627.489113945103
2024-09-17,Top 1-100,INFLOW,747723.0079238,1.415245111,1058211.3313463721
2024-09-17,Top 101-200,INFLOW,559450.3531682848,1.415245111,791759.3771686383
2024-09-17,Top 201-300,INFLOW,250.0,1.415245111,353.81127775
2024-09-17,Top 301-500,INFLOW,24011.484520726757,1.415245111,33982.13607581072
2024-09-17,Top 501-1000,INFLOW,89111.33877060338,1.415245111,126114.38652976118
2024-09-18,Top 1-100,INFLOW,266563.08736646,1.477879189,393948.0393744801
2024-09-18,Top 101-200,INFLOW,538183.4830982087,1.477879189,795370.1695343759
2024-09-18,Top 201-300,INFLOW,66988.874,1.477879189,99001.46277914318
2024-09-18,Top 301-500,INFLOW,97043.39671519429,1.477879189,143418.4164352566
2024-09-18,Top 501-1000,INFLOW,23065.406667794072,1.477879189,34087.884500154694
2024-09-19,Top 1-100,INFLOW,2575919.8463631403,1.551229474,3995842.7883400554
2024-09-19,Top 101-200,OUTFLOW,-897032.5291915736,1.551229474,1391503.2984187345
2024-09-19,Top 201-300,INFLOW,25317.298175224616,1.551229474,39272.93913145484
2024-09-19,Top 301-500,OUTFLOW,-138662.48737314827,1.551229474,215097.33735138044
2024-09-19,Top 501-1000,INFLOW,1464.9019615094003,1.551229474,2272.3990992137956
2024-09-20,Top 1-100,OUTFLOW,-975664.24091206,1.599288876,1560368.9672016415
2024-09-20,Top 101-200,INFLOW,191615.0433541946,1.599288876,306447.80731062114
2024-09-20,Top 201-300,INFLOW,320794.8129393318,1.599288876,513043.5758123742
2024-09-20,Top 301-500,INFLOW,27414.978196851785,1.599288876,43844.46966600759
2024-09-20,Top 501-1000,INFLOW,11256.562203249414,1.599288876,18002.494713658838
2024-09-21,Top 1-100,INFLOW,784983.0811905096,1.614813883,1267601.5774265511
2024-09-21,Top 101-200,OUTFLOW,-584673.8940681714,1.614813883,944139.5211689546
2024-09-21,Top 201-300,INFLOW,12987.943428362832,1.614813883,20973.11135973892
2024-09-21,Top 301-500,INFLOW,24671.65456292438,1.614813883,39840.13030479059
2024-09-21,Top 501-1000,INFLOW,16109.103558962,1.614813883,26013.20406969655
2024-09-22,Top 1-100,INFLOW,378442.21942611,1.646649964,623161.8669940841
2024-09-22,Top 101-200,OUTFLOW,-95585.49612920324,1.646649964,157395.85376007465
2024-09-22,Top 201-300,OUTFLOW,-113821.20835567405,1.646649964,187423.68864130718
2024-09-22,Top 301-500,INFLOW,14856.694845560174,1.646649964,24463.776032600646
2024-09-22,Top 501-1000,INFLOW,13639.913325105033,1.646649964,22460.162785747325
2024-09-23,Top 1-100,OUTFLOW,-132732.4342061393,1.56464516,207679.1607556543
2024-09-23,Top 101-200,INFLOW,389926.28132173547,1.56464516,610096.2688268519
2024-09-23,Top 201-300,INFLOW,242684.40248699998,1.56464516,379714.9757587765
2024-09-23,Top 301-500,OUTFLOW,-11919.1399505597,1.56464516,18649.224635005874
2024-09-23,Top 501-1000,INFLOW,53437.55756051524,1.56464516,83610.81579928158
2024-09-24,Top 1-100,OUTFLOW,-887673.5902565,1.711286954,1519064.23441629
2024-09-24,Top 101-200,INFLOW,705775.8071069405,1.711286954,1207784.931150928
2024-09-24,Top 201-300,INFLOW,184296.5238147558,1.711286954,315384.23687174194
2024-09-24,Top 301-500,INFLOW,59999.10617571932,1.711286954,102675.68765016929
2024-09-24,Top 501-1000,INFLOW,77107.13749516183,1.711286954,131952.4384557547
2024-09-25,Top 1-100,INFLOW,264731.62204334,1.813135229,479994.23015709274
2024-09-25,Top 101-200,INFLOW,3181094.7804962327,1.813135229,5767755.013305741
2024-09-25,Top 201-300,INFLOW,238016.22261707153,1.813135229,431555.598300519
2024-09-25,Top 301-500,INFLOW,263350.7249545931,1.813135229,477490.4769978622
2024-09-25,Top 501-1000,INFLOW,129574.38963662053,1.813135229,234935.8906263292
2024-09-26,Top 1-100,INFLOW,2211762.67115748,2.101088017,4647108.044816893
2024-09-26,Top 101-200,INFLOW,74010.5842877361,2.101088017,155502.7517781308
2024-09-26,Top 201-300,INFLOW,143674.6420892553,2.101088017,301873.06884049816
2024-09-26,Top 301-500,INFLOW,180095.7728624989,2.101088017,378397.0702737502
2024-09-26,Top 501-1000,INFLOW,43323.353337661494,2.101088017,91026.17855401752
2024-09-27,Top 1-100,INFLOW,929638.7206351198,2.042144019,1898456.153175822
2024-09-27,Top 101-200,OUTFLOW,-143169.65816878295,2.042144019,292373.0611316546
2024-09-27,Top 201-300,INFLOW,113109.26284130497,2.042144019,230985.4046048699
2024-09-27,Top 301-500,INFLOW,15331.675532973924,2.042144019,31309.48949091134
2024-09-27,Top 501-1000,INFLOW,7746.384159491994,2.042144019,15819.23208018292
2024-09-28,Top 1-100,INFLOW,12193.273583028466,2.115566924,25795.68628753799
2024-09-28,Top 101-200,OUTFLOW,-111004.71597666992,2.115566924,234837.90552825722
2024-09-28,Top 201-300,INFLOW,83021.62563472585,2.115566924,175637.8051695365
2024-09-28,Top 301-500,INFLOW,12140.472268629674,2.115566924,25683.98157325218
2024-09-28,Top 501-1000,OUTFLOW,-54983.26300948344,2.115566924,116320.77259645585
2024-09-29,Top 1-100,OUTFLOW,-570467.05418678,2.012496654,1148063.0377681314
2024-09-29,Top 101-200,OUTFLOW,-954561.1316320824,2.012496654,1921051.0834480193
2024-09-29,Top 201-300,INFLOW,18811.85200731724,2.012496654,37858.78922026913
2024-09-29,Top 301-500,INFLOW,30.11289518781996,2.012496654,60.60210080774037
2024-09-29,Top 501-1000,INFLOW,70866.27936776073,2.012496654,142618.1501090477
2024-09-30,Top 1-100,INFLOW,1814041.3188843238,2.050627226,3719922.5175931426
2024-09-30,Top 101-200,OUTFLOW,-480906.2900360483,2.050627226,986159.5315025732
2024-09-30,Top 201-300,INFLOW,255981.77024530797,2.050627226,524923.1874247052
2024-09-30,Top 301-500,INFLOW,255666.78859925736,2.050627226,524277.27748562355
2024-09-30,Top 501-1000,OUTFLOW,-22880.369094047266,2.050627226,46919.10780518228
2024-10-01,Top 1-100,INFLOW,343210.14307531004,1.851231589,635361.4585262235
2024-10-01,Top 101-200,INFLOW,1317915.88720532,1.851231589,2439767.5220394493
2024-10-01,Top 201-300,OUTFLOW,-177781.87087447764,1.851231589,329115.415314352
2024-10-01,Top 301-500,OUTFLOW,-50402.98729541176,1.851231589,93307.60226123192
2024-10-01,Top 501-1000,INFLOW,84834.53345140538,1.851231589,157048.36816331884
2024-10-02,Top 1-100,OUTFLOW,-128515.9456549442,1.661074628,213474.57662085464
2024-10-02,Top 101-200,INFLOW,410065.91803452,1.661074628,681150.0922546688
2024-10-02,Top 201-300,OUTFLOW,-99013.59706801668,1.661074628,164468.9739166977
2024-10-02,Top 301-500,OUTFLOW,-30266.685815412173,1.661074628,50275.22388162865
2024-10-02,Top 501-1000,INFLOW,39140.65974936699,1.661074628,65015.556832854345
2024-10-03,Top 1-100,INFLOW,1000506.49289801,1.598646631,1599456.334165029
2024-10-03,Top 101-200,INFLOW,143721.70831420005,1.598646631,229760.2247980606
2024-10-03,Top 201-300,OUTFLOW,-13865.312229750982,1.598646631,22165.734683854505
2024-10-03,Top 301-500,INFLOW,49689.543359129995,1.598646631,79436.02108700159
2024-10-03,Top 501-1000,OUTFLOW,-24122.04687671819,1.598646631,38562.6289722896
2024-10-04,Top 1-100,INFLOW,55979.889143570006,1.603879445,89784.9935307506
2024-10-04,Top 101-200,INFLOW,774774.111347956,1.603879445,1242644.2717091278
2024-10-04,Top 201-300,INFLOW,56936.792972500014,1.603879445,91319.75191281323
2024-10-04,Top 301-500,INFLOW,77654.0994697925,1.603879445,124547.8139595856
2024-10-04,Top 501-1000,INFLOW,34464.60419115303,1.603879445,55277.07024225119
2024-10-05,Top 1-100,INFLOW,101181.96324605998,1.697255837,171731.67771849476
2024-10-05,Top 101-200,INFLOW,1786029.65427423,1.697255837,3031349.2557720286
2024-10-05,Top 201-300,INFLOW,21070.060272189265,1.697255837,35761.282782915034
2024-10-05,Top 301-500,INFLOW,122719.16343086681,1.697255837,208285.81644479564
2024-10-05,Top 501-1000,INFLOW,45467.47433902661,1.697255837,77169.93621556062
2024-10-06,Top 1-100,OUTFLOW,-3017893.56907778,1.814946552,5477315.527500691
2024-10-06,Top 101-200,OUTFLOW,-51855.75836556003,1.814946552,94115.42984691834
2024-10-06,Top 201-300,OUTFLOW,-47698.45141531051,1.814946552,86570.13993195734
2024-10-06,Top 301-500,OUTFLOW,-41560.89649869878,1.814946552,75430.80579834222
2024-10-06,Top 501-1000,INFLOW,94176.67984801314,1.814946552,170925.64036895934
2024-10-07,Top 1-100,INFLOW,434124.0270013844,1.941654339,842918.8006913912
2024-10-07,Top 101-200,OUTFLOW,-364307.2118194299,1.941654339,707358.6785581881
2024-10-07,Top 201-300,INFLOW,380644.6796777192,1.941654339,739080.3939135086
2024-10-07,Top 301-500,OUTFLOW,-18327.38940074201,1.941654339,35585.455152493334
2024-10-07,Top 501-1000,INFLOW,34474.12744557691,1.941654339,66936.83913794339
2024-10-08,Top 1-100,OUTFLOW,-24025.63697307001,1.936188874,46518.17099802119
2024-10-08,Top 101-200,INFLOW,241627.6192477001,1.936188874,467836.70803850517
2024-10-08,Top 201-300,OUTFLOW,-48061.36636460299,1.936188874,93055.88282438213
2024-10-08,Top 301-500,OUTFLOW,-57959.12392755,1.936188874,112219.81089530948
2024-10-08,Top 501-1000,INFLOW,13823.643896827612,1.936188874,26765.185511175627
2024-10-09,Top 1-100,INFLOW,519472.78987765,1.848873093,960439.2637504297
2024-10-09,Top 101-200,INFLOW,3549072.3093594275,1.848873093,6561784.297886018
2024-10-09,Top 201-300,INFLOW,464869.8692887651,1.848873093,859485.3930744248
2024-10-09,Top 301-500,INFLOW,134987.18745975662,1.848873093,249574.178794091
2024-10-09,Top 501-1000,INFLOW,85337.21802423356,1.848873093,157777.68623648005
2024-10-10,Top 1-100,INFLOW,4155680.48109406,1.73742861,7220198.161871384
2024-10-10,Top 101-200,OUTFLOW,-2434319.60206668,1.73742861,4229456.522514465
2024-10-10,Top 201-300,OUTFLOW,-66040.68955731585,1.73742861,114740.9834610088
2024-10-10,Top 301-500,INFLOW,36655.78854292896,1.73742861,63686.81573659499
2024-10-10,Top 501-1000,INFLOW,40498.0493516104,1.73742861,70362.46959267986
2024-10-11,Top 1-100,INFLOW,324730.24136672,1.698254399,551474.560889364
2024-10-11,Top 101-200,INFLOW,1572957.1534203799,1.698254399,2671281.405234678
2024-10-11,Top 201-300,OUTFLOW,-1155.3967027863837,1.698254399,1962.1575330970718
2024-10-11,Top 301-500,INFLOW,47736.02009792316,1.698254399,81067.90612205042
2024-10-11,Top 501-1000,INFLOW,65830.57222411233,1.698254399,111797.05886828598
2024-10-12,Top 1-100,OUTFLOW,-1769961.9739086502,1.929418313,3414997.045772978
2024-10-12,Top 101-200,INFLOW,1916382.6989009313,1.929418313,3697503.873975822
2024-10-12,Top 201-300,OUTFLOW,-142607.38995812385,1.929418313,275149.3097543365
2024-10-12,Top 301-500,OUTFLOW,-6076.6217160773085,1.929418313,11724.345220173045
2024-10-12,Top 501-1000,INFLOW,16581.528095681162,1.929418313,31992.70396533125
2024-10-13,Top 1-100,OUTFLOW,-235668.56213745,2.087656387,491994.9789613539
2024-10-13,Top 101-200,INFLOW,143091.95046017,2.087656387,298726.8243064615
2024-10-13,Top 201-300,INFLOW,101589.6828313635,2.087656387,212084.35021620026
2024-10-13,Top 301-500,INFLOW,19612.69684566308,2.087656387,40944.57183614328
2024-10-13,Top 501-1000,INFLOW,45386.31932176765,2.087656387,94751.03941450975
2024-10-14,Top 1-100,INFLOW,1039710.5530808246,2.059428408,2141209.449112042
2024-10-14,Top 101-200,OUTFLOW,-3165077.69775795,2.059428408,6518250.92428996
2024-10-14,Top 201-300,OUTFLOW,-152092.62624799288,2.059428408,313223.875142443
2024-10-14,Top 301-500,OUTFLOW,-106988.74381494243,2.059428408,220335.65834872672
2024-10-14,Top 501-1000,OUTFLOW,-88320.58604151936,2.059428408,181889.92390511325
2024-10-15,Top 1-100,INFLOW,775636.6732092099,2.404622981,1865113.7693052534
2024-10-15,Top 101-200,INFLOW,3418194.7470192984,2.404622981,8219469.642216086
2024-10-15,Top 201-300,OUTFLOW,-214269.21724537993,2.404622981,515236.68390912213
2024-10-15,Top 301-500,INFLOW,102034.88476274602,2.404622981,245355.42876418584
2024-10-15,Top 501-1000,INFLOW,36660.31866378011,2.404622981,88154.24474970887
2024-10-16,Top 1-100,OUTFLOW,-7082011.23386868,2.379924688,16854653.37617741
2024-10-16,Top 101-200,OUTFLOW,-335914.0762092122,2.379924688,799450.2030170176
2024-10-16,Top 201-300,INFLOW,61182.09469400486,2.379924688,145608.77762581597
2024-10-16,Top 301-500,INFLOW,69936.06837528852,2.379924688,166442.5757080052
2024-10-16,Top 501-1000,INFLOW,27350.634387884886,2.379924688,65092.45001218901
2024-10-17,Top 1-100,INFLOW,7571992.49207573,2.24107719,16969419.656842176
2024-10-17,Top 101-200,INFLOW,87836.03721634008,2.24107719,196847.33946553082
2024-10-17,Top 201-300,INFLOW,164116.4013496671,2.24107719,367797.5235696242
2024-10-17,Top 301-500,INFLOW,178427.87265624639,2.24107719,399870.63547013846
2024-10-17,Top 501-1000,INFLOW,77391.68971509633,2.24107719,173440.75051605998
2024-10-18,Top 1-100,INFLOW,31033.78571679996,2.118701557,65751.33011778844
2024-10-18,Top 101-200,INFLOW,988332.8623227398,2.118701557,2093982.3742374554
2024-10-18,Top 201-300,INFLOW,351485.95246304304,2.118701557,744693.8347470773
2024-10-18,Top 301-500,OUTFLOW,-3189.680483791599,2.118701557,6757.981007341774
2024-10-18,Top 501-1000,INFLOW,106433.89201699398,2.118701557,225501.65273397503
2024-10-19,Top 1-100,OUTFLOW,-206515.83241720928,2.366132114,488643.74313180114
2024-10-19,Top 101-200,INFLOW,127580.33936552191,2.366132114,301871.9380877798
2024-10-19,Top 201-300,OUTFLOW,-65460.82490200002,2.366132114,154888.96000955315
2024-10-19,Top 301-500,INFLOW,47779.64973087912,2.366132114,113052.96362390455
2024-10-19,Top 501-1000,INFLOW,31002.188166463682,2.366132114,73355.2730249405
2024-10-20,Top 1-100,OUTFLOW,-9316.544733599998,2.454972727,22871.863230863473
2024-10-20,Top 101-200,OUTFLOW,-265802.03598025,2.454972727,652536.7491125864
2024-10-20,Top 201-300,INFLOW,32040.214435689995,2.454972727,78657.85260685063
2024-10-20,Top 301-500,INFLOW,125425.79611648928,2.454972727,307916.90872824367
2024-10-20,Top 501-1000,INFLOW,44109.36067645857,2.454972727,108287.27746611206
2024-10-21,Top 1-100,INFLOW,87412.78777818999,2.415252653,211123.96758739935
2024-10-21,Top 101-200,OUTFLOW,-424446.18486539647,2.415252653,1025144.7740518773
2024-10-21,Top 201-300,OUTFLOW,-285946.62118795747,2.415252653,690633.3354406003
2024-10-21,Top 301-500,INFLOW,38632.79879995999,2.415252653,93307.96979441859
2024-10-21,Top 501-1000,INFLOW,53161.19508553976,2.415252653,128397.71746700046
2024-10-22,Top 1-100,INFLOW,82660.0786907794,2.269790485,187621.06010168235
2024-10-22,Top 101-200,OUTFLOW,-1476415.38824569,2.269790485,3351153.600147648
2024-10-22,Top 201-300,OUTFLOW,-230909.2960219017,2.269790485,524115.7230085609
2024-10-22,Top 301-500,INFLOW,86596.07021560273,2.269790485,196554.93621376698
2024-10-22,Top 501-1000,INFLOW,31282.533712114542,2.269790485,71004.79736644932
2024-10-23,Top 1-100,OUTFLOW,-256701.46267147007,2.314174818,594052.0606580831
2024-10-23,Top 101-200,OUTFLOW,-560231.784009373,2.314174818,1296474.2867977063
2024-10-23,Top 201-300,OUTFLOW,-139205.52899721,2.314174818,322145.9297317122
2024-10-23,Top 301-500,INFLOW,60087.59577743956,2.314174818,139053.20102231376
2024-10-23,Top 501-1000,INFLOW,15933.233478839233,2.314174818,36872.28768604429
2024-10-24,Top 1-100,INFLOW,182384.32064562,2.244315449,409327.94848033466
2024-10-24,Top 101-200,INFLOW,1199341.1430812431,2.244315449,2691699.8560385536
2024-10-24,Top 201-300,INFLOW,698783.409487312,2.244315449,1568290.4014172675
2024-10-24,Top 301-500,INFLOW,140162.2281063294,2.244315449,314568.2539052971
2024-10-24,Top 501-1000,INFLOW,56940.52214795309,2.244315449,127792.49353077779
2024-10-25,Top 1-100,INFLOW,2094982.88881276,2.201284815,4611654.020828362
2024-10-25,Top 101-200,INFLOW,1629577.4902303102,2.201284815,3587164.184109793
2024-10-25,Top 201-300,INFLOW,88913.4608817666,2.201284815,195723.85128812934
2024-10-25,Top 301-500,INFLOW,112350.47038160937,2.201284815,247315.38440914397
2024-10-25,Top 501-1000,OUTFLOW,-8112.831014081545,2.201284815,17858.651717958757
2024-10-26,Top 1-100,OUTFLOW,-510914.39101202996,1.904776115,973177.5288094854
2024-10-26,Top 101-200,INFLOW,90050.07970372005,1.904776115,171525.24097349224
2024-10-26,Top 201-300,OUTFLOW,-193322.47358436332,1.904776115,368236.0301762137
2024-10-26,Top 301-500,INFLOW,40640.833752947554,1.904776115,77411.6894263003
2024-10-26,Top 501-1000,OUTFLOW,-24643.11474124172,1.904776115,46939.61635832163
2024-10-27,Top 1-100,OUTFLOW,-317179.5592753666,2.010113171,637566.8096713896
2024-10-27,Top 101-200,INFLOW,117684.01315010013,2.010113171,236558.18484915348
2024-10-27,Top 201-300,INFLOW,313758.25048312836,2.010113171,630689.5918060534
2024-10-27,Top 301-500,OUTFLOW,-23416.462399999997,2.010113171,47069.739488466264
2024-10-27,Top 501-1000,OUTFLOW,-36291.061853702675,2.010113171,72949.14142170342
2024-10-28,Top 1-100,OUTFLOW,-685518.8896247004,2.043951362,1401167.268125134
2024-10-28,Top 101-200,INFLOW,151749.19478667015,2.043951362,310167.97336661775
2024-10-28,Top 201-300,INFLOW,285329.02849669766,2.043951362,583198.656413962
2024-10-28,Top 301-500,INFLOW,67180.18,2.043951362,137313.02041040515
2024-10-28,Top 501-1000,INFLOW,33730.71439084763,2.043951362,68943.93962040602
2024-10-29,Top 1-100,INFLOW,724371.9753112133,2.055465596,1488921.6739587602
2024-10-29,Top 101-200,INFLOW,560015.9208399601,2.055465596,1151093.4584987974
2024-10-29,Top 201-300,INFLOW,20526.606432968838,2.055465596,42191.73332559972
2024-10-29,Top 301-500,OUTFLOW,-40681.20168978373,2.055465596,83618.81047728752
2024-10-29,Top 501-1000,OUTFLOW,-24379.288490248648,2.055465596,50110.788746664875
2024-10-30,Top 1-100,INFLOW,414980.23692647665,2.092749246,868449.5779327853
2024-10-30,Top 101-200,INFLOW,279525.7789410262,2.092749246,584977.3631163952
2024-10-30,Top 201-300,OUTFLOW,-345813.5199411795,2.092749246,723700.9831135093
2024-10-30,Top 301-500,INFLOW,43390.32309094259,2.092749246,90805.06593226649
2024-10-30,Top 501-1000,OUTFLOW,-23601.154835260677,2.092749246,49391.29898622103
2024-10-31,Top 1-100,INFLOW,292137.93483988,2.007217809,586384.4654950887
2024-10-31,Top 101-200,INFLOW,493872.55145587993,2.007217809,991309.7806585111
2024-10-31,Top 201-300,INFLOW,5739.186136143613,2.007217809,11519.796621633359
2024-10-31,Top 301-500,OUTFLOW,-29149.67335392136,2.007217809,58509.743482523714
2024-10-31,Top 501-1000,INFLOW,119866.98545134599,2.007217809,240599.1479090856
2024-11-01,Top 1-100,INFLOW,469041.18443620997,1.924792795,902807.092361083
2024-11-01,Top 101-200,INFLOW,756929.4264073311,1.924792795,1456932.3062723137
2024-11-01,Top 201-300,INFLOW,61922.52989548001,1.924792795,119188.03939099202
2024-11-01,Top 301-500,OUTFLOW,-38532.79042572931,1.924792795,74167.63738268876
2024-11-01,Top 501-1000,OUTFLOW,-78750.50835081692,1.924792795,151578.41107623972
2024-11-02,Top 1-100,OUTFLOW,-655213.4011024712,1.879799549,1231669.8558911814
2024-11-02,Top 101-200,INFLOW,151009.73423835798,1.879799549,283868.0303158752
2024-11-02,Top 201-300,INFLOW,3946.458030836624,1.879799549,7418.550026514114
2024-11-02,Top 301-500,OUTFLOW,-22081.676279763094,1.879799549,41509.12511186266
2024-11-02,Top 501-1000,OUTFLOW,-25619.190826876707,1.879799549,48158.94336210777
2024-11-06,Top 1-100,OUTFLOW,-596783.37359004,1.767902324,1055054.713094392
2024-11-06,Top 101-200,INFLOW,280221.9324588662,1.767902324,495405.0056298006
2024-11-06,Top 201-300,OUTFLOW,-33524.3552297299,1.767902324,59267.78552124105
2024-11-06,Top 301-500,INFLOW,306772.3649925161,1.767902324,542343.5770092455
2024-11-06,Top 501-1000,OUTFLOW,-8945.879350196832,1.767902324,15815.44089343659
2024-11-11,Top 1-100,OUTFLOW,-795616.7766829241,2.113095848,1681214.50740783
2024-11-11,Top 101-200,INFLOW,3962991.5401220024,2.113095848,8374180.969090928
2024-11-11,Top 201-300,INFLOW,299090.80803604465,2.113095848,632007.5446359309
2024-11-11,Top 301-500,INFLOW,332326.442422354,2.113095848,702237.6256632874
2024-11-11,Top 501-1000,INFLOW,122662.53351254604,2.113095848,259197.69027052188
2024-11-12,Top 1-100,OUTFLOW,-1025178.0504928399,2.478192745,2540588.8070645994
2024-11-12,Top 101-200,INFLOW,887361.0533358797,2.478192745,2199051.724572535
2024-11-12,Top 201-300,INFLOW,570472.7144829463,2.478192745,1413741.3422520938
2024-11-12,Top 301-500,OUTFLOW,-13890.088005718688,2.478192745,34422.31532318357
2024-11-12,Top 501-1000,INFLOW,317677.793975504,2.478192745,787266.8042776986
2024-11-13,Top 1-100,INFLOW,2855714.2570187775,2.489946001,7110574.294262591
2024-11-13,Top 101-200,OUTFLOW,-1196495.8422460877,2.489946001,2979210.037613773
2024-11-13,Top 201-300,INFLOW,150863.79549804126,2.489946001,375642.70429602964
2024-11-13,Top 301-500,INFLOW,218067.02533542088,2.489946001,542975.1176838969
2024-11-13,Top 501-1000,OUTFLOW,-48442.41795246402,2.489946001,120619.0048595084
2024-11-14,Top 1-100,INFLOW,2104916.07216431,2.299505136,4840265.318790778
2024-11-14,Top 101-200,INFLOW,3904628.381442122,2.299505136,8978713.017297527
2024-11-14,Top 201-300,OUTFLOW,-197631.13344551055,2.299505136,454453.8063914529
2024-11-14,Top 301-500,OUTFLOW,-101016.62187170715,2.299505136,232288.24081536054
2024-11-14,Top 501-1000,OUTFLOW,-1718.2531030743557,2.299505136,3951.1318354674186
2024-11-15,Top 1-100,OUTFLOW,-1823093.4550163196,2.180194628,3974698.55696854
2024-11-15,Top 101-200,OUTFLOW,-568428.8791313001,2.180194628,1239285.588682122
2024-11-15,Top 201-300,INFLOW,180330.68575298143,2.180194628,393155.9923422063
2024-11-15,Top 301-500,INFLOW,111576.43693707982,2.180194628,243258.34842160222
2024-11-15,Top 501-1000,INFLOW,27154.17812977884,2.180194628,59201.39328629892
2024-11-16,Top 1-100,OUTFLOW,-377494.8888575798,2.306115835,870546.9408260297
2024-11-16,Top 101-200,OUTFLOW,-1725424.7384019166,2.306115835,3979029.3113293923
2024-11-16,Top 201-300,INFLOW,14301.567145327295,2.306115835,32981.070459155024
2024-11-16,Top 301-500,INFLOW,65371.73502789816,2.306115835,150754.7933092601
2024-11-16,Top 501-1000,OUTFLOW,-19910.94500621817,2.306115835,45916.9455686539
2024-11-17,Top 1-100,OUTFLOW,-638569.69995494,2.361653751,1508080.5271735287
2024-11-17,Top 101-200,INFLOW,687069.8315777177,2.361653751,1622621.0449444551
2024-11-17,Top 201-300,INFLOW,30423.181281221434,2.361653751,71849.02019014959
2024-11-17,Top 301-500,INFLOW,5835.022279669036,2.361653751,13780.30225394895
2024-11-17,Top 501-1000,OUTFLOW,-17156.451644144647,2.361653751,40517.59837924432
2024-11-18,Top 1-100,INFLOW,7657475.658343971,2.231084016,17084471.54424031
2024-11-18,Top 101-200,OUTFLOW,-11470586.022748407,2.231084016,25591841.129506983
2024-11-18,Top 201-300,INFLOW,161975.05539837386,2.231084016,361379.95709002647
2024-11-18,Top 301-500,INFLOW,34758.712270776596,2.231084016,77549.60736407273
2024-11-18,Top 501-1000,INFLOW,41958.16984613666,2.231084016,93612.20208432869
2024-11-19,Top 1-100,INFLOW,4173442.4558166154,2.395452999,9997285.246939838
2024-11-19,Top 101-200,INFLOW,2227684.397067841,2.395452999,5336313.269781668
2024-11-19,Top 201-300,INFLOW,70069.41751272816,2.395452999,167847.99631904782
2024-11-19,Top 301-500,INFLOW,29292.66832709327,2.395452999,70169.2101928479
2024-11-19,Top 501-1000,INFLOW,25425.245875545195,2.395452999,60904.981482887124
2024-11-20,Top 1-100,INFLOW,204650.26254723477,2.292645027,469190.4067031621
2024-11-20,Top 101-200,INFLOW,4014481.8047333327,2.292645027,9203781.74560386
2024-11-20,Top 201-300,INFLOW,498558.78527083754,2.292645027,1143018.3197183465
2024-11-20,Top 301-500,INFLOW,218020.86609336128,2.292645027,499844.45443117764
2024-11-20,Top 501-1000,INFLOW,68936.92727519847,2.292645027,158047.9034941444
2024-11-21,Top 1-100,INFLOW,28945440.909665853,2.122282387,61430399.426533096
2024-11-21,Top 101-200,INFLOW,3197295.7223594086,2.122282387,6785564.397593815
2024-11-21,Top 201-300,INFLOW,197932.3968794883,2.122282387,420068.43971403176
2024-11-21,Top 301-500,OUTFLOW,-148602.97937476964,2.122282387,315377.48578279786
2024-11-21,Top 501-1000,INFLOW,23894.96446281587,2.122282387,50711.862217425034
2024-11-22,Top 1-100,INFLOW,511475.9452276099,2.251093648,1151380.2514066685
2024-11-22,Top 101-200,INFLOW,3012845.10928741,2.251093648,6782196.487924755
2024-11-22,Top 201-300,OUTFLOW,-46718.5027523374,2.251093648,105167.72478985724
2024-11-22,Top 301-500,INFLOW,217995.8619942412,2.251093648,490729.1002255209
2024-11-22,Top 501-1000,INFLOW,10940.200354791217,2.251093648,24627.415526517856
2024-11-23,Top 1-100,OUTFLOW,-2864931.4434145195,2.243149338,6426469.070710664
2024-11-23,Top 101-200,INFLOW,370414.96817238396,2.243149338,830896.0906411741
2024-11-23,Top 201-300,INFLOW,15533.362252699575,2.243149338,34843.65125405724
2024-11-23,Top 301-500,INFLOW,137064.59718117563,2.243149338,307456.36043019075
2024-11-23,Top 501-1000,INFLOW,72951.50452946755,2.243149338,163641.11909137914
2024-11-24,Top 1-100,OUTFLOW,-3257698.38956105,2.423030419,7893502.293833736
2024-11-24,Top 101-200,OUTFLOW,-307313.25995007,2.423030419,744629.377021074
2024-11-24,Top 201-300,INFLOW,491509.38180261594,2.423030419,1190942.1833316234
2024-11-24,Top 301-500,INFLOW,157762.51037660314,2.423030419,382263.3616203125
2024-11-24,Top 501-1000,OUTFLOW,-29779.113496244478,2.423030419,72155.69785225381
2024-11-25,Top 1-100,INFLOW,2267700.4050491904,2.546664251,5775071.553516993
2024-11-25,Top 101-200,INFLOW,542159.812302371,2.546664251,1380699.0123193183
2024-11-25,Top 201-300,INFLOW,136622.48642249077,2.546664251,347931.6020548901
2024-11-25,Top 301-500,INFLOW,88058.36229825759,2.546664251,224255.08326657882
2024-11-25,Top 501-1000,INFLOW,20131.598953851935,2.546664251,51268.42337124373
2024-11-26,Top 1-100,OUTFLOW,-240001.9901704999,2.435597937,584548.3521351637
2024-11-26,Top 101-200,INFLOW,1341682.32524424,2.435597937,3267798.703474234
2024-11-26,Top 201-300,INFLOW,152886.10423456316,2.435597937,372369.08006966894
2024-11-26,Top 301-500,INFLOW,118582.22259947218,2.435597937,288818.6167281492
2024-11-26,Top 501-1000,INFLOW,77674.77538275089,2.435597937,189184.52267916643
2024-11-27,Top 1-100,OUTFLOW,-5652004.677317373,2.350459466,13284807.895676898
2024-11-27,Top 101-200,INFLOW,39648.15014616493,2.350459466,93191.36982044266
2024-11-27,Top 201-300,INFLOW,188660.11975066666,2.350459466,443437.9643246481
2024-11-27,Top 301-500,OUTFLOW,-88775.93790319623,2.350459466,208664.24359759578
2024-11-27,Top 501-1000,INFLOW,74879.89484179448,2.350459466,176002.1576439804
2024-11-28,Top 1-100,INFLOW,1309025.9617820205,2.539382332,3324117.3994785706
2024-11-28,Top 101-200,OUTFLOW,-1477752.477649638,2.539382332,3752578.532812716
2024-11-28,Top 201-300,OUTFLOW,-265263.1786195425,2.539382332,673604.6291166265
2024-11-28,Top 301-500,OUTFLOW,-20292.842088380712,2.539382332,51531.284665299965
2024-11-28,Top 501-1000,INFLOW,136266.07037572953,2.539382332,346031.6515631962
2024-11-29,Top 1-100,INFLOW,998289.7494959601,2.93993081,2934902.791850355
2024-11-29,Top 101-200,OUTFLOW,-439199.39435245586,2.93993081,1291215.8311901249
2024-11-29,Top 201-300,INFLOW,469488.81927805475,2.93993081,1380264.6447460752
2024-11-29,Top 301-500,INFLOW,129966.31007986183,2.93993081,382091.9592657993
2024-11-29,Top 501-1000,INFLOW,33255.64119874142,2.93993081,97769.28416648522
2024-11-30,Top 1-100,OUTFLOW,-301185.06413155515,2.927351311,881674.492339127
2024-11-30,Top 101-200,OUTFLOW,-329846.80254631,2.927351311,965577.4698630987
2024-11-30,Top 201-300,OUTFLOW,-103046.37216025766,2.927351311,301652.93263712415
2024-11-30,Top 301-500,INFLOW,71717.14227158995,2.927351311,209941.27044991235
2024-11-30,Top 501-1000,INFLOW,112576.90139784885,2.927351311,329552.13989531057
2024-12-01,Top 1-100,OUTFLOW,-191078.44866849994,3.648791655,697205.4489519685
2024-12-01,Top 101-200,INFLOW,640669.9808873404,3.648791655,2337671.2798707373
2024-12-01,Top 201-300,INFLOW,67811.3510846537,3.648791655,247429.49195195962
2024-12-01,Top 301-500,INFLOW,17210.32790846532,3.648791655,62796.90085222186
2024-12-01,Top 501-1000,OUTFLOW,-26511.85215995228,3.648791655,96736.22491982761
2024-12-02,Top 1-100,OUTFLOW,-2894377.2670885,3.400002084,9840888.739983125
2024-12-02,Top 101-200,INFLOW,149694.56410216982,3.400002084,508961.829910849
2024-12-02,Top 201-300,INFLOW,185183.43633862192,3.400002084,629624.0694735958
2024-12-02,Top 301-500,OUTFLOW,-40881.43181493186,3.400002084,138996.95336767222
2024-12-02,Top 501-1000,INFLOW,54785.1218548684,3.400002084,186269.5284787465
2024-12-03,Top 1-100,OUTFLOW,-59535592.39361542,3.284857131,195565915.22247696
2024-12-03,Top 101-200,OUTFLOW,-255413.87004237017,3.284857131,838998.0723649869
2024-12-03,Top 201-300,OUTFLOW,-127114.14433425642,3.284857131,417551.8034673454
2024-12-03,Top 301-500,INFLOW,340335.9144152412,3.284857131,1117954.8554023108
2024-12-03,Top 501-1000,OUTFLOW,-23342.89949816039,3.284857131,76678.08987474848
2024-12-04,Top 1-100,OUTFLOW,-2430527.605215119,3.320685957,8071018.886738686
2024-12-04,Top 101-200,INFLOW,1979208.6353317099,3.320685957,6572330.321319142
2024-12-04,Top 201-300,INFLOW,325977.5380062881,3.320685957,1082469.0327549146
2024-12-04,Top 301-500,OUTFLOW,-97021.50941667947,3.320685957,322177.96384691074
2024-12-04,Top 501-1000,OUTFLOW,-34230.65643839838,3.320685957,113669.26013388112
2024-12-05,Top 1-100,OUTFLOW,-27811261.382734492,3.282053288,91278041.86463118
2024-12-05,Top 101-200,INFLOW,1746166.066445377,3.282053288,5731010.079771076
2024-12-05,Top 201-300,INFLOW,89660.18188605591,3.282053288,294269.49476180784
2024-12-05,Top 301-500,OUTFLOW,-1505.0497266707243,3.282053288,4939.653404023153
2024-12-05,Top 501-1000,INFLOW,189760.7442787216,3.282053288,622804.8746933055
2024-12-06,Top 1-100,OUTFLOW,-18109284.295737393,3.742941129,67781985.0072693
2024-12-06,Top 101-200,INFLOW,3660162.2083669584,3.742941129,13699771.668508157
2024-12-06,Top 201-300,INFLOW,70611.11047968216,3.742941129,264293.2295787653
2024-12-06,Top 301-500,OUTFLOW,-121565.60454970994,3.742941129,455012.9011408589
2024-12-06,Top 501-1000,OUTFLOW,-51042.18108750146,3.742941129,191047.87890627517
2024-12-07,Top 1-100,INFLOW,880151.8336026147,3.926225016,3455674.1469688555
2024-12-07,Top 101-200,OUTFLOW,-3210.989582859911,3.926225016,12607.067626339987
2024-12-07,Top 201-300,INFLOW,289469.6364715897,3.926225016,1136522.9280871814
2024-12-07,Top 301-500,INFLOW,119775.16133492268,3.926225016,470264.2347286094
2024-12-07,Top 501-1000,INFLOW,53475.02072519215,3.926225016,209954.9641023679
2024-12-08,Top 1-100,INFLOW,472194.01050730003,3.788369948,1788845.5990314519
2024-12-08,Top 101-200,INFLOW,2712334.4325474603,3.788369948,10275326.253188431
2024-12-08,Top 201-300,INFLOW,20470.848956428643,3.788369948,77551.14899658144
2024-12-08,Top 301-500,OUTFLOW,-164694.76251332223,3.788369948,623924.6888984669
2024-12-08,Top 501-1000,OUTFLOW,-6465.721554083662,3.788369948,24494.545227626404
2024-12-09,Top 1-100,OUTFLOW,-10791134.63335016,3.808220044,41095015.20822667
2024-12-09,Top 101-200,INFLOW,1864181.9026245442,3.808220044,7099214.887236846
2024-12-09,Top 201-300,INFLOW,546809.7036860135,3.808220044,2082371.6738307772
2024-12-09,Top 301-500,INFLOW,107030.33163789313,3.808220044,407595.05425939197
2024-12-09,Top 501-1000,INFLOW,106520.73932937245,3.808220044,405654.4146158153
2024-12-10,Top 1-100,OUTFLOW,-563881.6737987027,2.94464943,1660433.8493387958
2024-12-10,Top 101-200,OUTFLOW,-848683.0462514334,2.94464943,2499074.0483949473
2024-12-10,Top 201-300,OUTFLOW,-445055.418151287,2.94464943,1310532.183377599
2024-12-10,Top 301-500,INFLOW,22234.9321595534,2.94464943,65474.08030971759
2024-12-10,Top 501-1000,INFLOW,19711.440765943582,2.94464943,58043.282815914536
2024-12-11,Top 1-100,INFLOW,5497660.56750582,2.834786273,15584692.710378889
2024-12-11,Top 101-200,OUTFLOW,-95031.520224615,2.834786273,269394.0490350605
2024-12-11,Top 201-300,INFLOW,328461.817921317,2.834786273,931119.0526479749
2024-12-11,Top 301-500,INFLOW,168223.19816609423,2.834786273,476876.8129614027
2024-12-11,Top 501-1000,INFLOW,40838.911302621884,2.834786273,115769.58516493707
2024-12-12,Top 1-100,INFLOW,1779206.9884956968,3.123450801,5557265.493361683
2024-12-12,Top 101-200,INFLOW,220529.3670949617,3.123450801,688812.6282967812
2024-12-12,Top 201-300,INFLOW,89701.39611705003,3.123450801,280177.89755261823
2024-12-12,Top 301-500,OUTFLOW,-34930.509861891886,3.123450801,109103.72900746462
2024-12-12,Top 501-1000,OUTFLOW,-2591.3824766859325,3.123450801,8094.05567250204
2024-12-13,Top 1-100,INFLOW,150677.47923241006,3.064794257,461795.4730107271
2024-12-13,Top 101-200,OUTFLOW,-263010.6843853197,3.064794257,806073.6350337674
2024-12-13,Top 201-300,OUTFLOW,-164580.89763750992,3.064794257,504406.58989134524
2024-12-13,Top 301-500,OUTFLOW,-54947.54734741457,3.064794257,168402.92754659176
2024-12-13,Top 501-1000,INFLOW,30501.867495516402,3.064794257,93481.94832803364
2024-12-14,Top 1-100,INFLOW,831689.74766359,3.072886649,2555688.3217056245
2024-12-14,Top 101-200,INFLOW,606500.232398079,3.072886649,1863706.4667514542
2024-12-14,Top 201-300,OUTFLOW,-21034.406024680007,3.072886649,64636.34544288436
2024-12-14,Top 301-500,OUTFLOW,-73003.62972444561,3.072886649,224331.87910878845
2024-12-14,Top 501-1000,OUTFLOW,-63035.96313397534,3.072886649,193702.36952124903
2024-12-15,Top 1-100,INFLOW,643394.91304378,2.921161138,1879460.2163703796
2024-12-15,Top 101-200,OUTFLOW,-1196156.711188634,2.921161138,3494166.499682127
2024-12-15,Top 201-300,INFLOW,48869.41477335154,2.921161138,142755.43527271762
2024-12-15,Top 301-500,INFLOW,23914.163284420298,2.921161138,69857.12443423501
2024-12-15,Top 501-1000,INFLOW,107675.76950985451,2.921161138,314538.2733964323
2024-12-16,Top 1-100,OUTFLOW,-3189655.498683301,3.060766506,9762790.716048574
2024-12-16,Top 101-200,INFLOW,652911.0863402286,3.060766506,1998408.3844662458
2024-12-16,Top 201-300,INFLOW,41265.18228378997,3.060766506,126303.08779820893
2024-12-16,Top 301-500,INFLOW,78405.33931889123,3.060766506,239980.43647882715
2024-12-16,Top 501-1000,INFLOW,3243.934611946257,3.060766506,9928.926407899211
2024-12-17,Top 1-100,INFLOW,3324547.7805244597,2.867952061,9534643.6590481
2024-12-17,Top 101-200,INFLOW,1565425.6319015394,2.867952061,4489565.6673542475
2024-12-17,Top 201-300,OUTFLOW,-111669.83794363297,2.867952061,320263.7418819782
2024-12-17,Top 301-500,OUTFLOW,-35421.654165310116,2.867952061,101587.60606743039
2024-12-17,Top 501-1000,INFLOW,35531.26731513356,2.867952061,101901.97132637924
2024-12-18,Top 1-100,INFLOW,700553.4253555059,2.704738427,1894813.769725513
2024-12-18,Top 101-200,INFLOW,1324434.7312719673,2.704738427,3582249.5117247086
2024-12-18,Top 201-300,INFLOW,96914.54728424002,2.704738427,262128.50017499248
2024-12-18,Top 301-500,OUTFLOW,-73464.62978634976,2.704738427,198702.607208469
2024-12-18,Top 501-1000,INFLOW,9896.702152947342,2.704738427,26767.99061365031
2024-12-19,Top 1-100,OUTFLOW,-9444631.886327676,2.419984065,22855858.66470387
2024-12-19,Top 101-200,OUTFLOW,-687466.541310006,2.419984065,1663658.075190879
2024-12-19,Top 201-300,INFLOW,435879.42031430115,2.419984065,1054821.251422046
2024-12-19,Top 301-500,INFLOW,251368.88697348104,2.419984065,608308.7009126102
2024-12-19,Top 501-1000,INFLOW,191179.1689164978,2.419984065,462650.54233786796
2024-12-20,Top 1-100,OUTFLOW,-292778.31730541284,2.20256138,644862.2145982881
2024-12-20,Top 101-200,OUTFLOW,-8398270.32776431,2.20256138,18497705.882733613
2024-12-20,Top 201-300,INFLOW,99129.47446659213,2.20256138,218338.75207981194
2024-12-20,Top 301-500,OUTFLOW,-24797.347061449836,2.20256138,54617.6789640059
2024-12-20,Top 501-1000,INFLOW,12740.330409345886,2.20256138,28061.359728064843
2024-12-21,Top 1-100,INFLOW,4208523.08715875,2.369309321,9971292.97804892
2024-12-21,Top 101-200,INFLOW,1587468.6619743903,2.369309321,3761204.297611321
2024-12-21,Top 201-300,INFLOW,149258.34441518004,2.369309321,353639.1866599143
2024-12-21,Top 301-500,OUTFLOW,-83451.94123048015,2.369309321,197723.46221292083
2024-12-21,Top 501-1000,OUTFLOW,-48875.05960275432,2.369309321,115800.13428123636
2024-12-22,Top 1-100,INFLOW,878331.4607794192,2.179932241,1914703.0696376828
2024-12-22,Top 101-200,OUTFLOW,-27372.02535413002,2.179932241,59669.16057093747
2024-12-22,Top 201-300,INFLOW,22058.18052057001,2.179932241,48085.33889458873
2024-12-22,Top 301-500,INFLOW,74231.99542302104,2.179932241,161820.720136408
2024-12-22,Top 501-1000,OUTFLOW,-1768.5953844841424,2.179932241,3855.418099920773
2024-12-23,Top 1-100,INFLOW,711170.4842462328,2.213622939,1574263.297467199
2024-12-23,Top 101-200,INFLOW,60579.972899920016,2.213622939,134101.2176552613
2024-12-23,Top 201-300,INFLOW,127914.89665990771,2.213622939,283155.34948618617
2024-12-23,Top 301-500,OUTFLOW,-14672.470234592969,2.213622939,32479.316683089706
2024-12-23,Top 501-1000,INFLOW,46269.97414488023,2.213622939,102424.27615404378
2024-12-24,Top 1-100,OUTFLOW,-1154994.7682100297,2.316283055,2675294.810218544
2024-12-24,Top 101-200,OUTFLOW,-382816.94745811017,2.316283055,886712.4085640459
2024-12-24,Top 201-300,INFLOW,257896.42658404526,2.316283055,597361.1228416755
2024-12-24,Top 301-500,OUTFLOW,-38818.23739642899,2.316283055,89914.02550631578
2024-12-24,Top 501-1000,OUTFLOW,-38752.5844421471,2.316283055,89761.95468080195
2024-12-25,Top 1-100,OUTFLOW,-4776733.2507889,2.365600901,11299844.48190288
2024-12-25,Top 101-200,OUTFLOW,-215963.85417741997,2.365600901,510884.28802553733
2024-12-25,Top 201-300,INFLOW,20171.646147340012,2.365600901,47718.06430080071
2024-12-25,Top 301-500,INFLOW,181219.37761353818,2.365600901,428692.72296124516
2024-12-25,Top 501-1000,INFLOW,23241.03218917438,2.365600901,54979.00668688092
2024-12-26,Top 1-100,OUTFLOW,-303806.2050093,2.300453749,698892.1232831068
2024-12-26,Top 101-200,INFLOW,1675926.0207863364,2.300453749,3855390.297564579
2024-12-26,Top 201-300,INFLOW,44624.05925467999,2.300453749,102655.58440802673
2024-12-26,Top 301-500,INFLOW,61863.30750887554,2.300453749,142313.6776843326
2024-12-26,Top 501-1000,INFLOW,98401.18926133843,2.300453749,226367.3847423045
2024-12-27,Top 1-100,OUTFLOW,-539106.8304454606,2.180970751,1175776.2288658659
2024-12-27,Top 101-200,INFLOW,55677.40090953489,2.180970751,121430.78287539638
2024-12-27,Top 201-300,INFLOW,479943.87005642,2.180970751,1046743.5427147966
2024-12-27,Top 301-500,OUTFLOW,-94250.08170051327,2.180970751,205556.67146817976
2024-12-27,Top 501-1000,INFLOW,33687.30055971262,2.180970751,73471.01720087914
2024-12-28,Top 1-100,INFLOW,138586.08350654,2.178256425,301876.02681370726
2024-12-28,Top 101-200,OUTFLOW,-201167.6707403381,2.178256425,438194.7712924259
2024-12-28,Top 201-300,OUTFLOW,-94938.65238405,2.178256425,206800.72953639846
2024-12-28,Top 301-500,INFLOW,50205.76693989846,2.178256425,109361.0344088864
2024-12-28,Top 501-1000,INFLOW,5539.961669867938,2.178256425,12067.457101643564
2024-12-29,Top 1-100,OUTFLOW,-755325.63528869,2.226596347,1681805.3003292514
2024-12-29,Top 101-200,OUTFLOW,-995125.89925295,2.226596347,2215743.6920817085
2024-12-29,Top 201-300,INFLOW,102270.56858567,2.226596347,227715.2744184658
2024-12-29,Top 301-500,INFLOW,202249.44233533714,2.226596347,450327.8694866488
2024-12-29,Top 501-1000,OUTFLOW,-6027.983158156072,2.226596347,13421.885279727834
2024-12-30,Top 1-100,OUTFLOW,-6534104.51191063,2.108976354,13780271.910184233
2024-12-30,Top 101-200,INFLOW,1347432.5984861003,2.108976354,2841703.488815962
2024-12-30,Top 201-300,INFLOW,10041.797045739984,2.108976354,21177.912521132686
2024-12-30,Top 301-500,INFLOW,91893.41418462088,2.108976354,193801.03760369364
2024-12-30,Top 501-1000,INFLOW,13990.925112397046,2.108976354,29506.530232630164
2024-12-31,Top 1-100,OUTFLOW,-1922732.62008602,2.073456462,3986702.375815549
2024-12-31,Top 101-200,OUTFLOW,-326816.34187318623,2.073456462,677639.4559441591
2024-12-31,Top 201-300,OUTFLOW,-75026.13883665,2.073456462,155563.4323897611
2024-12-31,Top 301-500,OUTFLOW,-38933.500897187216,2.073456462,80726.91902355562
2024-12-31,Top 501-1000,INFLOW,36511.6189572584,2.073456462,75705.25226500911
2025-01-01,Top 1-100,INFLOW,5059354.957125047,2.087107345,10559416.891977847
2025-01-01,Top 101-200,OUTFLOW,-280686.95495146,2.087107345,585823.8053248763
2025-01-01,Top 201-300,OUTFLOW,-89049.05861979,2.087107345,185854.94431069927
2025-01-01,Top 301-500,INFLOW,207616.04886438692,2.087107345,433316.9805247409
2025-01-01,Top 501-1000,OUTFLOW,-36172.04870136534,2.087107345,75494.94852831731
2025-01-02,Top 1-100,INFLOW,480984.3585673806,2.214127117,1064960.5111568884
2025-01-02,Top 101-200,INFLOW,495579.5724212851,2.214127117,1097276.1699292327
2025-01-02,Top 201-300,INFLOW,537373.7075177507,2.214127117,1189813.6977778785
2025-01-02,Top 301-500,INFLOW,137738.47701726423,2.214127117,304970.497018206
2025-01-02,Top 501-1000,INFLOW,31040.652496950584,2.214127117,68727.95042287205
2025-01-03,Top 1-100,OUTFLOW,-111206.59593418002,2.29235531,254925.03069674197
2025-01-03,Top 101-200,OUTFLOW,-150880.6068758997,2.29235531,345871.9603479912
2025-01-03,Top 201-300,INFLOW,183171.8063148909,2.29235531,419894.86284823174
2025-01-03,Top 301-500,INFLOW,159646.70110608713,2.29235531,365966.96300452173
2025-01-03,Top 501-1000,OUTFLOW,-18921.393209739297,2.29235531,43374.55619694382
2025-01-04,Top 1-100,INFLOW,1329676.0633198302,2.402037978,3193932.402531765
2025-01-04,Top 101-200,OUTFLOW,-233920.83386991997,2.402037978,561886.7268009764
2025-01-04,Top 201-300,OUTFLOW,-4371.1529706099955,2.402037978,10499.675443052727
2025-01-04,Top 301-500,INFLOW,13479.44451795111,2.402037978,32378.13765446247
2025-01-04,Top 501-1000,INFLOW,75236.58709321292,2.402037978,180721.13953300208
2025-01-05,Top 1-100,OUTFLOW,-1103055.1196512165,2.381615996,2627053.717431031
2025-01-05,Top 101-200,INFLOW,534675.01741867,2.381615996,1273390.574145883
2025-01-05,Top 201-300,INFLOW,19075.393325929996,2.381615996,45430.26187502652
2025-01-05,Top 301-500,INFLOW,47287.32241821247,2.381615996,112620.24347922421
2025-01-05,Top 501-1000,INFLOW,65166.0884757828,2.381615996,155200.59871067558
2025-01-06,Top 1-100,INFLOW,2375465.9792706575,2.419235336,5746811.236517418
2025-01-06,Top 101-200,OUTFLOW,-194799.76216520718,2.419235336,471266.46807446505
2025-01-06,Top 201-300,INFLOW,64420.85851096529,2.419235336,155849.21728518358
2025-01-06,Top 301-500,INFLOW,72576.04215678835,2.419235336,175578.525732728
2025-01-06,Top 501-1000,INFLOW,30889.892586169168,2.419235336,74729.91966970488
2025-01-07,Top 1-100,OUTFLOW,-964525.0085685478,2.612576161,2519895.0440745084
2025-01-07,Top 101-200,INFLOW,3147159.9869315717,2.612576161,8222195.156710495
2025-01-07,Top 201-300,OUTFLOW,-43332.22989734633,2.612576161,113208.7508327785
2025-01-07,Top 301-500,INFLOW,83317.1309169766,2.612576161,217672.35003660913
2025-01-07,Top 501-1000,INFLOW,100084.82287360817,2.612576161,261479.2223174962
2025-01-08,Top 1-100,OUTFLOW,-557722.0335937777,2.343300555,1306910.3508560278
2025-01-08,Top 101-200,OUTFLOW,-77332.46638324391,2.343300555,181213.2113953743
2025-01-08,Top 201-300,INFLOW,139666.68184574996,2.343300555,327281.0130841543
2025-01-08,Top 301-500,OUTFLOW,-204186.54240097036,2.343300555,478470.43813172483
2025-01-08,Top 501-1000,OUTFLOW,-27718.52315636407,2.343300555,64952.83069608828
2025-01-09,Top 1-100,OUTFLOW,-881218.7302705,2.202113994,1940544.097703579
2025-01-09,Top 101-200,INFLOW,303132.91427919664,2.202113994,667533.2325762213
2025-01-09,Top 201-300,INFLOW,194267.21595651968,2.202113994,427798.55483327206
2025-01-09,Top 301-500,OUTFLOW,-47446.7802003604,2.202113994,104483.21864945575
2025-01-09,Top 501-1000,INFLOW,5133.749827650128,2.202113994,11305.102337163435
2025-01-10,Top 1-100,INFLOW,738499.1405040004,2.12267039,1567590.2585882912
2025-01-10,Top 101-200,OUTFLOW,-3276945.4128322797,2.12267039,6955874.997465407
2025-01-10,Top 201-300,INFLOW,87220.87093270101,2.12267039,185141.16011885615
2025-01-10,Top 301-500,INFLOW,34538.585579599196,2.12267039,73314.0329222962
2025-01-10,Top 501-1000,INFLOW,10016.598861692284,2.12267039,21261.937812221917
2025-01-11,Top 1-100,OUTFLOW,-718315.2523688399,2.165125495,1555242.6663511344
2025-01-11,Top 101-200,OUTFLOW,-32880.43854093,2.165125495,71190.27577174814
2025-01-11,Top 201-300,OUTFLOW,-107748.86638919999,2.165125495,233289.81767660548
2025-01-11,Top 301-500,INFLOW,12311.170002437866,2.165125495,26655.228045557433
2025-01-11,Top 501-1000,INFLOW,35053.69374768421,2.165125495,75895.64602703317
2025-01-12,Top 1-100,INFLOW,220089.86210185,2.19163398,482356.42043592874
2025-01-12,Top 101-200,INFLOW,400007.48449075,2.19163398,876669.9952642508
2025-01-12,Top 201-300,OUTFLOW,-197267.71130988997,2.19163398,432338.6192635852
2025-01-12,Top 301-500,OUTFLOW,-17483.169778972522,2.19163398,38316.70896570527
2025-01-12,Top 501-1000,INFLOW,22156.386129825936,2.19163398,48558.68871612722
2025-01-13,Top 1-100,INFLOW,4545750.084776729,2.139118863,9723899.752829751
2025-01-13,Top 101-200,INFLOW,439295.3126341086,2.139118863,939704.889683104
2025-01-13,Top 201-300,INFLOW,413835.61050397775,2.139118863,885243.5606101798
2025-01-13,Top 301-500,INFLOW,111684.79490875956,2.139118863,238907.05149961397
2025-01-13,Top 501-1000,INFLOW,214830.22761118785,2.139118863,459547.3922256754
2025-01-14,Top 1-100,OUTFLOW,-269834.23710897984,1.961081812,529167.0146493159
2025-01-14,Top 101-200,OUTFLOW,-1836790.961924414,1.961081812,3602097.3478759527
2025-01-14,Top 201-300,INFLOW,427039.73077808006,1.961081812,837459.8490302694
2025-01-14,Top 301-500,INFLOW,91147.24884735796,1.961081812,178747.21192839165
2025-01-14,Top 501-1000,INFLOW,57984.53628029897,1.961081812,113712.41947654844
2025-01-15,Top 1-100,OUTFLOW,-371643.5995096994,2.040460574,758324.1123789873
2025-01-15,Top 101-200,OUTFLOW,-137905.74806418008,2.040460574,281391.2418529363
2025-01-15,Top 201-300,OUTFLOW,-23218.95429899826,2.040460574,47377.36081661375
2025-01-15,Top 301-500,INFLOW,65142.36702597144,2.040460574,132920.43161353236
2025-01-15,Top 501-1000,OUTFLOW,-54070.98143317191,2.040460574,110329.7058118733
2025-01-16,Top 1-100,INFLOW,1071245.93785985,2.215535089,2373382.964277211
2025-01-16,Top 101-200,INFLOW,560502.4398215017,2.215535089,1241812.822894648
2025-01-16,Top 201-300,INFLOW,328646.0521399409,2.215535089,728126.8603773626
2025-01-16,Top 301-500,INFLOW,105632.14830693812,2.215535089,234031.73110047332
2025-01-16,Top 501-1000,INFLOW,28800.06230924875,2.215535089,63807.548611526974
2025-01-17,Top 1-100,INFLOW,5526646.55975591,2.151004797,11887843.26135851
2025-01-17,Top 101-200,OUTFLOW,-1670772.7127808998,2.151004797,3593840.119888419
2025-01-17,Top 201-300,INFLOW,19551.208442579984,2.151004797,42054.74314713645
2025-01-17,Top 301-500,INFLOW,408396.77097231755,2.151004797,878463.4134407655
2025-01-17,Top 501-1000,INFLOW,57083.93516983038,2.151004797,122787.81838194217
2025-01-18,Top 1-100,OUTFLOW,-7034717.51597179,2.300474396,16183187.528585823
2025-01-18,Top 101-200,INFLOW,832959.790431516,2.300474396,1916202.6707852283
2025-01-18,Top 201-300,INFLOW,126687.61651689997,2.300474396,291441.61808739504
2025-01-18,Top 301-500,OUTFLOW,-108177.22856600984,2.300474396,248858.94454634542
2025-01-18,Top 501-1000,INFLOW,43794.80823684759,2.300474396,100748.83502659778
2025-01-19,Top 1-100,INFLOW,3486784.3122175606,2.144064264,7475889.64010149
2025-01-19,Top 101-200,INFLOW,27453.017385290237,2.144064264,58861.03351477151
2025-01-19,Top 201-300,INFLOW,336517.90289068304,2.144064264,721516.0097841357
2025-01-19,Top 301-500,INFLOW,394157.3307888709,2.144064264,845098.6473380451
2025-01-19,Top 501-1000,OUTFLOW,-58501.49621728636,2.144064264,125430.96743001485
2025-01-20,Top 1-100,OUTFLOW,-2283339.537168,1.903638321,4346652.642807408
2025-01-20,Top 101-200,INFLOW,4450175.49210297,1.903638321,8471524.601942247
2025-01-20,Top 201-300,OUTFLOW,-42109.414573342714,1.903638321,80161.09525669106
2025-01-20,Top 301-500,OUTFLOW,-224454.99362983182,1.903638321,427281.12721355876
2025-01-20,Top 501-1000,INFLOW,19098.687995517364,1.903638321,36356.99434908953
2025-01-21,Top 1-100,OUTFLOW,-169834.63032809884,1.885468553,320217.8546940104
2025-01-21,Top 101-200,OUTFLOW,-737327.4461421997,1.885468553,1390207.7129649187
2025-01-21,Top 201-300,OUTFLOW,-27479.733441005577,1.885468553,51812.173247838495
2025-01-21,Top 301-500,INFLOW,369624.7610622405,1.885468553,696915.8633929933
2025-01-21,Top 501-1000,INFLOW,25720.40554594845,1.885468553,48495.0158272926
2025-01-22,Top 1-100,INFLOW,411486.35585353,2.135803683,878854.0743362178
2025-01-22,Top 101-200,OUTFLOW,-1478531.4444094095,2.135803683,3157852.9044009265
2025-01-22,Top 201-300,OUTFLOW,-10136.911795638094,2.135803683,21650.453547369983
2025-01-22,Top 301-500,OUTFLOW,-111483.0213404916,2.135803683,238105.84757098954
2025-01-22,Top 501-1000,INFLOW,141387.7056553668,2.135803683,301976.3824696523
2025-01-23,Top 1-100,INFLOW,3202896.820763942,2.314110057,7411855.744463164
2025-01-23,Top 101-200,OUTFLOW,-467648.66360464436,2.314110057,1082190.4755901175
2025-01-23,Top 201-300,INFLOW,135975.74215951405,2.314110057,314662.8324393704
2025-01-23,Top 301-500,INFLOW,85667.98842889228,2.314110057,198245.15358625926
2025-01-23,Top 501-1000,INFLOW,11290.530505891453,2.314110057,26127.53019254871
2025-01-24,Top 1-100,OUTFLOW,-1045452.73318779,2.268137611,2371230.6646659747
2025-01-24,Top 101-200,INFLOW,382519.45093440055,2.268137611,867606.7536033831
2025-01-24,Top 201-300,OUTFLOW,-165241.62576989285,2.268137611,374790.7463114808
2025-01-24,Top 301-500,OUTFLOW,-118826.83851880251,2.268137611,269515.62164071953
2025-01-24,Top 501-1000,OUTFLOW,-27577.72292598468,2.268137611,62550.070594162826
2025-01-25,Top 1-100,INFLOW,31661.707960659987,2.130090328,67442.29789496245
2025-01-25,Top 101-200,OUTFLOW,-1157944.9102134402,2.130090328,2466527.2536024773
2025-01-25,Top 201-300,OUTFLOW,-168151.41603470006,2.130090328,358177.70493501873
2025-01-25,Top 301-500,OUTFLOW,-26473.803035152458,2.130090328,56391.5917905553
2025-01-25,Top 501-1000,OUTFLOW,-21498.066309726142,2.130090328,45792.82311705031
2025-01-26,Top 1-100,OUTFLOW,-17146.638377122305,2.100376938,36014.40381153344
2025-01-26,Top 101-200,INFLOW,523828.10569000005,2.100376938,1100236.4726675027
2025-01-26,Top 201-300,OUTFLOW,-94037.330381,2.100376938,197513.84004333918
2025-01-26,Top 301-500,OUTFLOW,-49426.42275434552,2.100376938,103814.11848106577
2025-01-26,Top 501-1000,INFLOW,62636.974294093525,2.100376938,131561.25627341287
2025-01-27,Top 1-100,OUTFLOW,-1752695.648257471,1.991401197,3490320.2119166185
2025-01-27,Top 101-200,INFLOW,1056414.1177090895,1.991401197,2103744.33853358
2025-01-27,Top 201-300,OUTFLOW,-352279.08460501,1.991401197,701528.9907604812
2025-01-27,Top 301-500,INFLOW,72020.81423993825,1.991401197,143422.3356863277
2025-01-27,Top 501-1000,OUTFLOW,-190072.28498657228,1.991401197,378510.1758387852
2025-01-28,Top 1-100,INFLOW,6416356.28764832,1.898923343,12184168.731620219
2025-01-28,Top 101-200,OUTFLOW,-2415726.21804249,1.898923343,4587278.905737992
2025-01-28,Top 201-300,OUTFLOW,-39901.938625155424,1.898923343,75770.72268626097
2025-01-28,Top 301-500,INFLOW,186051.89880698762,1.898923343,353298.29365406267
2025-01-28,Top 501-1000,OUTFLOW,-8870.706714614498,1.898923343,16844.79204928831
2025-01-29,Top 1-100,OUTFLOW,-2165678.40847165,1.639916421,3551531.584657804
2025-01-29,Top 101-200,OUTFLOW,-1011510.53927903,1.639916421,1658792.743378247
2025-01-29,Top 201-300,OUTFLOW,-270590.21075694996,1.639916421,443745.32998217305
2025-01-29,Top 301-500,OUTFLOW,-80255.06580805534,1.639916421,131611.60028706558
2025-01-29,Top 501-1000,INFLOW,19375.32089449934,1.639916421,31773.90689703387
2025-01-30,Top 1-100,OUTFLOW,-253994.28610762002,1.724161703,437927.2208875834
2025-01-30,Top 101-200,OUTFLOW,-46806.24683853658,1.724161703,80701.5382601696
2025-01-30,Top 201-300,OUTFLOW,-744195.1168028801,1.724161703,1283112.7199511377
2025-01-30,Top 301-500,INFLOW,49964.65264216068,1.724161703,86147.14058931121
2025-01-30,Top 501-1000,INFLOW,4777.807492176595,1.724161703,8237.712702317356
2025-01-31,Top 1-100,OUTFLOW,-4392439.418900281,1.766633022,7759828.524563727
2025-01-31,Top 101-200,INFLOW,257542.10660168054,1.766633022,454982.390077973
2025-01-31,Top 201-300,INFLOW,43430.235346260015,1.766633022,76725.28791593455
2025-01-31,Top 301-500,OUTFLOW,-112356.02219493146,1.766633022,198491.8590301308
2025-01-31,Top 501-1000,OUTFLOW,-24566.225115418514,1.766633022,43399.50451478411
2025-02-01,Top 1-100,INFLOW,122622.930173,1.770395175,217091.0439226411
2025-02-01,Top 101-200,OUTFLOW,-92081.86844390002,1.770395175,163021.29559806536
2025-02-01,Top 201-300,INFLOW,138535.23255676002,1.770395175,245262.10728599085
2025-02-01,Top 301-500,INFLOW,129077.44745040267,1.770395175,228518.09016750896
2025-02-01,Top 501-1000,INFLOW,76435.50756987711,1.770395175,135321.0538003864
2025-02-02,Top 1-100,INFLOW,154827.36655662,1.622944918,251276.28772038958
2025-02-02,Top 101-200,OUTFLOW,-1149056.89255066,1.622944918,1864856.0442579659
2025-02-02,Top 201-300,INFLOW,169905.02664151997,1.622944918,275746.49953050946
2025-02-02,Top 301-500,INFLOW,88223.57950493242,1.622944918,143182.01000529903
2025-02-02,Top 501-1000,INFLOW,98088.02370759659,1.622944918,159191.4595929074
2025-02-03,Top 1-100,INFLOW,1808014.5202952907,1.38723685,2508144.3678887
2025-02-03,Top 101-200,INFLOW,615624.6740947138,1.38723685,854017.2336734274
2025-02-03,Top 201-300,INFLOW,1062883.9481672454,1.38723685,1474471.7801710928
2025-02-03,Top 301-500,INFLOW,337406.7752201174,1.38723685,468063.1120250138
2025-02-03,Top 501-1000,INFLOW,135929.19893616365,1.38723685,188565.993755227
2025-02-04,Top 1-100,OUTFLOW,-503089.32406543987,1.415798392,712273.0560442166
2025-02-04,Top 101-200,INFLOW,206533.88562541222,1.415798392,292410.3431619705
2025-02-04,Top 201-300,INFLOW,463501.4610458636,1.415798392,656224.6232383843
2025-02-04,Top 301-500,INFLOW,141840.68199081297,1.415798392,200817.80948277636
2025-02-04,Top 501-1000,INFLOW,57993.92820823933,1.415798392,82107.71030298868
2025-02-05,Top 1-100,INFLOW,1010694.86746587,1.318664273,1332767.212631713
2025-02-05,Top 101-200,INFLOW,931990.3284207848,1.318664273,1228982.3488700255
2025-02-05,Top 201-300,INFLOW,98225.83075839991,1.318664273,129526.89370684646
2025-02-05,Top 301-500,OUTFLOW,-83999.60453301587,1.318664273,110767.27744381687
2025-02-05,Top 501-1000,INFLOW,13458.800368530385,1.318664273,17747.63920342025
2025-02-06,Top 1-100,INFLOW,240958.42801774997,1.28768879,310279.46661447856
2025-02-06,Top 101-200,OUTFLOW,-353618.81547463994,1.28768879,455350.9846197724
2025-02-06,Top 201-300,OUTFLOW,-239949.96705505205,1.28768879,308980.88273765985
2025-02-06,Top 301-500,INFLOW,27303.638918918907,1.28768879,35158.5897620996
2025-02-06,Top 501-1000,INFLOW,50562.665989263754,1.28768879,65108.978186889195
2025-02-07,Top 1-100,OUTFLOW,-530690.9064859693,1.198203177,635875.5301564983
2025-02-07,Top 101-200,INFLOW,1307868.4623973002,1.198203177,1567092.14674255
2025-02-07,Top 201-300,INFLOW,47478.587564279995,1.198203177,56888.99445899298
2025-02-07,Top 301-500,INFLOW,59652.349458546174,1.198203177,71475.63463674425
2025-02-07,Top 501-1000,INFLOW,60316.08507277118,1.198203177,72270.9247583967
2025-02-08,Top 1-100,OUTFLOW,-78513.82990292998,1.204279438,94552.5909507281
2025-02-08,Top 101-200,INFLOW,324730.9670939601,1.204279438,391066.82655311073
2025-02-08,Top 201-300,OUTFLOW,-7610.640050370699,1.204279438,9165.337322680716
2025-02-08,Top 301-500,OUTFLOW,-46596.36677548247,1.204279438,56115.0463932199
2025-02-08,Top 501-1000,OUTFLOW,-87242.43278959389,1.204279438,105064.2679296049
2025-02-09,Top 1-100,OUTFLOW,-518465.50619293994,1.251648938,648936.8002160257
2025-02-09,Top 101-200,INFLOW,211347.57553783,1.251648938,264532.9684707997
2025-02-09,Top 201-300,INFLOW,74048.02644284954,1.251648938,92682.13365818854
2025-02-09,Top 301-500,INFLOW,60929.302855432004,1.251648938,76262.09721208183
2025-02-09,Top 501-1000,OUTFLOW,-21565.07157720773,1.251648938,26991.89893750604
2025-02-10,Top 1-100,OUTFLOW,-1443092.411173658,1.223696619,1765907.3044577632
2025-02-10,Top 101-200,OUTFLOW,-1195867.413149747,1.223696619,1463378.9102436216
2025-02-10,Top 201-300,INFLOW,12398.688909060002,1.223696619,15172.233698049524
2025-02-10,Top 301-500,INFLOW,27882.21333864471,1.223696619,34119.370192736234
2025-02-10,Top 501-1000,INFLOW,70185.30040781788,1.223696619,85885.51481254605
2025-02-11,Top 1-100,INFLOW,79229.76455449002,1.253645993,99326.07686006984
2025-02-11,Top 101-200,INFLOW,716060.999139747,1.253645993,897687.0023151202
2025-02-11,Top 201-300,INFLOW,9713.50945046,1.253645993,12177.302200536811
2025-02-11,Top 301-500,OUTFLOW,-82368.28433472414,1.253645993,103260.66960651158
2025-02-11,Top 501-1000,OUTFLOW,-74680.06569690637,1.253645993,93622.36511790342
2025-02-12,Top 1-100,INFLOW,394702.31457994133,1.24442236,491176.385807033
2025-02-12,Top 101-200,OUTFLOW,-346627.0832796368,1.24442236,431350.4930147622
2025-02-12,Top 201-300,INFLOW,236219.27442223005,1.24442236,293956.54695399915
2025-02-12,Top 301-500,INFLOW,228374.9114003324,1.24442236,284194.84620959254
2025-02-12,Top 501-1000,INFLOW,39871.23301774476,1.24442236,49616.65388805185
2025-02-13,Top 1-100,OUTFLOW,-92692.00029959998,1.2810903,118746.82247141463
2025-02-13,Top 101-200,INFLOW,520778.51641468937,1.2810903,667164.3058272493
2025-02-13,Top 201-300,INFLOW,34449.52074393496,1.2810903,44132.94686470387
2025-02-13,Top 301-500,INFLOW,296566.69972782774,1.2810903,379928.72232433275
2025-02-13,Top 501-1000,INFLOW,78926.72184032631,1.2810903,101112.25776044019
2025-02-14,Top 1-100,OUTFLOW,-433117.9393316,1.225678758,530863.4579474748
2025-02-14,Top 101-200,INFLOW,1760829.9366489472,1.225678758,2158211.8498011003
2025-02-14,Top 201-300,INFLOW,60844.51474280998,1.225678758,74575.82926108003
2025-02-14,Top 301-500,OUTFLOW,-72048.39191456736,1.225678758,88308.18351774415
2025-02-14,Top 501-1000,INFLOW,64010.21076449927,1.225678758,78455.9556291497
2025-02-15,Top 1-100,OUTFLOW,-190597.456961668,1.292305743,246310.1882327589
2025-02-15,Top 101-200,OUTFLOW,-970831.807009901,1.292305743,1254611.5196859627
2025-02-15,Top 201-300,INFLOW,91101.79203598316,1.292305743,117731.3690456927
2025-02-15,Top 301-500,INFLOW,122081.86803312774,1.292305743,157767.0991753791
2025-02-15,Top 501-1000,OUTFLOW,-10527.61430135023,1.292305743,13604.896421723835
2025-02-16,Top 1-100,OUTFLOW,-6758.341417510001,1.233602996,8337.110220631223
2025-02-16,Top 101-200,OUTFLOW,-233565.67214546003,1.233602996,288127.3129213932
2025-02-16,Top 201-300,INFLOW,112455.86245811998,1.233602996,138725.88884610072
2025-02-16,Top 301-500,OUTFLOW,-100166.34223555001,1.233602996,123565.49988013582
2025-02-16,Top 501-1000,INFLOW,8589.599192061443,1.233602996,10596.155297766176
2025-02-17,Top 1-100,OUTFLOW,-480702.82686757,1.219992215,586453.7065069282
2025-02-17,Top 101-200,OUTFLOW,-493521.93566278997,1.219992215,602092.9194403347
2025-02-17,Top 201-300,OUTFLOW,-11846.86946786,1.219992215,14453.088522910393
2025-02-17,Top 301-500,INFLOW,265820.4624224445,1.219992215,324298.8947430823
2025-02-17,Top 501-1000,OUTFLOW,-14978.237822936557,1.219992215,18273.333538401148
2025-02-18,Top 1-100,INFLOW,5345.5534412900015,1.202887049,6430.097004265125
2025-02-18,Top 101-200,OUTFLOW,-364603.3578750219,1.202887049,438576.657209776
2025-02-18,Top 201-300,OUTFLOW,-11683.042153730014,1.202887049,14053.380099642902
2025-02-18,Top 301-500,INFLOW,75005.09494794978,1.202887049,90222.65732190413
2025-02-18,Top 501-1000,INFLOW,4649.921321661939,1.202887049,5593.3301366961105
2025-02-19,Top 1-100,OUTFLOW,-34536.63919403011,1.135013781,39199.56143464891
2025-02-19,Top 101-200,INFLOW,114969.30301187001,1.135013781,130491.74331043728
2025-02-19,Top 201-300,INFLOW,127397.10506198,1.135013781,144597.46990485216
2025-02-19,Top 301-500,OUTFLOW,-56120.00312252411,1.135013781,63696.9769338279
2025-02-19,Top 501-1000,INFLOW,23683.79081943377,1.135013781,26881.42896637861
2025-02-20,Top 1-100,OUTFLOW,-37432.92528979003,1.129450199,42278.624917705485
2025-02-20,Top 101-200,INFLOW,1059154.3075140498,1.129450199,1196262.0433934508
2025-02-20,Top 201-300,OUTFLOW,-66686.03364576983,1.129450199,75318.55397173544
2025-02-20,Top 301-500,OUTFLOW,-125666.3420550118,1.129450199,141933.87504163515
2025-02-20,Top 501-1000,INFLOW,45198.83666807155,1.129450199,51049.83506932191
2025-02-21,Top 1-100,OUTFLOW,-486465.27907405025,1.205883481,586620.4441154522
2025-02-21,Top 101-200,INFLOW,725461.2648095165,1.205883481,874821.7553391627
2025-02-21,Top 201-300,INFLOW,125867.66433636995,1.205883481,151781.73721528138
2025-02-21,Top 301-500,INFLOW,170503.25069260466,1.205883481,205607.0534670138
2025-02-21,Top 501-1000,INFLOW,168634.15798586325,1.205883481,203353.14544749673
2025-02-22,Top 1-100,INFLOW,368516.36678941007,1.178624859,434342.5508463607
2025-02-22,Top 101-200,INFLOW,869227.0015939402,1.178624859,1024492.5521926505
2025-02-22,Top 201-300,INFLOW,460593.82254026,1.178624859,542867.3291477849
2025-02-22,Top 301-500,OUTFLOW,-98025.07492030296,1.178624859,115534.7901064065
2025-02-22,Top 501-1000,INFLOW,107849.16928785067,1.178624859,127113.71194516012
2025-02-23,Top 1-100,OUTFLOW,-2666.8579467200034,1.257939765,3354.7466587853432
2025-02-23,Top 101-200,OUTFLOW,-748780.5963852501,1.257939765,941920.8874534214
2025-02-23,Top 201-300,OUTFLOW,-64264.28023954,1.257939765,80840.59358242109
2025-02-23,Top 301-500,INFLOW,66579.15530215502,1.257939765,83752.56697469139
2025-02-23,Top 501-1000,OUTFLOW,-7554.713713097077,1.257939765,9503.374792895615
2025-02-24,Top 1-100,OUTFLOW,-1601730.81251607,1.240523927,1986985.3975393358
2025-02-24,Top 101-200,INFLOW,668850.0090859353,1.240523927,829724.4398452701
2025-02-24,Top 201-300,OUTFLOW,-27178.42470355,1.240523927,33715.486142921654
2025-02-24,Top 301-500,INFLOW,249275.14973866424,1.240523927,309231.7876573208
2025-02-24,Top 501-1000,INFLOW,135466.28928527085,1.240523927,168049.1731602822
2025-02-25,Top 1-100,INFLOW,1477693.4611041998,1.052679424,1555537.5014837354
2025-02-25,Top 101-200,INFLOW,1235609.4600087104,1.052679424,1300700.6546509203
2025-02-25,Top 201-300,INFLOW,287090.5909145,1.052679424,302214.3578796955
2025-02-25,Top 301-500,INFLOW,14693.435390512255,1.052679424,15467.477103465655
2025-02-25,Top 501-1000,OUTFLOW,-28888.303004645102,1.052679424,30410.122167267273
2025-02-26,Top 1-100,OUTFLOW,-2426118.91890648,1.088792015,2641538.906345808
2025-02-26,Top 101-200,INFLOW,1972285.18517638,1.088792015,2147408.3609228386
2025-02-26,Top 201-300,OUTFLOW,-184210.55724429002,1.088792015,200566.98380628336
2025-02-26,Top 301-500,OUTFLOW,-37035.67838239172,1.088792015,40324.15089285622
2025-02-26,Top 501-1000,INFLOW,54934.20670873673,1.088792015,59811.92561483198
2025-02-27,Top 1-100,INFLOW,6490003.51556293,1.105507228,7174745.79620023
2025-02-27,Top 101-200,INFLOW,1485138.7773110638,1.105507228,1641831.6529004634
2025-02-27,Top 201-300,INFLOW,487456.19239511015,1.105507228,538886.3440261529
2025-02-27,Top 301-500,INFLOW,398352.1401199017,1.105507228,440381.1701918201
2025-02-27,Top 501-1000,INFLOW,92973.92093182041,1.105507228,102783.34160562795
2025-02-28,Top 1-100,OUTFLOW,-11992137.62397707,1.150308182,13794654.028530864
2025-02-28,Top 101-200,INFLOW,1505218.9589404431,1.150308182,1731465.6841707139
2025-02-28,Top 201-300,OUTFLOW,-239698.67002303322,1.150308182,275727.3413420133
2025-02-28,Top 301-500,OUTFLOW,-23536.075896787894,1.150308182,27073.740676248104
2025-02-28,Top 501-1000,INFLOW,44227.87269252989,1.150308182,50875.68383067151
2025-03-01,Top 1-100,INFLOW,359631.1195371703,1.11064767,399423.4649734497
2025-03-01,Top 101-200,OUTFLOW,-868419.23540709,1.11064767,964507.8003880661
2025-03-01,Top 201-300,INFLOW,87053.74217494999,1.11064767,96686.03591138894
2025-03-01,Top 301-500,INFLOW,96306.50601144637,1.11064767,106962.59650745391
2025-03-01,Top 501-1000,INFLOW,107920.19105658485,1.11064767,119861.30874295082
2025-03-02,Top 1-100,INFLOW,7370556.814822363,1.105123703,8145377.040368375
2025-03-02,Top 101-200,OUTFLOW,-750879.05198371,1.105123703,829814.2384333672
2025-03-02,Top 201-300,INFLOW,114107.59093737003,1.105123703,126103.0034371156
2025-03-02,Top 301-500,OUTFLOW,-50057.53943355633,1.105123703,55319.773341880296
2025-03-02,Top 501-1000,INFLOW,8812.104813615617,1.105123703,9738.465902847016
2025-03-03,Top 1-100,OUTFLOW,-544022.5720318418,1.21373662,660300.1177816342
2025-03-03,Top 101-200,OUTFLOW,-1341116.3341891202,1.21373662,1627762.0064854932
2025-03-03,Top 201-300,OUTFLOW,-39345.27486765,1.21373662,47754.800930832454
2025-03-03,Top 301-500,INFLOW,55997.65310957955,1.21373662,67966.40221315357
2025-03-03,Top 501-1000,OUTFLOW,-138940.94385412292,1.21373662,168637.7115731129
2025-03-04,Top 1-100,OUTFLOW,-1963382.6247151399,1.049713115,2060988.4909266056
2025-03-04,Top 101-200,INFLOW,801899.0844384504,1.049713115,841763.9858415339
2025-03-04,Top 201-300,INFLOW,63153.487196587645,1.049713115,66293.04376824264
2025-03-04,Top 301-500,INFLOW,43331.865346898965,1.049713115,45486.02735205387
2025-03-04,Top 501-1000,INFLOW,42898.52434929475,1.049713115,45031.14362360154
2025-03-05,Top 1-100,INFLOW,6763772.7324557835,0.943334959,6380503.273256495
2025-03-05,Top 101-200,OUTFLOW,-1351254.71782492,0.943334959,1274685.8138379275
2025-03-05,Top 201-300,INFLOW,84659.83779311998,0.943334959,79862.58461351949
2025-03-05,Top 301-500,INFLOW,75227.1006985135,0.943334959,70964.3539531211
2025-03-05,Top 501-1000,INFLOW,23794.63071946596,0.943334959,22446.30699416756
2025-03-06,Top 1-100,OUTFLOW,-269612.8074062802,0.976742298,263342.2330762415
2025-03-06,Top 101-200,INFLOW,4170.878481899737,0.976742298,4073.873433089501
2025-03-06,Top 201-300,OUTFLOW,-227113.33446645003,0.976742298,221831.200213203
2025-03-06,Top 301-500,INFLOW,49379.88001510925,0.976742298,48231.417480922086
2025-03-06,Top 501-1000,INFLOW,62387.77211959298,0.976742298,60936.77590719158
2025-03-07,Top 1-100,INFLOW,2141443.6582672102,0.96130053,2058570.9236574082
2025-03-07,Top 101-200,INFLOW,462620.568305767,0.96130053,444717.3975012351
2025-03-07,Top 201-300,INFLOW,18095.763743840012,0.96130053,17395.46727770819
2025-03-07,Top 301-500,OUTFLOW,-5835.397388520003,0.96130053,5609.570602344895
2025-03-07,Top 501-1000,INFLOW,74381.3531561739,0.96130053,71502.83421114714
2025-03-08,Top 1-100,OUTFLOW,-483507.48458660993,0.934530434,451852.4594129729
2025-03-08,Top 101-200,OUTFLOW,-160174.30631334,0.934530434,149687.76399465458
2025-03-08,Top 201-300,OUTFLOW,-17370.70935145818,0.934530434,16233.456549106071
2025-03-08,Top 301-500,OUTFLOW,-39356.92934667751,0.934530434,36780.248263257876
2025-03-08,Top 501-1000,OUTFLOW,-14399.976825319696,0.934530434,13457.216592155959
2025-03-09,Top 1-100,OUTFLOW,-631450.75927324,0.888194469,560851.0718323422
2025-03-09,Top 101-200,INFLOW,242647.47145392984,0.888194469,215518.14206221586
2025-03-09,Top 201-300,OUTFLOW,-216746.21539649155,0.888194469,192512.78969184644
2025-03-09,Top 301-500,INFLOW,68241.58677587245,0.888194469,60611.79993011345
2025-03-09,Top 501-1000,OUTFLOW,-30480.764298977447,0.888194469,27072.84626124443
2025-03-10,Top 1-100,OUTFLOW,-581448.9446538002,0.796092366,462887.0660576469
2025-03-10,Top 101-200,INFLOW,263502.04799173365,0.796092366,209771.9688315848
2025-03-10,Top 201-300,OUTFLOW,-66142.65550360797,0.796092366,52655.66311339019
2025-03-10,Top 301-500,OUTFLOW,-91642.78995662538,0.796092366,72956.12548341093
2025-03-10,Top 501-1000,OUTFLOW,-42170.85618600997,0.796092366,33571.896677366414
2025-03-11,Top 1-100,OUTFLOW,-502551.56242953,0.758436254,381153.3244508999
2025-03-11,Top 101-200,INFLOW,416936.72851783,0.758436254,316219.93053207797
2025-03-11,Top 201-300,INFLOW,82427.9791095522,0.758436254,62516.36770063902
2025-03-11,Top 301-500,OUTFLOW,-177641.39106161997,0.758436254,134729.67119212414
2025-03-11,Top 501-1000,INFLOW,23143.518940458,0.758436254,17552.883809579016
2025-03-12,Top 1-100,INFLOW,929797.6542030104,0.796456948,740543.801924089
2025-03-12,Top 101-200,INFLOW,680096.9456290376,0.796456948,541667.9376598252
2025-03-12,Top 201-300,INFLOW,594202.8140292725,0.796456948,473256.95975476597
2025-03-12,Top 301-500,INFLOW,165646.69273353834,0.796456948,131930.4593408477
2025-03-12,Top 501-1000,INFLOW,120373.64757524697,0.796456948,95872.4279674088
2025-03-13,Top 1-100,INFLOW,39928.38329339994,0.841313522,33592.28877633626
2025-03-13,Top 101-200,OUTFLOW,-374497.9919471836,0.841313522,315070.22458701266
2025-03-13,Top 201-300,INFLOW,84905.59119837,0.841313522,71432.22196859287
2025-03-13,Top 301-500,INFLOW,64452.077490322205,0.841313522,54224.404313599895
2025-03-13,Top 501-1000,INFLOW,35295.47631550691,0.841313522,29694.5614896667
2025-03-14,Top 1-100,OUTFLOW,-3491966.6816799603,0.83833611,2927441.764169186
2025-03-14,Top 101-200,OUTFLOW,-898865.2257349032,0.83833611,753551.1767568707
2025-03-14,Top 201-300,INFLOW,12592.39016661,0.83833611,10556.655387878078
2025-03-14,Top 301-500,OUTFLOW,-70420.2789487859,0.83833611,59035.86271904006
2025-03-14,Top 501-1000,INFLOW,38742.668673825305,0.83833611,32479.378147033563
2025-03-15,Top 1-100,INFLOW,46428189.29191824,0.872400214,40503962.273901984
2025-03-15,Top 101-200,OUTFLOW,-150765.10585379,0.872400214,131527.51061057905
2025-03-15,Top 201-300,INFLOW,771.8558702700093,0.872400214,673.3672264007123
2025-03-15,Top 301-500,INFLOW,3393.92064107,0.872400214,2960.857093568485
2025-03-15,Top 501-1000,OUTFLOW,-3407.69924051172,0.872400214,2972.8775466700617
2025-03-16,Top 1-100,OUTFLOW,-601245.96412153,0.878926933,528451.2712239644
2025-03-16,Top 101-200,INFLOW,451242.38907777995,0.878926933,396609.08907172584
2025-03-16,Top 201-300,OUTFLOW,-11377.86260447817,0.878926933,10000.309883049391
2025-03-16,Top 301-500,OUTFLOW,-11539.177024580014,0.878926933,10142.093471558177
2025-03-16,Top 501-1000,OUTFLOW,-17648.933044312755,0.878926933,15512.122591360163
2025-03-17,Top 1-100,INFLOW,244444.4778024294,0.833198867,203670.86194939085
2025-03-17,Top 101-200,INFLOW,885984.8582010801,0.833198867,738201.5800322957
2025-03-17,Top 201-300,INFLOW,146091.60104429018,0.833198867,121723.3564683186
2025-03-17,Top 301-500,OUTFLOW,-107062.05069697581,0.833198867,89203.97933941681
2025-03-17,Top 501-1000,OUTFLOW,-63708.53771207295,0.833198867,53081.88143992596
2025-03-18,Top 1-100,INFLOW,168695.6142225,0.872280112,147149.8292679111
2025-03-18,Top 101-200,INFLOW,1984.0120584780816,0.872280112,1730.6142605786115
2025-03-18,Top 201-300,INFLOW,4143.338869407482,0.872280112,3614.1520930607116
2025-03-18,Top 301-500,OUTFLOW,-42713.94943780398,0.872280112,37258.528599569996
2025-03-18,Top 501-1000,INFLOW,48266.63595114321,0.872280112,42102.02661332642
2025-03-19,Top 1-100,OUTFLOW,-35407901.666754305,0.837690201,29660852.26421165
2025-03-19,Top 101-200,OUTFLOW,-4692636.7036174135,0.837690201,3930975.7834732486
2025-03-19,Top 201-300,OUTFLOW,-264258.34575229,0.837690201,221366.6267691633
2025-03-19,Top 301-500,OUTFLOW,-262934.61504109425,0.837690201,220257.75052363187
2025-03-19,Top 501-1000,OUTFLOW,-180928.8916573374,0.837690201,151562.3596191422
2025-03-20,Top 1-100,INFLOW,6622548.680400012,0.895280447,5929038.342867782
2025-03-20,Top 101-200,OUTFLOW,-565469.5220504,0.895280447,506253.8064661585
2025-03-20,Top 201-300,INFLOW,41809.149507746035,0.895280447,37430.9140599847
2025-03-20,Top 301-500,INFLOW,102368.22402735062,0.895280447,91648.2693658026
2025-03-20,Top 501-1000,OUTFLOW,-30444.65518371178,0.895280447,27256.50450163435
2025-03-21,Top 1-100,INFLOW,1659747.5909000002,0.856316089,1421268.5657666603
2025-03-21,Top 101-200,INFLOW,199703.94234195695,0.856316089,171009.69886414608
2025-03-21,Top 201-300,OUTFLOW,-112098.54621237,0.856316089,95991.78867516245
2025-03-21,Top 301-500,OUTFLOW,-98034.44119050773,0.856316089,83948.46926755608
2025-03-21,Top 501-1000,INFLOW,65407.6935231378,0.856316089,56009.66030824399
2025-03-22,Top 1-100,INFLOW,44003.7239,0.814479565,35840.1339004521
2025-03-22,Top 101-200,OUTFLOW,-72824.82824237301,0.814479565,59314.33442804768
2025-03-22,Top 201-300,INFLOW,26044.563042470007,0.814479565,21212.764377446045
2025-03-22,Top 301-500,OUTFLOW,-102414.51608993701,0.814479565,83414.53051461739
2025-03-22,Top 501-1000,INFLOW,48140.79952502423,0.814479565,39209.69745589394
2025-03-23,Top 1-100,OUTFLOW,-58992.834650000004,0.825182156,48679.83448503851
2025-03-23,Top 101-200,INFLOW,139708.986137069,0.825182156,115285.36239316071
2025-03-23,Top 201-300,OUTFLOW,-37055.655146200006,0.825182156,30577.665405533815
2025-03-23,Top 301-500,OUTFLOW,-15893.169525160003,0.825182156,13114.759894445027
2025-03-23,Top 501-1000,OUTFLOW,-130362.56271395445,0.825182156,107572.86056198615
2025-03-24,Top 1-100,INFLOW,2054602.3209,0.827551656,1700289.5530822384
2025-03-24,Top 101-200,OUTFLOW,-9646.915149737033,0.827551656,7983.3206074563695
2025-03-24,Top 201-300,OUTFLOW,-235965.64386630262,0.827551656,195273.75934066498
2025-03-24,Top 301-500,INFLOW,51098.00831446791,0.827551656,42286.24139893969
2025-03-24,Top 501-1000,INFLOW,91471.00525345259,0.827551656,75696.9818734794
2025-03-25,Top 1-100,OUTFLOW,-13269154.12065077,0.903750051,11991998.713264994
2025-03-25,Top 101-200,INFLOW,2278083.5755369402,0.903750051,2058818.1475737721
2025-03-25,Top 201-300,OUTFLOW,-17834.16706662005,0.903750051,16117.629396000393
2025-03-25,Top 301-500,INFLOW,20033.461434598998,0.903750051,18105.241793225377
2025-03-25,Top 501-1000,INFLOW,46715.5628674678,0.903750051,42219.192323967734
2025-03-26,Top 1-100,INFLOW,5264050.329,0.934895776,4921338.41723351
2025-03-26,Top 101-200,INFLOW,1252130.0164499271,0.934895776,1170611.0633818472
2025-03-26,Top 201-300,INFLOW,286088.0019989425,0.934895776,267462.4646330909
2025-03-26,Top 301-500,INFLOW,179563.15297037314,0.934895776,167872.8332372437
2025-03-26,Top 501-1000,OUTFLOW,-4094.3465770178445,0.934895776,3827.7873203340414
2025-03-27,Top 1-100,INFLOW,2589282.07199351,0.930670102,2409767.410048971
2025-03-27,Top 101-200,OUTFLOW,-171303.38704197964,0.930670102,159426.94069130468
2025-03-27,Top 201-300,INFLOW,14099.564755309999,0.930670102,13122.043368979961
2025-03-27,Top 301-500,OUTFLOW,-6023.762995440004,0.930670102,5606.136121389974
2025-03-27,Top 501-1000,INFLOW,51990.203837312634,0.930670102,48385.72830827254
2025-03-28,Top 1-100,OUTFLOW,-1772434.33522465,0.949556168,1683025.9553875462
2025-03-28,Top 101-200,OUTFLOW,-132260.09607898688,0.949556168,125588.39001207461
2025-03-28,Top 201-300,OUTFLOW,-75414.1827792122,0.949556168,71610.00241268033
2025-03-28,Top 301-500,INFLOW,81683.56455949135,0.949556168,77563.13255169122
2025-03-28,Top 501-1000,INFLOW,18757.814010937742,0.949556168,17811.59799228275
2025-03-29,Top 1-100,OUTFLOW,-463283.7226,0.84128022,389751.43207134696
2025-03-29,Top 101-200,INFLOW,1356617.3797626798,0.84128022,1141295.3677025707
2025-03-29,Top 201-300,OUTFLOW,-55464.82501719997,0.84128022,46661.460192731494
2025-03-29,Top 301-500,INFLOW,22663.634362909463,0.84128022,19066.467302828034
2025-03-29,Top 501-1000,INFLOW,100034.62932047367,0.84128022,84157.15496234654
2025-03-30,Top 1-100,OUTFLOW,-54614.731700000004,0.779719866,42584.191282749955
2025-03-30,Top 101-200,OUTFLOW,-227666.2864732899,0.779719866,177515.9263816712
2025-03-30,Top 201-300,OUTFLOW,-816.21,0.779719866,636.41515182786
2025-03-30,Top 301-500,INFLOW,44121.62655385234,0.779719866,34402.508744271785
2025-03-30,Top 501-1000,INFLOW,36111.96122979925,0.779719866,28157.213571096265
2025-03-31,Top 1-100,INFLOW,2648363.02836267,0.778855457,2062691.9967573113
2025-03-31,Top 101-200,INFLOW,9586.001518320001,0.778855457,7466.109593353819
2025-03-31,Top 201-300,INFLOW,7532.745899705031,0.778855457,5866.920250179638
2025-03-31,Top 301-500,INFLOW,72718.31893118068,0.778855457,56637.05952341648
2025-03-31,Top 501-1000,INFLOW,47187.24551865234,0.778855457,36752.04367300117
2025-04-01,Top 1-100,OUTFLOW,-91782.74774108,0.769870339,70660.81511777674
2025-04-01,Top 101-200,OUTFLOW,-472714.84192629997,0.769870339,363929.13560413197
2025-04-01,Top 201-300,OUTFLOW,-264261.40443846944,0.769870339,203447.0170196606
2025-04-01,Top 301-500,OUTFLOW,-118144.65414268055,0.769870339,90956.06493586324
2025-04-01,Top 501-1000,OUTFLOW,-49390.3799930815,0.769870339,38024.18858861247
2025-04-02,Top 1-100,INFLOW,2061055.7475358602,0.803029574,1655088.7189339732
2025-04-02,Top 101-200,INFLOW,850317.3906692803,0.803029574,682830.0119939437
2025-04-02,Top 201-300,INFLOW,484062.17692081735,0.803029574,388716.2437222366
2025-04-02,Top 301-500,INFLOW,110177.85181149987,0.803029574,88476.07340442386
2025-04-02,Top 501-1000,INFLOW,38522.93106304447,0.803029574,30935.052920787963
2025-04-03,Top 1-100,OUTFLOW,-73030.46686114,0.726424549,53051.12395286307
2025-04-03,Top 101-200,OUTFLOW,-734073.7349396171,0.726424549,533249.1818362569
2025-04-03,Top 201-300,OUTFLOW,-124237.30976928,0.726424549,90249.03171812251
2025-04-03,Top 301-500,INFLOW,55370.249852576555,0.726424549,40222.30877717524
2025-04-03,Top 501-1000,INFLOW,30254.23404636915,0.726424549,21977.418322474154
2025-04-04,Top 1-100,OUTFLOW,-1036680.0,0.75198834,779571.2723112
2025-04-04,Top 101-200,INFLOW,289119.0950942598,0.75198834,217414.1883822346
2025-04-04,Top 201-300,INFLOW,24587.833209999983,0.75198834,18489.763879784758
2025-04-04,Top 301-500,INFLOW,164260.46468963366,0.75198834,123521.95416958624
2025-04-04,Top 501-1000,INFLOW,36304.52554171473,0.75198834,27300.57989660166
2025-04-05,Top 1-100,OUTFLOW,-746.1950999999999,0.75938937,566.6526268860869
2025-04-05,Top 101-200,OUTFLOW,-22905.9458563,0.75938937,17394.531793069767
2025-04-05,Top 201-300,OUTFLOW,-25116.425900000002,0.75938937,19073.14684085268
2025-04-05,Top 301-500,OUTFLOW,-4381.887050597434,0.75938937,3327.558446764343
2025-04-05,Top 501-1000,INFLOW,1990.51996656759,0.75938937,1511.5797033841832
2025-04-06,Top 1-100,OUTFLOW,-27089.9539,0.746163173,20213.525958447724
2025-04-06,Top 101-200,OUTFLOW,-824289.74308464,0.746163173,615054.6501713898
2025-04-06,Top 201-300,OUTFLOW,-98811.16899805045,0.746163173,73729.25538742455
2025-04-06,Top 301-500,INFLOW,11752.834204656509,0.746163173,8769.532061889431
2025-04-06,Top 501-1000,INFLOW,111490.09930561003,0.746163173,83189.80625595908
2025-04-07,Top 1-100,OUTFLOW,-1935745.3440000005,0.632270225,1223914.1441935827
2025-04-07,Top 101-200,INFLOW,240043.83671587985,0.632270225,151772.5706502126
2025-04-07,Top 201-300,INFLOW,226659.22284320742,0.632270225,143309.8778253999
2025-04-07,Top 301-500,OUTFLOW,-72767.31556514002,0.632270225,46008.606985017075
2025-04-07,Top 501-1000,INFLOW,108140.72627653612,0.632270225,68374.16133452891
2025-04-08,Top 1-100,INFLOW,751214.09281278,0.649339245,487792.7918604105
2025-04-08,Top 101-200,OUTFLOW,-759528.7274430402,0.649339245,493191.8104336745
2025-04-08,Top 201-300,INFLOW,44312.91823665003,0.649339245,28774.11687153306
2025-04-08,Top 301-500,OUTFLOW,-122954.24729532536,0.649339245,79839.01810828985
2025-04-08,Top 501-1000,INFLOW,33799.88184274794,0.649339245,21947.589756859157
2025-04-09,Top 1-100,INFLOW,1226269.5476739206,0.615987955,755367.2709504334
2025-04-09,Top 101-200,INFLOW,1464408.3979813047,0.615987955,902057.9343573301
2025-04-09,Top 201-300,OUTFLOW,-86459.22988641699,0.615987955,53257.84420860888
2025-04-09,Top 301-500,INFLOW,265788.8851212313,0.615987955,163722.75180755722
2025-04-09,Top 501-1000,INFLOW,40721.63011551174,0.615987955,25084.03365912049
2025-04-10,Top 1-100,OUTFLOW,-400052.31363477,0.709723193,283926.4053999064
2025-04-10,Top 101-200,INFLOW,2727116.473312418,0.709723193,1935497.8111221886
2025-04-10,Top 201-300,INFLOW,191828.24750783807,0.709723193,136144.9563288571
2025-04-10,Top 301-500,OUTFLOW,-60957.563118163685,0.709723193,43262.99633372216
2025-04-10,Top 501-1000,INFLOW,124165.60963245587,0.709723193,88123.21292913814
2025-04-11,Top 1-100,INFLOW,5461454.17036521,0.695127771,3796408.4638646226
2025-04-11,Top 101-200,INFLOW,997713.6069060257,0.695127771,693538.4356649559
2025-04-11,Top 201-300,OUTFLOW,-22382.667611439996,0.695127771,15558.813845774179
2025-04-11,Top 301-500,INFLOW,99184.29631542243,0.695127771,68945.7588159431
2025-04-11,Top 501-1000,OUTFLOW,-33929.570491937164,0.695127771,23585.386707047655
2025-04-12,Top 1-100,OUTFLOW,-3870311.0,0.74028431,2865130.5081204097
2025-04-12,Top 101-200,INFLOW,1567366.88339707,0.74028431,1160297.1117924503
2025-04-12,Top 201-300,OUTFLOW,-155052.11908630966,0.74028431,114782.65099184656
2025-04-12,Top 301-500,OUTFLOW,-82756.72161758518,0.74028431,61263.50256053612
2025-04-12,Top 501-1000,INFLOW,61190.27130964685,0.74028431,45298.19777517471
2025-04-13,Top 1-100,INFLOW,955146.666388152,0.781629973,746571.2630600113
2025-04-13,Top 101-200,OUTFLOW,-593994.2126090999,0.781629973,464283.68036380707
2025-04-13,Top 201-300,INFLOW,26678.10299999999,0.781629973,20852.40492758121
2025-04-13,Top 301-500,INFLOW,157981.99648293777,0.781629973,123483.46364544475
2025-04-13,Top 501-1000,INFLOW,12701.085785477066,0.781629973,9927.549339573123
2025-04-14,Top 1-100,INFLOW,1267.8063000000002,0.741755364,940.4021235379934
2025-04-14,Top 101-200,INFLOW,2389652.488609427,0.741755364,1772537.5515219914
2025-04-14,Top 201-300,OUTFLOW,-174567.43630042003,0.741755364,129486.33225556486
2025-04-14,Top 301-500,OUTFLOW,-52656.42,0.741755364,39058.18198403688
2025-04-14,Top 501-1000,OUTFLOW,-28140.376944783675,0.741755364,20873.27554377522
2025-04-15,Top 1-100,OUTFLOW,-8310.0,0.740346337,6152.27806047
2025-04-15,Top 101-200,OUTFLOW,-504986.11406587006,0.740346337,373864.61978453107
2025-04-15,Top 201-300,INFLOW,24869.001299999996,0.740346337,18411.674017303234
2025-04-15,Top 301-500,INFLOW,82149.70128016712,0.740346337,60819.23042841594
2025-04-15,Top 501-1000,INFLOW,8360.154331116617,0.740346337,6189.409635796872
2025-04-16,Top 1-100,INFLOW,6485586.55608383,0.707594144,4589163.067490046
2025-04-16,Top 101-200,INFLOW,346370.8003567199,0.707594144,245089.94998500808
2025-04-16,Top 201-300,INFLOW,142859.33818865937,0.707594144,101086.43111801094
2025-04-16,Top 301-500,INFLOW,33751.16944777199,0.707594144,23882.12985439517
2025-04-16,Top 501-1000,OUTFLOW,-60489.07507214241,0.707594144,42801.71529702435
2025-04-17,Top 1-100,OUTFLOW,-511106.127,0.690966902,353157.41716640856
2025-04-17,Top 101-200,INFLOW,1456379.1950358201,0.690966902,1006309.8205311544
2025-04-17,Top 201-300,OUTFLOW,-4108.073082740018,0.690966902,2838.5425311704603
2025-04-17,Top 301-500,OUTFLOW,-38681.964035479534,0.690966902,26727.95685287071
2025-04-17,Top 501-1000,INFLOW,60686.76424603344,0.690966902,41932.545483486094
2025-04-18,Top 1-100,INFLOW,850670.40529107,0.69951463,595056.3938091329
2025-04-18,Top 101-200,INFLOW,345711.83862109797,0.69951463,241830.48887965706
2025-04-18,Top 201-300,INFLOW,16949.981200000002,0.69951463,11856.759827624957
2025-04-18,Top 301-500,OUTFLOW,-26089.652008441873,0.69951463,18250.093271513975
2025-04-18,Top 501-1000,INFLOW,15440.273958582467,0.69951463,10800.69752523645
2025-04-19,Top 1-100,OUTFLOW,-23910.0,0.708692366,16944.83447106
2025-04-19,Top 101-200,OUTFLOW,-284281.73299643,0.708692366,201468.29396782024
2025-04-19,Top 201-300,INFLOW,55960.65830000004,0.708692366,39658.89133354456
2025-04-19,Top 301-500,OUTFLOW,-118591.18692571741,0.708692366,84044.66884913493
2025-04-19,Top 501-1000,INFLOW,112290.47117416341,0.708692366,79579.39969567266
2025-04-20,Top 1-100,OUTFLOW,-22588.078999999998,0.767903916,17345.47431901736
2025-04-20,Top 101-200,OUTFLOW,-70818.3468236,0.767903916,54381.685850488604
2025-04-20,Top 201-300,INFLOW,199478.0575012,0.767903916,153179.98151124464
2025-04-20,Top 301-500,INFLOW,75114.94536585931,0.767903916,57681.06069656942
2025-04-20,Top 501-1000,INFLOW,31041.083506289608,0.767903916,23836.5695813628
2025-04-21,Top 1-100,INFLOW,1179858.89480158,0.776742203,916446.1971773246
2025-04-21,Top 101-200,OUTFLOW,-1202819.3168380624,0.776742203,934280.5259717515
2025-04-21,Top 201-300,INFLOW,24491.87256859,0.776742203,19023.871054521864
2025-04-21,Top 301-500,INFLOW,137540.09028884,0.776742203,106833.19273177249
2025-04-21,Top 501-1000,OUTFLOW,-78934.75142022366,0.776742203,61311.95271140191
2025-04-22,Top 1-100,OUTFLOW,-1061244.4939563097,0.765790338,812690.7797274414
2025-04-22,Top 101-200,INFLOW,3739651.0187952295,0.765790338,2863788.617685243
2025-04-22,Top 201-300,OUTFLOW,-246010.71460944996,0.765790338,188392.6282923922
2025-04-22,Top 301-500,INFLOW,67781.22799575981,0.765790338,51906.209496927964
2025-04-22,Top 501-1000,INFLOW,164199.1362179583,0.765790338,125742.11202365832
2025-04-23,Top 1-100,OUTFLOW,-2692602.4336,0.838143884,2256788.261765356
2025-04-23,Top 101-200,INFLOW,894430.0219899782,0.838143884,749661.0525968856
2025-04-23,Top 201-300,INFLOW,242204.0054461934,0.838143884,203001.80584502968
2025-04-23,Top 301-500,INFLOW,8104.859458541177,0.838143884,6793.038385855839
2025-04-23,Top 501-1000,INFLOW,24596.58369964997,0.838143884,20615.476195155716
2025-04-24,Top 1-100,INFLOW,4848620.62991092,0.863134157,4185010.0800109706
2025-04-24,Top 101-200,INFLOW,3115823.3161344286,0.863134157,2689373.5313326344
2025-04-24,Top 201-300,INFLOW,353951.503383791,0.863134157,305507.6324920511
2025-04-24,Top 301-500,OUTFLOW,-34924.53442539001,0.863134157,30144.558579876484
2025-04-24,Top 501-1000,INFLOW,26239.90684705608,0.863134157,22648.559876192277
2025-04-25,Top 1-100,OUTFLOW,-37708388.52491804,0.916162417,34547008.37216398
2025-04-25,Top 101-200,INFLOW,401456.69605833106,0.916162417,367799.53698163497
2025-04-25,Top 201-300,INFLOW,542613.8407648591,0.916162417,497122.4078527865
2025-04-25,Top 301-500,INFLOW,160485.01083201324,0.916162417,147030.33541612842
2025-04-25,Top 501-1000,INFLOW,234750.81097348733,0.916162417,215069.8703741803
2025-04-26,Top 1-100,INFLOW,1412876.7792,1.050730629,1484552.9069083103
2025-04-26,Top 101-200,OUTFLOW,-691724.2237118854,1.050730629,726815.8286753261
2025-04-26,Top 201-300,OUTFLOW,-926886.4428288785,1.050730629,973907.9750851601
2025-04-26,Top 301-500,INFLOW,246352.62516370462,1.050730629,258850.24879406058
2025-04-26,Top 501-1000,INFLOW,6005.270061453717,1.050730629,6309.921188986133
2025-04-27,Top 1-100,INFLOW,2713133.1199357403,1.225267523,3324313.8974329266
2025-04-27,Top 101-200,OUTFLOW,-287475.90047771344,1.225267523,352234.88450052246
2025-04-27,Top 201-300,OUTFLOW,-2107.490339029977,1.225267523,2582.23946744969
2025-04-27,Top 301-500,OUTFLOW,-90768.6847380342,1.225267523,111215.92151493907
2025-04-27,Top 501-1000,INFLOW,162121.89715532537,1.225267523,198642.69535156628
2025-04-28,Top 1-100,OUTFLOW,-1012134.52840998,1.128296597,1141987.9441111803
2025-04-28,Top 101-200,OUTFLOW,-1860529.6790100764,1.128296597,2099229.3054445717
2025-04-28,Top 201-300,OUTFLOW,-66867.4204842,1.128296597,75446.28298249096
2025-04-28,Top 301-500,INFLOW,121960.77156958802,1.128296597,137607.92352946053
2025-04-28,Top 501-1000,INFLOW,180458.69006703317,1.128296597,203610.92590171125
2025-04-29,Top 1-100,OUTFLOW,-40881.2022,1.137524059,46503.351063343725
2025-04-29,Top 101-200,OUTFLOW,-919593.1450282906,1.137524059,1046059.3269611568
2025-04-29,Top 201-300,INFLOW,69712.45719265647,1.137524059,79299.59726865432
2025-04-29,Top 301-500,OUTFLOW,-30845.258689716866,1.137524059,35087.22386563175
2025-04-29,Top 501-1000,INFLOW,1979.6927571310662,1.137524059,2251.9481406646314
2025-04-30,Top 1-100,INFLOW,1741959.0772776261,1.086946419,1893416.18109146
2025-04-30,Top 101-200,INFLOW,1401475.6097867293,1.086946419,1523328.8953735267
2025-04-30,Top 201-300,INFLOW,525966.2882836403,1.086946419,571697.1735646245
2025-04-30,Top 301-500,INFLOW,313510.1714782822,1.086946419,340768.75820839475
2025-04-30,Top 501-1000,INFLOW,162177.22813870668,1.086946419,176277.95736871325
2025-05-01,Top 1-100,INFLOW,201688.08869919088,1.134362096,228787.3230350481
2025-05-01,Top 101-200,OUTFLOW,-202486.3304548487,1.134362096,229692.81822611083
2025-05-01,Top 201-300,OUTFLOW,-247296.10164682427,1.134362096,280523.32419672067
2025-05-01,Top 301-500,OUTFLOW,-13119.947426492232,1.134362096,14882.771062125536
2025-05-01,Top 501-1000,OUTFLOW,-306795.2664882882,1.134362096,348016.92153653316
2025-05-02,Top 1-100,OUTFLOW,-1623669.7388,1.048264056,1702034.6259989487
2025-05-02,Top 101-200,INFLOW,1294571.05925633,1.048264056,1357052.3093562569
2025-05-02,Top 201-300,OUTFLOW,-38251.59137424994,1.048264056,40097.76832242586
2025-05-02,Top 301-500,OUTFLOW,-190378.52970527505,1.048264056,199566.96972416813
2025-05-02,Top 501-1000,OUTFLOW,-98299.20366018321,1.048264056,103043.5219303937
2025-05-03,Top 1-100,OUTFLOW,-43235.11,1.031887236,44613.75815605596
2025-05-03,Top 101-200,OUTFLOW,-2134694.6139310305,1.031887236,2202764.1248733783
2025-05-03,Top 201-300,OUTFLOW,-22357.70778251,1.031887236,23070.63328698993
2025-05-03,Top 301-500,INFLOW,96034.60643845412,1.031887236,99096.88459812423
2025-05-03,Top 501-1000,OUTFLOW,-102645.31003872686,1.031887236,105918.38526422491
2025-05-04,Top 1-100,OUTFLOW,-1076366.6230194413,0.956899792,1029974.9976830457
2025-05-04,Top 101-200,INFLOW,20456.64797311001,0.956899792,19574.962190486192
2025-05-04,Top 201-300,INFLOW,560.4220160300229,0.956899792,536.2677105713495
2025-05-04,Top 301-500,OUTFLOW,-17094.734834806528,0.956899792,16357.94820772152
2025-05-04,Top 501-1000,OUTFLOW,-29355.48848705984,0.956899792,28090.260827325954
2025-05-05,Top 1-100,OUTFLOW,-1569515.80325288,0.923446667,1449364.1373176998
2025-05-05,Top 101-200,INFLOW,346891.4214604859,0.923446667,320335.726958578
2025-05-05,Top 201-300,INFLOW,453280.67935093003,0.923446667,418580.5325621121
2025-05-05,Top 301-500,INFLOW,191574.29198719445,0.923446667,176908.6414184595
2025-05-05,Top 501-1000,INFLOW,57753.00125915303,0.923446667,53331.81652201167
2025-05-06,Top 1-100,INFLOW,280.05,0.871957837,244.19179225185
2025-05-06,Top 101-200,INFLOW,985092.3610795101,0.871957837,858959.0044121125
2025-05-06,Top 201-300,INFLOW,27216.676457379945,0.871957837,23731.794334105838
2025-05-06,Top 301-500,OUTFLOW,-24564.83357781524,0.871957837,21419.499152776745
2025-05-06,Top 501-1000,OUTFLOW,-45428.61948724391,0.871957837,39611.84078599325
2025-05-07,Top 1-100,INFLOW,1334052.9913000003,0.930225741,1240970.4323653094
2025-05-07,Top 101-200,INFLOW,1142734.8967061418,0.930225741,1063001.4160550293
2025-05-07,Top 201-300,OUTFLOW,-155602.28794684,0.930225741,144745.2536066446
2025-05-07,Top 301-500,INFLOW,196428.0156444165,0.930225741,182722.39640598695
2025-05-07,Top 501-1000,INFLOW,73757.71077040746,0.930225741,68611.32115586595
2025-05-24,Top 1-100,OUTFLOW,-10710.895075300003,1.351195499,14472.51321600663
2025-05-24,Top 101-200,OUTFLOW,-290829.31866417977,1.351195499,392967.26635627635
2025-05-24,Top 201-300,INFLOW,138762.61853673006,1.351195499,187495.4255962836
2025-05-24,Top 301-500,INFLOW,382551.59194628673,1.351195499,516901.98917310726
2025-05-24,Top 501-1000,INFLOW,109325.0599395568,1.351195499,147719.52891823434
2025-05-25,Top 1-100,INFLOW,1439497.459,1.405605725,2023365.869493353
2025-05-25,Top 101-200,INFLOW,1240214.0913452392,1.405605725,1743252.0270205413
2025-05-25,Top 201-300,OUTFLOW,-214954.5997981899,1.405605725,302141.4160914196
2025-05-25,Top 301-500,OUTFLOW,-289216.1469418664,1.405605725,406523.87190392864
2025-05-25,Top 501-1000,INFLOW,155840.4700292847,1.405605725,219050.2568598535
2025-05-26,Top 1-100,INFLOW,36919.073266299994,1.422636418,52522.41814744858
2025-05-26,Top 101-200,OUTFLOW,-2875133.323857569,1.422636418,4090269.373125166
2025-05-26,Top 201-300,INFLOW,402637.2537781081,1.422636418,572806.4204682447
2025-05-26,Top 301-500,INFLOW,137162.69339025347,1.422636418,195132.64280794247
2025-05-26,Top 501-1000,OUTFLOW,-42813.714786883036,1.422636418,60908.34984568491
2025-05-27,Top 1-100,INFLOW,4778776.092908,1.365792792,6526817.942275668
2025-05-27,Top 101-200,OUTFLOW,-3405388.6814328553,1.365792792,4651055.315059378
2025-05-27,Top 201-300,INFLOW,767925.4585913745,1.365792792,1048827.0561373937
2025-05-27,Top 301-500,OUTFLOW,-680540.62365731,1.365792792,929477.4784543386
2025-05-27,Top 501-1000,INFLOW,9959.899197396706,1.365792792,13603.158532851005
2025-05-28,Top 1-100,INFLOW,30724.294489459997,1.406159407,43203.25571979244
2025-05-28,Top 101-200,INFLOW,615566.9368528007,1.406159407,865585.2388937407
2025-05-28,Top 201-300,INFLOW,3367.4730646247044,1.406159407,4735.203927641147
2025-05-28,Top 301-500,INFLOW,366296.3289312773,1.406159407,515071.0286762819
2025-05-28,Top 501-1000,INFLOW,227209.79207210406,1.406159407,319493.18648470315
2025-05-29,Top 1-100,INFLOW,29674.36,1.36865458,40613.948722568806
2025-05-29,Top 101-200,INFLOW,1020517.3603380107,1.36865458,1396735.7591961287
2025-05-29,Top 201-300,INFLOW,54196.75879933906,1.36865458,74176.6421518707
2025-05-29,Top 301-500,OUTFLOW,-155050.0536094077,1.36865458,212209.9660017614
2025-05-29,Top 501-1000,INFLOW,15611.39005279509,1.36865458,21366.600495924442
2025-05-30,Top 1-100,INFLOW,1154524.767773111,1.312778176,1515634.918784008
2025-05-30,Top 101-200,OUTFLOW,-1645540.0363505615,1.312778176,2160229.047455264
2025-05-30,Top 201-300,OUTFLOW,-596374.1879716724,1.312778176,782907.0186989332
2025-05-30,Top 301-500,INFLOW,127952.00293100221,1.312778176,167972.59702330772
2025-05-30,Top 501-1000,INFLOW,26541.051845268434,1.312778176,34842.51363055292
2025-05-31,Top 1-100,INFLOW,113087.75398929999,1.129157206,127693.85232737333
2025-05-31,Top 101-200,INFLOW,1081943.80735447,1.129157206,1221684.6465613756
2025-05-31,Top 201-300,INFLOW,235575.9194307247,1.129157206,266002.2469852782
2025-05-31,Top 301-500,INFLOW,178987.9418482954,1.129157206,202105.52432511168
2025-05-31,Top 501-1000,INFLOW,195787.69200483765,1.129157206,221075.083273371
2025-06-01,Top 1-100,OUTFLOW,-889363.2159373888,1.136531699,1010789.4868374245
2025-06-01,Top 101-200,OUTFLOW,-186849.43154712816,1.136531699,212360.30189344176
2025-06-01,Top 201-300,INFLOW,158171.90647827042,1.136531699,179767.3856038178
2025-06-01,Top 301-500,INFLOW,23274.7848458995,1.136531699,26452.530764769614
2025-06-01,Top 501-1000,INFLOW,45479.49101883819,1.136531699,51688.883197295414
2025-06-02,Top 1-100,INFLOW,289263.91982415,1.167539009,337726.9102909435
2025-06-02,Top 101-200,OUTFLOW,-1668105.6901137328,1.167539009,1947578.4643426486
2025-06-02,Top 201-300,OUTFLOW,-578246.2329067418,1.167539009,675125.0337259205
2025-06-02,Top 301-500,INFLOW,96392.2195906052,1.167539009,112541.67653612557
2025-06-02,Top 501-1000,OUTFLOW,-92683.52270080202,1.167539009,108211.62824472338
2025-06-03,Top 1-100,INFLOW,945539.9342253,1.189793305,1124997.0833514023
2025-06-03,Top 101-200,INFLOW,737645.8717170311,1.189793305,877646.1196298125
2025-06-03,Top 201-300,INFLOW,839177.7280734595,1.189793305,998448.0425669126
2025-06-03,Top 301-500,INFLOW,30298.76977957925,1.189793305,36049.27343347971
2025-06-03,Top 501-1000,INFLOW,127474.51529070686,1.189793305,151668.32485100316
2025-06-04,Top 1-100,OUTFLOW,-1902014.5668999995,1.192372661,2267910.170395315
2025-06-04,Top 101-200,INFLOW,1766530.0327113476,1.192372661,2106362.1158404467
2025-06-04,Top 201-300,OUTFLOW,-239687.20460329566,1.192372661,285796.4699604831
2025-06-04,Top 301-500,OUTFLOW,-864159.6024906591,1.192372661,1030400.2847504895
2025-06-04,Top 501-1000,OUTFLOW,-158429.35949403807,1.192372661,188906.8369604318
2025-06-05,Top 1-100,INFLOW,90724.9919,1.142814175,103681.80677008018
2025-06-05,Top 101-200,INFLOW,1242601.1484505837,1.142814175,1420062.2063206064
2025-06-05,Top 201-300,OUTFLOW,-515336.6263402334,1.142814175,588934.001478297
2025-06-05,Top 301-500,OUTFLOW,-65090.19187748135,1.142814175,74385.99393105555
2025-06-05,Top 501-1000,OUTFLOW,-15295.532115335576,1.142814175,17479.95091557323
2025-06-06,Top 1-100,INFLOW,16354.98128869,1.035738252,16939.47973144049
2025-06-06,Top 101-200,OUTFLOW,-80599.61824467103,1.035738252,83480.10771260288
2025-06-06,Top 201-300,INFLOW,648680.1981359615,1.035738252,671862.8945243545
2025-06-06,Top 301-500,OUTFLOW,-46438.79730151675,1.035738252,48098.43874205528
2025-06-06,Top 501-1000,INFLOW,10265.60814134196,1.035738252,10632.48303203049
2025-06-07,Top 1-100,INFLOW,114979.33604572,1.064451316,122389.9055666729
2025-06-07,Top 101-200,INFLOW,858574.14835262,1.064451316,913910.3820975255
2025-06-07,Top 201-300,OUTFLOW,-135356.129828758,1.064451316,144080.01052488832
2025-06-07,Top 301-500,INFLOW,97468.55115832153,1.064451316,103750.52754908867
2025-06-07,Top 501-1000,INFLOW,58119.96039170478,1.064451316,61865.868324818024
2025-06-08,Top 1-100,OUTFLOW,-1881914.2252635323,1.123565528,2114453.950158932
2025-06-08,Top 101-200,OUTFLOW,-728102.487202058,1.123565528,818070.8554712936
2025-06-08,Top 201-300,OUTFLOW,-95158.18203006778,1.123565528,106916.45303613323
2025-06-08,Top 301-500,INFLOW,63313.14033786262,1.123565528,71136.46195304873
2025-06-08,Top 501-1000,OUTFLOW,-13488.442440562307,1.123565528,15155.148952627998
2025-06-09,Top 1-100,INFLOW,258875.7406,1.105516984,286191.52797887835
2025-06-09,Top 101-200,INFLOW,4191575.539058848,1.105516984,4633857.948148512
2025-06-09,Top 201-300,INFLOW,948736.291734568,1.105516984,1048844.0838497437
2025-06-09,Top 301-500,OUTFLOW,-187660.0468215401,1.105516984,207461.3689794478
2025-06-09,Top 501-1000,INFLOW,83899.8928172015,1.105516984,92752.75646519587
2025-06-10,Top 1-100,OUTFLOW,-233000.0,1.16551339,271564.61987
2025-06-10,Top 101-200,INFLOW,5993940.2589506,1.16551339,6986017.630666993
2025-06-10,Top 201-300,OUTFLOW,-745709.3941639799,1.16551339,869134.2839469066
2025-06-10,Top 301-500,INFLOW,305232.66436980444,1.16551339,355752.75738838303
2025-06-10,Top 501-1000,INFLOW,33977.26292344232,1.16551339,39600.95489282258
2025-06-11,Top 1-100,INFLOW,182491.11243206,1.177163432,214821.8642200216
2025-06-11,Top 101-200,INFLOW,2897125.472607973,1.177163432,3410390.1642698236
2025-06-11,Top 201-300,INFLOW,443248.4942590471,1.177163432,521775.91873081215
2025-06-11,Top 301-500,OUTFLOW,-172917.0295259356,1.177163432,203551.60392799566
2025-06-11,Top 501-1000,INFLOW,4955.473972637701,1.177163432,5833.40274881687
2025-06-12,Top 1-100,INFLOW,137585.68248347,1.120352989,154144.53061396055
2025-06-12,Top 101-200,INFLOW,829755.212378518,1.120352989,929618.7323266023
2025-06-12,Top 201-300,INFLOW,517558.27946749225,1.120352989,579847.9653831022
2025-06-12,Top 301-500,OUTFLOW,-13313.83167241064,1.120352989,14916.19110922813
2025-06-12,Top 501-1000,OUTFLOW,-260654.24793292454,1.120352989,292024.76576719905
2025-06-13,Top 1-100,INFLOW,8082222.793051399,1.03225578,8342921.193375051
2025-06-13,Top 101-200,OUTFLOW,-8630530.607695399,1.03225578,8908915.10426049
2025-06-13,Top 201-300,INFLOW,161830.40203251177,1.03225578,167050.36787778404
2025-06-13,Top 301-500,INFLOW,166949.89914815404,1.03225578,172334.9983660991
2025-06-13,Top 501-1000,INFLOW,119687.03463930119,1.03225578,123547.63329747887
2025-06-14,Top 1-100,INFLOW,3199278.170808,0.999668971,3198219.1169543955
2025-06-14,Top 101-200,INFLOW,675939.8176883201,0.999668971,675716.0620064104
2025-06-14,Top 201-300,OUTFLOW,-117100.14958559001,0.999668971,117061.38604017285
2025-06-14,Top 301-500,INFLOW,16035.277491941553,0.999668971,16029.969350068674
2025-06-14,Top 501-1000,INFLOW,118557.16841332799,0.999668971,118517.9225524253
2025-06-15,Top 1-100,INFLOW,102357.4985,0.976246809,99926.1812878473
2025-06-15,Top 101-200,INFLOW,1044144.23487712,0.976246809,1019342.4774345349
2025-06-15,Top 201-300,OUTFLOW,-47567.25076391001,0.976246809,46437.37677116996
2025-06-15,Top 301-500,INFLOW,60718.053390521316,0.976246809,59275.805871188066
2025-06-15,Top 501-1000,INFLOW,47429.31685543904,0.976246809,46302.71923317228
2025-06-16,Top 1-100,OUTFLOW,-10943090.14649293,0.97999339,10724156.009737203
2025-06-16,Top 101-200,INFLOW,560353.0936606149,0.97999339,549142.3278534535
2025-06-16,Top 201-300,INFLOW,93552.5906734,0.97999339,91680.92047730765
2025-06-16,Top 301-500,INFLOW,348074.1265010033,0.97999339,341110.34320100705
2025-06-16,Top 501-1000,OUTFLOW,-45218.437632208166,0.97999339,44313.76998569125
2025-06-17,Top 1-100,OUTFLOW,-6190143.24837457,0.966107567,5980344.233068633
2025-06-17,Top 101-200,INFLOW,2866039.601030778,0.966107567,2768902.545877496
2025-06-17,Top 201-300,INFLOW,605108.8835125192,0.966107567,584600.2712203664
2025-06-17,Top 301-500,OUTFLOW,-111225.8655337072,0.966107567,107456.15033823902
2025-06-17,Top 501-1000,INFLOW,312.4519988366519,0.966107567,301.8622404003646
2025-06-18,Top 1-100,INFLOW,101921.72880167048,0.915295748,93288.52500097813
2025-06-18,Top 101-200,INFLOW,1975270.1468851129,0.915295748,1807956.3665952792
2025-06-18,Top 201-300,INFLOW,214210.32263073264,0.915295748,196065.79748161777
2025-06-18,Top 301-500,INFLOW,382628.46948844753,0.915295748,350218.2111865238
2025-06-18,Top 501-1000,INFLOW,210532.8535068155,0.915295748,192699.8256290951
2025-06-19,Top 1-100,INFLOW,19783485.64857625,0.957150652,18935776.1873674
2025-06-19,Top 101-200,INFLOW,166273.7108958098,0.957150652,159148.99079438386
2025-06-19,Top 201-300,OUTFLOW,-795412.76087619,0.957150652,761329.8426817654
2025-06-19,Top 301-500,OUTFLOW,-95153.28416263204,0.957150652,91076.02797620454
2025-06-19,Top 501-1000,INFLOW,2381.0064464174793,0.957150652,2278.9818726046933
2025-06-20,Top 1-100,INFLOW,122547.44472107012,0.931914685,114203.76334479096
2025-06-20,Top 101-200,INFLOW,708621.7481106983,0.931914685,660375.0131747307
2025-06-20,Top 201-300,INFLOW,27139.75082871277,0.931914685,25291.93234451835
2025-06-20,Top 301-500,OUTFLOW,-82648.00784258329,0.931914685,77020.89219449853
2025-06-20,Top 501-1000,INFLOW,15899.140999628507,0.931914685,14816.642976439385
2025-06-21,Top 1-100,INFLOW,137051.86999,0.883990465,121152.54628157965
2025-06-21,Top 101-200,OUTFLOW,-820316.4385784898,0.883990465,725151.9099861431
2025-06-21,Top 201-300,INFLOW,455560.32654817955,0.883990465,402710.9849008771
2025-06-21,Top 301-500,INFLOW,204996.55973343767,0.883990465,181215.00416216184
2025-06-21,Top 501-1000,INFLOW,22143.035833842267,0.883990465,19574.23254326989
2025-06-22,Top 1-100,OUTFLOW,-1204242.6901864375,0.849316731,1022783.4649597909
2025-06-22,Top 101-200,OUTFLOW,-241854.964699107,0.849316731,205411.46799436596
2025-06-22,Top 201-300,INFLOW,633102.0822615245,0.849316731,537704.1908956511
2025-06-22,Top 301-500,OUTFLOW,-152299.0442143108,0.849316731,129350.12636652292
2025-06-22,Top 501-1000,OUTFLOW,-29783.143228492234,0.849316731,25295.321845727813
2025-06-23,Top 1-100,OUTFLOW,-241242.68570251,0.829206472,200039.99630718314
2025-06-23,Top 101-200,INFLOW,410992.9864304599,0.829206472,340798.0442947455
2025-06-23,Top 201-300,OUTFLOW,-59143.31168886999,0.829206472,49042.01682792424
2025-06-23,Top 301-500,INFLOW,307464.59583786613,0.829206472,254951.63277962286
2025-06-23,Top 501-1000,INFLOW,26024.375617623242,0.829206472,21579.580691892188
2025-06-24,Top 1-100,INFLOW,3457744.2447920004,0.928535326,3210637.679562564
2025-06-24,Top 101-200,OUTFLOW,-476113.90653743787,0.928535326,442088.5814198734
2025-06-24,Top 201-300,INFLOW,864513.0276337389,0.928535326,802730.8859451407
2025-06-24,Top 301-500,INFLOW,475630.04502985015,0.928535326,441639.29891718656
2025-06-24,Top 501-1000,INFLOW,38022.5795031382,0.928535326,35305.30825430735
2025-06-25,Top 1-100,INFLOW,1350490.05027934,0.928544414,1253989.9923494603
2025-06-25,Top 101-200,INFLOW,2343741.3910129555,0.928544414,2176267.9764856696
2025-06-25,Top 201-300,OUTFLOW,-147960.0082944458,0.928544414,137387.4391972013
2025-06-25,Top 301-500,OUTFLOW,-95229.07399151748,0.928544414,88424.42470521624
2025-06-25,Top 501-1000,INFLOW,38884.19044754324,0.928544414,36105.69783297843
2025-06-26,Top 1-100,INFLOW,920183.0964,0.884309044,813726.2342824439
2025-06-26,Top 101-200,OUTFLOW,-649380.3791906103,0.884309044,574252.942314406
2025-06-26,Top 201-300,INFLOW,200413.70618371226,0.884309044,177227.65291981547
2025-06-26,Top 301-500,INFLOW,73510.42402634583,0.884309044,65005.93279477252
2025-06-26,Top 501-1000,INFLOW,143690.77174217964,0.884309044,127067.04899094909
2025-06-27,Top 1-100,OUTFLOW,-28989.747888,0.863196822,25023.858247502816
2025-06-27,Top 101-200,INFLOW,901884.9567036598,0.863196822,778504.2284362068
2025-06-27,Top 201-300,INFLOW,387627.03394198656,0.863196822,334598.42382000893
2025-06-27,Top 301-500,INFLOW,203675.70792543027,0.863196822,175812.2237998316
2025-06-27,Top 501-1000,INFLOW,3328.7590061514056,0.863196822,2873.374195313772
2025-06-28,Top 1-100,INFLOW,29813.86,0.872722235,26019.2185331771
2025-06-28,Top 101-200,OUTFLOW,-1485226.2587492566,0.872722235,1296189.9800163396
2025-06-28,Top 201-300,INFLOW,171342.0344556552,0.872722235,149534.0032595864
2025-06-28,Top 301-500,OUTFLOW,-31333.39857003745,0.872722235,27345.35363018889
2025-06-28,Top 501-1000,INFLOW,7931.010827928956,0.872722235,6921.569495559359
2025-06-29,Top 1-100,INFLOW,33930.74,0.895493222,30384.74768744428
2025-06-29,Top 101-200,INFLOW,869634.5348677365,0.895493222,778751.8315911808
2025-06-29,Top 201-300,OUTFLOW,-14507.494342863356,0.895493222,12991.36285223748
2025-06-29,Top 301-500,INFLOW,10553.33271961,0.895493222,9450.437919921582
2025-06-29,Top 501-1000,INFLOW,71329.01699357634,0.895493222,63874.65124967043
2025-06-30,Top 1-100,INFLOW,127047.30591600003,0.943886422,119918.2270057927
2025-06-30,Top 101-200,INFLOW,1965582.886232403,0.943886422,1855286.9976303359
2025-06-30,Top 201-300,OUTFLOW,-365830.1346283773,0.943886422,345302.0968341573
2025-06-30,Top 301-500,INFLOW,288043.710899523,0.943886422,271880.54766055313
2025-06-30,Top 501-1000,OUTFLOW,-107614.01691007568,0.943886422,101575.40937829882
2025-07-01,Top 1-100,INFLOW,36613.42193725001,0.898547478,32898.89794266587
2025-07-01,Top 101-200,OUTFLOW,-401796.58026262035,0.898547478,361033.3038640021
2025-07-01,Top 201-300,INFLOW,17742.841675810007,0.898547478,15942.785640352375
2025-07-01,Top 301-500,OUTFLOW,-146231.71960515378,0.898547478,131396.14285481407
2025-07-01,Top 501-1000,OUTFLOW,-61642.732179660925,0.898547478,55388.92153706377
2025-07-02,Top 1-100,INFLOW,40636.72,0.854527444,34725.19247414368
2025-07-02,Top 101-200,OUTFLOW,-497466.4879189092,0.854527444,425098.7663970023
2025-07-02,Top 201-300,INFLOW,57196.766733108154,0.854527444,48876.20688150714
2025-07-02,Top 301-500,INFLOW,196754.1602855006,0.854527444,168131.82968513513
2025-07-02,Top 501-1000,INFLOW,146756.36828225706,0.854527444,125407.34427895979
2025-07-03,Top 1-100,OUTFLOW,-10474995.063849071,0.944629766,9894992.136014903
2025-07-03,Top 101-200,INFLOW,1369650.185884724,0.944629766,1293812.3345941433
2025-07-03,Top 201-300,INFLOW,1288268.4536627554,0.944629766,1216936.7279286305
2025-07-03,Top 301-500,OUTFLOW,-368857.19570186024,0.944629766,348433.48646326445
2025-07-03,Top 501-1000,OUTFLOW,-13079.842613015615,0.944629766,12355.60866684977
2025-07-04,Top 1-100,INFLOW,1147.8200000000033,0.942437946,1081.749123177723
2025-07-04,Top 101-200,OUTFLOW,-644362.2489822102,0.942437946,607271.4344107347
2025-07-04,Top 201-300,OUTFLOW,-361408.30983726995,0.942437946,340604.9051903683
2025-07-04,Top 301-500,OUTFLOW,-38036.06786281825,0.942437946,35846.63367055104
2025-07-04,Top 501-1000,INFLOW,106684.02782162846,0.942437946,100543.07605122238
2025-07-05,Top 1-100,INFLOW,41932.44,0.874240848,36659.051904309126
2025-07-05,Top 101-200,OUTFLOW,-431241.93476802995,0.874240848,377009.3147447632
2025-07-05,Top 201-300,INFLOW,195175.94925399998,0.874240848,170630.78738502192
2025-07-05,Top 301-500,INFLOW,39880.77742129,0.874240848,34865.40467168782
2025-07-05,Top 501-1000,OUTFLOW,-20175.392558644497,0.874240848,17638.152299202255
2025-07-06,Top 1-100,INFLOW,145282.20628800002,0.868232582,126138.74508408688
2025-07-06,Top 101-200,OUTFLOW,-452095.86658338003,0.868232582,392524.36155521555
2025-07-06,Top 201-300,INFLOW,515169.2430824828,0.868232582,447286.7220884896
2025-07-06,Top 301-500,INFLOW,94403.8319498982,0.868232582,81964.48276455421
2025-07-06,Top 501-1000,INFLOW,67584.65712000434,0.868232582,58679.20135488605
2025-07-07,Top 1-100,INFLOW,101057.7288292,0.893261737,90271.00239124618
2025-07-07,Top 101-200,OUTFLOW,-55251.000497187604,0.893261737,49353.604675105664
2025-07-07,Top 201-300,OUTFLOW,-43202.46780864184,0.893261737,38591.111437433996
2025-07-07,Top 301-500,OUTFLOW,-238293.53383175994,0.893261737,212858.49594642615
2025-07-07,Top 501-1000,INFLOW,29957.444613819825,0.893261737,26759.83901182199
2025-07-08,Top 1-100,INFLOW,57244.72634409,0.871721771,49901.47422908049
2025-07-08,Top 101-200,INFLOW,427049.9732441538,0.871721771,372268.7589818964
2025-07-08,Top 201-300,INFLOW,283012.67819023004,0.871721771,246708.31304744043
2025-07-08,Top 301-500,INFLOW,117932.32550753996,0.871721771,102804.17564958122
2025-07-08,Top 501-1000,INFLOW,4917.049648118147,0.871721771,4286.299227352478
2025-07-09,Top 1-100,INFLOW,309253.78,0.875913884,270879.67958148156
2025-07-09,Top 101-200,INFLOW,418602.3207398893,0.875913884,366659.5846106902
2025-07-09,Top 201-300,OUTFLOW,-156334.34895588143,0.875913884,136935.42679655747
2025-07-09,Top 301-500,OUTFLOW,-74388.68328938639,0.875913884,65158.08050565233
2025-07-09,Top 501-1000,INFLOW,241718.88034242258,0.875913884,211724.9233168626
2025-07-10,Top 1-100,INFLOW,1089232.792745345,0.913872891,995420.3212781923
2025-07-10,Top 101-200,INFLOW,681498.0160220354,0.913872891,622802.5621128218
2025-07-10,Top 201-300,INFLOW,126552.0026647664,0.913872891,115652.44453708979
2025-07-10,Top 301-500,OUTFLOW,-163011.47128006676,0.913872891,148971.7645248781
2025-07-10,Top 501-1000,INFLOW,91807.64523350634,0.913872891,83900.5181654468
2025-07-11,Top 1-100,OUTFLOW,-260589.62,1.063138825,277042.9424139965
2025-07-11,Top 101-200,INFLOW,1316080.6951559507,1.063138825,1399176.4838532808
2025-07-11,Top 201-300,INFLOW,708825.2325811321,1.063138825,753579.6248966565
2025-07-11,Top 301-500,OUTFLOW,-33993.424607144,1.063138825,36139.72949456516
2025-07-11,Top 501-1000,OUTFLOW,-106114.55128585329,1.063138825,112814.49936944431
2025-07-12,Top 1-100,INFLOW,343750.62,1.039434116,357306.1218241519
2025-07-12,Top 101-200,INFLOW,887961.3441941601,1.039434116,922977.3148446286
2025-07-12,Top 201-300,INFLOW,99591.81488414294,1.039434116,103519.13006493475
2025-07-12,Top 301-500,INFLOW,277588.38897379115,1.039434116,288534.84170483676
2025-07-12,Top 501-1000,OUTFLOW,-14817.228325382792,1.039434116,15401.532625964423
2025-07-13,Top 1-100,OUTFLOW,-927325.5861300009,1.026591311,951984.389189041
2025-07-13,Top 101-200,INFLOW,640843.2547415401,1.026591311,657884.1170306245
2025-07-13,Top 201-300,INFLOW,164441.43166232057,1.026591311,168814.1449129386
2025-07-13,Top 301-500,INFLOW,42066.350795907885,1.026591311,43184.95021255697
2025-07-13,Top 501-1000,INFLOW,38864.32479845817,1.026591311,39897.778145978984
2025-07-14,Top 1-100,INFLOW,2762426.429,1.045134914,2887108.308304242
2025-07-14,Top 101-200,INFLOW,633438.7305969603,1.045134914,662028.9332267232
2025-07-14,Top 201-300,OUTFLOW,-241632.12298582017,1.045134914,252538.16807642256
2025-07-14,Top 301-500,OUTFLOW,-688.4536699605887,1.045134914,719.5269671472442
2025-07-14,Top 501-1000,OUTFLOW,-40743.312594213814,1.045134914,42582.25850422877
2025-07-15,Top 1-100,INFLOW,109005.42288317325,1.049668376,114419.54521297371
2025-07-15,Top 101-200,OUTFLOW,-937344.9082036099,1.049668376,983901.3075459523
2025-07-15,Top 201-300,OUTFLOW,-166995.48531688785,1.049668376,175289.87987190954
2025-07-15,Top 301-500,INFLOW,13149.154064728573,1.049668376,13802.25119289744
2025-07-15,Top 501-1000,INFLOW,30134.71390495618,1.049668376,31631.456205839975
2025-07-16,Top 1-100,INFLOW,849864.6972749832,1.081404985,919047.9202086828
2025-07-16,Top 101-200,INFLOW,905524.5634112724,1.081404985,979238.7769128985
2025-07-16,Top 201-300,INFLOW,747373.2830484799,1.081404985,808213.1939444422
2025-07-16,Top 301-500,INFLOW,331476.9337464142,1.081404985,358460.80856588704
2025-07-16,Top 501-1000,INFLOW,201338.95697607606,1.081404985,217728.9517486292
2025-07-17,Top 1-100,INFLOW,177682.29106669998,1.109374193,197116.14826251141
2025-07-17,Top 101-200,OUTFLOW,-397861.5944170803,1.109374193,441377.38523214177
2025-07-17,Top 201-300,OUTFLOW,-657433.8113278002,1.109374193,729340.1038926926
2025-07-17,Top 301-500,OUTFLOW,-2504.0883510222193,1.109374193,2777.970993615975
2025-07-17,Top 501-1000,INFLOW,55119.227841835745,1.109374193,61147.848905819665
2025-07-18,Top 1-100,OUTFLOW,-1730611.4631624627,1.116151598,1931624.750125901
2025-07-18,Top 101-200,INFLOW,1868397.7406882597,1.116151598,2085415.1239687908
2025-07-18,Top 201-300,OUTFLOW,-1596711.4783977948,1.116151598,1782172.0681586412
2025-07-18,Top 301-500,INFLOW,292218.2717359218,1.116151598,326159.8909628474
2025-07-18,Top 501-1000,INFLOW,2997.8795142510207,1.116151598,3346.0880104427406
2025-07-19,Top 1-100,INFLOW,1924390.480532777,1.13712832,2188278.914152229
2025-07-19,Top 101-200,OUTFLOW,-902031.5972025401,1.13712832,1025725.6747138412
2025-07-19,Top 201-300,OUTFLOW,-433016.7949380434,1.13712832,492395.66055968177
2025-07-19,Top 301-500,INFLOW,157536.2125317268,1.13712832,179138.88869536546
2025-07-19,Top 501-1000,INFLOW,93585.37964562814,1.13712832,106418.58553299532
2025-07-20,Top 1-100,OUTFLOW,-157289.57,1.151773468,181161.95351912876
2025-07-20,Top 101-200,OUTFLOW,-490275.1467337799,1.151773468,564685.9060277746
2025-07-20,Top 201-300,OUTFLOW,-269644.70390279,1.151773468,310569.6157419495
2025-07-20,Top 301-500,INFLOW,132661.37270990235,1.151773468,152795.8493157248
2025-07-20,Top 501-1000,OUTFLOW,-131063.7895064658,1.151773468,150955.7953690841
2025-07-21,Top 1-100,INFLOW,355848.47558265214,1.225949339,436252.20342471
2025-07-21,Top 101-200,INFLOW,1996812.5529246493,1.225949339,2447991.0293648764
2025-07-21,Top 201-300,INFLOW,425281.03926630085,1.225949339,521373.00897775457
2025-07-21,Top 301-500,OUTFLOW,-398298.37332395645,1.225949339,488293.62750127964
2025-07-21,Top 501-1000,INFLOW,147739.6812657515,1.225949339,181121.36459181874
2025-07-22,Top 1-100,OUTFLOW,-10812099.72178627,1.239204536,13398403.018921882
2025-07-22,Top 101-200,INFLOW,3133526.55465991,1.239204536,3883080.3202110124
2025-07-22,Top 201-300,OUTFLOW,-383011.14431027,1.239204536,474629.1473678372
2025-07-22,Top 301-500,OUTFLOW,-131923.2918245584,1.239204536,163479.94163304448
2025-07-22,Top 501-1000,INFLOW,141758.09348142662,1.239204536,175667.27245689588
2025-07-23,Top 1-100,OUTFLOW,-252050.770905,1.386546933,349480.2233586134
2025-07-23,Top 101-200,OUTFLOW,-2064594.7738355503,1.386546933,2862657.551549511
2025-07-23,Top 201-300,INFLOW,470938.3543097859,1.386546933,652978.130800301
2025-07-23,Top 301-500,OUTFLOW,-212326.0323542239,1.386546933,294400.0089568079
2025-07-23,Top 501-1000,OUTFLOW,-5432.280545717571,1.386546933,7532.111929860264
2025-07-24,Top 1-100,OUTFLOW,-1434541.0695959,1.176409321,1687607.4856299262
2025-07-24,Top 101-200,INFLOW,537054.5775093096,1.176409321,631796.0108676688
2025-07-24,Top 201-300,OUTFLOW,-356040.75807012006,1.176409321,418849.6664495952
2025-07-24,Top 301-500,INFLOW,204888.21050925564,1.176409321,241032.4006060985
2025-07-24,Top 501-1000,INFLOW,170377.5491630113,1.176409321,200433.73692450224
2025-07-25,Top 1-100,INFLOW,60701.229616000004,1.136834111,69007.22840711224
2025-07-25,Top 101-200,OUTFLOW,-154739.67694927007,1.136834111,175913.34308105064
2025-07-25,Top 201-300,OUTFLOW,-130545.50565586,1.136834111,148408.58386732507
2025-07-25,Top 301-500,OUTFLOW,-91912.08583745995,1.136834111,104488.79439318446
2025-07-25,Top 501-1000,INFLOW,136549.9025264784,1.136834111,155234.58704582573
2025-07-26,Top 1-100,INFLOW,1257644.8071764102,1.165381616,1465636.1377412532
2025-07-26,Top 101-200,INFLOW,1085216.5299470401,1.165381616,1264691.393379594
2025-07-26,Top 201-300,INFLOW,123017.15115341003,1.165381616,143361.92640687723
2025-07-26,Top 301-500,OUTFLOW,-96494.16,1.165381616,112452.52011536255
2025-07-26,Top 501-1000,OUTFLOW,-44715.24770708473,1.165381616,52110.32763272269
2025-07-27,Top 1-100,OUTFLOW,-328151.49214535,1.158097759,380031.50766603596
2025-07-27,Top 101-200,OUTFLOW,-672123.00699983,1.158097759,778384.1481788444
2025-07-27,Top 201-300,OUTFLOW,-61497.67358853,1.158097759,71220.31796659007
2025-07-27,Top 301-500,INFLOW,65549.70907398523,1.158097759,75912.97118168425
2025-07-27,Top 501-1000,INFLOW,113431.37712291373,1.158097759,131364.62364633026
2025-07-28,Top 1-100,INFLOW,929715.3103640501,1.215107668,1129704.202680357
2025-07-28,Top 101-200,OUTFLOW,-1893389.311042638,1.215107668,2300671.8703571465
2025-07-28,Top 201-300,INFLOW,279711.0173107306,1.215107668,339879.0019583494
2025-07-28,Top 301-500,INFLOW,55875.4414016,1.215107668,67894.67729996883
2025-07-28,Top 501-1000,OUTFLOW,-120869.98250644798,1.215107668,146870.0425746108
2025-07-29,Top 1-100,OUTFLOW,-2135199.7256875895,1.113728933,2378033.7122319317
2025-07-29,Top 101-200,INFLOW,568360.1318746109,1.113728933,632999.1232324496
2025-07-29,Top 201-300,INFLOW,11733.374570770004,1.113728933,13067.798741193008
2025-07-29,Top 301-500,INFLOW,109920.27686575396,1.113728933,122421.39266876073
2025-07-29,Top 501-1000,INFLOW,171077.75160681433,1.113728933,190534.24175709634
2025-07-30,Top 1-100,INFLOW,57874336.75599961,1.080946417,62559056.95264918
2025-07-30,Top 101-200,INFLOW,1140615.5999930426,1.080946417,1232944.3459867847
2025-07-30,Top 201-300,INFLOW,110928.46430003001,1.080946417,119907.72602842985
2025-07-30,Top 301-500,INFLOW,15913.991892705206,1.080946417,17202.172516586743
2025-07-30,Top 501-1000,INFLOW,92542.02983371535,1.080946417,100032.97557066171
2025-07-31,Top 1-100,INFLOW,951361.3298343027,1.06387139,1012126.1003630682
2025-07-31,Top 101-200,OUTFLOW,-2010782.5074823739,1.06387139,2139213.981222959
2025-07-31,Top 201-300,INFLOW,472988.5899653199,1.06387139,503199.02866054495
2025-07-31,Top 301-500,INFLOW,198866.3292650101,1.06387139,211568.198139364
2025-07-31,Top 501-1000,INFLOW,226766.46415479787,1.06387139,241250.35342575
2025-08-01,Top 1-100,OUTFLOW,-1482661.3710117303,1.00543538,1490720.1989745
2025-08-01,Top 101-200,INFLOW,2345302.2126176073,1.00543538,2358049.8213580246
2025-08-01,Top 201-300,INFLOW,578890.8727629955,1.00543538,582037.3646349941
2025-08-01,Top 301-500,INFLOW,159328.2869092623,1.00543538,160194.29669336317
2025-08-01,Top 501-1000,INFLOW,106084.97329424426,1.00543538,106661.58543638833
2025-08-02,Top 1-100,OUTFLOW,-947406.3734241088,0.966487236,915656.1672194508
2025-08-02,Top 101-200,OUTFLOW,-811735.2881612988,0.966487236,784531.7950186773
2025-08-02,Top 201-300,INFLOW,205025.30880814875,0.966487236,198154.34402003413
2025-08-02,Top 301-500,OUTFLOW,-58746.62615,0.966487236,56777.864332038815
2025-08-02,Top 501-1000,OUTFLOW,-47443.472973488664,0.966487236,45853.51106038776
2025-08-03,Top 1-100,OUTFLOW,-41274.0294847,0.936464949,38651.681916414076
2025-08-03,Top 101-200,INFLOW,403763.527981763,0.936464949,378110.3916395018
2025-08-03,Top 201-300,INFLOW,101686.74428593,0.936464949,95226.07180169948
2025-08-03,Top 301-500,INFLOW,239287.06007686706,0.936464949,224083.94451124323
2025-08-03,Top 501-1000,OUTFLOW,-14516.260282240633,0.936464949,13593.9689448792
2025-08-04,Top 1-100,OUTFLOW,-705450.9814129828,0.975754403,688346.9012143891
2025-08-04,Top 101-200,INFLOW,2365891.3380052266,0.975754403,2308528.8900781614
2025-08-04,Top 201-300,INFLOW,414802.65562389,0.975754403,404745.5176011034
2025-08-04,Top 301-500,INFLOW,272717.8832113906,0.975754403,266105.6753203542
2025-08-04,Top 501-1000,OUTFLOW,-81691.87688017261,0.975754403,79711.20855516233
2025-08-05,Top 1-100,INFLOW,150738.60098495003,0.99949796,150662.92417771154
2025-08-05,Top 101-200,OUTFLOW,-1198561.4199025072,0.99949796,1197959.6941272593
2025-08-05,Top 201-300,OUTFLOW,-180459.33681875002,0.99949796,180368.73901329353
2025-08-05,Top 301-500,OUTFLOW,-74830.76601872002,0.99949796,74793.19798094798
2025-08-05,Top 501-1000,OUTFLOW,-79723.15842090404,0.99949796,79683.13420645041
2025-08-06,Top 1-100,INFLOW,221912.54780901643,0.942598042,209174.33306001028
2025-08-06,Top 101-200,INFLOW,246808.6560266069,0.942598042,232641.35591933117
2025-08-06,Top 201-300,INFLOW,152611.49046727,0.942598042,143851.29210115035
2025-08-06,Top 301-500,INFLOW,159468.77811189735,0.942598042,150314.9580084069
2025-08-06,Top 501-1000,INFLOW,40154.01614124129,0.942598042,37849.09699317044
2025-08-07,Top 1-100,OUTFLOW,-993352.1993480296,0.967271018,960840.7930959075
2025-08-07,Top 101-200,INFLOW,1224036.015488102,0.967271018,1183974.5627698402
2025-08-07,Top 201-300,INFLOW,91651.23526091,0.967271018,88651.58363177792
2025-08-07,Top 301-500,INFLOW,29967.700909681822,0.967271018,28986.888566027465
2025-08-07,Top 501-1000,INFLOW,125614.89631399895,0.967271018,121503.64863360622
2025-08-08,Top 1-100,OUTFLOW,-964580.0404801611,1.022122907,985919.3550097599
2025-08-08,Top 101-200,OUTFLOW,-68569.86871708371,1.022122907,70086.83354571396
2025-08-08,Top 201-300,OUTFLOW,-155309.95379599003,1.022122907,158745.861459993
2025-08-08,Top 301-500,INFLOW,38876.15624890999,1.022122907,39736.20983812209
2025-08-08,Top 501-1000,OUTFLOW,-47094.176928978035,1.022122907,48136.03702541936
2025-08-09,Top 1-100,INFLOW,524149.2107994981,1.034647635,542309.7413408172
2025-08-09,Top 101-200,INFLOW,1141916.6965753203,1.034647635,1181481.409478668
2025-08-09,Top 201-300,INFLOW,283989.1370611013,1.034647635,293828.68902595935
2025-08-09,Top 301-500,INFLOW,29266.31612183663,1.034647635,30280.324760620642
2025-08-09,Top 501-1000,INFLOW,70426.7854767261,1.034647635,72866.907034147
2025-08-10,Top 1-100,INFLOW,522583.14258227224,1.08081567,564816.0493807641
2025-08-10,Top 101-200,OUTFLOW,-909374.3392798001,1.08081567,982866.0357895044
2025-08-10,Top 201-300,INFLOW,235161.9648888,1.08081567,254166.73663980485
2025-08-10,Top 301-500,OUTFLOW,-72105.387349,1.08081567,77932.63253821895
2025-08-10,Top 501-1000,OUTFLOW,-41688.43068811839,1.08081567,45057.50914542723
2025-08-11,Top 1-100,INFLOW,3403961.0246282564,1.080965134,3679563.18511806
2025-08-11,Top 101-200,OUTFLOW,-3278041.11655161,1.080965134,3543448.1548107206
2025-08-11,Top 201-300,OUTFLOW,-490524.7758738685,1.080965134,530240.1800828162
2025-08-11,Top 301-500,OUTFLOW,-158323.40227623997,1.080965134,171142.07775687164
2025-08-11,Top 501-1000,INFLOW,56899.951027132134,1.080965134,61506.86318663732
2025-08-12,Top 1-100,INFLOW,275938.6641682968,0.991523782,273599.7478961775
2025-08-12,Top 101-200,OUTFLOW,-2094105.200589919,0.991523782,2076355.108394785
2025-08-12,Top 201-300,OUTFLOW,-51754.25545563995,0.991523782,51315.57510397026
2025-08-12,Top 301-500,INFLOW,191171.73599609683,0.991523782,189551.32268635547
2025-08-12,Top 501-1000,INFLOW,118223.12016540117,0.991523782,117221.03522623904
2025-08-13,Top 1-100,OUTFLOW,-3930865.1570999944,1.057845887,4158249.538789838
2025-08-13,Top 101-200,INFLOW,7906485.024257291,1.057845887,8363842.663537671
2025-08-13,Top 201-300,OUTFLOW,-38316.5068624501,1.057845887,40532.959188650115
2025-08-13,Top 301-500,INFLOW,167660.8678128451,1.057845887,177359.35942666887
2025-08-13,Top 501-1000,INFLOW,267347.36936718517,1.057845887,282812.31508534664
2025-08-14,Top 1-100,OUTFLOW,-189805.96753057,1.119636199,212513.63203344482
2025-08-14,Top 101-200,OUTFLOW,-2248905.2287333603,1.119636199,2517955.702210245
2025-08-14,Top 201-300,OUTFLOW,-409307.99383539136,1.119636199,458276.04643817304
2025-08-14,Top 301-500,OUTFLOW,-228864.49900100194,1.119636199,256244.97774752113
2025-08-14,Top 501-1000,OUTFLOW,-39155.750080875034,1.119636199,43840.19518954487
2025-08-15,Top 1-100,OUTFLOW,-955529.9665390481,1.000964107,956451.1996684981
2025-08-15,Top 101-200,OUTFLOW,-119220.82128534769,1.000964107,119335.76291369463
2025-08-15,Top 201-300,INFLOW,134497.1659670816,1.000964107,134626.8356262706
2025-08-15,Top 301-500,OUTFLOW,-11408.5485049329,1.000964107,11419.547566406345
2025-08-15,Top 501-1000,INFLOW,164785.62624303997,1.000964107,164944.49721880024
2025-08-16,Top 1-100,INFLOW,140954.7977285418,0.98445076,138763.05774950926
2025-08-16,Top 101-200,INFLOW,857171.1626608022,0.98445076,843842.8025315104
2025-08-16,Top 201-300,INFLOW,647135.0995096536,0.98445076,637072.6405349541
2025-08-16,Top 301-500,INFLOW,251202.23914731402,0.98445076,247296.23524227503
2025-08-16,Top 501-1000,OUTFLOW,-52714.41175332425,0.98445076,51894.74271351299
2025-08-17,Top 101-200,OUTFLOW,-2347626.0031611198,1.005062109,2359509.9418803556
2025-08-17,Top 201-300,INFLOW,476416.10661694576,1.005062109,478827.7768779964
2025-08-17,Top 301-500,OUTFLOW,-140158.11848359075,1.005062109,140867.6141565896
2025-08-17,Top 501-1000,OUTFLOW,-23520.28348834555,1.005062109,23639.34572707446
2025-08-18,Top 1-100,OUTFLOW,-966244.5228541989,1.004109028,970214.8486534535
2025-08-18,Top 101-200,OUTFLOW,-2663739.2125527677,1.004109028,2674684.591561845
2025-08-18,Top 201-300,INFLOW,693461.3092243868,1.004109028,696310.7611609065
2025-08-18,Top 301-500,INFLOW,144578.80356877003,1.004109028,145172.88192084062
2025-08-18,Top 501-1000,INFLOW,121147.54322853487,1.004109028,121645.34187579213
2025-08-19,Top 1-100,INFLOW,122058.069049,0.953297048,116357.59690899187
2025-08-19,Top 101-200,INFLOW,2028568.8087884202,0.953297048,1933828.6570828776
2025-08-19,Top 201-300,INFLOW,129083.54937797147,0.953297048,123054.96656738245
2025-08-19,Top 301-500,OUTFLOW,-56130.34136386999,0.953297048,53508.88872540956
2025-08-19,Top 501-1000,OUTFLOW,-4102.2001645534765,0.953297048,3910.6153071739436
2025-08-20,Top 1-100,INFLOW,3280454.3054573312,0.900328503,2953486.513992304
2025-08-20,Top 101-200,OUTFLOW,-1956615.698984948,0.900328503,1761596.883213417
2025-08-20,Top 201-300,INFLOW,661214.4954993005,0.900328503,595310.2568947854
2025-08-20,Top 301-500,OUTFLOW,-29544.077834551397,0.900328503,26599.37536929714
2025-08-20,Top 501-1000,OUTFLOW,-4420.3552123261325,0.900328503,3979.771791041834
2025-08-21,Top 1-100,OUTFLOW,-5311263.328351463,0.959375707,5095497.010700358
2025-08-21,Top 101-200,INFLOW,1305044.57132933,0.959375707,1252028.058285588
2025-08-21,Top 201-300,OUTFLOW,-19165.822155199945,0.959375707,18387.22418038121
2025-08-21,Top 301-500,OUTFLOW,-293985.2824728244,0.959375707,282042.33821996057
2025-08-21,Top 501-1000,INFLOW,130859.93256769811,0.959375707,125543.8403251077
2025-08-22,Top 1-100,OUTFLOW,-1067577.6662752216,0.932161995,995155.3272125548
2025-08-22,Top 101-200,OUTFLOW,-1563899.2985427165,0.932161995,1457807.4901086793
2025-08-22,Top 201-300,INFLOW,794099.0366615092,0.932161995,740228.9422419706
2025-08-22,Top 301-500,INFLOW,12203.641291046748,0.932161995,11375.770612126511
2025-08-22,Top 501-1000,INFLOW,134274.00164690832,0.932161995,125165.12125181535
2025-08-23,Top 1-100,INFLOW,5218460.68678244,1.023866789,5343008.586898671
2025-08-23,Top 101-200,OUTFLOW,-42849.65877685964,1.023866789,43872.34254160894
2025-08-23,Top 201-300,INFLOW,314609.4596049903,1.023866789,322118.1771947866
2025-08-23,Top 301-500,OUTFLOW,-288558.5568762297,1.023866789,295445.52306733915
2025-08-23,Top 501-1000,OUTFLOW,-33610.93508297783,1.023866789,34413.12017869596
2025-08-24,Top 101-200,OUTFLOW,-1867281.0477384403,1.008572273,1883287.8906473801
2025-08-24,Top 201-300,INFLOW,395241.17433354,1.008572273,398629.2895807677
2025-08-24,Top 301-500,INFLOW,186031.16786024143,1.008572273,187625.87781764823
2025-08-24,Top 501-1000,OUTFLOW,-111494.19722814474,1.008572273,112449.95592470023
2025-08-25,Top 101-200,INFLOW,2877676.69497555,0.972076944,2797323.1674718526
2025-08-25,Top 201-300,OUTFLOW,-175544.639564174,0.972076944,170642.89676312375
2025-08-25,Top 301-500,OUTFLOW,-22353.822852543963,0.972076944,21729.6358052183
2025-08-25,Top 501-1000,INFLOW,80023.76086013236,0.972076944,77789.25290430427
2025-08-26,Top 101-200,OUTFLOW,-1435472.6967380713,0.881046521,1264718.2254515658
2025-08-26,Top 201-300,OUTFLOW,-607892.193470823,0.881046521,535581.3022005275
2025-08-26,Top 301-500,INFLOW,97708.49907456338,0.881046521,86085.7331817758
2025-08-26,Top 501-1000,INFLOW,247697.7029942486,0.881046521,218233.199482774
2025-08-27,Top 1-100,INFLOW,962075.8286782007,0.951583774,915495.7479277797
2025-08-27,Top 101-200,INFLOW,1108537.8504486224,0.951583774,1054866.6313517478
2025-08-27,Top 201-300,INFLOW,681916.2531115399,0.951583774,648900.4416878184
2025-08-27,Top 301-500,INFLOW,218872.43800348675,0.951583774,208275.46057993895
2025-08-27,Top 501-1000,INFLOW,28246.08556533308,0.951583774,26878.516702986577
2025-08-28,Top 1-100,INFLOW,8665307.110000001,0.932628994,8081516.652700349
2025-08-28,Top 101-200,INFLOW,1416075.433011375,0.932628994,1320673.006517513
2025-08-28,Top 201-300,OUTFLOW,-748078.9908028797,0.932628994,697680.156625025
2025-08-28,Top 301-500,OUTFLOW,-71624.67409299997,0.932628994,66799.24774493242
2025-08-28,Top 501-1000,OUTFLOW,-73907.00138859672,0.932628994,68927.81235460356
2025-08-29,Top 101-200,INFLOW,829206.469538315,0.959981097,796022.5362668887
2025-08-29,Top 201-300,INFLOW,590301.8734083927,0.959981097,566678.6399957439
2025-08-29,Top 301-500,INFLOW,126141.61190274515,0.959981097,121093.56297174554
2025-08-29,Top 501-1000,OUTFLOW,-16733.060438809334,0.959981097,16063.421716215486
2025-08-30,Top 1-100,INFLOW,2262045.51370644,0.905615019,2048542.3908741225
2025-08-30,Top 101-200,INFLOW,316177.28335052996,0.905615019,286334.8964688586
2025-08-30,Top 201-300,OUTFLOW,-724514.4689945125,0.905615019,656131.1846042402
2025-08-30,Top 301-500,OUTFLOW,-62283.61574976822,0.905615019,56404.97786061504
2025-08-30,Top 501-1000,OUTFLOW,-25112.6057302533,0.905615019,22742.35291554285
2025-08-31,Top 1-100,OUTFLOW,-384797.3453453,0.902677206,347347.7925725125
2025-08-31,Top 101-200,INFLOW,1349634.2107447,0.902677206,1218284.0384770408
2025-08-31,Top 201-300,OUTFLOW,-17350.65847092145,0.902677206,15662.043910791608
2025-08-31,Top 301-500,INFLOW,106343.06795432,0.902677206,95993.4634584737
2025-08-31,Top 501-1000,INFLOW,1879.2617772452504,0.902677206,1696.366770426337
2025-09-01,Top 101-200,INFLOW,554420.1875814507,0.882813927,489449.8630068571
2025-09-01,Top 201-300,OUTFLOW,-161469.09095693997,0.882813927,142547.16227681638
2025-09-01,Top 301-500,INFLOW,155158.98291149997,0.882813927,136976.5110134272
2025-09-01,Top 501-1000,INFLOW,116026.25023939053,0.882813927,102429.58960892104
2025-09-02,Top 101-200,OUTFLOW,-233233.27380331745,0.853445,199051.77136107226
2025-09-02,Top 201-300,INFLOW,92764.20894096096,0.853445,79169.15029961843
2025-09-02,Top 301-500,OUTFLOW,-21437.631184110753,0.853445,18295.8391459234
2025-09-02,Top 501-1000,INFLOW,154233.49621014314,0.853445,131629.80617306562
2025-09-03,Top 101-200,INFLOW,1367788.75311683,0.887928111,1214498.0838020723
2025-09-03,Top 201-300,OUTFLOW,-314397.8006173466,0.887928111,279162.6452047152
2025-09-03,Top 301-500,INFLOW,267444.49098200223,0.887928111,237471.48167500578
2025-09-03,Top 501-1000,OUTFLOW,-122889.11018465979,0.887928111,109116.69546873582
2025-09-04,Top 101-200,OUTFLOW,-2255725.7538020145,0.897459557,2024422.635720647
2025-09-04,Top 201-300,INFLOW,291917.06550339004,0.897459557,261983.7602874124
2025-09-04,Top 301-500,OUTFLOW,-72727.33992871878,0.897459557,65269.84627421637
2025-09-04,Top 501-1000,OUTFLOW,-19709.515852683428,0.897459557,17688.493365833747
2025-09-05,Top 1-100,OUTFLOW,-15646883.0,0.866996919,13565799.352953477
2025-09-05,Top 101-200,INFLOW,3175409.2291040644,0.866996919,2753070.018197389
2025-09-05,Top 201-300,INFLOW,30623.599151484923,0.866996919,26550.566113028442
2025-09-05,Top 301-500,INFLOW,39656.4074785072,0.866996919,34381.9831024743
2025-09-05,Top 501-1000,INFLOW,34065.79937693545,0.866996919,29534.943103075155
2025-09-06,Top 101-200,OUTFLOW,-1014370.5804240499,0.91667957,929852.7874837684
2025-09-06,Top 201-300,INFLOW,13679.073475000001,0.91667957,12539.327191061408
2025-09-06,Top 301-500,OUTFLOW,-10354.65548057371,0.91667957,9491.901133430452
2025-09-06,Top 501-1000,INFLOW,19483.90189088756,0.91667957,17860.494807260995
2025-09-07,Top 1-100,INFLOW,4688623.02,0.96803288,4538741.245284897
2025-09-07,Top 101-200,INFLOW,1509275.6259248536,0.96803288,1461028.4308778387
2025-09-07,Top 201-300,INFLOW,470828.6197937316,0.96803288,455777.584805351
2025-09-07,Top 301-500,OUTFLOW,-200001.2299476553,0.96803288,193607.76662977098
2025-09-07,Top 501-1000,OUTFLOW,-179905.44619742938,0.96803288,174154.3872101826
2025-09-08,Top 1-100,INFLOW,13019704.245389003,1.034935965,13474560.177216265
2025-09-08,Top 101-200,OUTFLOW,-1847070.0383555284,1.034935965,1911599.2125680659
2025-09-08,Top 201-300,OUTFLOW,-146628.96438191924,1.034935965,151751.58874955223
2025-09-08,Top 301-500,OUTFLOW,-927192.8596556894,1.034935965,959585.2369488706
2025-09-08,Top 501-1000,OUTFLOW,-320448.5287956743,1.034935965,331643.70738198154
2025-09-09,Top 1-100,OUTFLOW,-18011395.434589997,1.568393906,28248962.838167176
2025-09-09,Top 101-200,INFLOW,12003284.05827775,1.568393906,18825877.568989772
2025-09-09,Top 201-300,OUTFLOW,-1460283.7808642338,1.568393906,2290300.182938104
2025-09-09,Top 301-500,OUTFLOW,-827144.9905205851,1.568393906,1297289.1625109136
2025-09-09,Top 501-1000,OUTFLOW,-570906.8436047923,1.568393906,895406.8144034513
2025-09-10,Top 1-100,OUTFLOW,-6225862.012530891,1.93964667,12075972.520485042
2025-09-10,Top 101-200,INFLOW,518690.0144219673,1.93964667,1006075.3592358208
2025-09-10,Top 201-300,INFLOW,1694528.8799728588,1.93964667,3286787.299258185
2025-09-10,Top 301-500,INFLOW,311410.34306186665,1.93964667,604026.0349235072
2025-09-10,Top 501-1000,OUTFLOW,-141362.10489456856,1.93964667,274192.5360229406
2025-09-11,Top 1-100,INFLOW,9898760.759735528,1.870024813,18510928.238656167
2025-09-11,Top 101-200,OUTFLOW,-286279.7207685383,1.870024813,535350.181295878
2025-09-11,Top 201-300,OUTFLOW,-1649442.7932406438,1.870024813,3084498.9509840324
2025-09-11,Top 301-500,INFLOW,126351.39946202387,1.870024813,236280.25215125945
2025-09-11,Top 501-1000,INFLOW,102124.87041441997,1.870024813,190976.04169937494
2025-09-12,Top 1-100,INFLOW,1952426.097,1.654239277,3229779.935097212
2025-09-12,Top 101-200,OUTFLOW,-4224805.305272662,1.654239277,6988838.873660013
2025-09-12,Top 201-300,INFLOW,1513430.0578206042,1.654239277,2503575.4446392246
2025-09-12,Top 301-500,OUTFLOW,-319899.4165097252,1.654239277,529190.1794797697
2025-09-12,Top 501-1000,INFLOW,108975.91667909746,1.654239277,180272.24161764243
2025-09-13,Top 101-200,OUTFLOW,-2048554.9522621569,1.658594514,3397722.005449545
2025-09-13,Top 201-300,INFLOW,968553.2907278333,1.658594514,1606437.1745178313
2025-09-13,Top 301-500,INFLOW,463319.4175881971,1.658594514,768459.0442414589
2025-09-13,Top 501-1000,OUTFLOW,-79637.24152284316,1.658594514,132085.8918998807
2025-09-14,Top 101-200,OUTFLOW,-2866560.1939971275,1.65499923,4744154.9138138965
2025-09-14,Top 201-300,INFLOW,2230137.710364614,1.65499923,3690876.1934473994
2025-09-14,Top 301-500,OUTFLOW,-119551.41216648661,1.65499923,197857.49508094796
2025-09-14,Top 501-1000,INFLOW,161688.25557035644,1.65499923,267593.9384689831
2025-09-15,Top 101-200,INFLOW,1101734.9347898816,1.571076837,1730910.2365620884
2025-09-15,Top 201-300,OUTFLOW,-184952.6776000769,1.571076837,290574.8677186095
2025-09-15,Top 301-500,INFLOW,118438.79385168862,1.571076837,186076.445622606
2025-09-15,Top 501-1000,OUTFLOW,-190834.54710606398,1.571076837,299815.7366577225
2025-09-16,Top 1-100,INFLOW,7910713.6429860005,1.511374712,11956052.553882439
2025-09-16,Top 101-200,INFLOW,1878172.4253885883,1.511374712,2838622.3085080194
2025-09-16,Top 201-300,INFLOW,1666830.6509320433,1.511374712,2519205.6950051896
2025-09-16,Top 301-500,OUTFLOW,-194041.41033759137,1.511374712,293269.280665051
2025-09-16,Top 501-1000,INFLOW,14123.7579476932,1.511374712,21346.290600552522
2025-09-17,Top 1-100,OUTFLOW,-10245611.04671894,1.513564673,15507394.933612341
2025-09-17,Top 101-200,INFLOW,1175161.2011062982,1.513564673,1778682.4790747417
2025-09-17,Top 201-300,OUTFLOW,-20962.77681446857,1.513564673,31728.518434363104
2025-09-17,Top 301-500,INFLOW,132101.59403664214,1.513564673,199944.30598084902
2025-09-17,Top 501-1000,INFLOW,80490.48001028458,1.513564673,121827.54705637942
2025-09-18,Top 1-100,INFLOW,55763216.28439371,1.598084398,89114325.92638911
2025-09-18,Top 101-200,INFLOW,337897.04432990705,1.598084398,539987.9946739388
2025-09-18,Top 201-300,INFLOW,102202.77748498274,1.598084398,163328.6641310166
2025-09-18,Top 301-500,OUTFLOW,-240123.21346660197,1.598084398,383737.1610386001
2025-09-18,Top 501-1000,INFLOW,232082.29293875632,1.598084398,370887.09139749204
2025-09-19,Top 1-100,INFLOW,13655711.739999995,1.602341431,21881112.69079509
2025-09-19,Top 101-200,INFLOW,120763.05703076345,1.602341431,193503.64961460812
2025-09-19,Top 201-300,OUTFLOW,-489781.5249137018,1.602341431,784797.2295075831
2025-09-19,Top 301-500,INFLOW,450931.22458709625,1.602341431,722545.7836874701
2025-09-19,Top 501-1000,OUTFLOW,-44717.43058203923,1.602341431,71652.5917094679
2025-09-20,Top 101-200,OUTFLOW,-57532.0,1.511698744,86971.052139808
2025-09-20,Top 201-300,INFLOW,91114.09722044592,1.511698744,137737.066328842
2025-09-20,Top 301-500,OUTFLOW,-138399.98048147344,1.511698744,209219.07666346792
2025-09-20,Top 501-1000,OUTFLOW,-38888.45843531676,1.511698744,58787.63377276455
2025-09-21,Top 101-200,INFLOW,275752.591196776,1.504656623,414912.96265364054
2025-09-21,Top 201-300,OUTFLOW,-32762.289040725038,1.504656623,49295.99518976724
2025-09-21,Top 301-500,OUTFLOW,-54918.21217903754,1.504656623,82633.0516785081
2025-09-21,Top 501-1000,INFLOW,152448.98127869493,1.504656623,229383.36935059135
2025-09-22,Top 1-100,INFLOW,25000239.04854726,1.469906586,36748016.02903399
2025-09-22,Top 101-200,OUTFLOW,-628984.2804759876,1.469906586,924548.1363621254
2025-09-22,Top 201-300,OUTFLOW,-350381.0754769576,1.469906586,515027.4504533431
2025-09-22,Top 301-500,INFLOW,317725.9500712829,1.469906586,467027.46655288595
2025-09-22,Top 501-1000,OUTFLOW,-220938.53103862976,1.469906586,324759.00187484734
2025-09-23,Top 1-100,INFLOW,28870976.694939993,1.399351189,40400635.565655574
2025-09-23,Top 101-200,INFLOW,1398967.4121380614,1.399351189,1957646.7115476495
2025-09-23,Top 201-300,INFLOW,387850.0719540011,1.399351189,542738.459342567
2025-09-23,Top 301-500,OUTFLOW,-195819.42189624073,1.399351189,274020.14085979713
2025-09-23,Top 501-1000,INFLOW,146190.76251896317,1.399351189,204572.21735172777
2025-09-24,Top 1-100,OUTFLOW,-646882.88,1.304675538,843972.2694869894
2025-09-24,Top 101-200,OUTFLOW,-190241.39529951778,1.304675538,248203.294762269
2025-09-24,Top 201-300,INFLOW,695033.5753963863,1.304675538,906793.3039083438
2025-09-24,Top 301-500,INFLOW,108046.8125186722,1.304675538,140966.03325198378
2025-09-24,Top 501-1000,INFLOW,40515.53112108886,1.304675538,52859.62236276235
2025-09-25,Top 1-100,INFLOW,5195528.1899999995,1.352074101,7024739.106714406
2025-09-25,Top 101-200,OUTFLOW,-669391.4188861791,1.352074101,905066.800907645
2025-09-25,Top 201-300,OUTFLOW,-2525524.578380512,1.352074101,3414696.3738672347
2025-09-25,Top 301-500,INFLOW,553460.2746016888,1.352074101,748319.3032212915
2025-09-25,Top 501-1000,INFLOW,31808.95205341096,1.352074101,43008.06025136773
2025-09-26,Top 1-100,INFLOW,5875185.709464021,1.263614182,7423967.984362468
2025-09-26,Top 101-200,OUTFLOW,-1214083.0901090524,1.263614182,1534132.6107881824
2025-09-26,Top 201-300,OUTFLOW,-23067.236949889688,1.263614182,29148.08774943503
2025-09-26,Top 301-500,OUTFLOW,-297700.2596461144,1.263614182,376178.27007391246
2025-09-26,Top 501-1000,OUTFLOW,-116453.23037148194,1.263614182,147151.9534371177
2025-09-27,Top 101-200,INFLOW,394834.43954162626,1.285793142,507675.41458803666
2025-09-27,Top 201-300,INFLOW,368684.4406677603,1.285793142,474051.9253727121
2025-09-27,Top 301-500,INFLOW,305671.4499076006,1.285793142,393030.25399638934
2025-09-27,Top 501-1000,OUTFLOW,-43305.65855668198,1.285793142,55682.1187819753
2025-09-28,Top 1-100,INFLOW,110000.0,1.274574915,140203.24065000002
2025-09-28,Top 101-200,INFLOW,921227.3527708596,1.274574915,1174173.2748535934
2025-09-28,Top 201-300,INFLOW,92668.48338896,1.274574915,118112.9243386626
2025-09-28,Top 301-500,OUTFLOW,-43454.21279075267,1.274574915,55385.649574165494
2025-09-28,Top 501-1000,INFLOW,44096.41104555259,1.274574915,56204.179360190254
2025-09-29,Top 1-100,INFLOW,20054073.64,1.330334527,26678626.57029257
2025-09-29,Top 101-200,OUTFLOW,-878778.0241359201,1.330334527,1169068.7470768539
2025-09-29,Top 201-300,INFLOW,228113.23362749,1.330334527,303466.9107602674
2025-09-29,Top 301-500,OUTFLOW,-301737.71987491864,1.330334527,401412.1068478584
2025-09-29,Top 501-1000,OUTFLOW,-70540.776656142,1.330334527,93842.8307470613
2025-09-30,Top 1-100,INFLOW,4056542.7457903298,1.282911748,5204186.344838592
2025-09-30,Top 101-200,OUTFLOW,-1239948.6493058628,1.282911748,1590744.6891112237
2025-09-30,Top 201-300,INFLOW,170056.02130270435,1.282911748,218166.86754737768
2025-09-30,Top 301-500,INFLOW,815104.0188758625,1.282911748,1045706.5216578578
2025-09-30,Top 501-1000,INFLOW,175535.36491404197,1.282911748,225196.38183769147
2025-10-01,Top 1-100,INFLOW,2076095.8354438506,1.244200164,2583078.778938956
2025-10-01,Top 101-200,INFLOW,816730.2718543113,1.244200164,1016175.9381848988
2025-10-01,Top 201-300,INFLOW,26085.78810062987,1.244200164,32455.941832872933
2025-10-01,Top 301-500,INFLOW,41800.71889058844,1.244200164,52008.46129898803
2025-10-01,Top 501-1000,INFLOW,39947.87528454853,1.244200164,49703.152980486826
2025-10-02,Top 1-100,OUTFLOW,-2323.4900000000016,1.315008403,3055.408874286472
2025-10-02,Top 101-200,OUTFLOW,-909265.5784677529,1.315008403,1195691.876243751
2025-10-02,Top 201-300,INFLOW,687123.8036651865,1.315008403,903573.5757210425
2025-10-02,Top 301-500,INFLOW,449720.79291029274,1.315008403,591386.6216808577
2025-10-02,Top 501-1000,INFLOW,82721.43168531006,1.315008403,108779.37777437318
2025-10-03,Top 101-200,OUTFLOW,-462585.1608641166,1.350302156,624629.7400484234
2025-10-03,Top 201-300,INFLOW,1434974.493583516,1.350302156,1937649.1524908296
2025-10-03,Top 301-500,OUTFLOW,-56260.86105373557,1.350302156,75969.16197927557
2025-10-03,Top 501-1000,OUTFLOW,-36738.81889559119,1.350302156,49608.50636361032
2025-10-04,Top 101-200,OUTFLOW,-139725.2312774125,1.341884387,187495.1063211239
2025-10-04,Top 201-300,OUTFLOW,-30662.961033290005,1.341884387,41146.14866976124
2025-10-04,Top 301-500,INFLOW,421835.79380312964,1.341884387,566054.865582171
2025-10-04,Top 501-1000,OUTFLOW,-54972.5975565515,1.341884387,73766.8703739708
2025-10-05,Top 1-100,INFLOW,4849581.399999999,1.270716055,6162440.945009377
2025-10-05,Top 101-200,OUTFLOW,-880997.7119974033,1.270716055,1119497.9370533666
2025-10-05,Top 201-300,OUTFLOW,-253050.5031236643,1.270716055,321555.33704506786
2025-10-05,Top 301-500,INFLOW,75267.5699461,1.270716055,95643.70955134477
2025-10-05,Top 501-1000,INFLOW,25092.45669127634,1.270716055,31885.387576997025
2025-10-06,Top 1-100,OUTFLOW,-125000.0,1.255769148,156971.1435
2025-10-06,Top 101-200,INFLOW,186015.5109411,1.255769148,233592.53968928978
2025-10-06,Top 201-300,OUTFLOW,-354553.17798188,1.255769148,445236.9422349978
2025-10-06,Top 301-500,OUTFLOW,-291928.18219958,1.255769148,366594.40463795536
2025-10-06,Top 501-1000,INFLOW,5908.222615305916,1.255769148,7419.363679817042
2025-10-07,Top 101-200,INFLOW,2607216.354613361,1.305712446,3404274.843633415
2025-10-07,Top 201-300,INFLOW,678016.7442599656,1.305712446,885294.9015766361
2025-10-07,Top 301-500,INFLOW,425412.61808148015,1.305712446,555466.5501144333
2025-10-07,Top 501-1000,INFLOW,250153.64517992246,1.305712446,326628.72792369267
2025-10-08,Top 1-100,INFLOW,5264969.506914768,1.192921027,6280692.831312449
2025-10-08,Top 101-200,INFLOW,4720759.232500703,1.192921027,5631492.95185447
2025-10-08,Top 201-300,OUTFLOW,-1462069.0505953175,1.192921027,1744132.913381081
2025-10-08,Top 301-500,INFLOW,449842.10843202536,1.192921027,536626.109978577
2025-10-08,Top 501-1000,INFLOW,126643.47647175612,1.192921027,151075.66601553763
2025-10-09,Top 1-100,INFLOW,4989987.854816939,1.27809347,6377670.892620837
2025-10-09,Top 101-200,OUTFLOW,-2801634.3949594256,1.27809347,3580750.6255250424
2025-10-09,Top 201-300,INFLOW,908545.9287659783,1.27809347,1161206.618750882
2025-10-09,Top 301-500,INFLOW,232070.99491719028,1.27809347,296608.42318006407
2025-10-09,Top 501-1000,OUTFLOW,-59023.141149436386,1.27809347,75437.09128198294
2025-10-10,Top 1-100,OUTFLOW,-250000.0,1.19982494,299956.23500000004
2025-10-10,Top 101-200,INFLOW,2237126.4302433967,1.19982494,2684160.0849391976
2025-10-10,Top 201-300,OUTFLOW,-262870.97666196176,1.19982494,315399.15380117967
2025-10-10,Top 301-500,OUTFLOW,-288362.03940671077,1.19982494,345983.9666294344
2025-10-10,Top 501-1000,INFLOW,414245.6057645236,1.19982494,497022.20908168325
2025-10-11,Top 1-100,INFLOW,952.4537191850118,0.887865261,845.6505699746211
2025-10-11,Top 101-200,OUTFLOW,-539036.3150114217,0.887865261,478591.6185160941
2025-10-11,Top 201-300,INFLOW,386519.09382034047,0.887865261,343176.87611628004
2025-10-11,Top 301-500,OUTFLOW,-320078.5492289935,0.887865261,284186.62465170166
2025-10-11,Top 501-1000,INFLOW,143349.2172351702,0.887865261,127274.79017465007
2025-10-12,Top 1-100,OUTFLOW,-7300010.0,0.917554932,6698160.17914932
2025-10-12,Top 101-200,INFLOW,1267988.8753790222,0.917554932,1163449.4463251552
2025-10-12,Top 201-300,OUTFLOW,-466702.07232337346,0.917554932,428224.78823493206
2025-10-12,Top 301-500,INFLOW,1293973.8623911852,0.917554932,1187292.0993161213
2025-10-12,Top 501-1000,INFLOW,77924.4073959004,0.917554932,71499.9243292857
2025-10-13,Top 1-100,OUTFLOW,-9999941.79,1.001045051,10010392.23916758
2025-10-13,Top 101-200,INFLOW,2462949.7571595553,1.001045051,2465523.6652662246
2025-10-13,Top 201-300,OUTFLOW,-906082.4952565832,1.001045051,907029.3976743335
2025-10-13,Top 301-500,INFLOW,255820.98980381276,1.001045051,256088.3357850282
2025-10-13,Top 501-1000,INFLOW,59808.75006144616,1.001045051,59871.25325550662
2025-10-14,Top 1-100,INFLOW,828586.16,1.009712216,836633.5677605306
2025-10-14,Top 101-200,OUTFLOW,-2195937.537933279,1.009712216,2217264.957624195
2025-10-14,Top 201-300,INFLOW,338815.67436581425,1.009712216,342106.32537944074
2025-10-14,Top 301-500,INFLOW,183687.06291399908,1.009712216,185471.07134542544
2025-10-14,Top 501-1000,OUTFLOW,-133639.74708338318,1.009712216,134937.68517324238
2025-10-15,Top 1-100,INFLOW,16.0880499334,0.958266721,15.416642856963486
2025-10-15,Top 101-200,INFLOW,4313534.832426993,0.958266721,4133516.879789099
2025-10-15,Top 201-300,INFLOW,31936.12246652998,0.958266721,30603.323357456116
2025-10-15,Top 301-500,OUTFLOW,-148479.19089246454,0.958266721,142282.66739325505
2025-10-15,Top 501-1000,INFLOW,131624.8971880114,0.958266721,126131.75863031781
2025-10-16,Top 1-100,INFLOW,3903261.912,0.932067755,3638104.567494848
2025-10-16,Top 101-200,INFLOW,5575653.136357622,0.932067755,5196886.5014635585
2025-10-16,Top 201-300,INFLOW,1104933.468167926,0.932067755,1029872.8570996427
2025-10-16,Top 301-500,OUTFLOW,-197244.25755596353,0.932067755,183845.01232682873
2025-10-16,Top 501-1000,OUTFLOW,-119429.31102582684,0.932067755,111316.20980903918
2025-10-17,Top 1-100,INFLOW,1909676.5558133596,0.896458059,1711944.9385422494
2025-10-17,Top 101-200,OUTFLOW,-340192.59024400474,0.896458059,304968.38913632283
2025-10-17,Top 201-300,OUTFLOW,-180559.6957848089,0.896458059,161864.19441688026
2025-10-17,Top 301-500,INFLOW,76546.03950631025,0.896458059,68620.3139999642
2025-10-17,Top 501-1000,OUTFLOW,-7040.737198951043,0.896458059,6311.725603300749
2025-10-18,Top 1-100,INFLOW,5204356.898833765,0.872186456,4539169.599352972
2025-10-18,Top 101-200,INFLOW,1159445.7004885634,0.872186456,1011252.8364335576
2025-10-18,Top 201-300,INFLOW,38503.42688961001,0.872186456,33582.167442704056
2025-10-18,Top 301-500,OUTFLOW,-81246.42503234922,0.872186456,70862.03151163434
2025-10-18,Top 501-1000,OUTFLOW,-65409.78571416858,0.872186456,57049.52918976013
2025-10-19,Top 101-200,INFLOW,5173092.009259355,0.886057493,4583656.936782678
2025-10-19,Top 201-300,OUTFLOW,-428096.2018108443,0.886057493,379317.8473393388
2025-10-19,Top 301-500,OUTFLOW,-87700.23976072237,0.886057493,77707.45457788458
2025-10-19,Top 501-1000,INFLOW,45793.622582555065,0.886057493,40575.78242088693
2025-10-20,Top 1-100,INFLOW,3823824.2335451543,0.911818653,3486634.2619399
2025-10-20,Top 101-200,OUTFLOW,-901350.9737674706,0.911818653,821868.6307808934
2025-10-20,Top 201-300,INFLOW,159314.6563277439,0.911818653,145266.07533592137
2025-10-20,Top 301-500,OUTFLOW,-15107.86403928866,0.911818653,13775.632238011323
2025-10-20,Top 501-1000,INFLOW,44935.43435050614,0.911818653,40972.96722144844
2025-10-21,Top 101-200,INFLOW,956476.743258385,0.917911244,877960.7572613728
2025-10-21,Top 201-300,OUTFLOW,-562285.9134984701,0.917911244,516128.56234305707
2025-10-21,Top 301-500,OUTFLOW,-38806.09391697962,0.917911244,35620.5499421156
2025-10-21,Top 501-1000,INFLOW,8372.561481369543,0.917911244,7685.2683248304
2025-10-22,Top 1-100,INFLOW,855840.481399368,0.88918456,761000.1418832853
2025-10-22,Top 101-200,OUTFLOW,-3100163.0774674453,0.88918456,2756617.141966136
2025-10-22,Top 201-300,INFLOW,1375201.3679328253,0.88918456,1222807.8232567473
2025-10-22,Top 301-500,INFLOW,455639.4803581105,0.88918456,405147.5908608551
2025-10-22,Top 501-1000,INFLOW,44652.3905823426,0.88918456,39704.21627290845
2025-10-23,Top 1-100,OUTFLOW,-233391.65687000146,0.843801337,196936.1921115525
2025-10-23,Top 101-200,INFLOW,5325982.963808373,0.843801337,4494071.545700728
2025-10-23,Top 201-300,INFLOW,863931.2908498038,0.843801337,728986.3782952004
2025-10-23,Top 301-500,OUTFLOW,-794008.1607769094,0.843801337,669985.1476524671
2025-10-23,Top 501-1000,INFLOW,0.7567713335447479,0.843801337,0.6385646630483313
2025-10-24,Top 101-200,INFLOW,4009960.5397158815,0.863713084,3463455.3844763087
2025-10-24,Top 201-300,OUTFLOW,-312388.02328666,0.863713084,269813.6229975849
2025-10-24,Top 301-500,INFLOW,675390.6338478584,0.863713084,583343.7272654485
2025-10-24,Top 501-1000,INFLOW,50504.09861218928,0.863713084,43621.05076697412
2025-10-25,Top 101-200,OUTFLOW,-1058811.1093024034,0.895998686,948693.3626571558
2025-10-25,Top 201-300,INFLOW,109627.41845845999,0.895998686,98226.0228883523
2025-10-25,Top 301-500,INFLOW,102313.65785341067,0.895998686,91672.90299650954
2025-10-25,Top 501-1000,INFLOW,126353.05983335918,0.895998686,113212.1755827692
2025-10-26,Top 1-100,INFLOW,131.34,0.895664848,117.63662113632
2025-10-26,Top 101-200,INFLOW,1301565.851824789,0.895664848,1165766.7808366402
2025-10-26,Top 201-300,INFLOW,67859.64081838,0.895664848,60779.49487892891
2025-10-26,Top 301-500,INFLOW,140434.72071097558,0.895664848,125782.4427795184
2025-10-26,Top 501-1000,INFLOW,15970.070821535133,0.895664848,14303.831054919501
2025-10-27,Top 101-200,OUTFLOW,-6089733.592573482,0.94885835,5778294.568588845
2025-10-27,Top 201-300,OUTFLOW,-403723.8003552596,0.94885835,383076.69906082103
2025-10-27,Top 301-500,INFLOW,73247.22804708214,0.94885835,69501.24394682808
2025-10-27,Top 501-1000,OUTFLOW,-204890.59021936444,0.94885835,194412.14736607228
2025-10-28,Top 1-100,OUTFLOW,-2496478.16382,0.905078432,2259508.542032445
2025-10-28,Top 101-200,OUTFLOW,-1782534.34405644,0.905078432,1613333.3891047514
2025-10-28,Top 201-300,OUTFLOW,-406505.67062810005,0.905078432,367919.51497118926
2025-10-28,Top 301-500,INFLOW,232805.22811720808,0.905078432,210706.99082572502
2025-10-28,Top 501-1000,INFLOW,90587.8818559984,0.905078432,81989.13806842829
2025-10-29,Top 101-200,INFLOW,3455975.7007613173,0.870089406,3007007.8446258483
2025-10-29,Top 201-300,INFLOW,255141.23308427003,0.870089406,221995.68394040005
2025-10-29,Top 301-500,INFLOW,277232.4184818771,0.870089406,241216.99032083983
2025-10-29,Top 501-1000,INFLOW,102103.92231418431,0.870089406,88839.54111661877
2025-10-30,Top 1-100,OUTFLOW,-12734.27,0.860972767,10963.85967762509
2025-10-30,Top 101-200,OUTFLOW,-922258.696556882,0.860972767,794039.6218643921
2025-10-30,Top 201-300,INFLOW,889074.8381869053,0.860972767,765469.2235038572
2025-10-30,Top 301-500,INFLOW,463948.23127138155,0.860972767,399446.79242247733
2025-10-30,Top 501-1000,INFLOW,111949.63574372149,0.860972767,96385.58765091399
2025-10-31,Top 1-100,INFLOW,48.0,0.798377067,38.322099216
2025-10-31,Top 101-200,OUTFLOW,-646398.706549919,0.798377067,516069.903447918
2025-10-31,Top 201-300,OUTFLOW,-907309.34000293,0.798377067,724374.9697332451
2025-10-31,Top 301-500,OUTFLOW,-144410.23777233472,0.798377067,115293.82207744921
2025-10-31,Top 501-1000,INFLOW,32102.721851830283,0.798377067,25630.07691478107
2025-11-01,Top 101-200,OUTFLOW,-540552.1118360797,0.799235439,432028.4044056863
2025-11-01,Top 201-300,INFLOW,385120.5039694,0.799235439,307801.9550578847
2025-11-01,Top 301-500,INFLOW,288457.9786159996,0.799235439,230545.83917221104
2025-11-01,Top 501-1000,INFLOW,340720.8001124335,0.799235439,272316.1382542921
2025-11-02,Top 101-200,INFLOW,99163.2297,0.868778786,86150.91031460515
2025-11-02,Top 201-300,INFLOW,164647.72430781994,0.868778786,143042.4500418105
2025-11-02,Top 301-500,OUTFLOW,-310941.46172316,0.868778786,270139.3456329124
2025-11-02,Top 501-1000,OUTFLOW,-121020.97584023254,0.868778786,105140.45647101256
2025-11-03,Top 1-100,INFLOW,1676708.47699999,0.842131489,1412009.0063549238
2025-11-03,Top 101-200,INFLOW,3241175.9240041506,0.842131489,2729496.306992566
2025-11-03,Top 201-300,OUTFLOW,-1588046.4817952511,0.842131489,1337343.9483154463
2025-11-03,Top 301-500,INFLOW,45930.07840005122,0.842131489,38679.165312921876
2025-11-03,Top 501-1000,INFLOW,86985.10780343012,0.842131489,73252.89835532813
2025-11-04,Top 1-100,OUTFLOW,-479745.3157170003,0.728093715,349299.54917423864
2025-11-04,Top 101-200,OUTFLOW,-3986841.2286567194,0.728093715,2902794.041287835
2025-11-04,Top 201-300,INFLOW,352063.76683334,0.728093715,256335.41591058028
2025-11-04,Top 301-500,INFLOW,547051.9073038342,0.728093715,398305.05548668426
2025-11-04,Top 501-1000,INFLOW,203766.19986382613,0.728093715,148360.88945028564
2025-11-05,Top 1-100,INFLOW,721891.3599999999,0.705570488,509345.23915818357
2025-11-05,Top 101-200,OUTFLOW,-294420.22389963525,0.705570488,207734.22105393492
2025-11-05,Top 201-300,INFLOW,6615.7859781100415,0.705570488,4667.90334107866
2025-11-05,Top 301-500,OUTFLOW,-499501.95960143895,0.705570488,352433.8413929436
2025-11-05,Top 501-1000,OUTFLOW,-46538.54027054971,0.705570488,32836.22056949941
2025-11-06,Top 101-200,INFLOW,354750.2937779719,0.740067165,262539.0441991808
2025-11-06,Top 201-300,INFLOW,448731.94823760004,0.740067165,332091.7807771274
2025-11-06,Top 301-500,OUTFLOW,-32181.738778534345,0.740067165,23816.64818260048
2025-11-06,Top 501-1000,INFLOW,17170.729149779945,0.740067165,12707.492842860505
2025-11-07,Top 101-200,INFLOW,868483.629468277,0.703109647,610639.218140719
2025-11-07,Top 201-300,INFLOW,123257.56561366993,0.703109647,86663.5834487068
2025-11-07,Top 301-500,INFLOW,239972.03288483887,0.703109647,168726.65133153147
2025-11-07,Top 501-1000,INFLOW,98113.80047845442,0.703109647,68984.75962023452
2025-11-08,Top 101-200,OUTFLOW,-30400.394322259996,0.8358815,25411.12720668217
2025-11-08,Top 201-300,OUTFLOW,-91302.40166475292,0.8358815,76317.98845713618
2025-11-08,Top 301-500,INFLOW,75665.03201438033,0.8358815,63247.00045772825
2025-11-08,Top 501-1000,INFLOW,45932.88473694932,0.8358815,38394.44859324831
2025-11-09,Top 1-100,INFLOW,82.714,0.81582192,67.47989429088
2025-11-09,Top 101-200,INFLOW,1050230.9085300213,0.81582192,856801.3962403063
2025-11-09,Top 201-300,OUTFLOW,-53012.9118168673,0.81582192,43249.09550322737
2025-11-09,Top 301-500,INFLOW,132650.81176440412,0.81582192,108219.43994319475
2025-11-09,Top 501-1000,OUTFLOW,-140683.05456728901,0.81582192,114772.31968855049
2025-11-10,Top 1-100,OUTFLOW,-646883.0,0.816586831,528236.1389977729
2025-11-10,Top 101-200,OUTFLOW,-252330.0430578,0.816586831,206049.39022666245
2025-11-10,Top 201-300,INFLOW,30675.424416162656,0.816586831,25049.14761357429
2025-11-10,Top 301-500,OUTFLOW,-60563.95372937998,0.816586831,49455.72704870503
2025-11-10,Top 501-1000,INFLOW,222965.2558665797,0.816586831,182070.49171119448
2025-11-11,Top 101-200,OUTFLOW,-47122.420717259985,0.829256108,39076.555203533586
2025-11-11,Top 201-300,INFLOW,173372.37338368248,0.829256108,143770.09958687532
2025-11-11,Top 301-500,OUTFLOW,-40314.260965621594,0.829256108,33430.84714524769
2025-11-11,Top 501-1000,OUTFLOW,-14240.073618521856,0.829256108,11808.66802652891
2025-11-12,Top 1-100,INFLOW,198.0,0.773306904,153.114766992
2025-11-12,Top 101-200,OUTFLOW,-808576.9288633696,0.773306904,625278.1215051606
2025-11-12,Top 201-300,INFLOW,185936.2878270548,0.773306904,143785.81508079264
2025-11-12,Top 301-500,OUTFLOW,-11059.673776809994,0.773306904,8552.522087594924
2025-11-12,Top 501-1000,INFLOW,39035.773244985525,0.773306904,30186.632953325792
2025-11-13,Top 1-100,INFLOW,15.867835576772585,0.759785526,12.056151800179672
2025-11-13,Top 101-200,INFLOW,322012.7736,0.759785526,244660.64456839493
2025-11-13,Top 201-300,INFLOW,1007571.4203206134,0.759785526,765538.1815708644
2025-11-13,Top 301-500,OUTFLOW,-308652.00364776823,0.759785526,234509.32494247353
2025-11-13,Top 501-1000,INFLOW,24774.662920703413,0.759785526,18823.43029867934
2025-11-14,Top 1-100,INFLOW,568630.7269036397,0.74588267,424131.8048269276
2025-11-14,Top 101-200,INFLOW,312693.5807373887,0.74588267,233232.72289226405
2025-11-14,Top 201-300,OUTFLOW,-1979235.20459085,0.74588267,1476277.2389582195
2025-11-14,Top 301-500,INFLOW,405795.85211762186,0.74588267,302676.09365241695
2025-11-14,Top 501-1000,OUTFLOW,-65177.806878835836,0.74588267,48614.99661953044
2025-11-15,Top 1-100,INFLOW,468785.3052715,0.706655274,331269.60834380554
2025-11-15,Top 101-200,OUTFLOW,-298904.38845895,0.706655274,211222.36252626174
2025-11-15,Top 201-300,INFLOW,258044.8850715814,0.706655274,182348.77896455687
2025-11-15,Top 301-500,INFLOW,34547.066053823546,0.706655274,24412.866428160778
2025-11-15,Top 501-1000,OUTFLOW,-24807.91234099907,0.706655274,17530.642092696682
2025-11-16,Top 1-100,INFLOW,3853483.81,0.699222559,2694442.8106932696
2025-11-16,Top 101-200,OUTFLOW,-1132311.71036769,0.699222559,791737.8917089631
2025-11-16,Top 201-300,INFLOW,450486.0362333787,0.699222559,314989.99904886977
2025-11-16,Top 301-500,INFLOW,288859.2478831513,0.699222559,201976.90249567237
2025-11-16,Top 501-1000,OUTFLOW,-39644.08746238632,0.699222559,27720.040284669576
2025-11-17,Top 1-100,OUTFLOW,-2116528.0435723513,0.675126732,1428924.6612433551
2025-11-17,Top 101-200,INFLOW,1822615.0451898403,0.675126732,1230496.139153049
2025-11-17,Top 201-300,OUTFLOW,-86888.16742215992,0.675126732,58660.52452119169
2025-11-17,Top 301-500,OUTFLOW,-266650.5967804345,0.675126732,180022.94599022443
2025-11-17,Top 501-1000,INFLOW,142653.38049779885,0.675126732,96309.11058423146
2025-11-18,Top 101-200,OUTFLOW,-2312896.024039934,0.649629552,1502525.6079196436
2025-11-18,Top 201-300,INFLOW,525441.2554240801,0.649629552,341342.16736346274
2025-11-18,Top 301-500,OUTFLOW,-414831.6922898467,0.649629552,269486.926417655
2025-11-18,Top 501-1000,INFLOW,72845.95408292211,0.649629552,47322.88451590126
2025-11-19,Top 1-100,INFLOW,711891.3700000005,0.685097727,487715.15945791634
2025-11-19,Top 101-200,OUTFLOW,-146273.16776279814,0.685097727,100211.41475538269
2025-11-19,Top 201-300,INFLOW,202775.02916726086,0.685097727,138920.71157484912
2025-11-19,Top 301-500,OUTFLOW,-62949.75939324137,0.685097727,43126.737075506564
2025-11-19,Top 501-1000,INFLOW,135632.6213310966,0.685097727,92921.60058098599
2025-11-20,Top 1-100,INFLOW,1266.285531317908,0.666311909,843.7411297115145
2025-11-20,Top 101-200,INFLOW,974252.6971861422,0.666311909,649156.1745104974
2025-11-20,Top 201-300,OUTFLOW,-339446.84363309306,0.666311909,226177.47438519076
2025-11-20,Top 301-500,INFLOW,180227.43580026677,0.666311909,120087.6868022507
2025-11-20,Top 501-1000,INFLOW,82472.77943718026,0.666311909,54952.59510732353
2025-11-21,Top 1-100,OUTFLOW,-646882.05,0.655722848,424175.34014607844
2025-11-21,Top 101-200,OUTFLOW,-2153693.6786573064,0.655722848,1412226.152688766
2025-11-21,Top 201-300,INFLOW,852360.8075862962,0.655722848,558912.4562740662
2025-11-21,Top 301-500,INFLOW,337021.9466890611,0.655722848,220992.99072145534
2025-11-21,Top 501-1000,OUTFLOW,-28678.815923437534,0.655722848,18805.35485458421
2025-11-22,Top 101-200,INFLOW,117823.82342842076,0.59268003,69831.82720427112
2025-11-22,Top 201-300,OUTFLOW,-246624.84380481998,0.59268003,146169.61982498603
2025-11-22,Top 301-500,INFLOW,111670.55279249485,0.59268003,66184.90657917244
2025-11-22,Top 501-1000,INFLOW,149548.81993884395,0.59268003,88634.59908781864
2025-11-23,Top 1-100,INFLOW,2600626.251009,0.604662518,1572501.217312002
2025-11-23,Top 101-200,INFLOW,827401.533870266,0.604662518,500298.6948670574
2025-11-23,Top 201-300,OUTFLOW,-726263.5640484301,0.604662518,439144.35536917805
2025-11-23,Top 301-500,OUTFLOW,-426257.61055929994,0.604662518,257742.0001174497
2025-11-23,Top 501-1000,INFLOW,108168.86593836734,0.604662518,65405.65884749763
2025-11-24,Top 101-200,INFLOW,26803.02411192507,0.609135025,16326.660762493082
2025-11-24,Top 201-300,INFLOW,406442.05496819003,0.609135025,247578.09131409982
2025-11-24,Top 301-500,OUTFLOW,-72613.84809322955,0.609135025,44231.63817361559
2025-11-24,Top 501-1000,OUTFLOW,-20984.456096529175,0.609135025,12782.367188970702
2025-11-25,Top 101-200,INFLOW,212856.86982681,0.636840135,135555.79771618312
2025-11-25,Top 201-300,INFLOW,652550.65292496,0.636840135,415570.4459030697
2025-11-25,Top 301-500,INFLOW,96836.29044837,0.636840135,61669.236282039165
2025-11-25,Top 501-1000,OUTFLOW,-183009.96230319503,0.636840135,116548.08909951164
2025-11-26,Top 1-100,OUTFLOW,-12323.490000000002,0.640889711,7897.997944611391
2025-11-26,Top 101-200,OUTFLOW,-85189.03981896059,0.640889711,54596.77910994115
2025-11-26,Top 201-300,OUTFLOW,-1333056.32180516,0.640889711,854342.080828432
2025-11-26,Top 301-500,OUTFLOW,-1318203.2878125836,0.640889711,844822.9241654566
2025-11-26,Top 501-1000,INFLOW,124918.53253714883,0.640889711,80059.00221627741
2025-11-27,Top 101-200,OUTFLOW,-492167.2940236828,0.655553752,322642.11620891246
2025-11-27,Top 201-300,OUTFLOW,-22280.452211810174,0.655553752,14606.034043708858
2025-11-27,Top 301-500,INFLOW,100828.89037470001,0.655553752,66098.75739513128
2025-11-27,Top 501-1000,OUTFLOW,-70684.557498773,0.655553752,46337.52687678038
2025-11-28,Top 101-200,OUTFLOW,-191572.34026843793,0.653321503,125158.32927740329
2025-11-28,Top 201-300,OUTFLOW,-92017.74825203433,0.653321503,60117.17359069469
2025-11-28,Top 301-500,OUTFLOW,-148348.3914820424,0.653321503,96919.19409068035
2025-11-28,Top 501-1000,INFLOW,130020.84429664124,0.653321503,84945.41341721064
2025-11-29,Top 101-200,INFLOW,475909.98035559873,0.649900882,309294.3159857063
2025-11-29,Top 201-300,INFLOW,489931.445273637,0.649900882,318406.8784028714
2025-11-29,Top 301-500,OUTFLOW,-75981.54355,0.649900882,49380.47216886641
2025-11-29,Top 501-1000,OUTFLOW,-16.684432936570374,0.649900882,10.843227681146935
2025-11-30,Top 101-200,INFLOW,604364.9830696265,0.632191644,382074.49222281936
2025-11-30,Top 201-300,OUTFLOW,-14428.287896126778,0.632191644,9121.44304515769
2025-11-30,Top 301-500,INFLOW,159433.91000352098,0.632191644,100792.78567447398
2025-11-30,Top 501-1000,OUTFLOW,-129585.44661600504,0.632191644,81922.83653464647
2025-12-01,Top 1-100,INFLOW,77.398,0.626254887,48.470875744025996
2025-12-01,Top 101-200,INFLOW,120547.17112904553,0.626254887,75493.25503359007
2025-12-01,Top 201-300,INFLOW,1052014.5691284067,0.626254887,658829.265111864
2025-12-01,Top 301-500,INFLOW,194677.89007900003,0.626254887,121917.98005282259
2025-12-01,Top 501-1000,INFLOW,86052.25666853244,0.626254887,53890.64627604678
2025-12-02,Top 101-200,INFLOW,1177753.74552131,0.574696152,676850.5455546841
2025-12-02,Top 201-300,OUTFLOW,-466788.253226196,0.574696152,268261.4129278964
2025-12-02,Top 301-500,OUTFLOW,-133548.5479602815,0.574696152,76749.83661796122
2025-12-02,Top 501-1000,OUTFLOW,-28491.84771661475,0.574696152,16374.155246108483
2025-12-03,Top 1-100,INFLOW,65008.159999999916,0.628778358,40875.72410140123
2025-12-03,Top 101-200,INFLOW,3239886.0024385797,0.628778358,2037170.2007205142
2025-12-03,Top 201-300,INFLOW,383071.9029317589,0.628778358,240867.32212136677
2025-12-03,Top 301-500,INFLOW,348216.79762167187,0.628778358,218951.18623657315
2025-12-03,Top 501-1000,INFLOW,343383.9411884385,0.628778358,215912.39070403494
2025-12-04,Top 1-100,OUTFLOW,-1079603.95745469,0.635624702,686222.943735158
2025-12-04,Top 101-200,INFLOW,390888.4915824374,0.635624702,248458.3809773163
2025-12-04,Top 201-300,INFLOW,192665.58298592677,0.635624702,122463.00377108598
2025-12-04,Top 301-500,INFLOW,314387.63316203805,0.635624702,199832.54564110574
2025-12-04,Top 501-1000,OUTFLOW,-72957.79235527251,0.635624702,46373.77502439797
2025-12-05,Top 101-200,OUTFLOW,-311851.2633693948,0.619507999,193194.35215559579
2025-12-05,Top 201-300,OUTFLOW,-1441537.012555779,0.619507999,893043.7101328685
2025-12-05,Top 301-500,OUTFLOW,-330136.1067326634,0.619507999,204521.95887960272
2025-12-05,Top 501-1000,INFLOW,56957.057574609586,0.619507999,35285.352766974174
2025-12-06,Top 101-200,OUTFLOW,-2768751.32,0.574571109,1590844.5164776137
2025-12-06,Top 201-300,OUTFLOW,-626782.5590863497,0.574571109,360131.15007610194
2025-12-06,Top 301-500,INFLOW,151294.41353524756,0.574571109,86929.39897045179
2025-12-06,Top 501-1000,INFLOW,27778.93912690549,0.574571109,15960.975860989578
2025-12-07,Top 1-100,INFLOW,50.0,0.57689347,28.844673500000003
2025-12-07,Top 101-200,INFLOW,105855.21831453568,0.57689347,61067.18421108004
2025-12-07,Top 201-300,INFLOW,101533.07115569827,0.57689347,58573.76573876769
2025-12-07,Top 301-500,INFLOW,135351.03752363,0.57689347,78083.12970510712
2025-12-07,Top 501-1000,OUTFLOW,-20261.64401315168,0.57689347,11688.810122651797
2025-12-08,Top 1-100,INFLOW,1635315.16,0.564578339,923263.5167743191
2025-12-08,Top 101-200,OUTFLOW,-2504333.6664501093,0.564578339,1413892.5417061828
2025-12-08,Top 201-300,INFLOW,550327.7028944431,0.564578339,310703.10040583013
2025-12-08,Top 301-500,OUTFLOW,-188600.81069852386,0.564578339,106479.93243822602
2025-12-08,Top 501-1000,OUTFLOW,-83855.12696680718,0.564578339,47342.7882995541
2025-12-09,Top 101-200,INFLOW,798240.3747829612,0.613622159,489817.98217528977
2025-12-09,Top 201-300,OUTFLOW,-3513.551782658702,0.613622159,2155.993230633331
2025-12-09,Top 301-500,OUTFLOW,-6722.171870370803,0.613622159,4124.873616266
2025-12-09,Top 501-1000,INFLOW,31562.79413055058,0.613622159,19367.629878460975
2025-12-10,Top 1-100,INFLOW,12236078.253115918,0.644140595,7881754.726428648
2025-12-10,Top 101-200,INFLOW,1320899.1621007577,0.644140595,850844.7722105834
2025-12-10,Top 201-300,INFLOW,199416.2474898502,0.644140595,128452.10031077937
2025-12-10,Top 301-500,INFLOW,276501.21278475126,0.644140595,178105.6557213913
2025-12-10,Top 501-1000,OUTFLOW,-117031.44787354425,0.644140595,75384.70646697628
2025-12-11,Top 1-100,OUTFLOW,-103817.813186813,0.617639681,64122.001018820774
2025-12-11,Top 101-200,OUTFLOW,-1081325.2330460115,0.617639681,667869.3719957892
2025-12-11,Top 201-300,OUTFLOW,-196512.80557784002,0.617639681,121374.10654951213
2025-12-11,Top 301-500,OUTFLOW,-273720.64103633416,0.617639681,169060.72941279694
2025-12-11,Top 501-1000,INFLOW,55036.56411124997,0.617639681,33992.76590100848
2025-12-12,Top 1-100,OUTFLOW,-103817.814186813,0.595630856,61837.093532140374
2025-12-12,Top 101-200,OUTFLOW,-29643.664109290345,0.595630856,17656.681028393086
2025-12-12,Top 201-300,OUTFLOW,-420885.97797696997,0.595630856,250692.67534081975
2025-12-12,Top 301-500,OUTFLOW,-80390.82726146138,0.595630856,47883.257256292374
2025-12-12,Top 501-1000,INFLOW,35139.640946044994,0.595630856,20930.25441622543
2025-12-13,Top 101-200,OUTFLOW,-14811.867507700377,0.580063354,8591.8215455203
2025-12-13,Top 201-300,INFLOW,59841.313254968554,0.580063354,34711.752874441714
2025-12-13,Top 301-500,INFLOW,23213.640580564796,0.580063354,13465.382213712923
2025-12-13,Top 501-1000,INFLOW,13571.46673859848,0.580063354,7872.310515090875
2025-12-14,Top 101-200,INFLOW,103095.8120762254,0.593834437,61221.843521343115
2025-12-14,Top 201-300,OUTFLOW,-920386.951715529,0.593834437,546557.4672941373
2025-12-14,Top 301-500,INFLOW,46204.35485317203,0.593834437,27437.737051181633
2025-12-14,Top 501-1000,OUTFLOW,-32300.81783152524,0.593834437,19181.337971623354
2025-12-15,Top 1-100,OUTFLOW,-11241493.590854347,0.562685416,6325424.497631212
2025-12-15,Top 101-200,INFLOW,10564601.751474246,0.562685416,5944547.331402615
2025-12-15,Top 201-300,OUTFLOW,-1311247.0324262665,0.562685416,737819.5819195393
2025-12-15,Top 301-500,OUTFLOW,-131071.19828660798,0.562685416,73751.8517335185
2025-12-15,Top 501-1000,OUTFLOW,-7369.332759105106,0.562685416,4146.616069199484
2025-12-16,Top 1-100,OUTFLOW,-1712371.250747252,0.538632457,922338.7340861553
2025-12-16,Top 101-200,INFLOW,184191.51486374682,0.538632457,99211.52820961196
2025-12-16,Top 201-300,OUTFLOW,-76990.48360784483,0.538632457,41469.57335131168
2025-12-16,Top 301-500,OUTFLOW,-43868.95995131036,0.538632457,23629.245684608897
2025-12-16,Top 501-1000,OUTFLOW,-53510.62730924948,0.538632457,28822.560663192344
2025-12-17,Top 1-100,OUTFLOW,-1020460.6318681344,0.526855559,537635.3566403792
2025-12-17,Top 101-200,INFLOW,605226.3613621518,0.526855559,318866.8729369925
2025-12-17,Top 201-300,INFLOW,476916.5937340033,0.526855559,251266.1585881042
2025-12-17,Top 301-500,INFLOW,441599.35251221596,0.526855559,232659.0737218616
2025-12-17,Top 501-1000,INFLOW,119458.86458917838,0.526855559,62937.566880636885
2025-12-18,Top 101-200,OUTFLOW,-282926.8997916406,0.496132,140369.08864742622
2025-12-18,Top 201-300,OUTFLOW,-86480.18834592041,0.496132,42905.588804438186
2025-12-18,Top 301-500,INFLOW,202174.85001982033,0.496132,100305.4126900335
2025-12-18,Top 501-1000,OUTFLOW,-76144.83464673324,0.496132,37777.88910295306
2025-12-19,Top 1-100,OUTFLOW,-207626.51782362603,0.479561023,99569.58528942583
2025-12-19,Top 101-200,INFLOW,200574.90974443243,0.479561023,96187.90890517268
2025-12-19,Top 201-300,INFLOW,211484.03038864722,0.479561023,101419.49796134274
2025-12-19,Top 301-500,INFLOW,203722.440769137,0.479561023,97697.34210330424
2025-12-19,Top 501-1000,INFLOW,155139.27070488984,0.479561023,74398.7473667109
2025-12-20,Top 101-200,OUTFLOW,-3710.4526199999987,0.522470065,1938.6004215508196
2025-12-20,Top 201-300,OUTFLOW,-152213.3997450889,0.522470065,79526.94485868758
2025-12-20,Top 301-500,OUTFLOW,-172692.29544063553,0.522470065,90226.55482386805
2025-12-20,Top 501-1000,INFLOW,179.0632550622613,0.522470065,93.55519051149125
2025-12-21,Top 101-200,INFLOW,572263.8725189869,0.523093665,299347.60642304964
2025-12-21,Top 201-300,OUTFLOW,-85072.17101858468,0.523093665,44500.71372761824
2025-12-21,Top 301-500,OUTFLOW,-50988.104494137326,0.523093665,26671.554451241263
2025-12-21,Top 501-1000,OUTFLOW,-7226.3163767285005,0.523093665,3780.040317952432
2025-12-22,Top 1-100,OUTFLOW,-311453.43956043903,0.511982349,159458.66359028307
2025-12-22,Top 101-200,OUTFLOW,-2289414.256514523,0.511982349,1172139.688884394
2025-12-22,Top 201-300,INFLOW,113389.2608866946,0.511982349,58053.300140143714
2025-12-22,Top 301-500,OUTFLOW,-282757.38031995343,0.511982349,144766.78777329612
2025-12-22,Top 501-1000,OUTFLOW,-96076.87529033069,0.511982349,49189.66429572356
2025-12-23,Top 1-100,OUTFLOW,-103809.603186813,0.4930200052658191,51180.21110980513
2025-12-23,Top 101-200,INFLOW,1054371.8276021476,0.4930200052658191,519826.4039965421
2025-12-23,Top 201-300,OUTFLOW,-59648.69194202669,0.4930200052658191,29407.99841535722
2025-12-23,Top 301-500,INFLOW,18116.722571,0.4930200052658191,8931.906657353802
2025-12-23,Top 501-1000,OUTFLOW,-156488.35932536144,0.4930200052658191,77151.89173862909
2025-12-24,Top 1-100,INFLOW,60023645.15563137,0.4913958203103447,29495368.349268522
2025-12-24,Top 101-200,OUTFLOW,-362259.8471560803,0.4913958203103447,178012.97475876217
2025-12-24,Top 201-300,OUTFLOW,-331922.3641254699,0.4913958203103447,163105.2623987842
2025-12-24,Top 301-500,INFLOW,223045.55988829318,0.4913958203103447,109603.65586788794
2025-12-24,Top 501-1000,OUTFLOW,-9263.581881508966,0.4913958203103447,4552.085417676145
2025-12-25,Top 101-200,OUTFLOW,-6780.685310000736,0.479113553500796,3248.718234045099
2025-12-25,Top 201-300,INFLOW,54779.65503946753,0.479113553500796,26245.675185507072
2025-12-25,Top 301-500,OUTFLOW,-55113.21138429707,0.479113553500796,26405.486551171092
2025-12-25,Top 501-1000,INFLOW,57698.49762340271,0.479113553500796,27644.132228005707
2025-12-26,Top 1-100,OUTFLOW,-311453.440560439,0.4917079044513457,153144.11859213523
2025-12-26,Top 101-200,INFLOW,5737473.8777201455,0.4917079044513457,2821161.2572581093
2025-12-26,Top 201-300,INFLOW,302263.16445185983,0.4917079044513457,148625.18718545648
2025-12-26,Top 301-500,OUTFLOW,-97999.48324116293,0.4917079044513457,48187.120541827
2025-12-26,Top 501-1000,OUTFLOW,-48240.12588463325,0.4917079044513457,23720.051209202134
2025-12-27,Top 101-200,OUTFLOW,-1014408.1853240244,0.5122755205433164,519656.48118026555
2025-12-27,Top 201-300,OUTFLOW,-15274.659197658431,0.5122755205433164,7824.833991602228
2025-12-27,Top 301-500,INFLOW,310984.5757872171,0.5122755205433164,159309.78544233908
2025-12-27,Top 501-1000,INFLOW,86628.23368595798,0.5122755205433164,44377.523505222176
2025-12-28,Top 1-100,INFLOW,387941.1951755189,0.5048407493452262,195848.52367429162
2025-12-28,Top 101-200,INFLOW,425058.36220366106,0.5048407493452262,214586.7820903508
2025-12-28,Top 201-300,OUTFLOW,-7898.246812681937,0.5048407493452262,3987.356839427893
2025-12-28,Top 301-500,OUTFLOW,-207308.20370466838,0.5048407493452262,104657.62890367757
2025-12-28,Top 501-1000,INFLOW,51962.9868444528,0.5048407493452262,26233.03321676968
2025-12-29,Top 1-100,OUTFLOW,-311447.447216372,0.4926126226522563,153422.94379160716
2025-12-29,Top 101-200,INFLOW,21109.11030425108,0.4926126226522563,10398.614188832893
2025-12-29,Top 201-300,OUTFLOW,-530679.8287173179,0.4926126226522563,261419.58221308814
2025-12-29,Top 301-500,INFLOW,133020.71756557206,0.4926126226522563,65527.684547061515
2025-12-29,Top 501-1000,OUTFLOW,-175845.74271981165,0.4926126226522563,86623.83250344032
2025-12-30,Top 1-100,INFLOW,49896838.49581319,0.4909039451656144,24494554.8688862
2025-12-30,Top 101-200,OUTFLOW,-293868.45178275777,0.4909039451656144,144261.18233986694
2025-12-30,Top 201-300,INFLOW,211886.63795115697,0.4909039451656144,104015.98649810115
2025-12-30,Top 301-500,OUTFLOW,-136228.2316529324,0.4909039451656144,66874.97636135975
2025-12-30,Top 501-1000,INFLOW,130178.69529743558,0.4909039451656144,63905.23509802354
2025-12-31,Top 1-100,INFLOW,13087540.297851365,0.4810386331497701,6295612.496170956
2025-12-31,Top 101-200,OUTFLOW,-105494.95066509,0.4810386331497701,50747.146872137324
2025-12-31,Top 201-300,OUTFLOW,-286328.99114630686,0.4810386331497701,137735.30653217208
2025-12-31,Top 301-500,INFLOW,91215.69451427754,0.4810386331497701,43878.27301095505
2025-12-31,Top 501-1000,INFLOW,45106.22423294585,0.4810386331497701,21697.83645156331
2026-01-01,Top 101-200,INFLOW,157552.9866828831,0.5200514608747017,81935.66088960576
2026-01-01,Top 201-300,OUTFLOW,-167057.88059996633,0.5200514608747017,86878.69485664397
2026-01-01,Top 301-500,INFLOW,126935.4511932861,0.5200514608747017,66012.96682985783
2026-01-01,Top 501-1000,OUTFLOW,-356.62354447707185,0.5200514608747017,185.46259528761536
2026-01-02,Top 1-100,INFLOW,838633.5127832454,0.5554332337097377,465804.92390255467
2026-01-02,Top 101-200,INFLOW,884302.7746167838,0.5554332337097377,491171.14968389366
2026-01-02,Top 201-300,INFLOW,199161.12833433266,0.5554332337097377,110620.70954001846
2026-01-02,Top 301-500,OUTFLOW,-78546.28491383535,0.5554332337097377,43627.21702557796
2026-01-02,Top 501-1000,INFLOW,222467.69357295372,0.5554332337097377,123565.95043717272
2026-01-03,Top 1-100,INFLOW,383296.09205298434,0.5839837761711024,223838.69922872828
2026-01-03,Top 101-200,OUTFLOW,-38376.31262127278,0.5839837761711024,22411.143960093617
2026-01-03,Top 201-300,INFLOW,656600.7907927252,0.5839837761711024,383444.20924406766
2026-01-03,Top 301-500,INFLOW,281738.26114698907,0.5839837761711024,164530.57363649886
2026-01-03,Top 501-1000,INFLOW,2596.728598431044,0.5839837761711024,1516.4473726032552
2026-01-04,Top 1-100,INFLOW,228637.89576827383,0.5994799926906398,137063.84408396806
2026-01-04,Top 101-200,OUTFLOW,-36879.29652670928,0.5994799926906398,22108.400412267616
2026-01-04,Top 201-300,OUTFLOW,-688391.3277614955,0.5994799926906398,412676.82813476113
2026-01-04,Top 301-500,INFLOW,678.2025596367894,0.5994799926906398,406.5688654938357
2026-01-04,Top 501-1000,INFLOW,139272.16966335804,0.5994799926906398,83490.87925179943
2026-01-05,Top 1-100,OUTFLOW,-311443.43852226087,0.6376200170846961,198582.57059148047
2026-01-05,Top 101-200,OUTFLOW,-157954.10334817012,0.6376200170846961,100714.69807545807
2026-01-05,Top 201-300,INFLOW,283096.7531672994,0.6376200170846961,180508.15659115542
2026-01-05,Top 301-500,INFLOW,20720.533458696736,0.6376200170846961,13211.82689793823
2026-01-05,Top 501-1000,INFLOW,47739.24943984128,0.6376200170846961,30439.501043442164
2026-01-06,Top 1-100,OUTFLOW,-4019669.072010284,0.6359875826487627,2556459.6161558153
2026-01-06,Top 101-200,INFLOW,61129.21024824946,0.6359875826487627,38877.418655012145
2026-01-06,Top 201-300,OUTFLOW,-3649.03995995305,0.6359875826487627,2320.744103119278
2026-01-06,Top 301-500,OUTFLOW,-67591.36581657617,0.6359875826487627,42987.269353612486
2026-01-06,Top 501-1000,INFLOW,12473.66292829634,0.6359875826487627,7933.094732542676
2026-01-07,Top 1-100,OUTFLOW,-103817.81518681305,0.5940790624100692,61675.99030764375
2026-01-07,Top 101-200,OUTFLOW,-297174.7751405202,0.5940790624100692,176545.3117874034
2026-01-07,Top 201-300,INFLOW,345523.73498175165,0.5940790624100692,205268.41651838427
2026-01-07,Top 301-500,INFLOW,210308.74884198533,0.5940790624100692,124940.02432868138
2026-01-07,Top 501-1000,INFLOW,125948.6091220813,0.5940790624100692,74823.43161909835
2026-01-08,Top 1-100,INFLOW,8044986.770617009,0.5833979966122107,4693429.1647497015
2026-01-08,Top 101-200,INFLOW,684551.75196456,0.5833979966122107,399366.12067350326
2026-01-08,Top 201-300,INFLOW,64229.81431808598,0.5833979966122107,37471.544995945645
2026-01-08,Top 301-500,INFLOW,81254.30513894826,0.5833979966122107,47403.59883417967
2026-01-08,Top 501-1000,INFLOW,27866.565377934312,0.5833979966122107,16257.29841395007
2026-01-09,Top 1-100,OUTFLOW,-103817.813186813,0.5784942256413655,60058.00544728534
2026-01-09,Top 101-200,OUTFLOW,-318599.57861182606,0.5784942256413655,184308.01651871367
2026-01-09,Top 201-300,OUTFLOW,-345961.78398622817,0.5784942256413655,200136.89432861845
2026-01-09,Top 301-500,OUTFLOW,-21301.828979928134,0.5784942256413655,12322.985060488325
2026-01-09,Top 501-1000,INFLOW,91067.14782718635,0.5784942256413655,52681.81916365593
2026-01-10,Top 101-200,INFLOW,118506.80093504999,0.5714178203367696,67716.89788538971
2026-01-10,Top 201-300,OUTFLOW,-405713.27816645906,0.5714178203367696,231831.79709156352
2026-01-10,Top 301-500,OUTFLOW,-192802.5929520367,0.5714178203367696,110170.83741993022
2026-01-10,Top 501-1000,OUTFLOW,-44434.35680136645,0.5714178203367696,25390.583311503127
2026-01-11,Top 1-100,INFLOW,234.00022912,0.5672213914703818,132.72993556583455
2026-01-11,Top 201-300,OUTFLOW,-109285.70229159444,0.5672213914703818,61989.18812165609
2026-01-11,Top 301-500,OUTFLOW,-166.484,0.5672213914703818,94.43328613755504
2026-01-11,Top 501-1000,OUTFLOW,-25924.782385526327,0.5672213914703818,14705.091138285086
2026-01-12,Top 1-100,OUTFLOW,-311453.4364459046,0.5557405335220784,173087.29893773177
2026-01-12,Top 101-200,INFLOW,44506.27428358025,0.5557405335220784,24733.940615436844
2026-01-12,Top 201-300,INFLOW,163524.45286991555,0.5557405335220784,90877.16668183284
2026-01-12,Top 301-500,INFLOW,11381.21948650827,0.5557405335220784,6325.004989563981
2026-01-12,Top 501-1000,OUTFLOW,-62952.4987974566,0.5557405335220784,34985.25526824653
2026-01-13,Top 1-100,INFLOW,651579.841861625,0.6150103339776841,400728.33615644457
2026-01-13,Top 101-200,INFLOW,1159939.12090337,0.6150103339776841,713374.5461405629
2026-01-13,Top 201-300,INFLOW,347502.44292160927,0.6150103339776841,213717.59347928004
2026-01-13,Top 301-500,INFLOW,102491.7616431503,0.6150103339776841,63033.49255811506
2026-01-13,Top 501-1000,OUTFLOW,-187549.1516394452,0.6150103339776841,115344.66638700651
2026-01-14,Top 1-100,INFLOW,1823398.5686975769,0.5996492367092798,1093399.5599362953
2026-01-14,Top 101-200,INFLOW,4848101.600714468,0.5996492367092798,2907160.4243574687
2026-01-14,Top 201-300,OUTFLOW,-155926.01946558777,0.5996492367092798,93500.91855565601
2026-01-14,Top 301-500,INFLOW,341376.27478886483,0.5996492367092798,204706.02260780017
2026-01-14,Top 501-1000,INFLOW,184389.13067928664,0.5996492367092798,110568.80146932189
2026-01-15,Top 101-200,INFLOW,237239.30642203288,0.5632674625121397,133629.18213647843
2026-01-15,Top 201-300,OUTFLOW,-135245.15705840098,0.5632674625121397,76179.1964333413
2026-01-15,Top 301-500,OUTFLOW,-80062.48391928946,0.5632674625121397,45096.59215963716
2026-01-15,Top 501-1000,INFLOW,94848.73451924906,0.5632674625121397,53425.206015145006
2026-01-16,Top 1-100,OUTFLOW,-207635.62329726972,0.5549376717173179,115224.82935816095
2026-01-16,Top 101-200,INFLOW,3592102.3292391794,0.5549376717173179,1993392.9031583448
2026-01-16,Top 201-300,OUTFLOW,-296804.6243339089,0.5549376717173179,164708.06718279258
2026-01-16,Top 301-500,INFLOW,228370.7022685878,0.5549376717173179,126731.50580537893
2026-01-16,Top 501-1000,INFLOW,19026.984218745376,0.5549376717173179,10558.79032215271
2026-01-17,Top 101-200,OUTFLOW,-474689.7095940467,0.5495043386085274,260844.0549147506
2026-01-17,Top 201-300,INFLOW,219479.56878482396,0.5495043386085274,120604.97528318949
2026-01-17,Top 301-500,OUTFLOW,-92019.12426041691,0.5495043386085274,50564.908016056295
2026-01-17,Top 501-1000,OUTFLOW,-126747.76666511687,0.5495043386085274,69648.447691423
2026-01-18,Top 101-200,OUTFLOW,-1299.9645366911427,0.5169949880119763,672.0751500626317
2026-01-18,Top 201-300,OUTFLOW,-61265.29170365975,0.5169949880119763,31673.848749883804
2026-01-18,Top 301-500,OUTFLOW,-12198.711985531889,0.5169949880119763,6306.672956721611
2026-01-18,Top 501-1000,INFLOW,74803.36228117748,0.5169949880119763,38672.96338581287
2026-01-19,Top 1-100,OUTFLOW,-311453.43952226086,0.505233611573212,157356.74608673083
2026-01-19,Top 101-200,OUTFLOW,-1900018.9081522601,0.505233611573212,959953.4150231574
2026-01-19,Top 201-300,INFLOW,771571.2650476318,0.505233611573212,389823.73682612705
2026-01-19,Top 301-500,OUTFLOW,-19496.42765257624,0.505233611573212,9850.250555686933
2026-01-19,Top 501-1000,OUTFLOW,-26781.601702421685,0.505233611573212,13530.965351829791
2026-01-20,Top 1-100,INFLOW,10.0,0.4661120663800528,4.661120663800528
2026-01-20,Top 101-200,OUTFLOW,-1609908.2911313365,0.4661120663800528,750397.6802616069
2026-01-20,Top 201-300,INFLOW,144469.68045285967,0.4661120663800528,67339.06128514835
2026-01-20,Top 301-500,OUTFLOW,-51582.70158316911,0.4661120663800528,24043.319624396576
2026-01-20,Top 501-1000,INFLOW,125804.83516253089,0.4661120663800528,58639.1516782092
2026-01-21,Top 1-100,INFLOW,1382244.0919815672,0.4759767767840269,657916.0876301504
2026-01-21,Top 101-200,OUTFLOW,-2836171.8690186418,0.4759767767840269,1349951.9446210223
2026-01-21,Top 201-300,OUTFLOW,-687750.1240684272,0.4759767767840269,327353.08728690457
2026-01-21,Top 301-500,OUTFLOW,-50598.840842977734,0.4759767767840269,24083.873173448515
2026-01-21,Top 501-1000,OUTFLOW,-56189.6595116879,0.4759767767840269,26744.973022965147
2026-01-22,Top 1-100,INFLOW,208601.9875344,0.4713524965542273,98325.06761051323
2026-01-22,Top 101-200,INFLOW,495.02635508000003,0.4713524965542273,233.3319083270974
2026-01-22,Top 201-300,INFLOW,100562.46474968099,0.4713524965542273,47400.36881940861
2026-01-22,Top 301-500,OUTFLOW,-93597.2724365748,0.4713524965542273,44117.3080336457
2026-01-22,Top 501-1000,INFLOW,84665.79953989771,0.4713524965542273,39907.43598589053
2026-01-23,Top 101-200,INFLOW,192371.29592946402,0.4673035502681829,89895.78955752977
2026-01-23,Top 201-300,INFLOW,28191.57250063453,0.4673035502681829,13174.021917189391
2026-01-23,Top 301-500,OUTFLOW,-24434.45154083808,0.4673035502681829,11418.305953889507
2026-01-23,Top 501-1000,OUTFLOW,-25297.507779132735,0.4673035502681829,11821.6151981257
2026-01-24,Top 101-200,INFLOW,149768.54060941,0.4702924730493234,70435.01734818745
2026-01-24,Top 201-300,INFLOW,29214.190818109077,0.4702924730493234,13739.214047983354
2026-01-24,Top 301-500,OUTFLOW,-257445.41268988873,0.4702924730493234,121074.63980913145
2026-01-24,Top 501-1000,INFLOW,78864.29481747981,0.4702924730493234,37089.28424500352
2026-01-25,Top 1-100,OUTFLOW,-8147829.884443227,0.4421575397986414,3602624.416403266
2026-01-25,Top 101-200,OUTFLOW,-852761.4425483142,0.4421575397986414,377054.90147230314
2026-01-25,Top 201-300,INFLOW,45319.4623481971,0.4421575397986414,20038.34197687599
2026-01-25,Top 301-500,OUTFLOW,-58375.15488837043,0.4421575397986414,25811.014870806506
2026-01-25,Top 501-1000,INFLOW,37397.978064403505,0.4421575397986414,16535.79797440021
2026-01-26,Top 1-100,INFLOW,2250.03,0.4592510480943863,1033.3286357438121
2026-01-26,Top 101-200,INFLOW,447507.29099984735,0.4592510480943863,205518.19242155942
2026-01-26,Top 201-300,OUTFLOW,-138525.63466056378,0.4592510480943863,63618.042905803966
2026-01-26,Top 301-500,INFLOW,242090.44375242662,0.4592510480943863,111180.29002693701
2026-01-26,Top 501-1000,INFLOW,74153.31727352977,0.4592510480943863,34054.98867754411
2026-01-27,Top 101-200,INFLOW,1599135.7951744897,0.464785000277482,743254.3310039066
2026-01-27,Top 201-300,OUTFLOW,-24772.48890627257,0.464785000277482,11513.881263175816
2026-01-27,Top 301-500,INFLOW,375723.7866946496,0.464785000277482,174630.7803031293
2026-01-27,Top 501-1000,INFLOW,57484.68735260209,0.464785000277482,26718.02042713013
2026-01-28,Top 1-100,INFLOW,3805744.10737404,0.5878571460662564,2237233.8696193756
2026-01-28,Top 101-200,INFLOW,1652167.9741154884,0.5878571460662564,971238.7500855995
2026-01-28,Top 201-300,INFLOW,629187.3409352615,0.5878571460662564,369872.27458321943
2026-01-28,Top 301-500,INFLOW,1030671.6826157884,0.5878571460662564,605887.7138738238
2026-01-28,Top 501-1000,INFLOW,417577.5615099184,0.5878571460662564,245475.9535705273
2026-01-29,Top 1-100,INFLOW,161877.6390067345,0.4792874604971048,77585.92251080486
2026-01-29,Top 101-200,INFLOW,3408854.5290172403,0.4792874604971048,1633821.2304167273
2026-01-29,Top 201-300,OUTFLOW,-632463.2717784614,0.4792874604971048,303131.71538838896
2026-01-29,Top 301-500,OUTFLOW,-693271.5267752827,0.4792874604971048,332276.3495030758
2026-01-29,Top 501-1000,OUTFLOW,-322065.66627250967,0.4792874604971048,154362.03530105922
2026-01-30,Top 1-100,INFLOW,2529261.6693360046,0.4687931743889354,1185700.6068282835
2026-01-30,Top 101-200,OUTFLOW,-2499663.872066137,0.4687931743889354,1171825.3614912222
2026-01-30,Top 201-300,INFLOW,203756.48186284135,0.4687931743889354,95519.64793480294
2026-01-30,Top 301-500,OUTFLOW,-180925.4057599799,0.4687931743889354,84816.59529382717
2026-01-30,Top 501-1000,OUTFLOW,-59328.17231600551,0.4687931743889354,27812.642230713984
2026-01-31,Top 1-100,OUTFLOW,-1253421.6427548788,0.413668002048229,518500.4266824198
2026-01-31,Top 101-200,OUTFLOW,-354814.7665505378,0.413668002048229,146775.51557616977
2026-01-31,Top 201-300,OUTFLOW,-54724.70453367231,0.413668002048229,22637.859187123886
2026-01-31,Top 301-500,OUTFLOW,-56749.65166183002,0.413668002048229,23475.515019882187
2026-01-31,Top 501-1000,INFLOW,250494.25923502338,0.413668002048229,103621.45974230325
2026-02-01,Top 101-200,INFLOW,53518.65319775604,0.393137310016626,21040.179353878506
2026-02-01,Top 201-300,OUTFLOW,-184813.0835482672,0.393137310016626,72656.91852204372
2026-02-01,Top 301-500,INFLOW,279856.15866117255,0.393137310016626,110021.89740763947
2026-02-01,Top 501-1000,INFLOW,42449.397741510154,0.393137310016626,16688.442039923142
2026-02-02,Top 1-100,INFLOW,65113.48812984303,0.4097875337553446,26682.69571493628
2026-02-02,Top 101-200,INFLOW,783701.0456973511,0.4097875337553446,321150.91871780215
2026-02-02,Top 201-300,INFLOW,894823.7534810421,0.4097875337553446,366687.6190846967
2026-02-02,Top 301-500,OUTFLOW,-355667.4180566079,0.4097875337553446,145748.07408254847
2026-02-02,Top 501-1000,OUTFLOW,-96956.4331272656,0.4097875337553446,39731.537612937165
2026-02-03,Top 101-200,INFLOW,1444641.1027534972,0.4076887732440746,588963.9589595404
2026-02-03,Top 201-300,INFLOW,417751.14506827964,0.4076887732440746,170312.45185419437
2026-02-03,Top 301-500,INFLOW,511712.478988749,0.4076887732440746,208619.43281260738
2026-02-03,Top 501-1000,INFLOW,146916.47714318015,0.4076887732440746,59896.19833584424
2026-02-04,Top 1-100,INFLOW,6859378.47689999,0.4082294169071324,2800200.0759702167
2026-02-04,Top 101-200,OUTFLOW,-211787.12019030048,0.4082294169071324,86457.73258372713
2026-02-04,Top 201-300,OUTFLOW,-374678.6338267688,0.4082294169071324,152954.84021466278
2026-02-04,Top 301-500,OUTFLOW,-148752.64415267814,0.4082294169071324,60725.20518584195
2026-02-04,Top 501-1000,OUTFLOW,-59882.50621767464,0.4082294169071324,24445.800596179048
2026-02-05,Top 1-100,INFLOW,1500105.0686995154,0.3463952540868018,519629.2764290679
2026-02-05,Top 101-200,OUTFLOW,-1473579.680468624,0.3463952540868018,510441.00783307716
2026-02-05,Top 201-300,OUTFLOW,-590607.8492215048,0.3463952540868018,204583.75599674266
2026-02-05,Top 301-500,OUTFLOW,-333135.65047198924,0.3463952540868018,115396.6082906167
2026-02-05,Top 501-1000,INFLOW,65897.32615964649,0.3463952540868018,22826.521038711595
2026-02-06,Top 1-100,INFLOW,576069.3474383445,0.4049715822391509,233291.71511158152
2026-02-06,Top 101-200,INFLOW,2863637.016166097,0.4049715822391509,1159691.6133953852
2026-02-06,Top 201-300,OUTFLOW,-266422.12661582534,0.4049715822391509,107893.3901591302
2026-02-06,Top 301-500,INFLOW,96224.20101143936,0.4049715822391509,38968.0669333007
2026-02-06,Top 501-1000,INFLOW,385651.2119197678,0.4049715822391509,156177.78148359444
2026-02-07,Top 1-100,INFLOW,229935.31619373025,0.3979776412759377,91509.11478481769
2026-02-07,Top 101-200,INFLOW,1662727.880948345,0.3979776412759377,661728.5201435605
2026-02-07,Top 201-300,OUTFLOW,-371051.5568376598,0.3979776412759377,147670.22338201638
2026-02-07,Top 301-500,OUTFLOW,-157046.33515211282,0.3979776412759377,62500.930034868245
2026-02-07,Top 501-1000,OUTFLOW,-177522.1718268172,0.3979776412759377,70649.85521781843
2026-02-08,Top 101-200,OUTFLOW,-37921.85614874,0.3896456340796231,14776.085684552052
2026-02-08,Top 201-300,INFLOW,120937.45356938084,0.3896456340796231,47122.75078001638
2026-02-08,Top 301-500,INFLOW,257771.42940345328,0.3896456340796231,100439.51205751936
2026-02-08,Top 501-1000,INFLOW,127995.59098848175,0.3896456340796231,49872.923210103065
2026-02-09,Top 1-100,INFLOW,13850330.351110855,0.3887429228145329,5384217.902637669
2026-02-09,Top 101-200,OUTFLOW,-4317362.885665545,0.3887429228145329,1678344.26702461
2026-02-09,Top 201-300,INFLOW,553491.2607045901,0.3887429228145329,215165.81043860296
2026-02-09,Top 301-500,INFLOW,177852.8202407482,0.3887429228145329,69139.02517119618
2026-02-09,Top 501-1000,INFLOW,24020.219983713643,0.3887429228145329,9337.690523116893
2026-02-10,Top 1-100,INFLOW,0.008045999333262444,0.3781878969433236,0.0030428995666539073
2026-02-10,Top 101-200,OUTFLOW,-82278.00684296733,0.3781878969433236,31116.5463726302
2026-02-10,Top 201-300,INFLOW,244607.45438331005,0.3781878969433236,92507.57874988399
2026-02-10,Top 301-500,OUTFLOW,-76118.10545169568,0.3781878969433236,28786.946220086924
2026-02-10,Top 501-1000,OUTFLOW,-46638.35776456272,0.3781878969433236,17638.062439870304
2026-02-11,Top 1-100,INFLOW,855357.1700000007,0.3677576360051837,314564.1307792843
2026-02-11,Top 101-200,INFLOW,1067943.4256242581,0.3677576360051837,392744.34959485487
2026-02-11,Top 201-300,INFLOW,308520.5682975658,0.3677576360051837,113460.79485608861
2026-02-11,Top 301-500,INFLOW,380371.07267836586,0.3677576360051837,139884.36649295175
2026-02-11,Top 501-1000,INFLOW,222616.36223550185,0.3677576360051837,81868.86711180181
2026-02-12,Top 101-200,INFLOW,179453.081010547,0.380977465519229,68367.57998301508
2026-02-12,Top 201-300,INFLOW,861168.5787915358,0.380977465519229,328085.8225327958
2026-02-12,Top 301-500,OUTFLOW,-133814.6471138034,0.380977465519229,50980.36510676683
2026-02-12,Top 501-1000,INFLOW,23178.387164392974,0.380977465519229,8830.443196713864
2026-02-13,Top 101-200,OUTFLOW,-3567280.626315793,0.3959285605904675,1412388.2835994733
2026-02-13,Top 201-300,INFLOW,633742.9268549423,0.3959285605904675,250916.92481406726
2026-02-13,Top 301-500,INFLOW,250466.0277063324,0.3959285605904675,99166.65382658034
2026-02-13,Top 501-1000,INFLOW,104914.90417359186,0.3959285605904675,41538.806993937054
2026-02-14,Top 101-200,INFLOW,476221.5425199395,0.4280387299152432,203841.2642185129
2026-02-14,Top 201-300,OUTFLOW,-482434.38319685205,0.4280387299152432,206500.60065102432
2026-02-14,Top 301-500,INFLOW,47932.070503016,0.4280387299152432,20516.782580318864
2026-02-14,Top 501-1000,INFLOW,104547.7344821268,0.4280387299152432,44750.47948324564
2026-02-15,Top 1-100,INFLOW,42.118,0.4040848121588865,17.01924411850798
2026-02-15,Top 101-200,OUTFLOW,-120968.25191003384,0.4040848121588865,48881.43335025488
2026-02-15,Top 201-300,INFLOW,523872.1185215872,0.4040848121588865,211688.7666080735
2026-02-15,Top 301-500,OUTFLOW,-8886.738079013448,0.4040848121588865,3590.9958873633727
2026-02-15,Top 501-1000,OUTFLOW,-113601.29341780374,0.4040848121588865,45904.55731173977
2026-02-16,Top 101-200,INFLOW,3092724.4395173443,0.4045152370829954,1251054.1598837327
2026-02-16,Top 201-300,OUTFLOW,-317239.54723673005,0.4045152370829954,128328.23066256798
2026-02-16,Top 301-500,OUTFLOW,-53267.163619629995,0.4045152370829954,21547.379320333337
2026-02-16,Top 501-1000,INFLOW,86080.54469466276,0.4045152370829954,34820.89194539489
2026-02-17,Top 1-100,OUTFLOW,-576949.615037512,0.3974396609252656,229302.65937147132
2026-02-17,Top 101-200,INFLOW,426320.3989287475,0.3974396609252656,169436.6347957654
2026-02-17,Top 201-300,OUTFLOW,-818859.9890700321,0.3974396609252656,325447.43640126026
2026-02-17,Top 301-500,INFLOW,274574.23068488715,0.3974396609252656,109126.6891422172
2026-02-17,Top 501-1000,OUTFLOW,-29830.697890714277,0.3974396609252656,11855.902454849518
2026-02-18,Top 1-100,OUTFLOW,-2697216.893966728,0.3787069666190196,1021454.8282277134
2026-02-18,Top 101-200,OUTFLOW,-547464.46674873,0.3787069666190196,207328.60753411066
2026-02-18,Top 201-300,INFLOW,1212709.38822726,0.3787069666190196,459261.4938059526
2026-02-18,Top 301-500,OUTFLOW,-318822.0513069797,0.3787069666190196,120740.13194171971
2026-02-18,Top 501-1000,OUTFLOW,-62741.891333894746,0.3787069666190196,23760.79134699943
2026-02-19,Top 1-100,INFLOW,2223920.8613081,0.3739453685469169,831624.9061010344
2026-02-19,Top 101-200,INFLOW,1251603.4402527525,0.3739453685469169,468031.30973990465
2026-02-19,Top 201-300,INFLOW,157220.04765469,0.3739453685469169,58791.708663196885
2026-02-19,Top 301-500,INFLOW,138073.97523766253,0.3739453685469169,51632.12355698559
2026-02-19,Top 501-1000,INFLOW,96519.93250651905,0.3739453685469169,36093.181733273814
2026-02-20,Top 101-200,INFLOW,552283.9557483497,0.3908437829751102,215856.75054114332
2026-02-20,Top 201-300,INFLOW,249409.45374334988,0.3908437829751102,97480.13441080663
2026-02-20,Top 301-500,INFLOW,134914.3082154278,0.3908437829751102,52730.418600387784
2026-02-20,Top 501-1000,INFLOW,62766.97042687233,0.3908437829751102,24532.080167525648
2026-02-21,Top 1-100,OUTFLOW,-672442.149604447,0.3872049233871643,260372.91101988993
2026-02-21,Top 101-200,OUTFLOW,-1146798.0069028053,0.3872049233871643,444045.8344033534
2026-02-21,Top 201-300,OUTFLOW,-93680.84766509273,0.3872049233871643,36273.68544300684
2026-02-21,Top 301-500,INFLOW,58369.86274587,0.3872049233871643,22601.09823263389
2026-02-21,Top 501-1000,OUTFLOW,-29768.319080546917,0.3872049233871643,11526.43970894783
2026-02-22,Top 1-100,INFLOW,139.96274577,0.3824228486539992,53.52495194279888
2026-02-22,Top 101-200,INFLOW,637952.35144674,0.3824228486539992,243967.55554577956
2026-02-22,Top 201-300,INFLOW,685561.2176477994,0.3824228486539992,262174.27377957583
2026-02-22,Top 301-500,OUTFLOW,-86056.411531,0.3824228486539992,32909.93804262589
2026-02-22,Top 501-1000,INFLOW,51779.79998254348,0.3824228486539992,19801.778612058577
2026-02-23,Top 101-200,OUTFLOW,-868810.3320581047,0.3724032269565079,323547.77127159334
2026-02-23,Top 201-300,INFLOW,182857.57555666135,0.3724032269565079,68096.75121074414
2026-02-23,Top 301-500,INFLOW,101803.18019381737,0.3724032269565079,37911.83281861244
2026-02-23,Top 501-1000,INFLOW,11079.56975997184,0.3724032269565079,4126.067531903255
2026-02-24,Top 101-200,OUTFLOW,-1050547.9727109408,0.3761482025058346,395161.73158136895
2026-02-24,Top 201-300,INFLOW,252692.00969235,0.3761482025058346,95049.64523336438
2026-02-24,Top 301-500,INFLOW,521379.8659021445,0.3761482025058346,196116.09938182472
2026-02-24,Top 501-1000,OUTFLOW,-14934.002513856307,0.3761482025058346,5617.3982018046645
2026-02-25,Top 1-100,OUTFLOW,-29999.999,0.4120286628580155,12360.859473711802
2026-02-25,Top 101-200,INFLOW,4525142.413335836,0.4120286628580155,1864488.3778088575
2026-02-25,Top 201-300,INFLOW,335631.0483293766,0.4120286628580155,138289.612056787
2026-02-25,Top 301-500,INFLOW,117759.68209085873,0.4120286628580155,48520.36435048151
2026-02-25,Top 501-1000,OUTFLOW,-28926.349732484043,0.4120286628580155,11918.485201638714
2026-02-26,Top 101-200,OUTFLOW,-1752277.5699697745,0.3995824726307208,700179.4041438733
2026-02-26,Top 201-300,OUTFLOW,-219543.62616547034,0.3995824726307208,87725.78499351324
2026-02-26,Top 301-500,OUTFLOW,-359678.8436791679,0.3995824726307208,143721.3617102804
2026-02-26,Top 501-1000,OUTFLOW,-85081.94930068858,0.3995824726307208,33997.25567781077
2026-02-27,Top 101-200,OUTFLOW,-128359.17840410997,0.3892905649151679,49969.01707298279
2026-02-27,Top 201-300,INFLOW,103054.38889682002,0.3892905649151679,40118.10127063047
2026-02-27,Top 301-500,OUTFLOW,-8162.146362990621,0.3892905649151679,3177.446568568902
2026-02-27,Top 501-1000,OUTFLOW,-9280.169331337274,0.3892905649151679,3612.6823615047033
2026-02-28,Top 101-200,INFLOW,263586.0234540055,0.3994140039939856,105279.94902461692
2026-02-28,Top 201-300,OUTFLOW,-832045.57301192,0.3994140039939856,332330.653822161
2026-02-28,Top 301-500,OUTFLOW,-298490.8509290237,0.3994140039939856,119221.42592513323
2026-02-28,Top 501-1000,OUTFLOW,-88434.46989737308,0.3994140039939856,35321.96571279537
2026-03-01,Top 101-200,OUTFLOW,-1248405.0777370604,0.3838605670763771,479213.48108117667
2026-03-01,Top 201-300,OUTFLOW,-448142.9297460533,0.3838605670763771,172024.39914358905
2026-03-01,Top 301-500,INFLOW,267655.3747392593,0.3838605670763771,102742.3439284523
2026-03-01,Top 501-1000,OUTFLOW,-25658.09236720309,0.3838605670763771,9849.129886172643
2026-03-02,Top 1-100,INFLOW,503.1129355662649,0.4053867895365126,203.95533772349845
2026-03-02,Top 101-200,OUTFLOW,-1096908.7784320698,0.4053867895365126,444672.3281029946
2026-03-02,Top 201-300,INFLOW,195382.7058112698,0.4053867895365126,79205.56783978759
2026-03-02,Top 301-500,INFLOW,192347.84553886257,0.4053867895365126,77975.27557726452
2026-03-02,Top 501-1000,INFLOW,174075.49633928505,0.4053867895365126,70567.90659795771
2026-03-03,Top 1-100,OUTFLOW,-241501.915,0.3932435989849484,94969.08221635708
2026-03-03,Top 101-200,INFLOW,1237479.9111632614,0.3932435989849484,486631.0539374151
2026-03-03,Top 201-300,OUTFLOW,-304402.579402753,0.3932435989849484,119704.3658646401
2026-03-03,Top 301-500,OUTFLOW,-196755.7389999289,0.3932435989849484,77372.93492527521
2026-03-03,Top 501-1000,OUTFLOW,-33557.70395609758,0.3932435989849484,13196.352277367254
2026-03-04,Top 101-200,OUTFLOW,-1031435.122545362,0.4204070895970146,433622.6379774357
2026-03-04,Top 201-300,OUTFLOW,-518311.7026218424,0.4204070895970146,217901.9144033221
2026-03-04,Top 301-500,OUTFLOW,-405597.639846326,0.4204070895970146,170516.12331521205
2026-03-04,Top 501-1000,OUTFLOW,-18491.965864631697,0.4204070895970146,7774.153550077153
2026-03-05,Top 1-100,OUTFLOW,-5829999.998,0.4085822640362653,2382034.598514262
2026-03-05,Top 101-200,INFLOW,1283262.3523096666,0.4085822640362653,524318.237259187
2026-03-05,Top 201-300,INFLOW,859187.4012033875,0.4085822640362653,351048.7336151151
2026-03-05,Top 301-500,INFLOW,33771.98706740752,0.4085822640362653,13798.634937004837
2026-03-05,Top 501-1000,INFLOW,177754.87695219382,0.4085822640362653,72627.49006861511
2026-03-06,Top 1-100,INFLOW,855357.1500000014,0.3887298551498528,332502.86102089146
2026-03-06,Top 101-200,OUTFLOW,-606212.566233415,0.3887298551498528,235652.923061936
2026-03-06,Top 201-300,INFLOW,652522.3838375509,0.3887298551498528,253654.9317512078
2026-03-06,Top 301-500,INFLOW,341701.0069766009,0.3887298551498528,132829.3829465729
2026-03-06,Top 501-1000,INFLOW,71720.39336552392,0.3887298551498528,27879.85812427058
2026-03-07,Top 1-100,INFLOW,149.21,0.3773505535750814,56.3044760989379
2026-03-07,Top 101-200,INFLOW,1739541.6303353063,0.3773505535750814,656416.9971739275
2026-03-07,Top 201-300,OUTFLOW,-569529.54467704,0.3773505535750814,214912.2889612451
2026-03-07,Top 301-500,INFLOW,225406.16614635094,0.3773505535750814,85057.1415745623
2026-03-07,Top 501-1000,INFLOW,40195.03044431687,0.3773505535750814,15167.616989130222
2026-03-08,Top 101-200,OUTFLOW,-1327267.274510765,0.3602126281736972,478098.4332404627
2026-03-08,Top 201-300,INFLOW,309275.23840271623,0.3602126281736972,111404.84645408919
2026-03-08,Top 301-500,INFLOW,231477.5779837931,0.3602126281736972,83381.14672882407
2026-03-08,Top 501-1000,INFLOW,16991.1020503053,0.3602126281736972,6120.409525107967
2026-03-09,Top 1-100,INFLOW,13847177.305000002,0.3633694346187974,5031640.988384093
2026-03-09,Top 101-200,OUTFLOW,-3087316.221881154,0.3633694346187974,1121836.3500343966
2026-03-09,Top 201-300,OUTFLOW,-661674.5486548562,0.3633694346187974,240432.30664636302
2026-03-09,Top 301-500,INFLOW,61559.5362855306,0.3633694346187974,22368.853895468597
2026-03-09,Top 501-1000,OUTFLOW,-28565.093439775927,0.3633694346187974,10379.681853044496
2026-03-10,Top 101-200,INFLOW,12354.165693478892,0.3564814536138103,4404.030944597222
2026-03-10,Top 201-300,OUTFLOW,-1215814.5769962277,0.3564814536138103,433415.34773247514
2026-03-10,Top 301-500,INFLOW,176474.43275661717,0.3564814536138103,62909.8623147515
2026-03-10,Top 501-1000,INFLOW,64226.91028075467,0.3564814536138103,22895.702338007202
2026-03-11,Top 1-100,INFLOW,855357.1300000008,0.3553910130484351,303986.2369489023
2026-03-11,Top 101-200,INFLOW,183860.26114688278,0.3553910130484351,65342.284468340506
2026-03-11,Top 201-300,INFLOW,1198861.4349155615,0.3553910130484351,426064.57985934196
2026-03-11,Top 301-500,INFLOW,14398.440380020009,0.3553910130484351,5117.076312972807
2026-03-11,Top 501-1000,OUTFLOW,-37694.12606567782,0.3553910130484351,13396.153648456664
2026-03-12,Top 101-200,INFLOW,772285.8533137463,0.3592473935957468,277441.6799138306
2026-03-12,Top 201-300,OUTFLOW,-111407.06893754366,0.3592473935957468,40022.69914395425
2026-03-12,Top 301-500,INFLOW,81696.51733563,0.3592473935957468,29349.26091867482
2026-03-12,Top 501-1000,OUTFLOW,-15590.02473337976,0.3592473935957468,5600.6757515599065
2026-03-13,Top 101-200,OUTFLOW,-64744.93579235277,0.3572981359793893,23133.24487271289
2026-03-13,Top 201-300,INFLOW,49838.276112969965,0.3572981359793893,17807.123155590292
2026-03-13,Top 301-500,OUTFLOW,-202481.56349035128,0.3572981359793893,72346.28520529489
2026-03-13,Top 501-1000,OUTFLOW,-75374.17573122462,0.3572981359793893,26931.05248974948
2026-03-14,Top 101-200,INFLOW,2001903.6371929797,0.3561939081768556,713065.8803252295
2026-03-14,Top 201-300,INFLOW,149889.23089458462,0.3561939081768556,53389.63094596518
2026-03-14,Top 301-500,INFLOW,95775.85870029668,0.3561939081768556,34114.77741945297
2026-03-14,Top 501-1000,INFLOW,39689.42726136334,0.3561939081768556,14137.132209526042
2026-03-15,Top 1-100,INFLOW,105.31858536,0.3645534027281109,38.394248663499
2026-03-15,Top 101-200,OUTFLOW,-285517.82676135,0.3645534027281109,104086.4952853854
2026-03-15,Top 201-300,OUTFLOW,-534772.4146358699,0.3645534027281109,194953.1034406346
2026-03-15,Top 301-500,OUTFLOW,-40165.1324622981,0.3645534027281109,14642.335710156078
2026-03-15,Top 501-1000,OUTFLOW,-66644.88753776431,0.3645534027281109,24295.620526324252
2026-03-16,Top 1-100,INFLOW,530.4580344482114,0.3995725972943355,211.9564945801199
2026-03-16,Top 101-200,INFLOW,467781.33630179963,0.3995725972943355,186912.6035119251
2026-03-16,Top 201-300,INFLOW,157807.18292918528,0.3995725972943355,63055.425954716884
2026-03-16,Top 301-500,INFLOW,411927.74243588577,0.3995725972943355,164595.03794269892
2026-03-16,Top 501-1000,INFLOW,51624.66002671218,0.3995725972943355,20627.799491310445
2026-03-17,Top 101-200,INFLOW,2068485.396100116,0.3945420073006186,816104.380249355
2026-03-17,Top 201-300,INFLOW,360019.64151416055,0.3945420073006186,142042.87203064602
2026-03-17,Top 301-500,OUTFLOW,-261932.85014613904,0.3945420073006186,103343.51247462982
2026-03-17,Top 501-1000,OUTFLOW,-40961.176614541706,0.3945420073006186,16160.904842896442
2026-03-18,Top 1-100,INFLOW,74.73965450564734,0.3685181375024793,27.54291827599994
2026-03-18,Top 101-200,INFLOW,313722.1509606679,0.3685181375024793,115612.30276529698
2026-03-18,Top 201-300,INFLOW,1271129.4082264726,0.3685181375024793,468434.2420442484
2026-03-18,Top 301-500,INFLOW,15371.754954270313,0.3685181375024793,5664.770505892205
2026-03-18,Top 501-1000,OUTFLOW,-139547.61149210017,0.3685181375024793,51425.82587998833
2026-03-19,Top 1-100,INFLOW,6288766.0,0.3310279991111824,2081757.6258584342
2026-03-19,Top 101-200,INFLOW,307569.6685839633,0.3310279991111824,101814.17197863887
2026-03-19,Top 201-300,INFLOW,817741.2950677874,0.3310279991111824,270695.2646968767
2026-03-19,Top 301-500,INFLOW,798155.9912017575,0.3310279991111824,264211.9807461203
2026-03-19,Top 501-1000,INFLOW,355330.13487079466,0.3310279991111824,117624.22357018574
2026-03-20,Top 1-100,OUTFLOW,-5814905.2325307345,0.3215374898225032,1869710.0320236715
2026-03-20,Top 101-200,INFLOW,1505437.872697332,0.3215374898225032,484054.71467082924
2026-03-20,Top 201-300,OUTFLOW,-772650.8692494254,0.3215374898225032,248436.22100763535
2026-03-20,Top 301-500,OUTFLOW,-58847.606011778815,0.3215374898225032,18921.711519091008
2026-03-20,Top 501-1000,INFLOW,232424.31294453697,0.3215374898225032,74733.13015790636
2026-03-21,Top 1-100,INFLOW,982787.7998221646,0.3195228130746791,314023.1224546526
2026-03-21,Top 101-200,INFLOW,655994.9918713302,0.3195228130746791,209605.36516562867
2026-03-21,Top 201-300,INFLOW,538529.5056177173,0.3195228130746791,172072.46255868924
2026-03-21,Top 301-500,OUTFLOW,-1893.7682231899817,0.3195228130746791,605.1021499850997
2026-03-21,Top 501-1000,INFLOW,322852.2826107009,0.3195228130746791,103158.66954735245
2026-03-22,Top 1-100,INFLOW,386073.530773613,0.3074868217771074,118712.52294984454
2026-03-22,Top 101-200,INFLOW,1447981.4982661782,0.3074868217771074,445235.2288939213
2026-03-22,Top 201-300,INFLOW,8933.522088004625,0.3074868217771074,2746.9403141161306
2026-03-22,Top 301-500,OUTFLOW,-483467.32047100004,0.3074868217771074,148659.82980472205
2026-03-22,Top 501-1000,INFLOW,97463.8412768638,0.3074868217771074,29968.8467924113
2026-03-23,Top 1-100,INFLOW,38074598.985694006,0.3254321227384552,12390697.570329832
2026-03-23,Top 101-200,INFLOW,3431608.6422337242,0.3254321227384552,1116755.6848497489
2026-03-23,Top 201-300,INFLOW,364998.7418886827,0.3254321227384552,118782.31536969951
2026-03-23,Top 301-500,INFLOW,62189.38841410994,0.3254321227384552,20238.42468341009
2026-03-23,Top 501-1000,OUTFLOW,-113332.83561590855,0.3254321227384552,36882.14527045352
2026-03-24,Top 1-100,INFLOW,3129960.9931963934,0.3209072023848681,1004427.0259004177
2026-03-24,Top 101-200,INFLOW,1689056.9940436457,0.3209072023848681,542030.5546271411
2026-03-24,Top 201-300,OUTFLOW,-333775.3583532425,0.3209072023848681,107110.91647414587
2026-03-24,Top 301-500,OUTFLOW,-105344.72131520887,0.3209072023848681,33805.87980327726
2026-03-24,Top 501-1000,OUTFLOW,-134235.4815486087,0.3209072023848681,43077.1328445496
2026-03-25,Top 1-100,INFLOW,1246392.492960832,0.3239234953912192,403735.81294924824
2026-03-25,Top 101-200,OUTFLOW,-344375.7830832761,0.3239234953912192,111551.40738442309
2026-03-25,Top 201-300,OUTFLOW,-392608.16200646944,0.3239234953912192,127175.00815625764
2026-03-25,Top 301-500,INFLOW,195961.9575936027,0.3239234953912192,63476.682267425655
2026-03-25,Top 501-1000,INFLOW,160995.3286327298,0.3239234953912192,52150.169592371865
2026-03-26,Top 1-100,INFLOW,90192909.21909001,0.2926405705191219,26394104.41065387
2026-03-26,Top 101-200,INFLOW,320494.6047464439,0.2926405705191219,93789.72398129982
2026-03-26,Top 201-300,INFLOW,404993.78795511054,0.2926405705191219,118517.61316388383
2026-03-26,Top 301-500,INFLOW,796151.763374686,0.2926405705191219,232986.30625377304
2026-03-26,Top 501-1000,INFLOW,299942.0388665362,0.2926405705191219,87775.2093765718
2026-03-27,Top 1-100,OUTFLOW,-4447707.576188996,0.2516871250877609,1119430.7330820619
2026-03-27,Top 101-200,OUTFLOW,-962285.4049500579,0.2516871250877609,242194.84708579187
2026-03-27,Top 201-300,INFLOW,1286640.586969735,0.2516871250877609,323830.8703556419
2026-03-27,Top 301-500,INFLOW,503880.86084379954,0.2516871250877609,126820.32525252203
2026-03-27,Top 501-1000,INFLOW,192481.29024366668,0.2516871250877609,48445.06257461135
2026-03-28,Top 1-100,OUTFLOW,-3617884.1121099964,0.2689832767155846,973150.3232526002
2026-03-28,Top 101-200,INFLOW,5311960.875381047,0.2689832767155846,1428828.6420449791
2026-03-28,Top 201-300,OUTFLOW,-789104.7601410514,0.2689832767155846,212255.98405460542
2026-03-28,Top 301-500,OUTFLOW,-675677.5084531518,0.2689832767155846,181745.95022675087
2026-03-28,Top 501-1000,OUTFLOW,-138378.5198728197,0.2689832767155846,37221.50770244368
2026-03-29,Top 1-100,INFLOW,11497019.979,0.2701797217067089,3106261.6583826924
2026-03-29,Top 101-200,OUTFLOW,-2129164.4184668986,0.2701797217067089,575257.0500492133
2026-03-29,Top 201-300,INFLOW,1274650.761039072,0.2701797217067089,344384.7878907812
2026-03-29,Top 301-500,OUTFLOW,-47713.0527503118,0.2701797217067089,12891.099313856763
2026-03-29,Top 501-1000,OUTFLOW,-45006.12159345845,0.2701797217067089,12159.741407218906
2026-03-30,Top 1-100,INFLOW,838611.2580392521,0.2736548385372581,229490.0284142584
2026-03-30,Top 101-200,OUTFLOW,-660419.1324505969,0.2736548385372581,180726.89105768414
2026-03-30,Top 201-300,OUTFLOW,-224141.10435068613,0.2736548385372581,61337.29772064973
2026-03-30,Top 301-500,INFLOW,135628.35686806001,0.2736548385372581,37115.35609980258
2026-03-30,Top 501-1000,OUTFLOW,-81880.99782535943,0.2736548385372581,22407.131239168317
2026-03-31,Top 1-100,INFLOW,429938.72502025735,0.2755858291583551,118485.02002199365
2026-03-31,Top 101-200,INFLOW,2070737.699653861,0.2755858291583551,570665.9659285742
2026-03-31,Top 201-300,OUTFLOW,-1400040.1592689774,0.2755858291583551,385831.2281471367
2026-03-31,Top 301-500,INFLOW,175701.78966024006,0.2755858291583551,48420.92338812416
2026-03-31,Top 501-1000,INFLOW,152965.65137521355,0.2755858291583551,42155.165866986106
2026-04-02,Top 101-200,INFLOW,293002.14476409,0.2677901088738594,78463.07624664997
2026-04-02,Top 201-300,INFLOW,457585.5726061393,0.2677901088738594,122536.89030730534
2026-04-02,Top 301-500,INFLOW,35225.11194733984,0.2677901088738594,9432.936563472022
2026-04-02,Top 501-1000,INFLOW,378700.7750460237,0.2677901088738594,101412.32178018962
2026-04-03,Top 1-100,OUTFLOW,-1.0,0.2664998710179275,0.2664998710179275
2026-04-03,Top 101-200,OUTFLOW,-1529543.9810413918,0.2664998710179275,407623.27366377827
2026-04-03,Top 201-300,OUTFLOW,-212868.74489118002,0.2664998710179275,56729.493057247586
2026-04-03,Top 301-500,INFLOW,8249.629109810012,0.2664998710179275,2198.525093710108
2026-04-03,Top 501-1000,INFLOW,38090.48829197514,0.2664998710179275,10151.110216821253
2026-04-04,Top 1-100,OUTFLOW,-3500014.994,0.2566461195791458,898265.2666789272
2026-04-04,Top 101-200,INFLOW,1401527.45930272,0.2566461195791458,359696.58391366224
2026-04-04,Top 201-300,OUTFLOW,-291760.4940485022,0.2566461195791458,74879.19864404254
2026-04-04,Top 301-500,INFLOW,158719.19771067324,0.2566461195791458,40734.66619515952
2026-04-04,Top 501-1000,OUTFLOW,-15499.836553946734,0.2566461195791458,3977.9729056814285
2026-04-05,Top 1-100,INFLOW,22.267,0.2481987451313241,5.526641457839193
2026-04-05,Top 101-200,OUTFLOW,-1731886.432842149,0.2481987451313241,429852.0393413866
2026-04-05,Top 201-300,INFLOW,193435.7664458205,0.2481987451313241,48010.51449536854
2026-04-05,Top 301-500,INFLOW,1199825.15794578,0.2481987451313241,297795.0985791353
2026-04-05,Top 501-1000,INFLOW,95523.34631596414,0.2481987451313241,23708.77468636719
2026-04-06,Top 1-100,OUTFLOW,-715160.6057612542,0.2429002354731574,173712.67954053453
2026-04-06,Top 101-200,OUTFLOW,-1122408.651602237,0.2429002354731574,272633.32577129244
2026-04-06,Top 201-300,INFLOW,529522.9451682988,0.2429002354731574,128621.24806981959
2026-04-06,Top 301-500,OUTFLOW,-768563.2642837302,0.2429002354731574,186684.19787053656
2026-04-06,Top 501-1000,OUTFLOW,-40492.41395236642,0.2429002354731574,9835.616883906367
2026-04-07,Top 1-100,INFLOW,244764.4524811732,0.2727161470002298,66751.21840328639
2026-04-07,Top 101-200,OUTFLOW,-853328.2733911257,0.2727161470002298,232716.39884558652
2026-04-07,Top 201-300,OUTFLOW,-285555.1393096808,0.2727161470002298,77875.49734865
2026-04-07,Top 301-500,INFLOW,407506.73174796684,0.2727161470002298,111133.66575896172
2026-04-07,Top 501-1000,INFLOW,52343.83769307664,0.2727161470002298,14275.009734861258
2026-04-08,Top 1-100,INFLOW,3509108.075829768,0.2567774740084926,901059.9077343697
2026-04-08,Top 101-200,INFLOW,666005.8516836569,0.2567774740084926,171015.3002702042
2026-04-08,Top 201-300,INFLOW,1271037.4881388652,0.2567774740084926,326373.7955743972
2026-04-08,Top 301-500,INFLOW,238957.429250748,0.2567774740084926,61358.88507857016
2026-04-08,Top 501-1000,INFLOW,139813.3008878462,0.2567774740084926,35900.90623477049
2026-04-09,Top 1-100,INFLOW,1010.65561105,0.2678399975977384,270.6939964357728
2026-04-09,Top 101-200,INFLOW,1723345.023421472,0.2678399975977384,461580.72693328146
2026-04-09,Top 201-300,INFLOW,127362.90693067433,0.2678399975977384,34112.88068635279
2026-04-09,Top 301-500,INFLOW,106233.21715343001,0.2678399975977384,28453.50462717472
2026-04-09,Top 501-1000,OUTFLOW,-30391.95540612926,0.2678399975977384,8140.181262968234
2026-04-10,Top 1-100,OUTFLOW,-20012734.254267007,0.2796807451319477,5597176.42836105
2026-04-10,Top 101-200,INFLOW,3709871.6548905983,0.2796807451319477,1037579.6687836944
2026-04-10,Top 201-300,INFLOW,1106681.1233876506,0.2796807451319477,309517.40121251903
2026-04-10,Top 301-500,OUTFLOW,-194060.44695955334,0.2796807451319477,54274.97040628669
2026-04-10,Top 501-1000,INFLOW,235356.6033775325,0.2796807451319477,65824.71020435257
2026-04-11,Top 1-100,INFLOW,9999990.001,0.2991631682312883,2991628.690980364
2026-04-11,Top 101-200,OUTFLOW,-392344.59078051033,0.2991631682312883,117375.05081630578
2026-04-11,Top 201-300,OUTFLOW,-382950.28107628494,0.2991631682312883,114564.61936184377
2026-04-11,Top 301-500,OUTFLOW,-273607.56551212835,0.2991631682312883,81853.30615065809
2026-04-11,Top 501-1000,INFLOW,94263.72329032788,0.2991631682312883,28200.23410881197
2026-04-12,Top 101-200,OUTFLOW,-1107967.3589521437,0.2882929434228777,319419.1711287856
2026-04-12,Top 201-300,OUTFLOW,-442998.7226691466,0.2882929434228777,127713.40569086336
2026-04-12,Top 301-500,INFLOW,95552.07738345602,0.2882929434228777,27546.98963904712
2026-04-12,Top 501-1000,OUTFLOW,-243829.4787501,0.2882929434228777,70294.31812213235
2026-04-13,Top 1-100,INFLOW,32.42962770787391,0.3115762494506068,10.104301772298832
2026-04-13,Top 101-200,OUTFLOW,-2118556.724230234,0.3115762494506068,660091.9583840198
2026-04-13,Top 201-300,OUTFLOW,-335298.3889745283,0.3115762494506068,104471.01448351421
2026-04-13,Top 301-500,INFLOW,263708.1185224078,0.3115762494506068,82165.18651888792
2026-04-13,Top 501-1000,OUTFLOW,-53724.06249649267,0.3115762494506068,16739.14189790719
2026-04-14,Top 1-100,INFLOW,4956347.695145629,0.2966876546356456,1470487.1732315447
2026-04-14,Top 101-200,INFLOW,3600281.945796708,0.2966876546356456,1068159.2065254839
2026-04-14,Top 201-300,INFLOW,123971.72210511786,0.2966876546356456,36780.87947250944
2026-04-14,Top 301-500,INFLOW,136360.3735466177,0.2966876546356456,40456.43941278654
2026-04-14,Top 501-1000,OUTFLOW,-37017.19533772612,0.2966876546356456,10982.544865939519
2026-04-15,Top 1-100,INFLOW,1516420.8752680346,0.305846592454194,463792.15742713475
2026-04-15,Top 101-200,OUTFLOW,-472486.17418170813,0.305846592454194,144508.2863551942
2026-04-15,Top 201-300,INFLOW,674138.3128581754,0.305846592454194,206182.9058304923
2026-04-15,Top 301-500,OUTFLOW,-101028.19683006278,0.305846592454194,30899.129742266305
2026-04-15,Top 501-1000,OUTFLOW,-131247.3430385582,0.305846592454194,40141.55263700971
2026-04-16,Top 1-100,INFLOW,2268548.604403174,0.3254713533880988,738347.5845017838
2026-04-16,Top 101-200,INFLOW,1033823.3416169554,0.3254713533880988,336479.8821602773
2026-04-16,Top 201-300,OUTFLOW,-811549.8049832345,0.3254713533880988,264136.213369741
2026-04-16,Top 301-500,INFLOW,101716.17647636,0.3254713533880988,33105.70161922358
2026-04-16,Top 501-1000,INFLOW,109357.80727425826,0.3254713533880988,35592.83353710771
2026-04-17,Top 1-100,INFLOW,4851001.895567117,0.2814821313338353,1365470.3526687073
2026-04-17,Top 101-200,INFLOW,1531523.25400748,0.2814821313338353,431096.42972535634
2026-04-17,Top 201-300,INFLOW,3555624.319953956,0.2814821313338353,1000844.7118030584
2026-04-17,Top 301-500,INFLOW,1337917.9608780863,0.2814821313338353,376599.9991777826
2026-04-17,Top 501-1000,OUTFLOW,-47974.082921740366,0.2814821313338353,13503.847109597627
2026-04-18,Top 1-100,OUTFLOW,-15203358.479860038,0.263438441275826,4005149.0600919398
2026-04-18,Top 101-200,INFLOW,4751944.481696486,0.263438441275826,1251844.847287385
2026-04-18,Top 201-300,OUTFLOW,-1031810.185216459,0.263438441275826,271818.4668859453
2026-04-18,Top 301-500,OUTFLOW,-2739.7602953043533,0.263438441275826,721.7581816643756
2026-04-18,Top 501-1000,OUTFLOW,-148439.83798231967,0.263438441275826,39104.759541298445
2026-04-19,Top 101-200,OUTFLOW,-666243.8987373342,0.2585131101505608,172232.78238142355
2026-04-19,Top 201-300,INFLOW,703649.4536727522,0.2585131101505608,181902.6087246861
2026-04-19,Top 301-500,INFLOW,147812.41714541064,0.2585131101505608,38211.44767513218
2026-04-19,Top 501-1000,OUTFLOW,-58894.719577564945,0.2585131101505608,15225.057129441435
2026-04-20,Top 1-100,INFLOW,1077077.0,0.264347792072042,284722.9268415788
2026-04-20,Top 101-200,OUTFLOW,-2041869.4452905445,0.264347792072042,539763.6795619206
2026-04-20,Top 201-300,OUTFLOW,-1803530.9337629126,0.264347792072042,476759.4202738542
2026-04-20,Top 301-500,OUTFLOW,-105288.28640042146,0.264347792072042,27832.72604100022
2026-04-20,Top 501-1000,INFLOW,46303.998625986686,0.264347792072042,12240.359800886446
2026-04-21,Top 1-100,OUTFLOW,-368849.995,0.2617691140966665,96553.53642570986
2026-04-21,Top 101-200,OUTFLOW,-98138.66022085794,0.2617691140966665,25689.670144647745
2026-04-21,Top 201-300,OUTFLOW,-1108751.5971030565,0.2617691140966665,290236.9233269312
2026-04-21,Top 301-500,INFLOW,202898.36190767816,0.2617691140966665,53112.52444823773
2026-04-21,Top 501-1000,OUTFLOW,-25167.03750067315,0.2617691140966665,6587.953110988793
2026-04-22,Top 1-100,INFLOW,11544712.606,0.2641036431490954,3049000.6583538875
2026-04-22,Top 101-200,OUTFLOW,-3629306.453927232,0.2641036431490954,958513.0565867065
2026-04-22,Top 201-300,OUTFLOW,-85140.46449473331,0.2641036431490954,22485.906852465276
2026-04-22,Top 301-500,INFLOW,92192.4538877281,0.2641036431490954,24348.362942603977
2026-04-22,Top 501-1000,INFLOW,51715.54036879515,0.2641036431490954,13658.262618822911
2026-04-23,Top 1-100,INFLOW,855357.1571986084,0.2645317849824939,226269.15559129952
2026-04-23,Top 101-200,INFLOW,173711.86837163474,0.2645317849824939,45952.310612992565
2026-04-23,Top 201-300,INFLOW,927883.8513505214,0.2645317849824939,245454.7714541845
2026-04-23,Top 301-500,INFLOW,142722.13476763983,0.2645317849824939,37754.54106659582
2026-04-23,Top 501-1000,INFLOW,144422.71861593172,0.2645317849824939,38204.39954749687
2026-04-24,Top 1-100,OUTFLOW,-21474026.624225184,0.2615296523562635,5616094.71772276
2026-04-24,Top 101-200,INFLOW,1172550.7349708965,0.2615296523562635,306656.78608701983
2026-04-24,Top 201-300,INFLOW,716908.2482954988,0.2615296523562635,187492.76494805966
2026-04-24,Top 301-500,INFLOW,186511.37701726044,0.2615296523562635,48778.25559181212
2026-04-24,Top 501-1000,INFLOW,4273.067828316955,0.2615296523562635,1117.533943634467
2026-04-25,Top 1-100,INFLOW,670149.9278,0.2585585193791185,173272.97309399114
2026-04-25,Top 101-200,OUTFLOW,-283212.3918900229,0.2585585193791185,73226.976716903
2026-04-25,Top 201-300,OUTFLOW,-624773.5461770156,0.2585585193791185,161540.52304677048
2026-04-25,Top 301-500,OUTFLOW,-382396.3183049391,0.2585585193791185,98871.82587695116
2026-04-25,Top 501-1000,INFLOW,75914.33408898998,0.2585585193791185,19628.297821700995
2026-04-26,Top 1-100,INFLOW,1125966.778368656,0.2603904325867176,293190.97649768717
2026-04-26,Top 101-200,OUTFLOW,-1099304.7141186513,0.2603904325867176,286248.43005397357
2026-04-26,Top 201-300,INFLOW,626919.1704342997,0.2603904325867176,163243.75398629345
2026-04-26,Top 301-500,OUTFLOW,-5272.8099618415,0.2603904325867176,1372.9892669114622
2026-04-26,Top 501-1000,INFLOW,21356.502043861263,0.2603904325867176,5561.028805740153
2026-04-27,Top 1-100,INFLOW,555471.0,0.2537466174061679,140948.8873172215
2026-04-27,Top 101-200,INFLOW,1287597.6187540076,0.2537466174061679,326723.540339066
2026-04-27,Top 201-300,OUTFLOW,-60730.53309390822,0.2537466174061679,15410.167345852546
2026-04-27,Top 301-500,INFLOW,39270.61214565,0.2537466174061679,9964.78499542826
2026-04-27,Top 501-1000,INFLOW,11236.886837096215,0.2537466174061679,2851.322025089057
2026-04-28,Top 101-200,INFLOW,1041140.9103804214,0.251796836320115,262155.98739723454
2026-04-28,Top 201-300,INFLOW,79564.53431838768,0.251796836320115,20034.098024653238
2026-04-28,Top 301-500,OUTFLOW,-35277.94233293913,0.251796836320115,8882.87427131753
2026-04-28,Top 501-1000,INFLOW,126085.94949083122,0.251796836320115,31748.043186209117
2026-04-29,Top 1-100,INFLOW,207159.0,0.2482277874188812,51422.62021390801
2026-04-29,Top 101-200,OUTFLOW,-425920.2220018199,0.2482277874188812,105725.23432447044
2026-04-29,Top 201-300,INFLOW,458365.34869672207,0.2482277874188812,113779.01633647128
2026-04-29,Top 301-500,OUTFLOW,-90175.57301891188,0.2482277874188812,22384.082969714258
2026-04-29,Top 501-1000,OUTFLOW,-29576.981290365104,0.2482277874188812,7341.828624236976
2026-04-30,Top 101-200,INFLOW,1869914.9776713743,0.2429299842733462,454258.41611820145
2026-04-30,Top 201-300,OUTFLOW,-453547.82040629094,0.2429299842733462,110180.3648785107
2026-04-30,Top 301-500,INFLOW,174070.64375732627,0.2429299842733462,42286.978750418515
2026-04-30,Top 501-1000,INFLOW,148392.2360703163,0.2429299842733462,36048.92357484862
2026-05-01,Top 1-100,INFLOW,9332858.812437633,0.234504264152975,2188595.1882542954
2026-05-01,Top 101-200,INFLOW,1027405.3236057877,0.234504264152975,240930.9293990244
2026-05-01,Top 201-300,INFLOW,1021657.4504068163,0.234504264152975,239583.02862405503
2026-05-01,Top 301-500,INFLOW,803069.4711106679,0.234504264152975,188323.215386526
2026-05-01,Top 501-1000,INFLOW,99787.22503283375,0.234504264152975,23400.52977819201
2026-05-02,Top 1-100,INFLOW,531018.0,0.2428968797118816,128982.61527084393
2026-05-02,Top 101-200,INFLOW,2336596.901058218,0.2428968797118816,567552.0964114933
2026-05-02,Top 201-300,INFLOW,572740.62271258,0.2428968797118816,139116.9101411257
2026-05-02,Top 301-500,OUTFLOW,-334052.78396972973,0.2428968797118816,81140.37888531461
2026-05-02,Top 501-1000,OUTFLOW,-212277.78579597853,0.2428968797118816,51561.611801990366
2026-05-03,Top 101-200,OUTFLOW,-1432815.2822990268,0.2372678253976164,339960.96622756193
2026-05-03,Top 201-300,OUTFLOW,-4893.085891048211,0.2372678253976164,1160.9718488527672
2026-05-03,Top 301-500,OUTFLOW,-578067.2380983386,0.2372678253976164,137156.75651719896
2026-05-03,Top 501-1000,INFLOW,173468.27713300928,0.2372678253976164,41158.44089082018
2026-05-04,Top 1-100,OUTFLOW,-999999.999,0.2368422202827278,236842.22004588557
2026-05-04,Top 101-200,INFLOW,1572872.6570911047,0.2368422202827278,372522.6523274508
2026-05-04,Top 201-300,INFLOW,688553.1339455486,0.2368422202827278,163078.45302629418
2026-05-04,Top 301-500,INFLOW,433902.95387399156,0.2368422202827278,102766.5389827502
2026-05-04,Top 501-1000,INFLOW,138733.01614253892,0.2368422202827278,32857.83556971844
2026-05-05,Top 1-100,OUTFLOW,-37729099.65541977,0.2458807302617597,9276858.575393317
2026-05-05,Top 101-200,OUTFLOW,-148593.3108835984,0.2458807302617597,36536.231792071856
2026-05-05,Top 201-300,OUTFLOW,-740294.6731818842,0.2458807302617597,182024.19485085242
2026-05-05,Top 301-500,INFLOW,596422.48429195,0.2458807302617597,146648.79598223756
2026-05-05,Top 501-1000,INFLOW,90921.90442347783,0.2458807302617597,22355.944256434646
2026-05-06,Top 1-100,INFLOW,1146316.4547219109,0.2568064928668767,294381.5084527258
2026-05-06,Top 101-200,INFLOW,1368387.992799248,0.2568064928668767,351410.9213119198
2026-05-06,Top 201-300,INFLOW,605902.4650569968,0.2568064928668767,155599.68707068264
2026-05-06,Top 301-500,OUTFLOW,-602538.0162959462,0.2568064928668767,154735.67478392692
2026-05-06,Top 501-1000,INFLOW,96234.20697534693,0.2568064928668767,24713.569187163965
2026-05-07,Top 1-100,INFLOW,2072676.4100634474,0.2518582394806092,522020.6316515691
2026-05-07,Top 101-200,OUTFLOW,-1225963.4924803758,0.2518582394806092,308769.00688360655
2026-05-07,Top 201-300,INFLOW,675122.8008998889,0.2518582394806092,170035.24006786387
2026-05-07,Top 301-500,OUTFLOW,-215083.0672181695,0.2518582394806092,54170.4426516577
2026-05-07,Top 501-1000,INFLOW,49130.97045068644,0.2518582394806092,12374.03972168372
2026-05-08,Top 1-100,INFLOW,769864.0025,0.2728452326059967,210053.7228370961
2026-05-08,Top 101-200,OUTFLOW,-2678811.910770892,0.2728452326059967,730901.0589019986
2026-05-08,Top 201-300,OUTFLOW,-3294011.2975967433,0.2728452326059967,898755.2786995644
2026-05-08,Top 301-500,INFLOW,222740.8163582008,0.2728452326059967,60773.769850102886
2026-05-08,Top 501-1000,OUTFLOW,-147070.36979934634,0.2728452326059967,40127.4492573526
2026-05-09,Top 101-200,OUTFLOW,-373149.1457015211,0.2705075663209171,100939.66727844777
2026-05-09,Top 201-300,INFLOW,341716.56710695237,0.2705075663209171,92436.91693964004
2026-05-09,Top 301-500,INFLOW,12517.02262920508,0.2705075663209171,3385.949329010113
2026-05-09,Top 501-1000,INFLOW,247958.19646093666,0.2705075663209171,67074.56827397182
2026-05-10,Top 101-200,INFLOW,149245.7201792294,0.2838824904048742,42368.24672674862
2026-05-10,Top 201-300,OUTFLOW,-12654.883701383951,0.2838824904048742,3592.499900932928
2026-05-10,Top 301-500,INFLOW,315458.0984550994,0.2838824904048742,89553.0306078196
2026-05-10,Top 501-1000,INFLOW,346371.1443019332,0.2838824904048742,98328.70304881883
2026-05-11,Top 101-200,INFLOW,2446528.1278278516,0.278732600436996,681927.1471117124
2026-05-11,Top 201-300,INFLOW,46139.52076542424,0.278732600436996,12860.588605863475
2026-05-11,Top 301-500,OUTFLOW,-477208.02602590865,0.278732600436996,133013.43404360718
2026-05-11,Top 501-1000,OUTFLOW,-139137.89593074552,0.278732600436996,38782.267552108824
2026-05-12,Top 1-100,INFLOW,379569.1337070231,0.2673710822179544,101485.8100557782
2026-05-12,Top 101-200,OUTFLOW,-311126.593839113,0.2673710822179544,83186.2541015496
2026-05-12,Top 201-300,OUTFLOW,-168677.5127849576,0.2673710822179544,45099.48913914696
2026-05-12,Top 301-500,INFLOW,45511.68892042007,0.2673710822179544,12168.509520219599
2026-05-12,Top 501-1000,INFLOW,119567.05069995936,0.2673710822179544,31968.77174325716
2026-05-13,Top 101-200,INFLOW,271743.30345708295,0.2597422435626673,70583.21531307345
2026-05-13,Top 201-300,INFLOW,1053276.2738429396,0.2597422435626673,273580.34245929145
2026-05-13,Top 301-500,INFLOW,28221.286586239934,0.2597422435626673,7330.260294134968
2026-05-13,Top 501-1000,INFLOW,125280.71895228105,0.2597422435626673,32540.69501580945
2026-05-14,Top 1-100,INFLOW,119065.0,0.261487426388543,31134.00042295187
2026-05-14,Top 101-200,INFLOW,421017.9933129025,0.261487426388543,110090.91153465968
2026-05-14,Top 201-300,INFLOW,529567.5811350814,0.261487426388543,138475.26388981836
2026-05-14,Top 301-500,OUTFLOW,-119932.68704314921,0.261487426388543,31360.889674775644
2026-05-14,Top 501-1000,INFLOW,53590.46361067629,0.261487426388543,14013.23240852461
2026-05-15,Top 1-100,INFLOW,1699997.39,0.2447228606443892,416028.22436879535
2026-05-15,Top 101-200,OUTFLOW,-354447.14251469634,0.2447228606443892,86741.31866342599
2026-05-15,Top 201-300,INFLOW,967744.3160080458,0.2447228606443892,236829.15738583673
2026-05-15,Top 301-500,INFLOW,183007.383867178,0.2447228606443892,44786.09049902164
2026-05-15,Top 501-1000,OUTFLOW,-7948.321932987194,0.2447228606443892,1945.1360807631672
2026-05-16,Top 101-200,INFLOW,1922095.2318034107,0.2400504260675361,461399.7793367883
2026-05-16,Top 201-300,OUTFLOW,-833872.2286263154,0.2400504260675361,200171.38376763288
2026-05-16,Top 301-500,INFLOW,184180.24354736926,0.2400504260675361,44212.545936768554
2026-05-16,Top 501-1000,OUTFLOW,-9374.75168005246,0.2400504260675361,2250.413135073943
2026-05-17,Top 101-200,INFLOW,1466127.3117017725,0.2339049084346143,342934.37459709035
2026-05-17,Top 201-300,INFLOW,757617.5536676128,0.2339049084346143,177210.46451907948
2026-05-17,Top 301-500,OUTFLOW,-119716.79954133293,0.2339049084346143,28002.347034800558
2026-05-17,Top 501-1000,INFLOW,256487.5783991985,0.2339049084346143,59993.70354008049
2026-05-18,Top 1-100,INFLOW,11921595.63366342,0.2412488052990151,2876070.703879255
2026-05-18,Top 101-200,INFLOW,1268528.3543248142,0.2412488052990151,306030.94996878714
2026-05-18,Top 201-300,OUTFLOW,-866590.261912827,0.2412488052990151,209063.8653702301
2026-05-18,Top 301-500,OUTFLOW,-106531.11339696427,0.2412488052990151,25700.50383419153
2026-05-18,Top 501-1000,OUTFLOW,-26810.81729570817,0.2412488052990151,6468.077641679767
2026-05-19,Top 1-100,OUTFLOW,-33320.58298418403,0.2385887207126477,7949.915267596085
2026-05-19,Top 101-200,OUTFLOW,-826214.9402008356,0.2385887207126477,197125.56561619407
2026-05-19,Top 201-300,OUTFLOW,-491178.1369007505,0.2385887207126477,117189.5633251718
2026-05-19,Top 301-500,OUTFLOW,-257673.18641946197,0.2385887207126477,61477.915909771014
2026-05-19,Top 501-1000,OUTFLOW,-96978.38039846325,0.2385887207126477,23137.947716053855
2026-05-20,Top 1-100,INFLOW,836127.5198969411,0.24710470753062,206611.04626243628
2026-05-20,Top 101-200,OUTFLOW,-5695700.538714373,0.24710470753062,1407434.4158010099
2026-05-20,Top 201-300,OUTFLOW,-228271.09065633191,0.24710470753062,56406.86109432854
2026-05-20,Top 301-500,INFLOW,524579.6692928472,0.24710470753062,129626.10575711836
2026-05-20,Top 501-1000,OUTFLOW,-416149.8319602202,0.24710470753062,102832.58251544686
2026-05-21,Top 1-100,INFLOW,1440760.8537703827,0.2687226085555469,387165.0149298941
2026-05-21,Top 101-200,OUTFLOW,-1301403.0144378156,0.2687226085555469,349716.4128217819
2026-05-21,Top 201-300,OUTFLOW,-566608.0927013797,0.2687226085555469,152260.40469939788
2026-05-21,Top 301-500,INFLOW,260199.59993702685,0.2687226085555469,69921.51524018758
2026-05-21,Top 501-1000,INFLOW,257108.17806495164,0.2687226085555469,69090.78029057785
2026-05-22,Top 1-100,INFLOW,508170.85916403774,0.2704251699757676,137422.19096616676
2026-05-22,Top 101-200,INFLOW,1068510.8512455593,0.2704251699757676,288952.2285690325
2026-05-22,Top 201-300,INFLOW,1232969.8395282084,0.2704251699757676,333426.07842941064
2026-05-22,Top 301-500,INFLOW,733934.1188091894,0.2704251699757676,198474.25882999026
2026-05-22,Top 501-1000,INFLOW,63866.10699903316,0.2704251699757676,17271.002840904104
2026-05-23,Top 101-200,INFLOW,157550.26394386427,0.2972449928527668,46831.02707994545
2026-05-23,Top 201-300,OUTFLOW,-188144.3588581374,0.2972449928527668,55924.96860407544
2026-05-23,Top 301-500,OUTFLOW,-303462.6702693971,0.2972449928527668,90202.75925530847
2026-05-23,Top 501-1000,OUTFLOW,-118697.38429433959,0.2972449928527668,35282.20314621308
2026-05-24,Top 1-100,OUTFLOW,-275243.997,0.2915922401180678,80259.01366428072
2026-05-24,Top 101-200,OUTFLOW,-518030.3914077715,0.2915922401180678,151053.64227983155
2026-05-24,Top 201-300,INFLOW,517884.1683722678,0.2915922401180678,151011.00477735215
2026-05-24,Top 301-500,OUTFLOW,-362853.09511743026,0.2915922401180678,105805.14683906581
2026-05-24,Top 501-1000,INFLOW,167769.0602038897,0.2915922401180678,48920.15608735518
2026-05-25,Top 1-100,INFLOW,180754.95961568574,0.3309319306913296,59817.58776765219
2026-05-25,Top 101-200,INFLOW,1614205.285676062,0.3309319306913296,534192.0717209284
2026-05-25,Top 201-300,INFLOW,555016.3032749558,0.3309319306913296,183672.61680794565
2026-05-25,Top 301-500,INFLOW,31877.644474898698,0.3309319306913296,10549.330431970022
2026-05-25,Top 501-1000,INFLOW,345445.87025752553,0.3309319306913296,114319.06879366947
2026-05-26,Top 1-100,OUTFLOW,-23481686.084808033,0.3769546781527587,8851531.420582924
2026-05-26,Top 101-200,OUTFLOW,-1776011.1248138207,0.3769546781527587,669475.7019499127
2026-05-26,Top 201-300,OUTFLOW,-1834568.872007326,0.3769546781527587,691549.3186965911
2026-05-26,Top 301-500,OUTFLOW,-8938.749061949435,0.3769546781527587,3369.503275735423
2026-05-26,Top 501-1000,OUTFLOW,-164629.48685198056,0.3769546781527587,62057.85523074215
2026-05-27,Top 1-100,OUTFLOW,-394806.999,0.3416831549622515,134898.90101949847
2026-05-27,Top 101-200,INFLOW,156551.42337163922,0.3416831549622515,53490.98425145284
2026-05-27,Top 201-300,INFLOW,460744.4948004574,0.3416831549622515,157428.63261490894
2026-05-27,Top 301-500,INFLOW,10282.157723411103,0.3416831549622515,3513.2400907545866
2026-05-27,Top 501-1000,OUTFLOW,-291082.1938881561,0.3416831549622515,99457.88236103897
2026-05-28,Top 1-100,OUTFLOW,-160027.0,0.2784088482964089,44552.932766329424
2026-05-28,Top 101-200,OUTFLOW,-754414.7716297708,0.2784088482964089,210035.7477072428
2026-05-28,Top 201-300,INFLOW,932604.2534221482,0.2784088482964089,259645.2761115925
2026-05-28,Top 301-500,INFLOW,1198596.901674226,0.2784088482964089,333699.9829667653
2026-05-28,Top 501-1000,INFLOW,191472.5535385199,0.2784088482964089,53307.65311103181
2026-05-29,Top 1-100,INFLOW,6050329.624763689,0.2901442986799102,1755468.6457593448
2026-05-29,Top 101-200,INFLOW,8235077.170228109,0.2901442986799102,2389360.690130774
2026-05-29,Top 201-300,OUTFLOW,-576728.9684713667,0.2901442986799102,167334.62208551273
2026-05-29,Top 301-500,INFLOW,53395.44046016969,0.2901442986799102,15492.382625020837
2026-05-29,Top 501-1000,OUTFLOW,-81195.51198438229,0.2901442986799102,23558.414880664845
2026-05-30,Top 1-100,INFLOW,87070.59800000256,0.3424817972222452,29820.094888256506
2026-05-30,Top 101-200,INFLOW,3321085.230417264,0.3424817972222452,1137411.238441559
2026-05-30,Top 201-300,INFLOW,679502.189125268,0.3424817972222452,232717.13094807175
2026-05-30,Top 301-500,OUTFLOW,-103816.53877851728,0.3424817972222452,35555.27478225951
2026-05-30,Top 501-1000,INFLOW,146385.88159879547,0.3424817972222452,50134.499817918266
2026-05-31,Top 1-100,INFLOW,174205.83786577627,0.3472894825534262,60499.855290191495
2026-05-31,Top 101-200,OUTFLOW,-1277851.8857444536,0.3472894825534262,443784.52018011117
2026-05-31,Top 201-300,OUTFLOW,-614983.1237416407,0.3472894825534262,213577.17082332406
2026-05-31,Top 301-500,OUTFLOW,-80082.50591390289,0.3472894825534262,27811.812040421028
2026-05-31,Top 501-1000,OUTFLOW,-48563.63892421663,0.3472894825534262,16865.641032902622
2026-06-01,Top 1-100,INFLOW,3665990.464001331,0.4363668009042277,1599716.5309216662
2026-06-01,Top 101-200,OUTFLOW,-2226831.742667916,0.4363668009042277,971715.443699985
2026-06-01,Top 201-300,INFLOW,1141945.2544522188,0.4363668009042277,498306.997493079
2026-06-01,Top 301-500,OUTFLOW,-196930.4743171684,0.4363668009042277,85933.92107833496
2026-06-01,Top 501-1000,INFLOW,85695.51323246508,0.4363668009042277,37394.676961096695
2026-06-02,Top 1-100,OUTFLOW,-6998823.237028103,0.3822350866598119,2675195.806522142
2026-06-02,Top 101-200,INFLOW,5496602.296468711,0.3822350866598119,2100994.255125239
2026-06-02,Top 201-300,INFLOW,694895.2194026295,0.3822350866598119,265613.3344078531
2026-06-02,Top 301-500,INFLOW,529703.1620619161,0.3822350866598119,202471.13405471286
2026-06-02,Top 501-1000,INFLOW,214751.89167511766,0.3822350866598119,82085.70792479713
2026-06-03,Top 1-100,OUTFLOW,-5144642.82943497,0.5396677771932786,2776397.96021451
2026-06-03,Top 101-200,INFLOW,7005340.90340508,0.5396677771932786,3780556.753821774
2026-06-03,Top 201-300,OUTFLOW,-1094696.2303722384,0.5396677771932786,590772.2813468472
2026-06-03,Top 301-500,INFLOW,777132.167928304,0.5396677771932786,419393.1896512616
2026-06-03,Top 501-1000,INFLOW,249747.28505285725,0.5396677771932786,134780.56218453162
2026-06-04,Top 1-100,INFLOW,908281.2776122199,0.5355058885551073,486389.9726256999
2026-06-04,Top 101-200,INFLOW,3505063.1802748796,0.5355058885551073,1876981.9727948895
2026-06-04,Top 201-300,INFLOW,865374.7460291861,0.5355058885551073,463413.2723055096
2026-06-04,Top 301-500,OUTFLOW,-97153.52755268925,0.5355058885551073,52026.286098365956
2026-06-04,Top 501-1000,INFLOW,98244.29171360465,0.5355058885551073,52610.39672956102
2026-06-05,Top 1-100,OUTFLOW,-2976750.4117889623,0.5327920782317542,1585989.0382742714
2026-06-05,Top 101-200,OUTFLOW,-4807502.871801107,0.5327920782317542,2561399.4461720386
2026-06-05,Top 201-300,INFLOW,595409.8746929928,0.5327920782317542,317229.664537388
2026-06-05,Top 301-500,OUTFLOW,-454844.70655913115,0.5327920782317542,242337.6564803519
2026-06-05,Top 501-1000,INFLOW,222716.10001429752,0.5327920782317542,118661.3737822888
2026-06-06,Top 1-100,OUTFLOW,-13318410.337258443,0.4141973046204154,5516449.663521124
2026-06-06,Top 101-200,OUTFLOW,-932205.9705551984,0.4141973046204154,386117.20035502146
2026-06-06,Top 201-300,OUTFLOW,-78768.20414397912,0.4141973046204154,32625.577846226784
2026-06-06,Top 301-500,INFLOW,553527.9259958812,0.4141973046204154,229269.77497962274
2026-06-06,Top 501-1000,INFLOW,166736.889746457,0.4141973046204154,69061.97031377385
2026-06-07,Top 1-100,INFLOW,1240623.5660170575,0.4662209773178782,578404.7314320637
2026-06-07,Top 101-200,INFLOW,2662097.8377735717,0.4662209773178782,1241125.855642605
2026-06-07,Top 201-300,OUTFLOW,-1241306.3996221817,0.4662209773178782,578723.0827827902
2026-06-07,Top 301-500,OUTFLOW,-697985.0870730032,0.4662209773178782,325415.28944847983
2026-06-07,Top 501-1000,INFLOW,49837.79208198341,0.4662209773178782,23235.424131827516
2026-06-08,Top 1-100,INFLOW,2302886.9435269902,0.4968153234131199,1144109.521632213
2026-06-08,Top 101-200,INFLOW,1235281.8115598774,0.4968153234131199,613706.9327164651
2026-06-08,Top 201-300,OUTFLOW,-1204294.002888719,0.4968153234131199,598311.7145296397
2026-06-08,Top 301-500,OUTFLOW,-174377.94745517126,0.4968153234131199,86633.63636105694
2026-06-08,Top 501-1000,OUTFLOW,-534087.3631704948,0.4968153234131199,265342.78606440977
2026-06-09,Top 1-100,INFLOW,6772197.143861379,0.5082688256743326,3442096.689545492
2026-06-09,Top 101-200,OUTFLOW,-5022191.597503394,0.5082688256743326,2552623.4255745504
2026-06-09,Top 201-300,INFLOW,285021.4811643183,0.5082688256743326,144867.53352334697
2026-06-09,Top 301-500,OUTFLOW,-7305.774029637454,0.5082688256743326,3713.2971866858657
2026-06-09,Top 501-1000,INFLOW,16996.958162855823,0.5082688256743326,8639.023965470491
2026-06-10,Top 1-100,OUTFLOW,-1177754.0729561672,0.4487424746746689,528508.2772565209
2026-06-10,Top 101-200,INFLOW,111953.19804218644,0.4487424746746689,50238.15513719404
2026-06-10,Top 201-300,INFLOW,1167952.0648630823,0.4487424746746689,524109.6998880489
2026-06-10,Top 301-500,OUTFLOW,-259221.7776773048,0.4487424746746689,116323.8220044806
2026-06-10,Top 501-1000,INFLOW,291339.88367250026,0.4487424746746689,130736.58037062793
2026-06-11,Top 1-100,INFLOW,2071677.784500781,0.4950155841919392,1025512.7887521164
2026-06-11,Top 101-200,OUTFLOW,-1259023.9037418438,0.4950155841919392,623236.4532223846
2026-06-11,Top 201-300,OUTFLOW,-2571585.3971706415,0.4950155841919392,1272974.847679885
2026-06-11,Top 301-500,INFLOW,204142.0980136285,0.4950155841919392,101053.51990638442
2026-06-11,Top 501-1000,OUTFLOW,-298431.3026166358,0.4950155841919392,147728.14560593537
2026-06-14,Top 101-200,OUTFLOW,-1008198.010312555,0.5254474407134885,529755.0642511633
2026-06-14,Top 201-300,INFLOW,71702.04894567796,0.5254474407134885,37675.65811241977
2026-06-14,Top 301-500,OUTFLOW,-30185.31285990757,0.5254474407134885,15860.795389374385
2026-06-14,Top 501-1000,INFLOW,219969.2726148027,0.5254474407134885,115582.29133105572
2026-06-15,Top 1-100,OUTFLOW,-655245.3454209915,0.5894887019220119,386259.7281126606
2026-06-15,Top 101-200,INFLOW,6213690.634867434,0.5894887019220119,3662900.426492966
2026-06-15,Top 201-300,INFLOW,107782.46686494633,0.5894887019220119,63536.54648216946
2026-06-15,Top 301-500,INFLOW,747931.9292041841,0.5894887019220119,440897.4220726006
2026-06-15,Top 501-1000,INFLOW,8362.221505614987,0.5894887019220119,4929.43510052931
2026-06-16,Top 101-200,OUTFLOW,-1511459.0647080727,0.6687719575132737,1010821.4374059995
2026-06-16,Top 201-300,OUTFLOW,-593334.1912176438,0.6687719575132737,396805.2685201787
2026-06-16,Top 301-500,INFLOW,243063.9037234193,0.6687719575132737,162554.32269392902
2026-06-16,Top 501-1000,INFLOW,321001.4814172243,0.6687719575132737,214676.78909205782
2026-06-17,Top 1-100,OUTFLOW,-452653.83942285914,0.6587302286934479,298176.76716198726
2026-06-17,Top 101-200,OUTFLOW,-219132.5132450366,0.6587302286934479,144349.21056407294
2026-06-17,Top 201-300,INFLOW,189234.7479754903,0.6587302286934479,124654.6488106417
2026-06-17,Top 301-500,OUTFLOW,-91611.4129620213,0.6587302286934479,60347.20701140219
2026-06-17,Top 501-1000,OUTFLOW,-210566.47631941317,0.6587302286934479,138706.50310106052
2026-06-18,Top 1-100,INFLOW,797768.2985650275,0.6417335086596936,511954.6493356091
2026-06-18,Top 101-200,INFLOW,252072.43627262698,0.6417335086596936,161763.32896562992
2026-06-18,Top 201-300,OUTFLOW,-143727.7322757626,0.6417335086596936,92234.90192502622
2026-06-18,Top 301-500,OUTFLOW,-238513.91672960226,0.6417335086596936,153062.37264705365
2026-06-18,Top 501-1000,INFLOW,13608.693952794478,0.6417335086596936,8733.154918602755
2026-06-19,Top 1-100,INFLOW,57596.525758886004,0.6157606764764708,35465.67566398612
2026-06-19,Top 101-200,INFLOW,719302.2956616334,0.6157606764764708,442918.06816768576
2026-06-19,Top 201-300,INFLOW,245013.4413879912,0.6157606764764708,150869.6424148976
2026-06-19,Top 301-500,INFLOW,16593.604691291228,0.6157606764764708,10217.689249892626
2026-06-19,Top 501-1000,INFLOW,88302.7842500087,0.6157606764764708,54373.38216454121
2026-06-20,Top 101-200,OUTFLOW,-144978.56013677223,0.6099969137587355,88436.4742446163
2026-06-20,Top 201-300,INFLOW,12055.819434142206,0.6099969137587355,7354.012647659331
2026-06-20,Top 301-500,INFLOW,280679.82897588314,0.6099969137587355,171213.82942961843
2026-06-20,Top 501-1000,OUTFLOW,-106416.34141207596,0.6099969137587355,64913.63983486225
2026-06-21,Top 1-100,INFLOW,362928.4213484883,0.6047250065296411,219471.89196975692
2026-06-21,Top 101-200,OUTFLOW,-965316.0667003207,0.6047250065296411,583750.7647385189
2026-06-21,Top 201-300,OUTFLOW,-500597.59514850064,0.6047250065296411,302723.8839948997
2026-06-21,Top 301-500,INFLOW,173374.64717790327,0.6047250065296411,104843.98464673178
2026-06-21,Top 501-1000,OUTFLOW,-21711.661952634022,0.6047250065296411,13129.58491607597
2026-06-22,Top 1-100,OUTFLOW,-51552.766403450456,0.6174998170966817,31833.823824958614
2026-06-22,Top 101-200,OUTFLOW,-393394.9399994124,0.6174998170966817,242921.30349639722
2026-06-22,Top 201-300,OUTFLOW,-579660.3779466944,0.6174998170966817,357940.17736027716
2026-06-22,Top 301-500,INFLOW,184527.929782274,0.6174998170966817,113945.96288978352
2026-06-22,Top 501-1000,INFLOW,85820.58379246705,0.6174998170966817,52994.194794978845
2026-06-23,Top 1-100,OUTFLOW,-3499999.9965,0.545487919217971,1909207.7153536908
2026-06-23,Top 101-200,OUTFLOW,-6625911.622458585,0.545487919217971,3614354.743857104
2026-06-23,Top 201-300,INFLOW,1155501.1930754255,0.545487919217971,630311.9414645968
2026-06-23,Top 301-500,INFLOW,402416.20895434474,0.545487919217971,219513.18048208975
2026-06-23,Top 501-1000,INFLOW,116314.53934838204,0.545487919217971,63448.17604394573
