day,price,market_cap,buyers,total_buy_qty,total_buy_usd,avg_buy_usd,ratio_pct,bucket
2020-12-13,0.120903209,148533348.9,1,10000000000.0,1209032090.0,1209032090.0,813.9802266317851,Mega Whale Orders
2020-12-14,0.120903209,148533348.9,1,3.0,0.362709627,0.362709627,2.441940679895355e-07,Retail Orders
2020-12-15,0.120903209,148533348.9,6,40.5,4.8965799645,0.81609666075,5.494366529764549e-07,Retail Orders
2020-12-16,0.120903209,148533348.9,1,29.0,3.506193061,3.506193061,2.3605426572321765e-06,Retail Orders
2020-12-17,0.120903209,148533348.9,5307,6423505510.646235,776622429.2663136,146339.25556177003,0.0985228277996296,Big Whale Orders
2020-12-18,0.120903209,148533348.9,2787,871191267.2993665,105329819.86927018,37793.26152467534,0.0254442936919975,Small Whale Orders
2020-12-19,0.261268953,316635793.9,2905,897044894.9656869,234369980.50168,80678.13442398622,0.0254797897073714,Small Whale Orders
2020-12-20,0.482697802,582798809.9,3418,82977380.35148089,40052999.11137781,11718.256030245118,0.0020106863348358,Normal
2020-12-21,0.749798085,901632901.0,1899,28282949.05526595,21206501.03979097,11167.19380715691,0.0012385521640538,Normal
2020-12-22,0.480236999,577508741.1,1528,37013858.33535436,17775424.248381715,11633.131052605837,0.0020143644978338,Normal
2020-12-23,0.534299893,654517068.1,986,46971709.22428189,25096979.21256093,25453.32577338837,0.0038888712019805,Normal
2020-12-24,0.408565026,516332242.9,924,27087765.42397101,11067113.584726617,11977.395654466036,0.0023197070915413,Normal
2020-12-25,0.412617776,501062453.3,777,11676480.184790907,4817923.285356494,6200.673468927276,0.0012375051110075,Normal
2020-12-26,0.357339151,444295979.5,1231,20513716.022171494,7330353.867217858,5954.795992865847,0.0013402768126705,Normal
2020-12-27,0.483113844,587413059.6,967,12637196.83621066,6105204.74092637,6313.551955456433,0.0010748061951083,Normal
2020-12-28,0.396313757,483938259.7,674,13186366.990775978,5225938.643295212,7753.618165126427,0.0016021916039316,Normal
2020-12-29,0.382018063,471107660.7,760,14924390.340903057,5701386.689487696,7501.824591431178,0.0015923800899956,Normal
2020-12-30,0.371127527,446226899.2,600,9230085.019042512,3425538.627116996,5709.231045194993,0.001279445738352,Normal
2020-12-31,0.374837565,461509269.9,616,4588431.293845573,1719916.413354874,2792.072099602068,0.0006049872194781,Normal
2021-01-01,0.350830893,429990212.6,640,20809685.351429462,7300680.494891019,11407.313273267217,0.0026529239361731,Normal
2021-01-02,0.362566359,443664944.2,714,10369697.325720971,3759703.40331869,5265.691041062592,0.0011868620926445,Normal
2021-01-03,0.327937277,399666458.1,802,9040617.287247516,2964755.4155790773,3696.7025131908695,0.0009249468996634,Normal
2021-01-04,0.297198541,369799836.5,592,19408546.84943905,5768191.8065834325,9743.567240850392,0.0026348219439654,Normal
2021-01-05,0.300864661,368971702.9,712,29512521.283611227,8879274.711248975,12470.891448383392,0.0033799045700161,Normal
2021-01-06,0.334336993,409181587.0,711,15726755.852001544,5258036.26120335,7395.269003098944,0.0018073318150308,Normal
2021-01-07,0.370802133,459045308.0,598,18813315.331502724,6976017.453722811,11665.581026292326,0.002541270071383,Normal
2021-01-08,0.347478632,424344646.3,532,16882775.211916164,5866403.635000138,11027.074501879955,0.0025986128487842,Normal
2021-01-09,0.329673848,403865136.6,509,9513062.690804845,3136207.9835428675,6161.508808532156,0.0015256352307118,Normal
2021-01-10,0.350317992,432094381.7,490,4996322.247897033,1750301.577268215,3572.0440352412543,0.0008266814350114,Normal
2021-01-11,0.328058841,400968791.7,369,16368465.916465336,5369819.957503621,14552.357608410895,0.003629299314471,Normal
2021-01-12,0.290184956,354423042.4,464,14474730.443182062,4200349.016766648,9052.476329238463,0.0025541444111361,Normal
2021-01-13,0.276300811,338041139.3,471,9248830.117396636,2555459.262237916,5425.603529167548,0.001605012792349,Normal
2021-01-14,0.326668026,399420524.6,480,15125336.009568846,4940963.656832572,10293.674285067858,0.0025771520618216,Normal
2021-01-15,0.333779588,407302298.7,409,24720317.56024844,8251137.41048889,20173.93009899484,0.0049530607029188,Normal
2021-01-16,0.338220144,415520594.3,811,27772425.389674623,9393193.714525009,11582.236392755864,0.0027874036934962,Normal
2021-01-17,0.469112653,574246496.3,1015,7928711.541573281,3719458.906139162,3664.491533142032,0.0006381391191331,Normal
2021-01-18,0.524806286,653914358.3,1254,13056282.445951542,6852019.099426824,5464.130063338775,0.0008356033162422,Normal
2021-01-19,0.61860695,764038641.3,810,14128914.09178236,8740244.453129508,10790.42525077717,0.0014122878958605,Normal
2021-01-20,0.539248307,659083306.0,653,8545392.222440517,4608088.288602017,7056.796766618709,0.0010706987572552,Normal
2021-01-21,0.524448122,637036288.8,513,212990628.4616857,111702535.10033084,217743.73313904644,0.0341807424423521,Small Whale Orders
2021-01-22,0.44031434,545805085.9,1578,185385997.63125995,81628113.19224979,51728.842327154496,0.0094775302875488,Small Whale Orders
2021-01-23,0.509272792,626727349.2,725,24238725.41107135,12344123.364617651,17026.37705464504,0.0027167119922848,Normal
2021-01-24,0.585622434,711542155.2,904,85930223.8842206,50322666.865242206,55666.66688632988,0.0078233828423957,Small Whale Orders
2021-01-25,0.55740406,683754466.5,503,7880697.96551461,4392733.041611583,8733.067677160205,0.0012772227612439,Normal
2021-01-26,0.531398678,653233876.9,505,25071882.91369162,13323165.435306514,26382.505812488147,0.004038753461117,Normal
2021-01-27,0.536382541,657517731.3,406,10332730.150839807,5542296.05377477,13650.975501908302,0.0020761380039012,Normal
2021-01-28,0.486601677,592958346.5,612,25390824.52977947,12355217.796603426,20188.26437353501,0.0034046682187203,Normal
2021-01-29,0.565287932,701298033.9,846,22570331.38646075,12758735.954007093,15081.248172585216,0.0021504763229859,Normal
2021-01-30,0.553576374,679014559.1,917,14229544.532011475,7877139.665702441,8590.119591823817,0.0012650862160024,Normal
2021-01-31,0.635663951,778687982.9,1298,15115948.995942902,9608663.861875547,7402.668614696107,0.0009506591571025,Normal
2021-02-01,0.797415428,983970518.8,1177,28043084.64365743,22361988.34356232,18999.140478812504,0.0019308648090374,Normal
2021-02-02,0.778847732,954452928.8,822,8490983.82828494,6613183.497108404,8045.235397942097,0.0008429158898445,Normal
2021-02-03,0.757495227,930576747.0,763,26711876.79907373,20234119.179510385,26519.160130419903,0.0028497552959401,Normal
2021-02-04,0.826946169,1015994986.0,803,6859025.637957515,5672044.974381748,7063.5678385825,0.000695236485998,Normal
2021-02-05,0.812177383,997624281.8,1066,19559740.419676945,15885978.78621254,14902.419124026774,0.0014937907382465,Normal
2021-02-06,0.946770252,1162485238.0,865,21210753.16164828,20081710.11596354,23215.849845044555,0.0019970877122694,Normal
2021-02-07,0.865599234,1057428970.0,845,10241425.837206136,8864970.35975344,10491.089183140164,0.0009921318103418,Normal
2021-02-08,0.91342152,1115734885.0,984,7891256.468136172,7208043.477834774,7325.247436823957,0.0006565401454507,Normal
2021-02-09,0.973753167,1185948732.0,777,6888266.9254042655,6707471.733753757,8632.524753865839,0.000727900331687,Normal
2021-02-10,1.054359492,1294499919.0,1054,12759906.982324015,13453529.043850403,12764.25905488653,0.0009860378411415,Normal
2021-02-11,1.258921072,1518013599.0,2506,31700688.846985,39908665.18638479,15925.245485388985,0.0010490845072718,Normal
2021-02-12,2.046628947,2492621451.0,2870,31981389.18850409,65454036.87846531,22806.28462664297,0.0009149517917168,Normal
2021-02-13,2.254121364,2788080075.0,1792,28283695.372999385,63754881.99314586,35577.50111224657,0.0012760573640355,Normal
2021-02-14,2.344028601,2878164921.0,1342,11186947.752608413,26222525.4900068,19539.8848658769,0.000678900806667,Normal
2021-02-15,2.18647787,2678080347.0,919,28039639.29528057,61308050.801913366,66711.69836987309,0.0024910267701491,Normal
2021-02-16,2.126541816,2575637721.0,1503,18590167.86343238,39532769.32804833,26302.57440322577,0.0010212062895636,Normal
2021-02-17,2.069425002,2539272894.0,1087,12463613.483621182,25792513.35826999,23728.163163081867,0.0009344471489909,Normal
2021-02-18,2.186576834,2672242440.0,1098,20772395.095087703,45420437.901614,41366.51903607832,0.0015480077113092,Normal
2021-02-19,2.299565439,2815683191.0,1180,28842375.56622967,66324930.03075981,56207.5678226778,0.0019962319625424,Normal
2021-02-20,2.180627955,2640763908.0,1385,9923900.947954737,21640335.82976109,15624.791212823891,0.000591676944898,Normal
2021-02-21,2.318811695,2771467854.0,1124,8453340.758523965,19601705.41268554,17439.23969100137,0.0006292419977316,Normal
2021-02-22,2.281794309,2792862802.0,961,13179539.76661486,30072998.83470097,31293.443116234102,0.0011204790687829,Normal
2021-02-23,2.029478413,2473689361.0,998,7493436.229056267,15207767.066061815,15238.243553168151,0.0006160128184812,Normal
2021-02-24,1.692671587,2038196886.0,947,11719084.434072755,19836561.24720893,20946.738381424424,0.0010277092721171,Normal
2021-02-25,1.8991188,2305020296.0,820,8400012.868156994,15952622.358158868,19454.41750994984,0.0008440020048287,Normal
2021-02-26,1.718533225,2107347736.0,858,16735495.791785488,28760505.555031046,33520.40274479143,0.0015906441149773,Normal
2021-02-27,1.730389859,2105436963.0,1048,6666993.433153891,11536497.826749088,11008.108613310198,0.0005228419946434,Normal
2021-02-28,1.696889844,2082799539.0,795,5908878.031893552,10026715.121754875,12612.22027893695,0.0006055417260651,Normal
2021-03-01,1.574870751,1929983574.0,907,27313637.35633014,43015448.57590531,47426.07340232118,0.0024573304167572,Normal
2021-03-02,1.911792346,2320697238.0,908,10772938.626400009,20595621.609879285,22682.402654052075,0.0009773960292037,Normal
2021-03-03,1.833085298,2237801594.0,973,11194574.201111091,20520609.38542684,21090.04047834208,0.0009424446088021,Normal
2021-03-04,1.976317587,2429881929.0,859,8634062.908676028,17063650.373680808,19864.55223944215,0.0008175110075252,Normal
2021-03-05,1.864753169,2288592306.0,699,5023756.136909526,9368065.176585237,13402.09610384154,0.0005856043502682,Normal
2021-03-06,1.841687513,2246696168.0,739,6351273.019194593,11697060.211104492,15828.227619897823,0.0007045112661579,Normal
2021-03-07,1.800752995,2205921407.0,716,4836362.315571743,8709093.924670953,12163.539000937086,0.0005514040057065,Normal
2021-03-08,1.883242405,2307525130.0,668,3830534.366348948,7213824.752518143,10799.138851075066,0.0004679965869353,Retail Orders
2021-03-09,1.907089922,2335150869.0,952,47062041.21595925,89751544.5117045,94276.83247027783,0.004037290854387,Normal
2021-03-10,2.130912401,2610663679.0,819,6149028.857001442,13103041.845491229,15998.83009217488,0.0006128261645063,Normal
2021-03-11,2.031161077,2486948342.0,911,7231625.952346945,14688597.157830171,16123.59731924278,0.0006483285980229,Normal
2021-03-12,1.912152468,2337434531.0,933,16717029.784270797,31965509.75962291,34260.99652692702,0.0014657521343397,Normal
2021-03-13,1.73099876,2108257745.0,914,8598404.681543425,14883827.841729864,16284.275537997664,0.0007724043977363,Normal
2021-03-14,1.79488564,2197845858.0,786,7655830.33151228,13741339.92430783,17482.62076883948,0.0007954434431879,Normal
2021-03-15,1.742103927,2153761026.0,725,6563496.076602399,11434292.289898133,15771.437641238805,0.0007322742612038,Normal
2021-03-16,1.715996484,2110190649.0,785,7309476.772669658,12543036.4417808,15978.390371695286,0.0007572012689596,Normal
2021-03-17,1.719348967,2089978723.0,747,21039930.37556683,36174982.55698275,48427.01814857128,0.0023171057970895,Normal
2021-03-18,1.730897984,2116247971.0,763,12104840.969216209,20952244.83025694,27460.34709076925,0.0012975959087532,Normal
2021-03-19,1.687572726,2073807993.0,1040,14612311.96656413,24659339.13857705,23710.90301786255,0.0011433509320967,Normal
2021-03-20,1.698170208,2080033025.0,771,29878482.27407208,50738748.458085306,65809.01226729612,0.0031638445869048,Normal
2021-03-21,1.720771175,2112548009.0,651,5221567.153898181,8985122.24675478,13802.031101005809,0.0006533357368545,Normal
2021-03-22,1.698818329,2076698108.0,591,7870111.428584708,13369889.546152078,22622.48654171248,0.0010893488299798,Normal
2021-03-23,1.55827261,1919245677.0,583,6271255.940091837,9772326.36174491,16762.137841757994,0.0008733711396426,Normal
2021-03-24,1.510762959,1847384873.0,624,3420634.3666530065,5167767.697421787,8281.679002278504,0.0004482920220533,Retail Orders
2021-03-25,1.380037377,1719852735.0,578,6557319.6593390005,9049346.222824728,15656.30834398742,0.0009103284266944,Normal
2021-03-26,1.335592379,1629392920.0,606,6590097.00683059,8801683.339193646,14524.229932662782,0.0008913890415494,Normal
2021-03-27,1.556663219,1907867269.0,588,40328465.20882021,62777838.46929158,106765.03141035984,0.0055960408328782,Small Whale Orders
2021-03-28,1.465659074,1798952185.0,671,11566655.151166072,16952773.078135394,25264.93752330163,0.0014044251833909,Normal
2021-03-29,1.807916945,2218790270.0,684,10303720.562006705,18628271.000596847,27234.314328357963,0.0012274397763767,Normal
2021-03-30,1.770697089,2165433198.0,676,9076261.384286905,16071309.612159932,23774.126645207,0.0010978924063399,Normal
2021-03-31,1.764522772,2160502755.0,630,27664604.04732609,48814823.819870256,77483.84733312739,0.003586380399368,Normal
2021-04-01,1.717220173,2103712374.0,652,9335094.51486777,16030412.617792584,24586.522419927274,0.0011687207207503,Normal
2021-04-02,1.776094789,2181654244.0,673,39221926.87821418,69661859.94293524,103509.450138091,0.0047445396273384,Normal
2021-04-03,1.884425538,2314924271.0,671,8788560.141065795,16561387.172073267,24681.65003289608,0.0010661968662255,Normal
2021-04-04,1.681404899,2074361331.0,619,2836926.1130564683,4770021.464594173,7706.012059118212,0.0003714884164083,Retail Orders
2021-04-05,1.761637886,2160284064.0,715,7026896.811924278,12378847.644898424,17313.073629228566,0.0008014257901422,Normal
2021-04-06,1.817286818,2226353920.0,665,19051723.812868107,34622446.54530191,52063.82939143144,0.0023385243884059,Normal
2021-04-07,1.763472554,2156542072.0,625,28522253.084828705,50298210.49333726,80477.13678933961,0.003731767528871,Normal
2021-04-08,1.658945156,2055052659.0,614,3881846.2028163457,6439769.95449917,10488.22468159474,0.0005103628189604,Normal
2021-04-09,1.751906666,2141575616.0,653,7177226.896405563,12573831.643207395,19255.4849053712,0.0008991270147787,Normal
2021-04-10,1.738958165,2133544433.0,775,10066515.76809571,17505249.78803128,22587.419081330685,0.0010586805098579,Normal
2021-04-11,1.896059371,2330731473.0,758,6772975.92252197,12841964.467455152,16941.905629888064,0.0007268922150041,Normal
2021-04-12,1.902177733,2321444019.0,897,32665841.395362727,62136236.13196863,69271.16625637529,0.0029839688439359,Normal
2021-04-13,2.02042904,2481726806.0,877,15870351.450374795,32064918.94534336,36562.0512489662,0.001473250446446,Normal
2021-04-14,1.929501057,2365767580.0,884,15723532.25198127,30338572.099971447,34319.65169680028,0.0014506772341854,Normal
2021-04-15,2.025427224,2485747656.0,651,14673293.030422617,29719687.169547424,45652.36124354443,0.0018365645898669,Normal
2021-04-16,2.092442088,2562988254.0,759,11326510.100706505,23700066.444875404,31225.383985343087,0.0012183194338331,Normal
2021-04-17,1.998684026,2453562984.0,727,4944960.573341413,9883413.707137285,13594.79189427412,0.0005540836727211,Normal
2021-04-18,1.943863115,2381292842.0,747,17698562.61028255,34403583.04664637,46055.66672911161,0.0019340614441368,Normal
2021-04-19,1.705671177,2089446233.0,767,10625339.433712808,18123335.21792544,23628.85947578284,0.0011308670738972,Normal
2021-04-20,1.563013206,1934114221.0,770,10861892.36634037,16977281.21074059,22048.41715680596,0.0011399749258555,Normal
2021-04-21,1.574542738,1933927377.0,672,17613726.09714925,27733564.515387435,41270.18529075511,0.0021340090523344,Normal
2021-04-22,1.531894878,1890382090.0,650,15369083.657899063,23543820.53508908,36221.26236167551,0.001916081545275,Normal
2021-04-23,1.425761635,1749679006.0,664,8216863.521838017,11715288.76946763,17643.507182933175,0.0010083853736845,Normal
2021-04-24,1.39255282,1697763202.0,524,5587433.651729679,7780796.488279061,14848.848260074545,0.0008746124455155,Normal
2021-04-25,1.254301473,1551398624.0,596,5186370.775522938,6505272.503262573,10914.88675044056,0.0007035514007546,Normal
2021-04-26,1.255153095,1532208352.0,696,5207995.99748369,6536832.294989266,9392.000423835152,0.0006129714938295,Normal
2021-04-27,1.453910089,1776020769.0,694,54783057.89281417,79649640.5766336,114768.9345484634,0.006462139213219,Small Whale Orders
2021-04-28,1.551706788,1892940581.0,687,12418087.27157131,19269230.3132736,28048.37017943756,0.0014817353730469,Normal
2021-04-29,1.533533375,1867147953.0,525,6484428.102645205,9944086.913194347,18941.117929894,0.0010144411908794,Normal
2021-04-30,1.496013751,1838926955.0,566,5534170.087883755,8279194.551846975,14627.552211743772,0.0007954395454355,Normal
2021-05-01,1.555763112,1902559775.0,705,6916449.422653814,10760356.8777785,15262.917557132623,0.0008022306451387,Normal
2021-05-02,1.660021601,2034152735.0,550,4060523.55832711,6740556.818192385,12255.557851258882,0.0006024895594311,Normal
2021-05-03,1.610846215,1973399129.0,652,5204666.77908608,8383917.781427055,12858.769603415729,0.0006516051119335,Normal
2021-05-04,1.590991154,1953678052.0,656,4616522.526797522,7344846.502376585,11196.41235118382,0.0005730940335702,Normal
2021-05-05,1.426779167,1768772851.0,636,6679049.300658264,9529528.39754513,14983.53521626593,0.0008471147218137,Normal
2021-05-06,1.538496297,1888492760.0,617,9098248.416948646,13997621.498661604,22686.58265585349,0.0012013063082038,Normal
2021-05-07,1.602755398,1966374987.0,655,7417915.730446606,11889104.47888241,18151.30454791208,0.0009230845931174,Normal
2021-05-08,1.598329279,1957893275.0,618,8729174.802353121,13952095.668110032,22576.20658270232,0.0011530866810246,Normal
2021-05-09,1.580827067,1929423024.0,538,11629314.767309118,18383935.55482506,34170.8839309016,0.0017710415759453,Normal
2021-05-10,1.53529846,1880271344.0,588,15702877.38723197,24108603.47018607,41001.02630984026,0.0021805909259148,Normal
2021-05-11,1.387533986,1704424204.0,499,5455592.823605239,7569820.456529973,15169.980874809566,0.0008900355228004,Normal
2021-05-12,1.463093495,1797440997.0,429,8444685.254343437,12355364.062952302,28800.38243112425,0.0016022991841842,Normal
2021-05-13,1.281730685,1630747386.0,534,10142186.693746358,12999551.898373406,24343.73014676668,0.0014927959017906,Normal
2021-05-14,1.310186125,1597993386.0,462,5808125.96186871,7609726.047492662,16471.26850106637,0.0010307469758868,Normal
2021-05-15,1.362551587,1668696556.0,488,4147157.0232949,5650715.383628662,11579.33480251775,0.000693914945823,Normal
2021-05-16,1.311377146,1613019068.0,424,3112839.373685869,4082106.4138206025,9627.609466558024,0.0005968689185116,Normal
2021-05-17,1.301734198,1581754685.0,417,12827725.51613448,16698288.986909453,40043.85848179725,0.0025316099178677,Normal
2021-05-18,1.194755024,1475835790.0,406,7962691.372289399,9513465.521604214,23432.18108769511,0.0015877227836909,Normal
2021-05-19,1.2280968,1496465971.0,507,16876006.125295006,20725369.1192552,40878.44007742642,0.0027316651945055,Normal
2021-05-20,0.76489314,947901563.6,513,9908410.952127906,7578875.565583503,14773.636580084802,0.0015585623177977,Normal
2021-05-21,0.903187594,1096641758.0,674,15807658.806157736,14277281.32390652,21182.90997612243,0.0019316162111822,Normal
2021-05-22,0.836810714,1032429398.0,633,8173854.462550547,6839968.988939009,10805.63821317379,0.0010466224842208,Normal
2021-05-23,0.792273858,969355613.3,485,11998797.094979797,9506333.265798835,19600.687145976983,0.0020220326655199,Normal
2021-05-24,0.657918088,798414313.8,570,18020041.66501853,11855711.357929328,20799.49361040233,0.0026051002907761,Normal
2021-05-25,0.820999528,1002481251.0,482,18076935.36295234,14841155.40067038,30790.778839565104,0.003071456828629,Normal
2021-05-26,0.819169727,1004830802.0,516,28420666.871606752,23281349.92237205,45118.89519839545,0.0044901982610994,Normal
2021-05-27,0.843266661,1031527627.0,450,30583020.203960497,25789641.33068931,57310.31406819847,0.0055558680706278,Small Whale Orders
2021-05-28,0.769074934,944364468.5,454,23672204.57854575,18205699.17387957,40100.65897330302,0.0042463117060087,Normal
2021-05-29,0.652541941,800329162.7,417,29029043.80741336,18942668.591463543,45426.063768497705,0.0056759225935548,Small Whale Orders
2021-05-30,0.62786762,774436824.0,388,7307739.112373,4588292.764066548,11825.496814604505,0.0015269801807105,Normal
2021-05-31,0.737561528,904907402.2,444,6991115.683930463,5156377.966264517,11613.463887983147,0.0012833869918345,Normal
2021-06-01,0.792761006,973801080.1,344,3609605.096697264,2861554.1677204506,8318.471417792007,0.0008542269656281,Normal
2021-06-02,0.767252044,941088758.6,363,1637013.396412527,1256001.8744528936,3460.060260200809,0.0003676656668758,Retail Orders
2021-06-03,0.768424894,941012986.2,445,51098405.7926797,39265287.054808885,88236.60012316603,0.0093767675278832,Small Whale Orders
2021-06-04,0.955721734,1172040112.0,418,7595161.744663313,7258861.152620087,17365.69653736863,0.0014816640112884,Normal
2021-06-05,0.805779638,990791526.0,345,3836936.8191697663,3091725.5611794856,8961.52336573764,0.0009044812284494,Normal
2021-06-06,0.753551769,917869640.4,356,5767779.163467619,4346320.191832364,12208.764583798777,0.0013301196647574,Normal
2021-06-07,0.780875269,956563232.2,369,3358685.5180062293,2622714.457359519,7107.627255716853,0.0007430378898601,Normal
2021-06-08,0.690664746,852134190.7,376,7114839.510704207,4913968.823491287,13069.066019923634,0.0015336863797458,Normal
2021-06-09,0.696306151,855237643.8,354,10597891.0614222,7379376.733696197,20845.69698784237,0.0024374157450811,Normal
2021-06-10,0.710001652,870401037.6,310,56025276.24142517,39778038.68516821,128316.25382312328,0.0147421990875534,Small Whale Orders
2021-06-11,0.665066477,815558038.3,326,7424840.696143228,4938012.644070203,15147.278049295102,0.0018572900195881,Normal
2021-06-12,0.614580725,752265014.0,347,5245333.834540774,3223681.070899099,9290.147178383571,0.0012349566981701,Normal
2021-06-13,0.604809127,744252902.4,306,8615919.917743001,5210987.0037520565,17029.369293307373,0.0022881159399436,Normal
2021-06-14,0.689882388,838673302.9,397,8620949.103315482,5947440.954221744,14980.959582422527,0.0017862688046252,Normal
2021-06-15,0.682624673,834419579.1,418,27831309.482825167,18998338.53487533,45450.57065759647,0.0054469683832945,Small Whale Orders
2021-06-16,0.721601603,885514925.6,357,15863530.664993368,11447149.157098869,32064.843577307754,0.00362103931287,Normal
2021-06-17,0.677202339,828413764.8,382,76586458.57516408,51864528.88282773,135771.01801787363,0.0163892759617112,Small Whale Orders
2021-06-18,0.686748284,837308107.6,433,22079302.475292902,15162923.086824356,35018.2981219962,0.0041822475865389,Normal
2021-06-19,0.612746773,752808926.4,334,155184650.07511753,95088893.55266246,284697.2860858157,0.0378180008368476,Small Whale Orders
2021-06-20,0.60506078,1749670490.0,304,6251998.812547843,3782839.2780792713,12443.550256839708,0.0007111939263969,Normal
2021-06-21,0.643503827,1867017395.0,384,176003457.50542116,113258898.4699704,294945.04809888126,0.0157976593516891,Small Whale Orders
2021-06-22,0.509736161,1494449683.0,501,157858797.6332934,80466337.48567086,160611.4520672073,0.0107471970380957,Small Whale Orders
2021-06-23,0.490260382,1420521840.0,442,9867522.928209815,4837655.560177903,10944.922081850458,0.00077048601251,Normal
2021-06-24,0.604756396,1742075562.0,387,4204049.030433671,2542425.540252361,6569.575039411786,0.0003771119452401,Retail Orders
2021-06-25,0.600831741,1742315778.0,330,5846383.482677624,3512692.7664508405,10644.523534699516,0.0006109411203816,Normal
2021-06-26,0.536921538,1557977617.0,754,3429644.5715139275,1841450.0381306089,2442.241429881444,0.0001567571576916,Retail Orders
2021-06-27,0.541936846,1565006979.0,353,3956601.212163385,2144227.9817996016,6074.3002317269165,0.0003881324692627,Retail Orders
2021-06-28,0.558378603,1615261417.0,396,4369812.585213199,2440009.8467031647,6161.641027028194,0.000381464013328,Retail Orders
2021-06-29,0.570947024,1655169575.0,398,12845892.77087454,7334324.248153931,18427.950372246058,0.0011133572445135,Normal
2021-06-30,0.57862942,1681226871.0,407,930862696.5930442,538624542.229269,1323401.8236591376,0.078716433010137,Big Whale Orders
2021-07-01,0.589486889,1708266543.0,310,11214372.166177446,6610725.360328133,21324.92051718753,0.0012483368362256,Normal
2021-07-02,0.542737196,1571006965.0,318,12848199.871319162,6973195.971807323,21928.289219519884,0.0013958110758293,Normal
2021-07-03,0.596664538,1726029666.0,415,9880006.111761704,5895049.282111473,14204.938029184274,0.0008229834231125,Normal
2021-07-04,0.677650542,1954486645.0,484,9278222.685552051,6287392.631661043,12990.480643927776,0.0006646492406157,Normal
2021-07-05,0.719350594,2087549035.0,485,12119111.869047197,8717890.321751552,17975.031591240313,0.0008610591315398,Normal
2021-07-06,0.742933376,2160632778.0,426,26534106.89173485,19713073.612221435,46274.82068596581,0.0021417253851346,Normal
2021-07-07,0.70487322,2042654515.0,438,10444166.839931656,7361813.51067985,16807.793403378655,0.0008228407339543,Normal
2021-07-08,0.709650932,2056499864.0,2380,7425707.486535659,5269660.238579408,2214.142957386306,0.0001076656019358,Retail Orders
2021-07-09,0.653199224,1892255593.0,691,13533196.649822716,8839873.549903598,12792.87054978813,0.0006760646181791,Normal
2021-07-10,0.692987449,2008271321.0,597,4042950.312209985,2801713.823292151,4692.987978713821,0.0002336829655256,Retail Orders
2021-07-11,0.686179661,1988696117.0,552,5900120.304666339,4048542.550515168,7334.316214701388,0.0003688002481628,Retail Orders
2021-07-12,0.711774856,2063662990.0,482,12724161.274275327,9056738.058718098,18789.91298489232,0.00091051266975,Normal
2021-07-13,0.677551235,1960561928.0,465,4980874.289988608,3374797.5265615294,7257.629089379633,0.0003701810682809,Retail Orders
2021-07-14,0.632193586,1830995753.0,434,9566226.629777974,6047707.117568032,13934.809026654451,0.0007610508655644,Normal
2021-07-15,0.637928158,1844294938.0,389,4081668.666615012,2603811.3740600306,6693.602504010361,0.0003629355785831,Retail Orders
2021-07-16,0.596413625,1722753305.0,355,2050953.0282094365,1223216.3302591173,3445.679803546809,0.0002000100532993,Retail Orders
2021-07-17,0.579861076,1677404654.0,329,4264772.639386769,2472975.6515701725,7516.643317842469,0.0004481115096418,Retail Orders
2021-07-18,0.559227775,1621078137.0,326,17618297.978494663,9852641.577800568,30222.82692576861,0.0018643658338209,Normal
2021-07-19,0.555824773,1612985149.0,338,9832030.264417429,5464885.989848947,16168.301745115228,0.0010023837947385,Normal
2021-07-20,0.508489366,1489249077.0,344,12385740.947796095,6298017.561985077,18308.19058716592,0.0012293571887952,Normal
2021-07-21,0.496327809,1438427838.0,1594,76249987.20073143,37844989.08361708,23742.15124442728,0.0016505625528937,Normal
2021-07-22,0.55552966,1604199619.0,430,20776563.05995145,11541997.01266339,26841.85351782184,0.001673224030221,Normal
2021-07-23,0.556085296,1611481481.0,418,17332011.849725325,9638076.939730013,23057.600334282328,0.0014308324734811,Normal
2021-07-24,0.55375037,1603006258.0,428,600567519.1268607,332564485.92648125,777019.826931031,0.0484726633507023,Small Whale Orders
2021-07-25,0.549512858,1592449418.0,350,24114134.622712813,13251027.03472367,37860.07724206763,0.0023774743997594,Normal
2021-07-26,0.543457661,1574887932.0,473,7979769.29038438,4336666.753871925,9168.42865512035,0.0005821638777482,Normal
2021-07-27,0.549551128,1600014759.0,859,19973499.04084361,10976458.928002523,12778.182686848108,0.0007986290510741,Normal
2021-07-28,0.565461139,1635630007.0,606,13911456.057782045,7866387.787581882,12980.837933303435,0.0007936292363034,Normal
2021-07-29,0.559157208,2636837327.0,536,16224967.935428396,9072307.770663666,16925.947333327735,0.000641903357481,Normal
2021-07-30,0.589502807,2784189334.0,457,71632862.29412681,42227773.39583222,92402.12996899828,0.0033188163190125,Normal
2021-07-31,0.597099984,2816778093.0,418,76156653.65238303,45473136.67733145,108787.40831897476,0.0038621220673834,Normal
2021-08-01,0.630489463,2980506344.0,2032,48233171.18596843,30410506.199828304,14965.800295191097,0.0005021227458655,Normal
2021-08-02,0.659878831,3103421917.0,463,25464830.223286167,16803702.399355546,36293.09373510917,0.0011694540641187,Normal
2021-08-03,0.694888599,3264100219.0,418,128280074.07823332,89140360.95583975,213254.4520474636,0.0065333304046894,Small Whale Orders
2021-08-04,0.648512394,3059271937.0,360,9302963.390173413,6033087.059455716,16758.575165154765,0.000547796191717,Normal
2021-08-05,0.668088081,3161950910.0,328,9246245.22625406,6177306.229663485,18833.250700193552,0.0005956212236132,Normal
2021-08-06,0.700238183,3301858895.0,358,7710247.820067367,5399009.924003684,15081.03330727286,0.000456743724879,Retail Orders
2021-08-07,0.701949123,3313176562.0,409,5957258.658025255,4181692.4904849846,10224.187018300696,0.000308591674092,Retail Orders
2021-08-08,0.730376797,3436749372.0,345,6421854.564505253,4690373.567623177,13595.285703255584,0.0003955856023141,Retail Orders
2021-08-09,0.669774915,3163453402.0,351,21462041.03651528,14374736.710958527,40953.66584318669,0.0012945872955579,Normal
2021-08-10,0.708507494,3319937067.0,434,11859236.262435704,8402357.765052248,19360.27134804665,0.0005831517573175,Normal
2021-08-11,0.746649703,3511789990.0,512,98526599.3947663,73564856.17570224,143681.35971816845,0.0040913995463085,Normal
2021-08-12,0.798776954,3767543972.0,538,104325019.59041052,83332421.37441844,154892.97653237628,0.0041112453546269,Normal
2021-08-13,0.875734124,4087575517.0,541,14482997.541870808,12683255.165224385,23444.094575276125,0.0005735452342782,Normal
2021-08-14,0.924715326,4330120159.0,436,10875558.267247967,10056795.4085302,23066.04451497752,0.0005326883242959,Normal
2021-08-15,0.899133255,4238508974.0,417,7866417.86126911,7072957.896793033,16961.52972852046,0.0004001768035072,Retail Orders
2021-08-16,0.898895867,4238271716.0,443,15185916.35546562,13650557.448535748,30813.89943236061,0.0007270392626323,Normal
2021-08-17,0.858017343,4089972924.0,504,61272443.177715525,52572818.89446195,104311.14860012292,0.0025504117151491,Normal
2021-08-18,0.86785853,4134074789.0,482,7967887.068122386,6914998.758146703,14346.470452586522,0.0003470297753383,Retail Orders
2021-08-19,0.861118751,4075456467.0,490,9375521.643942963,8073437.488005632,16476.403036746186,0.0004042836224643,Retail Orders
2021-08-20,0.964010143,4626688887.0,753,139519341.02750215,134498059.89518812,178616.28140131224,0.0038605639100391,Normal
2021-08-21,1.03849238,5119600347.0,528,189660923.5560204,196961423.8966897,373032.9998043366,0.0072863695312257,Small Whale Orders
2021-08-22,0.992352317,4937315706.0,487,5025013.997997461,4986584.283870214,10239.392780020971,0.0002073878477646,Retail Orders
2021-08-23,1.066816567,5297817632.0,493,29815625.879623465,31807803.643856265,64518.87148855226,0.0012178386643368,Normal
2021-08-24,1.025007043,5094225430.0,463,130944755.97431669,134219297.11759093,289890.49053475366,0.0056905705198592,Small Whale Orders
2021-08-25,0.927396255,4597638625.0,434,180528634.2072932,167421579.2841086,385764.00756707054,0.0083904812672629,Small Whale Orders
2021-08-26,0.953018344,4737613147.0,425,25200735.522603583,24016763.235333644,56510.03114196152,0.001192795388491,Normal
2021-08-27,0.878440221,4371961448.0,430,5608570.831325478,4926794.200563706,11457.660931543503,0.0002620714081727,Retail Orders
2021-08-28,0.920939994,4571415315.0,387,5816025.265114039,5356210.272757972,13840.336622113622,0.0003027582415603,Retail Orders
2021-08-29,0.915780628,4530240722.0,328,8757365.351967847,8019825.541650557,24450.687626983407,0.0005397215981977,Normal
2021-08-30,0.92122633,4583570963.0,365,6549731.249485408,6033784.881449756,16530.91748342399,0.0003606558645402,Retail Orders
2021-08-31,0.852513832,4188716391.0,345,9053599.505541032,7718318.807862091,22371.938573513307,0.0005341001033534,Normal
2021-09-01,0.857087622,4246111745.0,413,14028190.964612087,12023388.83482126,29112.32163394978,0.0006856230684044,Normal
2021-09-02,0.921241698,4555590169.0,452,122146124.78018443,112526103.396617,248951.55618720577,0.0054647487362071,Small Whale Orders
2021-09-03,0.910683256,4512563575.0,354,12815032.86297345,11670435.853399662,32967.332919208086,0.0007305677221225,Normal
2021-09-04,0.913851574,4530089171.0,366,9301841.729767784,8500502.705847174,23225.41722909064,0.0005126922749726,Normal
2021-09-05,0.953822126,4726675335.0,492,12886170.734389134,12291114.765874026,24981.940581044768,0.0005285309188904,Normal
2021-09-06,1.021864961,5056481502.0,601,129353646.02267052,132181958.44816402,219936.7029087588,0.0043495996736419,Normal
2021-09-07,1.068130225,5287346620.0,574,21838618.79494296,23326488.807131648,40638.48224238963,0.0007685987918527,Normal
2021-09-08,0.829284838,4111661981.0,451,20873965.036683235,17310462.713863518,38382.40069592798,0.0009335008780705,Normal
2021-09-09,0.820050356,4073348283.0,459,13936408.115940874,11428556.436838605,24898.8157665329,0.0006112616461118,Normal
2021-09-10,0.854168701,4242015149.0,463,77747272.9010196,66409287.10015642,143432.5855294955,0.0033812369944814,Normal
2021-09-11,0.807785256,4000468637.0,454,15435766.30970365,12468784.440040136,27464.28290757739,0.0006865266397432,Normal
2021-09-12,0.870785268,4305218151.0,430,8831567.153631141,7690398.570734691,17884.647838917885,0.000415417923358,Retail Orders
2021-09-13,0.921654148,4571942205.0,419,8407927.771860769,7749201.507019876,18494.51433656295,0.0004045220500892,Retail Orders
2021-09-14,0.842174846,4152184018.0,396,5952291.275623104,5012869.988395031,12658.762596957147,0.0003048699802821,Retail Orders
2021-09-15,0.858796709,4252195724.0,417,6264683.059708554,5380089.1946057575,12901.892553011408,0.0003034171846839,Retail Orders
2021-09-16,0.905027024,4491409940.0,456,4413480.14024769,3994318.796811469,8759.471045639188,0.0001950271999807,Retail Orders
2021-09-17,0.859981186,4256794381.0,540,6382541.460384011,5488865.5747952135,10164.565879250396,0.0002387845164572,Retail Orders
2021-09-18,0.818552189,4065309297.0,432,6838132.967160657,5597368.708942422,12956.872011440792,0.0003187179883459,Retail Orders
2021-09-19,0.833003404,4127140096.0,383,11574990.97964416,9642006.88731288,25174.95270838872,0.0006099854166033,Normal
2021-09-20,0.81389983,4034142812.0,394,8870184.32708984,7219441.515887084,18323.45562407889,0.000454209394114,Retail Orders
2021-09-21,0.700705189,3455638873.0,337,5875710.744051244,4117141.007419758,12217.035630325692,0.0003535391306592,Retail Orders
2021-09-22,0.651609925,3215358229.0,384,17143502.36017915,11170876.28715366,29090.823664462656,0.0009047459596285,Normal
2021-09-23,0.736906658,3643041860.0,327,6118761.67784929,4508956.219122393,13788.856939212212,0.0003784984490738,Retail Orders
2021-09-24,0.732492913,3630825442.0,328,11467591.225439206,8399929.301815202,25609.54055431464,0.0007053365953117,Normal
2021-09-25,0.690578815,3425995226.0,318,3486354.6298578307,2407602.6489569843,7571.077512443347,0.0002209891436796,Retail Orders
2021-09-26,0.684683079,3390832634.0,323,4536716.510165212,3106213.028730052,9616.758602879418,0.0002836105358445,Retail Orders
2021-09-27,0.672877615,3335146267.0,309,34579140.99732981,23267529.923032004,75299.44958910033,0.0022577555393644,Normal
2021-09-28,0.661100597,3299267232.0,297,15096265.327127395,9980150.020234322,33603.19872132768,0.0010185049090721,Normal
2021-09-29,0.626109316,3109291168.0,476,6900932.641174151,4320738.215727621,9077.181125478195,0.0002919373141665,Retail Orders
2021-09-30,0.635222204,3145674288.0,260,6459604.89453259,4103284.458074179,15781.863300285304,0.0005017004894781,Normal
2021-10-01,0.645903164,3205374124.0,335,21240457.528421383,13719278.72241499,40953.070813179074,0.0012776377804558,Normal
2021-10-02,0.707548903,3505733086.0,354,3764599.298414154,2663638.103827504,7524.401423241537,0.0002146313264204,Retail Orders
2021-10-03,0.727571927,3604486689.0,300,3373932.126565608,2454778.2988925474,8182.594329641824,0.0002270113621063,Retail Orders
2021-10-04,0.737642096,3659089472.0,270,16717838.292738516,12331781.2788447,45673.26399572111,0.0012482139162002,Normal
2021-10-05,0.714819591,3554448323.0,304,7967634.340749368,5695421.120692018,18734.93789701322,0.0005270842672204,Normal
2021-10-06,0.758447434,3758083795.0,326,24578270.35085232,18641326.079762224,57181.98183976142,0.0015215728269774,Normal
2021-10-07,0.718973402,3564361973.0,271,7355188.518380415,5288184.911411307,19513.59745908232,0.0005474639670969,Normal
2021-10-08,0.720525601,3570389342.0,271,5393316.996405186,3886022.970218362,14339.56815578731,0.0004016247748419,Retail Orders
2021-10-09,0.711592035,3526220595.0,321,3175015.298918887,2259315.5977138244,7038.366348018144,0.0001996008519148,Retail Orders
2021-10-10,0.74530782,3697205195.0,276,7563543.2022181535,5637167.895521032,20424.521360583447,0.0005524313713559,Normal
2021-10-11,0.682277533,3384033677.0,280,11132347.597850077,7595350.655559626,27126.25234128438,0.0008015952242334,Normal
2021-10-12,0.67925371,3364341279.0,297,6462369.453681216,4389588.426803639,14779.759012806866,0.0004393061757753,Retail Orders
2021-10-13,0.674783667,3348801076.0,291,6957899.413719522,4695076.881006809,16134.284814456389,0.0004817928699941,Retail Orders
2021-10-14,0.704023902,3490716736.0,261,4178733.62399754,2941928.351385349,11271.75613557605,0.0003229066403277,Retail Orders
2021-10-15,0.715685517,3543841684.0,343,12898312.424705015,9231135.396102536,26912.931183972403,0.0007594281456048,Normal
2021-10-16,0.811545482,4026434061.0,403,3439880.1439229804,2791619.189422204,6927.094762834254,0.0001720404372178,Retail Orders
2021-10-17,0.802776714,3994585785.0,313,3584813.648892299,2877804.921360109,9194.264924473193,0.0002301681680988,Retail Orders
2021-10-18,0.778045921,3855353324.0,305,14635244.452436725,11386892.249056272,37334.07294772548,0.0009683696878134,Normal
2021-10-19,0.769081684,3797559208.0,319,5000334.093605793,3845665.365272957,12055.377320604885,0.0003174506745071,Retail Orders
2021-10-20,0.782179787,3865917583.0,442,76163207.07044083,59573321.0835943,134781.26941989662,0.003486397899753,Normal
2021-10-21,0.878489516,4355463122.0,449,61726757.517890505,54226309.336141,120771.29028093764,0.0027728690818412,Normal
2021-10-22,0.934543696,4656738410.0,443,16802392.38717549,15702569.883153245,35445.98167754682,0.0007611761399658,Normal
2021-10-23,0.906387376,4494179315.0,333,9679491.371954806,8773368.785640756,26346.452809732,0.00058623501563,Normal
2021-10-24,0.890526451,4404299971.0,360,8772994.82722456,7812583.9481296465,21701.622078137905,0.0004927371482649,Retail Orders
2021-10-25,0.942560728,4667415359.0,606,24499361.50140666,23092136.01230103,38105.83500379708,0.0008164226252184,Normal
2021-10-26,1.036983425,5144590674.0,609,16085780.29968604,16680687.54896596,27390.291541816023,0.00053240953999,Normal
2021-10-27,1.078712902,5365041206.0,486,87479424.87750186,94365184.27490102,194167.04583312967,0.0036191156484685,Normal
2021-10-28,0.933983314,4643858115.0,471,7972330.320650933,7446023.493184242,15808.967076824294,0.0003404274352345,Retail Orders
2021-10-29,0.945087702,4667975015.0,444,16475786.134517483,15571062.856514594,35069.961388546384,0.000751288541088,Normal
2021-10-30,0.969774515,4833061048.0,421,40607059.40668219,39379691.34169142,93538.4592439226,0.00193538749697,Normal
2021-10-31,0.919444263,4549635897.0,478,21988805.090946507,20217480.69109596,42295.98470940577,0.0009296564750883,Normal
2021-11-01,1.03298321,5133298178.0,413,11511268.145742044,11890946.720359365,28791.63854808563,0.0005608799167653,Normal
2021-11-02,0.995183859,4931988045.0,388,9018496.585435867,8975062.234272389,23131.60369657832,0.0004690117552095,Retail Orders
2021-11-03,0.990893772,4883634243.0,394,28981479.10038459,28717567.14391925,72887.22625360216,0.0014924792199185,Normal
2021-11-04,0.991233167,4918654259.0,806,35412280.105744205,35101826.55990792,43550.6533001339,0.0008854180636999,Normal
2021-11-05,1.049890263,5145911118.0,640,19059982.385153502,20010889.91912418,31267.01549863153,0.000607608930307,Normal
2021-11-06,1.071941331,5318132423.0,475,7538276.374951647,8080590.010811524,17011.768443813733,0.0003198823776978,Retail Orders
2021-11-07,1.066391606,5270899019.0,525,5735820.422439353,6116630.7520127,11650.725241928953,0.0002210386729082,Retail Orders
2021-11-08,1.110865244,5471326854.0,514,13180568.887779512,14641835.873581994,28486.06201085991,0.0005206426662306,Normal
2021-11-09,1.130556626,5567399408.0,631,127405795.70085824,144039466.5204076,228271.7377502497,0.0041001501961982,Normal
2021-11-10,1.209834296,6046696212.0,550,57363205.77440533,69399973.67438081,126181.770317056,0.0020867886510759,Normal
2021-11-11,1.088058555,5378114593.0,465,26714738.16263475,29067199.40243972,62510.10624180584,0.0011623052123725,Normal
2021-11-12,1.114978318,5524497294.0,392,13110561.336635206,14617991.627157353,37290.794967238144,0.000675007932536,Normal
2021-11-13,1.077459658,5322434952.0,408,6612862.5785224,7125092.652255744,17463.462382979764,0.0003281103957206,Retail Orders
2021-11-14,1.101125603,5465937174.0,397,2946555.107965736,3244527.2700315006,8172.612770860203,0.0001495189664772,Retail Orders
2021-11-15,1.071366285,5305192016.0,397,10336453.52905644,11074127.817500338,27894.528507557527,0.0005257967746205,Normal
2021-11-16,1.027632211,5112948029.0,420,30137237.387982376,30969995.89044419,73738.08545343854,0.001442183355575,Normal
2021-11-17,0.929347877,4618257894.0,413,8517257.683468033,7915495.345992955,19165.848295382457,0.0004150016897125,Retail Orders
2021-11-18,0.936974554,4624134260.0,367,18499912.019961867,17333946.81394301,47231.46270829158,0.001021412010392,Normal
2021-11-19,0.866420473,4295988370.0,400,17744639.992233254,15374319.375285454,38435.79843821364,0.0008946904676609,Normal
2021-11-20,0.955777704,4719701900.0,450,4439792.860227897,4243455.026184212,9429.900058187137,0.0001997986368204,Retail Orders
2021-11-21,0.96869499,4802184076.0,354,8176675.905642437,7920704.984649542,22374.87283799305,0.0004659311780615,Retail Orders
2021-11-22,0.930142791,4634264365.0,290,32620032.89608976,30341288.440480743,104625.13255338187,0.0022576427306037,Normal
2021-11-23,0.877384352,4345905179.0,351,26548975.061199617,23293655.28033478,66363.69025736405,0.0015270395354699,Normal
2021-11-24,0.901223985,4470514220.0,324,85740335.36748357,77271246.71511997,238491.5022071604,0.005334766661522,Small Whale Orders
2021-11-25,0.866399495,4295645189.0,347,83930469.66066593,72717316.52911378,209559.98999744607,0.0048784287523111,Normal
2021-11-26,0.919357732,4561710173.0,335,15410448.16462478,14167714.673733002,42291.68559323284,0.0009271015472124,Normal
2021-11-27,0.852653987,4241256599.0,448,94406806.99764444,80496340.38648102,179679.3312198237,0.0042364645247398,Normal
2021-11-28,1.016249007,4958967518.0,325,7131056.520303835,7246929.107619649,22298.24340806045,0.0004496549599714,Retail Orders
2021-11-29,1.000672127,4959633652.0,362,54867943.83060228,54904822.05708531,151670.7791632191,0.0030581044852386,Normal
2021-11-30,0.965032765,4799982640.0,370,13220946.474272052,12758646.53198376,34482.828464820974,0.0007183948578785,Normal
2021-12-01,0.918322754,4562938990.0,273,11877199.351781068,10907102.418534605,39952.75611184837,0.0008755925994059,Normal
2021-12-02,0.920505593,4565397226.0,310,10524709.40424162,9688053.871304108,31251.78668162616,0.0006845359808703,Normal
2021-12-03,0.89816617,4457454018.0,312,11814142.137794422,10611062.795738429,34009.81665300778,0.0007629874927631,Normal
2021-12-04,0.861836565,4282691915.0,390,21462113.091112915,18496833.82408629,47427.77903611869,0.001107429158516,Normal
2021-12-05,0.731164459,3610398336.0,308,10318733.856082682,7544691.457447678,24495.75148521973,0.0006784778078631,Normal
2021-12-06,0.687287278,3398855518.0,328,64153052.37724496,44091576.74374813,134425.53885289063,0.0039550236290123,Normal
2021-12-07,0.704377646,3492498531.0,295,61128625.96330775,43057637.65924919,145958.09376016672,0.0041791884080871,Normal
2021-12-08,0.689541981,3412533472.0,353,19921232.181506857,13736525.902397191,38913.671111606775,0.0011403161736257,Normal
2021-12-09,0.755232334,3725769563.0,296,28938853.52537373,21855557.89125213,73836.34422720315,0.001981774314774,Normal
2021-12-10,0.687440486,3439036682.0,297,8940039.77864271,6145745.2902894765,20692.745085149752,0.0006017017844984,Normal
2021-12-11,0.641945975,3219202410.0,292,5690900.842668493,3653250.890075147,12511.13318518886,0.0003886407746939,Retail Orders
2021-12-12,0.66921101,3312039483.0,277,5493095.576916173,3676040.039054605,13270.902668067169,0.0004006867290134,Retail Orders
2021-12-13,0.685018942,3389300477.0,316,69828069.80225705,47833550.49784427,151371.99524634265,0.0044661721872569,Normal
2021-12-14,0.598894175,2961763622.0,292,81304291.4075322,48692666.52647358,166755.70728244376,0.0056302841335406,Small Whale Orders
2021-12-15,0.635713966,3147440586.0,307,121701105.55098058,77367092.47639847,252010.0732130244,0.0080068254293339,Small Whale Orders
2021-12-16,0.641422717,3361965563.0,238,66116557.673368886,42408662.06153947,178187.6557207541,0.0053001035371031,Small Whale Orders
2021-12-17,0.614575026,3221892630.0,381,365820349.9957103,224824051.1099428,590089.3729919756,0.0183149918621582,Small Whale Orders
2021-12-18,0.590820346,3108079243.0,485,71956319.7953342,42513257.758366,87656.20156364124,0.0028202691987683,Normal
2021-12-19,0.608223817,3192257745.0,409,22729869.41324229,13824847.93443378,33801.58419176964,0.0010588613731053,Normal
2021-12-20,0.640831704,3379758567.0,355,69572581.21573052,44584315.77215498,125589.6218933943,0.0037159347155637,Normal
2021-12-21,0.622243642,3283041008.0,336,26759569.360471923,16650971.897211662,49556.46397979661,0.0015094683209572,Normal
2021-12-22,0.710654443,3732968799.0,357,22448930.87284562,15953432.465387609,44687.48589744428,0.0011971031182852,Normal
2021-12-23,0.695034972,3653363666.0,307,14734856.049062328,10241240.261484066,33359.08879962237,0.0009131061632346,Normal
2021-12-24,0.736034827,3866101047.0,370,13075571.20357592,9624075.788750185,26011.01564527077,0.0006727970978786,Normal
2021-12-25,0.696983415,3654485093.0,290,8713938.58056784,6073470.669984426,20943.002310291125,0.0005730766928125,Normal
2021-12-26,0.722152871,3804420911.0,293,8588460.604011027,6202181.482656957,21167.854889614187,0.0005564014967011,Normal
2021-12-27,0.736783672,3859290063.0,382,10512993.021207923,7745801.601875947,20276.96754417787,0.0005254066735894,Normal
2021-12-28,0.737912158,3891088746.0,323,28509882.251878925,21037788.73680988,65132.47286938042,0.0016738881357135,Normal
2021-12-29,0.665855687,3516785129.0,324,35156494.885974064,23409152.05481225,72250.46930497608,0.0020544465088067,Normal
2021-12-30,0.632529488,3283194334.0,291,8335464.36082796,5272427.004396756,18118.305857033527,0.0005518499367949,Normal
2021-12-31,0.644995354,3382956953.0,337,13445871.518578991,8672524.659964373,25734.49453995363,0.0007607100798942,Normal
2022-01-01,0.645376986,3412594969.0,285,8054176.381124787,5197980.077562703,18238.52658793931,0.0005344474440599,Normal
2022-01-02,0.666871301,3482458842.0,247,14494266.119240033,9665810.103977822,39132.83442906001,0.0011237127617159,Normal
2022-01-03,0.676527117,3558812347.0,251,14874594.7481991,10063066.701542478,40091.89920933258,0.0011265527737962,Normal
2022-01-04,0.658870012,3474118492.0,273,40660798.56648064,26790180.83942668,98132.53054735048,0.0028246742525715,Normal
2022-01-05,0.680498993,3647285300.0,266,122522288.2067256,83376293.74473254,313444.7133260622,0.008593918148549,Small Whale Orders
2022-01-06,0.635259653,3352283694.0,254,87945122.8124861,55867988.2009023,219952.7094523713,0.0065612796985543,Small Whale Orders
2022-01-07,0.637802625,3366414971.0,259,40816993.51714405,26033185.60984246,100514.2301538319,0.0029857944139303,Normal
2022-01-08,0.595273709,3138758169.0,275,11218805.775736583,6678260.124673339,24284.582271539413,0.0007737003287283,Normal
2022-01-09,0.573200544,3032018730.0,232,2557325.5745578585,1465860.4105216772,6318.363838455505,0.0002083880213515,Retail Orders
2022-01-10,0.585070461,3071077903.0,225,25540278.5556175,14942862.548603548,66412.722438238,0.0021625215815385,Normal
2022-01-11,0.543491272,2852980000.0,248,7887712.95571274,4286903.147471197,17285.89978819031,0.0006058892732577,Normal
2022-01-12,0.568884709,2988679349.0,240,10355384.418090615,5891019.851268614,24545.91604695256,0.0008212964048875,Normal
2022-01-13,0.594871243,3123779466.0,230,6896841.976431501,4102732.959294384,17837.96938823645,0.0005710380512577,Normal
2022-01-14,0.574980737,3035446898.0,194,7748859.388263001,4455444.881972829,22966.210731818705,0.0007566006424606,Normal
2022-01-15,0.580390814,3046052584.0,215,37764523.91362148,21918182.77454924,101945.03616069412,0.0033467917361696,Normal
2022-01-16,0.595925759,3137317135.0,222,6628173.260115327,3949899.18081773,17792.33865233212,0.0005671195447167,Normal
2022-01-17,0.589049362,3095133322.0,240,153495714.54854152,90416552.7245525,376735.6363523021,0.0121718710362002,Small Whale Orders
2022-01-18,0.549084362,2885491622.0,255,24059193.68507674,13210527.014804792,51805.98829335212,0.0017953955540319,Normal
2022-01-19,0.531393054,2794493270.0,209,14734144.069658265,7829621.815251695,37462.30533613252,0.0013405759726926,Normal
2022-01-20,0.524408161,2765855065.0,216,15545498.895345246,8152186.487535532,37741.6041089608,0.0013645546574929,Normal
2022-01-21,0.499820735,2654725110.0,262,127911574.494383,63932857.178789765,244018.53885034265,0.0091918571128572,Small Whale Orders
2022-01-22,0.433356074,2279584276.0,242,9838887.111021062,4263741.49096129,17618.766491575578,0.0007728938419636,Normal
2022-01-23,0.416308222,2182881144.0,207,5388158.13799081,2243134.5342817847,10836.398716337124,0.0004964264200147,Retail Orders
2022-01-24,0.414422012,2176375086.0,246,12353387.024358492,5119515.505649339,20811.038640850973,0.0009562248150478,Normal
2022-01-25,0.393271428,2073197804.0,228,24878052.01100836,9783827.040227529,42911.52210626109,0.0020698228612565,Normal
2022-01-26,0.415440703,2567553063.0,209,16295083.86359694,6769641.095736669,32390.62725232856,0.0012615368195928,Normal
2022-01-27,0.404219128,2500200397.0,189,6260179.018650109,2530484.1040426427,13388.804783294408,0.0005355092655516,Normal
2022-01-28,0.405412698,2479659255.0,183,5147050.508525633,2086679.6334036489,11402.620947560925,0.0004598462843057,Retail Orders
2022-01-29,0.414658506,2548591286.0,203,41822398.4223174,17342013.24713489,85428.63668539355,0.0033519943803729,Normal
2022-01-30,0.410307124,2519238418.0,187,4341726.470915925,1781441.3014761826,9526.424072065149,0.0003781469829929,Retail Orders
2022-01-31,0.399561712,2457910567.0,178,5745658.770314898,2295745.254834836,12897.4452518811,0.0005247320803711,Normal
2022-02-01,0.4104399,2523114596.0,173,7398067.024176487,3036461.889596295,17551.802830036388,0.0006956403350787,Normal
2022-02-02,0.44014672,2720553026.0,189,5388848.460066658,2371883.9742753906,12549.65065754175,0.0004612904265274,Retail Orders
2022-02-03,0.405798194,2495318787.0,186,7525829.573985991,3053968.0494753043,16419.183061695185,0.000657999416637,Normal
2022-02-04,0.405577492,2486326427.0,200,6559043.104041541,2660200.2520570634,13301.001260285317,0.0005349660091227,Normal
2022-02-05,0.439823783,2690900339.0,233,6538320.658054399,2875708.9262925354,12342.098396105304,0.0004586605537643,Retail Orders
2022-02-06,0.449596118,2780817910.0,194,2005359.7852051803,901601.974621563,4647.432858874036,0.0001671246737214,Retail Orders
2022-02-07,0.473063762,2901868921.0,202,22963963.85367635,10863419.13105215,53779.30262897104,0.0018532643648989,Normal
2022-02-08,0.506061462,3123990598.0,221,5173653.071852048,2618186.4374222383,11846.997454399268,0.0003792264119483,Retail Orders
2022-02-09,0.474855862,2925312099.0,223,7888580.667501945,3745938.772823172,16797.93171669584,0.0005742269935039,Normal
2022-02-10,0.48775687,3009925612.0,195,4336667.339562738,2115239.2877763486,10847.380962955634,0.0003603870115496,Retail Orders
2022-02-11,0.461910601,2841523037.0,205,18990175.39764737,8771763.33102271,42789.08941962297,0.0015058505196846,Normal
2022-02-12,0.418322414,2574853296.0,171,9956304.43913339,4164945.307497196,24356.405307001147,0.000945933709887,Normal
2022-02-13,0.418777836,2567413686.0,212,4453186.746968083,1864895.909199173,8796.678816977234,0.0003426280254306,Retail Orders
2022-02-14,0.408873838,2521790586.0,180,14350638.385197898,5867600.594305987,32597.781079477703,0.0012926442528752,Normal
2022-02-15,0.405589657,2499579102.0,284,15159286.320186362,6148449.738969179,21649.470911863307,0.0008661246565288,Normal
2022-02-16,0.49206216,3073596085.0,247,116225700.08468612,57190269.03118285,231539.5507335338,0.0075331808191554,Small Whale Orders
2022-02-17,0.487217799,3019221516.0,243,36880330.6120823,17968753.50721106,73945.48768399614,0.002449157416643,Normal
2022-02-18,0.436601188,2689476312.0,199,28499509.701596867,12442919.793134715,62527.235141380486,0.0023248851407388,Normal
2022-02-19,0.413664131,2553811544.0,286,12629135.360357711,5224220.304123745,18266.50455987324,0.000715264389919,Normal
2022-02-20,0.418336472,2566629037.0,202,8387460.397363349,3508780.5916727013,17370.200948874757,0.0006767709980082,Normal
2022-02-21,0.394228282,2433778425.0,204,8256209.676902085,3254831.356756884,15955.055670376882,0.0006555673066407,Normal
2022-02-22,0.357395569,2203338954.0,247,8390881.568774518,2998863.892683781,12141.149363092232,0.0005510341176082,Normal
2022-02-23,0.383489451,2358749433.0,208,7320587.944871391,2807368.251975948,13496.962749884366,0.0005722084152329,Normal
2022-02-24,0.355941927,2198928808.0,250,28559804.81632985,10165631.961068328,40662.52784427331,0.0018491971043508,Normal
2022-02-25,0.359778838,2212830456.0,222,8239437.063784491,2964375.092582516,13353.0409575789,0.0006034371463648,Normal
2022-02-26,0.360462077,2218813002.0,230,9494479.568009475,3422399.8251187583,14879.999239646775,0.0006706288103699,Normal
2022-02-27,0.347463209,2126389475.0,270,7844400.05918472,2725640.4172441126,10094.964508311528,0.0004747467304084,Retail Orders
2022-02-28,0.337858915,2081301790.0,249,18995623.542972155,6417840.759977028,25774.46088344188,0.0012383817189453,Normal
2022-03-01,0.376716854,2316668756.0,265,8705729.117100783,3279594.8847704045,12375.829753850585,0.000534207996797,Normal
2022-03-02,0.376109559,2318029766.0,240,13085383.026640411,4921537.63949581,20506.40683123254,0.0008846481236786,Normal
2022-03-03,0.373790839,2303495833.0,199,9050302.186338156,3382920.0474348725,16999.598228315943,0.0007379912732976,Normal
2022-03-04,0.365578365,2253978810.0,219,6523822.16802142,2384968.241736026,10890.26594400012,0.0004831574234719,Retail Orders
2022-03-05,0.339730593,2090640402.0,194,4093040.021705993,1390530.9137469102,7167.685122406753,0.0003428463888648,Retail Orders
2022-03-06,0.34766622,2139395271.0,169,4945814.768315,1719492.725320252,10174.513167575456,0.0004755789313687,Retail Orders
2022-03-07,0.329680695,2031782065.0,214,58934788.1996422,19429661.93333584,90792.8127725974,0.0044686295019833,Normal
2022-03-08,0.33025302,2039088453.0,211,99650971.30762582,32910034.220276777,155971.72616244917,0.0076490907460623,Small Whale Orders
2022-03-09,0.335125025,2064216696.0,222,10481762.597865744,3512700.9526538225,15822.977264206407,0.00076653663808,Normal
2022-03-10,0.346950257,2139102021.0,216,6836022.399841496,2371759.728482764,10980.369113346129,0.0005133167565431,Normal
2022-03-11,0.326068036,2007491342.0,219,16535528.37467392,5391707.261352197,24619.66786005569,0.001226389740517,Normal
2022-03-12,0.319638392,1973881770.0,185,1768380.2704336732,565242.2260859445,3055.363384248348,0.0001547895841931,Retail Orders
2022-03-13,0.319600266,1972945144.0,207,3326999.040133048,1063309.778208267,5136.762213566507,0.0002603601133659,Retail Orders
2022-03-14,0.335616159,2068052230.0,264,19854544.81476552,6663506.069424971,25240.553293276404,0.0012204988310801,Normal
2022-03-15,0.365768175,2237343736.0,269,17126541.15585086,6264343.702637959,23287.52305813368,0.0010408558454128,Normal
2022-03-16,0.423680991,2626582541.0,316,129383374.2584388,54817276.22473924,173472.3931162634,0.0066044904513154,Small Whale Orders
2022-03-17,0.453533577,2681042205.0,261,25563521.052223984,11593915.143529948,44421.13081812241,0.0016568605572593,Normal
2022-03-18,0.409587601,2525497092.0,196,17855859.182299238,7313538.526271767,37313.97207281514,0.0014774902014741,Normal
2022-03-19,0.412285521,2538452603.0,353,23370154.562098607,9635176.34948535,27295.11713735227,0.0010752659752281,Normal
2022-03-20,0.410537496,2523608570.0,266,18902972.372723743,7760378.944855184,29174.35693554581,0.0011560571351026,Normal
2022-03-21,0.390113815,2410020789.0,247,100182594.04271372,39082613.958599314,158229.2063101187,0.0065654705981093,Small Whale Orders
2022-03-22,0.414041271,2552235132.0,212,45510987.66903087,18843427.17895087,88884.09046674937,0.0034825980315182,Normal
2022-03-23,0.409571352,2520285556.0,220,34647669.45505212,14190692.8223548,64503.14919252182,0.0025593587615086,Normal
2022-03-24,0.424151029,2611001377.0,178,23497778.21698112,9966606.809946325,55992.1730895861,0.0021444712202304,Normal
2022-03-25,0.436221957,2687702025.0,236,35988838.13991144,15699121.403548406,66521.70086249325,0.0024750400246654,Normal
2022-03-26,0.409367286,2520823082.0,226,8840617.84526545,3619059.733879485,16013.538645484448,0.0006352503973733,Normal
2022-03-27,0.410581045,2535577320.0,246,6005040.064792274,2465555.625069279,10022.583841745038,0.0003952781783733,Retail Orders
2022-03-28,0.429735606,2640648585.0,293,64495818.60743427,27716149.69373184,94594.36755539876,0.0035822399122978,Normal
2022-03-29,0.435656818,2934151423.0,274,25716029.48464196,11203363.576873297,40888.18823676385,0.0013935268615059,Normal
2022-03-30,0.489702499,3257614903.0,252,8509307.810213147,4167029.299421596,16535.830553260304,0.0005076054428051,Normal
2022-03-31,0.480636005,3226330854.0,290,10666653.517887443,5126777.733556616,17678.54390881592,0.0005479457845093,Normal
2022-04-01,0.469584476,3123937330.0,237,47702264.27782212,22400242.77491461,94515.79229921778,0.0030255341997919,Normal
2022-04-02,0.484346779,3237892083.0,273,15955916.6321597,7728196.826779079,28308.41328490505,0.0008742852621164,Normal
2022-04-03,0.511585563,3467655889.0,227,4369102.939969839,2235169.987349425,9846.56382092258,0.0002839544676897,Retail Orders
2022-04-04,0.516867599,3458174620.0,215,9765502.950589512,5047472.063098617,23476.61424697031,0.000678873013271,Normal
2022-04-05,0.493474061,3305897074.0,199,25557852.58616049,12612137.30613197,63377.57440267321,0.0019171067030828,Normal
2022-04-06,0.460330798,3119532715.0,183,11438536.931407811,5265510.833587429,28773.28324364715,0.0009223587592235,Normal
2022-04-07,0.412420806,2790706717.0,173,6421550.764856441,2648381.142212009,15308.561515676356,0.0005485550101851,Normal
2022-04-08,0.432010525,2897608846.0,213,16328354.462218167,7054020.983608962,33117.469406614844,0.0011429240855725,Normal
2022-04-09,0.394534908,2617747754.0,153,10127386.145551717,3995607.361215722,26115.080792259618,0.0009976163957109,Normal
2022-04-10,0.406409973,2718713433.0,160,2438522.075324841,991039.6907926726,6193.998067454204,0.0002278282805488,Retail Orders
2022-04-11,0.386878156,2608862868.0,204,13845058.28668076,5356350.619663571,26256.620684625348,0.0010064392807566,Normal
2022-04-12,0.347293433,2328420635.0,157,52652606.61122108,18285904.506409463,116470.72934018768,0.0050021343905581,Small Whale Orders
2022-04-13,0.373823177,2494064279.0,143,40425871.45013108,15112127.698481595,105679.21467469649,0.0042372289906284,Normal
2022-04-14,0.383735406,2573048093.0,196,74134906.51349904,28448188.4497296,145143.8186210694,0.0056409290994573,Small Whale Orders
2022-04-15,0.363958396,2436587604.0,127,25781037.614708405,9383225.097464938,73883.66218476329,0.0030322596266792,Normal
2022-04-16,0.369149392,2478291558.0,170,20131710.743773,7431608.780983671,43715.34577049218,0.0017639307057871,Normal
2022-04-17,0.363548611,2438218010.0,225,2706041.922639386,983777.7822833182,4372.34569903697,0.0001793254615093,Retail Orders
2022-04-18,0.349784698,2332499135.0,210,16463044.322347758,5758520.986453026,27421.52850691917,0.0011756286677859,Normal
2022-04-19,0.362326654,2421773010.0,234,102716491.47152016,37216922.66549545,159046.67805767286,0.0065673652072649,Small Whale Orders
2022-04-20,0.362140854,2425440593.0,131,9402408.675438909,3404996.3073804546,25992.33822427828,0.001071654292391,Normal
2022-04-21,0.362550097,2426297801.0,177,7614115.117978396,2760498.174592234,15596.034884701889,0.0006427914528164,Normal
2022-04-22,0.354071803,2448273691.0,182,24138490.10188329,8546758.71207147,46960.2127036894,0.0019180948958573,Normal
2022-04-23,0.353940901,2451103149.0,181,3072877.9501819364,1087617.1903504275,6008.93475331728,0.0002451522595354,Retail Orders
2022-04-24,0.354593365,2462674868.0,164,10063854.849989438,3568576.156129325,21759.61070810564,0.0008835762686682,Normal
2022-04-25,0.357393927,2493592327.0,169,20004247.93030828,7149396.724494497,42304.12263014496,0.0016965131858999,Normal
2022-04-26,0.359048862,2473997621.0,190,8472680.075049587,3042106.139036629,16011.084942298046,0.000647174629692,Normal
2022-04-27,0.338286264,2345101542.0,185,8719221.245472822,2949592.780120428,15943.74475740772,0.0006798743880322,Normal
2022-04-28,0.366721665,2535824752.0,185,118651674.96872228,43512139.79956865,235200.75567334407,0.0092751186961102,Small Whale Orders
2022-04-29,0.359380171,2476879105.0,175,19714888.5350705,7085140.012979576,40486.514359883295,0.0016345777344624,Normal
2022-04-30,0.349542815,2409499254.0,165,12103824.988654545,4230805.058801652,25641.24278061608,0.0010641730948058,Normal
2022-05-01,0.309831339,2132709380.0,154,6890817.947531593,2134991.351488945,13863.58020447367,0.0006500454461579,Normal
2022-05-02,0.3163679,2188965007.0,172,6630365.099723393,2097634.6828327803,12195.550481585931,0.0005571377542622,Normal
2022-05-03,0.308309066,2128972010.0,178,22631717.960257668,6977563.826302468,39199.79677698016,0.0018412546803271,Normal
2022-05-04,0.319624199,2216548400.0,228,17852550.638703592,5706107.198002574,25026.78595615164,0.001129088178546,Normal
2022-05-05,0.339260721,2388442568.0,246,21525440.513484925,7302736.4684475055,29685.920603445145,0.001242898657107,Normal
2022-05-06,0.302514266,2072972291.0,168,7056094.056190545,2134569.1142354454,12705.768537115746,0.0006129251506293,Normal
2022-05-07,0.29666529,2054025353.0,174,103759525.02346852,30781849.581349544,176907.18150200887,0.0086127068121933,Small Whale Orders
2022-05-08,0.293324393,2035466781.0,180,16570820.180839969,4860625.771057034,27003.47650587241,0.0013266478607234,Normal
2022-05-09,0.298810808,2078019144.0,227,60065928.63846987,17948348.66973152,79067.61528516088,0.0038049512447206,Normal
2022-05-10,0.240913925,1685401695.0,250,153278475.6629398,36926919.18997579,147707.67675990317,0.0087639449514083,Small Whale Orders
2022-05-11,0.246222851,1701517425.0,458,76750155.80293015,18897642.17649165,41261.22745958876,0.0024249664948091,Normal
2022-05-12,0.151336452,1068161361.0,549,85793756.28947951,12983722.680602515,23649.76808852917,0.0022140632447506,Normal
2022-05-13,0.134561265,941413272.2,459,16314639.530653477,2195318.533263738,4782.829048504876,0.000508047760717,Normal
2022-05-14,0.148722231,1036592127.0,411,13167714.90878622,1958331.9384066488,4764.797903665812,0.0004596598584493,Retail Orders
2022-05-15,0.193459073,1306939265.0,429,17370227.89586481,3360428.186532747,7833.16593597377,0.0005993519473893,Normal
2022-05-16,0.199401065,1376104740.0,310,14517968.509892192,2894898.3825089657,9338.38187906118,0.0006786098185419,Normal
2022-05-17,0.172954129,1191054877.0,288,8291221.237882673,1434000.9475442995,4979.16995675104,0.0004180470650766,Retail Orders
2022-05-18,0.18017471,1248725989.0,291,91657027.10224904,16514278.27760986,56750.09717391705,0.0045446397106993,Normal
2022-05-19,0.15724902,1092844773.0,241,55718521.08667803,8761682.836729454,36355.53044286081,0.0033266874986335,Normal
2022-05-20,0.16180664,1122544969.0,191,19986124.25427325,3233887.6122064614,16931.34875500765,0.0015083002661435,Normal
2022-05-21,0.151407434,1047932427.0,195,9208225.835418746,1394193.8454332585,7149.712027862864,0.0006822684214793,Normal
2022-05-22,0.158343614,1098764217.0,198,4012338.2909381767,635328.1455777343,3208.728007968355,0.0002920306247985,Retail Orders
2022-05-23,0.163428944,1131713322.0,186,22465284.410431776,3671477.707856528,19739.127461594235,0.0017441808873214,Normal
2022-05-24,0.15459374,1071650247.0,212,31294515.45748201,4837936.186059955,22820.453707829973,0.0021294684316747,Normal
2022-05-25,0.15498257,1071083290.0,199,22958699.47571622,3558198.2486041514,17880.39320906609,0.0016693746766477,Normal
2022-05-26,0.150868416,1045889558.0,198,239731610.991792,36167928.41545984,182666.30512858505,0.0174651619505493,Small Whale Orders
2022-05-27,0.13917203,963927160.5,210,9007835.53152687,1253638.7568287232,5969.708365851063,0.0006193111482359,Normal
2022-05-28,0.135376073,932513388.5,186,15804729.260946443,2139582.182175122,11503.130011694206,0.0012335619148801,Normal
2022-05-29,0.137791944,959484765.4,130,5090278.745461564,701399.40383903,5395.380029530999,0.0005623205520393,Normal
2022-05-30,0.142334231,986498174.0,202,17584222.221952464,2502836.7476947154,12390.28092918176,0.0012559862000496,Normal
2022-05-31,0.156799174,1081055584.0,179,14699959.448490202,2304941.49935676,12876.76815283106,0.0011911291466795,Normal
2022-06-01,0.162604957,1131982397.0,197,45890508.707370006,7462024.1950700255,37878.29540644683,0.0033461912046364,Normal
2022-06-02,0.147965059,1027030122.0,178,43699909.16952848,6466059.638563923,36326.17774474114,0.0035370119110042,Normal
2022-06-03,0.152211886,1055707674.0,202,7542663.765744786,1148083.077247876,5683.57959033602,0.0005383667970131,Normal
2022-06-04,0.148265071,1087558961.0,229,16177526.85719111,2398562.1680858466,10474.070602994963,0.0009630807136529,Normal
2022-06-05,0.165395721,1222093151.0,162,5616776.71629708,928990.834687968,5734.511325234371,0.000469236843406,Retail Orders
2022-06-06,0.156123453,1161045797.0,184,14544933.591442158,2270805.255951641,12341.33291278066,0.0010629497083292,Normal
2022-06-07,0.158604497,1178233355.0,231,9703128.409122454,1538959.8006552772,6662.163639200334,0.0005654366862836,Normal
2022-06-08,0.155445336,1155299790.0,278,9711015.110486256,1509532.0067506132,5429.971247304364,0.0004700053868532,Retail Orders
2022-06-09,0.148503489,1099186155.0,188,4548627.935831697,675487.118633875,3593.0165884780586,0.0003268797166097,Retail Orders
2022-06-10,0.147912255,1091688689.0,194,7002009.306301521,1035682.9860260437,5338.572092917751,0.0004890196396381,Retail Orders
2022-06-11,0.137332853,1016300624.0,275,14604699.34798512,2005705.028666036,7293.472831512859,0.0007176491541259,Normal
2022-06-12,0.122639971,903576870.9,230,19036779.4562245,2334670.080444769,10150.739480194648,0.001123395231452,Normal
2022-06-13,0.112244631,840332627.2,411,72490568.12341657,8136677.069993256,19797.267810202567,0.0023558847020098,Normal
2022-06-14,0.105182847,774573046.8,436,89087603.42669041,9370487.760826252,21491.9444055648,0.0027746827099593,Normal
2022-06-15,0.105607829,780212343.8,358,58508110.10832308,6178914.487432955,17259.537674393727,0.0022121590117802,Normal
2022-06-16,0.111638387,827279959.9,370,24933231.89016894,2783505.7909154217,7522.988624095734,0.000909364300932,Normal
2022-06-17,0.097396458,719367626.4,348,93607381.31008495,9117027.382257676,26198.35454671746,0.0036418589863189,Normal
2022-06-18,0.098925279,734036312.5,390,51514512.972735554,5096087.568376984,13066.891200966627,0.001780142341523,Normal
2022-06-19,0.099388009,731324096.0,397,63322389.43673161,6293486.211239385,15852.610103877543,0.0021676586605834,Normal
2022-06-20,0.102989363,760922974.8,384,45280199.15758383,4663378.867752695,12144.215801439308,0.0015959849030227,Normal
2022-06-21,0.10449774,774845345.5,315,49448157.55065445,5167220.711207326,16403.87527367405,0.0021170515340824,Normal
2022-06-22,0.10940258,810265068.3,315,100850757.96707,11033333.116553014,35026.45433826354,0.0043228389953613,Normal
2022-06-23,0.104717732,778979306.9,280,10438826.18422946,1093130.2027547234,3904.036438409727,0.0005011733179339,Normal
2022-06-24,0.111778106,826477095.1,313,47183957.6347313,5274133.417994505,16850.26651116455,0.0020388062308158,Normal
2022-06-25,0.116823975,869291138.4,274,18426859.742283765,2152699.0018610647,7856.565700222864,0.0009037899218302,Normal
2022-06-26,0.116231172,859839833.2,291,7498300.648845924,871536.2724237221,2994.9700083289417,0.0003483171973067,Retail Orders
2022-06-27,0.108388692,801013812.0,246,27021688.736050136,2928845.497731608,11905.876007039056,0.001486350900406,Normal
2022-06-28,0.108438137,801489139.3,267,13772144.671873398,1493425.7107124275,5593.354721769392,0.0006978703075944,Normal
2022-06-29,0.100005226,735133806.3,289,25414993.297949232,2541632.1485498985,8794.574908477158,0.0011963230140021,Normal
2022-06-30,0.094304027,700376218.9,340,31714568.38022752,2990811.5128223216,8796.504449477416,0.0012559684655331,Normal
2022-07-01,0.09450484,693508749.1,436,41820288.80466048,3952219.702238232,9064.724087702363,0.0013070814318443,Normal
2022-07-02,0.092267942,692141596.8,571,16115421.928972377,1486936.8158479512,2604.0924971067448,0.0003762369591925,Retail Orders
2022-07-03,0.094196486,695965791.9,399,8303394.71884981,782150.60438661,1960.277203976466,0.0002816628671683,Retail Orders
2022-07-04,0.094522727,698974614.4,393,18675285.210345622,1765238.885584637,4491.701998943096,0.0006426130372129,Normal
2022-07-05,0.098394328,726472561.1,327,14522276.743208062,1428909.6611779858,4369.754315529009,0.0006015030091312,Normal
2022-07-06,0.096350013,713146075.6,369,49502447.09993108,4769561.421610173,12925.640708970655,0.0018124815029088,Normal
2022-07-07,0.098831566,733497887.4,355,108223721.3368676,10695919.85807024,30129.351712873915,0.0041076262427519,Normal
2022-07-08,0.102829508,761093452.4,304,55051726.16795692,5660941.916401736,18621.519461847813,0.002446679760958,Normal
2022-07-09,0.100979613,747707010.1,322,10971063.255516972,1107853.721740624,3440.5395085112546,0.000460145412847,Retail Orders
2022-07-10,0.106045506,789457688.2,317,15279571.741340568,1620329.9167737616,5111.450841557607,0.0006474635585869,Normal
2022-07-11,0.100371271,743774093.2,310,12642612.426014246,1268955.0779594432,4093.403477288527,0.0005503557484339,Normal
2022-07-12,0.091804979,680080301.2,333,25427639.73675942,2334383.932052764,7010.161958116409,0.0010307844449761,Normal
2022-07-13,0.087568652,658454815.7,296,17458132.232914455,1528785.106074069,5164.81454754753,0.0007843840495048,Normal
2022-07-14,0.093824143,691833404.1,296,16948996.787298195,1590225.0982780063,5372.382088777049,0.0007765427423623,Normal
2022-07-15,0.096174409,713315983.4,265,13435549.119060418,1292155.9961161062,4876.060362702287,0.0006835764901076,Normal
2022-07-16,0.098710219,730826564.6,424,7610781.043381454,751261.8635532318,1771.844017814226,0.0002424438442223,Retail Orders
2022-07-17,0.100656453,744373041.0,442,17046053.768736485,1715795.310008297,3881.889841647731,0.0005214979086873,Normal
2022-07-18,0.098692063,730915220.8,442,76353017.90059572,7535436.85288572,17048.499667162265,0.0023324866115802,Normal
2022-07-19,0.110633889,815782470.3,420,81919228.48738113,9063042.83143856,21578.67340818705,0.0026451504161705,Normal
2022-07-20,0.114301944,842525956.3,410,49618864.87089855,5671532.713817013,13833.006619065887,0.0016418493122531,Normal
2022-07-21,0.105754142,787817043.8,413,15453140.384000467,1634233.6025155198,3956.9820884153023,0.0005022717037611,Normal
2022-07-22,0.107100274,794087161.5,408,22758981.805335093,2437493.187312403,5974.248008118635,0.000752341593942,Normal
2022-07-23,0.104168058,768911089.1,359,10503091.769862471,1094086.6726623564,3047.5951884745305,0.0003963520921569,Retail Orders
2022-07-24,0.106732023,789319391.9,285,13841805.877403976,1477363.9432686165,5183.733134275847,0.0006567345471898,Normal
2022-07-25,0.105174678,780392108.1,281,20610595.307119124,2167712.724814565,7714.280159482438,0.000988513348535,Normal
2022-07-26,0.096452863,716217749.1,325,80264218.39988288,7741713.661125983,23820.65741884918,0.0033258959930527,Normal
2022-07-27,0.09726528,718703511.4,416,36044887.01769401,3505916.0283443723,8427.682760443202,0.001172623011682,Normal
2022-07-28,0.110937424,818229525.6,324,131478463.74966627,14585882.07986536,45018.15456748568,0.0055018980810395,Small Whale Orders
2022-07-29,0.115010792,851142880.9,387,81176613.1248882,9336186.567370988,24124.51309398188,0.0028343670181994,Normal
2022-07-30,0.127642304,953446377.8,350,31742637.15957569,4051703.342084257,11576.295263097876,0.0012141527339806,Normal
2022-07-31,0.132340811,968845448.2,327,22596648.891993582,2990458.840248682,9145.134068038784,0.0009439208374286,Normal
2022-08-01,0.12871151,952488101.7,298,78794727.0028249,10141788.292571368,34032.846619367,0.0035730469030138,Normal
2022-08-02,0.124358966,914449250.7,296,9257502.394222634,1151253.4254880513,3889.369680702876,0.0004253237320415,Retail Orders
2022-08-03,0.117789092,878685731.7,338,31840651.2688606,3750481.401647737,11096.098821443007,0.0012628063050455,Normal
2022-08-04,0.118289476,874561991.7,244,11096015.956875006,1312541.9132263833,5379.270136173702,0.0006150816279721,Normal
2022-08-05,0.120624088,890102410.3,328,26383500.850003675,3182485.728278918,9702.700391094262,0.0010900656237773,Normal
2022-08-06,0.130670679,960167606.8,296,15039163.827879362,1965177.7489812355,6639.114016828498,0.0006914536555711,Normal
2022-08-07,0.12803776,947161730.1,278,18113622.421758343,2319227.6403677138,8342.54546894861,0.0008807941879226,Normal
2022-08-08,0.128388169,948581643.2,407,60057263.25934264,7710642.065017974,18945.06649881566,0.00199719935913,Normal
2022-08-09,0.148824719,1101325755.0,316,111057416.21717456,16528088.761387046,52304.07835881977,0.0047491923367232,Normal
2022-08-10,0.140448158,1040927746.0,260,22461579.36337985,3154687.447357512,12133.413259067354,0.001165634531858,Normal
2022-08-11,0.146691343,1079895212.0,266,19324947.76384805,2834802.5408837176,10657.152409337285,0.0009868691231253,Normal
2022-08-12,0.142153624,1050305162.0,233,31800435.220183928,4520547.111326383,19401.489748181903,0.0018472240687875,Normal
2022-08-13,0.146363631,1083086987.0,245,9199471.680913016,1346468.0785001025,5495.788075510622,0.0005074189000029,Normal
2022-08-14,0.143785466,1061458935.0,286,24370072.59897585,3504062.245097574,12251.96589194956,0.0011542571726479,Normal
2022-08-15,0.13953064,1031613360.0,274,34714348.06870836,4843715.203209642,17677.79271244395,0.0017136064147563,Normal
2022-08-16,0.134615467,997131307.7,247,16221858.673881644,2183713.080992578,8840.943647743232,0.0008866378559646,Normal
2022-08-17,0.130873407,965574415.7,288,12935961.412472395,1692973.3428707947,5878.379662745815,0.0006087961287255,Normal
2022-08-18,0.122791318,909431213.5,284,110764174.24233444,13600878.942397894,47890.41881126019,0.00526597483134,Small Whale Orders
2022-08-19,0.115044737,854964887.6,406,81948912.22414106,9427791.054262392,23221.16023217338,0.0027160367131986,Normal
2022-08-20,0.106130694,785451832.3,314,26339278.776819568,2795405.936043332,8902.566675297236,0.0011334325427987,Normal
2022-08-21,0.102984086,761663653.6,299,13665401.258406766,1407318.8584202705,4706.752034850403,0.0006179567598642,Normal
2022-08-22,0.108792307,806797390.9,245,21345759.22134001,2322254.390356104,9478.58934839226,0.0011748413486834,Normal
2022-08-23,0.111412698,823193685.0,244,20873469.77889099,2325569.5846877084,9531.02288806438,0.001157810496088,Normal
2022-08-24,0.113684766,840013500.1,292,30033693.211644616,3414373.384881607,11693.059537265775,0.0013920085255622,Normal
2022-08-25,0.114952986,850149534.6,243,12747852.685074264,1465403.7312374045,6030.468029783557,0.0007093420374123,Normal
2022-08-26,0.11618537,860698553.6,217,8277354.013657795,961707.438697816,4431.831514736479,0.0005149109983047,Normal
2022-08-27,0.102169745,752465807.7,225,38952040.25902715,3979720.0204945374,17687.644535531283,0.0023506243545597,Normal
2022-08-28,0.104068191,770364219.5,197,6793864.09427609,707025.1461911662,3588.9601329500824,0.0004658783523564,Retail Orders
2022-08-29,0.099610354,741504490.6,217,11003658.81820324,1096078.3501764464,5051.052304960583,0.0006811897121315,Normal
2022-08-30,0.106729943,788296736.7,223,10398524.125968082,1109833.8872486982,4976.83357510627,0.0006313401214802,Normal
2022-08-31,0.102941392,766044759.2,223,10232625.189743064,1053360.6808464152,4723.590497069126,0.0006166206922428,Normal
2022-09-01,0.102638889,758212122.3,186,107054008.61564998,10987904.507306742,59074.755415627646,0.0077913229923609,Small Whale Orders
2022-09-02,0.105112056,776121530.7,277,35149343.49921504,3694619.762252727,13337.977481056776,0.0017185423871731,Normal
2022-09-03,0.103039252,762791297.7,247,10447821.768617032,1076535.740067616,4358.444291771725,0.0005713809668402,Normal
2022-09-04,0.101844645,753453989.5,236,7918894.938132655,806497.0437664172,3417.3603549424456,0.0004535592620871,Retail Orders
2022-09-05,0.104582643,774663836.6,234,3777679.944613003,395079.7530157215,1688.3750128876989,0.000217949377926,Retail Orders
2022-09-06,0.104235179,770717882.9,238,8234958.5413313,858372.3776132469,3606.606628627088,0.0004679541903266,Retail Orders
2022-09-07,0.098198261,729905418.2,246,15265304.737902949,1499026.37889713,6093.603166248496,0.00083484832614,Normal
2022-09-08,0.104355848,776345802.6,222,12156455.423912182,1268597.2144365553,5714.40186683133,0.0007360639869106,Normal
2022-09-09,0.104289405,771518056.2,211,59976232.28526108,6254885.579171668,29644.00748422592,0.0038422960092772,Normal
2022-09-10,0.112692153,833545205.4,234,6363834.192844902,717154.1765267092,3064.76143814833,0.000367677891768,Retail Orders
2022-09-11,0.117222438,867375224.9,224,2128589.181540627,249518.4133606169,1113.9214882170395,0.0001284244069048,Retail Orders
2022-09-12,0.116573019,862273482.5,269,18230387.83610236,2125171.347595329,7900.26523269639,0.0009162134047994,Normal
2022-09-13,0.128130488,948399728.8,271,76014467.39659958,9739770.802586392,35940.113662680415,0.0037895533466837,Normal
2022-09-14,0.108604231,804440969.8,262,59579362.215957165,6470570.816934484,24696.83517913925,0.0030700618325393,Normal
2022-09-15,0.11332395,835913464.7,237,65241116.42282348,7393381.0154442275,31195.70048710645,0.0037319294166773,Normal
2022-09-16,0.108594459,804321695.9,240,77390829.42959759,8404215.253468428,35017.563556118446,0.0043536763629054,Normal
2022-09-17,0.105790399,780587857.0,218,24147636.72261649,2554588.12379265,11718.294145837846,0.0015012139941395,Normal
2022-09-18,0.10924285,808213868.8,283,8252724.843743075,901551.182196298,3185.693223308474,0.0003941646321954,Retail Orders
2022-09-19,0.099996311,740361466.2,307,37895599.7321736,3789420.176349948,12343.388196579634,0.0016672110529919,Normal
2022-09-20,0.101741054,753997777.1,247,24644897.70901504,2507397.868637375,10151.4083750501,0.0013463446025125,Normal
2022-09-21,0.096877822,717969798.5,230,24114341.82887968,2336144.91534536,10157.151805849391,0.0014147046055516,Normal
2022-09-22,0.093870473,692329253.5,512,54956002.12982623,5158745.914115795,10075.675613507412,0.0014553300416775,Normal
2022-09-23,0.100549906,744254378.1,394,14679436.154001318,1476015.925417834,3746.2333132432336,0.0005033538832256,Normal
2022-09-24,0.103151264,765047516.2,317,2944132.435446524,303690.9820997073,958.0157164028624,0.0001252230346634,Retail Orders
2022-09-25,0.100849796,747443423.6,323,7622539.962196033,768731.6001893177,2379.9739943941727,0.0003184152698716,Retail Orders
2022-09-26,0.101542414,750494343.0,317,22795967.29810953,2314757.5489151,7302.074286798422,0.0009729685979522,Normal
2022-09-27,0.102437113,757756990.2,300,5148386.359413884,527385.8352669385,1757.9527842231284,0.0002319942682098,Retail Orders
2022-09-28,0.099724031,740860384.2,291,18558639.32126498,1850742.322991648,6359.939254266831,0.000858453143116,Normal
2022-09-29,0.099169156,733648918.1,278,14278845.159333035,1416021.0231057426,5093.600802538643,0.0006942831478208,Normal
2022-09-30,0.099303956,734311197.0,292,10037778.331556091,996791.0977745994,3413.668143063697,0.0004648803064708,Retail Orders
2022-10-01,0.098990582,732815951.8,225,2564385.7235957803,253850.0352512374,1128.2223788943884,0.0001539571260864,Retail Orders
2022-10-02,0.098027222,725603688.7,269,3695281.5730546913,362238.1871143414,1346.6103610198566,0.0001855848284664,Retail Orders
2022-10-03,0.094973635,705959205.2,242,19473332.70638056,1849453.1926893487,7642.368564832022,0.0010825510183222,Normal
2022-10-04,0.098258512,727675944.9,256,78027507.36767012,7666866.769016304,29948.698316469938,0.0041156641945317,Normal
2022-10-05,0.101210205,748964198.1,258,13822588.493379723,1398987.0150456033,5422.430290874431,0.00072399058655,Normal
2022-10-06,0.100458551,743121328.7,424,56161727.59167723,5641925.775516613,13306.42871584107,0.0017906132150881,Normal
2022-10-07,0.099635297,737122561.0,282,56606025.11117151,5639958.123941031,19999.85150333699,0.0027132328545479,Normal
2022-10-08,0.097550923,720933555.5,277,4314371.62080105,420870.9337741485,1519.3896526142546,0.0002107530771765,Retail Orders
2022-10-09,0.096594912,714825898.3,270,10817305.428362835,1044896.6659298306,3869.9876515919655,0.0005413888417858,Normal
2022-10-10,0.096579951,714069120.8,255,139114764.2368858,13435697.11337498,52689.00828774502,0.0073786986095569,Small Whale Orders
2022-10-11,0.09163597,678523001.8,254,5978199.631792001,547818.1221129029,2156.76426028702,0.0003178616280605,Retail Orders
2022-10-12,0.088761447,655093229.3,258,8772300.902024813,778642.1215831275,3017.992719314448,0.0004606966740503,Retail Orders
2022-10-13,0.087747078,649706734.6,352,13839158.127853548,1214345.6876990993,3449.845703690623,0.0005309850614084,Normal
2022-10-14,0.088141656,651860222.7,301,14789385.096301597,1303560.8936097422,4330.767088404459,0.0006643705103628,Normal
2022-10-15,0.085652933,634130351.6,251,44168429.255198345,3783155.511710744,15072.332715979055,0.0023768508600715,Normal
2022-10-16,0.084984843,629860744.8,234,15615848.71026301,1327110.4509534547,5671.4121835617725,0.0009004231856618,Normal
2022-10-17,0.0862486,637969032.0,278,93102639.6076204,8029972.322461809,28884.79252684104,0.0045276167146058,Normal
2022-10-18,0.087176696,644919548.8,272,56513662.62269796,4926674.386305503,18112.773479064348,0.0028085322444895,Normal
2022-10-19,0.083536477,617677945.7,274,21081158.76274738,1761045.734117595,6427.174212108011,0.0010405380760072,Normal
2022-10-20,0.079289159,586104717.9,285,67426980.20631011,5346228.554467975,18758.69668234377,0.0032005708381866,Normal
2022-10-21,0.078245723,579118515.5,271,26029769.42889183,2036718.1284869383,7515.5650497673,0.0012977594134213,Normal
2022-10-22,0.078746397,582868522.1,252,18689918.55217742,1471763.7462074284,5840.332326219954,0.0010019982388443,Normal
2022-10-23,0.078442289,580105112.1,260,8213173.236964945,644260.1086610697,2477.923494850268,0.0004271507771893,Retail Orders
2022-10-24,0.080466144,595084842.2,225,3467476.1386197805,279014.4342867432,1240.0641523855254,0.0002083844293195,Retail Orders
2022-10-25,0.079731137,589702796.9,242,17648137.325244583,1407106.054873889,5814.487830057393,0.0009860030952241,Normal
2022-10-26,0.081305509,601668269.3,292,26008344.41115289,2114621.680596092,7241.85507053456,0.0012036292156406,Normal
2022-10-27,0.082585232,611718056.0,290,55734711.27777055,4602864.061327697,15871.945039061024,0.0025946504085308,Normal
2022-10-28,0.080450538,596052100.6,262,24083459.59275409,1937527.281138328,7395.142294421097,0.0012406872296862,Normal
2022-10-29,0.082441374,608668915.5,278,13431590.894468876,1107318.8083459032,3983.1611811003713,0.0006544052241978,Normal
2022-10-30,0.084092865,621375435.6,312,7584938.888447283,637839.2419794474,2044.3565448059207,0.0003290050471389,Retail Orders
2022-10-31,0.083638822,616980369.8,266,24678204.966327664,2064055.992458196,7759.608994203742,0.001257675182878,Normal
2022-11-01,0.084444947,624921164.8,263,67371558.56669524,5689187.692471977,21631.8923668136,0.0034615394045321,Normal
2022-11-02,0.082357816,609700786.4,278,27624554.35723772,2275097.964835382,8183.805628904252,0.0013422658804863,Normal
2022-11-03,0.081420574,601812538.7,279,46645440.676805474,3797898.55438845,13612.53962146398,0.0022619235635849,Normal
2022-11-04,0.086835282,641094482.8,358,41168756.64807327,3574900.593124817,9985.755846717366,0.0015576106353472,Normal
2022-11-05,0.094841361,701830997.5,326,4943882.241128338,468884.52037234174,1438.2960747617844,0.0002049348176249,Retail Orders
2022-11-06,0.09863014,731517886.3,443,29254814.416891545,2885406.441612032,6513.332825309327,0.0008903859970196,Normal
2022-11-07,0.090457249,670560396.3,524,30777974.247111127,2784090.8801865187,5313.150534707097,0.0007923448154743,Normal
2022-11-08,0.090372457,669118288.6,656,39675641.427342586,3585585.1988399364,5465.831095792586,0.0008168706772652,Normal
2022-11-09,0.075454081,559565739.7,1126,64246842.14892359,4847686.431499095,4305.227736677704,0.0007693873000491,Normal
2022-11-10,0.057818247,429124434.1,1038,62383468.54743682,3606902.7931924337,3474.8581822663136,0.0008097553777272,Normal
2022-11-11,0.069801812,512978399.2,1130,28569721.61779689,1994218.337257795,1764.7949887237123,0.0003440291036573,Retail Orders
2022-11-12,0.066286572,486260977.0,1028,65764918.552762985,4359331.008721859,4240.594366460952,0.0008720819821124,Normal
2022-11-13,0.061831276,456333602.7,1749,19562040.15181285,1209545.9037498224,691.5642674384347,0.0001515479603839,Retail Orders
2022-11-14,0.062111387,457608937.0,1266,48106017.70511073,2987931.482710984,2360.1354523783443,0.0005157537935886,Normal
2022-11-15,0.063928833,473369057.9,825,67575157.70490061,4320000.971865254,5236.364814382127,0.0011061907674346,Normal
2022-11-16,0.064531125,477149233.6,845,12862635.628807882,830040.347592055,982.29626933971,0.0002058677244283,Retail Orders
2022-11-17,0.062258249,459906122.4,783,21829817.373202737,1359086.205645382,1735.7422805177291,0.0003774123013322,Retail Orders
2022-11-18,0.060876951,450534142.6,685,78181859.96551406,4759473.258209461,6948.1361433714765,0.001542199688413,Normal
2022-11-19,0.060855491,450086498.6,606,14222060.95885861,865490.5026832714,1428.202149642362,0.0003173172610342,Retail Orders
2022-11-20,0.060357258,446505013.8,565,18535133.856451333,1118729.856238368,1980.0528428997663,0.0004434559034507,Retail Orders
2022-11-21,0.057182717,422937064.3,630,12755847.856703607,729414.0380849389,1157.800060452284,0.000273752328226,Retail Orders
2022-11-22,0.053987092,399515440.7,589,14133359.276227918,763018.96751477,1295.4481621642954,0.0003242548422895,Retail Orders
2022-11-23,0.055018022,408367628.6,600,34485531.89657044,1897325.7525672133,3162.209587612023,0.0007743536377878,Normal
2022-11-24,0.062316576,461958948.9,502,49843264.39750283,3106061.5739150792,6187.37365321729,0.001339377377135,Normal
2022-11-25,0.062302598,460196373.6,403,30942817.6692022,1927817.9302316017,4783.66732067395,0.0010394839236242,Normal
2022-11-26,0.062593309,462955192.1,421,12913336.59199506,808288.4675237538,1919.925101006541,0.0004147107827644,Retail Orders
2022-11-27,0.062968624,465470001.3,416,14249592.150084836,897277.2102520436,2156.9163707981816,0.0004633846144271,Retail Orders
2022-11-28,0.063012266,467009720.8,422,61633950.21474165,3883694.865562058,9203.068401805824,0.0019706374389896,Normal
2022-11-29,0.062397919,461534006.0,465,13908128.518380277,867838.2767314825,1866.31887469136,0.0004043729931985,Retail Orders
2022-11-30,0.062698373,464227685.8,499,15919575.83685783,998131.5038210992,2000.2635347116216,0.0004308798453639,Retail Orders
2022-12-01,0.064889096,481019347.8,500,55926620.9211699,3629027.8739094017,7258.055747818804,0.0015088906051314,Normal
2022-12-02,0.064364137,476056332.4,452,42507623.49250519,2735966.502016023,6053.023234548723,0.0012714930613427,Normal
2022-12-03,0.065067174,481922090.9,366,5883788.111099629,382841.4648040509,1046.014931158609,0.0002170506293258,Retail Orders
2022-12-04,0.063024766,467468420.2,405,11704514.024396664,737674.2575313181,1821.417919830415,0.0003896344311453,Retail Orders
2022-12-05,0.06418809,475068755.5,402,14774910.989056056,948373.3163075192,2359.1376027550227,0.0004965886675228,Retail Orders
2022-12-06,0.064180717,475246289.4,358,11353345.930819845,728665.8821890501,2035.3795591872904,0.0004282788955084,Retail Orders
2022-12-07,0.064365426,475456793.2,323,28129135.828584764,1810543.8106187207,5605.398794485206,0.001178950195823,Normal
2022-12-08,0.061838123,457705103.9,362,20004462.50674268,1237038.4130408424,3417.2331851956974,0.0007466015030372,Normal
2022-12-09,0.063700951,471718451.5,389,25698286.50371308,1637005.2893569884,4208.239818398428,0.000892108376303,Normal
2022-12-10,0.065623821,485148482.5,515,48026262.91173983,3151666.880618953,6119.7415157649575,0.0012614161924674,Normal
2022-12-11,0.072502765,534167628.9,384,45460740.29315809,3296029.370200872,8583.409818231437,0.0016068756985343,Normal
2022-12-12,0.069760796,517228888.4,584,87705965.89859053,6118437.995034531,10476.77738875776,0.0020255592105782,Normal
2022-12-13,0.06812718,503833354.3,1041,34286213.2508856,2335823.0216614683,2243.826149530709,0.0004453508546785,Retail Orders
2022-12-14,0.067065952,496459406.1,736,115902636.7417705,7773120.6723970175,10561.305261408992,0.0021273250404045,Normal
2022-12-15,0.065918498,487208463.9,649,118349667.53208356,7801432.322514316,12020.696953026682,0.0024672594677037,Normal
2022-12-16,0.063816071,472895674.3,746,26954283.20635588,1720116.450850914,2305.7861271459974,0.000487588754234,Retail Orders
2022-12-17,0.056193114,415016202.1,645,21466368.398226324,1206262.0865675292,1870.1737776240764,0.0004506266907559,Retail Orders
2022-12-18,0.058262871,430187705.5,657,19150277.31372247,1115750.136743639,1698.2498276158883,0.000394769493852,Retail Orders
2022-12-19,0.058129352,430593519.8,595,116618718.38165124,6778970.530595875,11393.227782514075,0.002645935727924,Normal
2022-12-20,0.055000478,407685902.1,514,179504942.64959845,9872857.6490905,19207.894258930934,0.0047114443153394,Normal
2022-12-21,0.05776517,427385540.2,470,130660824.50776634,7547644.740031288,16058.818595811252,0.0037574548236461,Normal
2022-12-22,0.057458736,424885885.9,388,14818809.474751538,851470.0614440474,2194.510467639297,0.0005164940847566,Normal
2022-12-23,0.058626433,433350808.8,376,16795159.52545583,984640.294643448,2618.7241878815103,0.000604296596361,Normal
2022-12-24,0.058507788,432760600.2,342,10520737.385348257,615545.0725456302,1799.839393408275,0.0004158972403163,Retail Orders
2022-12-25,0.058128536,430495626.4,346,13683660.74733295,795411.1663631302,2298.876203361648,0.0005340068661291,Normal
2022-12-26,0.058125901,429194967.3,422,18694604.94927319,1086640.7565155637,2574.978096008444,0.0005999553331688,Normal
2022-12-27,0.060012832,443247013.9,336,12263469.477702957,735965.5335025153,2190.3736116146288,0.0004941654524284,Retail Orders
2022-12-28,0.059357283,438869951.8,343,14797537.645725692,878341.6297404936,2560.762768922722,0.0005834901110043,Normal
2022-12-29,0.056213452,415510739.8,341,13630170.40331822,766198.9297187494,2246.917682459676,0.0005407604346258,Normal
2022-12-30,0.055368163,410669302.2,392,109330498.83466113,6053428.880348827,15442.420613134762,0.0037603055622633,Normal
2022-12-31,0.055322088,409491029.8,295,38298383.009444885,2118746.5151062147,7182.191576631236,0.0017539313572116,Normal
2023-01-01,0.055631195,411705943.3,237,11669539.41053639,649190.422507735,2739.200094969346,0.0006653292573367,Normal
2023-01-02,0.056702418,419647482.8,319,8378467.705922294,475079.378060707,1489.2770472122477,0.0003548876398055,Retail Orders
2023-01-03,0.059669368,442107924.7,300,18170152.6217852,1084201.523405466,3614.00507801822,0.0008174486083846,Normal
2023-01-04,0.060250525,445548747.4,269,12079649.10272931,727805.2002552197,2705.595539982229,0.0006072501731338,Normal
2023-01-05,0.061247187,452790194.9,308,6718996.184807966,411519.6157832201,1336.1026486468186,0.0002950820631047,Retail Orders
2023-01-06,0.060914749,450897603.3,367,6514116.676531477,396805.7823076291,1081.2146656883626,0.0002397916195994,Retail Orders
2023-01-07,0.062216674,460257792.6,333,13347829.57746404,830457.5614286378,2493.8665508367503,0.0005418412443923,Normal
2023-01-08,0.064405988,473033746.3,538,28578511.72722379,1840627.2833614347,3421.240303645789,0.0007232550173018,Normal
2023-01-09,0.070074218,518784007.4,469,14761770.536013978,1034419.5266066204,2205.585344577016,0.000425145207469,Retail Orders
2023-01-10,0.070914802,526067757.4,401,120960075.2369736,8577859.785335086,21391.171534501464,0.0040662388510985,Normal
2023-01-11,0.072824483,536706487.9,383,172735849.96690163,12579398.969405178,32844.3837321284,0.0061196174208067,Small Whale Orders
2023-01-12,0.07224792,533244824.3,461,192663667.51483995,13919549.237518754,30194.249972925714,0.0056623615639518,Small Whale Orders
2023-01-13,0.073682592,545169681.2,509,32912974.38722632,2425113.263280446,4764.466136110897,0.0008739418754219,Normal
2023-01-14,0.076409443,565824686.4,553,19887714.274463333,1519609.1702548924,2747.937016735791,0.0004856516661051,Retail Orders
2023-01-15,0.08211836,609326492.4,618,51886030.69255082,4260795.747381938,6894.491500618022,0.0011314938028481,Normal
2023-01-16,0.084978224,628427295.8,484,34880383.552869305,2964073.046761644,6124.117865210009,0.000974514936913,Normal
2023-01-17,0.081673226,720215984.3,383,21676563.05377408,1770394.83319414,4622.440817739269,0.0006418131391837,Normal
2023-01-18,0.081347687,717522131.9,414,29531997.56972437,2402359.694786698,5802.801195136952,0.0008087278339096,Normal
2023-01-19,0.074911286,659611914.0,407,130480137.03715286,9774434.862909349,24015.810473978745,0.0036409000450496,Normal
2023-01-20,0.078107258,692215873.6,480,18147774.49263417,1417472.904421996,2953.0685508791585,0.0004266109263749,Retail Orders
2023-01-21,0.084200083,742320544.2,477,11528899.787759572,970734.3190280384,2035.0824298281727,0.0002741514357549,Retail Orders
2023-01-22,0.082653067,731398600.7,429,7286901.738539932,602284.7776179574,1403.9272205546793,0.0001919510399952,Retail Orders
2023-01-23,0.08325646,735121618.0,461,151944541.7984605,12650364.66646186,27441.138105123337,0.003732870511927,Normal
2023-01-24,0.090346441,795379387.7,469,42354217.0554186,3826552.77229857,8158.9611349649695,0.0010257948924925,Normal
2023-01-25,0.089836438,793167075.9,422,16579638.344298348,1489455.652179981,3529.5157634596712,0.0004449902007663,Retail Orders
2023-01-26,0.092207336,814698907.3,444,110300976.02208956,10170559.157196756,22906.664768461163,0.0028116724550885,Normal
2023-01-27,0.092001556,813639420.6,409,56435163.5042392,5192122.855504419,12694.67690832376,0.0015602337579664,Normal
2023-01-28,0.095071613,840540675.1,405,44677148.01394548,4247528.525925544,10487.724755371712,0.0012477355428544,Normal
2023-01-29,0.092798106,820412705.0,436,10830272.67983736,1005028.7921524516,2305.11190860654,0.0002809697966106,Retail Orders
2023-01-30,0.096606017,852467980.1,389,108839916.19641562,10514590.7943495,27029.79638650257,0.0031707696966321,Normal
2023-01-31,0.087131484,768383215.7,381,54165203.01033806,4719494.519452022,12387.124722971188,0.0016121024600578,Normal
2023-02-01,0.089104833,786681949.0,441,135733697.39580187,12094528.438925458,27425.234555386527,0.0034861909047548,Normal
2023-02-02,0.093308558,829533405.1,508,71938361.3843035,6712464.765652244,13213.51331821308,0.0015928850166823,Normal
2023-02-03,0.095492266,850282578.2,487,108611117.88264276,10371521.75940668,21296.75925956197,0.002504668425013,Normal
2023-02-04,0.098851291,879008064.0,629,115686841.73275492,11435793.6569955,18180.91201430128,0.0020683441664422,Normal
2023-02-05,0.113433764,1007336490.0,807,64129046.19696774,7274399.091851938,9014.125268713677,0.0008948474872297,Normal
2023-02-06,0.131508921,1159337585.0,845,141145736.48977512,18561923.509520654,21966.773384048112,0.0018947693638387,Normal
2023-02-07,0.128891618,1135646543.0,2012,276468677.3900024,35634495.15511742,17710.981687434105,0.0015595505306296,Normal
2023-02-08,0.20571765,1828826798.0,1397,269726301.4713698,55487460.881881736,39719.01280020167,0.0021718302052243,Normal
2023-02-09,0.175711074,1570518249.0,961,69631474.52039258,12235021.172181817,12731.551688014377,0.0008106592646166,Normal
2023-02-10,0.147772178,1314982881.0,1138,63539850.11673967,9389422.041544177,8250.810229827921,0.0006274462085432,Normal
2023-02-11,0.166878561,1491391816.0,900,44741440.155686624,7466387.150248601,8295.985722498446,0.0005562579620926,Normal
2023-02-12,0.162427608,1449109161.0,828,18513943.98412571,3007175.635987529,3631.85463283518,0.0002506267112636,Retail Orders
2023-02-13,0.154603063,1372858587.0,798,41134872.69504984,6359577.31476977,7969.395131290438,0.0005804964332637,Normal
2023-02-14,0.14807973,1315286314.0,812,41198557.71505976,6100671.302835465,7513.141998565844,0.0005712172261351,Normal
2023-02-15,0.170073041,1511806009.0,908,82779521.77937576,14078565.001544168,15505.027534740271,0.0010255963690074,Normal
2023-02-16,0.184829246,1638937174.0,731,53224331.20872123,9837413.006162211,13457.473332643249,0.0008211097744399,Normal
2023-02-17,0.164615729,1463507132.0,726,93831650.86754604,15446165.610834572,21275.71020776112,0.0014537483106547,Normal
2023-02-18,0.168622174,1501084939.0,720,17859034.305094734,3011429.190065653,4182.540541757852,0.0002786345018253,Retail Orders
2023-02-19,0.177161093,1575367959.0,697,25622995.15527596,4539397.827642394,6512.765893317639,0.0004134123622427,Retail Orders
2023-02-20,0.169249384,1508513172.0,569,35328564.59806555,5979337.795826801,10508.502277375748,0.0006966132263494,Normal
2023-02-21,0.171022007,1523862166.0,537,37287693.49388208,6377016.177724556,11875.262900790607,0.0007792872062676,Normal
2023-02-22,0.167699761,1489879572.0,495,28394814.078876816,4761803.534667077,9619.805120539548,0.000645676691011,Normal
2023-02-23,0.163880782,1457949013.0,480,30027767.231465,4920973.975606458,10252.029115846788,0.0007031815944476,Normal
2023-02-24,0.161543304,1433965599.0,497,20923067.764737844,3379981.496531646,6800.767598655223,0.0004742629532673,Retail Orders
2023-02-25,0.155155609,1379925898.0,474,25275843.65044593,3921688.914573722,8273.605305007852,0.0005995688114122,Normal
2023-02-26,0.14899034,1321131695.0,512,16326507.655371845,2432491.926586454,4750.960794114168,0.0003596129600171,Retail Orders
2023-02-27,0.161066215,1433585516.0,462,39676794.51288196,6390591.115522666,13832.448301997112,0.0009648847695247,Normal
2023-02-28,0.157834361,1393205781.0,489,41891263.22844265,6611880.763144042,13521.228554486794,0.0009705119472574,Normal
2023-03-01,0.153161475,1349882793.0,462,14725289.995513411,2255347.1355155776,4881.703756527224,0.0003616390831738,Retail Orders
2023-03-02,0.160508977,1417124734.0,444,46592076.222814925,7478446.490830047,16843.347952319928,0.0011885578981306,Normal
2023-03-03,0.154777245,1366299553.0,595,20926627.90158923,3238965.8137481124,5443.640023106072,0.000398422147702,Retail Orders
2023-03-04,0.14725792,1298432406.0,455,20773635.63239576,3059082.374064484,6723.257964976887,0.0005177980720374,Normal
2023-03-05,0.141689188,1248344316.0,420,9523462.630250746,1349371.6870285724,3212.7897310204107,0.000257364069339,Retail Orders
2023-03-06,0.14114676,1242871854.0,445,52740622.3834152,7444167.969802533,16728.46734787086,0.0013459527057461,Normal
2023-03-07,0.1430255,1263379987.0,433,11391728.953503467,1629307.7294393105,3762.835402862149,0.0002978387691416,Retail Orders
2023-03-08,0.13785763,1213591973.0,532,13372601.641935987,1843515.169291404,3465.254077615421,0.0002855369971712,Retail Orders
2023-03-09,0.125168489,1106628343.0,576,28590803.255464744,3578667.642782803,6212.964657609034,0.0005614319113466,Normal
2023-03-10,0.11743577,1030913858.0,892,71883945.59243594,8441746.501285821,9463.841369154508,0.0009180050588818,Normal
2023-03-11,0.116998151,1037278028.0,1097,30825212.11342429,3606492.821453444,3287.5960086175423,0.0003169445336614,Retail Orders
2023-03-12,0.114581144,1009041815.0,755,19913663.64307323,2281730.3614545385,3022.159419145084,0.0002995078473675,Retail Orders
2023-03-13,0.131568386,1155135402.0,768,50714707.0655123,6672452.1550722495,8688.088743583658,0.0007521273028721,Normal
2023-03-14,0.145116571,1283765412.0,643,84248989.31752035,12225924.439974183,19013.879377875863,0.001481102326028,Normal
2023-03-15,0.152855885,1349467687.0,551,105656596.0548712,16150232.496054845,29310.76678049881,0.0021720243517397,Normal
2023-03-16,0.140710696,1242530423.0,521,90613597.62063004,12750302.388262795,24472.749305686742,0.0019695895450671,Normal
2023-03-17,0.152388306,1347827668.0,637,56165053.78712973,8558897.403019585,13436.259659371404,0.0009968826118037,Normal
2023-03-18,0.162950917,1435607080.0,588,24747267.65278376,4032589.957265551,6858.146185825767,0.0004777174953627,Retail Orders
2023-03-19,0.155810867,1378447589.0,595,24584175.448371973,3830481.691090951,6437.784354774707,0.0004670314929742,Retail Orders
2023-03-20,0.15703814,1419535799.0,506,24588310.28930015,3861302.513574557,7631.032635522841,0.000537572398026,Normal
2023-03-21,0.149124,1321427632.0,430,7218660.414398506,1076475.5156367628,2503.431431713402,0.0001894489997855,Retail Orders
2023-03-22,0.153254553,1361160389.0,480,32169524.17488679,4930126.047644969,10271.095932593686,0.000754583810666,Normal
2023-03-23,0.144656342,1284118285.0,579,41743570.74235833,6038472.24560778,10429.140320566114,0.0008121635243723,Normal
2023-03-24,0.153590191,1364047338.0,514,19651054.92623792,3018209.279472373,5872.002489245861,0.0004304837761609,Retail Orders
2023-03-25,0.144054105,1280397528.0,476,11458317.415965728,1650617.6601628554,3467.684160005999,0.0002708287140652,Retail Orders
2023-03-26,0.139051704,1235454281.0,464,7478159.04457342,1039850.757930946,2241.057667954625,0.0001813954350573,Retail Orders
2023-03-27,0.142019671,1266375708.0,668,25702699.413687102,3650288.9145437344,5464.504363089422,0.0004315073582483,Retail Orders
2023-03-28,0.134601895,1193596762.0,705,23760055.014468137,3198148.430251664,4536.38075213002,0.0003800597401528,Retail Orders
2023-03-29,0.140831745,1252770506.0,706,51314942.67325709,7226772.921249761,10236.222268059151,0.0008170867863694,Normal
2023-03-30,0.147189976,1308035196.0,466,19979311.385530405,2940754.363332747,6310.63168097156,0.0004824512138717,Retail Orders
2023-03-31,0.144723642,1285711262.0,512,17730831.745097045,2566070.5458396603,5011.856534843087,0.0003898119805722,Retail Orders
2023-04-01,0.14573409,1298001706.0,458,75549630.27203596,11010156.617531613,24039.64326971968,0.0018520502059894,Normal
2023-04-02,0.143167581,1273759708.0,435,15015466.89780307,2149728.07334404,4941.90361688285,0.0003879776998632,Retail Orders
2023-04-03,0.139250626,1238565078.0,565,71377043.91057809,9939298.046577483,17591.67795854422,0.0014203273022157,Normal
2023-04-04,0.139768122,1245733391.0,810,64272654.93642174,8983268.276417697,11090.45466224407,0.0008902751377115,Normal
2023-04-05,0.143318573,1274852999.0,513,38032168.12831032,5450716.064245516,10625.177513149152,0.0008334433477023,Normal
2023-04-06,0.14801876,1318977501.0,394,17777898.215026088,2631462.449194375,6678.838703539022,0.0005063648696414,Normal
2023-04-07,0.145861143,1297106868.0,376,7302446.649665889,1065143.2150167872,2832.827699512732,0.0002183958600019,Retail Orders
2023-04-08,0.142986372,1273723428.0,366,13832276.120167715,1977826.9789250176,5403.898849521906,0.0004242599869586,Retail Orders
2023-04-09,0.142063256,1266822164.0,359,10720520.65012855,1522992.0695724988,4242.31774254178,0.0003348787117164,Retail Orders
2023-04-10,0.144056551,1282772899.0,398,22867928.6509244,3294274.929966252,8277.072688357415,0.0006452484843427,Normal
2023-04-11,0.152507456,1360124513.0,437,39369169.85757643,6004091.939810864,13739.34082336582,0.0010101531655407,Normal
2023-04-12,0.148089308,1317826694.0,402,18726488.28814885,2773192.691862068,6898.489283238974,0.0005234746962288,Normal
2023-04-13,0.147974678,1320192991.0,378,28231624.966281563,4177565.613802275,11051.7608830748,0.0008371322191843,Normal
2023-04-14,0.150735891,1341074256.0,548,40807216.794820346,6151112.18279741,11224.657267878483,0.0008369899890076,Normal
2023-04-15,0.162475,1448253391.0,497,54925545.14670199,8924027.947710404,17955.790639256345,0.0012398238285399,Normal
2023-04-16,0.167615528,1495634984.0,447,18434882.40901315,3089972.548604652,6912.690265334791,0.0004621909984244,Retail Orders
2023-04-17,0.167041977,1486663108.0,433,20463406.183907844,3418247.825113992,7894.336778554254,0.0005310104714426,Normal
2023-04-18,0.17267583,1528496238.0,432,52911505.81542267,9136538.183227938,21149.39394265726,0.0013836732742195,Normal
2023-04-19,0.169991744,1520901157.0,399,29873115.45233175,5078182.994455223,12727.275675326371,0.0008368246428604,Normal
2023-04-20,0.152369783,1363305818.0,365,45689532.732827246,6961704.187872284,19073.1621585542,0.0013990376852154,Normal
2023-04-21,0.14709625,1313711318.0,390,77769358.82973059,11439581.04875776,29332.25909937888,0.0022327781375922,Normal
2023-04-22,0.136894168,1222855256.0,337,8369543.193382926,1145741.6519982188,3399.8268605288395,0.0002780236535638,Retail Orders
2023-04-23,0.142554113,1272250260.0,298,10331328.79125627,1472773.4119488995,4942.192657546643,0.0003884607307957,Retail Orders
2023-04-24,0.13911934,1240464799.0,333,12272206.186473368,1707301.225006092,5127.030705724001,0.0004133152919661,Retail Orders
2023-04-25,0.136391071,1219772807.0,351,18097534.58730265,2468342.1248217523,7032.313745930918,0.0005765265224453,Normal
2023-04-26,0.142469749,1270784382.0,391,105989065.79416265,15100235.600438835,38619.52838986914,0.003039030770042,Normal
2023-04-27,0.13904107,1240732786.0,314,13671084.078071918,1900842.1582750827,6053.637446735932,0.0004879082357654,Retail Orders
2023-04-28,0.140738051,1254695409.0,314,20324373.1878838,2860412.6702594226,9109.594491272046,0.0007260403143207,Normal
2023-04-29,0.137535597,1229305208.0,335,5521078.489531123,759344.8261415213,2266.70097355678,0.0001843887879759,Retail Orders
2023-04-30,0.13929334,1245348776.0,281,7222949.689993959,1006108.7869712232,3580.4583166235698,0.000287506470928,Retail Orders
2023-05-01,0.136772205,1223089488.0,308,8508705.565219013,1163754.4218507758,3778.423447567454,0.0003089245296144,Retail Orders
2023-05-02,0.131510821,1175605557.0,307,27148163.280753028,3570277.241693884,11629.567562520797,0.0009892406082358,Normal
2023-05-03,0.133608369,1194627470.0,277,11774649.281056924,1573191.6859890383,5679.392368191474,0.0004754111646362,Retail Orders
2023-05-04,0.137015144,1227041980.0,244,31671361.219040453,4339456.118102844,17784.656221732967,0.0014493926460228,Normal
2023-05-05,0.133012564,1190981839.0,231,27126548.035959102,3608171.706732084,15619.79093823413,0.0013115053837721,Normal
2023-05-06,0.134664537,1205439604.0,215,12416086.375031237,1672006.5230455897,7776.77452579344,0.0006451401214949,Normal
2023-05-07,0.127327539,1137797566.0,205,9573278.720173676,1218942.019600784,5946.058632198946,0.0005225937205247,Normal
2023-05-08,0.127000145,1136546706.0,357,29318371.03865516,3723437.3730730056,10429.796563229707,0.0009176742590664,Normal
2023-05-09,0.11765659,1051198093.0,256,61858628.89233963,7278075.337548158,28429.981787297493,0.002704531332069,Normal
2023-05-10,0.115445115,1034148883.0,249,10854765.572555762,1253129.6598217408,5032.64923623189,0.0004866464895878,Retail Orders
2023-05-11,0.119854841,1072777298.0,240,18198647.89877109,2181196.0503221927,9088.31687634247,0.0008471764730001,Normal
2023-05-12,0.112248285,1006740295.0,293,13274132.753682803,1489998.6364632226,5085.319578372773,0.0005051272511519,Normal
2023-05-13,0.117319313,1050088969.0,248,7352639.65701981,862606.6332981196,3478.2525536214503,0.0003312340817115,Retail Orders
2023-05-14,0.117602608,1057923466.0,254,4670993.231907023,549320.9860226148,2162.681047333129,0.0002044269852062,Retail Orders
2023-05-15,0.11772736,1055113336.0,283,72307759.18711813,8512601.596615164,30079.86429899351,0.0028508657101262,Normal
2023-05-16,0.125837081,1127517299.0,220,4969105.304975383,625297.706759717,2842.262303453259,0.0002520814807873,Retail Orders
2023-05-17,0.123778787,1109373425.0,241,9727714.564389918,1204084.7090624175,4996.202112292189,0.0004503625199325,Retail Orders
2023-05-18,0.124498645,1114160820.0,189,15961279.035043148,1987157.61232978,10514.061440898304,0.0009436753879837,Normal
2023-05-19,0.121491736,1092069724.0,223,42374768.51414699,5148184.189381858,23086.0277550756,0.0021139701291705,Normal
2023-05-20,0.12450851,1120265817.0,191,6522679.344245542,812129.0863597895,4251.984745339212,0.0003795514136748,Retail Orders
2023-05-21,0.121727495,1094537391.0,199,9052031.081841284,1101881.0682546794,5537.090795249645,0.000505884115132,Normal
2023-05-22,0.118691571,1068063640.0,222,32882728.293573365,3902902.679930371,17580.64270238906,0.0016460295102255,Normal
2023-05-23,0.119299601,1072418927.0,235,13860888.447890528,1653598.4613388493,7036.589197186593,0.0006561418322661,Normal
2023-05-24,0.122260421,1098615200.0,236,7287715.588122416,890999.1759321091,3775.4202370004623,0.0003436526489894,Retail Orders
2023-05-25,0.116821386,1052156621.0,251,6381224.864830687,745463.5330871835,2969.9742354071054,0.0002822749176433,Retail Orders
2023-05-26,0.116546635,1047150336.0,209,4537736.992126517,528857.9769473671,2530.4209423319,0.0002416482958882,Retail Orders
2023-05-27,0.116718968,1048951920.0,229,7398747.110081061,863574.1271816439,3771.066057561764,0.0003595079989521,Retail Orders
2023-05-28,0.119520529,1074453431.0,231,4541957.065119579,542857.1111183796,2350.030784062249,0.0002187187193283,Retail Orders
2023-05-29,0.124538248,1121504004.0,224,24332735.81239101,3030356.287122033,13528.376281794792,0.0012062708856628,Normal
2023-05-30,0.126883648,1142230649.0,211,11335244.950259814,1438257.2302625435,6816.3849775476,0.0005967608191493,Normal
2023-05-31,0.132227635,1189268755.0,243,20576365.05166496,2720764.0876783105,11196.560031597985,0.0009414659205099,Normal
2023-06-01,0.133646674,1206799097.0,375,46576044.34227114,6224733.414421056,16599.289105122814,0.0013754807363037,Normal
2023-06-02,0.128244348,1151838957.0,270,43159668.73352719,5534983.576627181,20499.939172693263,0.0017797574086299,Normal
2023-06-03,0.13039,1173785245.0,255,14868358.942456815,1938685.3225069444,7602.687539242919,0.0006477068587825,Normal
2023-06-04,0.129160909,1162841234.0,337,5588471.931611242,721812.1146078939,2141.875711002652,0.0001841933058767,Retail Orders
2023-06-05,0.126564935,1138464311.0,511,20932109.441344403,2649271.07085664,5184.4835046118205,0.0004553927123159,Retail Orders
2023-06-06,0.115172976,1037110266.0,818,28460041.132617787,3277827.6343260007,4007.124247342299,0.0003863739834335,Retail Orders
2023-06-07,0.119705332,1077152841.0,1050,32575860.521729767,3899504.198939355,3713.8135227993857,0.0003447805530876,Retail Orders
2023-06-08,0.113446722,1022003397.0,698,45767573.29023225,5192181.163671604,7438.654962280236,0.0007278503167519,Normal
2023-06-09,0.113434095,1022691953.0,693,10223820.38445822,1159729.81275357,1673.4917932951948,0.0001636359598201,Retail Orders
2023-06-10,0.11122056,1000066733.0,1144,31608047.6219466,3515464.757019569,3072.9587036884345,0.0003072753649619,Retail Orders
2023-06-11,0.103040701,928720231.1,838,19751535.905135427,2035212.105491824,2428.654063832725,0.000261505454765,Retail Orders
2023-06-12,0.099283057,893714863.7,757,13095364.177899009,1300147.788110105,1717.5003805945903,0.0001921754298103,Retail Orders
2023-06-13,0.099285916,893833391.3,601,15889857.536334837,1577639.0606045076,2625.023395348598,0.0002936815094288,Retail Orders
2023-06-14,0.09839136,885771521.2,419,9090654.32686958,894441.8425105825,2134.7060680443496,0.0002409996276638,Retail Orders
2023-06-15,0.09696735,873814999.2,438,49123658.265920505,4763390.964351907,10875.32183641988,0.001244579441458,Normal
2023-06-16,0.09743028,879032801.2,523,7340928.58369037,715228.7273689562,1367.5501479329946,0.0001555744161157,Retail Orders
2023-06-17,0.098600069,888796589.9,348,3871266.880793813,381707.1815636848,1096.8597171370252,0.0001234095325748,Retail Orders
2023-06-18,0.102186894,920692214.9,322,3726090.4826711193,380757.6131871225,1182.477059587337,0.0001284334808582,Retail Orders
2023-06-19,0.099428497,900901834.2,352,8688302.579257332,863864.86693678,2454.1615537976704,0.0002724116502634,Retail Orders
2023-06-20,0.100076271,906672812.8,335,34238112.11323719,3426422.586372707,10228.12712350062,0.0011280946091141,Normal
2023-06-21,0.10392044,939774369.3,381,10768651.01052071,1119082.9512197569,2937.2255937526425,0.0003125458290526,Retail Orders
2023-06-22,0.109006396,986802354.5,385,73349311.46043499,7995544.091383515,20767.64699060653,0.0021045396675334,Normal
2023-06-23,0.107415633,974552113.5,418,16479753.887324348,1770183.1954911554,4234.888027490802,0.0004345471082384,Retail Orders
2023-06-24,0.112352062,1015805043.0,399,10815015.499962635,1215089.291982763,3045.336571385371,0.0002997953782934,Retail Orders
2023-06-25,0.110154339,996528098.7,417,13077013.023933496,1440489.7257457855,3454.411812340013,0.0003466446974095,Retail Orders
2023-06-26,0.113850951,1027527995.0,366,30909532.25524264,3519079.64222455,9614.971700067075,0.0009357381742253,Normal
2023-06-27,0.107831738,973458974.7,388,8005844.00607683,863284.0733321472,2224.958951886977,0.0002285621695123,Retail Orders
2023-06-28,0.109177559,988724214.3,390,15202414.705308411,1659762.5284312766,4255.801354951991,0.0004304336126697,Retail Orders
2023-06-29,0.101969097,924911189.0,384,39923648.25684837,4070978.361696453,10601.506150251178,0.0011462188236379,Normal
2023-06-30,0.102334766,927423136.4,385,13824754.073356437,1414752.973104478,3674.6830470246177,0.0003962250781545,Retail Orders
2023-07-01,0.105414318,953677399.7,414,8801592.439491995,927813.8643230048,2241.096290635277,0.0002349952186494,Retail Orders
2023-07-02,0.105324895,953486822.0,465,26393518.582319167,2779894.573363316,5978.267899706055,0.0006269900917105,Normal
2023-07-03,0.118167463,1069571352.0,668,67681802.7976944,7997786.92786985,11972.734921960851,0.0011193956251327,Normal
2023-07-04,0.135695099,1232623414.0,476,34836287.4020289,4727113.467810765,9930.91064666127,0.0008056727248458,Normal
2023-07-05,0.128123278,1165687409.0,410,33809865.66784747,4331830.818104277,10565.44101976653,0.000906370004359,Normal
2023-07-06,0.119667423,1088682467.0,361,12118492.837446488,1450188.808501179,4017.1435138536817,0.0003689912932026,Retail Orders
2023-07-07,0.116861153,1060883305.0,483,21131282.090481225,2469425.989461886,5112.683207995624,0.0004819270115666,Retail Orders
2023-07-08,0.115790949,1051489530.0,365,5470043.850622035,633381.5685351397,1735.2919685894235,0.0001650317876764,Retail Orders
2023-07-09,0.116616444,1057720527.0,404,27683033.60968104,3228296.9386934866,7990.834006667046,0.0007554768771795,Normal
2023-07-10,0.115572714,1048097595.0,394,17584197.674177095,2032253.4487171343,5158.003676947042,0.0004921300937578,Retail Orders
2023-07-11,0.114207441,1034504900.0,379,12362093.075978553,1411843.015611329,3725.179460715908,0.0003600929740125,Retail Orders
2023-07-12,0.11409395,1037102217.0,420,44342071.09891038,5059162.042855526,12045.623911560777,0.0011614693049644,Normal
2023-07-13,0.116722506,1061658613.0,472,42654225.51217896,4978708.093270661,10548.11036709886,0.0009935501146919,Normal
2023-07-14,0.122879838,1113258145.0,563,29701193.474558327,3649677.842560385,6482.553894423419,0.0005823046454713,Normal
2023-07-15,0.119661232,1085654404.0,388,17868592.287714023,2138177.767253559,5510.767441375152,0.0005075986815943,Normal
2023-07-16,0.121245948,1099919177.0,407,10240226.594181623,1241585.9811463624,3050.5798062564186,0.0002773458150422,Retail Orders
2023-07-17,0.118557363,1074699742.0,370,33529477.499923576,3975166.435158772,10743.69306799668,0.0009996925325396,Normal
2023-07-18,0.120354975,1092495441.0,350,8311021.54301412,1000272.790033926,2857.9222572397885,0.0002615958062601,Retail Orders
2023-07-19,0.11574905,1049956026.0,328,44562793.994782895,5158101.070241825,15725.917897078734,0.0014977691929622,Normal
2023-07-20,0.115718782,1053723966.0,398,19478318.20815573,2254007.258456204,5663.334820241717,0.0005374590502805,Normal
2023-07-21,0.116950135,1065639690.0,1389,53913124.2365058,6305147.157731125,4539.342806141919,0.000425973511379,Retail Orders
2023-07-22,0.117314021,1069085609.0,345,11895821.485411042,1395546.6515517624,4045.06275812105,0.0003783665895479,Retail Orders
2023-07-23,0.115086688,1047036056.0,315,7054150.444627231,811838.8113258755,2577.266067701192,0.0002461487408129,Retail Orders
2023-07-24,0.117724616,1072488520.0,394,31385688.53840159,3694868.1310789287,9377.837896139414,0.0008743998393697,Normal
2023-07-25,0.112077304,1020561926.0,255,7052565.019919467,790432.4737172802,3099.735191048157,0.0003037282806735,Retail Orders
2023-07-26,0.110230768,1003465670.0,287,22839611.3563012,2517627.9006266026,8772.222650266907,0.0008741926019518,Normal
2023-07-27,0.111542379,1015366040.0,241,20186422.82749812,2251641.625679047,9342.911309871564,0.0009201520379656,Normal
2023-07-28,0.111641457,1016583961.0,277,4514445.203170106,503999.2400285717,1819.4918412583816,0.0001789809706882,Retail Orders
2023-07-29,0.112073793,1021308106.0,224,2427742.1836591195,272086.2749487802,1214.6708703070544,0.000118932853188,Retail Orders
2023-07-30,0.112364229,1023274491.0,226,2729987.394169984,306752.9287256293,1357.3138439187137,0.0001326441591045,Retail Orders
2023-07-31,0.110034626,1002586085.0,270,7825690.101104021,861096.8834668831,3189.2477165440114,0.000318102132501,Retail Orders
2023-08-01,0.110417966,1005981535.0,309,44487020.95491797,4912166.36724142,15896.978534761876,0.0015802455593543,Normal
2023-08-02,0.1116171,1015554242.0,288,17751628.424674872,1981385.2850397776,6879.810017499229,0.0006774438757648,Normal
2023-08-03,0.109363804,998114158.3,252,93898299.84627688,10269075.260321451,40750.29865206926,0.0040827292462693,Normal
2023-08-04,0.106570343,973411115.5,276,33497872.67913551,3569879.7811858,12934.347033281883,0.0013287650846927,Normal
2023-08-05,0.10491976,956674430.6,262,3230910.631773664,338986.3680671412,1293.8410994929052,0.0001352436166482,Retail Orders
2023-08-06,0.104824649,956205147.9,268,5777917.781496409,605668.2033962199,2259.955982821716,0.0002363463518037,Retail Orders
2023-08-07,0.104247179,950350058.8,222,10945405.997258188,1141027.698223848,5139.764406413729,0.0005408285461573,Normal
2023-08-08,0.105336687,960480556.5,252,5548685.158319697,584480.1117834673,2319.3655229502674,0.0002414796954768,Retail Orders
2023-08-09,0.107919749,984946117.9,242,9695935.540341591,1046382.929833844,4323.896404272083,0.0004389982686048,Retail Orders
2023-08-10,0.108365365,988517030.2,231,36999918.938042864,4009509.720691429,17357.184938058133,0.0017558812248835,Normal
2023-08-11,0.106627555,972268812.0,268,40727859.77400778,4342712.108085302,16204.149657034708,0.0016666326695908,Normal
2023-08-12,0.105425763,963059725.6,218,4316475.481509337,455067.7211089144,2087.46661059135,0.0002167535984635,Retail Orders
2023-08-13,0.105859995,965625678.8,237,6434475.811064329,681153.5771868909,2874.0657265269656,0.0002976376653631,Retail Orders
2023-08-14,0.106445153,971227900.3,240,3905109.860500036,415680.016582735,1732.0000690947293,0.0001783309631611,Retail Orders
2023-08-15,0.108954708,994393908.7,253,16607482.885642825,1809463.448420211,7152.029440396091,0.0007192350413475,Normal
2023-08-16,0.103354634,943721409.1,287,22710418.03929036,2347226.9444378526,8178.491095602274,0.0008666213372653,Normal
2023-08-17,0.098573828,900632425.0,301,23338321.472179044,2300547.686607284,7643.015570123867,0.0008486276263175,Normal
2023-08-18,0.088206916,806191936.8,383,18684237.340776525,1648078.9536419385,4303.078207942398,0.0005337535655618,Normal
2023-08-19,0.090421084,827452380.4,270,9265345.96414592,837782.6257130991,3102.89861375222,0.0003749942216919,Retail Orders
2023-08-20,0.093759625,857646388.5,244,10886087.426559707,1020675.4748314532,4183.096208325628,0.0004877413657208,Retail Orders
2023-08-21,0.094002306,858457264.4,253,6381925.203992511,599915.6858948164,2371.208244643544,0.000276217389377,Retail Orders
2023-08-22,0.09227037,845679431.9,308,8327956.1441781875,768423.5947670947,2494.881801191866,0.0002950150739254,Retail Orders
2023-08-23,0.090704639,830363737.2,316,6746686.1480520535,611955.7315053621,1936.568770586589,0.0002332193331463,Retail Orders
2023-08-24,0.092462297,845990049.4,247,15268845.264282005,1411792.5056730865,5715.759132279702,0.0006756295935553,Normal
2023-08-25,0.091697634,839350719.6,268,5962319.55386294,546730.5962411672,2040.0395382133104,0.0002430497157595,Retail Orders
2023-08-26,0.089144118,816984942.2,249,7933743.004336539,707246.5225602508,2840.34748016165,0.0003476621579478,Retail Orders
2023-08-27,0.089073202,816477332.0,247,2741571.285936066,244200.532949583,988.6661253019554,0.0001210892313299,Retail Orders
2023-08-28,0.088979385,815236562.6,227,5527231.2214503465,491809.6348374506,2166.5622680063902,0.0002657587217502,Retail Orders
2023-08-29,0.090352435,827703772.2,261,40596125.83184999,3667958.8204740463,14053.482070781787,0.0016978878848683,Normal
2023-08-30,0.093460285,856147863.9,301,9365422.996290738,875295.1023788862,2907.957150760419,0.0003396559488583,Retail Orders
2023-08-31,0.093284281,854965092.5,269,42679597.13227612,3981335.53185404,14800.503835888623,0.0017311237576507,Normal
2023-09-01,0.088618367,811382324.4,265,11542047.841738643,1022837.4315707532,3859.763892719823,0.000475702240072,Retail Orders
2023-09-02,0.085743841,786790784.1,218,21105303.11765198,1809649.754776756,8301.14566411356,0.0010550639168466,Normal
2023-09-03,0.086398037,792420406.6,251,4729416.69050491,408612.3182146608,1627.9375227675728,0.0002054386168261,Retail Orders
2023-09-04,0.087267928,800826765.5,246,5795219.666679231,505736.8126159471,2055.840701690842,0.0002567147840528,Retail Orders
2023-09-05,0.086935596,797488251.1,246,5875822.496720877,510818.13074263744,2076.4964664334857,0.0002603795684223,Retail Orders
2023-09-06,0.087135073,800103108.2,258,8120266.185170005,707559.9868242198,2742.4805690861235,0.0003427658936678,Retail Orders
2023-09-07,0.087242752,801297150.9,291,45563754.05007975,3975107.294780103,13660.162525017537,0.0017047561581461,Normal
2023-09-08,0.087369274,800827968.1,257,10820121.46783108,945346.1572362155,3678.3897168724334,0.0004593233332746,Retail Orders
2023-09-09,0.086741898,796186032.1,244,1983637.0433433428,172064.44208270984,705.182139683237,8.857002148395727e-05,Retail Orders
2023-09-10,0.08704571,798736479.4,268,10415042.919773832,906584.8056321864,3382.7791254932326,0.0004235162926368,Retail Orders
2023-09-11,0.083297657,765589381.5,299,39349487.902798206,3277720.1464529345,10962.274737300784,0.0014318739264411,Normal
2023-09-12,0.078404114,718860860.7,320,13565646.89096643,1063602.5253230776,3323.7578916346174,0.0004623645650144,Retail Orders
2023-09-13,0.079446834,728669916.7,334,13755746.82342403,1092850.5344265962,3272.0075881035814,0.0004490383798087,Retail Orders
2023-09-14,0.082365445,756964410.1,276,5464269.143009416,450066.9595637392,1630.6773897236926,0.0002154232574168,Retail Orders
2023-09-15,0.083269091,765730045.1,442,24458939.56426469,2036673.6643402567,4607.858969095603,0.0006017602415605,Normal
2023-09-16,0.088833481,814310346.7,411,11275670.98062272,1001657.1038193998,2437.121907103163,0.0002992866192821,Retail Orders
2023-09-17,0.087274848,800489521.8,328,11496681.2366162,1003371.107430131,3059.0582543601554,0.0003821484443021,Retail Orders
2023-09-18,0.084204001,771823231.7,379,23675352.67696763,1993559.420486735,5260.051241389802,0.0006815098361064,Normal
2023-09-19,0.086600036,800059026.9,370,13781076.108596416,1193441.6871231897,3225.5180733059183,0.000403160012556,Retail Orders
2023-09-20,0.090460878,834480554.0,354,16290635.426028166,1473665.1838164118,4162.8959994813895,0.000498860755895,Retail Orders
2023-09-21,0.09139285,844699139.1,375,21745706.21252782,1987402.0660256231,5299.738842734995,0.0006274114175588,Normal
2023-09-22,0.087488218,808411712.8,380,29028895.513837498,2539686.3390138373,6683.385102667993,0.0008267303648433,Normal
2023-09-23,0.087643446,809227552.5,312,2530150.9578058165,221751.14884230235,710.740861674046,8.782954305971261e-05,Retail Orders
2023-09-24,0.088901241,820208259.7,350,26580754.22197257,2363062.037049351,6751.605820141002,0.0008231575018045,Normal
2023-09-25,0.085845491,792407037.0,303,22227192.603281382,1908104.2625802583,6297.373803895242,0.0007947145229472,Normal
2023-09-26,0.087923963,810826452.1,256,18549850.160645034,1630976.339180098,6371.0013249222575,0.0007857416723913,Normal
2023-09-27,0.086405179,798093931.6,391,5494861.218564348,474784.4671702106,1214.2825247319963,0.0001521478207831,Retail Orders
2023-09-28,0.085472532,789884098.3,321,20088717.339227702,1717033.535616095,5349.014129645156,0.0006771897473512,Normal
2023-09-29,0.086819554,802184611.7,345,10260087.817746712,890776.2483376027,2581.960140108993,0.0003218660770165,Retail Orders
2023-09-30,0.087108955,804864721.0,342,16641947.89546267,1449662.6903382023,4238.779796310534,0.0005266449983102,Normal
2023-10-01,0.089605935,826727636.4,364,5444618.428837276,487870.125034195,1340.3025413027335,0.000162121414876,Retail Orders
2023-10-02,0.093071763,859945139.4,305,14750455.357107768,1372850.8851388146,4501.150443078081,0.0005234229762864,Normal
2023-10-03,0.08871491,819523337.3,308,20173817.49675407,1789718.4035809622,5810.774037600527,0.0007090431441213,Normal
2023-10-04,0.088097529,813636911.8,281,5227165.341765461,460500.3502839775,1638.7912821493862,0.000201415552611,Retail Orders
2023-10-05,0.086628157,800934024.4,300,7180366.46286517,622021.9132626186,2073.406377542062,0.0002588735544223,Retail Orders
2023-10-06,0.084398059,779712578.7,271,11782938.192354804,994457.112751714,3669.583441888243,0.0004706328385783,Retail Orders
2023-10-07,0.085683978,791757080.7,251,4187191.5281745614,358775.2267818955,1429.3833736330498,0.0001805330711244,Retail Orders
2023-10-08,0.085658752,791389252.9,233,14352400.956604289,1229408.7541463296,5276.432421228882,0.0006667303608045,Normal
2023-10-09,0.085131404,786782174.7,325,35131475.813001774,2990791.8605528823,9202.436494008867,0.0011696295099107,Normal
2023-10-10,0.081192466,751046029.2,281,31030764.296205588,2519464.275073686,8966.065035849417,0.0011938103241687,Normal
2023-10-11,0.081492394,753440564.7,255,7608712.625535646,620052.2071129252,2431.5772827957853,0.0003227298073291,Retail Orders
2023-10-12,0.080045548,739876504.7,280,10400434.50781392,832508.4796160756,2973.244570057413,0.0004018568708656,Retail Orders
2023-10-13,0.079441861,735327341.3,262,12981761.884641709,1031295.3231748048,3936.241691506888,0.0005353046827482,Normal
2023-10-14,0.080641035,744439304.5,250,2664615.512674331,214877.35281911367,859.5094112764547,0.0001154572852455,Retail Orders
2023-10-15,0.081089759,750136244.8,277,7031564.25178385,570187.8505701676,2058.4398937551177,0.0002744088034706,Retail Orders
2023-10-16,0.081852702,756813109.1,272,8162281.40011518,668104.7870837706,2456.267599572686,0.000324554050404,Retail Orders
2023-10-17,0.082782686,768347087.2,262,11329894.651969507,937919.1113870709,3579.843936591873,0.0004659149486253,Retail Orders
2023-10-18,0.080164961,741704569.4,269,16148277.264884109,1294526.0171566214,4812.36437604692,0.000648824960043,Normal
2023-10-19,0.079668913,738537060.1,349,9172067.513727965,730728.6487813194,2093.778363270256,0.0002835034931065,Retail Orders
2023-10-20,0.077575051,718762065.6,350,9046489.289375238,701781.867994238,2005.0910514121088,0.0002789645068063,Retail Orders
2023-10-21,0.080980446,750833228.6,303,8709460.846938118,705296.0238045865,2327.709649520088,0.0003100168667095,Retail Orders
2023-10-22,0.08286827,768208457.7,348,6289772.4861425925,521222.5646202355,1497.7659902880332,0.0001949686931034,Retail Orders
2023-10-23,0.084932126,778275765.6,384,27831411.568671502,2363780.9541082657,6155.679567990275,0.0007909381019007,Normal
2023-10-24,0.090941677,843007237.2,459,38147638.3654756,3469210.2065458894,7558.192171123942,0.0008965750040566,Normal
2023-10-25,0.091282952,845895381.6,445,51403966.77378502,4692305.831621013,10544.507486788792,0.001246549835376,Normal
2023-10-26,0.100649134,930891514.8,446,47297374.4206966,4760439.775916864,10673.63178456696,0.0011466031878978,Normal
2023-10-27,0.099234616,921444946.4,337,52183012.44231711,5178361.2014365615,15366.056977556562,0.0016676044551104,Normal
2023-10-28,0.0978051,907905212.0,369,11886009.78755315,1162512.3758726146,3150.4400430152155,0.000347000986598,Retail Orders
2023-10-29,0.101148919,937881717.1,389,15685589.667315392,1586580.4387265216,4078.612953024477,0.0004348749824909,Retail Orders
2023-10-30,0.105776183,981003279.7,372,46650972.3607837,4934561.789562199,13264.951047210214,0.0013521821304477,Normal
2023-10-31,0.109571934,1015512417.0,407,73443717.29796825,8047370.144487636,19772.40821741434,0.0019470375631472,Normal
2023-11-01,0.104371729,966355490.9,462,60208300.7289247,6284044.447229831,13601.827807856776,0.0014075387304095,Normal
2023-11-02,0.11394807,1058675039.0,414,22201479.53952597,2529815.7446734738,6110.666049935927,0.0005771994072617,Normal
2023-11-03,0.108479187,1008239196.0,394,40264041.20610914,4367810.45537322,11085.81333851071,0.0010995221553071,Normal
2023-11-04,0.114917791,1067289687.0,428,13168455.276333768,1513289.791238571,3535.723811305073,0.0003312806124121,Retail Orders
2023-11-05,0.119344211,1104892069.0,578,34307213.6717213,4094367.347259992,7083.680531591682,0.00064111968312,Normal
2023-11-06,0.127072946,1179847112.0,692,124232840.12651686,15786632.984823508,22813.053446276743,0.0019335601379407,Normal
2023-11-07,0.154476845,1432312953.0,583,89106923.30256137,13764956.37943666,23610.55982750713,0.0016484218604638,Normal
2023-11-08,0.136563146,1266643014.0,568,109166340.26736537,14908098.864217896,26246.652929961085,0.0020721428721321,Normal
2023-11-09,0.13414921,1243821515.0,558,69944309.35884751,9382973.844485,16815.365312697133,0.0013519114366418,Normal
2023-11-10,0.135707436,1262162843.0,496,52309093.72621359,7098732.989068132,14311.96167150833,0.0011339235464649,Normal
2023-11-11,0.136044352,1264203214.0,487,25200215.31252648,3428346.962453142,7039.726822285712,0.000556850887921,Normal
2023-11-12,0.136395273,1264298086.0,433,29057246.30101733,3963271.0418555,9153.05090497806,0.0007239630437104,Normal
2023-11-13,0.134740732,1250569285.0,333,22334158.91599805,3009320.920945904,9036.999762600311,0.000722630874674,Normal
2023-11-14,0.124711295,1158874501.0,411,64136611.00286895,7998559.815079036,19461.21609508281,0.0016793204163427,Normal
2023-11-15,0.125079907,1161782414.0,409,28374369.357071377,3549063.4803661373,8677.416822411094,0.0007469055063877,Normal
2023-11-16,0.133336932,1236796522.0,393,76136720.6279134,10151836.741067084,25831.64565157019,0.0020885930055655,Normal
2023-11-17,0.128564742,1192866959.0,362,47358491.11196248,6088632.191318751,16819.42594286948,0.0014100001526548,Normal
2023-11-18,0.125847259,1174701257.0,311,5965506.871256824,750742.6882933371,2413.9636279528527,0.0002054959602339,Retail Orders
2023-11-19,0.127097243,1183635898.0,376,12446661.52423014,1581936.3642838283,4207.2775645846505,0.0003554536975174,Retail Orders
2023-11-20,0.136882702,1274832900.0,457,54094464.13766843,7404596.414406154,16202.617974630535,0.001270960137178,Normal
2023-11-21,0.138389008,1288242754.0,670,39469198.03588391,5462103.162741523,8152.3927802112285,0.0006328304781764,Normal
2023-11-22,0.126273653,1176193583.0,784,104017746.18199356,13134700.787227131,16753.44488166726,0.0014243781911253,Normal
2023-11-23,0.144742412,1349865116.0,546,15444722.984505082,2235506.457449104,4094.334171152205,0.0003033143180471,Retail Orders
2023-11-24,0.138613405,1290780276.0,537,35026971.222045265,4855207.747924706,9041.355210288091,0.0007004565671166,Normal
2023-11-25,0.153677943,1430052530.0,531,20617535.104070745,3168460.3845238835,5966.968709084526,0.000417255211533,Retail Orders
2023-11-26,0.151673236,1414143451.0,508,16324008.52085762,2475915.1968500484,4873.848812696946,0.0003446502410523,Retail Orders
2023-11-27,0.149825364,1394549114.0,454,70904621.86270878,10623310.7798627,23399.36295123943,0.0016779160171794,Normal
2023-11-28,0.148672388,1384259484.0,412,21320488.676976,3169767.9649329823,7693.611565371316,0.0005557925847211,Normal
2023-11-29,0.14673536,1370443279.0,418,70653513.92408983,10367368.800916336,24802.31770554147,0.0018098025715912,Normal
2023-11-30,0.142856768,1331822299.0,390,15355543.704194402,2193643.3444639603,5624.726524266564,0.000422333109191,Retail Orders
2023-12-01,0.1427066,1330239107.0,368,10373318.641778992,1480341.034084898,4022.6658534915705,0.0003024017135207,Retail Orders
2023-12-02,0.149623457,1398705329.0,387,44807903.75989848,6704313.461479307,17323.80739400338,0.0012385601909723,Normal
2023-12-03,0.151937493,1416263780.0,438,27760489.81616851,4217859.227120674,9629.815587033503,0.0006799450584716,Normal
2023-12-04,0.149370316,1394546934.0,490,34152698.944097966,5101399.43353278,10411.019252107715,0.0007465520878702,Normal
2023-12-05,0.149984638,1396102353.0,441,18510730.60977828,2776325.229623114,6295.522062637448,0.0004509355670885,Retail Orders
2023-12-06,0.158256405,1477626629.0,507,27853919.62986001,4408061.185780576,8694.400760908433,0.0005884030911646,Normal
2023-12-07,0.163591102,1525339129.0,412,20339308.271300983,3327329.854019843,8076.043334999619,0.0005294588712409,Normal
2023-12-08,0.1646153,1533889079.0,539,31801610.94745317,5235031.726598288,9712.48928867957,0.0006331937179585,Normal
2023-12-09,0.174491328,1626186859.0,514,11821018.190984515,2062665.1624570456,4012.96724213433,0.0002467715945387,Retail Orders
2023-12-10,0.169344129,1578233546.0,420,8711549.188911116,1475249.7096368093,3512.49930865907,0.000222558905655,Retail Orders
2023-12-11,0.171494472,1598239386.0,409,21883268.10503032,3752859.509306615,9175.695621776566,0.0005741127206695,Normal
2023-12-12,0.158645277,1478508383.0,409,15968478.700677708,2533323.726737615,6193.945542145759,0.0004189320543166,Retail Orders
2023-12-13,0.159701412,1490004678.0,343,14459869.666282006,2309261.603041205,6732.541116738207,0.0004518469784789,Retail Orders
2023-12-14,0.163967417,1527661036.0,451,20932474.63379219,3432243.7971209264,7610.296667673894,0.0004981665754597,Retail Orders
2023-12-15,0.174625631,1627073517.0,367,22423144.589820143,3915655.773001578,10669.361779295854,0.0006557393791872,Normal
2023-12-16,0.163667159,1530409820.0,325,10290255.930465393,1684176.9535221723,5182.082933914377,0.0003386075328446,Retail Orders
2023-12-17,0.161877779,1507388700.0,350,12118126.002231829,1961655.3228834367,5604.729493952678,0.0003718171360812,Retail Orders
2023-12-18,0.158704013,1477414810.0,425,73812901.03171067,11714403.604904324,27563.30259977488,0.0018656441246703,Normal
2023-12-19,0.159797275,1494668374.0,297,13726901.67034357,2193521.4811138506,7385.594212504548,0.0004941292892107,Retail Orders
2023-12-20,0.155648083,1456719508.0,331,15260031.019567598,2375194.574716232,7175.814425124568,0.0004926009698995,Retail Orders
2023-12-21,0.160918704,1504417075.0,384,42979856.84210316,6916262.861136774,18011.101200877016,0.0011972146222068,Normal
2023-12-22,0.164696499,1540526605.0,572,32532120.03318961,5357926.274514091,9367.003976423235,0.0006080390916989,Normal
2023-12-23,0.190426723,1783452429.0,544,13306048.731981153,2533827.256109476,4657.770691377714,0.0002611659619084,Retail Orders
2023-12-24,0.18340463,1720879168.0,574,43655198.69381446,8006565.564015524,13948.720494800566,0.0008105578098787,Normal
2023-12-25,0.18663803,1747909439.0,511,19625193.41861814,3662807.438019856,7167.920622348051,0.0004100853546765,Retail Orders
2023-12-26,0.197334952,1848003249.0,548,25187132.033799227,4970301.490907433,9069.893231582908,0.0004907942254155,Retail Orders
2023-12-27,0.199301761,1866723740.0,504,36748003.202984005,7323941.751588352,14531.6304595007,0.000778456401883,Normal
2023-12-28,0.191691288,1793774190.0,507,95903934.07685898,18383948.64746019,36260.25374252503,0.0020214502998576,Normal
2023-12-29,0.189007178,1775674886.0,508,24307553.448574595,4594302.081399252,9043.901735037896,0.0005093219376104,Normal
2023-12-30,0.181232462,1695738763.0,448,8591465.643622642,1557052.470782146,3475.5635508530045,0.0002049586661983,Retail Orders
2023-12-31,0.178487951,1669638108.0,428,16065618.570036056,2867519.340113286,6699.811542320762,0.0004012732765393,Retail Orders
2024-01-01,0.184128444,1725412635.0,640,38809878.10400034,7146002.467119253,11165.628854873834,0.0006471280335137,Normal
2024-01-02,0.217401354,2033050474.0,659,89084679.2957168,19367129.8995446,29388.664490962976,0.0014455452467513,Normal
2024-01-03,0.208082567,1939669247.0,636,47489929.947769605,9881826.530182077,15537.463097770558,0.0008010367294218,Normal
2024-01-04,0.189273299,1773233419.0,491,32242692.81349381,6102680.837453566,12429.085208663066,0.000700927755787,Normal
2024-01-05,0.198672613,1858749676.0,447,27652481.41076844,5493790.7378112925,12290.359592419,0.0006612165022063,Normal
2024-01-06,0.184197988,1723838663.0,453,19827031.385523383,3652099.289226261,8062.02933604031,0.0004676788790669,Retail Orders
2024-01-07,0.171882169,1610909267.0,359,25426348.404975954,4370335.913596958,12173.63764233136,0.0007556997710369,Normal
2024-01-08,0.162855947,1522678181.0,489,46467601.58317434,7567525.2606465565,15475.511780463306,0.0010163350321536,Normal
2024-01-09,0.171470077,1605627684.0,424,27135717.611794647,4652963.588344684,10973.970727228028,0.000683469202517,Normal
2024-01-10,0.15993335,1496553779.0,524,20813579.248282667,3328785.4546683286,6352.643997458643,0.0004244848455565,Retail Orders
2024-01-11,0.177937513,1668804024.0,568,65608779.90606401,11674263.127449404,20553.28015396021,0.0012316173653929,Normal
2024-01-12,0.186729387,1750432400.0,404,11917379.409649126,2225324.951810203,5508.230078738126,0.0003146782519986,Retail Orders
2024-01-13,0.1752755,1638926351.0,462,16330005.826778317,2862249.9362914828,6195.346182449097,0.0003780124822978,Retail Orders
2024-01-14,0.171052264,1602087695.0,414,13991413.873877805,2393263.019687809,5780.8285499705535,0.0003608309687423,Retail Orders
2024-01-15,0.161935078,1518580370.0,398,23285626.06200909,3770759.672630275,9474.270534246922,0.0006238899646942,Normal
2024-01-16,0.162868617,1525454890.0,342,33176878.44766489,5403472.309148288,15799.626634936516,0.0010357321438024,Normal
2024-01-17,0.169060428,1582708169.0,346,12645993.05862897,2137936.998976843,6179.00866756313,0.0003904073276798,Retail Orders
2024-01-18,0.16708276,1567980730.0,378,46082227.67188108,7699545.786366265,20369.168747000705,0.0012990700942479,Normal
2024-01-19,0.154677533,1453030210.0,402,35049426.173051976,5421358.773513312,13485.96709829182,0.0009281270964278,Normal
2024-01-20,0.152918937,1435565312.0,390,12160627.803695131,1859590.2769937045,4768.180197419754,0.0003321465179997,Retail Orders
2024-01-21,0.159879389,1502575375.0,349,10068488.714024875,1609743.8237516931,4612.446486394536,0.0003069693915617,Retail Orders
2024-01-22,0.159766033,1500743662.0,345,37427426.74219267,5979631.495998236,17332.265205791988,0.0011549117710544,Normal
2024-01-23,0.148289387,1393854861.0,393,9754269.199166752,1446454.600177419,3680.5460564310906,0.0002640551867638,Retail Orders
2024-01-24,0.147514552,1383153580.0,343,8172147.149212032,1205510.62559409,3514.608237883644,0.000254101083835,Retail Orders
2024-01-25,0.153421315,1442519256.0,258,18804632.8144682,2885031.4944878616,11182.292614294038,0.0007751919128831,Normal
2024-01-26,0.149387704,1402944467.0,342,49044158.526623406,7326594.236904294,21422.790166386825,0.00152698775114,Normal
2024-01-27,0.156158464,1466970207.0,309,18480681.540494263,2885914.8430367378,9339.530236364848,0.0006366543909207,Normal
2024-01-28,0.159802292,1501179326.0,342,5527554.685520441,883315.9079015058,2582.7950523435843,0.0001720510672915,Retail Orders
2024-01-29,0.156957307,1474304860.0,326,32887965.164791856,5162006.44497554,15834.375598084478,0.0010740231567902,Normal
2024-01-30,0.162317676,1525390332.0,296,14518901.761945978,2356674.392071376,7961.737811051947,0.0005219475726329,Normal
2024-01-31,0.158325043,1485619052.0,283,24638047.27143462,3900819.893685919,13783.81587874883,0.0009278163106613,Normal
2024-02-01,0.154642862,1454118117.0,335,18797249.76541421,2906860.5014524823,8677.195526723828,0.0005967325092287,Normal
2024-02-02,0.154067805,1446571568.0,293,9536649.820870372,1469290.7049551418,5014.644044215501,0.0003466571689327,Retail Orders
2024-02-03,0.156001224,1465260503.0,278,6752385.615536047,1053380.420943617,3789.1382048331534,0.0002585982627031,Retail Orders
2024-02-04,0.15613642,1466161784.0,288,4296038.447952774,670768.0634457024,2329.0557758531336,0.0001588539410363,Retail Orders
2024-02-05,0.152460357,1431092437.0,281,18682620.48881324,2848358.9894199795,10136.508859145835,0.0007083056689472,Normal
2024-02-06,0.152271456,1429922490.0,270,20716098.73776989,3154470.517439984,11683.224138666605,0.0008170529675819,Normal
2024-02-07,0.159089689,1494191089.0,257,9954791.177642656,1583704.632511114,6162.274834673595,0.0004124154453897,Retail Orders
2024-02-08,0.160655499,1509312676.0,264,33564010.064175926,5392242.785301206,20425.16206553487,0.0013532757254557,Normal
2024-02-09,0.164299081,1543979419.0,246,34592358.77350023,5683492.756108375,23103.629089871443,0.0014963689804126,Normal
2024-02-10,0.167636607,1575373443.0,301,12661579.873616142,2122544.289272499,7051.642157051491,0.0004476171785416,Retail Orders
2024-02-11,0.170300958,1599915437.0,318,15488838.93986738,2637764.1097671194,8294.85569109157,0.0005184558820586,Normal
2024-02-12,0.167056599,1567956281.0,306,7074062.978869279,1181768.9023617106,3861.989876999054,0.0002463072423509,Retail Orders
2024-02-13,0.175739388,1650207210.0,315,7544861.71638876,1325929.3805827904,4209.299620897747,0.0002550770348953,Retail Orders
2024-02-14,0.172492785,1620091633.0,399,10265049.050256938,1770646.898840424,4437.71152591585,0.0002739173164976,Retail Orders
2024-02-15,0.179993301,1690308389.0,388,11710304.57262499,2107776.3757421663,5432.413339541666,0.000321385930218,Retail Orders
2024-02-16,0.183178807,1719829348.0,427,20106143.919271227,3683019.456502408,8625.338305626248,0.0005015229165414,Normal
2024-02-17,0.193810007,1821199122.0,462,21475248.591594428,4162118.079863657,9008.913592778476,0.0004946693353819,Retail Orders
2024-02-18,0.214763902,2016163017.0,730,24429242.358478174,5246519.411810455,7187.012892891034,0.0003564698306779,Retail Orders
2024-02-19,0.23843402,2248316263.0,762,93999107.55579922,22412585.090941586,29412.84132669499,0.0013082163666533,Normal
2024-02-20,0.244945027,2304503434.0,526,48772566.27055238,11946597.561999744,22712.16266539875,0.0009855556008426,Normal
2024-02-21,0.249174066,2346079037.0,524,47712951.16208257,11888830.04191554,22688.60695022049,0.0009670862145903,Normal
2024-02-22,0.281496872,2643179311.0,687,36853283.59241485,10374084.054193702,15100.559030849638,0.0005713028612174,Normal
2024-02-23,0.270839386,2551566954.0,535,23294957.81136801,6309192.070526816,11792.882374816478,0.0004621819684695,Retail Orders
2024-02-24,0.265772292,2511939911.0,559,24532976.645935982,6520185.43277288,11664.01687437009,0.000464342989388,Retail Orders
2024-02-25,0.271214138,2554266805.0,614,50004643.77923562,13561966.35858245,22087.893092153827,0.0008647449455521,Normal
2024-02-26,0.289530706,2729481347.0,564,33115948.833022326,9588084.045484832,17000.14901681708,0.000622834409017,Normal
2024-02-27,0.293625108,2766555210.0,526,28337733.18924604,8320669.968167552,15818.76419803717,0.0005717855960675,Normal
2024-02-28,0.279401357,2630720902.0,597,24375972.671908498,6810679.842726151,11408.173940914823,0.0004336520051306,Retail Orders
2024-02-29,0.289259421,2725827068.0,574,26313871.27362707,7611535.1688779,13260.5142314946,0.0004864767243368,Retail Orders
2024-03-01,0.280622242,2648316166.0,655,66014634.2689402,18525174.67336003,28282.709424977147,0.0010679506392809,Normal
2024-03-02,0.321499502,3024620721.0,618,66291681.56672648,21312742.610445146,34486.63852822839,0.0011401971258342,Normal
2024-03-03,0.318634087,3002221848.0,569,21522006.26621852,6857644.817044815,12052.099854208816,0.0004014393494017,Retail Orders
2024-03-04,0.319928199,3014202132.0,542,28172299.80474946,9013113.138221549,16629.36003361909,0.0005517002279666,Normal
2024-03-05,0.308591401,2902881449.0,565,36441177.33711965,11245433.968551202,19903.42295318797,0.0006856436717401,Normal
2024-03-06,0.279221248,2632150259.0,555,31226860.614928395,8719202.992022352,15710.275661301535,0.0005968608975716,Normal
2024-03-07,0.32318278,3032012483.0,607,32750781.09047224,10584488.47999025,17437.378055997116,0.0005751090456838,Normal
2024-03-08,0.345447191,3254108191.0,551,53832502.795488246,18596286.87520106,33750.06692413986,0.0010371525758572,Normal
2024-03-09,0.340603568,3206912977.0,970,56285617.52641264,19171082.156579483,19764.002223277817,0.0006162936869514,Normal
2024-03-10,0.455084725,4153268384.0,869,47682293.61652976,21699483.477847703,24970.636913518647,0.0006012285892651,Normal
2024-03-11,0.438214825,4125317107.0,687,54260874.73594278,23777919.726758085,34611.236865732295,0.0008389957903357,Normal
2024-03-12,0.434488361,4093940963.0,592,96925294.64434512,42112912.40946359,71136.67636733715,0.001737608749375,Normal
2024-03-13,0.446513879,4189865535.0,618,104122707.05773827,46492233.8203314,75230.15181283397,0.0017955266388479,Normal
2024-03-14,0.441071482,4148809498.0,590,26638849.54230545,11749636.84639969,19914.638722711337,0.000480008511654,Retail Orders
2024-03-15,0.436586773,4112400050.0,622,49222740.29633261,21489997.34419292,34549.83495850951,0.0008401379860529,Normal
2024-03-16,0.411433065,3876971024.0,582,22591337.49669167,9294823.22871328,15970.48664727368,0.0004119320610964,Retail Orders
2024-03-17,0.366949524,3460778048.0,648,22620054.86235914,8300418.364596573,12809.28759968607,0.0003701273939566,Retail Orders
2024-03-18,0.425757157,4007080746.0,587,66583743.98678127,28348505.54222784,48293.87656256872,0.0012052134614651,Normal
2024-03-19,0.39010669,3688943126.0,543,65021272.3105878,25365233.320672058,46713.13687048261,0.0012663013571893,Normal
2024-03-20,0.370753547,3521666164.0,509,56144813.16427537,20815888.626307387,40895.65545443494,0.0011612587210135,Normal
2024-03-21,0.404275154,3818149097.0,471,38434291.68130464,15538029.188340357,32989.44625974598,0.000864016711282,Normal
2024-03-22,0.380321173,3599908255.0,485,48578550.36625579,18475451.257933985,38093.71393388451,0.0010581856879539,Normal
2024-03-23,0.364893175,3442346491.0,491,12934412.980289048,4719679.019138883,9612.380894376543,0.0002792392026633,Retail Orders
2024-03-24,0.365740772,3460676531.0,486,13239302.440814216,4842152.695444875,9963.277151121143,0.0002878996942323,Retail Orders
2024-03-25,0.388445454,3674662620.0,581,22943379.104563568,8912251.31256631,15339.503119735473,0.0004174397681095,Retail Orders
2024-03-26,0.401791457,3787639427.0,847,78714080.03972188,31626644.90557447,37339.60437494034,0.0009858278512143,Normal
2024-03-27,0.398010557,3755460332.0,735,21730857.83293949,8649110.830176061,11767.497728130696,0.0003133436832726,Retail Orders
2024-03-28,0.40028041,3774720268.0,593,33849939.85524686,13549467.803733552,22849.01821877496,0.0006053168604962,Normal
2024-03-29,0.410444177,3883253377.0,545,24069528.726910915,9879197.909094809,18126.96864054093,0.0004667985032319,Retail Orders
2024-03-30,0.393328389,3717387052.0,491,8445372.125169115,3321804.612498274,6765.386176167564,0.0001819930526881,Retail Orders
2024-03-31,0.388462147,3670338020.0,498,10526953.84184976,4089323.090774856,8211.492150150314,0.0002237257741767,Retail Orders
2024-04-01,0.391808501,3705769115.0,494,27891311.43630836,10928052.924784135,22121.564625069102,0.0005969493494758,Normal
2024-04-02,0.375244172,3554541139.0,515,36314354.86592198,13626750.023377066,26459.70878325644,0.0007443916879437,Normal
2024-04-03,0.33371295,3158727958.0,451,18196853.091142844,6072525.525761898,13464.579879738132,0.0004262658911678,Retail Orders
2024-04-04,0.329867792,3128589710.0,441,32104745.225275367,10590321.420184128,24014.33428613181,0.0007675769759573,Normal
2024-04-05,0.338013432,3193609186.0,523,10334784.088204,3493295.838632825,6679.341947672705,0.0002091471297412,Retail Orders
2024-04-06,0.331991378,3140871795.0,475,7653007.137579599,2540732.385448887,5348.910285155552,0.0001703001788761,Retail Orders
2024-04-07,0.338375066,3198333415.0,495,8975623.953159656,3037127.34754158,6135.610803114303,0.0001918377481953,Retail Orders
2024-04-08,0.337533126,3189122322.0,473,25169803.46259624,8495642.443535732,17961.189098384213,0.0005632016362144,Normal
2024-04-09,0.35231643,3333224399.0,372,9647534.661522942,3398984.970249021,9137.056371637153,0.0002741206494941,Retail Orders
2024-04-10,0.332998635,3155198000.0,374,6460624.944029662,2151379.287608829,5752.351036387243,0.0001823134724472,Retail Orders
2024-04-11,0.327895695,3101823138.0,432,10503245.665099123,3443969.0371134146,7972.150548873645,0.0002570149938985,Retail Orders
2024-04-12,0.311095428,2941566290.0,577,25640330.375707928,7976589.552292258,13824.245324596635,0.0004699620529237,Retail Orders
2024-04-13,0.269028538,2545340198.0,580,28322668.46333893,7619606.088950778,13137.25187750134,0.0005161295094394,Normal
2024-04-14,0.23619919,2240916336.0,630,17372658.655505188,4103407.902576814,6513.345877106054,0.0002906554685897,Retail Orders
2024-04-15,0.260153107,2464744045.0,523,43591063.3816414,11340350.576167936,21683.27070012989,0.0008797372183175,Normal
2024-04-16,0.253301723,2392345038.0,447,31474492.02732356,7972543.06107082,17835.666803290427,0.000745530703974,Normal
2024-04-17,0.258532699,2444608481.0,401,47645891.57155838,12318020.94425634,30718.25671884374,0.0012565716333552,Normal
2024-04-18,0.241466478,2286601853.0,431,11631293.303245742,2808567.428519735,6516.397745985464,0.0002849817399315,Retail Orders
2024-04-19,0.255762108,2422529040.0,429,52204101.32044779,13351830.999963308,31123.14918406365,0.0012847379193466,Normal
2024-04-20,0.258131308,2450769860.0,493,13235247.020028755,3416431.6249831254,6929.881592257861,0.0002827634575307,Retail Orders
2024-04-21,0.291353873,2763096398.0,425,4895287.790501751,1426261.0572122976,3355.9083699112884,0.0001214546250482,Retail Orders
2024-04-22,0.28123379,2667761015.0,422,29396942.346712984,8267413.510577586,19591.027276250206,0.0007343621548592,Normal
2024-04-23,0.30163639,2865449356.0,372,13504143.985462343,4073341.241815073,10949.84204788998,0.0003821335046442,Retail Orders
2024-04-24,0.292989321,2778895627.0,335,12269854.177421257,3594936.244211668,10731.152967796024,0.0003861661036683,Retail Orders
2024-04-25,0.269804372,2559780931.0,354,12585101.277987866,3395515.3468639133,9591.851262327438,0.0003747137556251,Retail Orders
2024-04-26,0.266496272,2532429460.0,339,28308271.020197544,7544048.6936482815,22253.830954714696,0.0008787542281519,Normal
2024-04-27,0.258880961,2455553188.0,380,22618799.83778944,5855576.638673575,15409.412207035724,0.0006275332288601,Normal
2024-04-28,0.264981723,2514281256.0,349,9000119.551292907,2384867.185907582,6833.430332113415,0.0002717846428599,Retail Orders
2024-04-29,0.25698678,2437893460.0,389,43536788.78606797,11188379.161671717,28761.90015853912,0.0011797849508378,Normal
2024-04-30,0.256299866,2430593344.0,375,19996464.2858693,5125091.116942087,13666.9096451789,0.0005622869691022,Normal
2024-05-01,0.236213522,2248015673.0,631,25379939.75843788,5995084.958488441,9500.92703405458,0.0004226361563296,Retail Orders
2024-05-02,0.243115758,2312368565.0,474,16417978.39103987,3991469.261365278,8420.821226509026,0.0003641643185245,Retail Orders
2024-05-03,0.251102864,2381881611.0,488,29528416.52150988,7414669.957936048,15193.99581544272,0.0006378988672347,Normal
2024-05-04,0.274893291,2614413665.0,401,11703581.956207467,3217236.160430088,8023.032819027651,0.0003068769463086,Retail Orders
2024-05-05,0.275388291,2612440214.0,392,10213575.385628354,2812699.0704478584,7175.2527307343325,0.0002746571076452,Retail Orders
2024-05-06,0.293292828,2773703146.0,473,9936861.1215717,2914410.0997890155,6161.543551350984,0.0002221414198645,Retail Orders
2024-05-07,0.281943949,2674352453.0,414,22020114.71567994,6208438.100371814,14996.227295584093,0.0005607423688213,Normal
2024-05-08,0.280863393,2667086093.0,405,12282924.359261502,3449823.8115045363,8518.083485196386,0.0003193778973821,Retail Orders
2024-05-09,0.263422638,2495141355.0,372,7625387.684089262,2008699.739515504,5399.73048256856,0.000216409802665,Retail Orders
2024-05-10,0.293915788,2791545190.0,432,38289611.15211481,11253921.233987411,26050.743597193083,0.0009332015720366,Normal
2024-05-11,0.291721047,2763259927.0,289,15185514.540419184,4429934.200964808,15328.492044860928,0.0005547249426333,Normal
2024-05-12,0.284583353,2700476568.0,308,6622518.735022481,1884658.586918016,6119.021386097455,0.0002265904269863,Retail Orders
2024-05-13,0.278322926,2641037265.0,338,12269589.65642575,3414908.09399575,10103.27838460281,0.0003825496337554,Retail Orders
2024-05-14,0.278639818,2642326486.0,286,9555832.806918686,2662635.514158252,9309.914385168711,0.0003523377763685,Retail Orders
2024-05-15,0.264969419,2513049943.0,354,23997797.51840636,6358682.465731775,17962.37984669993,0.0007147641413467,Normal
2024-05-16,0.302531599,2874304999.0,410,94792602.74898064,28677757.683020905,69945.75044639246,0.0024334839368378,Normal
2024-05-17,0.303560466,2887726051.0,371,31474161.323097683,9554311.078198709,25752.860049053124,0.0008918041252609,Normal
2024-05-18,0.317376583,3001134908.0,320,17129122.002917305,5436382.21107601,16988.69440961253,0.0005660756657198,Normal
2024-05-19,0.31210961,2966820490.0,292,28320430.68829906,8839078.57715705,30270.8170450584,0.0010203117157606,Normal
2024-05-20,0.300094076,2849748632.0,356,17092897.151494034,5129477.176840635,14408.643755170324,0.0005056110420889,Normal
2024-05-21,0.338114459,3216951261.0,418,23729367.316440903,8023242.192610699,19194.359312465785,0.0005966630438317,Normal
2024-05-22,0.339702333,3233805419.0,367,13542730.714899303,4600497.219042052,12535.414765782158,0.000387636642951,Retail Orders
2024-05-23,0.346666445,3290919687.0,375,9084713.36915331,3149365.2875283505,8398.307433408934,0.00025519636552,Retail Orders
2024-05-24,0.327804019,3121464291.0,327,8381508.71351025,2747492.24157218,8402.116946703913,0.0002691722910599,Retail Orders
2024-05-25,0.324988558,3092620280.0,304,4636378.422345894,1506769.937820507,4956.480058620089,0.0001602679802196,Retail Orders
2024-05-26,0.327744141,3113509081.0,295,4233959.505342565,1387655.4211072836,4703.916681719606,0.0001510808723965,Retail Orders
2024-05-27,0.31732275,3018248460.0,315,8588125.867997475,2725207.717779096,8651.453072314589,0.0002866382004983,Retail Orders
2024-05-28,0.325369639,3092085933.0,297,15836874.661137909,5152838.1913826885,17349.62354000905,0.0005610977157797,Normal
2024-05-29,0.314450068,2991151038.0,357,12124765.924493987,3812633.4694412174,10679.645572664474,0.0003570413341549,Retail Orders
2024-05-30,0.309455204,2941312102.0,293,60479124.56184661,18715579.82902765,63875.69907517969,0.0021716736225219,Normal
2024-05-31,0.303544719,2886101031.0,309,13033311.712282537,3956192.9413442113,12803.213402408452,0.0004436162582282,Retail Orders
2024-06-01,0.297760435,2835397443.0,296,4011159.5567013696,1194364.6144578068,4035.0155893844826,0.0001423086417513,Retail Orders
2024-06-02,0.299269031,2842788841.0,271,4924668.96674262,1473800.9096728351,5438.379740490167,0.0001913043861033,Retail Orders
2024-06-03,0.293108148,2789188094.0,293,5930096.313089728,1738159.5477913583,5932.285146045592,0.0002126886013462,Retail Orders
2024-06-04,0.293773158,2792683043.0,306,48820383.29420684,14342118.175109588,46869.66723892022,0.0016783024252036,Normal
2024-06-05,0.299628866,2849652058.0,338,13365868.32764762,4004799.970118373,11848.520621651993,0.0004157883271534,Retail Orders
2024-06-06,0.304739149,2894196389.0,251,9138030.6550583,2784715.6853583786,11094.484802224615,0.0003833355899548,Retail Orders
2024-06-07,0.293829462,2795451293.0,341,22810538.91135436,6702408.376253316,19655.1565286021,0.0007031121085107,Normal
2024-06-08,0.272147208,2590301234.0,303,6489140.078828173,1766001.354773987,5828.387309485106,0.0002250080891358,Retail Orders
2024-06-09,0.266550251,2531897874.0,277,3680187.389625742,980954.8724317764,3541.353330078616,0.0001398695171098,Retail Orders
2024-06-10,0.267927762,2546442022.0,279,7109691.005920106,1904883.5997277028,6827.539783970261,0.0002681207632054,Retail Orders
2024-06-11,0.258825396,2463405471.0,305,10274779.154237617,2659373.783408096,8719.258306256053,0.0003539514062504,Retail Orders
2024-06-12,0.243260315,2311613012.0,350,31792296.79899307,7733804.1338965455,22096.58323970441,0.0009558945690735,Normal
2024-06-13,0.26197777,2489093702.0,268,8142389.1745841475,2133124.958429696,7959.421486677968,0.0003197718703913,Retail Orders
2024-06-14,0.24311786,2313191878.0,313,14943055.45364095,3632923.6637505167,11606.784868212511,0.0005017648980441,Normal
2024-06-15,0.235926239,2243281373.0,256,5622830.239134117,1326573.190854383,5181.926526774933,0.000230997617559,Retail Orders
2024-06-16,0.237477369,2256798494.0,208,11781668.107972186,2797879.544712443,13451.343964963668,0.0005960365535835,Normal
2024-06-17,0.23534792,2238733241.0,344,24691151.614226043,5811011.174812742,16892.474345385875,0.0007545550329989,Normal
2024-06-18,0.21349757,2040000928.0,388,21652942.77158131,4622850.665081674,11914.563569798129,0.0005840469681295,Normal
2024-06-19,0.201769904,1922215133.0,284,21616881.07026645,4361636.018327079,15357.873303968589,0.0007989674537625,Normal
2024-06-20,0.21818037,2078223044.0,265,24422209.92412197,5328446.797462604,20107.34640551926,0.0009675259093854,Normal
2024-06-21,0.221035286,2115459611.0,260,4871363.467798216,1076743.2173147306,4141.320066595118,0.0001957645537197,Retail Orders
2024-06-22,0.217670387,2078374519.0,255,8970748.475687727,1952666.292382608,7657.514872088657,0.0003684376806049,Retail Orders
2024-06-23,0.212471751,2028599696.0,277,21944781.2718704,4662646.102146309,16832.65740847043,0.0008297673238175,Normal
2024-06-24,0.205461221,1959259463.0,276,12281957.186247958,2523465.91975623,9142.992462884891,0.0004666555214124,Retail Orders
2024-06-25,0.216856999,2066143423.0,249,7438318.300709531,1613051.3842986485,6478.11800923152,0.0003135367050088,Retail Orders
2024-06-26,0.22033896,2105427737.0,248,13248598.899883214,2919182.5030574114,11770.897189747626,0.000559073910868,Normal
2024-06-27,0.218363046,2084680962.0,229,5947886.465865763,1298798.605948623,5671.609632963419,0.0002720612763461,Retail Orders
2024-06-28,0.21730055,2073782952.0,258,9024985.806917084,1961134.3795852764,7601.296044904172,0.0003665425081044,Retail Orders
2024-06-29,0.206475288,1970874374.0,224,6554459.638376111,1353333.9415180834,6041.669381777158,0.0003065476654158,Retail Orders
2024-06-30,0.202711662,1934394255.0,234,4580856.521760112,928593.0389095312,3968.346320126202,0.0002051467176284,Retail Orders
2024-07-01,0.210446603,2006642210.0,226,6973696.988983937,1467590.841682998,6493.764786207956,0.0003236134849474,Retail Orders
2024-07-02,0.206989141,1975627880.0,224,7056322.100291076,1460582.0501585656,6520.455581065025,0.0003300447238609,Retail Orders
2024-07-03,0.21187555,2019484592.0,234,7395275.587051663,1566878.082408144,6696.060181231384,0.0003315727293863,Retail Orders
2024-07-04,0.19684462,1878961179.0,307,8192146.286410671,1612579.9227329197,5252.703331377588,0.0002795535847192,Retail Orders
2024-07-05,0.176101911,1686498382.0,436,19530926.428824723,3439433.467716439,7888.608870909264,0.0004677507523935,Retail Orders
2024-07-06,0.172492674,1649026459.0,289,9377394.206990687,1617531.8019159334,5596.995854380392,0.0003394121315539,Retail Orders
2024-07-07,0.187415316,1785994338.0,242,2881163.3165916023,539974.1334266232,2231.2980720108394,0.0001249330988646,Retail Orders
2024-07-08,0.173082178,1648870136.0,251,14035404.17227951,2429278.323248425,9678.399694216832,0.000586971616679,Normal
2024-07-09,0.176241169,1681150954.0,205,14350841.734522026,2529209.1234261496,12337.60548012756,0.0007338785045312,Normal
2024-07-10,0.182710439,1747088249.0,220,7443101.025458412,1359932.255882857,6181.510254012985,0.0003538178599478,Retail Orders
2024-07-11,0.185632293,1772866379.0,196,6000777.524337382,1113938.0916256115,5683.357610334752,0.000320574504523,Retail Orders
2024-07-12,0.181596937,1734079179.0,232,4997304.102897144,907495.1183436544,3911.616889412303,0.0002255731420331,Retail Orders
2024-07-13,0.185227801,1763891689.0,227,12696394.510798818,2351725.235863736,10360.023065479012,0.0005873389579465,Normal
2024-07-14,0.191921433,1834054778.0,234,3768874.465208811,723327.7881599837,3091.1443938460843,0.000168541552353,Retail Orders
2024-07-15,0.19836368,1894886278.0,261,34227141.243272565,6789421.69289532,26013.10993446483,0.0013728058636806,Normal
2024-07-16,0.220746535,2106744644.0,288,97189302.32537052,21454201.727392983,74493.75599789231,0.0035359651303754,Normal
2024-07-17,0.213976691,2042849599.0,292,12182614.29438986,2606795.494442842,8927.381830283706,0.0004370063187546,Retail Orders
2024-07-18,0.208838714,1998593853.0,267,50475559.31158073,10541250.895061243,39480.34043094099,0.0019754058770709,Normal
2024-07-19,0.202492971,1933627325.0,233,5446824.317090975,1102943.6384827977,4733.663684475527,0.0002448074467749,Retail Orders
2024-07-20,0.214546242,2048535725.0,258,23769838.77244239,5099729.581573407,19766.39372702871,0.0009649035399189,Normal
2024-07-21,0.2134637,2038552586.0,217,8651996.154761808,1846887.111581228,8511.000514199208,0.00041750213228,Retail Orders
2024-07-22,0.2188665,2086007830.0,294,14246074.85159522,3117988.5415066653,10605.403202403624,0.0005084066823662,Normal
2024-07-23,0.20663923,1974266648.0,240,8322268.60085394,1719707.1755336355,7165.446564723481,0.0003629421877729,Retail Orders
2024-07-24,0.198540523,1896591851.0,257,20394281.110532194,4049091.2378940815,15755.218824490594,0.0008307121437953,Normal
2024-07-25,0.192340437,1835716790.0,277,8010730.987614647,1540787.498847243,5562.409743130841,0.0003030102341184,Retail Orders
2024-07-26,0.189301464,1806964233.0,236,14796424.04120914,2800984.7329656864,11868.579376973248,0.0006568242558552,Normal
2024-07-27,0.201035278,1915518505.0,201,3850168.249654488,774019.6444160634,3850.8440020699672,0.0002010340277067,Retail Orders
2024-07-28,0.198567806,1896329113.0,226,4832840.468608385,959646.5285995788,4246.223577874242,0.0002239180714341,Retail Orders
2024-07-29,0.19259313,1839295430.0,258,5664669.95819983,1090976.5176666745,4228.5911537468,0.0002299027706357,Retail Orders
2024-07-30,0.191958998,1835032977.0,274,46544437.89275587,8934623.660366647,32608.115548783386,0.0017769770874686,Normal
2024-07-31,0.187950674,1794652931.0,257,15088733.720233517,2835937.6725244173,11034.776935892674,0.0006148696912524,Normal
2024-08-01,0.179942173,1717382861.0,292,9173401.012185726,1650681.7119330994,5653.019561414724,0.0003291647826346,Retail Orders
2024-08-02,0.178097069,1700565476.0,265,14845456.064024229,2643932.212970991,9977.10269045657,0.0005866932400582,Normal
2024-08-03,0.162534984,1551723434.0,242,6054948.598438912,984140.973568091,4066.6982378846737,0.0002620762275531,Retail Orders
2024-08-04,0.154007458,1469752162.0,310,9365591.47789795,1442370.9361775266,4652.809471540409,0.0003165710241384,Retail Orders
2024-08-05,0.143741155,1374578979.0,423,36309178.03180949,5219123.187392924,12338.35268887216,0.000897609586453,Normal
2024-08-06,0.131882676,1260827059.0,288,9402896.18425415,1240079.1109296265,4305.830246283425,0.0003415083944739,Retail Orders
2024-08-07,0.137097103,1309079897.0,249,8659507.540935991,1187193.3972689784,4767.84496895172,0.0003642134433412,Retail Orders
2024-08-08,0.12862215,1230269293.0,283,57687668.97207052,7419912.011675999,26218.77035927915,0.0021311407598693,Normal
2024-08-09,0.146596296,1396948350.0,297,18707526.34603668,2742454.069651391,9233.85208636832,0.0006610016817277,Normal
2024-08-10,0.143232066,1364169890.0,203,6051831.120071231,866816.2744108965,4270.030908428062,0.0003130131327285,Retail Orders
2024-08-11,0.146156415,1393171977.0,199,9450905.124940736,1381310.4115664654,6941.258349580228,0.0004982341350654,Retail Orders
2024-08-12,0.136703975,1303755942.0,210,6769720.545291204,925447.708180475,4406.893848478453,0.0003380152455311,Retail Orders
2024-08-13,0.143621253,1373567931.0,230,6299043.617881971,904676.537101862,3933.376248268965,0.0002863619744969,Retail Orders
2024-08-14,0.146436376,1397208424.0,190,4044250.7331862594,592225.4210031388,3116.97590001652,0.0002230859653059,Retail Orders
2024-08-15,0.142465052,1359986648.0,176,4230500.63372064,602698.492769044,3424.4232543695684,0.000251798299594,Retail Orders
2024-08-16,0.136528054,1303231400.0,158,1777400.7891737374,242665.07092395463,1535.8548792655358,0.0001178497448162,Retail Orders
2024-08-17,0.137069649,1307943220.0,166,1785559.9829691371,244746.0801340256,1474.373976710997,0.0001127246163416,Retail Orders
2024-08-18,0.13815174,1318824342.0,213,2111851.3757781405,291755.942185144,1369.7462074419907,0.0001038611560175,Retail Orders
2024-08-19,0.140038792,1337857491.0,196,2207020.775837376,309068.5233671688,1576.8802212610651,0.0001178660830371,Retail Orders
2024-08-20,0.144528095,1378041989.0,212,8435395.34055214,1219151.619141877,5750.715184631495,0.0004173105921688,Retail Orders
2024-08-21,0.142915285,1365332564.0,246,20078363.136698768,2869504.9900147985,11664.654430954466,0.0008543452883582,Normal
2024-08-22,0.149791398,1430459781.0,214,12400365.35025532,1857468.061525504,8679.757296848149,0.000606780939397,Normal
2024-08-23,0.155087102,1480854077.0,242,9775911.527462438,1516117.7882025428,6264.949538027036,0.000423063260272,Retail Orders
2024-08-24,0.170797471,1629616522.0,230,8105396.297379394,1384381.1890451645,6019.048648022455,0.0003693536833214,Retail Orders
2024-08-25,0.176725223,1682436496.0,186,2394738.099427739,423210.6246479634,2275.325938967545,0.0001352399299692,Retail Orders
2024-08-26,0.172127611,1645733555.0,234,9118107.058772912,1569477.9848688182,6707.17087550777,0.0004075490139415,Retail Orders
2024-08-27,0.161260707,1539491958.0,229,10836061.876307642,1747430.999269117,7630.70305357693,0.0004956637164568,Retail Orders
2024-08-28,0.151039575,1444444788.0,232,10540876.874548208,1592089.5632590896,6862.4550140478,0.000475092926435,Retail Orders
2024-08-29,0.146289271,1402935650.0,232,11479626.532214835,1679346.1967499664,7238.561192887786,0.000515958176192,Normal
2024-08-30,0.146175611,1395470162.0,216,31951996.034375444,4670602.542994408,21623.15992127041,0.0015495250640314,Normal
2024-08-31,0.147650087,1409330248.0,168,2314758.4618574176,341774.2882772339,2034.370763554964,0.0001443501809772,Retail Orders
2024-09-01,0.145903608,1393336835.0,160,1882966.7829712816,274731.6473796629,1717.0727961228931,0.0001232345799659,Retail Orders
2024-09-02,0.13846529,1322412030.0,222,40681683.79116767,5633001.143832331,25373.87902627176,0.0019187574258736,Normal
2024-09-03,0.145536602,1388490799.0,200,8462909.694858078,1231663.120022501,6158.315600112506,0.0004435258486802,Retail Orders
2024-09-04,0.135046752,1294670570.0,202,6167484.29411154,832898.7219307761,4123.260999657307,0.0003184795495627,Retail Orders
2024-09-05,0.139793106,1333230066.0,173,8163236.813320739,1141164.2291476484,6596.325023974847,0.0004947626964163,Retail Orders
2024-09-06,0.133957383,1279947952.0,222,9669057.612801926,1295241.6538871734,5834.421864356637,0.0004558327434517,Retail Orders
2024-09-07,0.129860434,1238848776.0,191,2769928.543566369,359704.1228165165,1883.2676587252176,0.0001520175581725,Retail Orders
2024-09-08,0.131977799,1258476309.0,206,7750580.975592357,1022904.618129952,4965.556398689088,0.0003945689214153,Retail Orders
2024-09-09,0.136187916,1300733377.0,221,16229884.067026865,2210314.088009993,10001.4212127149,0.0007689063254286,Normal
2024-09-10,0.143049231,1366688132.0,218,10599954.648928745,1516315.3611641314,6955.575051211612,0.0005089365224115,Normal
2024-09-11,0.141583937,1351487468.0,188,12085247.871697044,1711076.9732957382,9101.473262211372,0.000673441188151,Normal
2024-09-12,0.137636441,1314225892.0,219,7632922.243947775,1050568.2520867055,4797.115306331989,0.0003650145180926,Retail Orders
2024-09-13,0.143736013,1373895413.0,211,3544278.3027561205,509440.4322005717,2414.40963128233,0.0001757346016615,Retail Orders
2024-09-14,0.150469225,1435034988.0,186,1969826.8027323664,296398.3123913671,1593.539313932081,0.00011104532832,Retail Orders
2024-09-15,0.149387753,1426858637.0,159,2519603.590910678,376397.91889687744,2367.282508785393,0.0001659086925221,Retail Orders
2024-09-16,0.142635803,1361970607.0,173,5063605.176325049,722251.39040008,4174.863528324162,0.0003065311033047,Retail Orders
2024-09-17,0.138608995,1325126220.0,241,8033923.868326085,1113574.113295191,4620.639474253904,0.0003486942907411,Retail Orders
2024-09-18,0.141682548,1353013894.0,212,19854801.447908685,2813078.859173792,13269.239901763169,0.0009807171944505,Normal
2024-09-19,0.146393078,1391578466.0,255,12542346.551292429,1836112.7169863835,7200.442027397583,0.0005174298254337,Normal
2024-09-20,0.15424541,1472306268.0,228,87747655.13509181,13534673.042850845,59362.60106513528,0.0040319465015777,Normal
2024-09-21,0.160816335,1535032063.0,210,6707770.146738046,1078719.0110208248,5136.757195337261,0.0003346351727206,Retail Orders
2024-09-22,0.166253025,1587617124.0,181,2067891.2236527128,343793.17130321503,1899.409786205608,0.0001196390337123,Retail Orders
2024-09-23,0.16062522,1533035068.0,269,12055082.185250891,1936350.2281240053,7198.327985591098,0.0004695475097632,Retail Orders
2024-09-24,0.174680137,1664461093.0,256,101739302.26247106,17771835.257492855,69421.23147458147,0.0041707932835761,Normal
2024-09-25,0.186959553,1784669387.0,203,25618022.41557783,4789534.019560412,23593.763643154736,0.0013220243376738,Normal
2024-09-26,0.178957706,1703846707.0,255,20740957.66298234,3711754.2036104407,14555.898837688002,0.0008542962684311,Normal
2024-09-27,0.186919758,1784173215.0,267,20117065.40655009,3760276.9974625134,14083.434447425148,0.0007893535408458,Normal
2024-09-28,0.188861722,1803225979.0,202,6062150.92963228,1144908.2635942532,5667.86269106066,0.0003143179366905,Retail Orders
2024-09-29,0.187107291,1785868717.0,216,3523759.1831032885,659321.0348868293,3052.412198550136,0.0001709203016713,Retail Orders
2024-09-30,0.188516216,1800005702.0,257,5106952.766291976,962743.4107920956,3746.08331047508,0.0002081150802085,Retail Orders
2024-10-01,0.17536328,1673446525.0,253,13831622.865333186,2425558.753387826,9587.188748568482,0.0005729008131029,Normal
2024-10-02,0.159647819,1524700860.0,287,41819496.31430479,6676391.378257299,23262.68772911951,0.0015257214276851,Normal
2024-10-03,0.153660468,1466280175.0,230,9120841.794986049,1401512.8187715162,6093.533994658767,0.0004155777387264,Retail Orders
2024-10-04,0.154019622,1472138760.0,218,9860129.319900878,1518653.39072225,6966.299957441514,0.0004732094654882,Retail Orders
2024-10-05,0.15984618,1523623503.0,194,4075019.952629429,651376.3728515952,3357.6101693381192,0.0002203700692938,Retail Orders
2024-10-06,0.158073756,1510376626.0,175,2017238.8817552435,318872.52678829123,1822.1287245045207,0.0001206406861135,Retail Orders
2024-10-07,0.164111585,1568631186.0,209,16127514.012844715,2646711.886757657,12663.693238074911,0.0008073085216651,Normal
2024-10-08,0.16477116,1579979402.0,193,14495208.740635214,2388392.358636603,12375.089941122296,0.0007832437514981,Normal
2024-10-09,0.15886885,1518481504.0,185,11902970.04250044,1891011.162236496,10221.681958035117,0.0006731515616824,Normal
2024-10-10,0.155337219,1484545247.0,202,14130433.852977172,2194982.2979849293,10866.248999925392,0.0007319580876287,Normal
2024-10-11,0.1537433,1467952636.0,168,7544909.305902554,1159979.254890168,6904.638421965286,0.0004703583925418,Retail Orders
2024-10-12,0.162744347,1552915722.0,168,4278005.356754924,696221.1882475823,4144.173739568942,0.0002668640468287,Retail Orders
2024-10-13,0.166627854,1589998163.0,158,3044769.1124943774,507343.3431404227,3211.0338173444475,0.000201952045736,Retail Orders
2024-10-14,0.165449889,1577560479.0,234,19409511.94197446,3211301.5963438493,13723.511095486536,0.0008699198083477,Normal
2024-10-15,0.177471346,1694629189.0,217,8630281.716541078,1531627.7125937357,7058.192223934266,0.0004165036380672,Retail Orders
2024-10-16,0.173327641,1656966312.0,217,30928528.61690922,5360768.904769869,24704.0041694464,0.0014909177084975,Normal
2024-10-17,0.167675186,1600100666.0,191,13226466.71597946,2217750.266724665,11611.257940966834,0.0007256579656324,Normal
2024-10-18,0.1636674,1562243643.0,183,7460525.406393239,1221044.7958983248,6672.375933870628,0.0004271021337656,Retail Orders
2024-10-19,0.168997299,1613028790.0,154,2548318.9790481143,430659.0244495689,2796.4871717504475,0.0001733687079292,Retail Orders
2024-10-20,0.167193612,1596425073.0,221,5524412.866277981,923646.5412922885,4179.396114444744,0.0002617971983233,Retail Orders
2024-10-21,0.178701363,1705765282.0,235,25718939.87914564,4596009.6113183815,19557.4877077378,0.0011465521026906,Normal
2024-10-22,0.169599969,1619039724.0,190,26827088.57480989,4549873.390648011,23946.70205604216,0.0014790682218024,Normal
2024-10-23,0.167248831,1595209940.0,196,8562337.846103873,1432040.9953879304,7306.331609122094,0.0004580169309327,Retail Orders
2024-10-24,0.16097227,1535498111.0,184,8595378.301511263,1383617.5567030124,7519.660634255502,0.0004897212559485,Retail Orders
2024-10-25,0.163972415,1565167118.0,222,11184188.132144826,1833898.3378421264,8260.803323613181,0.0005277904978076,Normal
2024-10-26,0.151114041,1437586545.0,205,16653040.973405398,2516508.316429863,12275.650324048112,0.000853906873763,Normal
2024-10-27,0.151961893,1451277528.0,193,3606064.0916644544,547984.325648656,2839.297024086301,0.0001956412174313,Retail Orders
2024-10-28,0.155288685,1484359752.0,203,13015569.386513378,2021170.65455792,9956.505687477436,0.0006707609576493,Normal
2024-10-29,0.156034596,1490565102.0,266,27936594.63993101,4359075.2582574,16387.50097089248,0.0010994153122801,Normal
2024-10-30,0.160357301,1528453631.0,240,10512074.83647883,1685687.9486877616,7023.699786199007,0.0004595297916629,Retail Orders
2024-10-31,0.157550739,1504435848.0,234,24195445.959120143,3812010.391293942,16290.642697837358,0.0010828406355441,Normal
2024-11-01,0.147123876,1406584714.0,191,15639279.809000237,2300911.463348654,12046.656876170964,0.0008564473050409,Normal
2024-11-02,0.145267466,1386288672.0,160,6714638.965829429,975418.5876709018,6096.366172943136,0.0004397616669656,Retail Orders
2024-11-03,0.142939686,1365139665.0,213,28736467.288936563,4107581.611029864,19284.4207090604,0.0014126335351233,Normal
2024-11-04,0.136836946,1307454486.0,227,24667445.84972913,3375417.955697309,14869.68262421722,0.0011373002107101,Normal
2024-11-05,0.130903094,1250030779.0,244,26578725.245446667,3479237.3692048783,14259.169545921632,0.0011407054758546,Normal
2024-11-06,0.138678121,1324444750.0,307,20457328.55198869,2836983.8842694424,9240.98985104053,0.000697725582818,Normal
2024-11-07,0.154055623,1472197054.0,263,8610370.665373197,1326476.0171149925,5043.63504606461,0.0003425923881834,Retail Orders
2024-11-08,0.157108133,1499977675.0,290,53019002.95353177,8329716.567550863,28723.1605777616,0.0019149058720331,Normal
2024-11-09,0.162013835,1537438975.0,306,15752039.316830255,2552048.2987904497,8340.027120230228,0.0005424623192104,Normal
2024-11-10,0.170834527,1638594171.0,434,17590765.747544397,3005110.146049549,6924.216926381449,0.0004225705820835,Retail Orders
2024-11-11,0.178292132,1699739838.0,465,15518603.68648534,2766844.9369265307,5950.204165433399,0.0003500655825326,Retail Orders
2024-11-12,0.198350221,1892064005.0,462,16934642.93601345,3358990.1689143563,7270.541491156615,0.0003842650920869,Retail Orders
2024-11-13,0.192542958,1832823190.0,405,38749524.76909771,7460948.120136339,18422.09412379343,0.0010051211826817,Normal
2024-11-14,0.180133874,1721912120.0,352,24273273.923536804,4372438.866509864,12421.701325312111,0.0007213899699661,Normal
2024-11-15,0.172076996,1638316296.0,353,14953828.926274804,2573209.960331274,7289.546629833638,0.000444941349093,Retail Orders
2024-11-16,0.18436254,1759832320.0,458,18919006.60166724,3487956.111360141,7615.624697292885,0.0004327471777136,Retail Orders
2024-11-17,0.208690122,1990213884.0,415,8493322.53968671,1772472.5169925692,4271.018113235106,0.0002146009606088,Retail Orders
2024-11-18,0.191968759,1832440403.0,456,15337856.657136792,2944389.3081904384,6456.994096908857,0.0003523713014806,Retail Orders
2024-11-19,0.219178009,2094919303.0,555,44512649.026822165,9756193.78901467,17578.72754777418,0.0008391123955276,Normal
2024-11-20,0.234035802,2233348607.0,456,30232106.52895944,7075395.297654459,15516.217758014163,0.0006947512676427,Normal
2024-11-21,0.220901808,2110875323.0,439,14459951.385420838,3194229.404631568,7276.148985493322,0.0003446981878187,Retail Orders
2024-11-22,0.221874692,2117889276.0,556,36898697.95078123,8186887.243030618,14724.617343580248,0.0006952496294513,Normal
2024-11-23,0.238006404,2275019985.0,627,27204630.033380102,6474876.1663952,10326.756246244338,0.0004539193639762,Retail Orders
2024-11-24,0.239060639,2282370673.0,599,25685178.05101772,6140315.077705069,10250.943368455875,0.0004491357819184,Retail Orders
2024-11-25,0.258874494,2482224040.0,511,48525123.361980975,12561916.756620403,24583.007351507644,0.0009903621492404,Normal
2024-11-26,0.244092714,2329460420.0,462,24580182.672458053,5999843.499136059,12986.67424055424,0.0005574970979998,Normal
2024-11-27,0.242036637,2309943998.0,424,66019657.12297899,15979175.785938932,37686.73534419559,0.0016314999574373,Normal
2024-11-28,0.257208636,2455571222.0,439,10255956.777695036,2637920.653665896,6008.930873954204,0.0002447060309275,Retail Orders
2024-11-29,0.274268535,2616749814.0,542,23825360.48904624,6534546.717177594,12056.359256785228,0.0004607379426295,Retail Orders
2024-11-30,0.288638833,2763468468.0,655,8122924.6786120655,2344591.4997814866,3579.52900729998,0.0001295303003725,Retail Orders
2024-12-01,0.288929318,2755490164.0,593,26044627.394292373,7525056.430597012,12689.808483300189,0.0004605281720504,Retail Orders
2024-12-02,0.288913702,2759381923.0,595,24166270.26626845,6981966.606160143,11734.397657412006,0.0004252545673218,Retail Orders
2024-12-03,0.298638443,2853046646.0,763,28493522.534444105,8509261.205271801,11152.373794589515,0.0003908934966144,Retail Orders
2024-12-04,0.319622269,3048935527.0,760,35941896.80900653,11487830.610258527,15115.56659244543,0.000495765373147,Retail Orders
2024-12-05,0.322371148,3076864675.0,705,37403406.577957615,12057779.117646948,17103.23279098858,0.0005558656163839,Normal
2024-12-06,0.327728841,3126907387.0,639,69377728.00968479,22737082.39182724,35582.28856310991,0.0011379386773986,Normal
2024-12-07,0.338429579,3239029488.0,596,6585879.217793128,2228856.3310225774,3739.691830574794,0.00011545717149,Retail Orders
2024-12-08,0.326600954,3121138133.0,520,7135480.207256394,2330454.642938056,4481.643544111646,0.0001435900416174,Retail Orders
2024-12-09,0.324700687,3095458185.0,536,38446688.90926053,12483666.301712174,23290.422204686893,0.0007524062937612,Normal
2024-12-10,0.267765224,2556764674.0,532,40166182.66471335,10755106.898441888,20216.36635045468,0.0007907010979945,Normal
2024-12-11,0.26279898,2509519439.0,483,47992326.407288335,12612334.42766244,26112.49363905267,0.0010405376118328,Normal
2024-12-12,0.281393831,2689856790.0,485,23968691.835571863,6744642.019669989,13906.478391072142,0.0005169969807601,Normal
2024-12-13,0.284120223,2712452099.0,468,22805740.731130123,6479572.142208873,13845.23962010443,0.0005104325943749,Normal
2024-12-14,0.285113153,2719604032.0,389,6743002.656362219,1922518.748042808,4942.207578516216,0.000181725262956,Retail Orders
2024-12-15,0.272780582,2606275606.0,385,8568493.989348242,2337318.777277915,6070.957863059519,0.0002329361426352,Retail Orders
2024-12-16,0.28680957,2736824400.0,437,24515121.26671752,7031171.389005107,16089.637045778276,0.0005878943875894,Normal
2024-12-17,0.275907035,2639815458.0,468,20389980.960461177,5625739.1905072965,12020.8102361267,0.0004553655521524,Retail Orders
2024-12-18,0.259446068,2478972455.0,465,38660435.79699381,10030298.054696493,21570.5334509602,0.0008701401020996,Normal
2024-12-19,0.234411274,2234065490.0,475,25904902.873083808,6072401.285325835,12784.002705949128,0.0005722304365369,Normal
2024-12-20,0.212003581,2028359112.0,459,54653038.89384724,11586639.958027894,25243.22430942896,0.0012445145516929,Normal
2024-12-21,0.218172686,2080225021.0,365,7915517.493053841,1726949.712539543,4731.3690754508025,0.0002274450613605,Retail Orders
2024-12-22,0.204923915,1953049824.0,336,11906035.823973276,2439831.4731788547,7261.403193984686,0.0003717981540846,Retail Orders
2024-12-23,0.205488236,1965367860.0,359,15144898.749178868,3112098.528367372,8668.798129157025,0.0004410776377078,Retail Orders
2024-12-24,0.222960617,2129060216.0,365,42391874.47657509,9451718.489083735,25895.119148174617,0.0012162699276221,Normal
2024-12-25,0.230059506,2192504661.0,268,10354580.890554924,2382169.764518106,8888.693151186962,0.0004054127368255,Retail Orders
2024-12-26,0.223275368,2132187090.0,307,9215138.795307502,2057513.5056933595,6701.9983898806495,0.0003143250618725,Retail Orders
2024-12-27,0.20744449,1980837696.0,380,20872305.10269177,4329844.687152291,11394.328124084976,0.0005752277507185,Normal
2024-12-28,0.206582682,1973883131.0,344,19755371.324482225,4081117.59211743,11863.713930573926,0.0006010342630854,Normal
2024-12-29,0.215619185,2059615654.0,427,5431109.291513276,1171051.35908202,2742.50903766281,0.0001331563504256,Retail Orders
2024-12-30,0.206857094,1974209826.0,407,37048429.4252502,7663730.448171345,18829.804540961533,0.0009537894246587,Normal
2024-12-31,0.203151219,1936683346.0,349,10204842.323365651,2073126.1576945244,5940.189563594626,0.0003067197110907,Retail Orders
2025-01-01,0.199972742,1910799906.0,234,4999309.756676321,999725.6801499168,4272.331966452636,0.0002235886632104,Retail Orders
2025-01-02,0.208199944,1988053061.0,322,22556030.83907057,4696164.357556766,14584.361358871944,0.0007336002064017,Normal
2025-01-03,0.219728316,2099407697.0,380,23776924.85033174,5224463.657021945,13748.588571110382,0.000654879401974,Normal
2025-01-04,0.241043215,2301587811.0,306,8390061.069198368,2022367.2941659123,6609.043444986642,0.0002871514792266,Retail Orders
2025-01-05,0.240607672,2297406275.0,327,7694460.506709557,1851346.2298153269,5661.609265490296,0.0002464348307523,Retail Orders
2025-01-06,0.243534765,2331590086.0,340,13211514.987067183,3217463.197669385,9463.12705196878,0.0004058658127254,Retail Orders
2025-01-07,0.2472516,2356973997.0,335,13895757.539726729,3435748.284909497,10255.965029580588,0.0004351327185889,Retail Orders
2025-01-08,0.221450808,2113988098.0,349,60705116.48801284,13443197.096004564,38519.18938683256,0.0018221100404148,Normal
2025-01-09,0.211789082,2025520101.0,308,27191370.88820265,5758835.478733963,18697.517788097284,0.0009230971234926,Normal
2025-01-10,0.203603127,1941287288.0,319,35311790.651280805,7189590.996570138,22537.902810564698,0.001160977200535,Normal
2025-01-11,0.206092294,1967888505.0,294,9741073.121106071,2007560.1055504903,6828.4357331649335,0.0003469930189548,Retail Orders
2025-01-12,0.205481814,1963656730.0,284,4031046.01836269,828306.648170643,2916.572704826208,0.0001485276250307,Retail Orders
2025-01-13,0.201281699,1921258701.0,294,16805476.151615757,3382634.7923012013,11505.560518031296,0.0005988553499871,Normal
2025-01-14,0.193249148,1845243054.0,310,26926926.878466222,5203605.677521898,16785.824766199672,0.0009096809620723,Normal
2025-01-15,0.203796161,1946640698.0,342,23227810.739610087,4733738.657167106,13841.341102827795,0.0007110372816641,Normal
2025-01-16,0.215872492,2061410375.0,366,26714459.682090454,5766916.984006394,15756.603781438234,0.0007643603608737,Normal
2025-01-17,0.212561122,2029646567.0,446,65050911.19498294,13827294.670727933,31002.90284916577,0.0015275025392716,Normal
2025-01-18,0.23566838,2250238263.0,320,6488020.983251505,1529021.394528889,4778.191857902779,0.0002123415967308,Retail Orders
2025-01-19,0.218695881,2088546970.0,414,12716154.53904038,2780970.6198475845,6717.320337796098,0.0003216264912536,Retail Orders
2025-01-20,0.197809295,1894268018.0,348,18221048.54570044,3604292.766985778,10357.163123522352,0.0005467633420986,Normal
2025-01-21,0.201877363,1932430555.0,369,96970408.37000364,19576130.33076946,53051.84371482239,0.0027453428314696,Normal
2025-01-22,0.209897462,2000147419.0,366,21317226.041235883,4474431.642935719,12225.22306813038,0.0006112161009733,Normal
2025-01-23,0.194889742,1862272082.0,357,31195721.26160285,6079726.068177694,17030.045008901106,0.0009144767391138,Normal
2025-01-24,0.189381208,1808627361.0,366,44937669.87183565,8510350.20503344,23252.32296457224,0.0012856337057577,Normal
2025-01-25,0.183240218,1749674991.0,331,18214990.28598028,3337718.790870908,10083.742570606972,0.0005763208951648,Normal
2025-01-26,0.182127681,1740125167.0,355,15520752.887737,2826758.730817593,7962.700650190403,0.00045759355713,Retail Orders
2025-01-27,0.180936821,1730759330.0,368,17190906.559554297,3110467.982993802,8452.358649439679,0.000488361293389,Retail Orders
2025-01-28,0.177074402,1689221646.0,311,6997584.662613186,1239093.1195766018,3984.2222494424495,0.0002358614252236,Retail Orders
2025-01-29,0.16522749,1577610925.0,272,5743915.33170819,949052.7130306616,3489.1643861421385,0.000221167610521,Retail Orders
2025-01-30,0.169654054,1621452040.0,309,10382567.37666624,1761444.6463795723,5700.468111260752,0.0003515656319542,Retail Orders
2025-01-31,0.18216988,1739997442.0,322,13835154.750492005,2520348.4806785583,7827.169194653908,0.0004498379713511,Retail Orders
2025-02-01,0.180359318,1721723039.0,263,6365966.012143389,1148161.2883613613,4365.632275138256,0.0002535618201214,Retail Orders
2025-02-02,0.166484073,1595211587.0,355,17040170.680166304,2836917.019449267,7991.315547744414,0.0005009564632597,Normal
2025-02-03,0.14413928,1375216163.0,483,85253379.1970347,12288360.695027562,25441.74056941524,0.0018500175647961,Normal
2025-02-04,0.148294156,1415703090.0,321,22482319.702700663,3333996.625234166,10386.282321601764,0.0007336483472393,Normal
2025-02-05,0.140182609,1334709968.0,300,47895290.92719438,6714086.840988137,22380.28946996045,0.0016767904643355,Normal
2025-02-06,0.134798365,1284965260.0,298,14244919.344167572,1920191.8371506608,6443.596768961949,0.0005014607763763,Normal
2025-02-07,0.128423584,1224100778.0,283,9393631.366703931,1206363.8068869372,4262.769635642888,0.0003482368210407,Retail Orders
2025-02-08,0.12807855,1219570646.0,237,3266859.200222294,418414.5894186311,1765.462402610258,0.0001447609786608,Retail Orders
2025-02-09,0.130786548,1248814941.0,233,9665358.644923428,1264098.892351493,5425.317134555764,0.0004344372377713,Retail Orders
2025-02-10,0.132783647,1265491764.0,247,8314160.947682483,1103984.6123782564,4469.573329466625,0.0003531886541354,Retail Orders
2025-02-11,0.1394067,1331310154.0,249,7229746.401808226,1007875.0877129588,4047.691115313088,0.0003040381764648,Retail Orders
2025-02-12,0.138278278,1320353501.0,255,9826266.36254892,1358759.1917825884,5328.467418755248,0.000403563698261,Retail Orders
2025-02-13,0.14506268,1384790757.0,220,8938162.813821841,1296593.8520493372,5893.608418406078,0.0004255955918693,Retail Orders
2025-02-14,0.140131453,1338337914.0,279,8555223.681622945,1198855.925245833,4296.974642458182,0.000321067990192,Retail Orders
2025-02-15,0.1429331,1364569525.0,211,5449102.814881466,778857.1575497341,3691.266149524806,0.000270507737561,Retail Orders
2025-02-16,0.138294618,1319793144.0,219,4015155.800102628,555274.4375856773,2535.4997150030927,0.0001921134176616,Retail Orders
2025-02-17,0.138274129,1320016015.0,231,19217993.14130304,2657351.2627416514,11503.685120093727,0.0008714807236708,Normal
2025-02-18,0.141650001,1352549496.0,283,26277649.738479648,3722229.111733292,13152.753044993966,0.0009724415323721,Normal
2025-02-19,0.132648268,1266748117.0,245,11260879.138808751,1493736.1139203126,6096.882097633929,0.0004813018480795,Retail Orders
2025-02-20,0.133561867,1276433226.0,246,13230340.873533215,1767069.028115507,7183.2074313638495,0.0005627562245362,Normal
2025-02-21,0.139116003,1329062351.0,451,14791790.920838872,2057774.8301187928,4562.693636627035,0.0003433016993667,Retail Orders
2025-02-22,0.133907657,1278994765.0,407,6312328.811231444,845269.1613255979,2076.8284062054004,0.0001623797425164,Retail Orders
2025-02-23,0.138701202,1324810111.0,266,9104661.7395522,1262827.5270793012,4747.471906313162,0.0003583511226925,Retail Orders
2025-02-24,0.137151501,1309027525.0,265,12114475.159519345,1661518.4519552926,6269.880950774689,0.0004789724303753,Retail Orders
2025-02-25,0.121393252,1162567582.0,349,12428938.661717605,1508789.2830544277,4323.1784614740045,0.0003718647008922,Retail Orders
2025-02-26,0.121270909,1158528549.0,269,14978653.521252846,1816474.9281183835,6752.69490006834,0.0005828682345287,Normal
2025-02-27,0.119509695,1141140156.0,241,12776641.072001714,1526932.4776393978,6335.819409292108,0.0005552183380787,Normal
2025-02-28,0.123405143,1177405590.0,318,11398581.93687434,1406643.6339171948,4423.407653827657,0.0003756910695343,Retail Orders
2025-03-01,0.120524312,1150603772.0,228,4146697.570377424,499777.8717418105,2192.008209393906,0.000190509388439,Retail Orders
2025-03-02,0.118930028,1132608885.0,274,6219277.3051416855,739658.8240402652,2699.4847592710407,0.0002383421845813,Retail Orders
2025-03-03,0.129313333,1234463207.0,296,30959259.89661711,4003445.084444794,13525.152312313492,0.0010956302492953,Normal
2025-03-04,0.109489945,1046539610.0,333,29781552.45725109,3260780.5405590367,9792.133755432542,0.0009356677627741,Normal
2025-03-05,0.106378909,1015383850.0,248,8015361.94414977,852665.4588587714,3438.1671728176266,0.0003386076283188,Retail Orders
2025-03-06,0.11022638,1053543257.0,250,12522026.413818562,1380257.6418596022,5521.030567438409,0.0005240440324358,Normal
2025-03-07,0.107590344,1027502891.0,242,15068459.137927689,1621220.7021995834,6699.259099998279,0.0006519941849972,Normal
2025-03-08,0.10297766,983311319.7,202,7153800.067580146,736681.5910672452,3646.938569639828,0.0003708834116495,Retail Orders
2025-03-09,0.101173948,966671047.3,271,28039036.022962093,2836819.9725572937,10467.9703784402,0.0010828885801098,Normal
2025-03-10,0.091120559,868797820.5,317,31458572.496801406,2866522.71125057,9042.658395112208,0.0010408242495254,Normal
2025-03-11,0.085100571,813390523.1,295,18935234.72329708,1611399.2869716086,5462.3704643105375,0.0006715557053077,Normal
2025-03-12,0.090306329,862342693.9,232,13510831.733556723,1220113.6155942138,5259.110412044025,0.0006098631610432,Normal
2025-03-13,0.092403754,880559417.0,250,12311249.907341665,1137605.7078705218,4550.422831482088,0.0005167649954826,Normal
2025-03-14,0.08908515,851491517.7,230,7813547.905827017,696071.0872227856,3026.396031403416,0.0003554229218369,Retail Orders
2025-03-15,0.094331096,900886624.1,181,6729839.58931451,634833.1443642277,3507.365438476396,0.000389323733381,Retail Orders
2025-03-16,0.095887217,915341487.2,175,4072455.8073815377,390496.45372530376,2231.408307001736,0.0002437787796363,Retail Orders
2025-03-17,0.09156152,874252870.5,197,8483593.26295424,776770.6942178499,3942.998447806344,0.0004510134974508,Retail Orders
2025-03-18,0.096067561,917379283.0,234,12366198.219196258,1187990.5017607275,5076.8824861569565,0.0005534115038607,Normal
2025-03-19,0.095578011,912580589.5,192,6323359.877609009,604374.1599390724,3147.782083016002,0.0003449319566111,Retail Orders
2025-03-20,0.099474234,949447922.9,187,8693839.330139015,864813.0078846515,4624.668491361773,0.0004870902742339,Retail Orders
2025-03-21,0.095508491,912115165.8,177,4013317.962693229,383305.9425200246,2165.570296723303,0.0002374229020546,Retail Orders
2025-03-22,0.093751512,894244999.8,153,12477253.166743968,1169761.349989035,7645.499019536176,0.0008549669297839,Normal
2025-03-23,0.095092594,908286791.9,167,4700209.365214649,446955.1008813543,2676.377849588948,0.0002946622006899,Retail Orders
2025-03-24,0.096488227,921822512.6,187,24540493.01376113,2367868.6606036974,12662.399254565227,0.0013736266018119,Normal
2025-03-25,0.101855823,972198338.3,179,8306740.590731223,846089.8993164349,4726.759214058296,0.0004861928917018,Retail Orders
2025-03-26,0.104669317,998881335.8,193,12825775.140845012,1342465.1239878263,6955.777844496509,0.0006963567738429,Normal
2025-03-27,0.104253689,994180543.6,205,12269080.86717853,1279096.9410426808,6239.497273378931,0.0006276020299879,Normal
2025-03-28,0.104312065,996419644.2,196,85646307.94656493,8933943.241532099,45581.34306904132,0.0045745126899457,Normal
2025-03-29,0.094939455,906607299.3,162,7107882.227965929,674818.4649272711,4165.5460797979695,0.000459465314587,Retail Orders
2025-03-30,0.088546584,843753691.1,167,1659404.1170691014,146934.56604200503,879.8477008503295,0.0001042777898492,Retail Orders
2025-03-31,0.088939413,849630399.1,215,34115324.791411504,3034196.9612524863,14112.544005825515,0.0016610215478135,Normal
2025-04-01,0.087981117,838947956.5,243,44311472.73870077,3898572.867465943,16043.509742658202,0.0019123367091315,Normal
2025-04-02,0.089910952,857463508.3,206,20145518.31717756,1811302.730430872,8792.731701120736,0.0010254350903577,Normal
2025-04-03,0.082872298,791377106.6,210,46697201.50204043,3869904.3986431416,18428.11618401496,0.0023286137582609,Normal
2025-04-04,0.083031878,794385126.9,205,8728472.147510914,724741.4344785243,3535.324070626948,0.0004450390561091,Retail Orders
2025-04-05,0.083118136,793565558.1,176,6030292.403550537,501226.6641180804,2847.878773398184,0.0003588712670717,Retail Orders
2025-04-06,0.081978782,780363520.6,219,10437346.647198046,855640.9654490796,3907.0363719136058,0.00050066876126,Normal
2025-04-07,0.073119708,697953686.0,286,49364615.71962307,3609526.2869510488,12620.721283045625,0.001808246239858,Normal
2025-04-08,0.074824903,715043571.8,211,7525619.00729016,563103.7122354425,2668.737972679822,0.0003732273217926,Retail Orders
2025-04-09,0.071594435,683396303.8,207,13784092.160796534,986864.2902401568,4767.46033932443,0.0006976128364779,Normal
2025-04-10,0.080080589,764669572.3,187,12663237.0407782,1014079.4808721351,5422.8849244499215,0.0007091801636802,Normal
2025-04-11,0.076286857,728610481.9,183,9085426.45471792,693098.6287350829,3787.424200738158,0.000519814673934,Normal
2025-04-12,0.079304236,757231590.4,161,5167767.632461809,409825.8639179125,2545.5022603597054,0.0003361590156341,Retail Orders
2025-04-13,0.082367212,787093515.9,135,9670428.443598712,796526.229744725,5900.194294405371,0.0007496179520242,Normal
2025-04-14,0.078769388,751862081.7,210,15110996.547794295,1190283.9501398697,5668.018810189855,0.000753864165802,Normal
2025-04-15,0.078187254,746237967.3,190,12241772.822430594,957150.6010776776,5037.634742514093,0.0006750708169863,Normal
2025-04-16,0.077387922,738693293.9,190,13667521.16719518,1057701.0620202497,5566.847694843419,0.0007536074499137,Normal
2025-04-17,0.07633508,728623205.6,180,20901196.237081453,1595494.4868533118,8863.858260296176,0.0012165215425711,Normal
2025-04-18,0.075629809,722034150.5,187,10942396.496527577,827571.3570346498,4425.515278260159,0.0006129232634212,Normal
2025-04-19,0.077794447,742594663.9,160,6932074.704090444,539276.9181674048,3370.48073854628,0.0004538789332049,Retail Orders
2025-04-20,0.082038648,783348612.0,182,6602072.63289506,541625.1128005111,2975.962158244566,0.0003799026528746,Retail Orders
2025-04-21,0.083268961,795014577.0,196,10893837.384056436,907118.5202733374,4628.155715680293,0.0005821472774932,Normal
2025-04-22,0.082854045,789768775.2,216,72684325.6468158,6022190.387935932,27880.511055258943,0.0035302118709616,Normal
2025-04-23,0.089538417,855192993.1,243,14189509.935235305,1270506.2576067415,5228.420813196468,0.0006113732052742,Normal
2025-04-24,0.090592658,865160565.5,175,7374865.575478423,668108.67487529,3817.7638564302288,0.0004412780712241,Retail Orders
2025-04-25,0.095267738,910059676.0,290,10925727.712546855,1040869.3651782532,3589.204707511218,0.0003943922362637,Retail Orders
2025-04-26,0.100949674,963821970.4,209,6452190.082350371,651346.4853993033,3116.4903607622164,0.0003233470969196,Retail Orders
2025-04-27,0.103548306,988160560.7,181,4069417.5782553614,421381.2966349652,2328.0734620716307,0.0002355966787849,Retail Orders
2025-04-28,0.098233941,937942424.8,212,21349282.971937075,2097224.203857572,9892.566999328168,0.001054709408356,Normal
2025-04-29,0.098621331,940230908.5,192,16140323.745373346,1591780.2105396246,8290.521929893877,0.0008817538175936,Normal
2025-04-30,0.096904757,925525140.8,217,14843178.831518376,1438374.637775832,6628.45455196236,0.0007161830899842,Normal
2025-05-01,0.096091422,917502261.1,215,11189650.11805778,1075229.39152664,5001.066937333209,0.0005450740722248,Normal
2025-05-02,0.100528564,959334123.6,189,18877818.80342565,1897760.0157605791,10041.058284447508,0.0010466695635476,Normal
2025-05-03,0.098114741,936534428.3,161,4908292.343065864,481575.8319921904,2991.154235976338,0.000319385400642,Retail Orders
2025-05-04,0.093477333,893276385.6,172,5098900.022345807,476631.5753225265,2771.1138100146886,0.0003102190827706,Retail Orders
2025-05-05,0.090086307,860166905.6,215,59608980.33547673,5369952.902458719,24976.525127714973,0.0029036835717706,Normal
2025-05-06,0.091881475,877333159.8,223,7692528.796212994,706800.8922760243,3169.510727695176,0.0003612664917871,Retail Orders
2025-05-07,0.089921488,858639491.2,174,6852466.192286666,616183.9564801111,3541.287106207535,0.0004124300294246,Retail Orders
2025-05-08,0.091425044,873030418.5,259,12795759.05313556,1169852.834446317,4516.806310603541,0.0005173710119246,Normal
2025-05-09,0.103406176,987247278.5,277,21333388.37197105,2206004.112668392,7963.913764145818,0.0008066787255413,Normal
2025-05-10,0.111995872,1069396109.0,255,9848032.478461511,1102938.9849096185,4325.25092121419,0.0004044573273469,Retail Orders
2025-05-11,0.125108364,1192854230.0,229,16092012.490016475,2013245.3560935275,8791.46443708964,0.0007370107944446,Normal
2025-05-12,0.118173519,1129422976.0,257,17375282.476254925,2053298.2738380784,7989.487446840772,0.0007073955122762,Normal
2025-05-13,0.118541215,1132194961.0,229,10238184.003580352,1213646.7711779794,5299.767559729168,0.0004680967273558,Retail Orders
2025-05-14,0.128440439,1225165902.0,267,21517188.87407924,2763677.185032653,10350.85088027211,0.0008448530001834,Normal
2025-05-15,0.12160744,1160111421.0,254,10679459.007155972,1298701.670445179,5112.998702540076,0.0004407334166344,Retail Orders
2025-05-16,0.113916453,1087516308.0,229,23511317.987822533,2678325.9505278403,11695.746508855198,0.0010754548159709,Normal
2025-05-17,0.110672919,1057617643.0,198,5191581.339426148,574567.4610602215,2901.855863940513,0.0002743766504981,Retail Orders
2025-05-18,0.105569612,1008270957.0,185,7580794.712324662,800301.556431766,4325.954359090627,0.0004290468082073,Retail Orders
2025-05-19,0.11289421,1075463333.0,193,23507258.953632057,2653833.428835717,13750.432273760194,0.0012785589105491,Normal
2025-05-20,0.110191565,1051815759.0,264,11037478.219149778,1216236.998621527,4606.958328111845,0.0004380005042415,Retail Orders
2025-05-21,0.110797935,1058459471.0,205,11096546.786502669,1229474.4695753814,5997.43643695308,0.0005666193747869,Normal
2025-05-22,0.114855231,1096892474.0,263,12448258.964241223,1429747.6588857465,5436.302885497135,0.0004956094616706,Retail Orders
2025-05-23,0.121997234,1164764462.0,221,20565695.176190443,2508957.9267823766,11352.750799920255,0.0009746821070095,Normal
2025-05-24,0.109390406,1044941338.0,163,5598209.486954442,612390.4086509981,3756.996372092013,0.0003595413671051,Retail Orders
2025-05-25,0.107903147,1030290436.0,192,6616456.747435703,713936.5050376966,3718.419297071336,0.0003609098140819,Retail Orders
2025-05-26,0.109893077,1049380151.0,191,5803175.069385277,637728.7647444366,3338.894056253595,0.0003181777407426,Retail Orders
2025-05-27,0.10988354,1049226441.0,206,6028823.609289282,662468.4802242832,3215.8664088557434,0.0003064987959882,Retail Orders
2025-05-28,0.111488768,1064288126.0,210,29325587.07125398,3269473.5734508345,15568.921778337308,0.0014628483958428,Normal
2025-05-29,0.110632007,1056301619.0,187,43494983.55192248,4811937.324781173,25732.285159257608,0.0024360736267372,Normal
2025-05-30,0.10524488,1004608526.0,203,19047130.95346574,2004613.0115417875,9874.940943555604,0.0009829640788411,Normal
2025-05-31,0.092158059,879408895.4,214,15613214.68731786,1438883.560333506,6723.754954829467,0.0007645766366476,Normal
2025-06-01,0.095217976,909103167.4,167,13211930.384303302,1258013.270246263,7533.013594288998,0.0008286203221393,Normal
2025-06-02,0.096200814,918851410.8,161,5202276.607188056,500463.2442646492,3108.4673556810512,0.0003382992417647,Retail Orders
2025-06-03,0.097936471,935146830.4,243,11577148.6992084,1133825.0878427112,4665.946863550252,0.0004989533955383,Retail Orders
2025-06-04,0.097591464,932770924.5,193,47650232.44965943,4650255.944702569,24094.590387059947,0.0025831197943884,Normal
2025-06-05,0.094730293,904306689.5,207,39327486.88256734,3725504.35533926,17997.605581349082,0.0019902103777757,Normal
2025-06-06,0.087389226,834009895.3,172,20904349.36220723,1826814.9107968835,10621.016923237694,0.0012734881184373,Normal
2025-06-07,0.089522547,854886015.8,143,6202448.243761677,555258.9644172222,3882.929821099456,0.000454204390917,Retail Orders
2025-06-08,0.091687997,875521592.3,160,8854036.48463471,811808.8706410779,5073.805441506736,0.0005795180251554,Normal
2025-06-09,0.091492375,873509059.8,186,26889326.249204986,2460168.320689605,13226.71140155702,0.0015142042607532,Normal
2025-06-10,0.097588431,931908513.8,208,10987386.845528057,1072241.8430451222,5155.008860793857,0.0005531668382096,Normal
2025-06-11,0.102131138,976421311.7,203,15526746.243860189,1585764.2633226663,7811.646617353037,0.0008000282791608,Normal
2025-06-12,0.097135182,927319682.1,203,19895668.770509858,1932569.4070351915,9520.046340074834,0.0010266196786113,Normal
2025-06-13,0.090201164,861383459.0,232,12611856.200164627,1137604.1094554665,4903.465989032182,0.0005692547189987,Normal
2025-06-14,0.088006897,841723387.4,167,33140252.53030812,2916570.7909888155,17464.495754424046,0.0020748497684459,Normal
2025-06-15,0.087202822,833454638.7,149,24319677.895194154,2120744.5425919504,14233.184849610405,0.0017077335932536,Normal
2025-06-16,0.086685865,828267475.0,234,41951692.488110505,3636618.751545862,15541.105775837015,0.0018763390142582,Normal
2025-06-17,0.088111848,843668040.6,271,47371010.87516383,4173947.309838783,15402.019593501043,0.0018256018780262,Normal
2025-06-18,0.084069929,828144846.2,221,19276403.5343851,1620565.8765111044,7332.877269281015,0.0008854582991041,Normal
2025-06-19,0.084273235,831522897.1,193,32451837.891063776,2734821.360775522,14170.058864121876,0.0017041092811203,Normal
2025-06-20,0.083724786,826492528.9,199,12483075.25606521,1045142.8044359548,5251.973891637965,0.0006354532809422,Normal
2025-06-21,0.080240854,792373784.6,159,22023740.62964913,1767203.7563975437,11114.489033946817,0.0014026825785961,Normal
2025-06-22,0.076083974,747759567.8,227,8871984.080723371,675015.8061261709,2973.637912450092,0.0003976730008549,Retail Orders
2025-06-23,0.073202664,722992865.1,178,21288700.670075703,1558389.6021481266,8754.997764877116,0.0012109383352858,Normal
2025-06-24,0.081560574,804762566.0,184,12573642.259169502,1025513.4799285212,5573.442825698486,0.0006925574152138,Normal
2025-06-25,0.083779488,826637365.7,179,5684129.622888845,476213.4695312605,2660.4104443087176,0.0003218352514292,Retail Orders
2025-06-26,0.080821363,797994211.4,178,14351741.407347634,1159927.3019653738,6516.445516659403,0.0008166031060835,Normal
2025-06-27,0.078943164,780024626.8,206,13680511.635601778,1079982.8736532193,5242.63530899621,0.0006721115114664,Normal
2025-06-28,0.081027446,799703894.9,150,2046720.9794276145,165840.57363763815,1105.603824250921,0.0001382516493044,Retail Orders
2025-06-29,0.084282471,832052256.2,150,3181847.332991372,268173.9555692726,1787.8263704618175,0.000214869481711,Retail Orders
2025-06-30,0.087825527,867387558.3,220,20699839.7689062,1817974.3365197447,8263.519711453388,0.000952690597459,Normal
2025-07-01,0.083973099,829872922.4,172,9742580.18492012,818114.6503837355,4756.480525486834,0.0005731576964496,Normal
2025-07-02,0.079700194,786535780.2,188,9318670.32268094,742699.8325397135,3950.531024147412,0.0005022697153259,Normal
2025-07-03,0.086800038,857111342.2,197,12077459.031024424,1048323.9028363632,5321.441131149051,0.0006208576259754,Normal
2025-07-04,0.087195261,861022278.9,184,11807753.738485856,1029580.169051,5595.544397016304,0.0006498721965899,Normal
2025-07-05,0.082601301,815628695.5,180,4025456.789112946,332507.967900012,1847.2664883334,0.0002264837540078,Retail Orders
2025-07-06,0.082474052,814502295.1,200,4591721.557010461,378697.8824624017,1893.4894123120084,0.0002324719554141,Retail Orders
2025-07-07,0.08467764,835918795.1,211,9399044.66547468,795888.9205269854,3771.985405341163,0.0004512382575259,Retail Orders
2025-07-08,0.083043832,819808087.5,205,14837899.82616742,1232196.0603970764,6010.712489741836,0.0007331853126835,Normal
2025-07-09,0.08510873,840122143.2,193,7611089.487839249,647770.1602263489,3356.322073711652,0.0003995040603176,Retail Orders
2025-07-10,0.090300752,891836678.1,208,24501813.235627685,2212532.160540733,10637.173848753524,0.0011927266628476,Normal
2025-07-11,0.097078082,958625606.5,272,68265452.99151756,6627079.243277687,24364.261923815026,0.002541582632324,Normal
2025-07-12,0.096227342,950262941.9,201,38740788.12120764,3727923.0678889854,18546.88093477107,0.0019517630454669,Normal
2025-07-13,0.095639958,943587798.7,259,6061664.113307496,579737.3012068361,2238.3679583275525,0.0002372188323557,Retail Orders
2025-07-14,0.099379847,981396924.4,272,15430166.933357382,1533447.6290215156,5637.675106696748,0.0005744541241703,Normal
2025-07-15,0.098984219,978077454.7,224,15602536.906341512,1544404.9300928907,6894.66486648612,0.0007049201301343,Normal
2025-07-16,0.103002442,1017583412.0,269,10923391.52567032,1125136.002066149,4182.661717718025,0.0004110387088069,Retail Orders
2025-07-17,0.103914664,1027827865.0,284,18669038.03763892,1939986.8148844675,6830.939489029815,0.0006645995620122,Normal
2025-07-18,0.106743821,1056105687.0,348,31972889.757654823,3412908.42114384,9807.208106735172,0.0009286199503947,Normal
2025-07-19,0.106827893,1057526346.0,234,4352006.679283797,464915.7038698148,1986.8192473069007,0.0001878742080348,Retail Orders
2025-07-20,0.110002226,1089264373.0,318,6717638.204468721,738955.1559542024,2323.75835205724,0.0002133328152152,Retail Orders
2025-07-21,0.116064475,1148693118.0,346,29973927.069969915,3478908.109064346,10054.647714058803,0.0008753119137307,Normal
2025-07-22,0.114676104,1137057055.0,272,31296167.18275878,3588922.522651433,13194.56809798321,0.0011604138983142,Normal
2025-07-23,0.113184703,1119762298.0,265,27962652.545750648,3164944.523482981,11943.186881067852,0.0010665823364833,Normal
2025-07-24,0.102344873,1013495877.0,246,7692092.569985315,787246.2371793907,3200.187956013784,0.0003157573729344,Retail Orders
2025-07-25,0.102535042,1014669561.0,245,9390875.33374953,962893.796762772,3930.178762297029,0.0003873358296491,Retail Orders
2025-07-26,0.104858284,1037562576.0,206,4286579.001764804,449483.3183554903,2181.957856094613,0.0002102965070797,Retail Orders
2025-07-27,0.105059086,1041096351.0,217,3899906.037798721,409720.56381701503,1888.1131973134327,0.0001813581610866,Retail Orders
2025-07-28,0.109797299,1084523221.0,256,12554830.217059162,1378486.4472366795,5384.71268451828,0.0004965050614179,Retail Orders
2025-07-29,0.102373314,1013632057.0,220,16581404.375990406,1697493.31674424,7715.878712473818,0.0007612109995129,Normal
2025-07-30,0.102058101,1009252907.0,222,12120316.657635055,1236976.5015969009,5571.966223409463,0.0005520882015561,Normal
2025-07-31,0.100232288,1042991718.0,249,13694946.411109716,1372675.8128229156,5512.754268365123,0.0005285520654887,Normal
2025-08-01,0.094137431,980541111.8,259,30329050.823560275,2855098.9291983983,11023.547989183004,0.0011242310859303,Normal
2025-08-02,0.090815233,945241294.7,176,3800002.8907797793,345098.1479268392,1960.784931402496,0.0002074375021908,Retail Orders
2025-08-03,0.088440746,923020516.7,192,8123879.615505709,718481.973609518,3742.093612549573,0.0004054182485486,Retail Orders
2025-08-04,0.091482508,953150506.6,194,23941239.17616576,2190204.6044634976,11289.714455997411,0.0011844629340091,Normal
2025-08-05,0.093319557,972428993.1,202,13404380.050199471,1250890.8081442525,6192.528753189369,0.000636810378663,Normal
2025-08-06,0.089745804,935100097.2,219,19790657.56042136,1776128.4744486937,8110.175682414126,0.0008673056185855,Normal
2025-08-07,0.091837397,957013423.4,222,21274244.039966423,1953771.19577328,8800.771152131892,0.0009196079111268,Normal
2025-08-08,0.09549917,994714496.5,234,43247853.41607612,4130134.1055169343,17650.14575007237,0.0017743931361386,Normal
2025-08-09,0.095697651,996871391.4,258,20531009.03053784,1964769.336882258,7615.385026675419,0.0007639285360552,Normal
2025-08-10,0.100287019,1044342131.0,225,8791450.68358959,881668.3817427123,3918.5261410787216,0.0003752147907052,Retail Orders
2025-08-11,0.099332322,1034551439.0,255,16758690.302908266,1664679.6214667617,6528.155378301025,0.0006310131262889,Normal
2025-08-12,0.09352082,975620112.4,256,29531799.386411328,2761838.094692684,10788.430057393298,0.0011058023425587,Normal
2025-08-13,0.101296586,1056377409.0,339,20523495.16313082,2078959.992812665,6132.625347529985,0.0005805335569732,Normal
2025-08-14,0.101630009,1059217437.0,332,14589752.088713393,1482756.636083711,4466.134446035274,0.0004216447246832,Retail Orders
2025-08-15,0.093049236,970586601.7,268,21885878.95494176,2036464.3159458088,7598.747447558988,0.0007829025698736,Normal
2025-08-16,0.092805689,967454430.6,218,11501391.61636008,1067394.5734151208,4896.305382638169,0.0005061019132034,Normal
2025-08-17,0.09476925,988327134.7,212,21546854.3021881,2041979.2220776395,9631.977462630375,0.0009745738151319,Normal
2025-08-18,0.094365051,987237056.0,231,10011636.987241223,944748.6348945044,4089.82093027924,0.000414269390054,Retail Orders
2025-08-19,0.091068578,952062963.7,242,8669023.584205147,789475.6504620259,3262.296076289363,0.0003426554966082,Retail Orders
2025-08-20,0.088397032,924311236.0,258,12582696.051116072,1112272.9854767811,4311.135602623182,0.0004664160116975,Retail Orders
2025-08-21,0.092388998,967385666.5,223,43739302.73713111,4041030.3531022007,18121.21234574978,0.0018732148897049,Normal
2025-08-22,0.089481879,935330071.7,268,9176870.023983298,821163.5730848006,3064.043183152241,0.0003275895083308,Retail Orders
2025-08-23,0.096919776,1013708570.0,244,3484663.139233908,337732.77089000714,1384.1507003688816,0.000136543257237,Retail Orders
2025-08-24,0.095268118,996714392.3,244,5179196.837143994,493412.3354262608,2022.1817025666423,0.0002028847700192,Retail Orders
2025-08-25,0.093691009,980374122.6,234,17411991.567433655,1631347.0586523504,6971.568626719446,0.0007111130808135,Normal
2025-08-26,0.086420472,904244652.7,260,16458789.309302846,1422376.340658506,5470.6782333019455,0.000604999788162,Normal
2025-08-27,0.08997794,941207147.7,222,7318572.994683493,658510.1218012517,2966.261809915548,0.000315155045004,Retail Orders
2025-08-28,0.09036992,945526180.0,257,9431284.375990262,852304.41455549,3316.3595897100777,0.0003507422279634,Retail Orders
2025-08-29,0.093474141,976360497.5,284,12718692.14491012,1188868.822888921,4186.157827073665,0.0004287512489282,Retail Orders
2025-08-30,0.087924525,920237327.0,198,4178139.806903287,367360.9579055632,1855.3583732604204,0.0002016173783461,Retail Orders
2025-08-31,0.089341956,935074938.2,196,3169739.4170960644,283190.71953366225,1444.8506098656237,0.0001545170927847,Retail Orders
2025-09-01,0.088564768,927422701.1,183,11161296.60800223,988497.6446669046,5401.626473589643,0.0005824341443424,Normal
2025-09-02,0.086961261,910079341.8,208,22335947.80940777,1942362.187136288,9338.279745847538,0.0010260951234622,Normal
2025-09-03,0.089065092,932295274.4,186,13259581.78250566,1180965.8713403908,6349.278878174144,0.000681037333613,Normal
2025-09-04,0.089378403,935728877.9,189,4472810.850152693,399772.69070772,2115.1994217339684,0.0002260483214412,Retail Orders
2025-09-05,0.086781693,910084383.1,172,7300515.729818361,633551.1148067679,3683.4367139928368,0.0004047357346629,Retail Orders
2025-09-06,0.088730137,928789636.4,168,1691413.5149493013,150079.35290510303,893.3294815779942,9.618211127339343e-05,Retail Orders
2025-09-07,0.087633333,917456742.9,174,6292751.530207172,551454.7903329046,3169.280404212095,0.0003454419435835,Retail Orders
2025-09-08,0.088922085,931417626.6,221,8700841.868194317,773697.0001751338,3500.8914035073926,0.0003758669906523,Retail Orders
2025-09-09,0.091760509,960580939.8,271,18424400.17248154,1690632.3378465942,6238.495711611048,0.0006494502912903,Normal
2025-09-10,0.098903716,1035754450.0,273,12638202.404466089,1249965.1813618313,4578.627037955426,0.0004420571920261,Retail Orders
2025-09-11,0.097679661,1023181015.0,218,377447653.3743936,36868958.82685628,169123.66434337743,0.0165292027377362,Small Whale Orders
2025-09-12,0.099887256,1046980415.0,242,4035275.5760845337,403072.60449890327,1665.5892747888563,0.0001590850459976,Retail Orders
2025-09-13,0.100626066,1053623935.0,232,8855300.32234748,891074.0346863588,3840.836356406719,0.000364535792024,Retail Orders
2025-09-14,0.10085351,1056395320.0,179,2258319.6428677365,227759.4626851577,1272.399232877976,0.0001204472614359,Retail Orders
2025-09-15,0.096318015,1008083359.0,225,9608398.727051292,925461.8927181072,4113.163967636033,0.0004080182388603,Retail Orders
2025-09-16,0.093130489,975599519.4,211,17947596.17869384,1671468.4084962888,7921.651225100894,0.0008119777703429,Normal
2025-09-17,0.094683088,992283470.0,212,9333469.408851087,883721.7053835556,4168.498610299791,0.0004200915097678,Retail Orders
2025-09-18,0.097240827,1021087478.0,210,25690051.133482937,2498121.8178921686,11895.8181804389,0.0011650145983318,Normal
2025-09-19,0.098615894,1036106787.0,212,31907871.174889386,3146623.2415485466,14842.562460134654,0.001432532114099,Normal
2025-09-20,0.092834771,974460616.9,181,24317204.593830887,2257482.1198284384,12472.276905129494,0.0012799159544083,Normal
2025-09-21,0.09409294,988349037.3,182,2132123.111804861,200617.73203166807,1102.2952309432312,0.000111528942645,Retail Orders
2025-09-22,0.092308681,970364863.8,260,25206977.44380537,2326822.8398344256,8949.31861474779,0.0009222632587603,Normal
2025-09-23,0.085226871,895871790.7,218,34543352.339957,2944021.833785063,13504.687310940655,0.0015074352659757,Normal
2025-09-24,0.083725418,880510984.8,210,10469876.52694709,876594.7886270334,4174.260898223968,0.0004740725522205,Retail Orders
2025-09-25,0.083727332,879677166.2,220,17500704.340450026,1465287.2825467004,6660.396738848638,0.0007571410279546,Normal
2025-09-26,0.079662249,837564725.2,222,16620127.798042933,1323996.759059518,5963.949365132963,0.0007120583264426,Normal
2025-09-27,0.082420062,866054973.8,177,2230268.2273762748,183818.84557698268,1038.524551282388,0.0001199143914301,Retail Orders
2025-09-28,0.080973383,851326082.3,190,8976502.26098042,726857.7555787335,3825.567134624913,0.0004493656677696,Retail Orders
2025-09-29,0.082672603,869187878.3,193,10861553.113758,897952.868537129,4652.605536461809,0.000535281916904,Normal
2025-09-30,0.081735158,859952544.2,165,9610363.846770916,785504.6074533087,4760.633984565507,0.000553592639114,Normal
2025-10-01,0.080488386,846335518.3,236,16771306.3315729,1349895.3777398835,5719.895668389337,0.0006758425641734,Normal
2025-10-02,0.08481086,891537317.6,219,22372181.28671025,1897403.935001804,8663.944908684034,0.0009717983462551,Normal
2025-10-03,0.0884829,930068148.5,206,49483545.2855356,4378447.589145518,21254.59994730834,0.0022852733943837,Normal
2025-10-04,0.085754187,901819959.5,202,9180091.346301088,787231.2699877853,3897.184504890026,0.0004321466234846,Retail Orders
2025-10-05,0.083873724,882247660.7,196,3325023.307058716,278882.08714981,1422.867791580663,0.0001612775930118,Retail Orders
2025-10-06,0.082969538,872540645.0,218,13852127.601112152,1149304.6273813236,5272.039575143686,0.0006042170763453,Normal
2025-10-07,0.085863062,902895059.8,188,18582215.78525082,1595525.94606637,8486.840138650905,0.0009399586415425,Normal
2025-10-08,0.082144985,863559568.9,202,19650246.122135453,1614169.1729491248,7990.9364997481425,0.000925348613753,Normal
2025-10-09,0.083030706,873523119.1,220,9889537.156130822,821135.2520867744,3732.432964030793,0.0004272849661811,Retail Orders
2025-10-10,0.081275292,855233091.7,314,50499951.75951549,4104398.325240535,13071.332245988966,0.0015283941153406,Normal
2025-10-11,0.061611579,649501266.9,441,63163071.45773743,3891576.567001035,8824.436659866293,0.0013586481057972,Normal
2025-10-12,0.062827903,661227646.6,276,30541479.01705017,1918857.0811597635,6952.380728839723,0.0010514352756707,Normal
2025-10-13,0.069221651,727595848.3,254,11034851.4210246,763850.6339030189,3007.2859602481058,0.0004133181858135,Retail Orders
2025-10-14,0.073482025,773227286.1,225,23915587.512419187,1757365.7994772743,7810.514664343443,0.0010101188621702,Normal
2025-10-15,0.070136857,738193835.5,208,20760807.17016965,1456097.7636987634,7000.470017782516,0.0009483240960744,Normal
2025-10-16,0.066331576,698343558.6,207,10521281.49120199,697893.1828510581,3371.464651454387,0.0004827802318694,Retail Orders
2025-10-17,0.063755046,671069321.1,221,14584601.900508618,929841.9650586144,4207.429706147575,0.0006269739315829,Normal
2025-10-18,0.062082275,655054356.7,184,5232734.663284088,324860.0723680351,1765.5438715654082,0.0002695263154129,Retail Orders
2025-10-19,0.062477567,659153921.9,172,4220542.129891272,263689.2036966046,1533.0767656779335,0.0002325825144541,Retail Orders
2025-10-20,0.064076224,676255103.7,165,17145346.032043345,1098609.0329067204,6658.236563071033,0.0009845746858902,Normal
2025-10-21,0.065745123,693987804.3,174,27554018.16476622,1811542.3133867893,10411.162720613733,0.0015001939019829,Normal
2025-10-22,0.063464482,668969986.9,177,20581570.90924863,1306198.7365017333,7379.653878540867,0.0011031367659314,Normal
2025-10-23,0.061626967,650060440.1,165,5718295.856173646,352401.23002465,2135.765030452424,0.0003285486854305,Retail Orders
2025-10-24,0.063439475,669532999.6,170,8836624.670707066,560590.8298817042,3297.593116951201,0.0004925213721984,Retail Orders
2025-10-25,0.064971388,685836413.4,135,6070129.394530544,394384.73210224905,2921.368385942585,0.0004259570254457,Retail Orders
2025-10-26,0.064806712,684363946.6,153,4555121.410422422,295202.4413702797,1929.4277213743767,0.0002819300652759,Retail Orders
2025-10-27,0.066568057,703487714.5,210,10645920.666466722,708678.2537428347,3374.658351156356,0.0004797039495643,Retail Orders
2025-10-28,0.065089331,686990295.4,177,13755822.948088797,895357.3130455475,5058.515892912697,0.0007363300365061,Normal
2025-10-29,0.062463495,659711734.3,157,7023100.824384064,438687.4232284098,2794.187409098152,0.0004235467195475,Retail Orders
2025-10-30,0.063490248,670405104.1,171,6183148.368030084,392569.62330702535,2295.728791269154,0.0003424390383111,Retail Orders
2025-10-31,0.060858388,641538723.7,255,7296830.12510167,444073.3189235259,1741.463995778533,0.0002714511114363,Retail Orders
2025-11-01,0.061371827,648601184.2,184,2531240.6215000893,155346.86151807595,844.2764212938911,0.000130168806635,Retail Orders
2025-11-02,0.064089749,676711914.8,200,5665582.70809409,363105.7737004905,1815.5288685024525,0.000268286818777,Retail Orders
2025-11-03,0.065086382,687583432.1,238,21837114.615825303,1421298.783663389,5971.843628837769,0.0008685263998579,Normal
2025-11-04,0.056560657,597632534.4,253,23219473.07811674,1313308.6524920953,5190.94329048259,0.000868584454776,Normal
2025-11-05,0.0547643,578698280.1,213,9303448.777510883,509496.8598862393,2392.004037024597,0.0004133421714353,Retail Orders
2025-11-06,0.056485942,597547834.2,204,8191604.655240801,462710.5054428619,2268.188752170892,0.0003795827919295,Retail Orders
2025-11-07,0.056073426,591654786.0,299,25495893.788163923,1429642.1136344697,4781.411751285851,0.0008081421572893,Normal
2025-11-08,0.069846171,739254366.4,221,14228870.043393182,993832.0901876176,4496.977783654379,0.0006083126442057,Normal
2025-11-09,0.066597772,704098273.4,187,5016878.848024816,334112.9536723794,1786.7002870180715,0.0002537572316986,Retail Orders
2025-11-10,0.066383278,701613584.7,242,8952663.497102292,594307.1497685937,2455.814668465264,0.0003500238196663,Retail Orders
2025-11-11,0.068809975,727586736.9,196,6600665.766591153,454191.646382493,2317.3043182780257,0.0003184918306992,Retail Orders
2025-11-12,0.063542714,671955384.7,199,14345687.53451022,911563.920138748,4580.723216777629,0.0006817004999257,Normal
2025-11-13,0.062879447,664757461.2,190,9143917.065210257,574964.4484742838,3026.128676180441,0.0004552229727091,Retail Orders
2025-11-14,0.060610887,642668353.4,211,38873597.89495286,2356163.249294426,11166.650470589697,0.0017375447867493,Normal
2025-11-15,0.056533563,599251714.8,155,4569044.052122278,258304.3397704301,1666.47961142213,0.0002780934238925,Retail Orders
2025-11-16,0.057029977,603305932.9,183,3851313.746711984,219640.3343947683,1200.2204065287883,0.0001989405939967,Retail Orders
2025-11-17,0.056094706,593609164.2,213,18982303.70037118,1064806.7452750334,4999.092700821753,0.0008421522109684,Normal
2025-11-18,0.055026249,583104394.4,236,6649930.86123151,365920.7514029095,1550.5116584869045,0.0002659063579999,Retail Orders
2025-11-19,0.056105836,594960029.2,212,6733657.160158209,377797.46430806216,1782.0635108870856,0.0002995265939601,Retail Orders
2025-11-20,0.054582903,578679066.5,240,20664691.850214697,1127938.8707851595,4699.745294938165,0.0008121505627226,Normal
2025-11-21,0.053276875,565190951.6,274,49533551.89219714,2638992.8524666005,9631.36077542555,0.0017040896971475,Normal
2025-11-22,0.049186163,522038424.7,183,8067734.530901815,396820.9056776652,2168.420249604728,0.0004153756020643,Retail Orders
2025-11-23,0.048762997,517474776.2,165,15386198.794286564,750277.1656471994,4547.134337255754,0.0008787161319527,Normal
2025-11-24,0.049339033,524641791.6,194,24916972.471835483,1229379.3270479825,6337.006840453518,0.0012078730558477,Normal
2025-11-25,0.051285496,544044969.8,175,10467971.053348554,536855.0875846231,3067.743357626418,0.0005638767984113,Normal
2025-11-26,0.052141404,554127498.3,149,5028073.475700966,262170.8104382083,1759.535640524888,0.0003175326339015,Retail Orders
2025-11-27,0.051929854,551039168.8,166,7345796.318226544,381466.130319242,2297.988736862904,0.0004170282018004,Retail Orders
2025-11-28,0.052104351,552842744.8,178,5154677.58640811,268581.13025404105,1508.8827542361855,0.0002729316371479,Retail Orders
2025-11-29,0.051249319,544025484.8,146,1922791.160539265,98541.737556857,674.9434079236781,0.0001240646673329,Retail Orders
2025-11-30,0.050348687,534072255.4,124,25685297.20428805,1293220.9894406744,10429.201527747377,0.0019527697651952,Normal
2025-12-01,0.049545706,526467384.7,228,37164491.670920014,1841340.977966852,8076.056920907245,0.0015340089729412,Normal
2025-12-02,0.046349904,492599391.6,211,14617261.52819406,677508.6685746879,3210.941557226009,0.0006518362815667,Normal
2025-12-03,0.049205934,522421634.8,158,16938122.09552127,833456.1179161613,5275.038720988363,0.0010097282290018,Normal
2025-12-04,0.049909508,529935217.7,158,9408510.275479715,469574.11886213714,2971.988094064159,0.0005608210201546,Normal
2025-12-05,0.04787101,508177276.1,159,15858721.929997254,759173.0360981179,4774.673183007031,0.0009395684158981,Normal
2025-12-06,0.045552743,483653895.6,128,2547045.066244399,116024.88931204908,906.4444477503832,0.000187415930275,Retail Orders
2025-12-07,0.046511126,493919489.2,142,3673435.713472652,170855.63132222643,1203.2086712832847,0.0002436042103202,Retail Orders
2025-12-08,0.045079941,478800044.8,172,3081392.6633311883,138908.99946080282,807.6104619814117,0.0001686738484577,Retail Orders
2025-12-09,0.045908979,487359528.5,178,698376992.9645821,32061774.70409416,180122.32979828175,0.0369588197757544,Small Whale Orders
2025-12-10,0.047325817,503087094.2,203,9973709.380728573,472013.9449635437,2325.191847111053,0.0004621847536773,Retail Orders
2025-12-11,0.045775102,487130960.1,204,37761005.41674588,1728513.874574095,8473.107228304387,0.0017393900043973,Normal
2025-12-12,0.04443203,472725838.9,220,15247572.043007191,677480.5784420569,3079.457174736622,0.0006514256089538,Normal
2025-12-13,0.040909916,434857515.3,145,6571407.184958146,268835.7159384342,1854.0394202650632,0.0004263556119033,Retail Orders
2025-12-14,0.042061238,447027328.2,144,3293283.918984549,138519.59871798183,961.9416577637628,0.0002151863201825,Retail Orders
2025-12-15,0.04007526,425896636.4,171,25684928.189505644,1029330.175275768,6019.474709215017,0.0014133651676839,Normal
2025-12-16,0.038072784,404489713.6,195,19548097.41652164,744250.4905501865,3816.669182308649,0.0009435763269082,Normal
2025-12-17,0.038751321,411627634.6,174,6111897.727733181,236844.1107665591,1361.1730503825236,0.0003306806773809,Retail Orders
2025-12-18,0.037306484,397479324.6,174,18955175.953055587,707150.968409853,4064.0860253439832,0.0010224647607605,Normal
2025-12-19,0.035712866,380586408.5,171,16004099.694096986,571552.2678259268,3342.410922958636,0.0008782265599373,Normal
2025-12-20,0.037541858,399972112.9,137,7978019.226607135,299509.66492655483,2186.2019337704733,0.0005465885903693,Normal
2025-12-21,0.037794408,402643245.8,120,5472850.082462384,206843.128939417,1723.6927411618085,0.0004280942892105,Retail Orders
2025-12-22,0.036615162,390018858.6,184,21993267.373675022,805287.0477964255,4376.560042371878,0.0011221406211181,Normal
2025-12-23,0.037832635,402627125.9,185,27865606.73780209,1054229.3287648074,5698.536912242203,0.0014153385466774,Normal
2025-12-24,0.036526292,389244457.9,139,3399532.9346364243,124172.33263414697,893.3261340586112,0.0002295025955868,Retail Orders
2025-12-25,0.036663668,390738182.2,115,2114347.544738464,77519.73641690619,674.0846644948365,0.0001725156883055,Retail Orders
2025-12-26,0.03536471,376987705.6,167,6208068.813413498,219546.55324641248,1314.6500194395958,0.0003487249053247,Retail Orders
2025-12-27,0.036302325,386516252.3,140,6686653.822035776,242741.0802100349,1733.8648586431068,0.0004485878273748,Retail Orders
2025-12-28,0.03816875,406111956.7,172,11341687.549769618,432898.0366652691,2516.8490503794715,0.0006197426618095,Normal
2025-12-29,0.037838695,403313653.8,236,17075083.540033866,646098.8781708617,2737.707110893482,0.0006788034784091,Normal
2025-12-30,0.035387597,376705762.2,284,29267694.001215544,1035713.3604343332,3646.878029698357,0.0009680972248473,Normal
2025-12-31,0.034882834,371854523.2,317,17254491.525178947,601885.5636272241,1898.6926297388773,0.0005106009235546,Normal
2026-01-01,0.033245826,354539407.6,181,8673140.078557462,288345.7059253477,1593.070198482584,0.0004493351555096,Retail Orders
2026-01-02,0.03596907,383564090.6,170,5293088.526794926,190387.4717364836,1119.9263043322562,0.0002919789239342,Retail Orders
2026-01-03,0.037116309,395703443.0,188,11779157.200959498,437198.83843038784,2325.52573633185,0.0005876940869407,Normal
2026-01-04,0.038568727,411198359.6,187,6952966.847207398,268167.0801699928,1434.048557058785,0.0003487486084462,Retail Orders
2026-01-05,0.040725646,434355632.6,176,24089973.17263253,981079.7195781292,5574.316588512098,0.0012833531259039,Normal
2026-01-06,0.041788123,445607934.2,186,10155530.322648391,424380.5502530607,2281.615861575596,0.0005120231680057,Normal
2026-01-07,0.042516067,453132915.2,182,11215989.781615166,476859.7730264657,2620.108643002559,0.000578220772562,Normal
2026-01-08,0.04062757,432942998.0,166,13036850.782158934,529655.5677317169,3190.696191154921,0.0007369783564798,Normal
2026-01-09,0.040470963,431974325.2,180,7307270.882070221,295732.2894992413,1642.9571638846735,0.000380336762636,Retail Orders
2026-01-10,0.04234052,452231292.8,140,13482788.495541325,570868.2759512373,4077.630542508838,0.0009016692580608,Normal
2026-01-11,0.04158667,443876739.3,145,7349126.18437378,305625.6854179115,2107.7633477097347,0.0004748533007234,Retail Orders
2026-01-12,0.041542336,442930272.5,144,56156819.91055148,2332885.48141562,16200.593620941803,0.0036575945756658,Normal
2026-01-13,0.040618632,433558706.7,169,14889253.209583048,604781.0968748727,3578.586372040667,0.0008253983409256,Normal
2026-01-14,0.043434064,463795918.6,154,5228670.775632538,227102.4211037533,1474.6910461282682,0.0003179611952126,Retail Orders
2026-01-15,0.042206376,450550350.0,163,6144928.431318608,259355.1598653233,1591.1359500940082,0.0003531538595173,Retail Orders
2026-01-16,0.040822493,435727554.7,138,8155400.197915654,332923.76749161043,2412.4910687797856,0.0005536696136742,Normal
2026-01-17,0.041478419,442440081.5,159,7413209.370835672,307488.20441824844,1933.888078102192,0.0004370960405634,Retail Orders
2026-01-18,0.04267297,456174684.7,129,11129741.73929728,474939.1353487807,3681.698723633959,0.000807080894034,Normal
2026-01-19,0.040532469,435306449.0,195,27972825.09660014,1133807.6660703672,5814.398287540344,0.0013357023083157,Normal
2026-01-20,0.038666728,413527337.3,166,7856880.742688471,303799.8706059731,1830.1197024456208,0.0004425631723394,Retail Orders
2026-01-21,0.036073838,385492004.8,162,6680370.529718157,240986.60426902687,1487.5716312902898,0.0003858891008808,Retail Orders
2026-01-22,0.036718507,392644645.0,152,39982089.96381937,1468082.6502111312,9658.438488231126,0.0024598421527514,Normal
2026-01-23,0.036413793,389258527.9,116,9644194.019749086,351181.6846869812,3027.4283162670795,0.0007777423227179,Normal
2026-01-24,0.036669956,391945465.0,114,48957225.82068026,1795259.316726409,15747.888743214113,0.0040178775236534,Normal
2026-01-25,0.036492093,390239714.3,146,8818676.786901964,321811.9734445677,2204.191598935395,0.0005648301590444,Normal
2026-01-26,0.03486242,372790228.4,171,13281499.128290918,463025.2008401118,2707.7497125152736,0.0007263467511304,Normal
2026-01-27,0.036147372,386607309.0,167,15901057.705938168,574781.4480900135,3441.805078383314,0.0008902586677126,Normal
2026-01-28,0.036654278,392018060.6,148,23893125.04473604,875785.2476785172,5917.467889719711,0.0015094885885264,Normal
2026-01-29,0.036871365,394371396.5,179,9519279.59907478,350988.83263453987,1960.8314672320664,0.0004972042812014,Retail Orders
2026-01-30,0.033988806,363615628.5,210,17190549.97537474,584286.2681463169,2782.315562601509,0.0007651804115458,Normal
2026-01-31,0.033009531,352988284.4,249,11871219.904392306,391863.4014418549,1573.748600168092,0.000445835929893,Retail Orders
2026-02-01,0.030127659,322017617.2,179,6753076.60975427,203454.3892995527,1136.6166999975012,0.0003529672413207,Retail Orders
2026-02-02,0.029650341,317690663.1,192,6769888.090512575,200729.4904155367,1045.4660959142536,0.0003290830412555,Retail Orders
2026-02-03,0.030476234,326218202.3,170,21128673.011321884,643922.3828025304,3787.778722367826,0.0011611181398407,Normal
2026-02-04,0.029490115,315677692.4,188,11682407.744806249,344515.54787122697,1832.529509953335,0.0005805064957302,Normal
2026-02-05,0.029132963,311919191.5,294,23899582.365516026,696265.6487700308,2368.250506020513,0.0007592512966681,Normal
2026-02-06,0.024723061,265352075.8,256,14167349.255172685,350260.23984393885,1368.204061890386,0.0005156183752342,Normal
2026-02-07,0.028648768,306883454.2,142,7652303.04899404,219229.0547163229,1543.8665825093162,0.0005030791205521,Normal
2026-02-08,0.028089922,300680612.2,158,6874204.6496100575,193095.87241958384,1222.1257748074927,0.0004064531350609,Retail Orders
2026-02-09,0.027567779,295026417.5,139,8883667.492082106,244902.98213120367,1761.8919577784443,0.0005971980315215,Normal
2026-02-10,0.027114221,290420284.5,126,7784435.394017581,211068.9016336148,1675.1500129651968,0.000576802001227,Normal
2026-02-11,0.026523831,283975186.1,152,10450781.379909243,277194.75913865963,1823.6497311753924,0.0006421862967045,Normal
2026-02-12,0.026052228,279077861.9,170,5313334.801120208,138424.2096791183,814.26005693599,0.0002917680576282,Retail Orders
2026-02-13,0.026787938,286861437.4,157,7109314.970275588,190443.8886462143,1213.0183990204732,0.0004228586491146,Retail Orders
2026-02-14,0.027541873,294977054.5,137,4881424.225955803,134443.56609039803,981.3398984700586,0.000332683469273,Retail Orders
2026-02-15,0.028992574,310525735.9,143,2918585.9398234705,84617.31883569152,591.7295023474932,0.0001905573142375,Retail Orders
2026-02-16,0.027836001,298161021.9,126,4209485.306309054,117175.23719590412,929.962199967493,0.0003118993200524,Retail Orders
2026-02-17,0.028181809,302138933.6,153,7008902.228730666,197523.543909762,1291.0035549657646,0.0004272880491048,Retail Orders
2026-02-18,0.027758244,297723814.2,129,5382843.056213014,149418.27096806656,1158.2811702950896,0.0003890455230823,Retail Orders
2026-02-19,0.026835014,287823896.9,131,3485287.874798601,93527.7489142507,713.9522817881733,0.0002480517738373,Retail Orders
2026-02-20,0.026438668,283660313.9,135,9378210.63257124,247947.397348621,1836.6473877675628,0.0006474812646562,Normal
2026-02-21,0.027196308,291666267.3,171,3274681.5989846787,89059.2493679198,520.8143237890047,0.0001785651555149,Retail Orders
2026-02-22,0.027942588,299728468.2,125,7359132.929475518,205633.21948556745,1645.0657558845396,0.000548852021219,Normal
2026-02-23,0.026654248,285821443.1,163,6081242.628601201,162090.94917090828,994.4230010485172,0.000347917563589,Retail Orders
2026-02-24,0.026039386,279387338.2,143,7157648.388168734,186380.76923180348,1303.3620226000244,0.000466507190697,Retail Orders
2026-02-25,0.025704822,275728324.1,160,6175051.260655225,158728.59349601818,992.0537093501136,0.0003597939067697,Retail Orders
2026-02-26,0.027677908,296491787.4,168,9553008.474501114,264407.2896804622,1573.852914764656,0.0005308251296152,Normal
2026-02-27,0.026687306,286380426.9,147,5387163.88400918,143768.89104470148,978.0196669707584,0.0003415106533493,Retail Orders
2026-02-28,0.026174508,280894720.8,166,6116091.017113722,160085.67325617126,964.371525639586,0.0003433213422071,Retail Orders
2026-03-01,0.026509757,284413643.2,145,7132707.192142023,189086.3344158373,1304.0436856264644,0.0004585025074586,Retail Orders
2026-03-02,0.025590142,274574112.4,177,25577879.95674239,654541.5801519917,3697.975029107298,0.0013468039637036,Normal
2026-03-03,0.02604824,279552691.9,126,6263645.128399576,163156.93157938297,1294.8962823760553,0.0004632029380848,Retail Orders
2026-03-04,0.026061295,280013011.8,147,4983530.979551429,129877.27099972876,883.518850338291,0.0003155277837479,Retail Orders
2026-03-05,0.026726598,286989075.9,132,4421084.320774945,118160.543365455,895.1556315564774,0.0003119127892757,Retail Orders
2026-03-06,0.026259558,281969429.2,199,15887626.39397799,417202.0467749959,2096.492697361788,0.000743517729319,Normal
2026-03-07,0.025685108,275875727.1,90,2093509.0846301464,53772.00693770646,597.466743752294,0.0002165709720216,Retail Orders
2026-03-08,0.0246816038626418,265154327.06943,131,4338005.536356913,107068.9342023083,817.3201084145671,0.0003082431719851,Retail Orders
2026-03-09,0.0250579949134304,269110210.2530895,105,6701092.013928126,167915.92959944005,1599.1993295184766,0.0005942544238713,Normal
2026-03-10,0.0249670129364966,268295429.50878152,143,13661017.727605795,341074.8063308433,2385.138505810093,0.0008889970694532,Normal
2026-03-11,0.0258945638447645,278107181.06250525,141,45459923.88444785,1177164.9014039696,8348.687243999784,0.0030019675191786,Normal
2026-03-12,0.0278225965890796,298867559.02671564,185,41831840.7205591,1163870.4289467486,6291.191507820263,0.0021050098338903,Normal
2026-03-13,0.0268056906275629,211145789.92331904,163,18693122.31236231,501082.0535683773,3074.1230280268546,0.0014559243777217,Normal
2026-03-14,0.0262143033772476,258777622.5462888,142,4453292.48590687,116739.96025317984,822.1123961491537,0.0003176906828572,Retail Orders
2026-03-15,0.0268884713680863,275385209.47662413,139,10275845.831463171,276301.78642216645,1987.7826361306936,0.0007218189531342,Normal
2026-03-16,0.0281648100335283,296514429.0137758,209,17416499.084570162,490532.3881660382,2347.044919454728,0.0007915449265862,Normal
2026-03-17,0.0278727435398728,299763148.04658866,163,14154064.772189856,394512.61744199606,2420.322806392614,0.0008074117256122,Normal
2026-03-18,0.026622056273758,286096598.7839621,136,9376138.538317189,249612.08779763125,1835.3829985119944,0.0006415256267684,Normal
2026-03-19,0.025631215807976,275783613.42070013,132,15476850.27500959,396690.4894265035,3005.2309805038144,0.0010897061443311,Normal
2026-03-20,0.0260919384525919,280852396.38440543,127,10856973.321780734,283279.47969333513,2230.5470841994893,0.0007942061783751,Normal
2026-03-21,0.0256430408391186,277780554.70883495,109,2624483.9654361275,67299.74950729054,617.4288945622985,0.0002222721799981,Retail Orders
2026-03-22,0.0244274383614852,262966402.49547145,159,5382895.220134504,131490.34119616888,826.9832779633263,0.0003144824852587,Retail Orders
2026-03-23,0.0252526309661695,271767117.809767,163,25660061.862427328,647984.0727809573,3975.362409699125,0.0014627827095998,Normal
2026-03-24,0.0252293634230097,271554625.7713033,154,5177584.278925168,130627.1554262647,848.2282819887319,0.0003123600931412,Retail Orders
2026-03-25,0.0254075432228845,273482317.9353507,131,7160904.459291092,181940.9895643848,1388.8625157586623,0.000507843624496,Normal
2026-03-26,0.0242716159495601,261221210.0018179,151,16650908.794622816,404144.4634742377,2676.4534004916404,0.0010245926816099,Normal
2026-03-27,0.0237392599196046,255653122.5615359,126,10775512.125467924,255802.68311333403,2030.180024709,0.0007941150901531,Normal
2026-03-28,0.0236731742655944,254961819.47330585,115,2915793.882835795,69026.09671092592,600.226927921095,0.00023541835760390703,Retail Orders
2026-03-29,0.0232480493849501,250156103.3241216,127,7716243.256191897,179387.6042862374,1412.5008211514755,0.0005646477548946028,Normal
2026-03-30,0.0237929595663369,256254050.4705861,153,4234379.950627375,100748.43095378477,658.4864768221227,0.00025696627062591796,Retail Orders
2026-03-31,0.0240867923618501,259383513.3237601,129,19950515.860894695,480543.9330531676,3725.1467678540125,0.0014361540254119076,Normal
