day,price,market_cap,buyers,total_buy_qty,total_buy_usd,avg_buy_usd,ratio_pct,bucket
2023-12-28,0.014423167,0.0,34,21244644.11825004,306415.0499730881,9012.20735214965,,Normal
2023-12-29,0.014423167,0.0,19,13077249.4479899,188615.35268901614,9927.123825737692,,Normal
2023-12-30,0.01439072,0.0,17,2256008.345330705,32465.58441531748,1909.7402597245577,,Normal
2023-12-31,0.014569706,0.0,11,1014405.2946906122,14779.586908485582,1343.5988098623257,,Normal
2024-01-01,0.0131099,0.0,8,3403988.340858467,44625.94674982042,5578.243343727552,,Normal
2024-01-02,0.01246417,0.0,8,3049011.4195609037,38003.396665348424,4750.424583168553,,Normal
2024-01-03,0.012717045,0.0,7,1445070.5975718335,18377.0278174979,2625.2896882139858,,Normal
2024-01-04,0.011586346,0.0,15,4039840.433706932,46806.98904971858,3120.465936647905,,Normal
2024-01-05,0.012370916,0.0,9,469922.8012835133,5813.375501163036,645.9306112403373,,Normal
2024-01-06,0.011559356,0.0,5,181320.20654180454,2095.9448174102477,419.18896348204953,,Normal
2024-01-07,0.011001358,0.0,8,3294509.8613349604,36244.08241907625,4530.510302384531,,Normal
2024-01-08,0.011586256,0.0,3,656485.8519629911,7606.213141221316,2535.4043804071052,,Normal
2024-01-09,0.011519239,0.0,6,4072946.2298673126,46917.24105599052,7819.54017599842,,Normal
2024-01-10,0.01126564,0.0,1,3570.0,40.2183348,40.2183348,,Normal
2024-01-11,0.012206321,0.0,3,500540.1972461052,6109.754320989276,2036.584773663092,,Normal
2024-01-12,0.011147862,0.0,5,489293.6041709051,5454.577576779875,1090.915515355975,,Normal
2024-01-13,0.010589885,0.0,0,0.0,0.0,,,Normal
2024-01-14,0.010687335,0.0,0,0.0,0.0,,,Normal
2024-01-15,0.010257839,0.0,0,0.0,0.0,,,Normal
2024-01-16,0.010386653,0.0,2,103161.1208101551,1071.4987649461598,535.7493824730799,,Normal
2024-01-17,0.010612147,0.0,2,79316.19644171085,841.7151361203125,420.85756806015627,,Normal
2024-01-18,0.010169278,0.0,2,11819.6071446151,120.19687090437716,60.09843545218858,,Normal
2024-01-19,0.00980841,0.0,2,82564.42164264045,809.8256988838909,404.91284944194547,,Normal
2024-01-20,0.009767538,0.0,4,1587843.852622572,15509.325168557372,3877.331292139343,,Normal
2024-01-21,0.009515194,0.0,0,0.0,0.0,,,Normal
2024-01-22,0.00913256,0.0,0,0.0,0.0,,,Normal
2024-01-23,0.008019694,0.0,0,0.0,0.0,,,Normal
2024-01-24,0.007709062,0.0,5,4928627.475077547,37995.09478027627,7599.0189560552535,,Normal
2024-01-25,0.008890879,0.0,2,55310.43380690403,491.7583744146931,245.87918720734655,,Normal
2024-01-26,0.00895749,0.0,4,2538741.1217684653,22740.748210829814,5685.187052707453,,Normal
2024-01-27,0.009841796,0.0,0,0.0,0.0,,,Normal
2024-01-28,0.009694868,0.0,1,229565.5672260779,2225.6078716019515,2225.6078716019515,,Normal
2024-01-29,0.009647518,0.0,2,10968.637125161331,105.82012410046221,52.910062050231105,,Normal
2024-01-30,0.009826067,0.0,4,102090.75731870055,1003.150621494292,250.787655373573,,Normal
2024-01-31,0.009889646,0.0,3,384932.2209055448,3806.843398749638,1268.9477995832126,,Normal
2024-02-01,0.009319797,0.0,5,6312239.458100408,58828.790364885805,11765.758072977162,,Normal
2024-02-02,0.009664551,0.0,2,379022.2279786811,3663.0796524335906,1831.5398262167953,,Normal
2024-02-03,0.009644534,0.0,5,1835919.426955225,17706.587334530184,3541.3174669060368,,Normal
2024-02-04,0.010077409,0.0,6,1627234.8943787452,16398.311569726415,2733.051928287736,,Normal
2024-02-05,0.010310304,0.0,8,2461683.8878081795,25380.709235204224,3172.588654400528,,Normal
2024-02-06,0.010840862,0.0,47,6808878.96197379,73814.11720146111,1570.513131945981,,Normal
2024-02-07,0.014985799,0.0,38,8013248.115923158,120084.92560235313,3160.1296211145564,,Normal
2024-02-08,0.018071076,0.0,30,3806346.751413061,68784.78142713853,2292.826047571284,,Normal
2024-02-09,0.015630305,0.0,26,4027256.931082226,62947.25414617918,2421.0482363915066,,Normal
2024-02-10,0.01687597,0.0,10,483628.0878481012,8161.69310168192,816.1693101681919,,Normal
2024-02-11,0.016731555,0.0,40,16397050.54259557,274348.1529912176,6858.70382478044,,Normal
2024-02-12,0.025465279,0.0,35,3021704.9700080343,76948.56011694123,2198.5302890554635,,Normal
2024-02-13,0.028372212,0.0,85,7815226.203434448,221735.25467179727,2608.650054962321,,Normal
2024-02-14,0.042456149,0.0,134,6848391.125168766,290756.3140204427,2169.823238958528,,Normal
2024-02-15,0.05185368,0.0,72,3288476.0721893436,170519.5859349631,2368.327582430043,,Normal
2024-02-16,0.042230267,0.0,74,15918438.638629397,672239.913932436,9084.323161249136,,Normal
2024-02-17,0.052187921,0.0,76,3679610.26015448,192031.20956773145,2526.726441680677,,Normal
2024-02-18,0.05027027,0.0,61,6845442.084879402,344122.2218762504,5641.347899610662,,Normal
2024-02-19,0.061368581,0.0,45,18912671.708610725,1160643.8256762857,25792.08501502857,,Normal
2024-02-20,0.062972605,0.0,27,2656001.415856137,167255.32804014927,6194.641779264788,,Normal
2024-02-21,0.060209251,0.0,19,6406545.8561576875,385733.32749640814,20301.754078758324,,Normal
2024-02-22,0.060993889,0.0,23,9025508.838557577,550500.8842674998,23934.821055108685,,Normal
2024-02-23,0.064313627,0.0,20,3764208.7015582765,242089.9143821733,12104.495719108665,,Normal
2024-02-24,0.057574569,0.0,26,1811602.9343351743,104302.25814348295,4011.6253132108827,,Normal
2024-02-25,0.062192803,0.0,18,387609.1544311314,24106.49978253193,1339.2499879184406,,Normal
2024-02-26,0.056509617,0.0,51,3479786.8322114456,196641.42112991205,3855.714139802197,,Normal
2024-02-27,0.053379667,0.0,23,670345.9258140504,35782.84229476071,1555.775751946118,,Normal
2024-02-28,0.052465066,0.0,31,1935595.5306611424,101551.14726544186,3275.843460175544,,Normal
2024-02-29,0.055087734,0.0,20,604744.1231159449,33313.98339227443,1665.6991696137216,,Normal
2024-03-01,0.053813132,0.0,21,768131.9125453258,41335.58400321408,1968.3611430101942,,Normal
2024-03-02,0.055038067,0.0,20,356610.7242016361,19627.16493152817,981.3582465764084,,Normal
2024-03-03,0.051793753,0.0,22,2381103.3029445605,123326.27634019473,5605.739833645215,,Normal
2024-03-04,0.051166457,0.0,26,1552040.7140496215,79412.42445766926,3054.324017602664,,Normal
2024-03-05,0.049332575,0.0,31,2582144.3101443984,127383.82784102178,4109.155736807154,,Normal
2024-03-06,0.055255714,0.0,31,2279272.6113694496,125942.83554186345,4062.6721142536594,,Normal
2024-03-07,0.050329502,0.0,68,7607763.624073316,382894.9545333252,5630.808154901842,,Normal
2024-03-08,0.073315954,0.0,115,5273567.525785461,386636.6341363807,3362.057688142441,,Normal
2024-03-09,0.080829911,0.0,45,3763264.6048543067,304184.34307982377,6759.652068440528,,Normal
2024-03-10,0.088567578,0.0,41,2126421.354658304,188331.98918956495,4593.463150964999,,Normal
2024-03-11,0.0912299,0.0,35,1993003.137556704,181821.47693898436,5194.899341113839,,Normal
2024-03-12,0.088101284,0.0,29,1743737.1029166868,153625.47772540027,5297.430266393113,,Normal
2024-03-13,0.083409798,0.0,29,4153844.775936389,346471.3536842094,11947.288058076187,,Normal
2024-03-14,0.086678604,0.0,18,1416042.9762380577,122740.62838432002,6818.92379912889,,Normal
2024-03-15,0.079740401,0.0,23,1316184.7227639193,104953.09758326877,4563.178155794294,,Normal
2024-03-16,0.074273446,0.0,29,1804684.892852272,134040.16593627902,4622.074687457897,,Normal
2024-03-17,0.070633152,0.0,27,1142893.8585381717,80726.19562999319,2989.8590974071553,,Normal
2024-03-18,0.070696545,0.0,21,1874453.7747863606,132517.4056396038,6310.352649504943,,Normal
2024-03-19,0.06577617,0.0,13,648136.897693436,42631.96276595605,3279.3817512273886,,Normal
2024-03-20,0.053001247,0.0,16,8645187.411785224,458205.71337331936,28637.85708583246,,Normal
2024-03-21,0.062228069,0.0,472,10239418.612612698,637179.2479455472,1349.9560337829391,,Normal
2024-03-22,0.097198431,0.0,117,1554328.7787259673,151078.3185503102,1291.2676799171813,,Normal
2024-03-23,0.089169215,89122646.16,164,6685201.656136161,596114.1837943613,3634.8425841119592,0.00407847246544543,Normal
2024-03-24,0.134663565,140196014.1,101,1546456.126884632,208251.29516237692,2061.8940115086825,0.0014707222774806995,Normal
2024-03-25,0.153710613,153848175.1,132,7610064.404117813,1169747.6645264288,8861.724731260823,0.0057600453989790764,Small Whale Orders
2024-03-26,0.182248409,183160577.9,496,4725900.792904887,861287.9005987543,1736.4675415297465,0.0009480574703568603,Normal
2024-03-27,0.216186032,215946365.2,355,3100713.5698694284,670330.9630386265,1888.256233911624,0.0008744098249409311,Normal
2024-03-28,0.187631325,187506636.1,184,1482928.0301825914,278243.75118279963,1512.1942999065197,0.0008064750834205381,Normal
2024-03-29,0.156327244,156350095.3,114,2524159.7300979462,394594.93402199575,3461.359070368384,0.0022138515897459662,Normal
2024-03-30,0.132246466,132168142.6,97,598929.5609733327,79206.31782165478,816.5599775428328,0.0006178190609927152,Normal
2024-03-31,0.117211502,117270465.3,117,860164.8961864343,100821.21944968603,861.7198243562909,0.0007348140234217105,Normal
2024-04-01,0.133573713,133562832.5,125,3314628.55525007,442747.2433405775,3541.9779467246203,0.0026519188612779835,Normal
2024-04-02,0.197635696,186246822.7,154,1654280.9382202262,326944.9646046874,2123.0192506797885,0.0011398955536006514,Normal
2024-04-03,0.172065258,171045175.1,70,660808.1184312885,113702.11938637421,1624.3159912339172,0.0009496415144620569,Normal
2024-04-04,0.168005043,168066217.4,66,2349796.9655909464,394777.7402453765,5981.4809128087345,0.003559002520163064,Normal
2024-04-05,0.170885925,172039462.2,68,234352.45030960508,40047.5352471734,588.934341870197,0.0003423251469976969,Retail Orders
2024-04-06,0.162734624,162944682.3,76,355821.6927977323,57904.509388482475,761.9014393221378,0.00046758288062410594,Retail Orders
2024-04-07,0.16298706,164110945.9,65,253880.77864903832,41379.281702517525,636.604333884885,0.0003879109527970157,Retail Orders
2024-04-08,0.158011156,158011156.4,64,406967.64053351845,64305.42733529371,1004.7723021139642,0.0006358869367238958,Normal
2024-04-09,0.177980527,176780227.7,63,183761.77855621558,32706.018189892548,519.1431458713103,0.0002936658429653727,Retail Orders
2024-04-10,0.171079831,170595362.5,43,2140937.59898994,366271.24261674465,8517.935874808016,0.00499306414311703,Normal
2024-04-11,0.174516824,174535993.5,66,434402.074319393,75810.47034923242,1148.6434901398852,0.0006581126718368754,Normal
2024-04-12,0.225895541,225895540.7,80,1489421.872199837,336453.759597815,4205.671994972688,0.001861777342722325,Normal
2024-04-13,0.183344347,183371746.2,63,1255600.0343890798,230207.16839824335,3654.082038067355,0.0019927181334042153,Normal
2024-04-14,0.165816832,166432838.0,103,386384.3683291001,64069.031890652506,622.0294358315778,0.00037374201107570956,Retail Orders
2024-04-15,0.189055767,189768464.7,71,222047.30958874448,41979.32442458655,591.2580904871345,0.0003115681477540744,Retail Orders
2024-04-16,0.16928208,169116460.1,64,1048175.3290296328,177437.29990282064,2772.4578109815725,0.0016393778638354862,Normal
2024-04-17,0.1472624,147313237.5,37,180444.50913200263,26572.691481600625,718.180850854071,0.0004875195624249796,Retail Orders
2024-04-18,0.144703229,144842113.9,40,142824.03344228363,20667.098817902428,516.6774704475607,0.00035671770905268505,Retail Orders
2024-04-19,0.1596268,162499957.3,43,7147235.951326012,1140890.403755127,26532.334971049466,0.016327595041804647,Small Whale Orders
2024-04-20,0.166021686,166499450.4,32,153121.73134533508,25421.52800119158,794.4227500372368,0.00047713235576976826,Retail Orders
2024-04-21,0.176351952,176306450.0,40,78506.83246862255,13844.833151178565,346.12082877946415,0.00019631773470537474,Retail Orders
2024-04-22,0.183106202,183042340.1,30,106204.99158929299,19446.79264335738,648.226421445246,0.00035414015199494606,Retail Orders
2024-04-23,0.182543027,182678707.2,26,69593.37181927962,12703.7847510278,488.60710580876156,0.00026746801162426967,Retail Orders
2024-04-24,0.180555344,180995980.5,30,109764.51718801729,19818.570159876374,660.6190053292124,0.00036499098129375994,Retail Orders
2024-04-25,0.172948282,173311298.8,26,129069.01482932144,22322.264374163668,858.5486297755257,0.0004953794909622624,Retail Orders
2024-04-26,0.156819221,156714815.2,24,356196.6346170636,55858.47876346956,2327.436615144565,0.0014851414093647003,Normal
2024-04-27,0.139753385,139049560.1,26,112075.0281855987,15662.864562907827,602.4178678041472,0.0004332396789827365,Retail Orders
2024-04-28,0.141410477,141257966.6,27,308516.0975803751,43627.40852101939,1615.8299452229403,0.0011438858877237585,Normal
2024-04-29,0.129419654,131815420.6,26,375506.1785208478,48597.87969903036,1869.1492191934753,0.0014180049729276328,Normal
2024-04-30,0.123191449,123250953.3,24,5137259.763465539,632866.4741507169,26369.43642294654,0.02139491477908637,Small Whale Orders
2024-05-01,0.114492979,114584212.0,29,312149.9016882801,35738.972138848316,1232.3783496154592,0.001075521948534637,Normal
2024-05-02,0.109603713,110005827.5,25,245722.4807768067,26932.09626070914,1077.2838504283654,0.0009792970744466837,Normal
2024-05-03,0.112232518,112229275.9,31,284152.7294184788,31891.17631920855,1028.7476232002757,0.0009166481873383232,Normal
2024-05-04,0.119932649,120515039.6,24,45643.204729491335,5474.110452057224,228.08793550238434,0.00018926097212383468,Retail Orders
2024-05-05,0.109912032,109796432.9,27,98611.57882553949,10838.59900744322,401.4295928682674,0.0003656125998500151,Retail Orders
2024-05-06,0.116173001,117637888.1,31,134046.1441560494,15572.542839086875,502.3400915834476,0.0004270223647303369,Retail Orders
2024-05-07,0.111996784,112000278.7,18,244906.19118358594,27428.705794250778,1523.8169885694876,0.0013605474970746546,Normal
2024-05-08,0.112415505,112496614.0,26,108168.97735228065,12159.870214390192,467.6873159380843,0.0004157345712983719,Retail Orders
2024-05-09,0.121672329,121658722.5,21,66095.43448764847,8041.98545037911,382.95168811329097,0.000314775365254465,Retail Orders
2024-05-10,0.131631049,131621250.9,15,96733.5379317886,12733.137071442625,848.8758047628417,0.000644938259557934,Normal
2024-05-11,0.127699779,127713173.2,18,96574.80035977402,12332.580662912264,685.1433701617924,0.0005364703992507112,Normal
2024-05-12,0.128744007,128759363.3,10,70109.93869126277,9026.234437637504,902.6234437637504,0.0007010157713041056,Normal
2024-05-13,0.112024712,112125379.9,20,2642346.7022383865,296008.128322405,14800.40641612025,0.013199871812537107,Small Whale Orders
2024-05-14,0.120846082,120866657.3,32,754915.0362151996,91228.52436949497,2850.891386546718,0.002358707893667146,Normal
2024-05-15,0.115929689,115986001.3,54,428179.20451328356,49638.68201549236,919.2348521387474,0.0007925394804853467,Normal
2024-05-16,0.126373418,127921537.6,23,97097.407274622,12270.531236232046,533.5013580970455,0.0004170535846475359,Retail Orders
2024-05-17,0.11795747,117913558.2,19,29022.247377764463,3423.39087439523,180.17846707343315,0.00015280555503873613,Retail Orders
2024-05-18,0.120689048,120550533.7,20,58064.31082171201,7007.726395848519,350.386319792426,0.0002906551377569106,Retail Orders
2024-05-19,0.121678899,121614208.5,14,55199.74702078648,6716.64444256783,479.7603173262736,0.0003944936395538632,Retail Orders
2024-05-20,0.11745765,117195352.8,18,109779.58700559694,12894.452307647953,716.3584615359973,0.0006112515935324676,Normal
2024-05-21,0.140065966,139942349.3,14,119134.14296266096,16686.638817647206,1191.902772689086,0.0008517098495566602,Normal
2024-05-22,0.13073314,130813689.4,19,86676.03303118963,11331.429960911137,596.3910505742704,0.00045590874572051506,Retail Orders
2024-05-23,0.127418057,127383275.7,14,56672.0721047646,7221.045313753006,515.7889509823575,0.00040491104357929267,Retail Orders
2024-05-24,0.112720696,112834512.1,19,102658.14325338928,11571.697357589743,609.0367030310391,0.0005397610107901013,Normal
2024-05-25,0.112640528,112721294.5,14,101647.93454183267,11449.677016901469,817.8340726358192,0.0007255364447893377,Normal
2024-05-26,0.107778549,107804979.5,21,695965.8188415401,75010.18610833806,3571.9136242065747,0.003313310424781051,Normal
2024-05-27,0.110656948,110758112.1,14,241538.1279719816,26727.87206701292,1909.1337190723514,0.0017236965156544515,Normal
2024-05-28,0.113378641,113225736.6,12,22634.08544030545,2566.221847499719,213.85182062497657,0.0001888720948493053,Retail Orders
2024-05-29,0.111780994,111813483.5,17,22883.16530680941,2557.9029638614707,150.46488022714533,0.00013456774220538915,Retail Orders
2024-05-30,0.11249471,112503211.3,23,660253.2929131981,74275.00271281527,3229.3479440354467,0.0028704495691452736,Normal
2024-05-31,0.091115347,91075827.92,25,1110241.8186875463,101160.06856362686,4046.4027425450745,0.004442894272780468,Normal
2024-06-01,0.086021572,86003173.29,22,438226.79330671736,37696.95765276291,1713.4980751255869,0.0019923661064781004,Normal
2024-06-02,0.086394011,86371960.75,10,94717.72212107411,8183.04392682302,818.304392682302,0.0009474190299452037,Normal
2024-06-03,0.085763377,85770944.34,17,77370.91015018724,6635.5905360436345,390.32885506139024,0.00045508284660375026,Retail Orders
2024-06-04,0.084615884,84622280.0,12,77983.68996581291,6598.658864039189,549.8882386699324,0.0006498149644159108,Normal
2024-06-05,0.085030253,85007993.73,11,76808.99303527386,6531.088110464573,593.7352827695066,0.0006984464127636183,Normal
2024-06-06,0.099814103,99739406.91,12,123050.93191294163,12282.218392204342,1023.5181993503619,0.0010261923857978574,Normal
2024-06-07,0.099081135,99104477.19,10,74460.72007830907,7377.652658276151,737.765265827615,0.000744431822603932,Normal
2024-06-08,0.095690439,95650796.94,12,122213.4465769063,11694.65835464721,974.5548628872675,0.001018867478436785,Normal
2024-06-09,0.094458253,94541168.41,11,34797.53333034082,3286.9142070932653,298.8103824630241,0.0003160637714642606,Retail Orders
2024-06-10,0.090594057,90843821.95,16,302301.49545737536,27386.718910650703,1711.669931915669,0.001884189695208733,Normal
2024-06-11,0.079899177,79942366.22,18,78859.43885570086,6300.804263252321,350.0446812917956,0.0004378713038446708,Retail Orders
2024-06-12,0.072553157,72564817.31,15,440502.17467622366,31959.823438125477,2130.654895875032,0.002936209274492876,Normal
2024-06-13,0.062152953,62250427.26,40,1441062.0733449832,89566.26331469328,2239.156582867332,0.003597013998819792,Normal
2024-06-14,0.042743639,42699871.32,16,276270.5205763959,11808.807397859538,738.0504623662212,0.0017284606242373593,Normal
2024-06-15,0.04012315,40093839.63,12,48028.0047679617,1927.0348395056426,160.5862366254702,0.0004005259613631826,Retail Orders
2024-06-16,0.041714614,41714058.76,15,231276.04882671815,9647.5911042517,643.1727402834466,0.0015418608483626893,Normal
2024-06-17,0.041358122,41361760.96,17,58462.088523838305,2417.8821895437045,142.22836409080614,0.00034386438292207115,Retail Orders
2024-06-18,0.037552926,37519358.47,14,198425.7484443677,7451.467447825956,532.2476748447111,0.0014185948175800755,Normal
2024-06-19,0.036664418,36588997.32,10,25852.14279566789,947.8537696560559,94.7853769656056,0.0002590543166204632,Retail Orders
2024-06-20,0.036810595,36765448.99,9,5558610.31332628,204615.7530066768,22735.083667408533,0.06183817766945359,Big Whale Orders
2024-06-21,0.035504045,35516758.31,9,15857.262322775348,562.9969550846205,62.555217231624496,0.00017612873530186907,Retail Orders
2024-06-22,0.035230735,35228452.81,10,633807.8314973923,22329.515752409283,2232.9515752409284,0.006338488912028176,Small Whale Orders
2024-06-23,0.03287894,32864778.57,5,597302.7078790924,19638.679894194207,3927.735978838841,0.011951201711196685,Small Whale Orders
2024-06-24,0.031377891,31382759.2,13,1164636.430643974,36543.83497537567,2811.0642288750514,0.008957352063788742,Small Whale Orders
2024-06-25,0.029249247,29264275.85,13,241617.05002526683,7067.116775600385,543.6243673538758,0.0018576382007206775,Normal
2024-06-26,0.030076225,30093978.89,4,316666.1405974912,9524.122094491779,2381.0305236229447,0.007911983099098081,Small Whale Orders
2024-06-27,0.029904048,29907800.06,12,123557.3771812122,3694.865737981074,307.9054781650895,0.00102951563654759,Normal
2024-06-28,0.030076991,30118277.81,10,169316.8557483899,5092.541546492621,509.2541546492621,0.0016908475240910933,Normal
2024-06-29,0.029989776,29995651.67,13,201539.94344278105,6044.137758901673,464.93367376166714,0.0015500035767739902,Normal
2024-06-30,0.029798477,29830835.17,4,95312.30611148458,2840.1615614800326,710.0403903700081,0.0023802229683601854,Normal
2024-07-01,0.029790821,29814318.18,9,114764.88565000844,3418.9401654848702,379.88224060943,0.0012741604161998314,Normal
2024-07-02,0.029864849,29879261.46,8,318129.78473401297,9500.897983483803,1187.6122479354754,0.003974704159021323,Normal
2024-07-03,0.029301549,29321584.53,3,17310.541776046382,507.22568806737013,169.07522935579004,0.0005766237809651893,Normal
2024-07-04,0.02713739,27160740.36,9,197624.77937911407,5363.020711674977,595.8911901861086,0.002193943104230273,Normal
2024-07-05,0.02467064,24701475.49,9,300584.22746050946,7415.605265356343,823.9561405951492,0.0033356555600442366,Normal
2024-07-06,0.022044588,22048627.86,7,36162.83095419489,797.1947092988732,113.88495847126761,0.000516517214560433,Normal
2024-07-07,0.022638058,22622157.79,6,72421.93798376112,1639.4920325487874,273.2486720914646,0.0012078806744609157,Normal
2024-07-08,0.024092078,24062364.2,7,28604.61878959376,689.1447070391583,98.4492438627369,0.00040914202380303477,Retail Orders
2024-07-09,0.026283,26269062.0,13,4324457.916397855,113659.72741668484,8743.055955129603,0.03328271087536207,Small Whale Orders
2024-07-10,0.029332276,29350489.13,7,35558.05314419525,1042.998628848203,148.99980412117185,0.0005076569711026544,Normal
2024-07-11,0.029832198,29845123.18,8,64200.97055865345,1915.2560654979204,239.40700818724005,0.0008021645839534447,Normal
2024-07-12,0.032999832,32929003.88,3,10287.107820974725,339.47282985805197,113.15760995268398,0.00034364115709376866,Retail Orders
2024-07-13,0.033130195,33050676.39,5,14355.237011529844,475.5918014632009,95.11836029264018,0.00028779550279164554,Retail Orders
2024-07-14,0.032720449,32745102.34,6,119579.64511258573,3912.69967934446,652.1166132240767,0.001991493587202747,Normal
2024-07-15,0.032563789,32479167.1,22,101336.29860611039,3299.893845850373,149.9951748113806,0.00046181964688183334,Retail Orders
2024-07-16,0.047210418,47239920.29,17,56541.731606902176,2669.358783605663,157.02110491798018,0.0003323907067455811,Retail Orders
2024-07-17,0.047294294,47234069.92,16,124774.14623400933,5901.10515559023,368.8190722243894,0.0007808327185208802,Normal
2024-07-18,0.049924599,49924913.26,8,4827765.256225625,241024.24448319655,30128.03056039957,0.060346685838988216,Big Whale Orders
2024-07-19,0.053027375,53026598.51,7,22230.176758470654,1178.8079192877078,168.4011313268154,0.0003175786040567123,Retail Orders
2024-07-20,0.057650279,57690521.91,13,52189.07346805605,3008.714646184929,231.43958816807145,0.000401174370599608,Retail Orders
2024-07-21,0.062875143,62676231.61,14,46010.25268421875,2892.901216986387,206.63580121331339,0.00032968765974810874,Retail Orders
2024-07-22,0.062565001,62520103.74,15,197809.67548124958,12375.962544294056,825.0641696196037,0.0013196781839178752,Normal
2024-07-23,0.058757774,58617783.8,8,64405.56448837496,3784.327602550362,473.04095031879524,0.0008069922123510838,Normal
2024-07-24,0.05908064,59053132.12,7,35460.1811455204,2095.0101965932786,299.28717094189693,0.0005068099865282758,Normal
2024-07-25,0.056386578,56189608.08,8,43881.508679650324,2474.32811192278,309.2910139903475,0.0005504416644978092,Normal
2024-07-26,0.047974757,47974757.06,9,26077.565478003202,1251.0648669587924,139.00720743986582,0.0002897507271709899,Retail Orders
2024-07-27,0.05204114,52062136.74,11,361858.803403566,18831.54464815745,1711.95860437795,0.0032882987744577725,Normal
2024-07-28,0.052009207,51986982.81,5,10737.543559185879,558.4511256412152,111.69022512824304,0.0002148426761684634,Retail Orders
2024-07-29,0.05222756,52197082.27,16,99217.3502505858,5181.880113253485,323.86750707834284,0.0006204705186452232,Normal
2024-07-30,0.051765817,51774329.72,3,34992.641489512964,1811.4226756927355,603.8075585642451,0.0011662296003245006,Normal
2024-07-31,0.047187251,47213991.29,9,1716023.5283352188,80974.43295345959,8997.159217051065,0.019056129276993954,Small Whale Orders
2024-08-01,0.051706947,51688680.37,13,67365.40811702833,3483.259587140554,267.943045164658,0.0005183785758248368,Normal
2024-08-02,0.047535744,47547285.06,13,116066.95530478026,5517.329074227476,424.4099287867289,0.0008926060199886604,Normal
2024-08-03,0.04290037,42925483.23,7,25725.35687887234,1103.6273284856686,157.66104692652408,0.0003672900921854668,Retail Orders
2024-08-04,0.042005487,42013667.81,6,16540.673186484823,694.7990325061369,115.79983875102282,0.0002756242070430718,Retail Orders
2024-08-05,0.03489146,35026628.66,15,352262.61395255075,12290.956904220866,819.3971269480577,0.0023393548231600138,Normal
2024-08-06,0.032342871,32356210.13,8,50923.26942697175,1647.0047339747912,205.8755917468489,0.000636278448309264,Normal
2024-08-07,0.034223234,34230580.32,10,28472.15607061042,974.4092596890208,97.44092596890208,0.00028466045582046406,Retail Orders
2024-08-08,0.032090272,32093452.73,5,9253.383248203952,296.9435853551084,59.388717071021674,0.00018504932320824078,Retail Orders
2024-08-09,0.036867628,36872680.62,13,109200.9367393282,4025.979512957085,309.6907317659296,0.0008398921004890305,Normal
2024-08-10,0.034943116,34916553.71,5,29839.391017686707,1042.6813017003847,208.53626034007692,0.0005972418185141586,Normal
2024-08-11,0.03375382,33745398.78,6,25734.179658456247,868.6268680391936,144.77114467319893,0.00042901002775821675,Retail Orders
2024-08-12,0.029934749,29934749.3,6,71751.03633581079,2147.849263202376,357.97487720039595,0.0011958505936122737,Normal
2024-08-13,0.032012043,32006833.64,6,22846.122957370862,731.3510704946431,121.89184508244051,0.00038083068901294953,Retail Orders
2024-08-14,0.031674055,31647955.84,11,72183.58554018548,2286.3468584970396,207.8497144088218,0.0006567555751772112,Normal
2024-08-15,0.031585793,31607187.5,2,9794.603265343048,309.37031125624964,154.68515562812482,0.0004893986711982039,Retail Orders
2024-08-16,0.030671227,30671226.65,6,32436.303908112764,994.8612402067138,165.81020670111897,0.0005406050713042446,Normal
2024-08-17,0.030815938,30811141.73,3,26988.87210059418,831.6874093418401,277.22913644728004,0.0008997691123446727,Normal
2024-08-18,0.030628034,30657576.64,5,16238.798986041327,497.3624874636393,99.47249749272785,0.0003244630150021142,Retail Orders
2024-08-19,0.030708117,30821910.41,4,18074.813779848835,555.0434963048102,138.76087407620255,0.00045020205506529,Retail Orders
2024-08-20,0.030300492,30300492.11,5,36935.989112191375,1119.1786426060416,223.83572852120832,0.0007387197795620499,Normal
2024-08-21,0.029996964,29996963.86,11,82188.0321041938,2465.391440260346,224.12649456912234,0.0007471639317070617,Normal
2024-08-22,0.032182145,32171345.52,20,271466.71026423457,8736.381032396586,436.81905161982934,0.0013577891896012603,Normal
2024-08-23,0.031821322,31823652.41,5,10884.940480605239,346.37319598417406,69.27463919683481,0.00021768286777499658,Retail Orders
2024-08-24,0.033581509,33545837.69,12,95192.73693815221,3196.715752223191,266.3929793519326,0.0007941163425808389,Normal
2024-08-25,0.036075091,36059027.18,6,15212.881067145157,548.8060688694385,91.46767814490642,0.00025366097007641574,Retail Orders
2024-08-26,0.036061966,36061966.26,3,47337.98422702603,1707.1007777035488,569.0335925678496,0.0015779327961909352,Normal
2024-08-27,0.034923214,34898433.42,5,40295.81392474767,1407.259332998143,281.4518665996286,0.0008064885412258388,Normal
2024-08-28,0.033704006,33730065.8,5,14079.340192996422,474.5301663407926,94.90603326815852,0.00028136925030297015,Retail Orders
2024-08-29,0.034549592,34578856.3,8,142376.8896366056,4919.063447173751,614.8829308967189,0.0017782049399265958,Normal
2024-08-30,0.034304593,34267366.89,8,46603.42489279774,1598.711523353495,199.83894041918688,0.0005831756523945365,Normal
2024-08-31,0.034065992,34065991.68,6,21010.96244794271,715.7592786639169,119.29321311065281,0.0003501827107551645,Retail Orders
2024-09-01,0.033983539,33982070.77,13,97528.64902258884,3314.3686476764597,254.95143443665074,0.0007502527911328068,Normal
2024-09-02,0.032492164,32534369.33,5,51609.1095188858,1676.8916503815985,335.3783300763197,0.0010308431882435991,Normal
2024-09-03,0.033722188,33689842.75,10,111302.92404490855,3753.3781295921262,375.3378129592126,0.001114097847664227,Normal
2024-09-04,0.032395261,32423850.39,10,45680.53939645871,1479.8329963690626,147.98329963690625,0.0004564026105997162,Retail Orders
2024-09-05,0.030479299,30541307.69,6,86849.00585710797,2647.096817371545,441.1828028952575,0.001444544573445727,Normal
2024-09-06,0.02992887,29928870.21,7,23126.075667218836,692.1373122543557,98.87675889347939,0.0003303725072135938,Retail Orders
2024-09-07,0.028073731,28073730.84,10,66657.40451359922,1871.3220434729703,187.13220434729703,0.0006665740489349831,Normal
2024-09-08,0.02831566,28297836.7,12,13987.70103510591,396.07098669170705,33.005915557642254,0.00011663759285755668,Retail Orders
2024-09-09,0.028713731,28697246.14,5,39626.941649733526,1137.8373428831446,227.56746857662893,0.0007929940993865307,Normal
2024-09-10,0.029624784,29649511.67,8,50221.114593201964,1487.7896720628562,185.97370900785702,0.0006272403777767076,Normal
2024-09-11,0.029869898,29859567.32,5,9885.738904511967,295.2860127324042,59.05720254648084,0.0001977831825678338,Retail Orders
2024-09-12,0.027842264,27823563.19,4,49162.13290221545,1368.7850830665689,342.1962707666422,0.0012298793954960813,Normal
2024-09-13,0.029336034,29365179.81,8,14910.628807420322,437.418713655862,54.67733920698275,0.00018619786958826306,Retail Orders
2024-09-14,0.030694543,30715211.7,10,40598.20340356044,1246.143300093332,124.6143300093332,0.00040570884298783195,Retail Orders
2024-09-15,0.029868074,29866253.78,11,48477.03950243155,1447.915803159549,131.6287093781408,0.0004407272179086827,Retail Orders
2024-09-16,0.028520554,28527916.18,6,221804.3630353364,6325.983313384916,1054.3305522308194,0.003695785368894124,Normal
2024-09-17,0.028106824,28113312.84,2,7705.731299789961,216.58363343448764,108.29181671724382,0.00038519763691159426,Retail Orders
2024-09-18,0.031228073,31221734.38,5,12428.393670071886,388.1147848017427,77.62295696034855,0.0002486183375196229,Retail Orders
2024-09-19,0.031065705,31045715.18,7,752949.4319187605,23390.9049319058,3341.5578474151143,0.010763346336333666,Small Whale Orders
2024-09-20,0.033297286,33315254.75,13,5336686.5489795795,177697.17831372606,13669.013716440466,0.041029293694476304,Small Whale Orders
2024-09-21,0.031091455,31091454.72,12,82726.42525641521,2572.084928170697,214.3404106808914,0.0006893868833451978,Normal
2024-09-22,0.033896935,33642985.17,17,259060.09722204512,8781.343276629344,516.5496045076085,0.0015353857628788072,Normal
2024-09-23,0.040081178,40100972.98,15,115090.08997543997,4612.946382341625,307.529758822775,0.0007668885215731617,Normal
2024-09-24,0.047378639,47378638.61,16,191947.2066593528,9094.197411371873,568.3873382107421,0.0011996700514961083,Normal
2024-09-25,0.052828889,52829460.41,13,62939.478339232715,3325.0227149012294,255.77097806932534,0.00048414459675403176,Retail Orders
2024-09-26,0.050064024,50026912.99,11,75870.22463420918,3798.3687469724396,345.3062497247672,0.0006902409704828105,Normal
2024-09-27,0.046810861,46820337.17,8,28858.039819206544,1350.8696907093426,168.85871133866783,0.00036065248895059983,Retail Orders
2024-09-28,0.048114579,48093079.54,6,2015051.25693118,96953.34289066456,16158.890481777426,0.03359920104167533,Small Whale Orders
2024-09-29,0.049570556,49590616.73,13,73730.4137715324,3654.8576047649185,281.1428926742245,0.0005669275988337251,Normal
2024-09-30,0.05134072,51337440.9,6,16681.012955123944,856.4152154453909,142.7358692408985,0.0002780346404857483,Retail Orders
2024-10-01,0.050818384,50822216.83,6,11021.107924061449,560.0748945903975,93.34581576506626,0.00018367127919135729,Retail Orders
2024-10-02,0.05099071,50945632.44,12,76089.32194511879,3879.848549400188,323.32071245001566,0.0006346387255684753,Normal
2024-10-03,0.047412994,47503632.94,6,7405.424961796746,351.11336928111933,58.51889488018656,0.00012318825163140578,Retail Orders
2024-10-04,0.049438984,49419678.29,11,10632.785303514429,525.674102495885,47.78855477235318,9.669944529368401e-05,Retail Orders
2024-10-05,0.052894,52866773.92,14,48533.418201516244,2567.126622351,183.36618731078573,0.0003468458044900988,Retail Orders
2024-10-06,0.053974022,53978463.95,11,28824.345489260308,1555.7658575729367,141.43325977935788,0.0002620179409150413,Retail Orders
2024-10-07,0.056207438,56210599.6,4,8993.956558724654,505.52725564920934,126.38181391230233,0.00022483626720164418,Retail Orders
2024-10-08,0.0577581,57831465.37,14,148675.4457570049,8587.211263577665,613.3722331126903,0.0010606202509108069,Normal
2024-10-09,0.05914787,58804965.32,16,175988.0813885638,10409.320159520192,650.582509970012,0.0011063394161185639,Normal
2024-10-10,0.058468855,58470630.14,6,8306.315234934653,485.6607410556852,80.9434568426142,0.00013843438432048033,Retail Orders
2024-10-11,0.056411067,56382456.45,7,16472.083329854304,929.2077963499943,132.74397090714203,0.000235434883942773,Retail Orders
2024-10-12,0.058879164,58874757.42,10,68997.20737308155,4062.497888461677,406.2497888461677,0.0006900237158483187,Normal
2024-10-13,0.059179568,59146418.98,20,40564.18164066642,2400.57074576817,120.0285372884085,0.00020293458058550496,Retail Orders
2024-10-14,0.0619099,61909900.3,23,79647.0705667927,4930.942174083079,214.38879017752518,0.00034629160948192514,Retail Orders
2024-10-15,0.067499106,66812468.84,22,183244.19741765532,12368.819505379242,562.2190684263292,0.0008414882404251672,Normal
2024-10-16,0.07978949,79789489.52,59,222514.6903403662,17754.333659765747,300.92090948755504,0.00037714354521860467,Retail Orders
2024-10-17,0.107178073,107224439.1,25,122580.97024621931,13137.99217746012,525.5196870984048,0.0004901118546381883,Retail Orders
2024-10-18,0.089428961,89428961.09,25,114007.3925079493,10195.56265830509,407.8225063322036,0.0004560295695728557,Retail Orders
2024-10-19,0.104254973,104254973.1,53,100564.16080141049,10484.313869118709,197.81724281356054,0.00018974369944330316,Retail Orders
2024-10-20,0.123032533,123043764.0,52,533659.7257284103,65657.50781645157,1262.6443810856072,0.00102617502914297,Normal
2024-10-21,0.139113407,139091775.4,61,735003.8280786521,102248.88668206356,1676.211257083009,0.0012051116985620192,Normal
2024-10-22,0.152780945,152278471.1,69,335460.2164331052,51251.92887655434,742.7815779210774,0.00048777845781843905,Retail Orders
2024-10-23,0.146345653,146354271.6,53,1994896.3778617901,291944.4130855184,5508.385152556951,0.0037637337758148165,Normal
2024-10-24,0.20014285,201397887.4,135,341657.38465167815,68380.28268773312,506.5206125017269,0.0002515024457509413,Retail Orders
2024-10-25,0.254078199,254078199.2,287,3389032.6490620584,861079.311825887,3000.27634782539,0.0011808476119840943,Normal
2024-10-26,0.383526085,379716490.3,397,2743574.0745618073,1052232.223724188,2650.459001824151,0.0006980099810071775,Normal
2024-10-27,0.40724147,405633347.9,303,3116684.768732659,1269243.286745298,4188.921738433327,0.0010326867256155708,Normal
2024-10-28,0.503966123,503717897.3,281,3428562.2821842907,1727879.2408164488,6149.03644418665,0.0012207301898833386,Normal
2024-10-29,0.404822099,403184971.6,151,458896.79696235794,185771.56457067854,1230.2752620574738,0.0003051391665654717,Retail Orders
2024-10-30,0.397682696,397527930.8,109,404830.00698559644,160993.88859973082,1477.0081522911084,0.0003715482706633273,Retail Orders
2024-10-31,0.356444863,356391323.3,108,594352.1245483409,211853.76160839232,1961.6089037814104,0.0005504087152341204,Normal
2024-11-01,0.334409074,335110443.4,172,333800.035461252,111625.76075976442,648.9869811614211,0.00019366360969740555,Retail Orders
2024-11-02,0.434881959,435990159.7,153,853155.8108194625,371022.07034140127,2424.9808519045832,0.0005562008219573547,Normal
2024-11-03,0.40859721,408099831.9,91,271242.2127049786,110828.81134548079,1217.8990257745143,0.0002984316411267099,Retail Orders
2024-11-04,0.374719976,374197807.7,93,349257.1193151184,130873.6193675903,1407.2432190063473,0.0003760693382080302,Retail Orders
2024-11-05,0.344060955,344065089.1,70,137239.7837592762,47218.85106421007,674.555015203001,0.00019605447822895698,Retail Orders
2024-11-06,0.373916462,374498286.2,73,596490.2547753487,223037.525683077,3055.3085710010546,0.0008158404680574089,Normal
2024-11-07,0.388028126,387202470.9,70,215191.38615428106,83500.31030078803,1192.8615757255432,0.0003080717881145999,Retail Orders
2024-11-08,0.397205653,397155793.0,44,162849.54820145227,64684.761134112836,1470.1082075934735,0.0003701590744752082,Retail Orders
2024-11-09,0.376133814,376531214.1,97,304835.5359827373,114658.95279192121,1182.0510597105279,0.00031393175796485124,Retail Orders
2024-11-10,0.34142956,342933276.1,78,402799.98017586535,137527.81999945446,1763.1771794801853,0.0005141458418768434,Normal
2024-11-11,0.341187051,341079281.7,68,221386.02675965283,75534.04560273304,1110.7947882754859,0.00032567055458164636,Retail Orders
2024-11-12,0.395737273,384034016.8,73,156178.36897880927,61805.60184126177,846.6520800172846,0.0002204627827170347,Retail Orders
2024-11-13,0.410953563,411273283.0,65,312998.24411510234,128627.7436318451,1978.8883635668476,0.0004811614187850971,Retail Orders
2024-11-14,0.352370879,352710531.0,72,445121.7579960078,156847.94512707856,2178.4436823205356,0.0006176293279773195,Normal
2024-11-15,0.398292151,396488319.7,181,985888.4134764489,392671.61684951215,2169.4564466823877,0.0005471678076983178,Normal
2024-11-16,0.559892011,561751155.2,140,775236.5090032284,434048.7280264371,3100.348057331694,0.0005519077314986345,Normal
2024-11-17,0.529904723,529601563.9,95,3547093.4079731563,1879621.5498071415,19785.48999796991,0.0037359198587460806,Normal
2024-11-18,0.489250678,489734095.9,99,327773.067051111,160363.1952848955,1619.830255402985,0.0003307570922596621,Retail Orders
2024-11-19,0.460841008,460618783.9,109,896941.7794689239,413347.5537677726,3792.1793923648866,0.0008232793635242123,Normal
2024-11-20,0.542209509,541354387.2,130,895759.4809236046,485689.3083336825,3736.0716025667884,0.0006901341692067086,Normal
2024-11-21,0.547852596,547440688.3,92,741851.5971967949,406425.32337101037,4417.666558380547,0.0008069671569533841,Normal
2024-11-22,0.563142882,562817546.1,102,366431.4294552465,206353.2512388072,2023.071090576541,0.00035945416140545957,Retail Orders
2024-11-23,0.52677412,526738955.9,80,307431.49335273396,161946.9543711723,2024.3369296396536,0.0003843150211248034,Retail Orders
2024-11-24,0.581951809,580966964.1,82,394046.85162151,229316.27813189232,2796.539977218199,0.00048135955226824903,Retail Orders
2024-11-25,0.551620299,551680748.9,80,701243.0535390994,386819.902864911,4835.248785811387,0.0008764577693625204,Normal
2024-11-26,0.554752572,556374618.2,203,972389.4985274546,539435.5752938957,2657.3181048960378,0.0004776131077821403,Retail Orders
2024-11-27,0.723965836,724292298.4,319,863969.6124745936,625484.4827737651,1960.7664036795145,0.00027071479401492344,Retail Orders
2024-11-28,0.907600586,907489507.7,344,1069414.393539889,970601.1302536379,2821.514913528017,0.00031091432899087135,Retail Orders
2024-11-29,1.065883161,1063394417.0,720,2080240.6194310514,2217293.447079767,3079.5742320552317,0.00028959849542403905,Retail Orders
2024-11-30,1.377533017,1377532813.0,752,1199547.5350531826,1652416.334996724,2197.3621476020267,0.0001595143234967011,Retail Orders
2024-12-01,1.762822915,1764229583.0,511,1021464.2849714387,1800660.6484017423,3523.7977463830575,0.0001997357815750365,Retail Orders
2024-12-02,1.466767836,1467645115.0,327,1612164.866316376,2364671.5722421003,7231.411535908564,0.0004927220798815907,Retail Orders
2024-12-03,1.315362145,1319102257.0,326,1021843.4510812539,1344094.1936684407,4122.988324136321,0.0003125601750931066,Retail Orders
2024-12-04,1.662000813,1669721066.0,292,6901700.087309386,11470631.15619037,39282.983411610854,0.002352667413229537,Normal
2024-12-05,1.693773713,1693290705.0,253,708309.9346051541,1199716.747890959,4741.963430399048,0.00028004426035038374,Retail Orders
2024-12-06,1.743881059,1738682459.0,349,1054666.7077125134,1839213.2951377414,5269.952135065161,0.0003031003221885706,Retail Orders
2024-12-07,1.812315522,1813392897.0,247,472850.2181470295,856953.7899289477,3469.44854222246,0.0001913235983201527,Retail Orders
2024-12-08,1.671014851,1678387500.0,209,421128.47992638696,703711.9441360481,3367.042794909321,0.00020061176545400398,Retail Orders
2024-12-09,1.705382876,1698412204.0,202,1045418.6525396543,1782839.0682921202,8825.93598164416,0.0005196580642118467,Normal
2024-12-10,1.548128991,1544429105.0,226,349466.10729160876,541018.612070056,2393.8876640267968,0.00015500146016911518,Retail Orders
2024-12-11,1.562555245,1562924632.0,233,642182.1360559064,1003445.0649394601,4306.631179997683,0.00027554951095029405,Retail Orders
2024-12-12,1.922366085,1922437124.0,265,599628.687587038,1152705.8526103823,4349.833406076914,0.00022626661500513732,Retail Orders
2024-12-13,2.123439905,2118321170.0,556,1898944.0347258027,4032293.5406984757,7252.326512047618,0.0003423619899926515,Retail Orders
2024-12-14,2.461568983,2461568983.0,513,723738.2933661083,1781531.7347593668,3472.77141278629,0.00014107958935011858,Retail Orders
2024-12-15,2.457035545,2457616697.0,384,519414.2253915305,1276219.214365632,3323.4875374105,0.0001352321353231146,Retail Orders
2024-12-16,2.745440609,2759908765.0,863,3811596.987428452,10464513.154428134,12125.739460519275,0.00043935290957051895,Retail Orders
2024-12-17,2.974769022,2975635185.0,515,947940.4787187664,2819903.970792436,5475.541690859099,0.0001840125334738942,Retail Orders
2024-12-18,2.565573071,2565955167.0,432,925968.0242302303,2375638.6275721546,5499.163489750358,0.00021431253205330685,Retail Orders
2024-12-19,2.536807486,2545588553.0,462,1019438.1286400505,2586118.276247911,5597.658606597211,0.00021989644005903142,Retail Orders
2024-12-20,2.287887606,2297529217.0,524,1507639.4864779278,3449309.6954290555,6582.652090513465,0.0002865100492218665,Retail Orders
2024-12-21,2.816612195,2811267008.0,399,436434.14443931205,1229265.7335421576,3080.866500105658,0.00010958996393222204,Retail Orders
2024-12-22,2.482300625,2476485223.0,292,207285.41737337844,514544.7210993232,1762.1394558196,7.115485444669661e-05,Retail Orders
2024-12-23,2.324083208,2328427583.0,415,570896.6712465876,1326811.3671472906,3197.1358244513026,0.00013730879361650747,Retail Orders
2024-12-24,3.014801651,3016890365.0,611,1132651.4515576696,3414719.4661636087,5588.738897158116,0.00018524832595824594,Retail Orders
2024-12-25,3.038774002,3035102203.0,376,419146.8609063141,1273692.5839420175,3387.480276441536,0.00011161008921192945,Retail Orders
2024-12-26,3.159001594,3146092071.0,459,1469655.6619019452,4642644.57857937,10114.69407097902,0.0003215002562771158,Retail Orders
2024-12-27,3.013391317,3011469763.0,688,1001612.1546015391,3018249.3696779395,4386.990362903982,0.0001456760554863981,Retail Orders
2024-12-28,3.564360614,3567334805.0,731,1191164.8126840303,4245740.943113646,5808.127145162306,0.00016281418657485125,Retail Orders
2024-12-29,3.414929645,3429421506.0,997,1774132.1228299031,6058536.380398617,6076.766680439937,0.0001771950945606491,Retail Orders
2024-12-30,3.608554261,3600044109.0,727,1636024.743813936,5903684.060391212,8120.610812092451,0.00022556975876465436,Retail Orders
2024-12-31,3.499875401,3496954114.0,1004,1282087.934739415,4487148.024713373,4469.270940949575,0.00012780467787829757,Retail Orders
2025-01-01,3.937747549,3940681608.0,907,810504.9927505269,3191564.04865565,3518.8137250889195,8.929454533818099e-05,Retail Orders
2025-01-02,4.607306713,4612756012.0,1470,1620385.2794064682,7465611.975455801,5078.647602350885,0.00011010007009126163,Retail Orders
2025-01-03,4.546479727,4550120708.0,986,691060.1560974724,3141890.989834614,3186.502018087844,7.003115351391342e-05,Retail Orders
2025-01-04,4.290749264,4295168186.0,806,582605.8321328653,2499815.545426199,3101.5081208761776,7.220923574041804e-05,Retail Orders
2025-01-05,4.430900006,4436541200.0,770,1078111.094363359,4777002.454483274,6203.89929153672,0.00013983639533284893,Retail Orders
2025-01-06,4.012734745,4016416054.0,764,1327968.8625110772,5328786.794876328,6974.851825754356,0.00017365859841158665,Retail Orders
2025-01-07,3.853770958,3854112075.0,794,802526.425724003,3092753.032482707,3895.154952749001,0.00010106491137129167,Retail Orders
2025-01-08,3.733005301,3738052511.0,764,1167069.2988693016,4356675.879313456,5702.455339415518,0.0001525515043631638,Retail Orders
2025-01-09,3.618114922,3627709395.0,671,1021210.0629156076,3694855.3671315187,5506.490860106585,0.000151789745553932,Retail Orders
2025-01-10,3.120738376,3124549050.0,792,1160795.4273982993,3622538.836967194,4573.912672938376,0.0001463863296669443,Retail Orders
2025-01-11,3.157983276,3165639670.0,606,770610.4343020271,2433574.863836898,4015.800105341416,0.00012685588140046956,Retail Orders
2025-01-12,3.000792389,3000792389.0,576,462593.3437578499,1388146.5851506165,2409.9767103309314,8.031134440240449e-05,Retail Orders
2025-01-13,2.687916559,2683721991.0,757,2441891.60982449,6563600.893330414,8670.542791717851,0.0003230790231177061,Retail Orders
2025-01-14,2.653567192,2650004676.0,1013,1801583.4739916846,4780622.80023372,4719.272260842764,0.0001780854314553958,Retail Orders
2025-01-15,3.029142684,3030983482.0,991,1707193.5375131979,5171332.814330183,5218.297491755987,0.00017216515770362046,Retail Orders
2025-01-16,3.805451081,3804623423.0,804,1371362.5978558555,5218653.280453534,6490.862289121311,0.0001706045925565788,Retail Orders
2025-01-17,3.367557775,3369428628.0,702,755174.3916963742,2543093.3942380203,3622.6401627322225,0.00010751496953008683,Retail Orders
2025-01-18,3.336462403,3341136819.0,701,1381192.51251656,4608296.88931661,6573.889999025121,0.0001967560849840529,Retail Orders
2025-01-19,3.041226339,3038846104.0,483,3074680.397716664,9350799.009542912,19359.832317894226,0.0006370784059255613,Normal
2025-01-20,2.609185679,2620066434.0,493,715389.4988820625,1866584.035390064,3786.1745139757886,0.00014450681344730317,Retail Orders
2025-01-21,2.71182801,2712760671.0,412,408876.7878464918,1108803.525920944,2691.270693982874,9.920781891130837e-05,Retail Orders
2025-01-22,2.731926494,2732374068.0,553,541090.0506748429,1478218.2450784058,2673.089050774694,9.783027448841585e-05,Retail Orders
2025-01-23,2.7578205,2761389243.0,430,464144.118603644,1280026.1652395609,2976.805035440839,0.00010780099339442669,Retail Orders
2025-01-24,2.600017553,2604412115.0,383,439281.13273277984,1142138.6558069505,2982.085263203526,0.0001145012821138534,Retail Orders
2025-01-25,2.446867422,2443088158.0,379,1916568.6648922018,4689589.428150764,12373.586881664285,0.0005064732044624108,Normal
2025-01-26,2.453217317,2460479366.0,342,1358836.4902640008,3333521.2088871486,9747.138037681721,0.00039614792842289256,Retail Orders
2025-01-27,2.258533093,2269267310.0,605,5994832.799395569,13539528.264436722,22379.385561052433,0.000986194330761872,Normal
2025-01-28,2.134714035,1377576518.0,472,3710873.2717405953,7921653.255291017,16783.163676464017,0.0012183108130233108,Normal
2025-01-29,1.867667068,1206319571.0,439,1399246.6179601757,2613326.8283745977,5952.908492880632,0.0004934769057875652,Retail Orders
2025-01-30,1.942036534,1255646057.0,502,868223.3489365132,1686121.4633065388,3358.8076958297584,0.0002674963758381601,Retail Orders
2025-01-31,2.013265196,1304548593.0,465,1687679.4239568755,3397746.246257706,7306.981174747755,0.0005601156763309433,Normal
2025-02-01,1.964063231,1268414142.0,455,5320276.515677428,10449359.483194832,22965.62523779084,0.0018105778292237644,Normal
2025-02-02,1.605777822,1036967454.0,492,830895.9976682431,1334234.3654442285,2711.858466350058,0.00026151818515512043,Retail Orders
2025-02-03,1.454204035,939702541.8,544,3232214.5395215494,4700299.425357904,8640.256296613794,0.0009194671624558326,Normal
2025-02-04,1.587456675,1026582648.0,347,414059.06938325183,657300.8335367313,1894.238713362338,0.00018451887113548192,Retail Orders
2025-02-05,1.443071949,930478295.0,252,3268442.6929897587,4716597.9671675395,18716.65859987119,0.0020115094248244867,Normal
2025-02-06,1.297947841,839953839.9,331,605845.3007577821,786355.6000985589,2375.6966770349213,0.0002828365755572661,Retail Orders
2025-02-07,1.157635572,748047540.8,274,532336.5855946882,616251.7677614338,2249.094042924941,0.000300661912546313,Retail Orders
2025-02-08,1.148099231,742523352.8,238,578841.8441318531,664567.8761184025,2792.302000497489,0.0003760557819451641,Retail Orders
2025-02-09,1.248996874,810423081.2,219,4739744.388019601,5919925.924195524,27031.625224637097,0.003335495477820196,Normal
2025-02-10,1.131158702,732813290.3,242,553861.1751381991,626504.88795752,2588.8631733781817,0.0003532773228387206,Retail Orders
2025-02-11,1.190039481,769060303.3,359,1072576.4336772766,1276408.3024661369,3555.4548815212725,0.00046231158548490803,Retail Orders
2025-02-12,1.318897798,855225357.3,242,335873.6185547521,442982.9759181545,1830.5081649510516,0.00021403810695347955,Retail Orders
2025-02-13,1.393734959,901441404.0,195,528930.5381480472,737188.9818996164,3780.4563174339305,0.0004193790412398154,Retail Orders
2025-02-14,1.283531652,832932379.5,256,792047.7961106282,1016618.4162048338,3971.165688300132,0.00047676927755935944,Retail Orders
2025-02-15,1.415386855,910220075.8,188,183008.42539270068,259027.71965507677,1377.8070194418976,0.000151370757037075,Retail Orders
2025-02-16,1.296323328,840328639.0,158,407745.21325058,528569.6318170616,3345.377416563681,0.00039810346349075,Retail Orders
2025-02-17,1.248295117,809054057.7,205,1031795.4254862022,1287985.1913773636,6282.854592084701,0.0007765679601120553,Normal
2025-02-18,1.154974846,748032403.2,241,1422458.3983863883,1642903.6696177255,6817.027674762347,0.0009113278576703168,Normal
2025-02-19,1.00355803,650906407.4,229,3205244.9667856283,3216649.3245348004,14046.503600588649,0.0021579912935096803,Normal
2025-02-20,0.975887429,632995474.6,256,1397310.666430039,1363617.9137766873,5326.632475690185,0.0008414961385081259,Normal
2025-02-21,1.145973903,742924817.3,317,3200001.612891605,3667118.337931688,11568.196649626776,0.001557115387754698,Normal
2025-02-22,1.13467562,734220214.1,195,1802774.1900744303,2045563.9218427024,10490.07139406514,0.001428736391700107,Normal
2025-02-23,1.243387255,806452419.6,154,309505.0837013372,384834.67643195094,2498.9264703373437,0.00030986657236105883,Retail Orders
2025-02-24,1.175912688,763712903.5,180,1244683.5448306561,1463639.1729111853,8131.328738395474,0.0010647101418780039,Normal
2025-02-25,1.010713844,657200384.8,220,608386.4210109852,614904.5782174153,2795.02081007916,0.00042529202275646026,Retail Orders
2025-02-26,1.102865069,716249578.0,191,518991.56960668194,572377.6732246915,2996.7417446318927,0.00041839350928481704,Retail Orders
2025-02-27,1.146100831,743649995.8,143,724386.678153784,830220.1737973813,5805.735481100569,0.0007807080634559683,Normal
2025-02-28,1.063400498,689486962.9,180,319446.21334934206,339699.2623599046,1887.2181242216923,0.000273713387746159,Retail Orders
2025-03-01,1.103717923,715619897.5,129,91164.31835851108,100619.69211036662,779.997613258656,0.00010899607682563855,Retail Orders
2025-03-02,1.055494771,684456246.1,155,570148.6954459973,601788.9667357217,3882.509462811108,0.0005672399784403264,Normal
2025-03-03,1.214859467,789812533.4,141,370468.35935572564,450066.99358726124,3191.9644935266756,0.00040414204112282777,Retail Orders
2025-03-04,0.953840823,619275906.6,185,373137.2244588791,355913.5172697929,1923.8568501069888,0.0003106623121622004,Retail Orders
2025-03-05,0.890548426,577748430.4,113,193133.0860272668,171994.36577010504,1522.0740333637614,0.0002634492719106073,Retail Orders
2025-03-06,0.874452859,569205065.2,179,2287776.0913233734,2000552.3438095693,11176.270077148432,0.0019634874600459604,Normal
2025-03-07,0.788635148,512088996.6,166,320571.566164951,252814.00452708793,1522.9759308860719,0.00029740454120237423,Retail Orders
2025-03-08,0.717078362,465797946.8,97,206141.0247178264,147819.26834566047,1523.9099829449533,0.0003271611636363171,Retail Orders
2025-03-09,0.697722307,452926597.8,105,283366.21755161276,197710.93103597514,1882.961247961668,0.00041573209811651034,Retail Orders
2025-03-10,0.61633998,399187929.1,129,618853.9994900776,381424.4616686344,2956.7787726250726,0.0007406984422829013,Normal
2025-03-11,0.566152087,367088703.2,147,575865.6855128868,326027.55968480656,2217.8745556789563,0.0006041794629867968,Normal
2025-03-12,0.572979138,372399587.8,119,312448.9632263163,179026.73761840843,1504.4263665412473,0.00040398174859130367,Retail Orders
2025-03-13,0.60494432,393059983.4,193,217485.70049404388,131566.73919509305,681.6929491973733,0.00017343229481176775,Retail Orders
2025-03-14,0.579222627,376428707.3,205,895726.9119527001,518825.29501584073,2530.8550976382476,0.0006723331798446626,Normal
2025-03-15,0.677891396,440405843.1,183,215871.94822034123,146337.73633632684,799.6597614006931,0.00018157337690433858,Retail Orders
2025-03-16,0.73062971,474794544.4,121,692981.065591063,506312.5549882893,4184.401280894953,0.0008813077846508957,Normal
2025-03-17,0.72742587,472936855.0,148,1714691.8355574966,1247311.200262309,8427.778380150738,0.0017820092240751122,Normal
2025-03-18,0.751778959,489018857.5,113,809138.1316090181,608293.0222682327,5383.124090869315,0.0011008009217455003,Normal
2025-03-19,0.673769272,437458147.3,110,634653.671362869,427610.1421262875,3887.3649284207954,0.0008886255639342153,Normal
2025-03-20,0.701703294,455341609.1,91,105182.35320582328,73806.80371519765,811.063777090084,0.0001781220430729321,Retail Orders
2025-03-21,0.679414009,440547542.0,86,370070.9996842113,251431.42151008773,2923.6211803498572,0.0006636335245629079,Normal
2025-03-22,0.730264761,475145359.7,98,143220.94848068475,104589.21171244058,1067.2368542085774,0.0002246127069161352,Retail Orders
2025-03-23,0.720384705,467364301.6,83,208881.63581344436,150475.13559538554,1812.9534409082596,0.00038791012379458536,Retail Orders
2025-03-24,0.77429855,501845946.1,144,522903.69501277123,404883.572838031,2811.691478041882,0.000560269839757082,Normal
2025-03-25,0.800245781,518051695.7,94,98556.2042197668,78869.18661824278,839.0339001940721,0.00016195949306957786,Retail Orders
2025-03-26,0.810996061,527072710.5,74,92390.11851875669,74928.02219403481,1012.5408404599299,0.0001921064817602485,Retail Orders
2025-03-27,0.748561452,485154905.0,75,1108618.1429193006,829868.8067772152,11064.917423696203,0.0022806978368478423,Normal
2025-03-28,0.740492046,482285791.9,90,240718.47096072286,178250.11307169724,1980.556811907747,0.0004106604103150539,Retail Orders
2025-03-29,0.659646588,429527832.1,73,60298.186925733884,39775.493268146565,544.8697707965283,0.00012685319322210418,Retail Orders
2025-03-30,0.609678012,396513102.1,62,144133.64694000187,87875.11532869023,1417.3405698175843,0.0003574511314534401,Retail Orders
2025-03-31,0.598940528,389872914.4,72,89565.31212662041,53644.29533560283,745.0596574389282,0.00019110321079512474,Retail Orders
2025-04-01,0.577728145,375687679.7,79,1093933.5867932127,631996.2218512393,7999.952175332143,0.002129415631015739,Normal
2025-04-02,0.600592883,391988714.4,79,158085.10885602812,94944.79128721077,1201.832801103934,0.0003065988271992797,Retail Orders
2025-04-03,0.542210232,353052463.3,91,296158.85426594585,160580.36108039267,1764.6193525317876,0.0004998178842990635,Retail Orders
2025-04-04,0.56341798,368105107.2,77,96010.85474853551,54094.24184049328,702.5226213051076,0.00019084837660875238,Retail Orders
2025-04-05,0.546562675,355738474.1,52,28319.41255267473,15478.333879218479,297.6602669080477,8.367390332493914e-05,Retail Orders
2025-04-06,0.54478837,353028169.1,95,458634.4954423117,249858.73919778943,2630.0919915556783,0.0007450091017554662,Normal
2025-04-07,0.466091999,304964112.1,89,284554.65354070393,132628.64729353914,1490.2095201521252,0.0004886507825102627,Retail Orders
2025-04-08,0.472358484,307037038.7,77,179672.67993624596,84869.91471090236,1102.2066845571735,0.00035898166853873243,Retail Orders
2025-04-09,0.438658803,285222854.1,77,184287.28681903702,80839.24064415645,1049.8602681059278,0.00036808420258561877,Retail Orders
2025-04-10,0.482670059,314107611.5,62,593381.5707348434,286407.51775609946,4619.476092840314,0.0014706667153910448,Normal
2025-04-11,0.451245967,294149044.2,174,997464.011520254,450101.6124261562,2586.790876012392,0.0008794150200445872,Normal
2025-04-12,0.531591026,345748944.4,136,212876.94681950676,113163.47457152903,832.0843718494782,0.00024066143521954837,Retail Orders
2025-04-13,0.612349146,399011731.2,99,499660.841574761,305966.88962794625,3090.574642706528,0.0007745573378035377,Normal
2025-04-14,0.539647058,349856451.2,77,292174.5422763404,157671.13216192374,2047.6770410639447,0.0005852906339272742,Normal
2025-04-15,0.575974498,376339076.5,110,196953.94127054221,113440.44745242203,1031.2767950220184,0.0002740286245619297,Retail Orders
2025-04-16,0.55973631,364397374.9,73,226258.5495673347,126645.12564077202,1734.864734805096,0.00047609144694886664,Retail Orders
2025-04-17,0.539930322,351881527.0,69,394981.55830660026,213262.51996054445,3090.76115884847,0.0008783527754920962,Normal
2025-04-18,0.555836308,361944754.8,81,608919.5993235782,338459.621956857,4178.513851319222,0.001154461777910871,Normal
2025-04-19,0.584020935,380618681.0,162,474680.27014128986,277223.2151939687,1711.2544147775843,0.0004495981149116494,Retail Orders
2025-04-20,0.582044628,378788912.2,67,112678.2459647301,65583.76775623384,978.8622053169229,0.00025841891718311044,Retail Orders
2025-04-21,0.57195041,373071130.2,89,510261.24923464656,291844.1307068683,3279.1475360322283,0.0008789604101165125,Normal
2025-04-22,0.568263687,369991144.3,120,239698.9845271627,136212.2287175614,1135.1019059796783,0.00030679164176408057,Retail Orders
2025-04-23,0.690483084,449924905.9,228,533982.7052360168,368706.02511402784,1617.1316890966134,0.00035942257649902937,Retail Orders
2025-04-24,0.727803522,473075152.8,122,323593.00822590565,235512.1310813891,1930.4273039458121,0.00040805933106402884,Retail Orders
2025-04-25,0.766316349,499619853.2,0,0.0,0.0,,,Normal
2025-04-26,0.93253985,609084275.4,0,0.0,0.0,,,Normal
2025-04-27,1.115710504,727098567.0,164,228734.47731921138,255201.45897199388,1556.1064571463041,0.0002140158883226494,Retail Orders
2025-04-28,1.073553449,698288493.0,336,470304.0164048093,504896.49888993567,1502.668151458142,0.00021519302788484328,Retail Orders
2025-04-29,1.400899888,912317924.6,329,559284.8511332854,783502.0853127162,2381.465304901873,0.0002610345846209271,Retail Orders
2025-04-30,1.369615797,892680143.8,201,746489.6087655149,1022403.9604615989,5086.586867968154,0.0005698106878814788,Normal
2025-05-01,1.54378308,1002865427.0,458,641487.6587334163,990317.7935814625,2162.2659248503546,0.00021560878126177088,Retail Orders
2025-05-02,1.634117098,1065105645.0,320,2379422.2339354497,3888254.5558352745,12150.795486985233,0.0011408065992350677,Normal
2025-05-03,1.781253872,1160743576.0,217,291773.8928192602,519723.3763328203,2395.038600612075,0.0002063365802863659,Retail Orders
2025-05-04,1.705671904,1111760949.0,175,359041.72505560564,612407.3827910393,3499.4707588059387,0.00031476827477648156,Retail Orders
2025-05-05,1.654149625,1075898081.0,222,333459.22998283466,551591.4602288947,2484.6462172472734,0.00023093695036038208,Retail Orders
2025-05-06,1.662792411,1082424936.0,195,324311.6055079775,539262.8764378908,2765.45064839944,0.00025548659832421306,Retail Orders
2025-05-07,1.49724776,976163325.3,240,545125.5836837338,816188.0590891631,3400.7835795381793,0.00034838264165405226,Retail Orders
2025-05-08,1.389195413,908740088.3,394,1985062.336932887,2757639.492986227,6999.085007579256,0.0007701965719012791,Normal
2025-05-09,2.089825055,1359735503.0,414,798397.2759234101,1668510.6310684907,4030.2189156243735,0.00029639727040534395,Retail Orders
2025-05-10,1.955147566,1275672468.0,233,260408.22253949576,509136.50246448145,2185.135203710221,0.00017129280897126183,Retail Orders
2025-05-11,2.025988598,1323524529.0,193,332090.52806110255,672811.6233555928,3486.070587334678,0.0002633929716413044,Retail Orders
2025-05-12,1.941680411,1268749736.0,277,337588.2481081895,655488.4883354794,2366.3844344241134,0.00018651309768029093,Retail Orders
2025-05-13,1.992389405,1301875581.0,180,699458.6213785685,1393593.946470566,7742.188591503145,0.0005946949696649349,Normal
2025-05-14,2.043292221,1334602595.0,173,383317.45126469043,783229.5663426886,4527.338533772767,0.00033922746372097134,Retail Orders
2025-05-15,1.993560337,1301435437.0,165,496327.5466561748,989458.9111742671,5996.720673783437,0.00046077742339695004,Retail Orders
2025-05-16,1.825300617,1190311409.0,156,93769.71268018718,171157.9144110584,1097.166118019605,9.217471240919651e-05,Retail Orders
2025-05-17,1.800357643,1175388275.0,167,311641.363851414,561065.9112848372,3359.676115478067,0.00028583542876315206,Retail Orders
2025-05-18,1.689095925,1102283361.0,218,427664.7534411958,722366.7923036536,3313.609139007585,0.00030061318679449657,Retail Orders
2025-05-19,2.015668385,1311506518.0,167,191911.43028016854,386829.80273586744,2316.346124166871,0.0001766172026120934,Retail Orders
2025-05-20,1.951242486,1273531189.0,239,610845.7611449239,1191908.2015389833,4987.063604765621,0.000391593362443016,Retail Orders
2025-05-21,1.946370875,1271426554.0,217,300281.4940289037,584459.1542793445,2693.3601579693295,0.00021183765192694958,Retail Orders
2025-05-22,2.006776733,1312545728.0,202,1696042.543378649,3403578.7142304163,16849.3995753981,0.0012837190519123841,Normal
2025-05-23,2.042178141,1330418520.0,235,405887.0646449192,828893.6911325079,3527.207196308544,0.0002651201214718917,Retail Orders
2025-05-24,1.932875788,1263409740.0,145,412109.81525377056,796557.0839011661,5493.49713035287,0.00043481516379261653,Retail Orders
2025-05-25,1.997393393,1306680924.0,184,1018215.1265333119,2033776.166390296,11053.131339077696,0.0008458936788670603,Normal
2025-05-26,2.033840899,1331107901.0,212,300788.2183391609,611755.3803955273,2885.638586771355,0.00021678472380815317,Retail Orders
2025-05-27,2.122179564,1389123336.0,291,539262.6734388722,1144412.2251999802,3932.688059106461,0.0002831057514612555,Retail Orders
2025-05-28,2.449966003,1603872310.0,223,558054.5746853693,1367214.735797779,6131.007783846542,0.0003822628363629859,Retail Orders
2025-05-29,2.33141152,1526331348.0,197,570798.5742176563,1330766.3715306188,6755.159246348318,0.0004425748875039365,Retail Orders
2025-05-30,2.246000047,1472664518.0,194,286693.7938769625,643914.2745222661,3319.145744960135,0.00022538369767119865,Retail Orders
2025-05-31,1.968043982,1287964769.0,281,329136.810244495,647755.7186563544,2305.1804934389834,0.00017897853644154946,Retail Orders
2025-06-01,2.014984281,1319736336.0,214,818558.1375914068,1649381.7803313201,7707.391496875328,0.0005840099485504601,Normal
2025-06-02,2.071587061,1358743469.0,158,345777.41509704676,716308.019101068,4533.595057601697,0.0003336608536516687,Retail Orders
2025-06-03,1.984891769,1299456368.0,143,902116.2731969282,1790603.1653495377,12521.700456989774,0.0009636106886960729,Normal
2025-06-04,1.941908716,1271331911.0,191,588317.8222811124,1142459.506865831,5981.4633867321,0.0004704879453570248,Retail Orders
2025-06-05,1.787278352,1167920181.0,175,3814280.3518561698,6817180.701331475,38955.318293322714,0.0033354435454628654,Normal
2025-06-06,1.661505313,1087680767.0,196,257683.46916350967,428142.453087443,2184.400270854301,0.0002008310100838899,Retail Orders
2025-06-07,1.844455921,1207554762.0,151,226575.44431704623,417908.4198237817,2767.6054292965678,0.00022919088362607673,Retail Orders
2025-06-08,1.822524624,1193175750.0,116,74689.19375053646,136122.8947570596,1173.473230664307,9.834873283875466e-05,Retail Orders
2025-06-09,1.822844241,1193444329.0,184,290185.5719492469,528963.098648976,2874.799449179217,0.0002408825765327523,Retail Orders
2025-06-10,2.011184064,1317628277.0,219,428324.60384129506,861439.6174647257,3933.5142349987477,0.0002985298891698533,Retail Orders
2025-06-11,2.100618831,1374676841.0,277,432944.8497698661,909452.1042110466,3283.2205928196627,0.00023883581179932477,Retail Orders
2025-06-12,2.111161679,1377800255.0,763,1574083.5411532104,3323144.851627277,4355.366778017401,0.00031611017360549124,Retail Orders
2025-06-13,1.872006109,1226563538.0,330,385017.9740850119,720755.999561946,2184.1090895816546,0.0001780673419611838,Retail Orders
2025-06-14,1.893775575,1240037130.0,212,180311.99397163556,341470.4500630307,1610.7096701086355,0.00012989205170885773,Retail Orders
2025-06-15,1.818712093,1192771369.0,155,172871.46790336937,314403.42921051924,2028.4092207130275,0.00017005851024187583,Retail Orders
2025-06-16,1.8460942,1210185394.0,280,305543.0593886282,564061.269787602,2014.5045349557215,0.0001664624730180574,Retail Orders
2025-06-17,1.839594341,1207571174.0,239,378608.7499980606,696486.513949516,2914.1695144331215,0.00024132486574519055,Retail Orders
2025-06-18,1.704312528,1116648434.0,234,302051.64514453727,514790.4029228453,2199.958986849766,0.00019701446935891786,Retail Orders
2025-06-19,1.696929982,1110313237.0,148,211649.5248950453,359154.4244704577,2426.7190842598493,0.00021856166380729633,Retail Orders
2025-06-20,1.67562983,1097477795.0,157,367546.40710896935,615871.7236611132,3922.7498322363895,0.00035743318453530895,Retail Orders
2025-06-21,1.549904514,1015951390.0,177,927434.5061051146,1437434.9274516776,8121.1012850377265,0.0007993592375554235,Normal
2025-06-22,1.388444758,908545616.0,193,444187.44735803443,616729.7328536639,3195.490843801367,0.00035171495932917116,Retail Orders
2025-06-23,1.3663152,894606871.4,248,478542.61756660376,653840.0522290377,2636.4518235041846,0.0002947050718913341,Retail Orders
2025-06-24,1.69978285,1112734093.0,198,467355.8709845203,794403.4943463003,4012.1388603348496,0.0003605658248070637,Retail Orders
2025-06-25,1.592108123,1042528289.0,172,573307.0815690542,912766.8615395147,5306.7840787181085,0.0005090302234204514,Normal
2025-06-26,1.433597712,939806329.3,182,448419.81704434816,642853.6237302362,3532.1627677485503,0.0003758394317666946,Retail Orders
2025-06-27,1.444504148,946185386.7,102,171843.23709572136,248228.26879051697,2433.6104783384017,0.00025720228958788687,Retail Orders
2025-06-28,1.460256848,957077259.6,121,170639.72186807357,249177.82239866976,2059.320846269998,0.00021516767069888057,Retail Orders
2025-06-29,1.521103969,996034557.8,128,182836.34542926314,278113.0907099071,2172.7585211711494,0.0002181408771569381,Retail Orders
2025-06-30,1.628439237,1067412476.0,108,423214.84305226174,689179.6561071,6381.293112102778,0.0005978282300030731,Normal
2025-07-01,1.504062238,985103973.1,117,118539.47532095488,178290.74854258116,1523.852551645993,0.00015468951433122516,Retail Orders
2025-07-02,1.43127505,935550620.2,129,204555.2082108095,292774.76585968677,2269.5718283696647,0.0002425920927597141,Retail Orders
2025-07-03,1.607361962,1053267433.0,161,428784.9315018523,689212.5887748529,4280.823532763062,0.00040643272531175486,Retail Orders
2025-07-04,1.65448478,1082728435.0,142,167794.40901816197,277613.2958896437,1955.0232104904487,0.00018056450235284056,Retail Orders
2025-07-05,1.550159932,1016892919.0,113,119521.00812634925,185276.67782971298,1639.6166179620618,0.00016123788329398936,Retail Orders
2025-07-06,1.54269638,1010863857.0,94,105180.73724767787,162261.94259772383,1726.1908786991896,0.00017076393292189787,Retail Orders
2025-07-07,1.553383437,1016517841.0,81,227505.77562627697,353403.70367969695,4363.008687403666,0.0004292112259546329,Retail Orders
2025-07-08,1.495518242,979521599.1,116,303270.53871734726,453546.62291296007,3909.8846802841385,0.0003991626814433293,Retail Orders
2025-07-09,1.474792866,965869453.5,122,322766.88488106854,476014.29920364317,3901.756550849534,0.0004039631377419406,Retail Orders
2025-07-10,1.560912633,1022634922.0,170,267014.11828001053,416785.7104126247,2451.6806494860275,0.0002397415340257691,Retail Orders
2025-07-11,1.760734597,1151037416.0,194,696248.1883198312,1225908.273273298,6319.114810687103,0.000548992997347282,Normal
2025-07-12,1.715009297,1123889791.0,122,183842.25729800935,315291.1804475521,2584.3539380946895,0.00022994727408238283,Retail Orders
2025-07-13,1.706959266,1114835021.0,107,177658.50203675652,303255.82623532135,2834.166600330106,0.00025422296097120064,Retail Orders
2025-07-14,1.708775279,1118447683.0,171,288766.0920766509,493436.35955401877,2885.592745929934,0.000257999796484887,Retail Orders
2025-07-15,1.685946469,1103976564.0,155,421109.068715239,709967.3474643356,4580.434499769907,0.000414903237001135,Retail Orders
2025-07-16,1.676590224,1097609783.0,176,535706.3805940055,898160.0806383329,5103.182276354164,0.00046493593218585263,Retail Orders
2025-07-17,1.776321687,1164326328.0,193,421227.36584002955,748235.3050995275,3876.8668658006604,0.00033297081518890643,Retail Orders
2025-07-18,1.817074613,1190465114.0,173,376842.3585324365,684750.6827923342,3958.096432325631,0.00033248319381878427,Retail Orders
2025-07-19,1.738706852,1138758193.0,112,280774.9270149446,488185.2894706841,4358.797227416822,0.00038276758439241565,Retail Orders
2025-07-20,1.770824137,1160370131.0,128,315402.57686814043,558522.4959901009,4363.456999922663,0.00037604009990866127,Retail Orders
2025-07-21,1.828100085,1199471791.0,166,479624.62705698906,876801.821490975,5281.9386836805725,0.0004403553900402292,Retail Orders
2025-07-22,1.923564895,1263046443.0,132,894424.6724353456,1720483.901118505,13033.968947867463,0.0010319469264256865,Normal
2025-07-23,1.927115397,1262487571.0,137,431016.4158282036,830618.3713022856,6062.907819724713,0.0004802350501496314,Retail Orders
2025-07-24,1.707880175,1119244245.0,175,582622.5575728724,995049.5155865048,5685.997231922885,0.0005080211274102092,Normal
2025-07-25,1.540758144,1008792620.0,148,191020.2587061331,294316.0192704615,1988.6217518274427,0.00019712889571173138,Retail Orders
2025-07-26,1.567387982,1026740403.0,130,132894.20526630981,208296.78021185513,1602.282924706578,0.0001560553105755767,Retail Orders
2025-07-27,1.571756544,1028052237.0,146,278540.6572724257,437798.10083799635,2998.6171290273724,0.00029167945179300967,Retail Orders
2025-07-28,1.597095951,1046955560.0,187,651397.2144980102,1040343.8537674507,5563.3361164034795,0.0005313822600458304,Normal
2025-07-29,1.443158518,945528691.9,195,758875.0108388994,1095176.9359895,5616.291979433334,0.0005939842997410933,Normal
2025-07-30,1.376408676,901487404.6,181,400442.76826538995,551172.9004819402,3045.154146309062,0.00033779220106355573,Retail Orders
2025-07-31,1.340007693,879372606.6,135,299231.5912268002,400972.6342325436,2970.167660981804,0.0003377598572766144,Retail Orders
2025-08-01,1.254466898,821864615.0,161,336698.6056173817,422377.25534976216,2623.4612133525598,0.0003192084396226938,Retail Orders
2025-08-02,1.216359401,797035116.6,126,165050.27655487746,200760.45552517512,1593.336948612501,0.00019990799845926146,Retail Orders
2025-08-03,1.154019064,757282715.9,120,136485.4874463027,157506.854472366,1312.55712060305,0.00017332458447082459,Retail Orders
2025-08-04,1.220720872,799853322.3,127,312345.33502937,381286.4697421847,3002.255667261297,0.00037535077789365546,Retail Orders
2025-08-05,1.257130705,824112529.9,147,199789.3206174617,251161.28947930064,1708.58020053946,0.00020732365284468901,Retail Orders
2025-08-06,1.184411239,776253530.2,99,172598.65741619765,204427.78968005517,2064.9271684854057,0.000266011952042702,Retail Orders
2025-08-07,1.232335276,807459262.9,142,245149.51649461253,302106.39707065484,2127.5098385257384,0.0002634820029043645,Retail Orders
2025-08-08,1.333452964,873682811.9,155,651367.847433278,868568.3868142043,5603.667011704544,0.000641384600381257,Normal
2025-08-09,1.370662972,897376048.5,163,266500.9192937713,365282.9420799327,2240.999644662164,0.0002497280430437256,Retail Orders
2025-08-10,1.420008571,930355990.6,138,139040.53538682216,197438.75196571628,1430.7155939544657,0.00015378152109621788,Retail Orders
2025-08-11,1.457909102,955872309.9,151,463135.1454561075,675208.9440165531,4471.58241070565,0.00046780122871991665,Retail Orders
2025-08-12,1.313686322,861131536.8,132,376909.8673245615,495141.3373311112,3751.070737356903,0.00043559788221158815,Retail Orders
2025-08-13,1.343171542,883834031.8,130,242612.1796243063,325869.7754139605,2506.6905801073885,0.0002836155307351437,Retail Orders
2025-08-14,1.376991003,904965794.3,165,760412.9732950527,1047081.8227917668,6345.950441162223,0.0007012364976812055,Normal
2025-08-15,1.193319952,783262055.6,138,147991.59002160886,176601.31710098998,1279.7196891376086,0.00016338333766944814,Retail Orders
2025-08-16,1.195652432,783218230.0,84,63746.06358491247,76218.13595572722,907.358761377705,0.00011585005642395544,Retail Orders
2025-08-17,1.211445127,794069492.7,148,257857.2907485053,312379.95833869895,2110.675394180398,0.0002658048714355801,Retail Orders
2025-08-18,1.309956785,859217508.8,123,193626.67698697434,253642.57927609037,2062.1347908625235,0.00024000148620604127,Retail Orders
2025-08-19,1.212426158,794751919.0,110,256269.49176328673,310707.8353111744,2824.61668464704,0.00035540860199508874,Retail Orders
2025-08-20,1.166596644,764732716.6,142,295584.5854531385,344827.9854077626,2428.366094420863,0.000317544423261682,Retail Orders
2025-08-21,1.258011529,825521948.9,87,186537.85091226015,234666.76704250646,2697.31916140812,0.0003267410593991198,Retail Orders
2025-08-22,1.181950041,774520610.3,114,407283.091611734,481388.2668290957,4222.704094992067,0.0005452022888527731,Normal
2025-08-23,1.324302821,868008190.7,73,228286.39756576734,302320.32029227325,4141.374250579085,0.0004771123469744333,Retail Orders
2025-08-24,1.282174772,840230358.4,98,188929.63040147917,242240.8057840608,2471.8449569802124,0.00029418658017632185,Retail Orders
2025-08-25,1.23337889,809842018.3,117,2114702.3698201086,2608229.261569095,22292.557791188843,0.002752704513651295,Normal
2025-08-26,1.122544688,738633251.0,98,613624.6278681674,688821.066439388,7028.786392238653,0.0009515935523783579,Normal
2025-08-27,1.179410757,773318978.8,98,542073.7176622995,639327.573697897,6523.750752019358,0.0008436041182052208,Normal
2025-08-28,1.147941764,754712906.1,89,521818.3676956309,599017.0975001231,6730.529185394641,0.0008917999322649508,Normal
2025-08-29,1.213707297,795989439.3,106,220455.58228927891,267568.5488888818,2524.231593291338,0.0003171187290513765,Retail Orders
2025-08-30,1.125142132,737592119.1,79,168828.51464297675,189956.07490779203,2404.507277313823,0.0003259941660233261,Retail Orders
2025-08-31,1.144787987,753639202.8,86,370779.1018468469,424463.46162491984,4935.621646801394,0.0006549051095622482,Normal
2025-09-01,1.113459854,741578375.1,97,502606.5125852102,559632.1741225773,5769.403856933786,0.0007779897648924562,Normal
2025-09-02,1.022167327,670841535.2,109,245352.64399558236,250791.45628534703,2300.839048489422,0.0003429780250269486,Retail Orders
2025-09-03,1.062049117,696232211.0,113,256113.24897684553,272004.84992785996,2407.122565733274,0.0003457355933411811,Retail Orders
2025-09-04,1.134165542,743721568.3,92,227912.99999200387,258491.07116477707,2809.685556138881,0.0003777872897462508,Retail Orders
2025-09-05,1.060850787,695502286.0,70,159423.75581579798,169124.8168236851,2416.06881176693,0.0003473847405538118,Retail Orders
2025-09-06,1.103256476,722878482.1,76,74479.77740660615,82170.29675487673,1081.1881151957466,0.00014956706306360623,Retail Orders
2025-09-07,1.113214872,730114207.7,64,140502.99082913244,156410.01895146983,2443.906546116716,0.00033472935060604986,Retail Orders
2025-09-08,1.143615574,751644197.5,132,394316.5857705766,450946.58857373823,3416.262034649532,0.0004545052095143104,Retail Orders
2025-09-09,1.27802531,837415267.7,130,357342.2603075507,456692.45300565823,3513.018869274294,0.00041950738239141064,Retail Orders
2025-09-10,1.260485584,826311992.2,118,227859.411132362,287213.5029110714,2434.0127365345033,0.00029456340456273766,Retail Orders
2025-09-11,1.256504209,823703743.8,100,6293822.370817761,7908214.299630877,79082.14299630877,0.009600799266915845,Small Whale Orders
2025-09-12,1.282486354,840716452.9,95,223133.98766662923,286166.29429605627,3012.27678206375,0.0003582987785802318,Retail Orders
2025-09-13,1.330035907,871277566.7,96,194443.7217741455,258617.13185033127,2693.928456774284,0.0003091929093248263,Retail Orders
2025-09-14,1.35787338,889710717.6,81,82895.20949393751,112561.198301341,1389.6444234733458,0.00015619059049012244,Retail Orders
2025-09-15,1.269716138,831923231.0,88,735254.8097533213,933564.897485912,10608.692016885363,0.0012752008384395463,Normal
2025-09-16,1.227792152,804527557.5,79,743917.4189473825,913375.9687196922,11561.721123034078,0.001437082050857416,Normal
2025-09-17,1.246269742,808807214.5,72,123863.99763569955,154367.95237653187,2143.9993385629427,0.0002650816288636039,Retail Orders
2025-09-18,1.355980578,890288508.4,126,364419.566809164,494145.85483639984,3921.792498701586,0.00044050804449331994,Retail Orders
2025-09-19,1.359955726,891590105.3,95,181191.87416476678,246412.92677504604,2593.82028184259,0.0002909207119307171,Retail Orders
2025-09-20,1.259510055,825536360.9,74,58661.73111972735,73885.040189003,998.4464890405811,0.00012094518622439288,Retail Orders
2025-09-21,1.262857673,827069366.5,57,73660.51188122088,93022.74262630746,1631.9779408124116,0.0001973205642615723,Retail Orders
2025-09-22,1.225748705,798001626.9,109,303023.58865390054,371430.7713769713,3407.62175575203,0.0004270193995706038,Retail Orders
2025-09-23,1.119523587,735018536.3,96,159517.66990359442,178583.79400035396,1860.2478541703538,0.00025308856338979293,Retail Orders
2025-09-24,1.088687157,714248110.3,69,142089.64354352988,154691.17006854896,2241.9010154862167,0.0003138826667031109,Retail Orders
2025-09-25,1.089279225,714307404.1,90,153724.40131930524,167448.7967326818,1860.5421859186868,0.00026046799672514926,Retail Orders
2025-09-26,0.997376651,654064709.1,91,246014.8460939458,245369.46329346008,2696.3677284995615,0.0004122478542237498,Retail Orders
2025-09-27,1.045405129,685093512.7,51,59108.19467683588,61792.009881094724,1211.6080368842104,0.00017685294261642924,Retail Orders
2025-09-28,1.026034843,672797516.7,72,378006.8215189075,387848.16977008124,5386.780135695572,0.0008006539860784792,Normal
2025-09-29,1.060784272,692828683.9,74,75885.52336688763,80498.16966008289,1087.8131035146337,0.0001570104022528669,Retail Orders
2025-09-30,1.031471485,676946802.7,69,105264.06102940788,108576.87734713398,1573.5779325671592,0.00023245222908077105,Retail Orders
2025-10-01,1.013955154,664409687.2,102,141605.18595500477,143581.3081322055,1407.6598836490737,0.0002118662492085762,Retail Orders
2025-10-02,1.086052414,711475157.1,81,150379.44858898313,163319.96315605403,2016.2958414327659,0.0002833965207796243,Retail Orders
2025-10-03,1.158369809,757944161.4,73,178673.5810071079,206970.0819045496,2835.2066014321863,0.00037406536600206424,Retail Orders
2025-10-04,1.143377493,749695872.2,64,111597.75153870523,127598.35737876166,1993.724334043151,0.0002659377499561949,Retail Orders
2025-10-05,1.111990769,728688186.8,71,96007.00339240572,106758.90153170686,1503.6465004465754,0.00020634978413054404,Retail Orders
2025-10-06,1.088273406,714076165.8,84,158300.01294346608,172273.6942558299,2050.877312569404,0.00028720708109221757,Retail Orders
2025-10-07,1.169417314,767490617.0,84,127163.29638701802,148706.9605002925,1770.3209583368157,0.0002306635311395365,Retail Orders
2025-10-08,1.087343604,712386270.6,68,127057.21772433557,138154.8530345917,2031.689015214584,0.0002851948583320415,Retail Orders
2025-10-09,1.12828052,740072325.9,86,115724.9626298298,130570.22101296492,1518.258383871685,0.00020515000098474633,Retail Orders
2025-10-10,1.056320599,692289872.1,127,378130.86106261413,399427.41765804635,3145.097776835011,0.00045430359500921706,Retail Orders
2025-10-11,0.718300322,471922059.0,211,1422838.5210862437,1022025.3678502528,4843.722122513046,0.0010263817997355038,Normal
2025-10-12,0.713129789,467228313.1,161,408441.012923295,291271.45336493565,1809.1394618940103,0.00038720672766823607,Retail Orders
2025-10-13,0.793256694,516154425.4,93,172423.65113937386,136776.21547022904,1470.7119943035382,0.00028493643024832976,Retail Orders
2025-10-14,0.873985081,573131945.5,77,203859.1279574795,178169.83646050713,2313.893980006586,0.0004037279719224072,Retail Orders
2025-10-15,0.82386195,540721885.4,77,36705.99982253702,30240.676590495008,392.7360596168183,7.263180393120044e-05,Retail Orders
2025-10-16,0.777696613,506240977.7,99,1020800.0149592586,793872.7141841649,8018.916304890555,0.0015840116976153973,Normal
2025-10-17,0.766208964,502743318.4,74,212953.45660773737,163166.84736763343,2204.957396859911,0.0004385851221011297,Retail Orders
2025-10-18,0.750318055,492018477.8,60,169967.89799631608,127529.98263703428,2125.499710617238,0.0004319959120480898,Retail Orders
2025-10-19,0.758452085,497319036.1,58,98870.64451239943,74988.64647572316,1292.907697857296,0.00025997550948307565,Retail Orders
2025-10-20,0.798895398,524691681.9,67,232357.77471377866,185629.55690835853,2770.5904016172913,0.0005280416094237478,Normal
2025-10-21,0.79729301,524013723.3,69,121605.218470969,96954.99066642649,1405.1447922670504,0.00026815038037898855,Retail Orders
2025-10-22,0.78165546,512472151.5,46,58986.8421332844,46107.3872216398,1002.3345048182565,0.00019558809232549223,Retail Orders
2025-10-23,0.739050649,484651391.9,44,162211.3380073185,119882.3946294671,2724.599877942434,0.000562177252243322,Normal
2025-10-24,0.785288115,513678354.5,162,474083.77310147067,372292.3525309416,2298.100941549022,0.00044738130805334954,Retail Orders
2025-10-25,0.991522225,649546122.7,298,808665.952421151,801810.2644263637,2690.6384712294084,0.0004142336282518477,Retail Orders
2025-10-26,1.305326347,856035527.2,194,669369.2420278079,873745.3074903174,4503.841791187203,0.0005261279056862026,Normal
2025-10-27,1.53406125,995629499.1,235,430801.74055020686,660876.256610626,2812.2393898324513,0.00028245842377858197,Retail Orders
2025-10-28,1.443911851,949952293.5,217,703020.7281608639,1015099.9608901207,4677.8800041019385,0.00049243315018134,Retail Orders
2025-10-29,1.511909296,994742369.6,159,209365.44844900141,316541.567771254,1990.827470259459,0.00020013498279559548,Retail Orders
2025-10-30,1.488806735,986201524.2,172,518988.69520677143,772673.8648127035,4492.289911701764,0.0004555143955334969,Retail Orders
2025-10-31,1.257616324,837210827.1,143,266672.9407730036,335372.24348521454,2345.2604439525494,0.00028012782062031565,Retail Orders
2025-11-01,1.360461011,892825668.4,316,444725.224217651,605031.3281563472,1914.6561017605923,0.000214449043024466,Retail Orders
2025-11-02,1.839815337,1207445069.0,155,233746.31360765622,430050.0527425777,2774.516469306953,0.00022978407387135166,Retail Orders
2025-11-03,1.6698685,1103757555.0,168,789718.2343841126,1318725.6034736466,7849.557163533611,0.0007111667891173449,Normal
2025-11-04,1.470382737,953548256.8,159,537030.190979015,789639.9220633567,4966.288818008533,0.0005208219702141595,Normal
2025-11-05,1.366343153,896273558.7,139,597285.1932468314,816096.5341810901,5871.198087633741,0.0006550676443193995,Normal
2025-11-06,1.40267902,920130952.7,94,356703.962888206,500341.1650941452,5322.778352065375,0.0005784805235000953,Normal
2025-11-07,1.198608259,783403317.8,148,601659.8145860058,721154.4228711951,4872.665019399967,0.0006219867734392134,Normal
2025-11-08,1.513814561,991305097.8,95,77505.56062797592,117329.04623709826,1235.0425919694553,0.00012458753563462764,Retail Orders
2025-11-09,1.387495033,910541638.5,91,125548.61514649485,174198.07991579018,1914.2646144592327,0.00021023361629158847,Retail Orders
2025-11-10,1.468316656,966046121.2,127,102729.91922776548,150840.05147166274,1187.7169407217539,0.00012294619425068438,Retail Orders
2025-11-11,1.471107083,964391208.4,79,334316.5795981448,491815.4882111641,6225.5125090020765,0.000645538081929499,Normal
2025-11-12,1.337382994,879290548.2,95,236825.6740428026,316726.6290074314,3333.964515867699,0.00037916528531924674,Retail Orders
2025-11-13,1.258170201,825450520.7,94,152381.23690704937,191721.53146797093,2039.590760297563,0.00024708819113324266,Retail Orders
2025-11-14,1.249111635,824566768.8,111,147702.7378556344,184497.20837682785,1662.1370124038544,0.00020157700689572765,Retail Orders
2025-11-15,1.180040045,782999569.8,70,207618.87119544987,244998.58210832783,3499.979744404683,0.0004469963815304108,Retail Orders
2025-11-16,1.157759268,760336288.3,70,270344.95664102497,312994.3791082048,4471.348272974355,0.0005880750849037642,Normal
2025-11-17,1.113670341,732554871.4,79,114976.22906586695,128045.61623067816,1620.8305851984578,0.00022125722570117605,Retail Orders
2025-11-18,1.058761297,695523960.5,86,379039.4885930622,401312.3405570073,4666.422564616364,0.0006709218991192992,Normal
2025-11-19,1.134766755,743586843.8,75,236807.87957339248,268721.7090619294,3582.956120825725,0.00048184770221532065,Retail Orders
2025-11-20,1.139760268,747581410.7,95,297320.1391715869,338873.6815040052,3567.0913842526866,0.0004771508939625224,Retail Orders
2025-11-21,1.000941298,658506596.4,95,1415039.05218228,1416371.025612021,14909.168690652854,0.0022640879790969477,Normal
2025-11-22,0.914590895,600046642.5,71,174365.16586870197,159472.7931086796,2246.0956775870363,0.00037432018088277803,Retail Orders
2025-11-23,0.881616366,578282903.7,78,132597.2386150658,116899.8956494492,1498.7166108903743,0.00025916668144626223,Retail Orders
2025-11-24,0.882678918,579422033.3,83,180125.84294360288,158993.2841532973,1915.5817367867146,0.000330602156406936,Retail Orders
2025-11-25,0.93708492,615673363.5,56,108256.25347091089,101445.30262328825,1811.5232611301474,0.0002942344705042851,Retail Orders
2025-11-26,0.919582008,604178248.2,71,223677.4329544836,205689.7429405694,2897.0386329657663,0.00047950065094146935,Retail Orders
2025-11-27,0.977854561,642600694.2,79,87864.76291821779,85918.95917076294,1087.5817616552272,0.00016924690114273876,Retail Orders
2025-11-28,1.005594497,659663710.6,65,276099.92629384436,277644.5665031955,4271.454869279931,0.0006475200622139439,Normal
2025-11-29,0.94112215,617949049.7,44,46312.70582811074,43585.91328126911,990.5889382106616,0.00016030268817333234,Retail Orders
2025-11-30,0.938037947,616083011.7,51,65926.72103707968,61841.76605406393,1212.5836481189006,0.00019682147131000016,Retail Orders
2025-12-01,0.914209249,601996986.3,79,209216.94809242644,191268.06899364915,2421.114797387964,0.0004021805511467166,Retail Orders
2025-12-02,0.842570049,553776311.8,75,1611571.7169434514,1357862.0605120577,18104.827473494104,0.003269339458498323,Normal
2025-12-03,0.921350642,604030940.0,74,115892.26975819997,106777.41714455474,1442.93806952101,0.00023888479446450373,Retail Orders
2025-12-04,0.98805446,647552376.7,64,81150.0110031693,80180.63030073051,1252.8223484489142,0.00019347042703069645,Retail Orders
2025-12-05,0.919288259,603130559.1,58,201218.74347172846,184978.02836429287,3189.2763511084977,0.0005287870599472826,Normal
2025-12-06,0.846699376,555520627.9,52,104665.08304590135,88619.86050395286,1704.2280866144781,0.00030678034280326645,Retail Orders
2025-12-07,0.851153301,558798457.4,50,78494.10817655179,66810.51928352314,1336.2103856704628,0.0002391220605524998,Retail Orders
2025-12-08,0.827336218,542521728.0,43,40794.573869260734,33750.8284599158,784.9029874399023,0.0001446767837913954,Retail Orders
2025-12-09,0.835242175,547972856.4,52,188092.34455600622,157102.65896780806,3021.2049801501553,0.0005513420865402842,Normal
2025-12-10,0.886382969,581857202.6,63,132111.44229582653,117101.3324610469,1858.7513089055062,0.00031945145657727843,Retail Orders
2025-12-11,0.842397452,552992934.8,65,223166.53385913058,187994.91949460332,2892.229530686205,0.0005230138304989797,Normal
2025-12-12,0.840886093,551496259.0,65,133779.4513796012,112493.28019427629,1730.6658491427122,0.0003138127994341866,Retail Orders
2025-12-13,0.800398804,525194431.0,48,28053.220971772513,22453.764514154434,467.7867607115507,8.906925380394041e-05,Retail Orders
2025-12-14,0.810995167,532243228.1,44,90519.18602621443,73410.62238803384,1668.423236091678,0.0003134700730806119,Retail Orders
2025-12-15,0.764919837,499544912.7,75,316489.07379314775,242088.77073813556,3227.850276508474,0.000646158172057484,Normal
2025-12-16,0.725156543,475821086.6,51,233230.00615706283,169128.2649887244,3316.240489974988,0.0006969511405371558,Normal
2025-12-17,0.722403081,473813942.7,50,258965.15742389194,187077.22759466956,3741.544551893391,0.0007896653548378983,Normal
2025-12-18,0.679506861,446068667.5,64,261882.69783241945,177951.08995431886,2780.485780536232,0.0006233313350878276,Normal
2025-12-19,0.644305732,422530905.1,58,1294190.643805416,833854.4501045999,14376.800863872413,0.0034025442140072255,Normal
2025-12-20,0.710560489,466347859.5,38,56104.78921840855,39865.846462274305,1049.101222691429,0.0002249610888782109,Retail Orders
2025-12-21,0.725197663,475631015.6,38,148025.89809062242,107348.03535879552,2824.9482989156713,0.0005939369398255179,Normal
2025-12-22,0.710035319,465717720.9,41,53008.532434930305,37637.93023715759,917.9982984672583,0.00019711474510637596,Retail Orders
2025-12-23,0.70894424,464373586.2,38,68434.98574771336,48516.58896032348,1276.7523410611443,0.0002749407759189953,Retail Orders
2025-12-24,0.701471936,460114850.9,44,44383.985880042026,31134.120502669743,707.5936477879487,0.00015378630931035413,Retail Orders
2025-12-25,0.70112821,460168408.6,31,37253.14712150212,26119.23235816544,842.5558825214657,0.00018309728933475197,Retail Orders
2025-12-26,0.673437642,441760242.8,48,43633.53133031137,29384.462451218013,612.1763010670419,0.00013857659466748234,Retail Orders
2025-12-27,0.697394061,457304756.2,34,130449.18078744275,90974.48394347788,2675.7201159846436,0.0005851065574341919,Normal
2025-12-28,0.712030729,467116042.0,35,10484.150035764314,7465.03699291064,213.2867712260183,4.566033962627605e-05,Retail Orders
2025-12-29,0.697949438,457569346.9,46,142937.28439227524,99762.99731083467,2168.7608111051018,0.0004739742348997596,Retail Orders
2025-12-30,0.680044384,446190480.5,47,273251.68738731905,185823.27542626995,3953.686711197233,0.0008860984005680132,Normal
2025-12-31,0.679098802,445460851.5,66,230415.63822846414,156474.9838830154,2370.833089136597,0.0005322203019980977,Normal
2026-01-01,0.646376025,423920865.0,60,174163.25366911673,112574.95160771035,1876.249193461839,0.000442594207638692,Retail Orders
2026-01-02,0.697228932,457065644.9,64,145159.30102578783,101209.26442407655,1581.394756626196,0.0003459885410928631,Retail Orders
2026-01-03,0.776709033,509637627.5,96,363871.76724651764,282622.4884740438,2943.984254937956,0.0005776622635537161,Normal
2026-01-04,0.877097245,576081324.8,74,67739.54770722857,59414.17067155625,802.8941982642737,0.00013937167613322946,Retail Orders
2026-01-05,0.904975129,592609408.8,178,354238.62155069405,320577.14223462157,1800.9951810933796,0.00030390931266857397,Retail Orders
2026-01-06,1.094686916,717854269.1,128,160996.6511933398,176240.92758116487,1376.8822467278505,0.0001918052599247056,Retail Orders
2026-01-07,1.141401349,750969255.5,75,86770.02940651635,99039.42861736742,1320.5257148982323,0.00017584284645834377,Retail Orders
2026-01-08,1.046051133,686352721.0,90,288962.1318794331,302269.16544657643,3358.546282739738,0.000489332405916074,Retail Orders
2026-01-09,1.062567452,697931187.1,59,105093.50149198361,111668.93410209521,1892.693798340597,0.000271186305086179,Retail Orders
2026-01-10,1.065865014,699943689.0,48,64121.112766855826,68344.45075694036,1423.8427241029242,0.00020342246761838065,Retail Orders
2026-01-11,1.051103635,690055687.8,60,61317.95785359137,64451.52839068668,1074.192139844778,0.00015566745682068966,Retail Orders
2026-01-12,1.04426625,684726681.5,87,122320.64210416141,127735.31822770475,1468.2220485943074,0.00021442454168398101,Retail Orders
2026-01-13,0.986900076,647972484.1,86,185257.93909320305,182831.07417068546,2125.9427229149474,0.0003280915123838585,Retail Orders
2026-01-14,1.04920946,688240281.7,70,220071.91947335712,230901.5397918045,3298.5934255972074,0.0004792793321322981,Retail Orders
2026-01-15,1.023647467,671708485.9,63,190798.54407808007,195310.4463528145,3100.1658151240395,0.00046153441265078403,Retail Orders
2026-01-16,1.001489861,657121720.0,52,145136.7262658147,145352.9598139458,2795.2492271912656,0.000425377695199493,Retail Orders
2026-01-17,0.991195758,650334256.3,35,141141.35232835956,139898.70970625343,3997.105991607241,0.0006146233191448817,Normal
2026-01-18,0.948505651,622704463.4,52,155756.49584232367,147735.916486402,2841.0753170461926,0.0004562477843074655,Retail Orders
2026-01-19,0.874955851,574827923.2,59,96536.59611163242,84465.25960349661,1431.61456955079,0.00024905097887053894,Retail Orders
2026-01-20,0.873768206,573575712.4,68,202173.98619718474,176653.2012193829,2597.84119440269,0.00045292036225393875,Retail Orders
2026-01-21,0.797489414,525417696.6,74,743050.4498092425,592574.8677908091,8007.768483659583,0.0015240766604319171,Normal
2026-01-22,0.838792085,550299442.9,43,55365.26148523828,46439.94311777322,1079.9986771575168,0.00019625654561198117,Retail Orders
2026-01-23,0.838771746,549801800.2,51,97678.88258304472,81930.2868915094,1606.4762135590079,0.0002921918795054189,Retail Orders
2026-01-24,0.831926651,545596570.6,34,229721.7403305883,191111.63809511796,5620.930532209351,0.001030235678722822,Normal
2026-01-25,0.827119282,542793853.5,56,187943.8752783704,155452.00317654328,2775.9286281525588,0.0005114148972493033,Normal
2026-01-26,0.769271698,504794177.5,51,125050.38163611935,96197.71941676554,1886.2297924855989,0.0003736631436256213,Retail Orders
2026-01-27,0.805221478,528656425.8,55,1783645.8882371,1436229.9783549004,26113.27233372546,0.004939554512027169,Normal
2026-01-28,0.830357483,543554254.4,57,443826.4590158586,368534.621397211,6465.51967363528,0.00118948929592543,Normal
2026-01-29,0.856506855,562917450.6,58,188459.93945726333,161417.23003803103,2783.05569031088,0.0004943985458870547,Retail Orders
2026-01-30,0.743113429,487588730.4,70,323500.68625500065,240397.70424680674,3434.2529178115246,0.0007043339404079723,Normal
2026-01-31,0.744693275,486470869.7,94,421247.0214702179,313699.8240026519,3337.2321702409777,0.0006860086344530771,Normal
2026-02-01,0.647995726,425144830.2,76,221094.1493491445,143268.06382185133,1885.1061029190964,0.0004434032755454865,Retail Orders
2026-02-02,0.61427586,404107430.9,82,856591.9070418674,526183.7303671831,6416.874760575403,0.0015879130819950987,Normal
2026-02-03,0.645265887,423715823.8,56,274419.1543758313,177073.31905811073,3162.0235546091203,0.0007462604361223104,Normal
2026-02-04,0.635099275,417206253.1,62,207666.2454737438,131888.6819423467,2127.236805521721,0.0005098765394131914,Normal
2026-02-05,0.635580405,417755195.4,90,442018.92833142175,280938.569486551,3121.539660961678,0.0007472174362721708,Normal
2026-02-06,0.518645694,343130506.5,115,240477.00786467007,124722.36463501528,1084.5423011740459,0.00031607282961710253,Retail Orders
2026-02-07,0.595047601,390249531.8,61,64819.793023391176,38570.86233588546,632.3092186210731,0.00016202689999513615,Retail Orders
2026-02-08,0.592042108,388751454.0,52,53332.543923920435,31575.111729720444,607.2136871100086,0.00015619586264235772,Retail Orders
2026-02-09,0.580123648,379415864.6,47,273980.7091391206,158942.6884674136,3381.759329093906,0.0008913067809273429,Normal
2026-02-10,0.570498072,374425541.7,47,103503.6181187376,59048.61458176407,1256.3535017396612,0.00033554161290264917,Retail Orders
2026-02-11,0.563433146,369997299.2,56,113860.78313205627,64152.93924611821,1145.5882008235394,0.00030962069271870497,Retail Orders
2026-02-12,0.537588876,354293368.9,55,151622.18168048022,81510.39822627716,1482.0072404777666,0.0004182994576158907,Retail Orders
2026-02-13,0.582787336,382789435.2,57,310132.97258813377,180741.5689003995,3170.904717550868,0.0008283678769488851,Normal
2026-02-14,0.600708144,394144454.0,78,349424.3055534831,209902.02605752175,2691.051616122074,0.0006827577018556943,Normal
2026-02-15,0.688279625,452257915.8,54,619748.3096896693,426560.1341875894,7899.261744214618,0.0017466276361888763,Normal
2026-02-16,0.636484963,417047157.8,48,92513.48853861299,58883.44432950002,1226.7384235312504,0.0002941486113950566,Retail Orders
2026-02-17,0.660068447,432832515.3,55,116456.58641106181,76869.31813527088,1397.6239660958342,0.00032290179612017565,Retail Orders
2026-02-18,0.644464461,424770973.2,46,135215.0022773828,87141.26356180728,1894.3752948218973,0.0004459756938075771,Retail Orders
2026-02-19,0.613089783,402170731.8,39,45867.26641909862,28120.752415688363,721.0449337355991,0.00017928826657982055,Retail Orders
2026-02-20,0.632065221,414598678.1,61,44523.080816131594,28141.490915649076,461.3359166499848,0.00011127288653310947,Retail Orders
2026-02-21,0.655291994,430012979.0,28,52437.93104569671,34362.1563961691,1227.2198712917536,0.00028539135589480746,Retail Orders
2026-02-22,0.645899216,424047062.8,32,57125.61749185121,36897.39155150259,1153.0434859844559,0.00027191403670405424,Retail Orders
2026-02-23,0.623565462,409170037.7,50,94211.95773589877,58747.322951510185,1174.9464590302036,0.0002871535916057628,Retail Orders
2026-02-24,0.589557373,386974219.7,40,89175.71376750252,52574.19954416872,1314.3549886042179,0.00033964923803533106,Retail Orders
2026-02-25,0.608454441,399221166.6,91,180362.16538958237,109742.16051966789,1205.9578079084383,0.00030207762233127,Retail Orders
2026-02-26,0.689211489,451621852.3,58,843945.0509382703,581656.625191346,10028.56250329907,0.0022205662662747707,Normal
2026-02-27,0.67321484,441847159.5,53,726592.9759036688,489153.1740181122,9229.30517015306,0.0020888003853180956,Normal
2026-02-28,0.683802479,449069648.2,53,184450.14413893115,126127.46581410845,2379.7635059265745,0.0005299319416187109,Normal
2026-03-01,0.712476778,467549488.3,50,644681.8230276582,459320.82810591214,9186.416562118242,0.001964800901722694,Normal
2026-03-02,0.687163152,450795481.6,65,186133.6800999756,127904.20631085892,1967.7570201670603,0.0004365077070388853,Retail Orders
2026-03-03,0.766352741,503213216.1,67,522982.22808822955,400788.8639897018,5981.923343129877,0.0011887452776957932,Normal
2026-03-04,0.740095882,485499701.2,59,281244.22208291705,208147.69059986036,3527.9269593196673,0.0007266589352371918,Normal
2026-03-05,0.749250972,491728934.9,44,106161.99071133567,79541.97472992323,1807.7721529528005,0.0003676359117082334,Retail Orders
2026-03-06,0.716041115,470086850.8,47,49081.98470992872,35144.71905811031,747.7599799597939,0.00015906847398246645,Retail Orders
2026-03-07,0.690860992,453499988.7,40,19571.07776760054,13520.894201033654,338.02235502584136,7.453635357187416e-05,Retail Orders
2026-03-08,0.666530059,437444990.9,52,387791.223171134,258474.50685993812,4970.663593460348,0.0011362945505979385,Normal
2026-03-09,0.630133336,413955023.8,62,88403.85955144407,55706.21893442691,898.487402168176,0.00021704952241436622,Retail Orders
2026-03-10,0.659205916,432706712.9,56,145728.69846089676,96065.22015640324,1715.4503599357722,0.00039644644023172776,Retail Orders
2026-03-11,0.701366603,460182332.2,55,63106.25845108348,44260.62211787646,804.7385839613902,0.00017487385491619494,Retail Orders
2026-03-12,0.697242267,458415690.0,41,375924.7521912136,262110.626439215,6392.942108273537,0.0013945731456690624,Normal
2026-03-13,0.717655373,470880784.7,67,511218.1488669379,366878.45130947186,5475.797780738386,0.0011628841011694794,Normal
2026-03-14,0.717350372,470828996.2,35,23892.66316894896,17139.410812316233,489.6974517804638,0.00010400749650780828,Retail Orders
2026-03-15,0.720424806,473723730.7,45,241575.98418792986,174037.33154284846,3867.4962565077435,0.0008164033181941129,Normal
2026-03-16,0.749678461,491553128.4,79,532119.146329438,398918.26268888684,5049.598261884644,0.0010272741582015824,Normal
2026-03-17,0.798418076,524391588.6,63,89010.48116310817,71067.57711408306,1128.05677958862,0.000215117252853018,Retail Orders
2026-03-18,0.783103718,514364523.8,36,112401.16869641862,88021.77311371063,2445.0492531586287,0.0004753534001713803,Retail Orders
2026-03-19,0.73755814,483840077.6,39,222311.52364135554,163967.6738774842,4204.299330191902,0.000868944001300297,Normal
2026-03-20,0.705457422,462720987.2,44,493003.15279967856,347792.7332119333,7904.380300271211,0.0017082389861116745,Normal
2026-03-21,0.704301211,462023237.7,37,29674.509377813334,20899.792890624787,564.8592673141834,0.0001222577613468344,Retail Orders
2026-03-22,0.679905064,449992783.4,50,486795.65592975874,330974.83159984456,6619.496631996892,0.001471022842184738,Normal
2026-03-23,0.657882602,432491840.9,60,588402.9086902295,387100.0365934966,6451.667276558277,0.0014917431189297326,Normal
2026-03-24,0.682241359,447513368.3,55,111389.53607433116,75994.54846973122,1381.7190630860223,0.0003087548129198585,Retail Orders
2026-03-25,0.724987104,475829579.1,60,87965.87805683074,63774.12718323886,1062.9021197206478,0.00022337874028997026,Retail Orders
2026-03-26,0.722064668,473857196.8,40,228636.30038143255,165090.19432766736,4127.2548581916835,0.0008709912788205824,Normal
2026-03-27,0.684951464,449461624.2,31,523176.23895855853,358350.3308046785,11559.688090473499,0.002571896568711216,Normal
2026-03-28,0.652794019,428475558.0,42,437646.7543339969,285693.18366399547,6802.218658666558,0.0015875394830961531,Normal
2026-03-29,0.656448015,430433831.4,25,1611494.9109776374,1057862.6354938718,42314.50541975487,0.009830664397853107,Small Whale Orders
2026-03-30,0.645314136,423488801.4,36,460919.07735074905,297437.5961665158,8262.155449069884,0.0019509737735109525,Normal
2026-03-31,0.641198303,420756543.1,40,594475.2787843364,381176.53993196844,9529.413498299211,0.0022648283561057738,Normal
2026-04-01,0.655728208,430104163.8,41,711479.0215380219,466536.8638227205,11378.947898115133,0.0026456260728985608,Normal
2026-04-02,0.661507234,434216641.1,26,106191.54731899156,70246.47674116623,2701.787566967932,0.0006222211014583641,Normal
2026-04-03,0.635273428,416683778.3,28,54306.32339845012,34499.36422741002,1232.1201509789294,0.0002956966925868276,Retail Orders
2026-04-04,0.636195823,417281654.3,31,23669.47588138198,15058.421688334458,485.7555383333696,0.00011640951221501367,Retail Orders
2026-04-05,0.635351293,416954233.1,44,44637.0781483637,28360.225317304925,644.5505753932938,0.00015458544948714032,Retail Orders
2026-04-06,0.637955599,418662212.0,53,78224.29759663057,49903.628629612715,941.577898671938,0.00022490157260047583,Retail Orders
2026-04-07,0.630019738,413437489.6,53,205341.05921619147,129368.92032802742,2440.9230250571213,0.0005903971184177589,Normal
2026-04-08,0.687610838,451971642.8,41,108478.46361255132,74590.96726957892,1819.291884623876,0.00040252345774465393,Retail Orders
2026-04-09,0.657721937,431529751.1,29,39227.71905066232,25800.931358093425,889.6872882101181,0.0002061705562460623,Retail Orders
2026-04-10,0.667159966,438026200.9,40,206217.323059114,137579.94224072952,3439.498556018238,0.0007852266711331875,Normal
2026-04-11,0.679067276,445706738.7,49,87254.8620139111,59251.92146554249,1209.2228870518875,0.0002713046005494212,Retail Orders
2026-04-12,0.689249319,452299518.0,28,72510.15665916022,49977.57609790949,1784.9134320681962,0.000394630849920162,Retail Orders
2026-04-13,0.644495545,422976360.6,60,181021.91655114255,116667.81876457314,1944.463646076219,0.0004597097680158674,Retail Orders
2026-04-14,0.698386739,457633393.5,43,180971.3779360786,126388.0104891145,2939.2560578863836,0.0006422730726459505,Normal
2026-04-15,0.670263882,440215951.8,36,105113.0783906896,70453.49997111392,1957.0416658642757,0.0004445640049757678,Retail Orders
2026-04-16,0.687566513,452154722.6,49,154404.75539361528,106163.539256606,2166.6028419715512,0.00047917288788073604,Retail Orders
2026-04-17,0.737573423,484295970.5,55,139147.937278884,102631.82040217576,1866.0330982213775,0.00038530840888369064,Retail Orders
2026-04-18,0.747313931,490413972.8,28,94065.26042242808,70296.27953682345,2510.581412029409,0.0005119310523913785,Normal
2026-04-19,0.706633399,463756667.3,31,139305.91888855337,98438.21496503675,3175.4262891947337,0.000684718196653026,Normal
2026-04-20,0.672472319,441582884.5,27,99652.445676651,67013.51123819902,2481.981897711075,0.0005620647866643199,Normal
2026-04-21,0.689200005,452283478.3,34,49102.14157875378,33841.19622158781,995.3293006349355,0.0002200675789387851,Retail Orders
2026-04-22,0.681893319,447542009.9,42,38156.547506373034,26018.694820701883,619.4927338262353,0.0001384211359207723,Retail Orders
2026-04-23,0.69434827,455960198.9,44,111963.08249073559,77741.37263130954,1766.8493779843077,0.0003875007911319489,Retail Orders
2026-04-24,0.702789208,461285429.0,44,209608.82680472822,147310.8213799041,3347.973213179639,0.0007257921023947277,Normal
2026-04-25,0.702057171,460838883.3,29,13274.448925660323,9319.422059333076,321.35938135631295,6.97335648101361e-05,Retail Orders
2026-04-26,0.699927576,459110891.7,28,54713.28748088802,38295.3386814891,1367.6906671960392,0.00029789985206661986,Retail Orders
2026-04-27,0.714985731,469732342.2,40,239515.53974932007,171250.19327352717,4281.25483183818,0.0009114243255609875,Normal
2026-04-28,0.698673271,458430740.1,29,144112.32198693563,100687.42739401753,3471.9802549661217,0.0007573620072268189,Normal
2026-04-29,0.690343559,453025433.9,25,57709.116777012256,39839.11706258925,1593.5646825035699,0.0003517605333512755,Retail Orders
2026-04-30,0.688057419,451604155.3,26,124384.38995274038,85583.60231477207,3291.677012106618,0.0007288854572031034,Normal
2026-05-01,0.688701727,451348484.4,36,48498.85577764413,33401.24573158744,927.8123814329845,0.00020556452796476578,Retail Orders
2026-05-02,0.699275289,459069790.0,27,123279.75749679832,86206.48805142357,3192.8328907934656,0.0006955005448721567,Normal
2026-05-03,0.749709953,492258081.1,43,69022.82274144316,51747.09719341468,1203.420864963132,0.0002444694990631678,Retail Orders
2026-05-04,0.75421544,494923954.7,43,89267.35553721922,67326.81783414022,1565.739949631168,0.0003163597022860304,Retail Orders
2026-05-05,0.736524821,483436650.2,66,186710.87386537725,137517.19295245057,2083.5938326128876,0.0004309962498190601,Retail Orders
2026-05-06,0.804460071,528070434.6,76,215091.1893241776,173032.27343520237,2276.7404399368734,0.0004311433268672666,Retail Orders
2026-05-07,0.870790041,571466329.7,67,238097.49206801355,207332.9248799027,3094.52126686422,0.0005415054406597736,Normal
2026-05-08,0.9112902,598980028.4,71,322677.95950295165,294053.26225103677,4141.595242972348,0.0006914412912957063,Normal
2026-05-09,0.93520165,613024563.1,42,53828.39723482325,50340.405910862144,1198.5810931157653,0.00019551926060754697,Retail Orders
2026-05-10,0.931775907,611506004.2,33,59561.69991853578,55498.1569640555,1681.7623322441061,0.00027501975789170934,Retail Orders
2026-05-11,0.90832612,596772943.3,46,277830.7171339801,252360.89731112565,5486.10646328534,0.0009192954414033236,Normal
2026-05-12,0.85990058,564917271.8,47,190564.93431762134,163866.89754738452,3486.5297350507344,0.0006171752766456546,Normal
2026-05-13,0.811798285,533452587.8,40,93998.2408440496,76307.61071021641,1907.6902677554103,0.0003576119624094193,Retail Orders
2026-05-14,0.776836369,510370639.7,38,62599.27625185641,48629.39446552006,1279.72090698737,0.00025074344161717457,Retail Orders
2026-05-15,0.781044446,513277251.6,35,78541.24140734709,61344.200383153664,1752.6914395186761,0.0003414707030274856,Retail Orders
2026-05-16,0.749089938,492129647.0,36,154219.13551455326,115524.0026610103,3209.0000739169527,0.0006520639619008674,Normal
2026-05-17,0.722370214,474561392.3,31,28669.848650104097,20710.244704723307,668.0724098297841,0.0001407768142688383,Retail Orders
2026-05-18,0.696106776,455281305.4,38,67150.02785791835,46743.58940048573,1230.0944579075192,0.00027018338844965,Retail Orders
2026-05-19,0.721917687,474488847.4,31,113348.0327012839,81827.94959371124,2639.6112772164915,0.0005563062844744308,Normal
2026-05-20,0.704164067,462725944.8,25,24712.879837929875,17401.921973959,696.07687895836,0.00015042961968757105,Retail Orders
2026-05-21,0.725435517,476608083.3,28,63744.119483371345,46242.24827312926,1651.5088668974736,0.00034651297885309563,Retail Orders
2026-05-22,0.751068835,493441729.8,53,53696.391419369145,40329.68614704958,760.9374744726335,0.0001542101992024578,Retail Orders
2026-05-23,0.713432226,468364420.6,33,29422.094581015248,20990.67043051625,636.0809221368561,0.00013580897569503725,Retail Orders
2026-05-24,0.763495202,501190377.2,37,116476.48071942029,88929.23417512291,2403.4928155438624,0.0004795568560137676,Retail Orders
2026-05-25,0.739575314,485831286.7,52,76932.40390582892,56897.306775428246,1094.1789764505431,0.0002252178907379007,Retail Orders
2026-05-26,0.773936581,508175946.2,70,114151.28520539675,88345.85538862064,1262.083648408866,0.0002483556448994449,Retail Orders
2026-05-27,0.796669999,523401057.9,43,404334.9029505268,322121.4867292613,7491.197365796775,0.0014312537685447378,Normal
2026-05-28,0.74237785,487402785.9,43,682953.2480392193,507009.3639298724,11790.91544022959,0.0024191317286907594,Normal
2026-05-29,0.711695401,467524330.7,37,75330.52423413013,53612.38765234946,1448.983450063499,0.00030992685405142683,Retail Orders
2026-05-30,0.71289384,468309243.4,30,42471.957968089795,30277.99720819013,1009.2665736063376,0.0002155128449481161,Retail Orders
2026-05-31,0.715839799,469706795.2,34,247671.81787846432,177293.34432808452,5214.510127296604,0.0011101628038138727,Normal
