day,price,market_cap,buyers,total_buy_qty,total_buy_usd,avg_buy_usd,ratio_pct,bucket
2020-10-03,56.16320273,45070668.05,470,248396.66243934544,13950752.110036336,29682.45129794965,0.0658575800674196,Big Whale Orders
2020-10-04,56.16320273,45070668.05,196,179748.4342441481,10095247.752854165,51506.36608599064,0.1142791272338166,Big Whale Orders
2020-10-05,52.82558086,86139601.44,179,2614840.817145726,138130485.02216005,771678.6872746372,0.8958465959610286,Mega Whale Orders
2020-10-06,52.72514145,227116927.2,144,281822.1838221872,14859114.50577272,103188.29517897723,0.0454339958060938,Small Whale Orders
2020-10-07,41.50793637,191067037.7,147,173138.48352137432,7186621.157203499,48888.57930070408,0.0255871341751084,Small Whale Orders
2020-10-08,40.22615793,195003355.4,187,358510.087872687,14421483.414264886,77120.23216184431,0.0395481564938468,Small Whale Orders
2020-10-09,45.81571753,230709820.9,165,45793.40118998303,2098057.5336582283,12715.500203989262,0.0055114689762169,Small Whale Orders
2020-10-10,49.15233938,251925220.5,157,56074.56766374354,2756196.180395096,17555.389684045196,0.0069684923364174,Small Whale Orders
2020-10-11,51.06791213,267411768.2,105,18390.570281788136,939168.027170946,8944.457401628057,0.0033448256454212,Normal
2020-10-12,50.06787619,263383093.5,209,190469.80829321613,9536418.77955778,45628.79798831474,0.0173241180297378,Small Whale Orders
2020-10-13,51.35980771,279854065.8,232,3538361.6245493465,181729572.6452976,783317.1234711104,0.2799019986477217,Big Whale Orders
2020-10-14,51.10142496,465820519.7,292,256727.1398202417,13119122.67071951,44928.50229698463,0.0096450242951769,Small Whale Orders
2020-10-15,52.87052904,479114697.8,461,259485.05212642087,13719111.983895851,29759.46200411248,0.0062113439935702,Small Whale Orders
2020-10-16,44.37185455,410093109.9,374,88532.26687416378,3928340.8687221785,10503.585210487108,0.0025612683941577,Normal
2020-10-17,39.44189933,372197770.2,263,75035.50669759247,2959542.9013419827,11253.014833999934,0.0030233966280757,Normal
2020-10-18,41.18673187,389702732.1,286,43156.781723290034,1777486.7972092633,6214.988801430991,0.0015948024710887,Normal
2020-10-19,40.81557679,386783462.1,296,100665.155644043,4108706.390266739,13880.764831982226,0.0035887689604457,Normal
2020-10-20,36.01996184,349516717.1,347,2761642.047668408,99474241.17275552,286669.2829186038,0.0820187615909041,Big Whale Orders
2020-10-21,32.12202916,338764358.5,367,123207.32709825654,3957669.353775854,10783.840201024126,0.0031832865324951,Normal
2020-10-22,35.0364557,372534273.6,396,109627.375966251,3840954.701548798,9699.38055946666,0.0026036209945829,Normal
2020-10-23,38.11763958,407048755.6,324,86764.76931617185,3307268.205035682,10207.617916776797,0.0025077138245344,Normal
2020-10-24,41.55540876,445445648.5,269,72958.98392389003,3031840.3996715187,11270.78215491271,0.0025302261213834,Normal
2020-10-25,39.40554781,423701956.1,243,119322.62946496604,4701973.580196634,19349.685515212484,0.004566815242799,Normal
2020-10-26,37.91293837,409503425.2,206,253183.23742207524,9598920.476700217,46596.701343204935,0.0113788306704509,Small Whale Orders
2020-10-27,36.01102832,393954743.3,224,60400.2705332764,2175075.8527094782,9710.16005673874,0.0024647907461148,Normal
2020-10-28,34.87947525,384993994.6,250,111848.33270994497,3901211.15251029,15604.84461004116,0.0040532696169077,Normal
2020-10-29,32.40750684,361862194.1,253,60968.16474368206,1975826.2159531235,7809.589786375981,0.002158166814248,Normal
2020-10-30,29.18164135,327515081.0,284,66584.12947239967,1943034.185865532,6841.669668540604,0.0020889632464102,Normal
2020-10-31,31.09806869,349536003.8,220,49073.7930869496,1526100.1882968058,6936.819037712754,0.0019845792600186,Normal
2020-11-01,29.67128364,333092591.5,219,68382.84255923191,2029006.717684433,9264.870857006545,0.0027814701057398,Normal
2020-11-02,30.56016728,344380625.6,251,120970.1652551156,3696868.4860855774,14728.559705520229,0.0042768258753985,Normal
2020-11-03,29.76881619,337035164.9,239,44224.24879012594,1316503.5333740888,5508.382984828823,0.0016343644694948,Normal
2020-11-04,28.06815843,316306380.5,228,69594.6807691549,1953394.5257139143,8567.519849622431,0.0027086142986048,Normal
2020-11-05,27.66075358,311926649.6,362,2422346.826061838,67003938.64099163,185093.75315191053,0.0593388712985139,Big Whale Orders
2020-11-06,31.1130852,350826610.4,450,133802.2785602334,4163001.692798675,9251.114872885944,0.0026369478821284,Normal
2020-11-07,38.24739227,432322742.9,419,117973.0955605561,4512163.263210785,10768.886069715476,0.0024909367472731,Normal
2020-11-08,44.77800208,510037962.5,428,77580.28007530824,3473889.942579135,8116.565286399847,0.001591364934213,Normal
2020-11-09,53.65677541,615521192.2,438,98796.65396999785,5301109.8733276585,12102.99057837365,0.0019662995737181,Normal
2020-11-10,55.02023659,626825192.2,663,324885.086032019,17875254.29804419,26961.167870353227,0.0043012259567498,Normal
2020-11-11,66.90511678,786769427.9,519,184193.6995450767,12323500.97820359,23744.703233532928,0.0030180002414317,Normal
2020-11-12,54.46728894,634245658.6,335,102760.9406531972,5597109.846303885,16707.790585981747,0.0026342774852983,Normal
2020-11-13,51.7050708,601510127.2,411,149831.7671263648,7747062.127357804,18849.299579946,0.0031336628807379,Normal
2020-11-14,63.80889401,745149811.8,358,82194.94660648488,5244768.6361708045,14650.1917211475,0.001966073330376,Normal
2020-11-15,67.00948011,788489212.0,403,117023.06828031784,7841654.9663411295,19458.200909035066,0.0024677827689841,Normal
2020-11-16,64.10453491,753951060.1,459,254209.19508626583,16295962.220850533,35503.18566634103,0.0047089509578555,Normal
2020-11-17,72.68257681,849767094.8,512,81404.027592762,5916654.488154283,11555.965797176334,0.0013598980082767,Normal
2020-11-18,79.58636657,933208000.3,452,101236.1925494195,8057020.730389203,17825.26710263098,0.0019101065461184,Normal
2020-11-19,75.72282592,900453076.8,500,120898.418496261,9154769.89779568,18309.53979559136,0.0020333696743709,Normal
2020-11-20,75.82548627,890198603.8,513,91259.82034204004,6919820.254348026,13488.928371048783,0.0015152717959192,Normal
2020-11-21,74.86713357,888163811.2,420,73946.83929801422,5536187.894803755,13181.39974953275,0.0014841180853477,Normal
2020-11-22,70.21398583,830859383.4,382,135099.65397400293,9485885.189768543,24832.160182640167,0.0029887319898853,Normal
2020-11-23,68.94826031,818765341.4,444,75042.21190107388,5174029.960393422,11653.220631516717,0.0014232674543344,Normal
2020-11-24,72.10694375,847989372.6,485,102521.8856685598,7392539.843046773,15242.350191849016,0.0017974694830331,Normal
2020-11-25,66.52957038,787913191.4,422,106168.36089039304,7063335.437986643,16737.76170139015,0.0021243154555706,Normal
2020-11-26,61.8972206,727589990.4,483,166599.0305584918,10312016.946225109,21349.93156568345,0.0029343355251418,Normal
2020-11-27,64.06180487,758426191.6,372,114151.35589224038,7312741.886814629,19657.908297888785,0.0025919342601312,Normal
2020-11-28,60.94939286,725088170.4,402,102244.6463419392,6231749.117726614,15501.863476931874,0.002137928063063,Normal
2020-11-29,63.78184362,759087952.9,314,54212.10487091559,3457747.995187778,11011.936290406937,0.0014506798913534,Normal
2020-11-30,68.61749728,810942893.3,531,159635.4186300917,10953782.903641978,20628.593038873783,0.0025437787554841,Normal
2020-12-01,75.90579489,907887569.1,445,104637.38662943592,7942584.00731959,17848.503387235032,0.0019659376331067,Normal
2020-12-02,74.80793597,891295522.9,698,152302.10532810507,11393406.14348108,16322.931437651976,0.0018313714159072,Normal
2020-12-03,86.7543173,1034080776.0,599,92694.29971961273,8041630.689776583,13425.092971246382,0.0012982634705943,Normal
2020-12-04,91.34843598,1089131289.0,448,81444.37457345966,7439816.23665482,16606.73267110451,0.0015247686701161,Normal
2020-12-05,81.62929192,972429249.8,471,149058.40649971244,12167532.17729505,25833.40165030796,0.0026565841839518,Normal
2020-12-06,91.9031669,1095578241.0,486,118016.06626888608,10846050.235190898,22316.975792573863,0.0020370042921082,Normal
2020-12-07,87.89317636,1053855742.0,417,112561.7782662135,9893412.228547515,23725.209181169103,0.0022512767388963,Normal
2020-12-08,90.85392083,1089724614.0,469,116509.77904556664,10585370.241326706,22570.08580240236,0.0020711733508115,Normal
2020-12-09,80.02686599,966774600.2,417,62389.36892403018,4992825.666084034,11973.203036172745,0.0012384689289205,Normal
2020-12-10,84.40152392,1015706174.0,356,57742.070030416544,4873518.704862517,13689.659283321678,0.0013477971911315,Normal
2020-12-11,76.84185657,916928873.4,369,55116.02387252684,4235217.601121403,11477.554474583749,0.0012517387997636,Normal
2020-12-12,75.00941491,901323896.0,341,28976.19849773896,2173487.6956314207,6373.864210062818,0.0007071668950917,Normal
2020-12-13,77.88268317,935054031.1,314,136754.83046822547,10650833.133323869,33919.85074306964,0.0036275818952586,Normal
2020-12-14,83.52828425,997014828.2,380,76557.7483208732,6394737.363285857,16828.25621917331,0.001687864186489,Normal
2020-12-15,86.17848158,1034946334.0,466,176823.2693054191,15238360.856752438,32700.34518616403,0.0031596174711571,Normal
2020-12-16,87.03986623,1043764496.0,719,161703.87908016436,14074684.0040096,19575.36022810793,0.0018754575675955,Normal
2020-12-17,87.17333338,1044776384.0,687,140119.68628371807,12214700.12551157,17779.767286043043,0.0017017772949625,Normal
2020-12-18,85.04326011,1020230292.0,639,123933.56739265248,10539714.608133562,16494.076069066607,0.0016167012681747,Normal
2020-12-19,89.87814421,1071294382.0,653,192646.81008709432,17314737.778604344,26515.678068306806,0.0024751066106409,Normal
2020-12-20,89.0047632,1070203957.0,491,109565.69789912376,9751868.996354248,19861.240318440425,0.00185583693543,Normal
2020-12-21,85.7165015,1025154339.0,428,56156.76622728031,4813561.536555822,11246.639104102387,0.0010970678927304,Normal
2020-12-22,81.47343956,976746421.0,458,58524.49293370398,4768191.737813778,10410.898990859778,0.0010658753149257,Normal
2020-12-23,84.43908398,1014904789.0,514,175297.60347496567,14801969.061315363,28797.60517765635,0.0028374686462984,Normal
2020-12-24,75.90177277,913869755.6,473,109709.4592328507,8327142.445411412,17604.952315880364,0.0019264180927315,Normal
2020-12-25,80.14581872,963396040.7,366,36495.05062022285,2924925.711185604,7991.600303785803,0.0008295238890518,Normal
2020-12-26,79.69287335,957500979.3,489,41993.80535175725,3346607.0113821425,6843.777119390885,0.0007147540595095,Normal
2020-12-27,75.04723091,900431219.6,511,44097.916429779696,3309426.51695556,6476.372831615577,0.0007192523638276,Normal
2020-12-28,77.59187109,938353155.5,488,59110.351706275134,4586482.789677861,9398.530306716928,0.0010015984122426,Normal
2020-12-29,82.00171525,989182971.4,534,75041.05635008491,6153495.334878868,11523.399503518478,0.0011649411521115,Normal
2020-12-30,78.35062795,939451867.2,582,935581.5209516748,73303399.6649798,125950.85853089312,0.0134068453029195,Small Whale Orders
2020-12-31,81.41681168,980356484.4,546,156018.93147553285,12702563.96245828,23264.769162011504,0.002373092801671,Normal
2021-01-01,88.32623524,1063588346.0,543,81326.98536935827,7183306.441093978,13228.925305882094,0.0012438012653705,Normal
2021-01-02,90.03660157,1079072670.0,628,75622.46730848966,6808789.958794834,10842.022227380308,0.0010047536675523,Normal
2021-01-03,86.06359622,1031438130.0,798,119714.6759301096,10303075.530857105,12911.12221911918,0.0012517592518243,Normal
2021-01-04,93.11712095,1144026141.0,1100,823048.5233933639,76639908.90053877,69672.64445503525,0.0060901269610967,Small Whale Orders
2021-01-05,109.5848153,1307177514.0,1024,197176.6047106147,21607561.80869382,21101.13457880256,0.001614251649283,Normal
2021-01-06,120.0528296,1444937745.0,905,163739.83431154376,19657430.427336,21720.917599266293,0.0015032424527927,Normal
2021-01-07,115.0872379,1396859730.0,813,84859.62258030014,9766259.572003216,12012.619399757952,0.0008599732057389,Normal
2021-01-08,115.5043726,1395927336.0,683,128832.53302413398,14880720.897421377,21787.292675580346,0.0015607755585624,Normal
2021-01-09,111.2021531,1342654491.0,695,73887.61959729565,8216462.386653032,11822.248038349686,0.0008805130521363,Normal
2021-01-10,118.7175962,1444658077.0,828,147459.72785840242,17506064.42765571,21142.58988847308,0.0014635013104538,Normal
2021-01-11,127.574343,1549539172.0,548,108167.10909502114,13799347.877006646,25181.29174636249,0.0016250826181993,Normal
2021-01-12,115.3358623,1394265295.0,670,141173.5847466989,16282377.130742649,24302.05541901888,0.0017430008124113,Normal
2021-01-13,126.6659677,1536481878.0,857,360021.7589108105,45602504.48549391,53211.79053149815,0.0034632227879421,Normal
2021-01-14,147.5924847,1795039758.0,827,98030.5748916195,14468576.124823552,17495.255289992205,0.0009746444451729,Normal
2021-01-15,147.2404592,1772279085.0,780,136548.1278197174,20105409.043075483,25776.165439840363,0.0014544078107111,Normal
2021-01-16,165.9686823,2042273199.0,1248,232944.359684632,38661468.426075615,30978.740726022126,0.0015168754474764,Normal
2021-01-17,183.645536,2252928453.0,879,113702.13749437188,20880889.98449962,23755.278708190694,0.001054417803484,Normal
2021-01-18,186.6441773,2286519601.0,815,82423.92430124362,15383945.541043092,18876.00679882588,0.0008255344406656,Normal
2021-01-19,198.8073497,2430766370.0,850,97048.0093423668,19293857.531016786,22698.65591884328,0.0009338065640114,Normal
2021-01-20,187.0876035,2312276665.0,692,63012.50290710106,11788858.15942632,17035.922195702777,0.0007367596816405,Normal
2021-01-21,198.7413318,2421538107.0,710,89991.97281292886,17885124.528150875,25190.31623683222,0.0010402609880065,Normal
2021-01-22,160.6132361,1977005935.0,737,105965.6324681794,17019483.146097522,23092.92150081075,0.0011680754767592,Normal
2021-01-23,190.7467136,2347620823.0,904,116844.25998716128,22287658.595575,24654.48959687499,0.0010501904462309,Normal
2021-01-24,211.0459384,2589783902.0,1521,259092.83268812989,54680490.00738057,35950.355034438246,0.0013881604178122,Normal
2021-01-25,266.1120458,3294460158.0,1148,99462.54800895033,26468182.13114248,23055.90777974084,0.0006998387193651,Normal
2021-01-26,249.9188097,3082352025.0,1013,103121.72039517044,25772057.61537721,25441.32044953328,0.0008253865957939,Normal
2021-01-27,275.6091016,3397861104.0,955,191453.18246935925,52766239.61884096,55252.60693072352,0.0016260996326683,Normal
2021-01-28,287.5833398,3526891988.0,1162,68162.70139450641,19602457.31682227,16869.584610001955,0.0004783130492059,Retail Orders
2021-01-29,298.3819963,3667671069.0,1285,235256.6875400795,70196360.07113427,54627.51756508504,0.0014894333907642,Normal
2021-01-30,287.2771227,3536601210.0,1169,79565.1685774215,22857252.6960621,19552.82523187519,0.000552870512417,Normal
2021-01-31,312.7441799,3866671036.0,1141,89603.25682270761,28022897.07138677,24559.944847841165,0.0006351702697017,Normal
2021-02-01,299.3848161,3694895084.0,1112,72761.18550698199,21783594.14222579,19589.563077541177,0.000530179142633,Normal
2021-02-02,294.9756757,3631127137.0,1142,451924.654978962,133306780.4679087,116730.98114527907,0.003214731314578,Normal
2021-02-03,302.2935787,3736440116.0,1405,99920.46317527804,30205314.39861636,21498.4444118266,0.0005753723797088,Normal
2021-02-04,382.5836671,4716909694.0,2269,254614.8412991841,97411479.6823264,42931.45865241357,0.0009101607076985,Normal
2021-02-05,467.1975157,5725294383.0,1865,305150.31216802774,142565467.75998202,76442.6100589716,0.0013351734416653,Normal
2021-02-06,502.0077195,6206119655.0,1584,131796.60772828967,66162914.48351477,41769.51671939064,0.0006730375668109,Normal
2021-02-07,469.8777889,5806202409.0,1368,108377.18094035832,50924030.1474708,37225.16823645526,0.0006411276358322,Normal
2021-02-08,476.0123577,5910212930.0,1335,103602.05879131368,49315860.26782724,36940.71930174325,0.0006250319529814,Normal
2021-02-09,490.9587461,6033867106.0,1239,85912.32330388439,42179406.52381289,34043.10453899345,0.0005642004363195,Normal
2021-02-10,490.5959174,6082195942.0,1421,175435.07944652147,86067733.74520808,60568.42628093461,0.0009958315525924,Normal
2021-02-11,524.8063375,6507804462.0,1678,96188.14879052968,50480150.07766295,30083.52209634264,0.0004622683774843,Retail Orders
2021-02-12,517.0056749,6401770918.0,1355,207308.7271415869,107179788.38849606,79099.47482545834,0.0012355873997779,Normal
2021-02-13,529.2602595,6544992204.0,1342,93784.83835699291,49636587.88598763,36987.02525036336,0.0005651194699324,Normal
2021-02-14,493.7737822,6147532273.0,1201,145242.5664769946,71716971.38578056,59714.38083745259,0.0009713553046271,Normal
2021-02-15,472.3007085,5867494125.0,997,235869.40177443528,111401285.57153694,111736.49505670706,0.0019043307530658,Normal
2021-02-16,453.8451281,5607696745.0,1249,108636.8584185479,49304308.92534743,39475.02716200755,0.0007039436859206,Normal
2021-02-17,432.7086996,5368310718.0,1238,145583.3872856619,62995198.19574194,50884.6512081922,0.000947870827178,Normal
2021-02-18,449.7973708,5556451684.0,1108,169957.16500156315,76446285.9663249,68994.84292989611,0.001241706881544,Normal
2021-02-19,442.845034,5476365610.0,1247,147573.7569352191,65352305.40748484,52407.62262027653,0.0009569781558152,Normal
2021-02-20,424.6225132,5264995286.0,1331,125414.26996944676,53253722.50556978,40010.30992154003,0.0007599305934409,Normal
2021-02-21,445.050923,5468857524.0,1003,107075.5954109882,47654092.568434864,47511.557894750615,0.0008687656916686,Normal
2021-02-22,438.0971582,5439037930.0,1014,123556.41214736157,54129713.03914706,53382.35999915884,0.0009814669558511,Normal
2021-02-23,403.4143349,4993628567.0,1106,250456.90819995472,101037907.04259507,91354.34633146029,0.0018294181296375,Normal
2021-02-24,363.9309444,4493589285.0,937,248101.7806688063,90291915.34612034,96362.76984644648,0.0021444498759179,Normal
2021-02-25,367.8921457,4566911713.0,807,87247.97689538589,32097845.428027537,39774.28181911715,0.0008709229413368,Normal
2021-02-26,336.9469746,4215497367.0,850,65654.95315298611,22122237.8324034,26026.162155768703,0.0006173924424555,Normal
2021-02-27,324.9287698,4022944579.0,850,101197.21039244796,32881885.08000989,38684.570682364574,0.0009615983994485,Normal
2021-02-28,337.973544,4183297674.0,789,147957.56751326364,50005743.454076976,63378.63555649807,0.0015150400591956,Normal
2021-03-01,351.1966942,4402379408.0,874,160012.0398704683,56195699.43470706,64297.13894131243,0.0014605088063166,Normal
2021-03-02,386.5079222,4751222094.0,871,247595.2750672892,95697535.31279545,109870.87865992586,0.0023124761689981,Normal
2021-03-03,392.5819932,4878410878.0,733,100212.34235242767,39341561.10395683,53671.97967797658,0.0011001939160151,Normal
2021-03-04,397.8583434,4948726824.0,703,145837.65044859075,58022726.01282458,82535.8833752839,0.0016678205589164,Normal
2021-03-05,376.6102047,4684717662.0,589,64995.25349475756,24477875.72318904,41558.362857706335,0.0008871049624784,Normal
2021-03-06,369.6472047,4580840212.0,659,131287.6419585307,48530109.86162531,73642.04834844508,0.0016076100658462,Normal
2021-03-07,390.0044928,4846770536.0,974,753448.6244872375,293848348.64400274,301692.3497371691,0.0062246055903887,Small Whale Orders
2021-03-08,413.3315465,5128909766.0,740,190553.6758074567,78761845.5127557,106434.9263685888,0.002075195923199,Normal
2021-03-09,435.3695868,5414396039.0,732,211356.17053597045,92018048.6338758,125707.71671294508,0.0023217310999688,Normal
2021-03-10,446.2748619,5543006780.0,681,127559.32676740638,56926520.93718126,83592.54175797541,0.0015080721542609,Normal
2021-03-11,408.2442591,5097673644.0,672,112873.16304380608,46079820.81909211,68571.16193317279,0.0013451461729779,Normal
2021-03-12,404.9601962,5029592871.0,1021,634092.4611072605,256782207.45893708,251500.69290787177,0.0050004185101739,Small Whale Orders
2021-03-13,373.8286689,4639482139.0,822,186041.94937422985,69547814.29412954,84608.04658653228,0.0018236528140782,Normal
2021-03-14,415.6202889,5193069571.0,659,160891.62416129274,66869823.31550671,101471.65905236224,0.0019539822770528,Normal
2021-03-15,386.1936869,4800061931.0,627,124968.0411704181,48261868.56427476,76972.6771360044,0.0016035767505184,Normal
2021-03-16,367.2733176,4595019762.0,566,117346.8637816234,43098371.97103211,76145.53351772459,0.0016571317961988,Normal
2021-03-17,371.8840321,4616688673.0,548,97395.66437321856,36219892.37617085,66094.69411710008,0.0014316471999432,Normal
2021-03-18,383.4074586,4770219131.0,568,63877.72300255203,24491195.43756324,43118.30182669584,0.0009039061024782,Normal
2021-03-19,364.4511303,4534211108.0,529,113911.78122482749,41515277.421874695,78478.78529654951,0.0017308145436387,Normal
2021-03-20,371.7956736,4626191465.0,579,84195.74799345838,31303614.839483704,54064.965180455445,0.0011686711540041,Normal
2021-03-21,370.9534168,4637982989.0,462,43800.38485897137,16247902.420590414,35168.61995798791,0.0007582740178521,Normal
2021-03-22,367.7788054,4569557468.0,494,56571.86538367867,20805933.07005896,42117.27342117197,0.0009216926084443,Normal
2021-03-23,337.0443077,4216002632.0,521,48431.49236255451,16323558.814215023,31331.20693707298,0.0007431496057252,Normal
2021-03-24,332.583076,4118229795.0,456,100921.1427445854,33564664.08742929,73606.71948997652,0.0017873388119172,Normal
2021-03-25,308.7901564,3860696973.0,439,93679.7640218218,28927388.983813453,65893.82456449534,0.0017067857183645,Normal
2021-03-26,325.4572962,4037895917.0,476,148282.782581905,48259713.492119245,101385.95271453622,0.0025108609731045,Normal
2021-03-27,359.2179088,4475542258.0,450,33576.39559287215,12061242.609913068,26802.76135536237,0.0005988718195533,Normal
2021-03-28,350.4577724,4360735480.0,384,44823.16894321709,15708627.939748725,40907.8852597623,0.0009380960034696,Normal
2021-03-29,344.0288739,4279471924.0,421,111533.74988084944,38370830.37335289,91142.11490107577,0.0021297514394225,Normal
2021-03-30,360.7268124,4494380951.0,475,262147.8098009674,94563743.80714443,199081.5659097778,0.0044295658975121,Normal
2021-03-31,376.9783303,4683824795.0,452,74101.05517222048,27934492.05229185,61801.973567017376,0.0013194766301461,Normal
2021-04-01,381.1516576,4772072360.0,460,69568.01472354577,26515964.12782068,57643.40027787104,0.0012079322342436,Normal
2021-04-02,383.0190185,4793666899.0,497,342083.086311691,131024327.96455468,263630.43856047216,0.0054995568969439,Small Whale Orders
2021-04-03,418.771294,5246698610.0,482,64960.29373811281,27203506.2673296,56438.80968325643,0.0010757013863095,Normal
2021-04-04,379.4496618,4766982643.0,439,98396.53668405511,37336532.56705601,85049.04912769022,0.0017841275183281,Normal
2021-04-05,404.0241678,5041026014.0,488,158270.13691929088,63944960.35640855,131034.75482870603,0.0025993667651147,Normal
2021-04-06,396.3058651,4930008419.0,513,84142.01463084944,33345973.89953565,65001.89843964064,0.0013184946741495,Normal
2021-04-07,383.9257322,4798962886.0,530,133839.81664966684,51384549.604737096,96951.9803862964,0.0020202694350717,Normal
2021-04-08,350.2759946,4377197715.0,506,118759.5070513099,41598604.45060328,82210.68073241756,0.0018781578097487,Normal
2021-04-09,370.594998,4621898162.0,434,61045.75821404984,22623252.64324428,52127.31023789005,0.0011278333795077,Normal
2021-04-10,359.3009196,4491847737.0,524,57895.7914004044,20802011.09113507,39698.49444873105,0.0008837898515955,Normal
2021-04-11,367.6947665,4585664294.0,529,120926.6580287382,44464099.28750224,84053.11774575092,0.0018329540140068,Normal
2021-04-12,370.5114247,4591537317.0,697,270752.86136644206,100317028.40648204,143926.87002364712,0.0031346117887523,Normal
2021-04-13,396.94018,4945119197.0,606,117870.0895651467,46787374.56860545,77206.88872707171,0.0015612745750175,Normal
2021-04-14,399.0784763,4979026706.0,637,81146.73726147562,32383916.26302612,50838.17309737225,0.0010210464032279,Normal
2021-04-15,428.3898403,5345563350.0,697,231684.25209805605,99251179.75631116,142397.67540360283,0.0026638478693476,Normal
2021-04-16,467.734617,5839458039.0,617,121585.81844263384,56869896.22189688,92171.6308296546,0.001578427830358,Normal
2021-04-17,441.500874,5524961581.0,493,53530.18339132863,23633622.75265188,47938.38286541963,0.0008676690717683,Normal
2021-04-18,428.2501445,5356219589.0,569,112565.34127541247,48206123.66688721,84720.77973090898,0.0015817271551916,Normal
2021-04-19,381.5770397,4797410887.0,470,131522.5364467133,50185980.11117222,106778.68108760047,0.0022257564257618,Normal
2021-04-20,344.9760336,4317064683.0,481,159468.1784498991,55012699.68706319,114371.51702092138,0.0026492889363298,Normal
2021-04-21,359.4471146,4493941411.0,439,105476.0098437084,37913047.39784218,86362.29475590475,0.0019217494590497,Normal
2021-04-22,353.0981296,4430861444.0,571,168310.29391223367,59430049.97283597,104080.64793841676,0.0023489935141022,Normal
2021-04-23,364.7988447,4601431210.0,573,146389.0509939498,53402556.67932227,93198.17919602492,0.0020254172004893,Normal
2021-04-24,343.6971072,4283615292.0,483,57421.33527800443,19735546.82661143,40860.34539671103,0.0009538752341514,Normal
2021-04-25,316.4379457,4040840841.0,649,81480.69850635357,25783584.84955158,39728.17388220583,0.0009831660153279,Normal
2021-04-26,346.8641404,4319520130.0,650,93358.79650932828,32382818.69998667,49819.72107690257,0.0011533624008577,Normal
2021-04-27,404.2221338,5115672148.0,685,188572.12150765423,76225025.33101685,111277.40924236036,0.0021752255817618,Normal
2021-04-28,437.3675326,5548813383.0,701,298865.7456684727,130714173.76167904,186468.15087258065,0.0033605049945248,Normal
2021-04-29,461.4780021,5846053516.0,511,115280.86997496858,53199585.55639838,104108.77799686573,0.0017808386069667,Normal
2021-04-30,438.4332308,5579987322.0,452,178418.06385599595,78224408.169465,173062.8499324447,0.0031014918125372,Normal
2021-05-01,444.077328,5632652992.0,581,125885.44106578306,55902870.302594416,96218.36540894047,0.0017082246242685,Normal
2021-05-02,503.0253119,6365831630.0,502,142778.7650486481,71821332.82129304,143070.38410616142,0.0022474735811723,Normal
2021-05-03,483.3375811,6111352906.0,605,119850.62800112076,57928312.631377645,95749.27707665726,0.0015667443616723,Normal
2021-05-04,516.1289578,6577432871.0,556,79925.3162647722,41251770.18557227,74193.83126901487,0.0011280059063185,Normal
2021-05-05,448.6484253,5784088740.0,553,1790706.8742141095,803397819.2900454,1452798.949891583,0.0251171621874456,Small Whale Orders
2021-05-06,480.8639144,6115001075.0,570,77825.02069875879,37423244.09146617,65654.81419555469,0.0010736680728311,Normal
2021-05-07,451.5258838,5762574111.0,461,198153.91726365715,89471622.62090486,194081.6108913337,0.0033679672860233,Normal
2021-05-08,445.4162811,5671911567.0,450,51529.86665040758,22952241.56900346,51004.98126445213,0.0008992555800976,Normal
2021-05-09,465.4354435,5917684518.0,365,51000.06459274952,23737237.68225502,65033.52789658909,0.0010989691609746,Normal
2021-05-10,458.953543,5857000827.0,467,91320.86707429374,41912035.49357916,89747.39934385258,0.00153230982878,Normal
2021-05-11,434.6519819,5554840827.0,369,50773.515405238046,22068809.098916896,59807.07072877207,0.0010766657873988,Normal
2021-05-12,458.9506149,5840328256.0,769,204627.165565451,93913763.46150784,122124.52985891789,0.0020910559219587,Normal
2021-05-13,517.3578193,6952088130.0,770,131472.0603974725,68018098.46611425,88335.19281313539,0.0012706282078322,Normal
2021-05-14,511.5321886,6447362967.0,645,214564.41849885843,109756606.5904074,170165.28153551533,0.0026393004769001,Normal
2021-05-15,595.7631121,7601094196.0,513,78244.79431490084,46615362.1666697,90868.15237167584,0.0011954614694749,Normal
2021-05-16,514.6525172,6587274035.0,526,104221.8236632202,53638023.8954508,101973.42945903192,0.0015480368497988,Normal
2021-05-17,526.8701153,6623616908.0,705,196311.5689837856,103430698.985211,146710.21132654045,0.0022149561691791,Normal
2021-05-18,573.3037725,7464945017.0,922,107399.03406407894,61572271.39179247,66781.20541409162,0.0008945974184941,Normal
2021-05-19,631.2630121,7953335447.0,770,215101.1241227046,135785383.51979446,176344.653921811,0.0022172414969411,Normal
2021-05-20,419.9477895,5497935959.0,642,136193.52885723574,57194171.38780061,89087.4943735212,0.0016203807217449,Normal
2021-05-21,466.2658249,5941216230.0,586,165798.44127163105,77306146.98665126,131921.75253694755,0.0022204502820619,Normal
2021-05-22,366.4056493,4710693041.0,575,116696.61533516383,42758299.11299305,74362.25932694443,0.0015785842694424,Normal
2021-05-23,335.2411453,4294160459.0,673,175459.12224895085,58821117.096071,87401.36269847103,0.0020353539075441,Normal
2021-05-24,296.5444221,3757266519.0,703,163641.1177474457,48526860.69421434,69028.2513431214,0.0018371933690105,Normal
2021-05-25,384.7480217,4912092159.0,576,105068.46990718796,40424885.93983655,70182.09364554955,0.0014287617449717,Normal
2021-05-26,372.7377095,4782322558.0,579,156447.29737230117,58313807.28001691,100714.69305702402,0.0021059786711489,Normal
2021-05-27,413.8128698,5220889238.0,424,135490.6314138096,56067767.016362585,132235.29956689288,0.0025328118168917,Normal
2021-05-28,373.2295202,4791240507.0,447,139909.59231712244,52218390.01189722,116819.66445614593,0.002438192453196,Normal
2021-05-29,320.6875771,4100633621.0,404,118816.52408807684,38102983.22924915,94314.31492388404,0.0022999936995318,Normal
2021-05-30,298.5050305,3845428873.0,371,68651.75724073658,20492894.889024667,55236.913447505845,0.0014364305067593,Normal
2021-05-31,324.7455117,4158014582.0,393,42417.83682557568,13775002.12512868,35050.89599269384,0.000842971935318,Normal
2021-06-01,383.2289393,4901523330.0,404,34914.03223720294,13380067.540949289,33118.979061755665,0.0006756874716692,Normal
2021-06-02,373.3553108,4784889056.0,378,27242.22376715832,10171028.92147054,26907.48391923424,0.0005623429008347,Normal
2021-06-03,386.4085668,4940201738.0,343,40140.476602660216,15510624.03470287,45220.478235285336,0.0009153569152338,Normal
2021-06-04,398.308145,5119106996.0,319,143497.034406183,57156037.587327935,179172.53162171767,0.0035000739730918,Normal
2021-06-05,374.8151224,4806657664.0,298,20278.18618150266,7600570.835669909,25505.27126063728,0.0005306238355949,Normal
2021-06-06,355.8488579,4523218664.0,313,12567.817912136185,4472243.650328823,14288.318371657582,0.0003158882962121,Retail Orders
2021-06-07,365.1574471,4668864893.0,335,39672.710992750974,14486785.865649052,43244.13691238523,0.0009262237803715,Normal
2021-06-08,333.0430128,4307252225.0,418,45664.43345137594,15208220.494451344,36383.30261830465,0.0008446986783622,Normal
2021-06-09,330.9944739,4251104883.0,377,49861.96456281909,16504034.72809075,43777.28044586406,0.0010297859415543,Normal
2021-06-10,338.155608,4329736236.0,346,70618.63459461568,23880087.317472097,69017.59340309855,0.0015940369029698,Normal
2021-06-11,312.1783806,3995133120.0,394,49347.20859599602,15405131.666628435,39099.3189508336,0.0009786737456906,Normal
2021-06-12,284.9577544,3648272802.0,401,37316.629262039685,10633662.876288155,26517.862534384432,0.0007268607358486,Normal
2021-06-13,279.2015107,3604860798.0,365,54198.90920096016,15132417.327200204,41458.67760876768,0.0011500770745924,Normal
2021-06-14,317.3968463,4040040992.0,420,38573.98645655789,12243261.650530389,29150.622977453306,0.0007215427525407,Normal
2021-06-15,318.279115,4070135773.0,366,21123.40676118261,6723139.209734219,18369.232813481474,0.0004513174458537,Retail Orders
2021-06-16,313.740189,4020348867.0,334,47790.12746007847,14993683.621659108,44891.26832832068,0.0011166013152937,Normal
2021-06-17,289.4965196,3698030766.0,317,38549.02232131369,11159807.796003029,35204.44099685497,0.0009519780451944,Normal
2021-06-18,293.1898822,3736137919.0,355,147578.78232526532,43268605.80516398,121883.39663426472,0.0032622831190045,Normal
2021-06-19,264.6879584,3390084520.0,267,17405.920129687383,4607137.463200416,17255.196491387327,0.0005089901561329,Normal
2021-06-20,255.9662633,3273211788.0,275,25254.86730730333,6464394.014787767,23506.88732650097,0.0007181596807356,Normal
2021-06-21,274.1250052,3508241728.0,420,61226.88102858736,16783819.08034129,39961.4740008126,0.0011390741316902,Normal
2021-06-22,215.5763026,2785258352.0,528,123956.57668682704,26722100.485099528,50610.03879753698,0.0018170680203219,Normal
2021-06-23,204.4586066,2608819309.0,413,73279.67561417782,14982660.368174797,36277.62801010846,0.0013905764912486,Normal
2021-06-24,207.4504191,2652699327.0,434,140195.67912813963,29083652.39114169,67013.0239427228,0.00252622011325,Normal
2021-06-25,210.9602194,2709608462.0,349,60584.44413790414,12780907.6275593,36621.51182681748,0.0013515425693565,Normal
2021-06-26,190.1845595,2446964226.0,341,30519.48838492253,5804335.454651857,17021.51159721952,0.0006956175090897,Normal
2021-06-27,184.8042979,2359950198.0,417,34177.10452908812,6316075.80675304,15146.46476439578,0.0006418128983074,Normal
2021-06-28,201.7879259,2584638393.0,421,116653.8727607732,23539343.032598928,55912.92881852477,0.002163278583571,Normal
2021-06-29,227.5838095,2920550589.0,434,29790.14307492584,6779754.246541665,15621.553563460058,0.0005348838545135,Normal
2021-06-30,238.9655369,3069990636.0,349,47559.67077082972,11365122.26053856,32564.82023076951,0.0010607465654422,Normal
2021-07-01,250.6638822,3215845646.0,326,40020.89929646355,10031793.9867868,30772.374192597545,0.0009568983583174,Normal
2021-07-02,232.7305661,2985630982.0,369,35593.68227731046,8283737.825982001,22449.15399995122,0.0007519065194357,Normal
2021-07-03,234.286443,3003573175.0,368,59815.73391525082,14014015.534438578,38081.563952278746,0.0012678753515728,Normal
2021-07-04,260.0483011,3322608977.0,423,40162.41870770684,10444168.75300602,24690.706271881845,0.0007431120075458,Normal
2021-07-05,277.8909619,3571831820.0,474,85246.1607766238,23689137.61649804,49977.083579109785,0.0013992003570624,Normal
2021-07-06,311.0990352,3996949161.0,556,103949.70373061168,32338652.53991913,58163.0441365452,0.0014551859879547,Normal
2021-07-07,317.5958148,4084231062.0,468,29227.83175790389,9282637.041988803,19834.694534164108,0.0004856408521718,Retail Orders
2021-07-08,314.8281008,4040314911.0,388,78882.48431569108,24834422.72349481,64006.24413271858,0.0015841894887563,Normal
2021-07-09,294.934435,3785768526.0,415,43319.04019141928,12776276.643598536,30786.208779755507,0.0008132089579254,Normal
2021-07-10,305.0446577,3905199830.0,281,22986.54748232081,7011923.508449349,24953.46444288025,0.0006389804754979,Normal
2021-07-11,296.9753921,3811797041.0,281,20074.922375049075,5961757.943707262,21216.220440239365,0.000556593654175,Normal
2021-07-12,305.4322002,3921611746.0,313,61945.90515474134,18920274.10479317,60448.16007921141,0.0015414111338499,Normal
2021-07-13,298.4269183,3827835249.0,355,44530.25787905551,13289027.629950833,37433.880647748825,0.0009779386575618,Normal
2021-07-14,270.0665182,3473563178.0,381,46060.13431666687,12439300.102726558,32649.08163445291,0.0009399305543436,Normal
2021-07-15,279.4598986,3578577011.0,339,94803.71482110732,26493836.530809965,78152.91012038337,0.0021839102492458,Normal
2021-07-16,270.1272961,3469731054.0,307,67128.37706830626,18133206.98904281,59065.820811214384,0.0017023169776551,Normal
2021-07-17,253.5430624,3255772981.0,319,12478.874004976036,3163931.930525377,9918.281913872655,0.0003046367781707,Retail Orders
2021-07-18,253.0184569,3255040668.0,274,28642.97525389792,7247201.399766136,26449.64014513188,0.0008125747983782,Normal
2021-07-19,256.9209701,3297236398.0,324,47354.17475731623,12166280.516934616,37550.248509057456,0.0011388400459194,Normal
2021-07-20,238.9846289,3092375903.0,363,28176.91330879132,6733849.170648965,18550.548679473734,0.0005998801329902,Normal
2021-07-21,224.8084305,2889537464.0,381,37188.11292993973,8360201.301036506,21942.78556702495,0.000759387474307,Normal
2021-07-22,259.3447852,3311985015.0,379,54925.66883225052,14244685.785266347,37584.92291627004,0.0011348156089489,Normal
2021-07-23,279.380677,3588184483.0,347,102859.92497513955,28737075.4757237,82815.77946894438,0.0023080134218657,Normal
2021-07-24,289.0547493,3704342283.0,349,67905.64903659768,19628450.35832753,56241.97810409035,0.0015182716338659,Normal
2021-07-25,287.7232693,3696291583.0,232,17727.50490391999,5100615.667487644,21985.412359860533,0.0005947964836155,Normal
2021-07-26,289.8661497,3742651142.0,393,53033.269189654464,15372549.546008777,39115.90215269409,0.001045138877993,Normal
2021-07-27,303.750065,3931892475.0,376,59691.48598790883,18131292.7487739,48221.52326801569,0.0012264201926838,Normal
2021-07-28,298.7518778,3839593628.0,348,50882.40599833128,15201214.338983452,43681.65039937774,0.001137663373562,Normal
2021-07-29,296.9428536,3834383688.0,310,41320.99367825849,12269973.776409635,39580.56056906335,0.0010322535194621,Normal
2021-07-30,311.51214,4037895702.0,361,48656.00725235566,15156936.94303683,41985.974911459365,0.0010397984002078,Normal
2021-07-31,321.4482202,4156695773.0,345,21099.18280774708,6782294.761224736,19658.82539485431,0.0004729435702884,Retail Orders
2021-08-01,331.3183465,4286965586.0,382,23566.49219516073,7808011.226905809,20439.81996572201,0.0004767899241475,Retail Orders
2021-08-02,316.8675585,4083349852.0,324,34236.98497505613,10848589.83944722,33483.30197360253,0.0008199959148051,Normal
2021-08-03,321.0737445,4172762415.0,305,28943.68434977864,9293057.113809474,30469.03971740811,0.0007301887020425,Normal
2021-08-04,309.9640634,4009102609.0,355,58906.16919569773,18258795.56322638,51433.22693866586,0.0012829112136766,Normal
2021-08-05,338.8928685,4386782850.0,399,147172.11685983712,49875580.84584741,125001.45575400356,0.0028495017881727,Normal
2021-08-06,373.6787097,4839913388.0,339,175905.35369933725,65732085.59969047,193899.9575212108,0.0040062691617987,Normal
2021-08-07,370.1601647,4789305325.0,366,99821.1075529632,36949797.61234127,100955.7311812603,0.0021079410129539,Normal
2021-08-08,384.821203,4942954064.0,292,28146.14365249029,10831232.860162128,37093.26321973332,0.0007504270268236,Normal
2021-08-09,360.3643931,4667254269.0,298,39460.88206536542,14220296.816676082,47719.116834483495,0.0010224237653267,Normal
2021-08-10,374.7491954,4817712614.0,326,80605.29522390662,30206769.53013847,92658.80223968856,0.0019232945105614,Normal
2021-08-11,385.2112347,4979941755.0,430,74237.37467325549,28597070.75877125,66504.81571807268,0.0013354536858046,Normal
2021-08-12,404.0603272,5227284444.0,330,33548.97618921704,13555810.29624005,41078.21301890924,0.0007858423137095,Normal
2021-08-13,391.9745418,5063854229.0,373,72219.04483316262,28308027.007712577,75892.83380083801,0.0014987167949308,Normal
2021-08-14,426.8024277,5514781982.0,357,45819.10731411998,19555706.23671324,54777.88861824437,0.0009932920067744,Normal
2021-08-15,414.4281749,5371758425.0,310,23496.955861742776,9737800.533487916,31412.25978544489,0.0005847667988801,Normal
2021-08-16,410.3200263,5309680303.0,453,58305.573375101085,23923944.400708057,52812.23929516127,0.0009946406616104,Normal
2021-08-17,414.3326706,5427727786.0,380,66089.20161649826,27382915.40358556,72060.30369364622,0.0013276329715634,Normal
2021-08-18,382.0913753,5000982072.0,366,50018.5525021969,19111657.51607967,52217.64348655648,0.0010441477840706,Normal
2021-08-19,383.3264928,4994566804.0,333,36343.93006028377,13931591.244577069,41836.610344075285,0.0008376424219728,Normal
2021-08-20,398.0370251,5069192618.0,391,44725.806531296206,17802526.976915292,45530.759531752665,0.0008981856276299,Normal
2021-08-21,407.2783651,5275197585.0,342,30740.656763784868,12520004.428854557,36608.20008437005,0.000693968320513,Normal
2021-08-22,400.3141224,5189098292.0,267,10812.717764651354,4328483.622715296,16211.549148746428,0.0003124155341928,Retail Orders
2021-08-23,402.022265,5220179599.0,316,67369.41177777646,27084003.51461937,85708.87188170686,0.0016418759212446,Normal
2021-08-24,407.9931719,5307882621.0,320,51930.07894414546,21187117.62543931,66209.74257949783,0.0012473852062505,Normal
2021-08-25,380.8678968,5009914671.0,278,42484.657511678735,16181042.1527414,58205.18759978921,0.0011617999790836,Normal
2021-08-26,384.2365425,5051685029.0,320,52835.27372114245,20301242.896652885,63441.38405204027,0.0012558459937198,Normal
2021-08-27,356.0788476,4692873733.0,243,43885.40970550512,15626666.114390122,64307.26796045317,0.0013703174561942,Normal
2021-08-28,372.8116897,4904301687.0,276,31055.82916753105,11577976.146981796,41949.188938339845,0.0008553549845747,Normal
2021-08-29,366.1883088,4805478878.0,255,19961.009682789423,7309488.377681084,28664.660304631703,0.0005964995587819,Normal
2021-08-30,365.4602395,4802277778.0,289,23031.9848934689,8417274.715327526,29125.518046116005,0.0006064938221513,Normal
2021-08-31,358.9849582,4703683346.0,313,46858.14263095983,16821368.37370475,53742.39097030272,0.0011425597136764,Normal
2021-09-01,393.7886927,5200036199.0,406,59990.26324869904,23623487.33943405,58185.92940747303,0.001118952391498,Normal
2021-09-02,411.5706933,5403545584.0,392,62413.79185457939,25687687.585071128,65529.81526803859,0.0012127188389429,Normal
2021-09-03,400.086837,5261286017.0,366,32026.5880786809,12813416.324301347,35009.33421940259,0.0006654140091658,Normal
2021-09-04,394.773712,5185005486.0,301,25163.39661948211,9933847.490001203,33002.81558139935,0.0006365049308146,Normal
2021-09-05,398.5988418,5253363107.0,344,35170.431757824816,14018893.36427491,40752.59698917125,0.0007757430080336,Normal
2021-09-06,416.5252375,5475015995.0,360,55396.21761724946,23073922.69962652,64094.229721184754,0.0011706674424278,Normal
2021-09-07,410.4360947,5403617817.0,425,84931.65553015168,34859017.012201115,82021.21649929674,0.0015178944787926,Normal
2021-09-08,346.8548366,4587661353.0,367,122614.04146163272,42529273.31604024,115883.57851782082,0.0025259837115492,Normal
2021-09-09,331.5342413,4370472069.0,340,91012.09614714082,30173626.24526499,88745.95954489702,0.0020305806362286,Normal
2021-09-10,333.5703576,4401549365.0,353,78728.55148616976,26261511.072571658,74395.21550303586,0.0016902051830795,Normal
2021-09-11,312.052325,4109463836.0,327,31870.964347198955,9945408.52453554,30414.09334720349,0.0007400988197235,Normal
2021-09-12,327.0405612,4305527053.0,289,21285.9505689016,6961369.21972904,24087.78276722852,0.0005594618840089,Normal
2021-09-13,334.2291761,4410610973.0,292,69552.65009747687,23246524.93765128,79611.38677277835,0.0018049967965918,Normal
2021-09-14,333.2050496,4383678511.0,402,104274.7643025352,34744878.011454545,86430.0448046133,0.0019716328327393,Normal
2021-09-15,383.0647405,5049680649.0,404,98779.91459239826,37839102.3499492,93661.14443056734,0.0018547934204337,Normal
2021-09-16,411.8053296,5416142919.0,309,152935.48489607126,62979647.76516244,203817.63030796903,0.0037631508871926,Normal
2021-09-17,384.3517633,5066546958.0,275,60612.04155437993,23296345.0486388,84713.98199505018,0.0016720259912184,Normal
2021-09-18,355.6422644,4686494589.0,277,25986.546256908445,9241914.154742263,33364.31102795041,0.0007119246676665,Normal
2021-09-19,355.3920336,4675766136.0,270,15782.405284478176,5608941.109150086,20773.855959815133,0.0004442877456995,Retail Orders
2021-09-20,340.6443446,4493197006.0,361,78086.81450723812,26599831.7497199,73683.7444590579,0.001639895699224,Normal
2021-09-21,291.2945871,3825424915.0,325,61362.779064701375,17874645.390960712,54998.90889526373,0.0014377202563721,Normal
2021-09-22,267.8550886,3520600411.0,313,81686.81018249968,21880227.77888484,69904.88108269915,0.0019855954360592,Normal
2021-09-23,301.0765458,3955939823.0,310,57231.4351358651,17231042.80188302,55584.00903833232,0.0014050772136412,Normal
2021-09-24,308.4460461,4067259386.0,292,50447.27832824153,15560263.53685232,53288.573756343554,0.0013101838043516,Normal
2021-09-25,280.223305,3698600966.0,298,20585.06344919656,5768414.513368557,19357.095682444826,0.0005233626406413,Normal
2021-09-26,275.8402857,3639097640.0,360,31042.06507594624,8562652.099267,23785.144720186112,0.0006536000699389,Normal
2021-09-27,292.9438812,3857114449.0,321,66584.24180970843,19505446.2224953,60764.62997662087,0.0015753908985608,Normal
2021-09-28,273.8478301,3637202284.0,298,64059.92761189862,17542672.172881514,58868.02742577689,0.0016184974832094,Normal
2021-09-29,260.5183326,3448398761.0,275,66167.99501684948,17237975.733274736,62683.54812099904,0.0018177581093557,Normal
2021-09-30,264.8705569,3490644071.0,257,48972.00595406357,12971242.489562934,50471.76065977795,0.0014459154136938,Normal
2021-10-01,276.1764297,3640908518.0,250,72707.04418553636,20079971.877201576,80319.8875088063,0.0022060397044232,Normal
2021-10-02,302.0737479,3975562005.0,299,38374.49277649058,11591926.856755989,38768.98614299661,0.0009751825300231,Normal
2021-10-03,313.3777162,4130149242.0,255,98506.85566004536,30869853.456788067,121058.24885014928,0.0029310865481347,Normal
2021-10-04,311.1181114,4105576786.0,301,214491.33201003505,66732138.12663247,221701.4555702076,0.0054000075294221,Small Whale Orders
2021-10-05,301.4518053,3992431015.0,308,139216.21186071594,41966978.39244009,136256.4233520782,0.0034128685715582,Normal
2021-10-06,308.2725456,4073727192.0,319,86096.80411267582,26541280.971839126,83201.507748712,0.0020423927235997,Normal
2021-10-07,312.3415633,4104524295.0,283,42164.8883848197,13169847.154484598,46536.562383337805,0.0011337869881785,Normal
2021-10-08,306.656489,4037699625.0,276,33496.44915878204,10271903.492999105,37217.041641301104,0.0009217387398227,Normal
2021-10-09,306.5313836,4051881807.0,279,44828.061623246,13741207.753479658,49251.64069347548,0.0012155251075781,Normal
2021-10-10,307.9849135,4062459586.0,253,22344.10632027789,6881647.652285588,27200.188348954893,0.0006695497585426,Normal
2021-10-11,289.2143124,3821222086.0,243,31210.4354288936,9026504.62227206,37146.10955667514,0.0009721002527638,Normal
2021-10-12,290.8120316,3810622301.0,285,47644.76250646104,13855670.179603444,48616.38659509981,0.0012758122625362,Normal
2021-10-13,283.4102731,3747497250.0,233,42440.20723385557,12027990.722567605,51622.2777792601,0.0013775134265744,Normal
2021-10-14,297.4781566,3929963618.0,247,68440.83778949463,20359654.261778485,82427.75004768618,0.0020974176369,Normal
2021-10-15,303.4286072,4003004209.0,271,67938.35589782175,20614440.705533955,76068.04688388914,0.0019002739670586,Normal
2021-10-16,302.2592981,3990747908.0,240,42062.1454128104,12713674.549056208,52973.64395440087,0.0013274114320327,Normal
2021-10-17,305.834815,4051795344.0,219,22580.66952289183,6905954.886109761,31534.040575843657,0.0007782732813131,Normal
2021-10-18,305.145907,4027042058.0,257,52032.62941940902,15877543.897780452,61780.32645050759,0.0015341366084761,Normal
2021-10-19,294.3967112,3898401243.0,248,63179.88572893547,18599950.57259042,74999.80069592911,0.0019238604756398,Normal
2021-10-20,304.1612585,4014146654.0,290,186708.8409320092,56789596.03095622,195826.1932101939,0.0048784015654998,Normal
2021-10-21,316.8891479,4190288942.0,321,62428.8553916249,19783026.789424337,61629.36694524716,0.0014707665222683,Normal
2021-10-22,316.0303762,4176064078.0,296,139955.20918791663,44230097.41080698,149426.0047662398,0.0035781540219517,Normal
2021-10-23,311.8269136,4125645970.0,252,35046.56572544323,10928462.422444507,43366.91437477979,0.0010511545268335,Normal
2021-10-24,324.9978489,4296890108.0,226,32057.88840334782,10418744.771364298,46100.640581257954,0.0010728838630391,Normal
2021-10-25,308.6915646,4073400322.0,294,33773.69280735019,10425654.075020695,35461.408418437735,0.0008705603578149,Normal
2021-10-26,312.9255847,4131062580.0,362,60528.00153330359,18940760.270531524,52322.54218378874,0.001266563775555,Normal
2021-10-27,329.163676,4368186037.0,757,587033.4661741263,193230093.66089708,255257.71949920352,0.0058435633770422,Small Whale Orders
2021-10-28,326.7179506,4355379401.0,468,133680.21820341775,43675726.92718146,93324.20283585782,0.0021427341740751,Normal
2021-10-29,339.1962891,4483589467.0,383,169919.9123006921,57636203.69659221,150486.17153157236,0.0033563771312957,Normal
2021-10-30,327.2790702,4323186542.0,327,85224.71824207461,27892266.54432316,85297.45120588121,0.0019730226854014,Normal
2021-10-31,317.7557787,4201881804.0,327,43300.74497209385,13759061.936897792,42076.64200886175,0.0010013761445837,Normal
2021-11-01,314.3814898,4166825409.0,306,118028.77123222736,37106060.93925102,121261.63705637588,0.002910168417291,Normal
2021-11-02,323.3962052,4271768257.0,304,54008.89067131339,17466270.29016443,57454.83648080404,0.0013449895458784,Normal
2021-11-03,324.7956435,4267941890.0,372,64857.4277255058,21065409.9738604,56627.44616629139,0.0013268092121631,Normal
2021-11-04,324.240803,4294182595.0,347,50796.489148417,16470294.431063516,47464.825449750766,0.001105328532257,Normal
2021-11-05,332.2918766,4344612409.0,342,61610.35100053269,20472619.151951697,59861.45950863069,0.0013778319876043,Normal
2021-11-06,328.2247242,4339438092.0,260,39982.16575126886,13123135.326628909,50473.59741011119,0.0011631367089476,Normal
2021-11-07,318.7235465,4217692189.0,284,43929.848579638805,14001477.136510467,49300.97583278333,0.0011689088160905,Normal
2021-11-08,320.7822135,4245860343.0,312,34874.542387762616,11187132.901946068,35856.19519854509,0.0008444977531505,Normal
2021-11-09,332.8522614,4412411547.0,0,0.0,0.0,,,Normal
2021-11-10,337.4552473,4502713053.0,308,93183.12705154436,31445135.183366217,102094.594751189,0.0022674017542194,Normal
2021-11-11,312.2422991,4127555973.0,262,236366.65749164883,73803668.56577468,281693.39147242246,0.0068247019135559,Small Whale Orders
2021-11-12,312.631912,4142307442.0,247,53929.5441426739,16860096.49861254,68259.49999438276,0.001647861752179,Normal
2021-11-13,309.2747157,4083742114.0,238,31081.85259644052,9612831.125193449,40390.04674451029,0.0009890449890565,Normal
2021-11-14,313.781376,4158586990.0,230,48090.80144772693,15089997.85121055,65608.68630961109,0.0015776677623283,Normal
2021-11-15,317.0686477,4178752733.0,297,77823.00060794,24675233.562715814,83081.59448725863,0.0019881912090934,Normal
2021-11-16,303.4462143,4022862510.0,275,66867.8339533013,20290791.07157029,73784.69480571014,0.0018341341425986,Normal
2021-11-17,280.3031528,3719606083.0,249,71852.83919652831,20140577.364418305,80885.85286914982,0.0021745811536019,Normal
2021-11-18,284.6614965,3743204446.0,262,43876.47516107453,12489943.080496555,47671.538475177695,0.0012735488847294,Normal
2021-11-19,261.8623817,3464709921.0,229,42058.1318351424,11013442.572202982,48093.63568647591,0.0013880999212942,Normal
2021-11-20,280.5275706,3702205169.0,227,92513.00627026838,25952448.89790096,114327.96871322006,0.0030881046158795,Normal
2021-11-21,275.1168207,3648585320.0,258,41633.69857371245,11454130.785581894,44395.85575806936,0.0012167964255819,Normal
2021-11-22,269.2771782,3583004807.0,239,61521.068405010745,16566219.699950468,69314.72677803543,0.0019345418304384,Normal
2021-11-23,263.3815865,3522878371.0,251,110073.93228205392,28991446.916740924,115503.77257665708,0.0032786761395872,Normal
2021-11-24,269.7528974,3609410574.0,355,43157.12555964883,11641759.66317087,32793.68919203062,0.0009085607890733,Normal
2021-11-25,254.5939845,3411542523.0,315,69771.70207012547,17763455.63538014,56391.92265200045,0.0016529743443564,Normal
2021-11-26,262.4654341,3516476145.0,284,47886.9154429662,12568660.049448118,44255.84524453562,0.0012585282373509,Normal
2021-11-27,232.2139527,3105373238.0,201,32893.544828237355,7638340.062879639,38001.69185512258,0.0012237399160301,Normal
2021-11-28,231.2831783,3096255399.0,247,42401.395947787125,9806729.619160948,39703.35878202813,0.0012823024481394,Normal
2021-11-29,238.0602295,3189266599.0,245,91270.88527523691,21727967.895291068,88685.583246086,0.0027807516396996,Normal
2021-11-30,249.4319706,3343248708.0,246,92038.7926897297,22957417.43224415,93322.83509042338,0.0027913817738749,Normal
2021-12-01,256.947264,3434100803.0,228,215659.0887553784,55413012.81242763,243039.5298790685,0.0070772392489687,Small Whale Orders
2021-12-02,250.9592241,3365690592.0,244,42192.71947185137,10588652.14132478,43396.11533329828,0.0012893673422164,Normal
2021-12-03,244.6210509,3277493051.0,223,38932.47739177174,9523703.533715695,42707.190734151096,0.0013030444327294,Normal
2021-12-04,226.1704284,3039015832.0,284,195673.57289499624,44255575.80821993,155829.49228246455,0.0051276301571588,Small Whale Orders
2021-12-05,201.6701088,2693778008.0,208,30017.814753845378,6053695.967346244,29104.30753531848,0.0010804270971432,Normal
2021-12-06,191.7055487,2572426742.0,312,192448.38546683345,36893423.33234841,118248.1517062449,0.0045967548764599,Normal
2021-12-07,184.9989258,2481113795.0,253,57692.048395046855,10672966.98028528,42185.64023828175,0.0017002702706863,Normal
2021-12-08,187.1843108,2510414555.0,260,63651.32792853801,11914529.949808178,45825.11519156992,0.0018254003148722,Normal
2021-12-09,200.8445175,2688013565.0,238,87007.99724935874,17475079.226188783,73424.70263104531,0.0027315599737698,Normal
2021-12-10,178.4253139,2405912901.0,277,51452.96666757142,9180511.728747666,33142.64162002767,0.0013775495200284,Normal
2021-12-11,169.0613987,2275240622.0,218,24349.66834122112,4116588.987647951,18883.43572315574,0.0008299533482553,Normal
2021-12-12,180.2359468,2420854120.0,222,19923.11321477041,3590861.173467737,16175.050330935754,0.0006681546895909,Normal
2021-12-13,180.0306665,2417529660.0,240,31418.52408488458,5656297.8314480735,23567.90763103364,0.000974875635281,Normal
2021-12-14,162.1107865,2176190740.0,243,34705.44615518678,5626127.17205073,23152.78671625815,0.0010639134838087,Normal
2021-12-15,169.2969095,2271395545.0,204,39920.133010819925,6758355.145560744,33129.19189000365,0.0014585390890164,Normal
2021-12-16,173.4472301,2321200025.0,206,34634.13601363751,6007194.958472082,29161.140575107194,0.0012562958926862,Normal
2021-12-17,174.3447284,2337858748.0,224,202897.21156018387,35374059.2425776,157919.9073329357,0.0067548951564346,Small Whale Orders
2021-12-18,183.3514779,2445087369.0,251,65073.054242771854,11931240.666879086,47534.82337402026,0.0019440950853818,Normal
2021-12-19,192.7252259,2590178835.0,212,22154.463762097326,4269724.033243571,20140.20770397911,0.0007775605078627,Normal
2021-12-20,183.8555947,2481228104.0,215,71747.17032232204,13191118.667652711,61354.04031466378,0.0024727287352482,Normal
2021-12-21,180.9599346,2438106059.0,219,48676.01980862028,8808409.36115623,40221.04731121567,0.0016496840718944,Normal
2021-12-22,186.5608496,2506834285.0,244,117937.88329987302,22002591.708449963,90174.55618217196,0.0035971486716032,Normal
2021-12-23,207.236925,2790729830.0,317,160692.56249708132,33301432.522265457,105051.8376096702,0.0037643141403505,Normal
2021-12-24,246.9533768,3307895532.0,304,111969.10389526424,27651148.304205537,90957.72468488663,0.0027497157574952,Normal
2021-12-25,270.2152311,3629798333.0,209,56883.45790580951,15370776.723785438,73544.38623820784,0.0020261287127052,Normal
2021-12-26,265.1954251,3569891742.0,214,62302.05100557815,16522218.901026182,77206.63037862701,0.0021627162938944,Normal
2021-12-27,269.0439377,3621136515.0,273,79825.24032962018,21476496.98612986,78668.4871286808,0.0021724805679876,Normal
2021-12-28,278.0419254,3752523564.0,276,151109.56275335152,42014793.77429399,152227.51367497825,0.0040566704266797,Normal
2021-12-29,254.4467566,3437008964.0,265,108732.13754793291,27666539.73725661,104402.03674436457,0.0030375840691105,Normal
2021-12-30,236.9899021,3173470300.0,264,107589.57434839976,25497642.69180793,96581.97989321186,0.0030434184272407,Normal
2021-12-31,264.0212933,3548848898.0,287,76139.80545882332,20102529.90884893,70043.65821898583,0.001973700775439,Normal
2022-01-01,255.5433284,3459438032.0,220,48040.49262313167,12276427.382890714,55801.942649503246,0.0016130348956487,Normal
2022-01-02,266.5320324,3563669890.0,194,54697.9763393698,14578762.801899346,75148.26186546055,0.0021087324074638,Normal
2022-01-03,266.7863632,3599168211.0,236,121681.26980160052,32462903.439926986,137554.67559291096,0.0038218462580467,Normal
2022-01-04,268.1023585,3614628862.0,257,85985.89435603427,23053021.074584626,89700.47110733317,0.0024815956086208,Normal
2022-01-05,253.8347737,3462708483.0,251,84453.65881450378,21437275.37331657,85407.47160683894,0.0024664932675142,Normal
2022-01-06,232.1775962,3139527815.0,265,75956.25242387473,17635340.10413566,66548.45322315342,0.0021196962455691,Normal
2022-01-07,222.0409889,3012431608.0,225,52967.95482828587,11761057.070083125,52271.364755925,0.0017351884310704,Normal
2022-01-08,211.0353859,2836175348.0,237,65583.11716374719,13840358.4391763,58398.1368741616,0.0020590453589317,Normal
2022-01-09,213.2945053,2892162474.0,174,26721.940061386045,5699642.986049589,32756.568885342465,0.0011325978114928,Normal
2022-01-10,210.1851659,2825069668.0,192,90292.25839879626,18978093.311036658,98844.2359949826,0.0034988247233194,Normal
2022-01-11,200.011589,2686498175.0,180,61689.344803279455,12338583.878472816,68547.68821373787,0.0025515628058722,Normal
2022-01-12,213.7034567,2883074393.0,195,37863.97443629421,8091662.221436507,41495.70369967439,0.0014392866101694,Normal
2022-01-13,218.9890147,2955355190.0,190,90129.8090638338,19737438.081988093,103881.25306309522,0.0035150175320583,Normal
2022-01-14,209.4111555,2837781700.0,221,43170.90579043998,9040469.265557678,40907.10074912976,0.0014415168280607,Normal
2022-01-15,224.6041295,3017121722.0,241,73358.69913092133,16476666.759552993,68367.91186536511,0.0022659978007133,Normal
2022-01-16,239.824159,3240579380.0,176,38241.923010145605,9171337.02445092,52109.869457107496,0.0016080417526173,Normal
2022-01-17,242.4647047,3278393160.0,204,48046.70480206934,11649630.091641815,57106.02986098929,0.0017418908310859,Normal
2022-01-18,227.3947479,3068525978.0,216,83249.3045514091,18930454.621318,87640.99361721295,0.0028561268258949,Normal
2022-01-19,232.8122502,3144185009.0,204,39165.67093609515,9118247.981225053,44697.294025613,0.0014215860039301,Normal
2022-01-20,211.1098164,2852325668.0,200,44401.96965455115,9373691.661570664,46868.458307853325,0.0016431664460221,Normal
2022-01-21,199.1507107,2704319317.0,291,69388.86752811048,13818842.282891354,47487.43052539984,0.0017559845920147,Normal
2022-01-22,170.4980239,2302519784.0,283,59611.51650937457,10163645.766530588,35913.94263791727,0.0015597669512974,Normal
2022-01-23,146.4320188,1972305619.0,212,45239.64123119856,6624531.995272123,31247.792430528883,0.0015843281147458,Normal
2022-01-24,158.3915413,2133653380.0,251,56105.09556238769,8886572.560910376,35404.67155741186,0.0016593450411993,Normal
2022-01-25,152.5107434,2064472398.0,189,64124.691260031446,9779704.33436288,51744.46737758137,0.0025064257302596,Normal
2022-01-26,152.5853595,2061565777.0,222,102084.58204769198,15576612.651154328,70164.92185204652,0.0034034772324437,Normal
2022-01-27,146.889796,1997933252.0,190,33303.314862756626,4891917.126314089,25746.93224375836,0.0012886782988362,Normal
2022-01-28,144.9202309,1954912676.0,198,165221.99617684292,23944009.835707,120929.3426045808,0.0061859204295517,Small Whale Orders
2022-01-29,149.5826171,2015947956.0,173,25408.810634385663,3800716.39208972,21969.458913813403,0.0010897830397072,Normal
2022-01-30,154.1554351,2071976226.0,163,36893.57057445502,5687344.424297671,34891.683584648286,0.0016839808848582,Normal
2022-01-31,149.369041,2017919908.0,176,26339.54216611916,3934312.153732282,22354.04632802433,0.0011077766882323,Normal
2022-02-01,157.8726341,2122718308.0,178,338583.9537077718,53453140.6358384,300298.5428979685,0.0141468861773235,Small Whale Orders
2022-02-02,164.4644913,2220686613.0,171,53942.20812939932,8871577.819600383,51880.572044446686,0.0023362401403572,Normal
2022-02-03,152.040754,2054549296.0,175,34166.402333181795,5194685.572204319,29683.91755545325,0.001444789746016,Normal
2022-02-04,151.9244747,2054021469.0,147,23933.37420472912,3636065.3038520007,24735.13812144218,0.0012042297753335,Normal
2022-02-05,166.8184459,2235095705.0,188,60764.55855788882,10136649.224426558,53918.34693843914,0.0024123507023802,Normal
2022-02-06,166.8034475,2259676951.0,214,29734.61414705336,4959836.149810773,23176.8044383681,0.0010256689314864,Normal
2022-02-07,173.6261069,2340034882.0,202,33392.5943006363,5797826.147710609,28702.10964213173,0.0012265675978983,Normal
2022-02-08,181.949401,2461319468.0,212,42296.31164237419,7695788.567839309,36300.889470940136,0.0014748548468776,Normal
2022-02-09,184.808785,2501245000.0,178,37941.69521465568,7011958.593460831,39393.025805959725,0.0015749367137549,Normal
2022-02-10,188.4907681,2550665857.0,165,14120.052041783052,2661499.454967661,16130.299727076732,0.0006323956422127,Normal
2022-02-11,176.1683177,2383098200.0,183,34572.19096074496,6090524.720757587,33281.555851134355,0.0013965666983901,Normal
2022-02-12,163.488142,2207302775.0,145,73297.3600452165,11983249.207297482,82643.09798136195,0.0037440762054658,Normal
2022-02-13,162.2043405,2185306335.0,143,18820.152778999323,3052710.469626828,21347.62566172607,0.0009768710830065,Normal
2022-02-14,158.7603745,2145156764.0,159,24754.38840127646,3930015.973105108,24717.081591856026,0.0011522272873786,Normal
2022-02-15,161.288296,2176434096.0,195,63252.15107347465,10201831.664975297,52317.08546141178,0.0024037982844306,Normal
2022-02-16,172.1969185,2328147792.0,158,79130.2865950191,13625991.511684148,86240.45260559587,0.0037042516330765,Normal
2022-02-17,170.8510172,2319876109.0,177,54126.63525719166,9247590.691304578,52246.27509211626,0.0022521148818864,Normal
2022-02-18,152.7828784,2068351791.0,172,195939.7051739097,29936232.14931729,174047.86133324011,0.0084148094192957,Small Whale Orders
2022-02-19,146.0797079,1977351023.0,172,12804.076217634396,1870415.713801369,10874.509963961447,0.0005499534396003,Normal
2022-02-20,146.4733178,1976093402.0,156,19548.02381713848,2863263.9049296924,18354.25580083136,0.0009288151957926,Normal
2022-02-21,137.7639319,1875943112.0,183,36466.891078283246,5023822.29911333,27452.58086947176,0.0014634015655306,Normal
2022-02-22,129.1311138,1761972220.0,190,26305.55673846928,3396865.8407676327,17878.241267198067,0.0010146721420612,Normal
2022-02-23,134.9611388,1840269213.0,184,16660.135744967727,2248470.8927034303,12219.95050382299,0.0006640305895191,Normal
2022-02-24,132.0628765,1799980865.0,258,74171.49696742966,9795301.243829789,37966.28389081312,0.0021092604165441,Normal
2022-02-25,125.343327,1700837819.0,223,52300.130899217045,6555472.409443366,29396.73726207788,0.0017283680391915,Normal
2022-02-26,140.382017,1923657659.0,154,21282.603432648502,2987694.79688632,19400.615564196883,0.0010085274515155,Normal
2022-02-27,136.0868996,1848265662.0,166,32776.33593339295,4460429.937423518,26870.059863997096,0.0014537985754126,Normal
2022-02-28,131.9101263,1794788671.0,183,243677.7256140957,32143559.562252115,175647.86646039409,0.0097865486504619,Small Whale Orders
2022-03-01,145.6860251,1976361387.0,208,69729.68978283642,10158641.33591752,48839.62180729576,0.0024711888285487,Normal
2022-03-02,143.7186999,1956399008.0,204,59008.91654510977,8480684.768370776,41571.98415868027,0.0021249235962953,Normal
2022-03-03,138.0745779,1885024186.0,179,45339.74331559336,6260265.9203949,34973.55262790447,0.001855337076715,Normal
2022-03-04,130.0281275,1774784953.0,183,52839.50209284706,6870621.515165235,37544.3798642909,0.0021154326218975,Normal
2022-03-05,124.1389925,1695082880.0,151,24322.103565188125,3019321.432063112,19995.5061726034,0.0011796182008872,Normal
2022-03-06,124.7312969,1697994039.0,152,37954.2387507932,4734081.422238671,31145.2725147281,0.0018342392140004,Normal
2022-03-07,117.0795582,1597193930.0,177,50417.73395428634,5902886.016812984,33349.63851306771,0.0020880143535899,Normal
2022-03-08,117.3246837,1601859250.0,204,63198.05088237816,7414691.330231524,36346.5261285859,0.0022690212094842,Normal
2022-03-09,121.7193931,1664054885.0,206,36496.68632147205,4442354.50921065,21564.827714614807,0.0012959204596556,Normal
2022-03-10,127.6714919,1741348955.0,185,40654.94696210781,5190477.731767678,28056.63638793339,0.0016112012648225,Normal
2022-03-11,119.4566464,1628375132.0,197,23091.031907618588,2758377.233599511,14001.914891368076,0.0008598703465933,Normal
2022-03-12,116.7469827,1598510970.0,170,12780.92501540876,1492134.4316639237,8777.261362728963,0.0005490898422003,Normal
2022-03-13,120.4315124,1640957875.0,153,20802.883138181096,2505322.678611608,16374.658030141229,0.0009978719307551,Normal
2022-03-14,116.0217284,1581374829.0,168,39587.09809820043,4592963.543693568,27339.06871246171,0.0017288164836764,Normal
2022-03-15,118.2361522,1612463485.0,167,40178.261124641765,4750522.997464486,28446.24549379932,0.001764148196745,Normal
2022-03-16,121.9272709,1664030352.0,211,63162.382487064,7701216.9201896675,36498.65838952449,0.0021933889814964,Normal
2022-03-17,141.5925362,1907388077.0,222,124174.04485664144,17582117.941464428,79198.72946605599,0.0041522084792845,Normal
2022-03-18,156.1119848,2120127123.0,241,56843.55285510242,8873959.859293746,36821.41020453836,0.0017367548297026,Normal
2022-03-19,160.7267072,2203987438.0,208,35453.7194334371,5698359.582528995,27395.9595313894,0.0012430179527815,Normal
2022-03-20,156.9308153,2141218785.0,157,40765.84964614296,6397418.021366431,40747.88548641039,0.0019030229779349,Normal
2022-03-21,152.5604136,2087232168.0,187,47314.56794300527,7218330.054690185,38600.69547962666,0.0018493723923685,Normal
2022-03-22,154.4217118,2108924716.0,186,29291.271795322875,4523208.3314328175,24318.32436254203,0.00115311486361,Normal
2022-03-23,152.8163806,2088488148.0,190,34357.88658211588,5250447.872544254,27633.93617128555,0.0013231550391008,Normal
2022-03-24,155.7612756,2126726772.0,207,70631.85311823431,11001707.539688012,53148.34560235756,0.0024990678775523,Normal
2022-03-25,168.5948942,2296261560.0,181,78171.32824718601,13179286.815307798,72813.73931109281,0.003170968873036,Normal
2022-03-26,162.6687349,2219291533.0,168,27240.456709413964,4431170.631018586,26376.01566082492,0.0011884880948998,Normal
2022-03-27,163.1438995,2230630185.0,194,27683.047721480656,4516320.355326944,23280.001831582187,0.0010436513406897,Normal
2022-03-28,168.3587144,2295865380.0,221,49555.74779983568,8343141.990710964,37751.77371362427,0.0016443374268583,Normal
2022-03-29,167.4871777,2315771553.0,370,321000.53770889965,53763474.10104602,145306.68675958383,0.0062746554845336,Small Whale Orders
2022-03-30,219.9581567,2960893040.0,360,232352.15779160324,51107752.33310859,141965.97870307945,0.0047947013548006,Normal
2022-03-31,223.5413427,3060330869.0,265,128821.74561010354,28796985.98264037,108667.87163260518,0.0035508536914544,Normal
2022-04-01,206.1558429,2798690604.0,345,171379.52816065718,35330891.083764575,102408.3799529408,0.003659153312859,Normal
2022-04-02,245.8751753,3356593220.0,263,69661.67961371901,17128077.6867156,65125.77067192243,0.0019402342316571,Normal
2022-04-03,236.5668929,3240360101.0,208,138340.40115017118,32726758.862635583,157340.18683959416,0.0048556389393585,Normal
2022-04-04,242.7934244,3322554753.0,196,95340.2557466012,23147987.17588909,118101.97538718922,0.0035545531726919,Normal
2022-04-05,238.41547,3253504344.0,182,46449.48318876711,11074275.36570701,60847.66684454401,0.0018702193207996,Normal
2022-04-06,221.4228443,3041619297.0,223,46475.35183657236,10290704.59349708,46146.65736994207,0.0015171740071302,Normal
2022-04-07,191.220961,2630323429.0,203,177177.35978671804,33880025.00585897,166896.67490570922,0.0063451008748821,Small Whale Orders
2022-04-08,202.7209926,2783566399.0,206,51897.26795624048,10520665.673317242,51071.19258891865,0.0018347395128517,Normal
2022-04-09,183.5705486,2497578342.0,182,26526.802453841367,4869539.679055485,26755.712522282884,0.0010712661970337,Normal
2022-04-10,185.0175366,2523149502.0,153,22822.389407067545,4222542.2674215725,27598.31547334361,0.0010938042098364,Normal
2022-04-11,178.0107869,2449437860.0,191,102195.49844743517,18191901.09626566,95245.55547783068,0.0038884658816301,Normal
2022-04-12,157.746289,2166334398.0,177,33013.02991060503,5207682.957043945,29421.937610417768,0.0013581438598574,Normal
2022-04-13,165.033335,2257723957.0,178,59700.555974113726,9852581.85376216,55351.58344810203,0.0024516541659792,Normal
2022-04-14,178.725854,2446968766.0,160,162712.87813804243,29080998.102019563,181756.23813762228,0.0074278119387169,Small Whale Orders
2022-04-15,172.300534,2359834184.0,128,15392.841892077033,2652194.877782443,20720.272482675337,0.0008780393395079,Normal
2022-04-16,176.2638001,2413454366.0,137,20992.00164263284,3700129.9812359065,27008.24803821829,0.0011190701767019,Normal
2022-04-17,172.8655278,2367536889.0,125,34333.09112099746,5935007.91763672,47480.06334109376,0.0020054624517866,Normal
2022-04-18,167.300644,2287508526.0,166,37371.5247086384,6252280.151017117,37664.33825913926,0.0016465223115474,Normal
2022-04-19,168.8549634,2304243009.0,161,34520.08355515762,5828887.445271082,36204.26984640424,0.0015712001600957,Normal
2022-04-20,183.2220462,2509981050.0,185,54470.64954447027,9980223.86738094,53947.15603989698,0.0021493053120818,Normal
2022-04-21,186.5127218,2542876640.0,182,35149.62733897001,6555852.665246988,36021.168490368065,0.0014165519445083,Normal
2022-04-22,174.0084778,2382995015.0,179,90691.7342078298,15781130.618546654,88162.74088573549,0.0036996611545885,Normal
2022-04-23,177.3878456,2427847662.0,126,25287.3465762844,4485667.930107626,35600.5391278383,0.0014663415536752,Normal
2022-04-24,174.4618903,2385519959.0,129,12023.216002762192,2097592.991327102,16260.41078548141,0.0006816296264524,Normal
2022-04-25,166.3034608,2282769236.0,180,40961.70818278076,6812073.83107612,37844.85461708956,0.0016578484596806,Normal
2022-04-26,169.2429681,2321057027.0,174,32666.285290986223,5528539.079447881,31773.21310027518,0.0013689113507625,Normal
2022-04-27,157.7063168,2159184413.0,179,74134.64333124732,11691501.547052698,65315.651100853065,0.0030250149411787,Normal
2022-04-28,168.7101614,2311015916.0,159,35412.939258990365,5974522.69803266,37575.6144530356,0.0016259349056354,Normal
2022-04-29,166.0725982,2259939738.0,169,55113.62185165292,9152862.377116296,54158.94897701949,0.0023964775726696,Normal
2022-04-30,157.3744931,2158432757.0,137,25874.605086362568,4072002.8596289903,29722.648610430588,0.0013770476988007,Normal
2022-05-01,143.7537471,1956583349.0,138,45499.70029122036,6540752.408789888,47396.75658543397,0.0024224246112315,Normal
2022-05-02,146.5910097,2011782101.0,150,48710.73268011187,7140555.486804386,47603.70324536257,0.0023662454905876,Normal
2022-05-03,144.1312184,1973874840.0,141,81254.18900753457,11711265.261759844,83058.61887772939,0.0042078969342214,Normal
2022-05-04,141.1769216,1937307019.0,176,70050.40486155445,9889500.515187932,56190.34383629507,0.0029004356710223,Normal
2022-05-05,158.8831397,2180824491.0,173,108641.5414984014,17261309.21511386,99776.35384458878,0.0045751666058572,Normal
2022-05-06,141.7274873,1941047132.0,151,23763.26218011165,3367907.4388383445,22304.02277376387,0.0011490716740495,Normal
2022-05-07,138.6612162,1904147284.0,122,13815.794563945436,1915714.877006023,15702.580959065765,0.0008246515955467,Normal
2022-05-08,132.5062003,1822759940.0,162,26491.102525096547,3510235.337358278,21668.11936640913,0.0011887533235127,Normal
2022-05-09,125.7873055,1729018862.0,266,104890.88717325554,13193942.069028327,49601.28597379071,0.0028687533180763,Normal
2022-05-10,101.2225142,1401183065.0,223,127467.3615583948,12902566.815381153,57859.04401516212,0.0041292994085082,Normal
2022-05-11,105.2909038,1438155499.0,360,148634.9581952615,15649909.0846543,43471.96967959528,0.0030227586453497,Normal
2022-05-12,82.39416249,1134191788.0,448,329684.83869973844,27164106.17031569,60634.16555874038,0.00534602403229,Small Whale Orders
2022-05-13,77.70734114,1076697191.0,327,299006.965207329,23235036.248602025,71055.15672355359,0.0065993630630316,Small Whale Orders
2022-05-14,82.42654676,1137073449.0,237,35948.59142973644,2963118.2524393057,12502.608660081458,0.0010995427490701,Normal
2022-05-15,87.00956474,1184520437.0,234,27924.05235124504,2429659.6408588043,10383.16085837096,0.0008765708496062,Normal
2022-05-16,92.08793505,1262719009.0,258,82156.16356663505,7565591.454481465,29323.997885587072,0.0023222900484257,Normal
2022-05-17,84.21439522,1168297628.0,199,75003.97106442862,6316414.062289235,31740.774182357967,0.0027168397351533,Normal
2022-05-18,92.89862835,1273754903.0,233,90798.04557935226,8435013.891182605,36201.77635700689,0.0028421304814405,Normal
2022-05-19,81.72851919,1128029334.0,248,178143.9556731029,14559441.6998117,58707.42620891814,0.0052044237183745,Small Whale Orders
2022-05-20,91.4797579,1256449849.0,208,46913.69092024348,4291653.087579302,20632.94753643895,0.001642162443082,Normal
2022-05-21,90.36629989,1242584832.0,158,15794.610689932411,1427300.526252232,9033.547634507797,0.0007269964514187,Normal
2022-05-22,91.61943041,1261295640.0,165,30507.84522015834,2795111.402107348,16940.069103680897,0.0013430688703309,Normal
2022-05-23,94.59540227,1299371385.0,229,60139.55209521092,5688925.122784098,24842.4677850834,0.0019118835516824,Normal
2022-05-24,99.54636635,1371911922.0,183,62627.702881604906,6234360.254711192,34067.54237547099,0.0024832164389829,Normal
2022-05-25,106.7364145,1464993510.0,161,203557.11290529167,21726956.377482515,134950.03961169263,0.0092116476073462,Small Whale Orders
2022-05-26,102.079899,1418943808.0,194,81104.00481198786,8279088.619703234,42675.71453455275,0.0030075690308486,Normal
2022-05-27,101.5704255,1408547530.0,213,140463.65604051997,14266953.31132126,66981.00146160215,0.0047553241928301,Normal
2022-05-28,92.39008923,1281017647.0,125,16466.083531706365,1521302.9267629846,12170.423414103876,0.0009500589974389,Normal
2022-05-29,95.45726078,1326789289.0,125,18166.26788906125,1734102.1712854602,13872.81737028368,0.0010455931085138,Normal
2022-05-30,95.43258856,1321801268.0,231,222026.383450627,21188552.50130848,91725.33550349993,0.0069394195424164,Small Whale Orders
2022-05-31,117.4033827,1620880183.0,245,76029.01438581999,8926063.472242229,36432.91213160093,0.0022477239535478,Normal
2022-06-01,114.0756211,1586953304.0,172,54515.126404370974,6218846.90392363,36156.086650718775,0.0022783333674396,Normal
2022-06-02,106.9869318,1489659201.0,159,200130.4365852731,21411341.37005284,134662.52433995495,0.0090398209368664,Small Whale Orders
2022-06-03,111.0057869,1546238381.0,150,189008.9984840692,20981092.60790501,139873.95071936675,0.0090460793392611,Small Whale Orders
2022-06-04,107.056293,1482618576.0,117,36802.51170951462,3939940.476709728,33674.70492914297,0.0022712992723991,Normal
2022-06-05,106.8996549,1475740994.0,100,19484.949878923187,2082934.4178006856,20829.344178006857,0.0014114498589314,Normal
2022-06-06,103.7277529,1444092455.0,181,114470.68174322636,11873786.590155924,65601.03088483936,0.0045427168224377,Normal
2022-06-07,105.8491624,1472983517.0,136,35201.64276166687,3726064.4014264615,27397.532363429866,0.0018600026441049,Normal
2022-06-08,99.99718296,1393239677.0,133,59675.136679183495,5967345.56067132,44867.25985467158,0.0032203547311602,Normal
2022-06-09,96.59396971,1339567001.0,128,43460.26857370538,4197999.866196963,32796.87395466377,0.0024483190411663,Normal
2022-06-10,95.89419409,1330282038.0,176,116758.49085560776,11196461.38376314,63616.25786229057,0.0047821631838263,Normal
2022-06-11,87.59825678,1216206833.0,203,455824.00550577,39929388.28078257,196696.4939940028,0.0161729476152353,Small Whale Orders
2022-06-12,76.77676191,1063680037.0,252,61643.43430632711,4732783.279051603,18780.88602798255,0.0017656518289985,Normal
2022-06-13,71.42867353,994013985.2,379,173275.00990346764,12376804.113302307,32656.475232987617,0.0032853134582826,Normal
2022-06-14,59.2668739,808982052.2,307,48903.20410997934,2898340.0312921074,9440.847007466147,0.001167003270566,Normal
2022-06-15,62.36338035,865371640.5,306,115607.78421101416,7209692.2181722,23561.08568030131,0.0027226551665927,Normal
2022-06-16,66.24766872,917986329.3,269,83317.50416620022,5519590.414579651,20518.9234742738,0.0022352101354189,Normal
2022-06-17,56.37955432,783621007.7,284,166659.73173531695,9396201.39832793,33085.21619129553,0.0042220940819853,Normal
2022-06-18,57.65893489,804725210.5,341,249754.4059995636,14400573.03401946,42230.419454602525,0.0052478061956532,Small Whale Orders
2022-06-19,49.41939593,684361971.5,269,47943.68916923743,2369348.1573993973,8807.985715239396,0.0012870361127655,Normal
2022-06-20,54.00773274,747381972.7,273,213889.0042735652,11551660.178831425,42313.77354883306,0.0056615994356901,Small Whale Orders
2022-06-21,62.07847696,861009712.9,248,675151.1451744912,41912354.81023227,169001.43068642044,0.0196282838804686,Small Whale Orders
2022-06-22,65.65109854,916876253.4,262,861591.4783628939,56564427.04722663,215894.75972223905,0.0235467718704294,Small Whale Orders
2022-06-23,62.71903775,872036176.2,197,99643.05292500315,6249516.397928522,31723.43349202296,0.0036378575061256,Normal
2022-06-24,68.46056139,955491349.2,231,45838.10095337401,3138102.1243194784,13584.857681036705,0.0014217666850056,Normal
2022-06-25,72.30393586,995152295.4,178,34688.30029586144,2508100.639684384,14090.453031934743,0.0014159092127975,Normal
2022-06-26,69.96278668,974104588.3,161,121610.2108987055,8508189.243215943,52845.89592059592,0.0054250741198973,Small Whale Orders
2022-06-27,65.68664351,914275928.8,207,90913.51700275198,5971803.781600093,28849.29363091832,0.0031554252630038,Normal
2022-06-28,65.52765573,909900928.5,201,26581.1447530024,1741800.1022840375,8665.672150666853,0.0009523753498034,Normal
2022-06-29,60.16995854,833355296.9,198,111035.63542380906,6681009.579913146,33742.47262582397,0.0040489899987847,Normal
2022-06-30,59.70107293,827438291.1,278,121389.72526952327,7247096.841268474,26068.693673627604,0.0031505302515033,Normal
2022-07-01,56.61900036,774098461.6,291,219806.341454528,12445215.325944202,42767.06297575327,0.0055247575208142,Small Whale Orders
2022-07-02,56.50460457,796289135.1,314,35764.23516256967,2020843.9656094883,6435.80880767353,0.0008082251187397,Normal
2022-07-03,57.89790515,805235095.5,234,98735.74489146206,5716592.792640466,24429.883729232763,0.0030338821377455,Normal
2022-07-04,57.81213319,805688506.3,259,49479.840630267136,2860535.136736977,11044.537207478676,0.0013708197549198,Normal
2022-07-05,63.11734046,877337239.0,219,43063.974652132914,2718083.549679484,12411.340409495357,0.0014146601623387,Normal
2022-07-06,60.75109401,847591127.0,240,67995.03533620732,4130772.783923204,17211.55326634668,0.0020306433984586,Normal
2022-07-07,62.99864929,881463281.8,258,96302.11527021244,6066903.185793268,23515.12862710569,0.0026677377393515,Normal
2022-07-08,71.32291876,995239220.9,252,52530.4484954661,3746624.9104684927,14867.559168525764,0.0014938678918904,Normal
2022-07-09,73.21766501,1023467050.0,248,86249.86680952038,6315013.855216581,25463.76554522815,0.0024879907511656,Normal
2022-07-10,81.91554474,1140935370.0,252,171101.19923479753,14015847.940985711,55618.44421026076,0.0048748111131185,Normal
2022-07-11,77.84260521,1082198356.0,215,85519.14627937747,6657033.14172182,30962.94484521777,0.0028611154945441,Normal
2022-07-12,69.9784218,976169166.2,230,52124.40932318272,3647583.901693533,15859.060442145796,0.0016246221445286,Normal
2022-07-13,68.61280678,960839047.7,249,55841.05443498158,3831411.4783388535,15387.194692123909,0.0016014331150421,Normal
2022-07-14,79.55773202,1105593330.0,276,100016.44334300428,7957081.397076247,28830.005061870463,0.0026076500535572,Normal
2022-07-15,91.10533624,1266111587.0,265,63119.79416430784,5750550.070738855,21700.18894618436,0.0017139238886204,Normal
2022-07-16,90.52593604,1264181091.0,296,38744.876765084126,3507416.235913688,11849.37917538408,0.0009373165964704,Normal
2022-07-17,92.61212782,1290815847.0,259,23418.308265452662,2168819.358408265,8373.819916634227,0.0006487230487676,Normal
2022-07-18,88.96770731,1249493042.0,1307,78229.27787574969,6959879.497122357,5325.079951891627,0.0004261792401315,Retail Orders
2022-07-19,96.20748825,1341184609.0,313,91023.15370753538,8757108.990795655,27977.98399615225,0.0020860650956181,Normal
2022-07-20,95.4785474,1331126150.0,263,66143.83170073607,6315316.970256351,24012.612054206656,0.0018039321107324,Normal
2022-07-21,90.94120878,1274170207.0,231,55190.2936413348,5019072.016666134,21727.58448773218,0.0017052340706418,Normal
2022-07-22,95.53418943,1336683383.0,239,48706.528569650254,4653138.7268506745,19469.19969393588,0.001456530390184,Normal
2022-07-23,89.7624922,1251267945.0,195,17459.442423933815,1567203.064394708,8036.938791767733,0.0006423035788523,Normal
2022-07-24,89.75733805,1252075541.0,194,23707.897045003992,2127957.7295230194,10968.854275891852,0.0008760537137504,Normal
2022-07-25,90.89742192,1275890557.0,195,38398.06524172411,3490285.137188683,17898.898139429144,0.0014028552873308,Normal
2022-07-26,81.84085096,1158966382.0,237,76269.08677882492,6241926.963921116,26337.244573506818,0.0022724770090446,Normal
2022-07-27,80.77755738,1126919650.0,255,67165.83922379895,5425492.431876275,21276.440909318724,0.0018880175626823,Normal
2022-07-28,94.60872518,1318918011.0,231,69307.08907751583,6557055.343560474,28385.52096779426,0.0021521823745717,Normal
2022-07-29,100.1865885,1397961083.0,210,40988.45260043049,4106493.2339310846,19554.72968538612,0.0013988035806706,Normal
2022-07-30,96.49697346,1361639583.0,179,30601.806538130688,2952981.713338052,16497.104543788,0.0012115617634617,Normal
2022-07-31,95.03281035,1324568231.0,201,81352.92356484738,7731196.956556188,38463.6664505283,0.0029038644858249,Normal
2022-08-01,98.00848826,1378965563.0,215,78398.84823547829,7683752.596884395,35738.38417155533,0.0025916806866304,Normal
2022-08-02,96.97515232,1349974919.0,213,47826.72753021803,4638004.187210031,21774.667545587,0.0016129683032716,Normal
2022-08-03,94.25586314,1328304287.0,204,32508.52680411185,3064119.2533313883,15020.19241829112,0.001130779488201,Normal
2022-08-04,95.49915404,1330735398.0,179,21539.694862937264,2057022.6376902424,11491.746579275095,0.0008635636052476,Normal
2022-08-05,96.9230069,1349603440.0,199,38119.852974934656,3694690.772916577,18566.285291038075,0.001375684496702,Normal
2022-08-06,102.7428262,1428944569.0,152,13596.899347303986,1396983.866498947,9190.683332229914,0.0006431798357763,Normal
2022-08-07,99.53701434,1391110224.0,154,22958.014586535643,2285172.227117928,14838.780695570957,0.0010666861934853,Normal
2022-08-08,101.4468606,1418890758.0,201,80728.36248247922,8189638.935226338,40744.472314558894,0.0028715721830474,Normal
2022-08-09,102.489055,1435344051.0,180,35194.871598313635,3607089.130957504,20039.384060875025,0.0013961380232783,Normal
2022-08-10,98.09778669,1375699572.0,194,60471.56416943311,5932126.602703697,30577.97217888504,0.0022227216465896,Normal
2022-08-11,110.8103575,1548171114.0,200,61025.36876099485,6762242.928975171,33811.21464487586,0.0021839455819271,Normal
2022-08-12,107.5397752,1503811027.0,175,40147.82526945797,4317488.104246388,24671.360595693648,0.00164058915334,Normal
2022-08-13,115.0272379,1589811600.0,183,36734.46818521237,4225464.411070405,23089.96945940112,0.001452371429382,Normal
2022-08-14,110.5740851,1546461362.0,159,29238.234819127352,3232991.065063971,20333.27713876712,0.0013148260692702,Normal
2022-08-15,107.5368473,1505625178.0,144,37515.33759290628,4034281.130136312,28015.841181502165,0.0018607447318805,Normal
2022-08-16,107.5846728,1505408862.0,150,33411.895589428044,3594607.85461638,23964.0523641092,0.0015918633780507,Normal
2022-08-17,110.3529075,1539547896.0,177,104606.9330280485,11543679.204302931,65218.52657798266,0.0042362129003866,Normal
2022-08-18,100.5396477,1406910615.0,195,158490.45474481914,15934574.483856907,81715.76658388159,0.005808170448972,Small Whale Orders
2022-08-19,95.4074866,1341113103.0,256,71004.577407036,6774368.26750045,26462.376044923632,0.0019731651257249,Normal
2022-08-20,83.92738441,1174796063.0,129,30029.982948609595,2520337.922753703,19537.50327716049,0.0016630548818208,Normal
2022-08-21,82.94655675,1158174359.0,170,16880.072168737395,1400143.864088272,8236.140376989835,0.0007111313001352,Normal
2022-08-22,86.34754722,1211998857.0,157,58612.683355046574,5061061.443690792,32236.060150896763,0.002659743444865,Normal
2022-08-23,88.36073344,1233397176.0,162,20632.036585112364,1823061.8850214416,11253.468426058284,0.000912396156326,Normal
2022-08-24,89.50059943,1254075345.0,224,24526.19749007705,2195109.377100457,9799.595433484184,0.0007814199898399,Normal
2022-08-25,88.56283572,1238348262.0,166,45536.66838777319,4032856.4816624746,24294.31615459322,0.0019618322971081,Normal
2022-08-26,93.48522829,1310632505.0,149,134186.8129606675,12544484.843135532,84191.17344386263,0.0064237055866291,Small Whale Orders
2022-08-27,82.80787715,1151899724.0,138,12991.82742753368,1075825.6495732097,7795.838040385575,0.0006767809626096,Normal
2022-08-28,82.31043034,1152924229.0,134,9730.112060920175,800889.7109907641,5976.788887990777,0.0005184025747446,Normal
2022-08-29,79.04736916,1109690421.0,144,24625.05516293652,1946545.826050007,13517.679347569494,0.0012181486919016,Normal
2022-08-30,85.80059166,1202315956.0,142,28044.58558261203,2406242.0358476182,16945.366449631114,0.0014093937924609,Normal
2022-08-31,84.86013375,1192260004.0,136,31093.118256815527,2638566.1739779324,19401.2218674848,0.0016272643385162,Normal
2022-09-01,84.79737512,1186715234.0,136,37410.72876228734,3172331.600368253,23325.967649766564,0.0019655909843798,Normal
2022-09-02,86.53887508,1211044762.0,143,22359.83168834409,1934994.6812874344,13531.431337674368,0.0011173353588786,Normal
2022-09-03,88.6367747,1231427396.0,142,8898.73037320874,788754.7592061501,5554.610980325,0.0004510709278003,Retail Orders
2022-09-04,86.97476346,1219571713.0,124,17764.568079565743,1545069.106689297,12460.234731365295,0.0010216893847689,Normal
2022-09-05,88.91796268,1242115496.0,130,65830.74396556529,5853535.63512677,45027.197193282846,0.0036250410962816,Normal
2022-09-06,91.28805568,1276764662.0,173,21471.03621240085,1960049.149264945,11329.763868583495,0.0008873807527564,Normal
2022-09-07,83.76204686,1176712929.0,178,98981.904150152,8290926.89371706,46578.24097593854,0.0039583351068915,Normal
2022-09-08,87.58332656,1229949829.0,130,45168.6326993772,3956019.107978247,30430.916215217287,0.002474159148423,Normal
2022-09-09,88.30149747,1233952961.0,132,92803.78659565722,8194713.327282847,62081.1615703246,0.0050310800761816,Small Whale Orders
2022-09-10,91.01882192,1281451746.0,104,18157.246999472656,1652651.231202456,15890.87722310054,0.0012400683266227,Normal
2022-09-11,92.89182557,1309630062.0,132,13720.65665266546,1274536.84448526,9655.582155191363,0.0007372755433275,Normal
2022-09-12,91.26379875,1286969221.0,151,47219.49256380354,4309430.266420088,28539.27328755025,0.0022175567854975,Normal
2022-09-13,90.73040289,1275332516.0,137,26994.83524693116,2449252.277903236,17877.75385330829,0.0014018111848493,Normal
2022-09-14,83.15486033,1172496257.0,175,76817.6969704911,6387764.862453452,36501.513499734014,0.0031131454178905,Normal
2022-09-15,83.76254359,1176717879.0,160,89165.99687462462,7468770.699956548,46679.81687472843,0.0039669505926431,Normal
2022-09-16,78.45473102,1109156749.0,149,49573.32973704976,3889262.250286006,26102.431209973194,0.0023533581915727,Normal
2022-09-17,79.10936915,1115457059.0,114,12548.11455392035,992673.4263825726,8707.661634934848,0.0007806362033103,Normal
2022-09-18,81.62528407,1149588059.0,156,45858.66256566906,3743226.358993013,23995.04076277572,0.0020872729648608,Normal
2022-09-19,73.1925526,1033310319.0,182,55335.67369793193,4050159.20779232,22253.62202083692,0.0021536242899783,Normal
2022-09-20,76.46668285,1078723094.0,123,32471.340017801325,2482975.6588557274,20186.79397443681,0.0018713601374364,Normal
2022-09-21,74.05465054,1046383777.0,160,29645.293936517155,2195371.882624359,13721.074266402244,0.0013112850722648,Normal
2022-09-22,71.9729028,1014860345.0,257,19159.19476990148,1378942.8629003875,5365.536431519018,0.0005286970229898,Normal
2022-09-23,76.94988671,1084032377.0,195,11277.199468266,867779.221489141,4450.149853790466,0.0004105181679264,Retail Orders
2022-09-24,77.20546248,1091475082.0,155,25426.45101491945,1963060.9098319216,12664.909095689816,0.0011603479827027,Normal
2022-09-25,75.05476449,1059519409.0,146,15115.821845297723,1134514.4486716178,7770.646908709711,0.0007334124172433,Normal
2022-09-26,73.85786624,1038167493.0,167,52641.328130913535,3887976.171788961,23281.294441850067,0.0022425374131657,Normal
2022-09-27,76.16256474,1072389646.0,161,52287.25051506029,3982331.102429877,24734.97579148992,0.0023065287774598,Normal
2022-09-28,76.75887923,1084306596.0,143,17631.775909314347,1353395.3576334836,9464.303200234152,0.0008728438280416,Normal
2022-09-29,77.03622029,1085742734.0,138,51458.16310822339,3964142.388923848,28725.66948495542,0.0026457160232725,Normal
2022-09-30,76.82379614,1083423883.0,199,123332.8736743067,9474899.54451531,47612.56052520256,0.0043946382641449,Normal
2022-10-01,74.59022266,1052046111.0,157,59268.762140307736,4420870.164828132,28158.408693172816,0.0026765375014225,Normal
2022-10-02,74.51697655,1050640793.0,155,4911.164988579193,365965.16628713673,2361.065588949269,0.0002247262437057,Retail Orders
2022-10-03,72.9158829,1032677439.0,164,27414.16666185891,1998928.1661171883,12188.586378763344,0.001180289790253,Normal
2022-10-04,75.76334699,1072921339.0,154,56049.22869158761,4246477.161882616,27574.52702521179,0.0025700418122834,Normal
2022-10-05,78.98853338,1115159715.0,168,8260.063827533675,652450.3273620743,3883.632900964728,0.0003482579982693,Retail Orders
2022-10-06,78.72381904,1110848272.0,180,75144.86888186478,5915691.05964045,32864.95033133584,0.0029585453891164,Normal
2022-10-07,77.41998222,1093712830.0,181,111683.93605523292,8646568.34365575,47771.095821302486,0.0043677914815447,Normal
2022-10-08,75.49423069,1065132522.0,145,21045.291512022635,1588798.0923469355,10957.228223082317,0.0010287197129712,Normal
2022-10-09,74.63634428,1054170546.0,112,14708.564482023025,1097793.4825448503,9801.727522721878,0.0009298047227665,Normal
2022-10-10,75.45690527,1063225289.0,127,11778.8317314231,888794.1901492629,6998.379449994196,0.0006582216885168,Normal
2022-10-11,73.91229814,1044927540.0,149,16415.733232016722,1213324.5688315255,8143.117911620978,0.0007792997695917,Normal
2022-10-12,71.42061103,1007301959.0,156,23873.9641340878,1705093.1061648554,10930.084013877278,0.0010850851540811,Normal
2022-10-13,71.58662607,1011774522.0,219,42152.762389308096,3017574.038980958,13778.876890324009,0.0013618525264983,Normal
2022-10-14,71.06721798,1003748391.0,177,11694.464460146824,831093.0549486174,4695.440988410268,0.0004677906366288,Retail Orders
2022-10-15,73.02078274,1029440270.0,99,13183.278075997696,962653.284188433,9723.770547357908,0.000944568697255,Normal
2022-10-16,71.9264199,1015945320.0,141,13549.849472537073,974592.162743495,6912.001154209184,0.0006803516900111,Normal
2022-10-17,75.87520243,1070207623.0,174,54356.04876842503,4124276.2035992015,23702.73680229426,0.0022147792907558,Normal
2022-10-18,79.11605465,1117880892.0,189,274205.61838158604,21694066.68921461,114783.42163605613,0.0102679473687663,Small Whale Orders
2022-10-19,82.63343409,1167727086.0,178,54562.33401639147,4508673.031740049,25329.62377382049,0.0021691390118033,Normal
2022-10-20,82.69624191,1168514298.0,166,28076.098604461145,2321787.8420835324,13986.67374749116,0.0011969621399952,Normal
2022-10-21,80.80390804,1142868951.0,200,111421.61013805296,9003301.539263964,45016.507696319815,0.0039389037261823,Normal
2022-10-22,82.02465341,1157357246.0,137,12662.318662505671,1038622.2996590026,7581.184669043814,0.0006550427446015,Normal
2022-10-23,82.06467885,1159238842.0,161,26686.19218744003,2189993.791591645,13602.445910507113,0.0011733945945978,Normal
2022-10-24,88.97986493,1255485571.0,155,125624.38293223236,11178040.625224631,72116.3911304815,0.0057441035401976,Small Whale Orders
2022-10-25,84.93960929,1197964053.0,240,46811.6131060134,3976160.127459422,16567.33386441426,0.0013829575121995,Normal
2022-10-26,82.27674597,1160984588.0,209,30892.61528414208,2541743.8600822967,12161.45387599185,0.0010475120860081,Normal
2022-10-27,83.54328345,1180373462.0,170,17017.279051487654,1421679.3673461804,8362.819807918708,0.0007084893109803,Normal
2022-10-28,81.71101461,1155431029.0,172,31441.103457229223,2569084.463948179,14936.537581094064,0.0012927242912994,Normal
2022-10-29,84.12716475,1189839460.0,157,14087.247155141502,1185120.162294558,7548.5360655704335,0.0006344163493762,Normal
2022-10-30,85.26112829,1203472933.0,160,7374.370153464005,628747.1197124416,3929.66949820276,0.0003265274515486,Retail Orders
2022-10-31,83.88080376,1182474973.0,192,75493.16445445754,6332427.312825761,32981.39225430084,0.0027891831123178,Normal
2022-11-01,83.9264017,1187829606.0,174,20573.2888526434,1726642.104537082,9923.2304858453,0.0008354085834972,Normal
2022-11-02,84.34832662,1194673088.0,152,13371.231814108562,1127841.028368164,7420.006765580027,0.0006210909779512,Normal
2022-11-03,80.40758886,1138714482.0,181,65026.69083892562,5228639.42190266,28887.510618246743,0.0025368528349186,Normal
2022-11-04,83.72087583,1182932032.0,243,44565.43582133552,3731057.318707865,15354.145344476812,0.0012979735884332,Normal
2022-11-05,94.51368804,1339047444.0,182,12801.46110519803,1209913.3013528802,6647.875282158682,0.0004964630127144,Retail Orders
2022-11-06,96.20370809,1364735360.0,278,34246.548998422884,3294645.002934157,11851.241017748764,0.0008683911449138,Normal
2022-11-07,86.96848223,1233205780.0,518,106740.51054887068,9283060.194890589,17920.96562720191,0.0014532015595322,Normal
2022-11-08,87.43417628,1238246640.0,547,110423.89835998528,9654822.594731756,17650.49834503063,0.0014254428620965,Normal
2022-11-09,72.28477304,1028717493.0,918,95494.29747047568,6902783.619267582,7519.372134278412,0.0007309462690626,Normal
2022-11-10,57.68079471,816584863.1,831,78294.73062287537,4516102.283932825,5434.539451182701,0.0006655204739592,Normal
2022-11-11,68.10617743,964259746.6,974,80118.88353085943,5456590.897246217,5602.249381156281,0.0005809896556306,Normal
2022-11-12,64.14155111,902250258.9,996,95970.6735006474,6155707.859402897,6180.429577713752,0.000685001696231,Normal
2022-11-13,57.79225817,816860932.2,1471,50366.6176053736,2910800.567799418,1978.7903248126563,0.0002422432322088,Retail Orders
2022-11-14,56.85050871,800786184.4,1147,59507.80300404625,3383048.872994495,2949.475913683082,0.0003683225274288,Retail Orders
2022-11-15,58.98051138,837662149.4,750,488509.9203800404,28812564.91821787,38416.75322429049,0.0045861870745631,Normal
2022-11-16,61.1221964,865697101.7,759,114347.29291088636,6989157.695107524,9208.376409891336,0.0010636949565625,Normal
2022-11-17,58.52429719,827088058.3,714,105691.91111863186,6185544.8168858765,8663.228034854168,0.0010474372042876,Normal
2022-11-18,58.69466147,832051306.0,573,37473.30297961989,2199482.8325515315,3838.5389747845225,0.0004613344089606,Retail Orders
2022-11-19,58.40350038,828028832.6,442,19927.411026898088,1163830.5574818586,2633.1008087824857,0.0003179962707958,Retail Orders
2022-11-20,58.68394119,831736778.6,467,52319.786557612606,3070331.2774202907,6574.585176488846,0.0007904646452637,Normal
2022-11-21,56.26076228,798339556.2,521,824340.158556551,46378005.69840763,89017.28540961156,0.0111503037420972,Small Whale Orders
2022-11-22,56.0885642,793150895.1,561,124278.2245353374,6970587.175512287,12425.2890829096,0.0015665731652919,Normal
2022-11-23,57.2589783,815185294.7,422,45801.18362825461,2622528.979484546,6214.523648067645,0.0007623449157476,Normal
2022-11-24,58.46381884,830974604.8,340,43210.026103957,2526223.138213413,7430.068053568862,0.0008941390038456,Normal
2022-11-25,58.2154553,826199002.0,289,36116.94502875176,2102564.3988938555,7275.309338733064,0.0008805759049722,Normal
2022-11-26,59.11031372,838919257.7,293,76983.81866885077,4550537.672879362,15530.845299929562,0.001851292023324,Normal
2022-11-27,61.73062515,874867162.0,304,75987.7300824576,4690770.081719569,15430.164742498582,0.0017637151573073,Normal
2022-11-28,61.67454446,875730725.6,298,22368.643492858297,1379575.897610179,4629.449320839527,0.0005286384484988,Normal
2022-11-29,60.23147559,854443972.0,304,21206.55384351712,1277302.0301738223,4201.651415045468,0.0004917410096779,Retail Orders
2022-11-30,61.65077202,874909505.0,397,40002.939876663695,2466212.1264659604,6212.121225355064,0.0007100301448153,Normal
2022-12-01,65.51641398,931441058.4,309,39254.90338166901,2571840.5006983285,8323.108416499445,0.0008935732799664,Normal
2022-12-02,63.58906442,901913291.5,281,18202.63095659391,1157488.2725123365,4119.175347018991,0.0004567152281532,Retail Orders
2022-12-03,65.52782356,929422684.3,259,24211.724501157,1586541.611195145,6125.643286467741,0.0006590804582181,Normal
2022-12-04,62.87458694,895224369.4,238,24305.927283353674,1528225.138134539,6421.114025775372,0.0007172630957397,Normal
2022-12-05,64.51850831,915060363.8,266,32234.95214318017,2079751.027722222,7818.612886173767,0.0008544368432378,Normal
2022-12-06,64.35527694,914757814.1,242,14943.161515345506,961671.29767921,3973.848337517397,0.0004344153475668,Retail Orders
2022-12-07,63.92304911,907456368.5,222,140996.99403683087,9012957.774178715,40598.90889269693,0.0044739240697385,Normal
2022-12-08,61.40726149,872479838.1,233,30104.54083417505,1848637.4110405704,7934.066141805024,0.0009093695688238,Normal
2022-12-09,62.85007681,892619957.1,213,101547.28862602227,6382254.88999274,29963.637981186574,0.0033568191863572,Normal
2022-12-10,61.50526097,873300591.6,195,16871.29733276392,1037673.5453541096,5321.402796687742,0.0006093437755421,Normal
2022-12-11,61.27617103,869945683.3,212,17260.421750568017,1057652.555237738,4988.92714734782,0.0005734757057961,Normal
2022-12-12,59.75435429,847592333.3,455,39150.139583559816,2339391.3111789864,5141.519365228542,0.0006066028635736,Normal
2022-12-13,60.07636187,853942427.4,880,70235.22284256428,4219476.663509982,4794.859844897706,0.0005614968516667,Normal
2022-12-14,61.8465121,879824777.9,582,18284.185193980466,1130813.0808381536,1942.977802127412,0.0002208369042259,Retail Orders
2022-12-15,62.63689598,890657047.8,429,32317.285645434047,2024254.4593289995,4718.541863237761,0.0005297821282493,Normal
2022-12-16,60.72768245,863803697.7,608,83912.88150370456,5095834.821421449,8381.307272074751,0.0009702791611556,Normal
2022-12-17,54.7900096,776601847.4,612,28719.86669712821,1573561.772046375,2571.1793660888484,0.0003310807686972,Retail Orders
2022-12-18,55.71858896,790982009.4,356,12547.135713185584,699108.697428324,1963.7884759222584,0.0002482722050039,Retail Orders
2022-12-19,55.98333455,795502376.4,366,18293.002380458936,1024103.2721891792,2798.0963721015823,0.0003517395365635,Retail Orders
2022-12-20,53.68536145,763906808.6,291,27155.662529463647,1457861.5583084773,5009.833533706107,0.0006558173689913,Normal
2022-12-21,55.76843902,792385399.9,272,23338.531099160464,1301553.448419904,4785.1229721320005,0.0006038883317052,Normal
2022-12-22,55.96022958,794493147.0,232,13863.36182946395,775796.9107274113,3343.9522014112554,0.0004208912580351,Retail Orders
2022-12-23,55.64067649,790418453.0,249,20460.360610105843,1138428.305575638,4572.001227211398,0.0005784279465969,Normal
2022-12-24,54.56011011,774313173.2,189,10819.770586358583,590327.8745566634,3123.427907707214,0.0004033804429284,Retail Orders
2022-12-25,54.44289708,774653910.2,175,9635.33775436434,524575.7016918961,2997.575438239406,0.0003869567298079,Retail Orders
2022-12-26,54.45429271,773590301.1,242,9879.599144600968,537986.5836775666,2223.0850565188703,0.0002873724054396,Retail Orders
2022-12-27,55.96372926,794852913.5,260,19297.617525990216,1079966.6425875474,4153.717856105952,0.0005225769177615,Normal
2022-12-28,57.39656341,814976746.1,276,21653.27369827912,1242823.4968573628,4502.983684265807,0.0005525291004699,Normal
2022-12-29,53.72213478,763161982.4,276,27352.341024065536,1469426.151043372,5324.0077936354055,0.0006976248707898,Normal
2022-12-30,54.50489163,775425353.0,287,59851.53764882367,3262201.5734379995,11366.55600501045,0.0014658478680165,Normal
2022-12-31,52.57113144,750772235.8,246,24829.440310355905,1305311.7701373547,5306.145407062418,0.0007067583421499,Normal
2023-01-01,51.93095974,738478432.3,204,11509.941492499192,597722.3082567311,2930.0113149839763,0.000396763288788,Retail Orders
2023-01-02,51.98949376,739535655.9,231,30270.62842234212,1573754.6474746345,6812.790681708374,0.0009212254510456,Normal
2023-01-03,53.12893587,757374704.3,214,17376.927375284853,923217.6601391564,4314.101215603535,0.0005696125301135,Normal
2023-01-04,53.05178801,754392167.0,246,87734.31589582376,4654462.328107616,18920.578569543155,0.00250805607444,Normal
2023-01-05,56.83142913,807998606.7,220,16994.42491999583,965817.4554458488,4390.079342935676,0.0005433275882572,Normal
2023-01-06,55.42575277,788383377.0,245,17832.558503105334,988382.9788496776,4034.2162402027657,0.0005117074202596,Normal
2023-01-07,56.46518104,803054370.5,237,38201.88951889104,2157076.607754261,9101.589062254268,0.0011333714623316,Normal
2023-01-08,55.99711849,795816049.0,250,14669.938356034749,821474.2763638736,3285.8971054554945,0.0004128965619108,Retail Orders
2023-01-09,59.224168,843189687.4,270,28536.38435384284,1690043.6210845597,6259.420818831703,0.00074235025788,Normal
2023-01-10,61.24383829,872708604.7,212,13361.690643332926,818321.2210412878,3860.005759628716,0.0004423017876574,Retail Orders
2023-01-11,61.81802565,878728743.0,228,70242.1447954848,4342230.708678293,19044.87152929076,0.0021673208804199,Normal
2023-01-12,64.52342844,914733928.7,293,57404.0665753549,3703907.181839908,12641.32143972665,0.0013819670445254,Normal
2023-01-13,67.94453638,967031062.3,283,61059.98470042584,4148692.351840327,14659.690289188437,0.001515948231727,Normal
2023-01-14,71.2402002,1013110329.0,358,36748.62070531639,2617979.096120605,7312.790771286605,0.0007218158340666,Normal
2023-01-15,75.9479643,1080202134.0,337,77599.4030139143,5893516.689802076,17488.18008843346,0.0016189729253426,Normal
2023-01-16,78.99932962,1122095929.0,241,26541.61994295488,2096770.182522258,8700.291213785304,0.000775360732441,Normal
2023-01-17,80.43895901,1143086601.0,335,634806.088799269,51063140.956222825,152427.28643648606,0.0133347102750691,Small Whale Orders
2023-01-18,85.56928298,1214495738.0,294,97497.1882007716,8342764.486906141,28376.749955463063,0.00233650469636,Normal
2023-01-19,82.40100753,1166119391.0,261,57856.82192710487,4767460.419277238,18266.13187462544,0.0015664032358609,Normal
2023-01-20,81.3536695,1159557026.0,253,45789.85471173048,3725172.706671139,14724.00279316656,0.001269795487675,Normal
2023-01-21,87.75876186,1247119424.0,250,19168.082708513528,1682167.2057292226,6728.66882291689,0.0005395368473482,Normal
2023-01-22,84.49741788,1202526884.0,256,39614.17082145167,3347295.1458699047,13075.371663554315,0.0010873246858366,Normal
2023-01-23,85.54640116,1219104014.0,216,22609.58074003926,1934168.264046808,8954.482703920408,0.0007345134296244,Normal
2023-01-24,86.87681259,1236167720.0,250,80274.47719012779,6973990.7106069615,27895.962842427845,0.0022566487047912,Normal
2023-01-25,79.89375917,1136832386.0,246,178826.99273496616,14287160.690662725,58077.88898643384,0.0051087468743553,Small Whale Orders
2023-01-26,86.14378992,1225389860.0,237,165572.75931910923,14263064.99526007,60181.70884075978,0.0049112295445924,Normal
2023-01-27,88.89652638,1266784906.0,264,58616.9286395786,5210841.343122876,19738.035390616955,0.0015581205062619,Normal
2023-01-28,87.2463222,1242782101.0,207,23017.34424120423,2008178.631856419,9701.346047615549,0.0007806152051763,Normal
2023-01-29,84.07252856,1197690266.0,228,63292.81599086073,5321187.080034463,23338.53982471256,0.0019486289976003,Normal
2023-01-30,87.88637151,1250747879.0,246,33942.94975091926,2983122.691954552,12126.515007945334,0.0009695411210803,Normal
2023-01-31,81.15411218,1154133048.0,239,61195.36581311542,4966255.582093705,20779.31205896948,0.0018004260509633,Normal
2023-02-01,83.17334135,1184852518.0,238,122632.82898002536,10199782.145471822,42856.227501982445,0.0036170094464011,Normal
2023-02-02,88.30082982,1258331363.0,298,70566.76194003405,6231103.6370154,20909.743748373825,0.0016617040918794,Normal
2023-02-03,88.62902334,1265652783.0,199,64015.88568692927,5673665.426677626,28510.8815410936,0.0022526621774981,Normal
2023-02-04,90.79379853,1294488762.0,199,17480.76128928219,1587144.7186501103,7975.601601256835,0.000616119802302,Normal
2023-02-05,88.7940394,1267144667.0,206,21704.660884092405,1927244.51370574,9355.555891775435,0.0007383178997173,Normal
2023-02-06,85.70457555,1222525787.0,197,51598.52355389331,4422229.560193104,22447.86578778225,0.0018361875083934,Normal
2023-02-07,84.26007497,1200733251.0,214,32880.57959487328,2770520.1017210744,12946.35561551904,0.001078204139407,Normal
2023-02-08,89.05062599,1267714978.0,170,26643.24480204061,2372597.6280265297,13956.456635450177,0.0011009143914563,Normal
2023-02-09,86.99247376,1240332873.0,262,56804.37675212935,4941553.254062765,18860.89028268231,0.0015206313315766,Normal
2023-02-10,77.70648577,1108129537.0,284,29187.48695671613,2268057.0398641224,7986.116337549727,0.0007206843668448,Normal
2023-02-11,78.76211837,1125806245.0,207,18192.40772352444,1432872.570555534,6922.089712828667,0.0006148562191381,Normal
2023-02-12,79.46019636,1132229577.0,204,23415.120161231363,1860570.045804439,9120.441401002152,0.0008055293366534,Normal
2023-02-13,77.34187573,1104582764.0,370,142699.28549056692,11036630.405171216,29828.730824787075,0.0027004523152949,Normal
2023-02-14,82.49756514,1176415473.0,259,35123.24418621402,2897582.1251803176,11187.575772896978,0.0009509884925575,Normal
2023-02-15,83.10409558,1187809181.0,238,24134.93335872052,2005711.8086600408,8427.360540588406,0.0007094877422561,Normal
2023-02-16,89.42328265,1269991745.0,248,42738.59336185991,3821825.314261012,15410.585944600856,0.0012134398515008,Normal
2023-02-17,84.48981236,1207327062.0,235,59703.843259007925,5044366.514124431,21465.38942180609,0.0017779266362378,Normal
2023-02-18,86.61824929,1235912921.0,230,33726.541090272,2921333.9438466085,12701.451929767863,0.0010276979643105,Normal
2023-02-19,91.06778451,1300011194.0,229,39227.8543252716,3572393.784483506,15599.972858006577,0.0011999875793382,Normal
2023-02-20,90.26869583,1294008986.0,216,55144.26765308636,4977801.123544561,23045.37557196556,0.001780928557784,Normal
2023-02-21,91.73252312,1309824100.0,198,59343.22269003248,5443703.547428712,27493.45225974097,0.0020990186590505,Normal
2023-02-22,87.53692713,1247068738.0,185,134839.0228159722,11803393.714522164,63802.12818660629,0.0051161677173408,Small Whale Orders
2023-02-23,84.93008625,1214080782.0,178,55544.529658989726,4717401.694653681,26502.25671153753,0.0021829071923763,Normal
2023-02-24,85.61900514,1218683189.0,216,32089.056553247072,2747433.0979702114,12719.597675788016,0.0010437165122647,Normal
2023-02-25,81.47626874,1162849298.0,198,22486.46746216392,1832113.465960533,9253.098312931985,0.000795726353264,Normal
2023-02-26,79.8459877,1138763554.0,164,7091.281771393691,566210.3970959348,3452.502421316676,0.0003031799190612,Retail Orders
2023-02-27,82.13956742,1172390001.0,171,392791.3231749254,32263709.371917795,188676.6629936713,0.0160933360769656,Small Whale Orders
2023-02-28,80.21294659,1146654377.0,226,59434.23367752135,4767395.0115926,21094.66819288761,0.0018396710129932,Normal
2023-03-01,77.55428127,1108137044.0,210,134708.50831234342,10447221.543117614,49748.67401484578,0.0044893972531835,Normal
2023-03-02,82.79294003,1182105642.0,200,18088.361858111897,1497588.6585595976,7487.943292797988,0.0006334411263048,Normal
2023-03-03,79.81268656,1139653977.0,257,52758.29397932832,4210781.180812467,16384.362571254736,0.0014376611587303,Normal
2023-03-04,76.85350822,1097749813.0,164,11761.238388093388,903892.4311367146,5511.53921424826,0.0005020760786272,Normal
2023-03-05,75.42474083,1077853012.0,167,6285.058560350101,474048.91301577934,2838.616245603469,0.0002633583813377,Retail Orders
2023-03-06,74.95231782,1071246170.0,178,23629.410774485223,1771079.106268549,9949.88261948623,0.0009288138336575,Normal
2023-03-07,76.70597205,1097229204.0,156,15478.969762154544,1187329.4219386214,7611.086038068086,0.000693664187056,Normal
2023-03-08,75.27216865,1073022401.0,205,14559.426787003234,1095919.628558635,5345.949407603098,0.0004982141474978,Retail Orders
2023-03-09,71.63150587,1024759062.0,253,41703.51121237255,2987285.308208675,11807.451811101482,0.001152217360055,Normal
2023-03-10,68.68147206,979879919.2,298,46685.45523286651,3206425.789184502,10759.818084511751,0.0010980751695877,Normal
2023-03-11,68.3692813,980306652.3,326,55354.60825432629,3784554.782991336,11609.063751507168,0.0011842277846702,Normal
2023-03-12,67.01474087,956245698.3,272,53153.76527692108,3562085.8062976697,13095.903699623785,0.0013695124300067,Normal
2023-03-13,73.05400616,1042230497.0,284,43170.38948141989,3153769.899105248,11104.82358839876,0.0010654863411081,Normal
2023-03-14,76.02233493,1091630762.0,243,71380.35069458916,5426500.927924915,22331.27953878566,0.0020456806748347,Normal
2023-03-15,79.40123512,1137826524.0,207,33887.48104150955,2690707.849801442,12998.588646383778,0.0011424051357747,Normal
2023-03-16,74.12033803,1061589127.0,215,57879.05674427567,4290015.250743264,19953.559305782623,0.0018795934131475,Normal
2023-03-17,75.45380542,1081559176.0,239,28751.784728014023,2169431.570345297,9077.119541193711,0.0008392624040012,Normal
2023-03-18,80.7828959,1155739483.0,231,24776.55662655511,2001521.9947234564,8664.597379755223,0.0007497015986045,Normal
2023-03-19,78.09500412,1118933015.0,207,26832.01923871728,2095446.6529955447,10122.930690799734,0.0009046949687868,Normal
2023-03-20,80.27596352,1155065850.0,217,18807.93931849878,1509825.4506181818,6957.7209705907,0.0006023657413636,Normal
2023-03-21,76.64546557,1098292040.0,207,19365.89069968027,1484307.7088547272,7170.568641810276,0.0006528836029632,Normal
2023-03-22,79.34697185,1133660058.0,212,32558.62636918817,2583428.4099906418,12185.983065993592,0.0010749239139193,Normal
2023-03-23,75.66382241,1083107591.0,223,42147.70056976469,3189056.130900531,14300.700138567405,0.001320339757324,Normal
2023-03-24,77.60637072,1110210373.0,227,30227.98357630735,2345884.09954098,10334.291187405195,0.000930840806277,Normal
2023-03-25,73.44707305,1052509788.0,204,38077.65187097785,2796692.078540179,13709.2748948048,0.0013025318197615,Normal
2023-03-26,71.80972022,1029225751.0,175,12347.198139403066,886648.8438914388,5066.564822236793,0.0004922695353584,Retail Orders
2023-03-27,72.98861244,1049354675.0,257,23138.50119312325,1688847.0960273503,6571.389478705643,0.0006262314959149,Normal
2023-03-28,69.96925821,1000622821.0,311,30161.42740760485,2110372.7022648747,6785.764315964228,0.0006781540630047,Normal
2023-03-29,70.7323388,1012071252.0,282,27170.82153045641,1921855.753966577,6815.091326122614,0.0006733805858683,Normal
2023-03-30,72.8935059,1044715440.0,242,22546.100591010887,1643464.3164528457,6791.174861375394,0.0006500502051903,Normal
2023-03-31,71.37753573,1022260830.0,291,81523.79621394274,5818967.677105937,19996.45249864583,0.0019561008220031,Normal
2023-04-01,74.31832495,1067120402.0,202,33331.59005534891,2477147.940833609,12263.108617988164,0.0011491775993603,Normal
2023-04-02,74.21807643,1065383048.0,200,5472.947982843766,406191.67168811295,2030.9583584405648,0.0001906317509231,Retail Orders
2023-04-03,73.14005939,1048739406.0,189,27758.92155608979,2030289.171214759,10742.270747168037,0.0010243031477323,Normal
2023-04-04,73.65451832,1059669777.0,224,16235.420094824922,1195812.0468071783,5338.446637532046,0.0005037839856719,Normal
2023-04-05,76.41080704,1096580739.0,192,47907.838523462255,3660676.605119752,19066.02398499871,0.0017386794521291,Normal
2023-04-06,78.30621183,1125777759.0,190,21530.623542617657,1685981.5679602032,8873.587199790543,0.0007882183787031,Normal
2023-04-07,80.47386231,1156794192.0,195,14588.0838471268,1173959.4508804171,6020.304876309831,0.0005204300745927,Normal
2023-04-08,78.38232819,1124919404.0,140,9243.508290598233,724527.7004606565,5175.197860433261,0.0004600505460241,Retail Orders
2023-04-09,76.37217215,1096901782.0,160,15532.151493692443,1186224.147736159,7413.900923350993,0.0006758946922151,Normal
2023-04-10,76.30939227,1097472353.0,168,15210.716602363136,1160720.5399175305,6909.050832842442,0.0006295421305107,Normal
2023-04-11,78.39573903,1126362165.0,221,35794.38100137209,2806126.9517239565,12697.40702137537,0.0011272934599481,Normal
2023-04-12,79.12307588,1134900939.0,207,42193.07007579286,3338445.485217116,16127.755967232444,0.0014210716911947,Normal
2023-04-13,78.99228279,1135804719.0,202,51925.52529250278,4101715.777924677,20305.523653092463,0.001787765389016,Normal
2023-04-14,81.17364857,1166043887.0,224,27103.77540098785,2200112.3393199984,9821.930086249991,0.0008423293664803,Normal
2023-04-15,82.60845447,1186689170.0,167,24217.918778691383,2000604.8407876848,11979.66970531548,0.0010095035842718,Normal
2023-04-16,82.6612622,1189585043.0,192,31937.0748308868,2639958.9164969544,13749.786023421637,0.0011558472514706,Normal
2023-04-17,83.10568845,1192213229.0,176,31902.91431439961,2651313.65765954,15064.28214579284,0.0012635560300256,Normal
2023-04-18,81.05303091,1163524096.0,157,46545.75511928029,3772674.528412317,24029.77406632049,0.0020652579649128,Normal
2023-04-19,81.86546639,1176276774.0,205,39023.54591664532,3194680.7866577483,15583.80871540365,0.0013248419980622,Normal
2023-04-20,73.87688747,1059915323.0,155,30014.82275014585,2217401.6827445207,14305.817308029164,0.0013497132268583,Normal
2023-04-21,72.35335785,1038531766.0,172,19670.5990712905,1423233.8937289591,8274.615661214879,0.0007967609592805,Normal
2023-04-22,69.05136366,991262639.2,126,24925.116652774577,1721113.2942586597,13659.629319513171,0.0013780030417102,Normal
2023-04-23,70.93566817,1018555643.0,129,5151.744063770067,365442.4074043608,2832.8868791035725,0.0002781278468753,Retail Orders
2023-04-24,70.32424022,1007908451.0,166,22634.57655812045,1591759.3991512435,9588.91204307978,0.0009513673621414,Normal
2023-04-25,69.82854828,1002965636.0,148,12866.697570783032,898462.8125255817,6070.694679226904,0.0006052744442409,Normal
2023-04-26,71.26398091,1023982065.0,153,15396.131479012887,1097189.6198082245,7171.17398567467,0.0007003222254361,Normal
2023-04-27,69.34460704,996052806.7,152,23101.31919907619,1601951.901965546,10539.157249773329,0.0010580922194969,Normal
2023-04-28,71.43293425,1025960792.0,143,15407.43410365504,1100598.2272875982,7696.491099913274,0.0007501739988435,Normal
2023-04-29,72.18883759,1037147340.0,106,6854.357185241314,494808.0776292348,4668.000732351272,0.00045008076985,Retail Orders
2023-04-30,71.75212896,1031694242.0,106,8305.583663910116,595943.3101409478,5622.106699442904,0.000544939233987,Normal
2023-05-01,70.67539667,1017790595.0,131,13049.371116081476,922269.4799230988,7040.225037580907,0.0006917164564269,Normal
2023-05-02,69.00776909,990848849.1,126,24018.5072053148,1657463.5991108646,13154.473008816383,0.00132759633528,Normal
2023-05-03,69.14688052,995069133.9,127,14158.146915728172,978991.6931664624,7708.596009184743,0.000774679441515,Normal
2023-05-04,71.72961133,1030907839.0,114,7341.524730658005,526604.7154996815,4619.339609646329,0.0004480846332614,Retail Orders
2023-05-05,70.8522759,1019109603.0,122,24939.15469502623,1766995.8691647789,14483.572698071956,0.0014211987263623,Normal
2023-05-06,73.44396685,1057368777.0,85,43333.78067530231,3182604.751402073,37442.40884002439,0.0035410927251187,Normal
2023-05-07,69.88898931,1003494612.0,82,7674.750684799626,536380.5685668762,6541.226445937515,0.000651844700282,Normal
2023-05-08,69.05692873,992064772.5,180,74363.21839356495,5135295.472737839,28529.419292988,0.002875761753045,Normal
2023-05-09,64.60065406,929229752.9,132,14496.380894316306,936475.687275721,7094.512782391826,0.0007634831709005,Normal
2023-05-10,64.46520642,926582173.3,140,23410.63304824229,1509171.291877813,10779.79494198438,0.0011633933020308,Normal
2023-05-11,64.76562127,931608819.9,125,12406.826764876145,803535.8434164678,6428.286747331742,0.0006900199536562,Normal
2023-05-12,62.35898427,897628916.2,142,23492.77437168905,1464985.5475028171,10316.79963030153,0.0011493390469166,Normal
2023-05-13,63.28805822,910134160.4,98,4252.84928778809,269154.5733264182,2746.4752380246755,0.0003017659766575,Retail Orders
2023-05-14,62.19435258,897339060.0,98,22378.573520361027,1391820.8917627856,14202.253997579444,0.0015827076554072,Normal
2023-05-15,62.1793447,894842016.5,112,28305.976192506376,1760047.0507438476,15714.705810212923,0.001756143042062,Normal
2023-05-16,62.89517728,906511206.2,118,16801.072411005935,1056706.427784335,8955.139218511316,0.0009878685621604,Normal
2023-05-17,62.81955801,904779427.1,123,16600.549815180228,1042839.2021126092,8478.36749685048,0.0009370645753988,Normal
2023-05-18,64.78667038,932132049.8,130,28330.470562161965,1835436.8580210807,14118.745061700622,0.0015146722038717,Normal
2023-05-19,65.05877889,938909459.5,104,42074.97302714404,2737346.366975677,26320.638143996897,0.0028033201580494,Normal
2023-05-20,65.3740211,942044003.0,90,6677.081900918777,436507.6930770922,4850.085478634357,0.0005148470202229,Normal
2023-05-21,65.15169693,938111087.9,102,23862.502447343864,1554682.5274407305,15241.985563144415,0.001624752735549,Normal
2023-05-22,63.98683035,921179142.4,119,7257.169465478547,464363.271408776,3902.2123647796298,0.0004236105861681,Retail Orders
2023-05-23,64.33118391,926230683.3,94,24882.517985317256,1600721.8406573269,17028.95575167369,0.001838522093762,Normal
2023-05-24,65.42099218,941989033.9,112,10365.560925590347,678125.2802543597,6054.690002271069,0.0006427558903954,Normal
2023-05-25,63.922485,922944488.6,131,19344.847263453,1236570.7090253648,9439.471061262328,0.0010227561004867,Normal
2023-05-26,63.45100393,913218280.6,136,19055.56485848773,1209094.720724275,8890.40235826673,0.0009735243530632,Normal
2023-05-27,64.64149301,930952938.6,96,4837.823023008486,312724.10312542017,3257.542740889793,0.0003499148674248,Retail Orders
2023-05-28,65.6301085,943964972.7,91,6174.355626282723,405223.6296705206,4453.00691945627,0.0004717343384807,Retail Orders
2023-05-29,69.17704705,996065361.9,114,7305.998064116955,505407.37182862754,4433.397998496733,0.00044509107214,Retail Orders
2023-05-30,67.30634158,969792987.6,101,10636.660392684114,715914.697660454,7088.264333271822,0.0007309048862905,Normal
2023-05-31,66.69193781,961104860.2,136,20127.93612559477,1342371.0643318186,9870.375473028078,0.0010269821620685,Normal
2023-06-01,63.88678714,920943826.1,118,10295.912385444706,657772.7629809956,5574.345448991488,0.0006052861522073,Normal
2023-06-02,62.65579452,904359762.5,126,12222.985144470977,765840.8456329858,6078.101949468141,0.000672088940873,Normal
2023-06-03,63.63993139,917988553.1,110,7142.249576456116,454532.2730159238,4132.111572872034,0.0004501266991748,Retail Orders
2023-06-04,63.52358859,915951815.1,153,21143.597676298185,1343117.200101646,8778.543791514025,0.0009584067247637,Normal
2023-06-05,62.84199935,906675363.0,289,112796.09712778647,7088332.262386896,24527.10125393389,0.0027051690444944,Normal
2023-06-06,59.93516479,866617300.9,403,112191.59604376412,6724221.796936116,16685.413888178948,0.0019253497329041,Normal
2023-06-07,61.8132496,892390032.7,482,19252.52151515912,1190060.9178459006,2469.0060536222004,0.0002766734234079,Retail Orders
2023-06-08,59.09275753,852316249.7,350,16439.15644115595,971435.0855749664,2775.528815928475,0.0003256454182242,Retail Orders
2023-06-09,59.84080244,863495516.0,301,11938.500738084314,714409.4640974976,2373.4533690946764,0.0002748657433786,Retail Orders
2023-06-10,59.96493299,863880662.8,610,34784.298429614355,2085838.124435987,3419.4067613704706,0.0003958193427188,Retail Orders
2023-06-11,52.71305373,760358574.5,307,25900.320784067662,1365285.0011147948,4447.182414054706,0.0005848796295851,Normal
2023-06-12,52.0876925,750806229.4,325,31518.57625804713,1641729.90816696,5051.4766405137225,0.0006728069697224,Normal
2023-06-13,53.75175974,775180211.4,265,17387.842143189195,934627.1132777524,3526.894767085858,0.0004549773994767,Retail Orders
2023-06-14,54.95393875,793555829.7,223,19319.21991068176,1061667.2276693855,4760.839585961371,0.0005999375731082,Normal
2023-06-15,52.01509786,749488710.9,327,54145.64297961005,2816390.9182770387,8612.816263844155,0.0011491589050756,Normal
2023-06-16,50.0898392,722550283.8,289,20512.604957604733,1027473.083899544,3555.270186503612,0.0004920446737361,Retail Orders
2023-06-17,50.65219389,731226875.0,190,9832.3065152642,498027.8959970725,2621.199452616171,0.0003584659621018,Retail Orders
2023-06-18,51.06149994,737267093.5,202,10011.40123164424,511197.1633889181,2530.6790266778125,0.0003432513194999,Retail Orders
2023-06-19,50.90387953,734590824.6,198,15607.777111614036,794496.4058206923,4012.608110205517,0.0005462371671182,Normal
2023-06-20,51.74318281,747073332.4,203,23412.79746965293,1211452.6595657575,5967.747091456933,0.0007988167737543,Normal
2023-06-21,53.06014429,765364574.6,249,29940.66450835118,1588655.9789515955,6380.144493781508,0.0008336085449363,Normal
2023-06-22,55.07331116,795805987.8,193,21123.380915874382,1163334.5299311555,6027.640051456766,0.0007574258228591,Normal
2023-06-23,55.53911808,801766145.8,194,45195.652089546245,2510126.658103908,12938.797206721176,0.0016137869220969,Normal
2023-06-24,56.99935754,821648008.0,215,12931.75717923897,737101.8510799039,3428.380702697227,0.0004172566195398,Retail Orders
2023-06-25,57.04676998,823190668.8,356,219023.09089667368,12494559.886691175,35097.078333402176,0.0042635418091612,Normal
2023-06-26,68.91366985,993049972.9,318,183101.3113020556,12618183.316171931,39679.82174896834,0.0039957527648977,Normal
2023-06-27,63.30079772,916611901.1,255,82875.03605723768,5246055.893496908,20572.7682097918,0.0022444360786831,Normal
2023-06-28,64.97220463,936901415.4,254,50989.35252881886,3312890.646453627,13042.87656084105,0.0013921290272864,Normal
2023-06-29,59.46283479,858755428.9,246,62752.84276301284,3731461.921819879,15168.544397641785,0.0017663404372385,Normal
2023-06-30,63.249608,914632233.5,380,118045.26872108536,7466316.97286331,19648.202560166606,0.0021482079726164,Normal
2023-07-01,70.52590037,1017755923.0,221,27686.36659305596,1952605.9319491608,8835.32095904598,0.0008681178619921,Normal
2023-07-02,68.14912711,983690553.0,227,46871.47964375163,3194250.424075807,14071.58777125906,0.0014304892659936,Normal
2023-07-03,70.34348218,1013188704.0,302,75617.56918109105,5319203.130184995,17613.25539796356,0.0017383983189338,Normal
2023-07-04,72.78318806,1052762912.0,297,83148.97671518287,6051847.609257717,20376.591276962008,0.001935534681617,Normal
2023-07-05,77.04990599,1117690761.0,263,249752.0147681784,19243369.25870124,73168.70440570814,0.0065464175744142,Small Whale Orders
2023-07-06,74.71117826,1083132195.0,196,135634.9979053366,10133450.506800331,51701.27809592005,0.0047733119128565,Normal
2023-07-07,70.83503133,1025605826.0,290,52376.08445133684,3710061.583053172,12793.315803631627,0.00124739110088,Normal
2023-07-08,74.72876989,1078841835.0,204,13425.89483919654,1003300.6060056564,4918.140225517925,0.0004558722201867,Retail Orders
2023-07-09,73.54007324,1064036046.0,212,11726.805251212052,862390.1170453508,4067.8779105912777,0.0003823064007919,Retail Orders
2023-07-10,71.79326388,1037952513.0,217,164297.6994589356,11795468.092132296,54356.99581627786,0.0052369443818936,Small Whale Orders
2023-07-11,69.26528079,1001280626.0,233,30070.304638492857,2082828.094226048,8939.176370068873,0.0008927743269916,Normal
2023-07-12,73.36033348,1062195963.0,219,56313.07779361528,4131146.1662248,18863.68112431416,0.0017759134643137,Normal
2023-07-13,76.08995136,1105915933.0,290,180516.4019495107,13735484.24402048,47363.73877248441,0.0042827612261631,Normal
2023-07-14,79.01189392,1142087334.0,324,141491.97780347365,11179549.140739055,34504.781298577334,0.003021203394116,Normal
2023-07-15,81.33658052,1179478004.0,224,23308.514338951783,1895834.8533317265,8463.54845237378,0.0007175672987263,Normal
2023-07-16,78.9782779,1144077945.0,248,53186.39989860661,4200570.271692685,16937.783353599534,0.0014804745976988,Normal
2023-07-17,76.79917014,1108695274.0,231,62570.75419711864,4805381.997372633,20802.5194691456,0.0018763063176136,Normal
2023-07-18,75.1072526,1088597637.0,240,893756.8968730739,67127625.01643811,279698.43756849214,0.0256934635959063,Small Whale Orders
2023-07-19,72.0145771,1042029614.0,218,72199.7072139153,5199431.381753929,23850.60266859601,0.0022888603498552,Normal
2023-07-20,71.74797754,1039414599.0,212,29334.395136717,2104683.523418656,9927.752468955923,0.0009551292120109,Normal
2023-07-21,72.38091416,1049451063.0,287,40310.108071548886,2917682.4721071026,10166.141017794782,0.0009687103454575,Normal
2023-07-22,74.39417199,1077873733.0,187,24805.219070589435,1845363.7337870584,9868.25526089336,0.0009155298026817,Normal
2023-07-23,71.50046364,1034676814.0,168,4284.442345858922,306339.61416776216,1823.4500843319177,0.0001762337823423,Retail Orders
2023-07-24,72.30120451,1048147602.0,210,18790.644920738803,1358586.261289129,6469.458387091091,0.0006172278002398,Normal
2023-07-25,70.35654126,1018189127.0,142,17896.128748932,1259109.7207185065,8866.969864214832,0.000870856860389,Normal
2023-07-26,70.082348,1015204198.0,189,16698.07292531441,1170240.1576812624,6191.746866038425,0.0006099016215886,Normal
2023-07-27,72.03448065,1043133794.0,166,19123.00039755824,1377515.402107851,8298.285554866574,0.0007955149763719,Normal
2023-07-28,72.35163539,1048097186.0,152,15374.97504010273,1112404.5882318637,7318.451238367523,0.0006982607468204,Normal
2023-07-29,72.77518744,1054758995.0,145,10247.087038280046,745733.6799248247,5142.990896033274,0.0004875986761348,Retail Orders
2023-07-30,74.51660758,1079198446.0,161,14886.496962690448,1109291.252409666,6890.007778942026,0.0006384375185564,Normal
2023-07-31,70.72067695,1027014041.0,310,94821.111900454,6705813.222751808,21631.655557263897,0.002106266778612,Normal
2023-08-01,65.33615693,947539911.0,374,101480.11013263935,6630320.40089981,17728.129414170613,0.0018709638726943,Normal
2023-08-02,65.33164273,947713169.7,244,51234.22432951637,3347216.039444637,13718.098522314089,0.0014474947653894,Normal
2023-08-03,64.55909655,936980168.8,225,14492.008481689863,935590.974772835,4158.182110101489,0.0004437854981954,Retail Orders
2023-08-04,63.01131176,915925352.4,235,34698.94548106942,2186426.071450908,9303.940729578331,0.001015796833792,Normal
2023-08-05,64.12201406,929295577.9,152,7477.817213227453,479492.7004846807,3154.557240030794,0.0003394568224632,Retail Orders
2023-08-06,64.37289313,932665387.2,164,14307.503634727756,921015.4024354162,5615.947575825709,0.0006021395939958,Normal
2023-08-07,65.76140972,953543187.6,194,21479.76606224933,1412539.6967093295,7281.132457264585,0.0007635870668417,Normal
2023-08-08,64.85164624,941687999.7,176,23791.2470983038,1542901.5404276245,8766.486025156957,0.0009309331782872,Normal
2023-08-09,66.29074594,962919527.2,141,85691.93708710694,5680582.430547869,40287.81865636786,0.0041839237359239,Normal
2023-08-10,67.44338825,977968339.8,143,53816.41720120369,3629561.519524759,25381.549087585725,0.0025953344351389,Normal
2023-08-11,66.98376302,971959670.6,150,53706.90493022687,3597490.592383986,23983.27061589324,0.0024675170525427,Normal
2023-08-12,65.91551555,956552058.9,118,4939.265517573131,325574.2330291705,2759.103669738733,0.0002884426042542,Retail Orders
2023-08-13,66.11267386,958645426.1,124,6942.953535436312,459017.2227134349,3701.751796076088,0.0003861440001999,Retail Orders
2023-08-14,65.64078034,952357660.0,158,27501.579399256152,1805225.1323496425,11425.47552120027,0.0011997042708933,Normal
2023-08-15,65.45868826,950369675.7,168,11757.215475468118,769611.9026143152,4581.023229847114,0.0004820253999027,Retail Orders
2023-08-16,63.53583842,922529321.1,183,45278.47441137751,2876805.834105385,15720.250459592273,0.001704038028932,Normal
2023-08-17,60.35491349,876213024.3,247,58446.45261443705,3527530.591341732,14281.500369804584,0.0016299119019845,Normal
2023-08-18,55.31148522,805638008.8,294,35592.05133658714,1968649.221453121,6696.085787255513,0.0008311531623525,Normal
2023-08-19,55.84396063,809563370.6,170,14755.436724015057,824002.0274943529,4847.0707499667815,0.0005987265390199,Normal
2023-08-20,56.52809119,820884774.6,128,12985.173751805813,734027.0859600734,5734.586609063073,0.0006985860606145,Normal
2023-08-21,57.03554895,828304030.7,200,56043.09070060356,3196448.4429635643,15982.24221481782,0.0019295139975729,Normal
2023-08-22,55.60747225,808478478.2,279,151407.04023247008,8419362.788181715,30176.92755620686,0.0037325579307185,Normal
2023-08-23,54.83965043,796216944.6,220,24733.15916185079,1356357.802465449,6165.262738479314,0.0007743194590736,Normal
2023-08-24,57.13865443,829067683.2,174,25735.12678453109,1470470.5160535593,8450.979977319306,0.0010193353508486,Normal
2023-08-25,57.31322692,831325007.0,175,27239.588659553512,1561188.726052449,8921.078434585423,0.0010731156117604,Normal
2023-08-26,56.87168885,825814207.8,152,10261.52547972938,583590.2842095162,3839.4097645362913,0.0004649241594867,Retail Orders
2023-08-27,56.6130766,821102890.0,155,14893.496537205914,843166.6603026731,5439.784905178536,0.000662497352211,Normal
2023-08-28,58.21152245,844816006.8,153,37672.24828056104,2192958.9265258526,14333.06487925394,0.0016965901171244,Normal
2023-08-29,58.25781936,846482433.1,192,51785.57512211879,3016914.6809181063,15713.09729644847,0.001856281557894,Normal
2023-08-30,59.38398935,861461147.1,164,10981.283462845757,652112.4202069634,3976.295245164411,0.0004615756913181,Retail Orders
2023-08-31,57.72478989,839019167.6,222,27987.95330823153,1615598.7241687952,7277.471730490069,0.0008673784832958,Normal
2023-09-01,55.50481196,806175780.9,195,15496.106381318645,860108.4708072473,4410.812670806396,0.0005471279062591,Normal
2023-09-02,54.53709474,793183834.8,127,8047.857147212771,438906.74769152905,3455.958643240386,0.0004357071452561,Retail Orders
2023-09-03,55.05092049,800094794.2,148,4030.07377154849,221859.2707663504,1499.0491267996647,0.0001873589401738,Retail Orders
2023-09-04,54.76020353,796642547.7,165,7321.439301516532,400923.5062835863,2429.839432021736,0.0003050099996588,Retail Orders
2023-09-05,54.63248143,792940019.0,161,24656.945591101285,1347070.1221263614,8366.895168486717,0.0010551737796054,Normal
2023-09-06,55.39593324,804643247.2,159,33630.894895412224,1863014.808427712,11717.074266840957,0.0014561825141283,Normal
2023-09-07,55.10162376,800463641.1,160,12722.16001320057,701011.6744618944,4381.32296538684,0.0005473481542979,Normal
2023-09-08,56.1509215,815070801.6,146,8212.881329848993,461160.85484116647,3158.635992062784,0.000387529032553,Retail Orders
2023-09-09,56.4382514,819886650.0,112,7373.502786968994,416147.6039895567,3715.603607049613,0.0004531850356448,Retail Orders
2023-09-10,56.15355411,816156523.2,166,14130.29930827557,793466.5267977478,4779.918836131011,0.0005856620268609,Normal
2023-09-11,53.95174844,785462845.1,204,20440.743764967345,1102813.8655340166,5405.950321245179,0.000688250291528,Normal
2023-09-12,52.02673781,756146018.0,179,11277.99517659936,586757.2980753796,3277.97373226469,0.0004335106783918,Retail Orders
2023-09-13,53.08476489,771361047.1,143,14203.173379398191,753972.1195372598,5272.532304456362,0.0006835362408147,Normal
2023-09-14,53.6069865,780104123.9,136,5688.059255984884,304919.7157467817,2242.056733432218,0.000287404804659,Retail Orders
2023-09-15,54.25399852,789070077.0,174,12590.16447204596,683066.7646329381,3925.67106110884,0.0004975060106237,Retail Orders
2023-09-16,55.84642475,812127413.8,181,22404.63344484792,1251218.6757290324,6912.810363143825,0.0008511977610506,Normal
2023-09-17,59.07485277,858131390.4,152,27747.36868627297,1639171.719896484,10784.024473003185,0.0012566868656298,Normal
2023-09-18,59.21347641,858154765.7,177,41768.2934865415,2473245.861051282,13973.140457916848,0.0016282774409018,Normal
2023-09-19,60.51404735,880480063.1,179,15360.728396175837,929539.845496674,5192.960030707676,0.0005897873499173,Normal
2023-09-20,61.81379796,898791785.2,177,9992.660333212849,617684.2869201251,3489.7417340120064,0.0003882703192748,Retail Orders
2023-09-21,65.44945642,953473604.0,177,62488.6198235833,4089846.199889563,23106.47570559075,0.0024233996209915,Normal
2023-09-22,62.45096942,907767543.0,142,10193.032839870326,636564.7821797974,4482.850578730968,0.0004938324368721,Retail Orders
2023-09-23,64.41265582,937329307.8,140,6576.343526955117,423599.7521558449,3025.712515398892,0.0003228014413099,Retail Orders
2023-09-24,62.88314063,913603730.5,148,6886.8380055044745,433066.0027961666,2926.1216405146392,0.0003202834601948,Retail Orders
2023-09-25,61.69372063,897612047.0,161,35180.73742055117,2170430.5859808708,13480.935316651372,0.0015018665760678,Normal
2023-09-26,62.22939912,904009121.8,179,42689.9716622998,2656571.284994744,14841.180363099127,0.0016417069258713,Normal
2023-09-27,61.00537817,887846260.9,206,46625.18823158041,2844387.240314997,13807.7050500728,0.0015551909894936,Normal
2023-09-28,60.60891196,882031854.8,205,39024.612960506594,2365239.3311964194,11537.752835104486,0.0013080879984454,Normal
2023-09-29,65.68109508,956822299.0,200,53533.73934562922,3516154.62394821,17580.77311974105,0.0018374125621983,Normal
2023-09-30,66.08525274,962902839.7,180,66481.84912818241,4393469.802258483,24408.16556810268,0.0025348523819607,Normal
2023-10-01,67.50160619,984291197.1,168,45503.86493001899,3071583.9706290937,18283.23792041128,0.0018575029396055,Normal
2023-10-02,72.2713242,1053197254.0,241,66457.36691053757,4802961.909469813,19929.302528920387,0.0018922668525036,Normal
2023-10-03,69.30805358,1008352444.0,189,24953.458559085542,1729475.642819411,9150.66477682228,0.00090748674546,Normal
2023-10-04,65.23495586,951892415.8,219,19160.25140740456,1249918.1548285391,5707.388834833512,0.0005995833919988,Normal
2023-10-05,66.66356943,971626067.4,222,31703.84433190753,2113491.4278180297,9520.231656837972,0.0009798246440951,Normal
2023-10-06,66.8199782,972501882.6,195,22909.61271826111,1530819.8224046498,7850.358063613588,0.0008072331996546,Normal
2023-10-07,69.02096643,1006692554.0,181,20709.20942494815,1429369.6485111855,7897.069881277268,0.0007844569675119,Normal
2023-10-08,66.7288793,973304998.6,133,11888.187825960342,793285.4505342371,5964.552259655918,0.0006128143046871,Normal
2023-10-09,65.99139431,962197302.6,174,37310.19512835685,2462151.798498438,14150.29769251976,0.0014706232967275,Normal
2023-10-10,63.30657267,924318364.6,160,11899.886506201688,753341.0298696096,4708.38143668506,0.0005093895801499,Normal
2023-10-11,64.06395646,935640033.8,163,8036.383922275543,514842.54969250446,3158.5432496472667,0.0003375810285521,Retail Orders
2023-10-12,63.10916024,920974153.2,158,9330.96916459947,588869.6282032068,3727.022963311435,0.000404682688473,Retail Orders
2023-10-13,62.83197936,916978009.9,142,4266.42207228827,268067.743587065,1887.8010111765143,0.0002058720046495,Retail Orders
2023-10-14,63.59248197,927915850.7,136,10450.283865006912,664559.4882668339,4886.466825491426,0.0005266066768667,Normal
2023-10-15,64.25875812,939145512.3,166,4485.700681157994,288245.55506925075,1736.4190064412696,0.0001848934998569,Retail Orders
2023-10-16,63.87422046,932128872.4,165,21071.69654123259,1345938.19034091,8157.2011535812735,0.0008751151686331,Normal
2023-10-17,64.89528368,946133585.8,170,32724.826937797425,2123686.9275072697,12492.27604416041,0.0013203501314877,Normal
2023-10-18,62.63390028,913569535.6,168,15664.050164818029,981100.5560041298,5839.884261929345,0.0006392380693927,Normal
2023-10-19,62.03028797,906052973.8,215,32694.97109601329,2028078.472256532,9432.923126774564,0.0010411006198912,Normal
2023-10-20,63.96443198,932273420.5,186,18461.54385343673,1180882.166058941,6348.828849779253,0.000681005026012,Normal
2023-10-21,65.88790399,961548473.1,188,26632.5182879387,1754760.8079676242,9333.834084934171,0.0009707086377915,Normal
2023-10-22,69.84538242,1016187518.0,292,40349.52861687787,2818228.256712569,9651.46663257729,0.0009497722085361,Normal
2023-10-23,79.5960386,1118380293.0,359,186462.92952273355,14841710.53576058,41341.81207732752,0.0036965790917533,Normal
2023-10-24,84.61354306,1242104541.0,328,110176.36089441,9322412.25673326,28421.9885876014,0.0022882122759747,Normal
2023-10-25,83.36663472,1215945994.0,244,47656.46081476107,3972958.760792179,16282.617872099094,0.0013390905478075,Normal
2023-10-26,85.7367773,1248382413.0,243,45548.51816135218,3905183.1579448576,16070.712584135215,0.0012873228921509,Normal
2023-10-27,80.83937123,1179834976.0,205,29673.81873017376,2398812.848140243,11701.52608848899,0.0009917934564171,Normal
2023-10-28,78.4344681,1144214475.0,182,43617.80989170376,3421139.718542704,18797.470981003866,0.001642827580992,Normal
2023-10-29,80.00115755,1168389937.0,183,9073.326219072767,725876.6003545864,3966.5387997518383,0.0003394875866473,Retail Orders
2023-10-30,84.64363672,1235582545.0,209,33277.875477538604,2816760.402734174,13477.322501120449,0.001090766663519,Normal
2023-10-31,83.68681076,1221941655.0,255,46143.89607732295,3861635.498752032,15143.668622556988,0.0012393119230031,Normal
2023-11-01,81.43681041,1186626849.0,289,53324.26381230046,4342557.962335137,15026.152118806702,0.0012662912634641,Normal
2023-11-02,88.9203693,1299911971.0,323,70796.37437970653,6295239.754944563,19489.90636205747,0.001499325092534,Normal
2023-11-03,91.92790867,1343314410.0,247,214815.45228691967,19747535.2787367,79949.53554144413,0.0059516621683112,Small Whale Orders
2023-11-04,89.97078815,1314712479.0,208,94205.2068337033,8475716.706662051,40748.63801279832,0.0030994334246977,Normal
2023-11-05,90.07958752,1320463197.0,267,32912.26139728547,2964722.9310178943,11103.831202314212,0.0008409042544723,Normal
2023-11-06,89.24661067,1303848222.0,277,107915.26518235289,9631071.657079251,34769.211758408856,0.002666660978766,Normal
2023-11-07,99.29360364,1453217495.0,250,195771.61693636552,19438869.33604139,77755.47734416557,0.0053505739926538,Small Whale Orders
2023-11-08,97.4882971,1426134111.0,230,124282.37075344835,12116076.684304524,52678.59427958489,0.0036938036804018,Normal
2023-11-09,100.0612722,1457798009.0,341,167964.11986076066,16806703.517221,49286.5205783607,0.0033808881802609,Normal
2023-11-10,100.67314,1467446800.0,309,41591.95252952244,4187192.4598779664,13550.784659799245,0.0009234259572339,Normal
2023-11-11,100.0389671,1465326598.0,260,18135.68375258188,1814275.0702605424,6977.981039463625,0.0004762065364122,Retail Orders
2023-11-12,96.9032603,1410581178.0,269,56098.289093376974,5436107.11040016,20208.576618587955,0.001432641873702,Normal
2023-11-13,99.28740936,1438055584.0,271,32986.939658307485,3275187.781387994,12085.563768959388,0.0008404100580968,Normal
2023-11-14,93.42930978,1366421299.0,233,29917.982203267744,2795216.4272616287,11996.637026873945,0.0008779603359266,Normal
2023-11-15,90.68248883,1329085400.0,218,50962.44680500033,4621401.513143911,21199.08950983445,0.0015950133460072,Normal
2023-11-16,95.39257308,1393251941.0,234,32394.14648752071,3090160.986175045,13205.816180235235,0.0009478412189224,Normal
2023-11-17,91.10596607,1328972843.0,232,22948.60176982545,2090754.53419566,9011.87299222267,0.0006781081374002,Normal
2023-11-18,88.36285383,1295215401.0,202,7402.726554016821,654126.044436048,3238.247744732911,0.0002500161550142,Retail Orders
2023-11-19,88.04087483,1288682775.0,198,68540.44352023584,6034360.608757769,30476.568731099844,0.0023649395586202,Normal
2023-11-20,91.5551118,1341204322.0,207,70506.57117668034,6455237.006715626,31184.719839205925,0.0023251281946887,Normal
2023-11-21,90.08616955,1319232243.0,362,22537.49541440774,2030316.633134683,5608.609483797467,0.0004251419349062,Retail Orders
2023-11-22,85.0942696,1246118356.0,428,72047.28429711975,6130811.033926955,14324.324845623729,0.0011495155959024,Normal
2023-11-23,95.18833294,1395411389.0,249,23209.120222205307,2209237.4629557654,8872.439610264119,0.0006358296685984,Normal
2023-11-24,95.85187223,1403243528.0,221,18232.564816441925,1747625.4732107846,7907.807571089523,0.000563537790362,Normal
2023-11-25,98.89055423,1446985576.0,217,16219.982171872767,1604003.0265772173,7391.719016484873,0.0005108357083225,Normal
2023-11-26,99.39297679,1455310282.0,211,19151.3721221805,1903511.88483654,9021.383340457534,0.0006198941526105,Normal
2023-11-27,98.05229254,1435284008.0,203,21970.468925366567,2154254.846311022,10612.092838970551,0.0007393723318744,Normal
2023-11-28,96.19618145,1406116001.0,245,25128.667304546623,2417281.8396248496,9866.456488264692,0.0007016815455657,Normal
2023-11-29,96.85428549,1418776649.0,235,50401.28765620968,4881580.703718144,20772.683845609125,0.0014641264261186,Normal
2023-11-30,96.3004764,1413201344.0,206,41583.722361886525,4004532.273935005,19439.47705793692,0.0013755631595222,Normal
2023-12-01,98.23196899,1439306755.0,209,46471.86900506464,4565023.195012852,21842.21624408063,0.001517551152192,Normal
2023-12-02,100.1080614,1467520433.0,189,18899.745826074628,1892016.9156010728,10010.671511116789,0.0006821486969453,Normal
2023-12-03,104.4572566,1535192184.0,218,23693.87028289252,2474996.687987218,11353.195816455129,0.0007395292872631,Normal
2023-12-04,102.7711788,1508533116.0,302,41129.62318748854,4226939.858578011,13996.489597940435,0.0009278211694187,Normal
2023-12-05,99.88892114,1464513997.0,268,37001.87862164771,3696077.73566962,13791.334834588131,0.0009417004455293,Normal
2023-12-06,98.71005569,1447336252.0,257,36710.80532843749,3623725.638394814,14100.099760291105,0.0009742103634042,Normal
2023-12-07,96.22011991,1413271431.0,217,21584.806555952546,2076892.6750479075,9570.933986395888,0.0006772183868192,Normal
2023-12-08,98.61219905,1447406808.0,248,47645.68818544394,4698446.087217231,18945.34712587593,0.0013089165410278,Normal
2023-12-09,99.33772938,1453784989.0,227,26475.096304381244,2629975.9519940624,11585.797145348291,0.0007969402100731,Normal
2023-12-10,98.61642857,1444480866.0,252,61826.51604597606,6097110.203379956,24194.88175944427,0.0016749880409592,Normal
2023-12-11,97.82068832,1432507121.0,279,52651.24706803261,5150381.229101332,18460.147774556743,0.0012886601053452,Normal
2023-12-12,91.47846219,1342096101.0,208,45379.11146120678,4151211.332019801,19957.74678855673,0.0014870579516389,Normal
2023-12-13,92.56520967,1359834821.0,181,21918.72198703934,2028911.0964287352,11209.453571429476,0.000824324645782,Normal
2023-12-14,94.65932832,1386203049.0,226,45583.245229316,4314879.3760528965,19092.38661970308,0.0013773152954378,Normal
2023-12-15,107.2612332,1569233667.0,273,116337.09778661712,12478460.575501544,45708.64679670896,0.0029128005444908,Normal
2023-12-16,108.4914261,1596202636.0,158,61553.03472371027,6677976.5179581465,42265.67416429207,0.0026478890092681,Normal
2023-12-17,104.5817566,1530163919.0,164,15232.507716782222,1593042.4144441402,9713.673258805731,0.0006348125934869,Normal
2023-12-18,100.3030727,1471051809.0,194,91856.99264832724,9213538.611608531,47492.46707014707,0.0032284700497687,Normal
2023-12-19,99.05709828,1450696563.0,207,47955.95171210621,4750377.421857039,22948.683197377,0.0015819078767181,Normal
2023-12-20,101.1020954,1480310096.0,210,38084.175397480656,3850389.934266422,18335.19016317344,0.0012386046824052,Normal
2023-12-21,100.0050539,1466542015.0,221,70256.64116110747,7026019.186149511,31791.942018776062,0.0021678166526157,Normal
2023-12-22,101.4556258,1486294795.0,247,44016.5957504179,4465731.267444269,18079.88367386344,0.0012164399508553,Normal
2023-12-23,100.1286606,1469450851.0,230,84453.44962345868,8456210.793846494,36766.13388628911,0.0025020322293371,Normal
2023-12-24,99.41057987,1458946952.0,236,72605.99862816969,7217804.425666774,30583.917057910057,0.0020963008295801,Normal
2023-12-25,99.84830134,1470434649.0,212,245752.4760858416,24537967.28727025,115745.12871353891,0.0078714908406336,Small Whale Orders
2023-12-26,103.1890559,1512384865.0,281,90644.71717568452,9353542.787681405,33286.62913765624,0.0022009364089778,Normal
2023-12-27,102.6543934,1505839741.0,278,56680.15369624375,5818466.79550667,20929.736674484426,0.0013899046561611,Normal
2023-12-28,112.4538997,1649490692.0,405,110168.91881445868,12388924.546418576,30589.937151650807,0.0018545080187485,Normal
2023-12-29,118.8822959,1755017681.0,283,49440.75761071476,5877630.77579717,20769.01334203947,0.0011834076412384,Normal
2023-12-30,112.3573903,1650471664.0,256,44187.65613904294,4964809.727256639,19393.78799709625,0.0011750451958741,Normal
2023-12-31,111.4576601,1639034262.0,305,66978.01603593456,7465212.945505543,24476.10801805096,0.001493324977123,Normal
2024-01-01,108.9679036,1604349910.0,203,43993.92537210627,4793925.81893327,23615.39812282399,0.0014719605726673,Normal
2024-01-02,115.747782,1696919279.0,357,77804.48510797808,9005696.580900492,25226.04084285852,0.0014865787167981,Normal
2024-01-03,110.4265418,1619377707.0,305,64377.87714775805,7109026.341852169,23308.28308803989,0.0014393358008626,Normal
2024-01-04,102.5682153,1503951477.0,258,87640.34586892596,8989113.864050463,34841.52660484675,0.0023166656064161,Normal
2024-01-05,104.0337135,1531358123.0,231,57862.90793090801,6019693.1859609615,26059.277861302864,0.0017017102315852,Normal
2024-01-06,102.5967623,1507553369.0,204,27281.21689999287,2798964.525543312,13720.414340898586,0.0009101113514806,Normal
2024-01-07,99.41987931,1460575964.0,169,7606.6204620719955,756249.2882961743,4474.847859740676,0.0003063755648481,Retail Orders
2024-01-08,94.90939982,1387880600.0,268,36278.04400726064,3443127.383372655,12847.490236465132,0.0009256913193011,Normal
2024-01-09,98.91355487,1455643226.0,227,64994.97229240369,6428883.758118802,28321.0738243119,0.0019456054422165,Normal
2024-01-10,96.52237555,1416813479.0,275,39058.234697739455,3769993.5978152486,13709.067628419089,0.0009675986170102,Normal
2024-01-11,106.9445086,1581920676.0,309,79014.07387965004,8450121.30354327,27346.6708852533,0.0017287005157806,Normal
2024-01-12,109.5803736,1615908985.0,195,25529.86821520838,2797572.4969812995,14346.525625545126,0.0008878300547072,Normal
2024-01-13,102.9824567,1511492604.0,172,12472.791682386807,1284478.7293595197,7467.899589299533,0.0004940745042044,Retail Orders
2024-01-14,106.1767416,1557814087.0,207,114846.31448008756,12194007.456264596,58908.24858098839,0.0037814684738428,Normal
2024-01-15,99.38609713,1467906779.0,165,15772.626905463456,1567579.829621642,9500.48381588874,0.0006472130214127,Normal
2024-01-16,101.8603563,1498618781.0,183,63893.16848670286,6508180.907191485,35563.83009394254,0.0023731071934259,Normal
2024-01-17,103.4426785,1521532290.0,172,15577.15702444402,1611342.8460235791,9368.272360602205,0.000615713016554,Normal
2024-01-18,101.167507,1487102089.0,142,35721.65496313634,3613870.77853468,25449.79421503296,0.001711368331958,Normal
2024-01-19,96.78207619,1423679082.0,188,17554.58074635502,1698968.7712772386,9037.067932325735,0.0006347686108887,Normal
2024-01-20,96.76516152,1422509081.0,165,76850.116569242,7436413.942653531,45069.1754100214,0.0031682873601297,Normal
2024-01-21,97.25369766,1429918398.0,168,6345.701264937427,617142.9122609042,3673.469715838716,0.0002569006539797,Retail Orders
2024-01-22,96.51236483,1422539227.0,192,30427.23784225856,2936604.67940124,15294.816038548124,0.0010751771022021,Normal
2024-01-23,91.46929437,1346220555.0,269,84471.92500143897,7726587.373957184,28723.3731373873,0.0021336305578388,Normal
2024-01-24,89.49008284,1311789974.0,204,27437.545903514954,2455388.255831856,12036.216940352237,0.0009175414646332,Normal
2024-01-25,89.89798186,1322497347.0,164,16037.913455618902,1441776.052905478,8791.31739576511,0.000664751231124,Normal
2024-01-26,88.81208878,1306742362.0,172,27419.27395376175,2435162.99266463,14157.924375957153,0.0010834518561323,Normal
2024-01-27,91.34052871,1343804469.0,127,6510.910950259931,594710.0485804706,4682.756288035202,0.0003484700636186,Retail Orders
2024-01-28,91.53111592,1346178786.0,163,5714.072692766875,523015.45001695136,3208.6837424352843,0.0002383549477829,Retail Orders
2024-01-29,91.13761946,1340885107.0,169,14210.59479940536,1295119.7811284608,7663.430657564857,0.0005715203053235,Normal
2024-01-30,93.63349488,1379543685.0,165,12142.474356600074,1136942.3104992444,6890.559457571178,0.0004994810626508,Retail Orders
2024-01-31,92.97919723,1363261007.0,223,58523.269842744696,5441446.64925307,24401.1060504622,0.0017899071362834,Normal
2024-02-01,85.99145826,1266611499.0,239,52422.08409302682,4507851.456187726,18861.303163965385,0.0014891151058439,Normal
2024-02-02,83.63346415,1230842371.0,238,85374.64495207049,7140177.307917965,30000.74499125195,0.0024374156836084,Normal
2024-02-03,85.81307799,1263850375.0,116,17017.854153583212,1460354.4457038816,12589.262462964496,0.0009961038673556,Normal
2024-02-04,85.59186735,1259181752.0,137,19636.34204420596,1680711.183486904,12267.964842970105,0.0009742807043927,Normal
2024-02-05,83.29554594,1226911070.0,176,20026.021454988968,1668078.390099459,9477.718125565108,0.0007724861530155,Normal
2024-02-06,83.96741446,1235508929.0,188,30552.753757064263,2565435.737613737,13645.934774541154,0.001104478847076,Normal
2024-02-07,84.54877016,1246298400.0,190,68035.81773669273,5752344.7164672855,30275.49850772256,0.0024292335212596,Normal
2024-02-08,84.01558564,1236926449.0,166,54294.64644969002,4561596.518587454,27479.49709992442,0.0022215950772287,Normal
2024-02-09,85.23869017,1257368136.0,188,46079.55541425772,3927760.947127259,20892.345463442867,0.0016615933603905,Normal
2024-02-10,87.62642612,1290631988.0,171,16602.02539140115,1454776.1514019768,8507.462873695771,0.0006591703098014,Normal
2024-02-11,88.31931447,1301140086.0,207,11112.77811999076,981472.9454147991,4741.415195240576,0.0003644046668192,Retail Orders
2024-02-12,87.08400955,1281966256.0,198,42801.91263164952,3727362.1683728327,18825.061456428448,0.00146845218182,Normal
2024-02-13,90.89831087,1336448413.0,192,330768.45561762206,30066293.90472041,156595.28075375213,0.0117172708823256,Small Whale Orders
2024-02-14,89.59046781,1318672511.0,248,41294.39442901126,3699584.114825777,14917.677882362004,0.0011312647953091,Normal
2024-02-15,91.0883221,1342756289.0,255,68688.73459326792,6256741.581273,24536.241495188235,0.0018273041575892,Normal
2024-02-16,92.43195775,1363201030.0,208,79361.80039449118,7335566.581027541,35267.147024170874,0.0025870833610044,Normal
2024-02-17,94.65764047,1393960397.0,157,13188.129101881492,1248357.1829978423,7951.319636928932,0.0005704121619266,Normal
2024-02-18,93.76163269,1384142505.0,188,38346.72539604562,3595451.581448325,19124.74245451237,0.0013817032845553,Normal
2024-02-19,94.58297464,1394929600.0,239,48881.951218493545,4623400.352452492,19344.771349173607,0.001386791946287,Normal
2024-02-20,96.85986932,1428819825.0,200,45500.21408452007,4407144.790258638,22035.72395129319,0.001542232517056,Normal
2024-02-21,94.03619834,1388724546.0,216,61786.36763889922,5810155.121999685,26898.866305554096,0.0019369475669622,Normal
2024-02-22,91.8702674,1356662423.0,185,27227.88065148983,2501432.6761876573,13521.257709122472,0.0009966560199421,Normal
2024-02-23,91.99977932,1355110014.0,220,67839.0197078884,6241174.842410862,28368.97655641301,0.0020934814342249,Normal
2024-02-24,95.00091576,1400850072.0,197,30163.796196790503,2865588.261493103,14546.13330707159,0.0010383790241238,Normal
2024-02-25,101.2929555,1493343098.0,211,51268.1223674929,5193099.637539013,24611.846623407648,0.0016481039525591,Normal
2024-02-26,100.4114182,1480395070.0,253,111731.42503935678,11219110.845708804,44344.311643117806,0.0029954376734798,Normal
2024-02-27,102.77939,1515477409.0,257,40344.1504589691,4146547.1742410646,16134.424802494415,0.0010646430429564,Normal
2024-02-28,104.7164902,1543292777.0,285,76180.11268976626,7977314.023912803,27990.575522501065,0.0018136918632452,Normal
2024-02-29,104.5613623,1540665478.0,333,89108.78515541379,9317335.968748083,27979.987894138387,0.0018160975431513,Normal
2024-03-01,105.6768399,1560266261.0,256,36631.66229440699,3871118.311556915,15121.5559045192,0.0009691650894782,Normal
2024-03-02,110.0445729,1623953979.0,293,44701.91226239775,4919202.842728833,16789.088200439703,0.0010338401467988,Normal
2024-03-03,116.4814975,1717075579.0,258,26809.066212941285,3122760.179060055,12103.72162426378,0.0007049032536653,Normal
2024-03-04,112.5707249,1658305471.0,310,91511.97034671332,10301568.838956822,33230.86722244136,0.0020039050587225,Normal
2024-03-05,114.4819154,1687016362.0,357,181792.4707016525,20811950.25122356,58296.779415192046,0.00345561434544,Normal
2024-03-06,106.4879653,1571721745.0,353,74003.48032029711,7880480.044427032,22324.30607486411,0.0014203726674828,Normal
2024-03-07,127.1907692,1869617851.0,324,73478.8315240177,9345829.10145702,28845.151547706853,0.0015428367637952,Normal
2024-03-08,133.2457044,1962723675.0,310,133651.3180314787,17808464.015092798,57446.658113202575,0.0029268846575258,Normal
2024-03-09,132.6204196,1952590183.0,243,37487.909320478335,4971662.264008587,20459.51548974727,0.0010478141121406,Normal
2024-03-10,130.7261748,1928191620.0,279,22270.40780052107,2911325.2229982005,10434.857430101078,0.0005411732590198,Normal
2024-03-11,126.3430945,1862409873.0,287,79313.24687738877,10020681.04533176,34915.26496631275,0.0018747358179577,Normal
2024-03-12,136.5289812,2013578555.0,287,42260.55272433088,5769790.208401781,20103.798635546274,0.0009984114394556,Normal
2024-03-13,135.1600585,1993781162.0,323,84485.86353784429,11419114.258198049,35353.29491702182,0.0017731783001479,Normal
2024-03-14,142.8019972,2102596826.0,267,40999.0777553361,5854750.186820088,21927.90332142355,0.0010428962438385,Normal
2024-03-15,139.082487,2052844834.0,321,96212.59398193823,13381486.8517292,41686.8749275053,0.0020306880596658,Normal
2024-03-16,128.8838835,1902661178.0,239,34802.71080890047,4485508.525378519,18767.81809781807,0.0009863983306552,Normal
2024-03-17,118.5416665,1745066535.0,282,56275.18796988775,6670954.564551245,23655.86725018172,0.0013555854046666,Normal
2024-03-18,126.6342325,1869172304.0,244,45867.27601079029,5808367.294492089,23804.78399382004,0.0012735467962412,Normal
2024-03-19,123.5314789,1830130053.0,264,79805.49950593115,9858491.378320895,37342.77037242764,0.0020404435363057,Normal
2024-03-20,109.4083988,1616873579.0,235,40874.53361800909,4472017.274843145,19029.860744013386,0.0011769541534461,Normal
2024-03-21,120.1099991,1773149112.0,218,28972.774988509835,3479919.9777944186,15962.93567795605,0.0009002590684519,Normal
2024-03-22,123.4363255,1817281594.0,196,24945.08729021728,3079129.914381172,15709.846501944756,0.0008644695766364,Normal
2024-03-23,118.4681687,1744386753.0,187,18651.813705415458,2209646.2126141307,11816.289907027436,0.0006773893396464,Normal
2024-03-24,122.0288223,1804425638.0,188,8969.658726965341,1094556.890884498,5822.111121726052,0.0003226573043031,Retail Orders
2024-03-25,124.8288591,1844296968.0,244,75453.52907489844,9418777.94948825,38601.5489733125,0.0020930224168384,Normal
2024-03-26,126.9497514,1869523948.0,282,36592.33589529107,4645387.945052498,16473.006897349285,0.0008811337728501,Normal
2024-03-27,130.974743,1932765393.0,255,37118.73547152239,4861616.838867629,19065.1640739907,0.0009864189488822,Normal
2024-03-28,124.9669839,1836645386.0,210,107991.494109362,13495371.305701587,64263.67288429327,0.00349897009919,Normal
2024-03-29,127.7686317,1890913207.0,198,100885.04950569569,12889944.734329496,65100.73098146211,0.003442819624955,Normal
2024-03-30,127.6173871,1886399286.0,193,11371.08697848268,1451148.4086807936,7518.90367192121,0.0003985849511141,Retail Orders
2024-03-31,123.9998014,1832366127.0,195,22157.780384640395,2747560.3671602244,14090.053164924228,0.0007689540292906,Normal
2024-04-01,128.0637856,1893779646.0,197,34485.21847037441,4416307.624559189,22417.805200808067,0.0011837599610999,Normal
2024-04-02,129.3061302,1917814608.0,259,74874.18063247281,9681690.549480848,37381.044592590144,0.0019491479748177,Normal
2024-04-03,115.50923,1711197018.0,215,40191.64075785355,4642505.47637628,21593.048727331538,0.0012618680666337,Normal
2024-04-04,115.0562254,1705156445.0,180,23853.16367620916,2744454.976433014,15246.972091294523,0.0008941685166779,Normal
2024-04-05,116.3732829,1720633609.0,169,24308.22968915524,2828828.4904142413,16738.63012079433,0.000972817805792,Normal
2024-04-06,114.0483858,1688302972.0,199,21562.933546038268,2459217.7640383346,12357.878211247911,0.0007319704114841,Normal
2024-04-07,118.5910647,1755188912.0,181,17610.80894101317,2088484.5825430315,11538.588853828902,0.0006573986865425,Normal
2024-04-08,122.8401106,1819447968.0,227,22753.42961447497,2795033.810371421,12312.92427476397,0.0006767395655891,Normal
2024-04-09,128.9552759,1907947336.0,211,21202.277713495736,2734145.572252264,12958.035887451488,0.0006791610880947,Normal
2024-04-10,125.6346649,1864104390.0,206,31805.3642350062,3995856.277687449,19397.360571298294,0.0010405726565183,Normal
2024-04-11,127.5438694,1877418373.0,212,46903.21706432903,5982217.791692633,28218.008451380345,0.0015030218547552,Normal
2024-04-12,117.9055422,1745804294.0,327,183508.2280186689,21636637.1227024,66167.08600214799,0.0037900631949154,Normal
2024-04-13,100.1486795,1486504726.0,384,65034.83837458288,6513153.184710401,16961.33641851667,0.0011410213584828,Normal
2024-04-14,82.87759924,1230697359.0,342,79291.22079882552,6571466.020615414,19214.812925776063,0.0015612947232932,Normal
2024-04-15,88.08674027,1305220935.0,298,70912.91982311428,6246487.9502460025,20961.36896055705,0.0016059632816536,Normal
2024-04-16,85.00484714,1257772074.0,220,27656.940660778007,2350974.0132294847,10686.245514679476,0.0008496170121423,Normal
2024-04-17,86.91770461,1286375867.0,198,23060.415912371896,2004358.4184552843,10123.02231543073,0.0007869412490642,Normal
2024-04-18,83.72580942,1238058965.0,223,13418.574516280332,1123481.0126381558,5038.031446807874,0.000406929846577,Retail Orders
2024-04-19,85.34947235,1262547178.0,232,14854.75604630201,1267845.5904398488,5464.851682930383,0.0004328433644426,Retail Orders
2024-04-20,86.02499579,1278025025.0,204,20823.77341541663,1791365.0203931294,8781.201080358478,0.0006870914816678,Normal
2024-04-21,91.58171193,1354908760.0,152,12333.758872772456,1129546.7521003284,7431.228632239003,0.0005484670888273,Normal
2024-04-22,90.96338072,1347411841.0,195,71412.32109763018,6495906.152102623,33312.33924155191,0.0024723205057207,Normal
2024-04-23,96.41118375,1427754543.0,175,24501.65047961957,2362233.126568878,13498.475008965015,0.0009454338685277,Normal
2024-04-24,94.59897131,1401636351.0,207,26327.38729799341,2490543.755670137,12031.612346232543,0.0008583975677891,Normal
2024-04-25,90.71363616,1343148128.0,165,14847.700303761285,1346888.8831681225,8162.96292829165,0.0006077485243899,Normal
2024-04-26,91.58346046,1357790230.0,179,28757.75632107958,2633734.838949906,14713.602452234116,0.0010836432703035,Normal
2024-04-27,89.56009795,1324108938.0,157,5709.280734611153,511323.7418158228,3256.839119846005,0.0002459645899502,Retail Orders
2024-04-28,91.85665221,1359894845.0,143,4731.698293854877,434637.9645412778,3039.426325463481,0.0002235045111494,Retail Orders
2024-04-29,90.22123571,1336100770.0,172,27986.04362869613,2524935.4388149376,14679.857202412428,0.0010987088348442,Normal
2024-04-30,89.3850209,1326086155.0,203,21270.099483017613,1901228.2868346083,9365.65658539216,0.0007062630546347,Normal
2024-05-01,83.38548376,1237802823.0,232,24972.131744098228,2082313.2860000832,8975.488301724497,0.0007251145444935,Normal
2024-05-02,83.77871362,1244231169.0,174,34965.32467087864,2929349.9222318623,16835.344380642888,0.0013530720657137,Normal
2024-05-03,84.93106057,1258369210.0,178,17623.02560954155,1496742.255470635,8408.664356576599,0.0006682191752432,Normal
2024-05-04,88.70779462,1316447375.0,139,12273.607241251217,1088764.6304034577,7832.839067650774,0.0005949982670329,Normal
2024-05-05,89.01444771,1319332135.0,150,14147.847605397654,1259362.840879718,8395.752272531454,0.000636363812402,Normal
2024-05-06,89.72107981,1327547290.0,170,9323.763922997958,836538.1670648985,4920.812747440579,0.0003706694883494,Retail Orders
2024-05-07,87.91887704,1302570825.0,165,11586.1606692581,1018642.235246187,6173.589304522346,0.0004739542131632,Retail Orders
2024-05-08,88.16124799,1307878728.0,166,15272.8426218715,1346472.8658990553,8111.282324693104,0.0006201861190216,Normal
2024-05-09,86.38150292,1277389064.0,153,20654.54776869952,1784170.8783931974,11661.24757119737,0.0009128970882748,Normal
2024-05-10,89.87214121,1328490712.0,166,15825.413480419562,1422263.7950189044,8567.85418686087,0.0006449314330517,Normal
2024-05-11,84.89193373,1258026235.0,123,12640.714980062534,1073094.738387287,8724.347466563308,0.0006934948750542,Normal
2024-05-12,82.12519302,1216346447.0,117,8702.5384646043,714697.6511696026,6108.526933073527,0.0005022028837375,Normal
2024-05-13,82.99902913,1229968063.0,149,15822.67682151604,1313266.8144235855,8813.871237742185,0.0007165935037568,Normal
2024-05-14,82.70552815,1225453208.0,169,15185.143578884485,1255895.319725223,7431.333252811968,0.0006064150964148,Normal
2024-05-15,80.41203669,1190249130.0,172,11682.51306915753,939414.6695484996,5461.713195049417,0.0004588714292989,Retail Orders
2024-05-16,86.03319896,1278234176.0,136,13442.663462508037,1156515.3402222765,8503.789266340269,0.0006652763183778,Normal
2024-05-17,85.96099125,1274045093.0,172,10288.052965715928,884371.2309654435,5141.693203287462,0.0004035723092956,Retail Orders
2024-05-18,88.25917168,1305308771.0,158,8032.225603467649,708917.5785089427,4486.820117145207,0.0003437363033811,Retail Orders
2024-05-19,88.14081622,1306240359.0,132,4185.467810865823,368910.5491122502,2794.776887214017,0.0002139557905984,Retail Orders
2024-05-20,85.29790764,1263313133.0,161,20862.58548003065,1779534.88940726,11053.01173544882,0.0008749225704003,Normal
2024-05-21,97.63515861,1444092689.0,212,40686.12897109734,3972396.6553200055,18737.720072264176,0.0012975427557381,Normal
2024-05-22,97.18501976,1438559733.0,162,69192.15568295005,6724441.017284498,41508.89516842282,0.0028854481476316,Normal
2024-05-23,94.37412156,1399546899.0,187,23316.046378360443,2200431.3952099863,11767.012808609552,0.0008407730256854,Normal
2024-05-24,97.57226544,1445907181.0,204,55238.87057755935,5389781.742599427,26420.498738232483,0.001827261050046,Normal
2024-05-25,99.31714957,1473103041.0,180,31285.74514562773,3107211.030037211,17262.283500206726,0.0011718313668328,Normal
2024-05-26,105.3073263,1560103980.0,157,30244.412848484084,3184958.252587226,20286.358296733924,0.0013003209117339,Normal
2024-05-27,109.6775131,1625548972.0,198,64249.78889441351,7046757.063139272,35589.68213706703,0.002189394644523,Normal
2024-05-28,108.7417697,1606886364.0,152,73156.10449394662,7955124.26702988,52336.34386203868,0.0032570034219319,Normal
2024-05-29,106.6825017,1579213856.0,189,18273.22751903093,1949433.625863504,10314.463628907428,0.0006531391293027,Normal
2024-05-30,103.6336005,1537184673.0,152,102536.18541644064,10626194.076241337,69909.17155421933,0.0045478707133986,Normal
2024-05-31,102.9730489,1523666852.0,165,69462.20967134941,7152735.513189915,43349.912201151,0.0028451043706994,Normal
2024-06-01,103.824853,1541362101.0,134,8685.18397599945,901737.9495860984,6729.387683478347,0.0004365870731551,Retail Orders
2024-06-02,104.0294303,1543210909.0,142,8896.60040208564,925508.27143572,6517.663883350141,0.0004223443370792,Retail Orders
2024-06-03,103.3031809,1536070577.0,148,44977.54417524698,4646323.38237328,31394.076907927567,0.0020437913060766,Normal
2024-06-04,100.9148854,1496612407.0,171,55715.13121421578,5622486.081528548,32880.03556449444,0.0021969639841756,Normal
2024-06-05,103.2233316,1530690535.0,171,12324.667034486438,1272193.1921603822,7439.726269943755,0.0004860372557241,Retail Orders
2024-06-06,104.3676714,1546883915.0,131,37747.73170239101,3939642.858410507,30073.60960618708,0.0019441413356597,Normal
2024-06-07,102.3500234,1518636705.0,200,39442.82863095422,4036974.433340355,20184.87216670177,0.0013291442318129,Normal
2024-06-08,97.95431636,1457157031.0,156,8352.374668255496,818151.1506115489,5244.558657766339,0.0003599171912286,Retail Orders
2024-06-09,93.03741902,1381512425.0,136,22565.27521949581,2099414.965897854,15436.874749248926,0.0011173894979083,Normal
2024-06-10,93.52695129,1388951000.0,205,22545.599987118192,2108621.231799028,10285.957228287942,0.0007405558027812,Normal
2024-06-11,90.8193269,1348197634.0,177,41400.300822066274,3759947.454117575,21242.640983715115,0.0015756325666208,Normal
2024-06-12,87.72536859,1302322426.0,149,19560.658679296223,1715965.9925044435,11516.550285264722,0.0008843086823465,Normal
2024-06-13,89.98284352,1336000822.0,186,63307.80931563424,5696616.699242714,30626.97150130492,0.0022924365761584,Normal
2024-06-14,83.6707507,1245280954.0,154,27087.77154647684,2266454.180083817,14717.2349356092,0.0011818405226816,Normal
2024-06-15,83.59369784,1241064052.0,131,11564.856456314028,966749.116172088,7379.764245588459,0.000594632020297,Normal
2024-06-16,85.79403333,1273611009.0,125,8436.13053712712,723769.6644785149,5790.157315828119,0.0004546252564489,Retail Orders
2024-06-17,85.5393108,1267267624.0,156,25149.58133680844,2151277.8544591367,13790.242656789338,0.0010881870881591,Normal
2024-06-18,85.12328038,1263286580.0,207,29349.54164262567,2498329.26226971,12069.223489225653,0.0009553828624717,Normal
2024-06-19,81.97019656,1213786324.0,177,18521.671087832583,1518225.019689306,8577.542484120373,0.0007066764812321,Normal
2024-06-20,87.51429563,1300644534.0,170,51054.12374166181,4467965.678258393,26282.15104857878,0.0020207020720527,Normal
2024-06-21,84.84049743,1261395467.0,173,14944.4687141799,1267896.1595380951,7328.879534902284,0.0005810136255152,Normal
2024-06-22,81.86732333,1217054431.0,150,112678.48042124898,9224685.588979464,61497.90392652976,0.0050530117930715,Small Whale Orders
2024-06-23,81.60118949,1211804186.0,134,100794.30075296866,8224934.835255044,61380.11071085854,0.0050651839150239,Small Whale Orders
2024-06-24,80.60755081,1196542352.0,242,64642.053042638894,5210637.57509723,21531.560227674505,0.0017994816641203,Normal
2024-06-25,86.37841188,1283542615.0,200,104845.50233065696,9056387.984082988,45281.93992041494,0.0035278875349545,Normal
2024-06-26,92.07798735,1367324515.0,159,52543.57016259069,4838106.188754863,30428.34080977901,0.0022253927634566,Normal
2024-06-27,94.38937199,1402305848.0,165,79354.05518121386,7490179.433414582,45395.02686917929,0.0032371701889372,Normal
2024-06-28,93.43534548,1395930937.0,160,61596.50348258641,5755290.583255484,35970.56614534678,0.0025768155996779,Normal
2024-06-29,93.56653674,1391686895.0,137,11835.754413089857,1107430.5501379892,8083.434672540067,0.000580837162553,Normal
2024-06-30,96.39345278,1434386616.0,142,49866.25918503949,4806780.9000683455,33850.569718791165,0.0023599334615369,Normal
2024-07-01,97.01364383,1437837121.0,181,34163.94336879553,3314368.6338086203,18311.428916069726,0.0012735398640518,Normal
2024-07-02,98.28051562,1462619889.0,189,71910.9794477008,7067448.138859258,37393.90549660984,0.0025566386576471,Normal
2024-07-03,91.44099642,1360862864.0,192,46236.382268791225,4227900.8655142905,22020.31700788693,0.0016181143295484,Normal
2024-07-04,84.29395837,1255082217.0,173,23902.016523280192,2014795.5857724329,11646.217258800189,0.0009279246491626,Normal
2024-07-05,79.58280842,1184836748.0,261,98717.07520415436,7856182.08375495,30100.3144971454,0.0025404609156455,Normal
2024-07-06,79.78395317,1187180842.0,151,11555.73960566437,921962.5875430404,6105.712500285035,0.0005143034897698,Normal
2024-07-07,83.1435209,1235299347.0,140,9494.98028677817,789446.0919188287,5638.900656563062,0.0004564805016903,Retail Orders
2024-07-08,78.1661669,1159871145.0,152,32244.671018945963,2520442.336502523,16581.857476990284,0.0014296292780859,Normal
2024-07-09,81.95074512,1218353605.0,147,94692.51200371404,7760121.915988908,52789.94500672726,0.0043328919280972,Normal
2024-07-10,85.16137448,1267205683.0,149,38325.04692477907,3263813.6731246826,21904.789752514647,0.0017285899239858,Normal
2024-07-11,90.90053323,1351080748.0,165,57721.63850203436,5246927.718744221,31799.56193178316,0.002353638890855,Normal
2024-07-12,92.85998451,1380212401.0,153,59383.70962519907,5514370.355942324,36041.63631334852,0.0026113108596354,Normal
2024-07-13,97.45261536,1448765374.0,127,13975.974516190245,1361995.2688074496,10724.372195334248,0.0007402421667301,Normal
2024-07-14,99.38568333,1476286938.0,150,36522.45946805408,3629809.5911247833,24198.73060749856,0.0016391617364224,Normal
2024-07-15,104.1515506,1548555267.0,202,57541.08074394875,5992992.782682063,29668.28110238645,0.0019158684055146,Normal
2024-07-16,104.0515429,1552138595.0,185,39769.91588628035,4138121.108970691,22368.222210652388,0.0014411227375382,Normal
2024-07-17,100.6341099,1494608230.0,175,77790.3275339717,7828360.3702107025,44733.48782977544,0.002992990867565,Normal
2024-07-18,97.92861222,1459901591.0,158,41760.7482906361,4089572.12537073,25883.36788209323,0.0017729529196802,Normal
2024-07-19,98.50810606,1463930520.0,161,14897.798356274345,1467553.9005403668,9115.241618263148,0.0006226553442073,Normal
2024-07-20,100.6419117,1496600306.0,145,10188.2647104305,1025366.4373633724,7071.492671471534,0.0004725037568896,Retail Orders
2024-07-21,98.94386099,1471798652.0,152,9877.062367792209,977274.6859083928,6429.438723081531,0.0004368422755615,Retail Orders
2024-07-22,98.60817463,1466759811.0,182,22916.563165769265,2259760.4625696014,12416.266277854951,0.0008465098501294,Normal
2024-07-23,94.26463415,1402081545.0,150,45109.74349146304,4252253.466823108,28348.356445487385,0.0020218764412513,Normal
2024-07-24,94.39704196,1405061102.0,145,12898.761910786705,1217604.9693245825,8397.27565051436,0.0005976448738465,Normal
2024-07-25,89.95763067,1338126468.0,199,50351.63719351983,4529513.982284493,22761.37679539946,0.00170098845959,Normal
2024-07-26,92.93927421,1382960768.0,215,44140.74698096932,4102408.987498537,19080.97203487692,0.0013797189679119,Normal
2024-07-27,97.85614327,1457140590.0,139,16267.273323744468,1591852.628980588,11452.177186910703,0.0007859349513358,Normal
2024-07-28,101.4282307,1509216990.0,118,7343.380558050599,744826.0973598509,6312.085570846194,0.0004182357880059,Retail Orders
2024-07-29,98.84050188,1470374640.0,221,41714.664445645525,4123098.369563396,18656.553708431657,0.0012688299431246,Normal
2024-07-30,104.8763062,1560454230.0,208,60133.01260792527,6306528.242997231,30319.847322102072,0.0019430142031209,Normal
2024-07-31,105.2735492,1567272756.0,260,92406.53563716248,9727963.975800376,37415.24606077068,0.002387283637614,Normal
2024-08-01,107.6649057,1602800378.0,306,102186.49009460496,11001898.819849627,35953.917711926886,0.0022431937379994,Normal
2024-08-02,116.6725053,1737132007.0,288,92004.93004742789,10734445.68858466,37272.38086314118,0.0021456274314759,Normal
2024-08-03,110.5296089,1646656882.0,256,35171.034064242034,3887440.639729249,15185.31499894238,0.0009221906011468,Normal
2024-08-04,106.0263064,1569068481.0,259,55703.84414172285,5906072.846628153,22803.37006420136,0.0014533062348985,Normal
2024-08-05,97.21130475,1452151183.0,473,202325.9798839581,19668372.489341818,41582.18285273112,0.0028634885499198,Normal
2024-08-06,96.10445061,1431677452.0,319,79122.01979594915,7603978.243643238,23836.92239386595,0.0016649645742877,Normal
2024-08-07,103.7125286,1544757615.0,250,78519.16266611073,8143420.903657062,32573.683614628248,0.0021086598504729,Normal
2024-08-08,98.27251471,1465103657.0,324,85625.79821326584,8414662.514468659,25971.18060021191,0.0017726514077093,Normal
2024-08-09,101.9124569,1514247581.0,263,150560.7400695376,15344014.933168853,58342.26210330362,0.0038528879184191,Normal
2024-08-10,96.64029919,1436813166.0,144,23042.04744883927,2226790.359406003,15463.821940319463,0.0010762583686068,Normal
2024-08-11,93.50062157,1393607546.0,159,31385.10669989461,2934526.984480918,18456.14455648376,0.0013243430411565,Normal
2024-08-12,91.47625922,1360463820.0,203,21014.89837864461,1922364.2915668525,9469.774835304692,0.0006960695827474,Normal
2024-08-13,95.75220613,1426938116.0,161,23464.10223345275,2246739.5537129613,13954.904060328952,0.000977961405884,Normal
2024-08-14,97.83696387,1457189981.0,240,49553.74315086787,4848187.77827472,20200.782409478,0.0013862833723036,Normal
2024-08-15,106.2228354,1583029694.0,236,88582.37892703792,9409471.456107177,39870.641763166,0.0025186287985805,Normal
2024-08-16,108.3794552,1614111508.0,252,64570.55242160686,6998121.293416792,27770.32259292377,0.0017204711356858,Normal
2024-08-17,112.1376025,1671255244.0,205,30779.29208290873,3451516.020824617,16836.663516217643,0.0010074262191046,Normal
2024-08-18,110.8336118,1652169945.0,160,17738.45139776217,1966016.63615274,12287.603975954622,0.0007437251847572,Normal
2024-08-19,111.3029353,1659527131.0,248,48909.83100180485,5443807.75552782,21950.8377239025,0.0013227164120345,Normal
2024-08-20,118.4504697,1765448201.0,359,131773.62489156035,15608647.762476938,43478.1274720806,0.002462724618454,Normal
2024-08-21,129.6923091,1937147194.0,416,148863.60505306566,19306464.68028251,46409.77086606373,0.0023957792680809,Normal
2024-08-22,140.4923395,2099388714.0,283,45275.69454715372,6360888.24941702,22476.63692373505,0.0010706276914726,Normal
2024-08-23,135.6771295,2023467567.0,306,76024.87521245357,10314836.839421405,33708.61712229216,0.0016658837370083,Normal
2024-08-24,143.9545574,2143683434.0,278,35477.4896257263,5107146.316734521,18371.029916311225,0.0008569842741207,Normal
2024-08-25,137.0834064,2042293152.0,202,16961.518817927903,2325142.7772792587,11510.607808313162,0.0005636119279468,Normal
2024-08-26,135.4998857,2023047545.0,239,25077.164506329536,3397952.924287749,14217.376252249996,0.000702770248153,Normal
2024-08-27,128.84468,1921529995.0,248,44014.85213075422,5671079.538034345,22867.256201751392,0.0011900546055098,Normal
2024-08-28,119.8092629,1788570230.0,262,47652.68291830485,5709232.815649525,21790.964945227195,0.0012183455018832,Normal
2024-08-29,125.4897002,1871851159.0,235,32838.79823713663,4120930.945706564,17535.876364708784,0.0009368200180016,Normal
2024-08-30,122.7137798,1830233306.0,238,70803.94732428697,8688620.00092335,36506.8067265687,0.001994653173827,Normal
2024-08-31,131.3907345,1961200838.0,183,44822.34935136017,5889241.403290812,32181.647012518097,0.0016409154222744,Normal
2024-09-01,129.7692661,1936895692.0,181,14741.01738428341,1912931.0075258,10568.679599590054,0.0005456504262589,Normal
2024-09-02,120.6039211,1802413521.0,236,44711.7657371168,5392414.267200917,22849.212996614056,0.0012677009315785,Normal
2024-09-03,134.7794781,2011823020.0,260,63239.80337125152,8523427.6935239,32782.414205861154,0.001629487975829,Normal
2024-09-04,118.8319327,1779639372.0,349,173412.65161008216,20606960.54545783,59045.732221942206,0.0033178481635627,Normal
2024-09-05,135.2964455,2020068563.0,279,96127.02534531086,13005644.84570897,46615.214500749,0.0023076055612449,Normal
2024-09-06,129.0730242,1928348415.0,262,73309.72405060135,9462307.786478588,36115.67857434576,0.0018728813887269,Normal
2024-09-07,127.0125643,1895113153.0,192,23240.97789048367,2951896.198709936,15374.459368280915,0.0008112686751154,Normal
2024-09-08,125.2698397,1867898269.0,206,19100.25295279222,2392685.6256257333,11614.978765173462,0.0006218207360613,Normal
2024-09-09,125.639013,1875549665.0,331,72761.26179670097,9141653.116772115,27618.287361849296,0.0014725436429245,Normal
2024-09-10,140.4121408,2096384458.0,348,135164.1631543744,18978689.50794619,54536.46410329365,0.002601453368688,Normal
2024-09-11,150.8171931,2250527110.0,290,132834.41737508998,20033713.97558494,69081.77232960323,0.0030695818780695,Normal
2024-09-12,149.5882287,2235258713.0,277,80619.19606259892,12059682.738222187,43536.76078780573,0.0019477280430493,Normal
2024-09-13,145.2729163,2172331762.0,310,93809.31306774772,13627952.485451411,43961.13704984327,0.0020236843109714,Normal
2024-09-14,144.5131062,2161669606.0,220,24837.928661255723,3589406.222412072,16315.482829145782,0.0007547630213174,Normal
2024-09-15,140.147,2093524627.0,208,60449.33568501297,8471793.048247512,40729.774270420734,0.0019455120682667,Normal
2024-09-16,143.6968636,2145049258.0,215,52617.584395358266,7560981.847821286,35167.35743172691,0.0016394661941011,Normal
2024-09-17,140.4274567,2098414825.0,264,36129.09397005382,5073516.779089964,19217.866587461984,0.0009158278124279,Normal
2024-09-18,140.5861644,2099491676.0,258,53666.98439511635,7544835.491024062,29243.548414821948,0.0013928870854366,Normal
2024-09-19,140.6114697,2092974597.0,268,62574.528714276734,8798696.448299302,32830.95689663919,0.0015686266304281,Normal
2024-09-20,150.1234495,2241373464.0,244,85186.53091706042,12788495.872207507,52411.86832871929,0.0023383817632597,Normal
2024-09-21,153.0269571,2285200513.0,171,11997.097857042549,1835879.379094152,10736.136719848844,0.0004698115836563,Retail Orders
2024-09-22,154.1083742,2302551633.0,248,56565.32525707633,8717190.31146223,35149.96093331544,0.0015265655905191,Normal
2024-09-23,161.9508072,2423532773.0,357,74860.59635499834,12123734.00716536,33960.039235757315,0.0014012618114389,Normal
2024-09-24,171.9905666,2568746893.0,263,116743.6296046566,20078803.002645425,76345.25856519173,0.0029720817871639,Normal
2024-09-25,166.4597237,2486439085.0,250,35741.59285047052,5949535.670487219,23798.14268194888,0.0009571174627006,Normal
2024-09-26,165.2087588,2461638814.0,294,38189.09001001849,6309172.160256634,21459.769252573584,0.0008717675855014,Normal
2024-09-27,165.2441786,2468808565.0,296,80083.16996351424,13233277.640305104,44707.01905508481,0.0018108742690255,Normal
2024-09-28,170.879183,2553109844.0,207,13823.090177425142,2362078.3560537333,11411.00655098422,0.0004469453822286,Retail Orders
2024-09-29,164.1673004,2453135565.0,212,15826.22050728766,2598147.896216533,12255.414604794969,0.0004995816284941,Retail Orders
2024-09-30,161.4588368,2412512392.0,272,79859.048847197,12893949.13482281,47404.224760377976,0.001964931865949,Normal
2024-10-01,156.5053571,2339314038.0,320,48173.49787650714,7539410.487918842,23560.65777474638,0.0010071609622318,Normal
2024-10-02,145.3131501,2174140448.0,313,53485.8710875365,7772200.413572442,24831.31122547106,0.0011421208435873,Normal
2024-10-03,139.3240873,2082817582.0,318,44006.25349268448,6131131.103360701,19280.286488555663,0.0009256829141053,Normal
2024-10-04,142.7365825,2134937513.0,281,49069.51065871361,7004014.256372104,24925.31763833489,0.0011674963546502,Normal
2024-10-05,151.3431342,2262133638.0,177,10130.07011762012,1533116.5612663918,8661.675487380744,0.0003828984875994,Retail Orders
2024-10-06,148.7587437,2225400004.0,193,11926.91667977328,1774233.1414976486,9192.917831594032,0.0004130905821457,Retail Orders
2024-10-07,149.9881384,2242543208.0,222,29116.225669821462,4367088.485450814,19671.569754282944,0.000877199140873,Normal
2024-10-08,146.7509028,2195623652.0,208,19637.14957618613,2881769.428723952,13854.660715019,0.0006310125463623,Normal
2024-10-09,143.1662378,2140849449.0,169,18515.76881878425,2650832.961759892,15685.402140591072,0.0007326718909598,Normal
2024-10-10,139.580405,2087028818.0,210,43530.060598309225,6075943.487986545,28933.06422850736,0.0013863279691669,Normal
2024-10-11,140.2637221,2097330066.0,201,65439.62425450555,9178805.270762386,45665.69786448949,0.0021773252863142,Normal
2024-10-12,143.8770779,2150997744.0,191,58573.8959430574,8427440.989505762,44122.727693747445,0.0020512679670084,Normal
2024-10-13,154.8200647,2314508088.0,194,34370.20405504172,5321197.215553761,27428.85162656578,0.0011850834209124,Normal
2024-10-14,154.465002,2308527228.0,252,31098.818498700155,4803679.061599357,19062.218498410148,0.0008257307198808,Normal
2024-10-15,162.6072023,2430736538.0,237,80980.20369275828,13167964.364163551,55561.03107242005,0.0022857693626531,Normal
2024-10-16,156.8432478,2345535836.0,225,20744.46518773537,3253629.293918452,14460.574639637563,0.0006165147604096,Normal
2024-10-17,156.0393189,2331656293.0,197,45270.50626449716,7063978.96377032,35857.76123741279,0.0015378665091018,Normal
2024-10-18,152.8649308,2284924830.0,207,24152.16640151118,3692019.2456370913,17835.84176636276,0.0007805876820185,Normal
2024-10-19,158.9013148,2377333511.0,156,12481.460759442558,1983320.5253000287,12713.59311089762,0.00053478374204,Normal
2024-10-20,158.0681376,2363248298.0,177,12720.444161394698,2010696.918036454,11359.869593426292,0.0004806887876758,Retail Orders
2024-10-21,158.6778726,2371251429.0,204,23482.35823377333,3726130.6481662462,18265.346314540424,0.0007702829860704,Normal
2024-10-22,153.2130858,2291521848.0,191,56415.25083260046,8643554.666243736,45254.21291227087,0.0019748540888566,Normal
2024-10-23,152.4339907,2278913536.0,195,24772.56642217017,3776181.15961222,19365.031587754976,0.000849748412208,Normal
2024-10-24,149.5316147,2236606400.0,223,44977.25021213365,6725520.8489862615,30159.286318324044,0.0013484395966283,Normal
2024-10-25,147.3990251,2205481095.0,241,69062.79430259392,10179788.550884176,42239.7865181916,0.0019152187073356,Normal
2024-10-26,137.3031433,2048064641.0,184,18327.48487677251,2516421.282364079,13676.202621543907,0.0006677622545578,Normal
2024-10-27,142.6166958,2132297598.0,179,27216.885900387704,3881582.3370789024,21684.81752558046,0.0010169695611869,Normal
2024-10-28,147.5882398,2207903002.0,227,93864.04979117554,13853229.889179155,61027.44444572315,0.0027640455396112,Normal
2024-10-29,151.9012728,2273041936.0,263,45855.61529865575,6965526.32889296,26484.89098438388,0.0011651738828448,Normal
2024-10-30,151.4761444,2263952587.0,229,54574.972130329465,8266806.359039762,36099.59108750988,0.0015945382997329,Normal
2024-10-31,156.2263863,2338845467.0,247,41963.88934034386,6555866.786735012,26541.970796498023,0.0011348321712995,Normal
2024-11-01,143.33808,2148072393.0,196,110484.81819155806,15836681.708727002,80799.39647309695,0.0037614838650876,Normal
2024-11-02,141.4290066,2117787086.0,177,24960.370943796534,3530120.4669486484,19944.18342908841,0.0009417463899432,Normal
2024-11-03,138.2203209,2069334088.0,239,18142.13926951704,2507612.311645136,10492.101722364583,0.0005070279266749,Normal
2024-11-04,132.9205175,1991048469.0,239,68938.09687107586,9163287.511568531,38340.11511116541,0.0019256243988084,Normal
2024-11-05,128.3445915,1920650867.0,260,94894.71929615438,12179223.9835721,46843.169167585,0.0024389216162306,Normal
2024-11-06,135.4730508,2029973981.0,503,164466.29628300556,22280750.911235463,44295.72745772458,0.0021820835080804,Normal
2024-11-07,173.7237814,2599463363.0,494,124301.66577158537,21594155.41215876,43712.86520679911,0.001681611129012,Normal
2024-11-08,183.3877319,2743773871.0,332,51522.734870990986,9448637.489276076,28459.75147372312,0.0010372484326979,Normal
2024-11-09,181.7452779,2719954644.0,340,54462.994480158646,9898392.0670626,29112.917844301763,0.0010703457099375,Normal
2024-11-10,195.5961392,2933331901.0,427,53188.33586430944,10403433.145531822,24364.01205042581,0.000830591725475,Normal
2024-11-11,190.3699716,2849013839.0,471,76772.27346301985,14615135.518822525,31030.01171724528,0.0010891492098942,Normal
2024-11-12,194.5778251,2918311557.0,475,119560.84214096025,23263888.63091247,48976.607644026255,0.0016782515056197,Normal
2024-11-13,180.4324553,2701587382.0,367,50165.89297963785,9051555.24263309,24663.63826330542,0.0009129313539007,Normal
2024-11-14,173.1863472,2596941847.0,371,66098.25717091055,11447315.715716206,30855.298425111065,0.0011881397521764,Normal
2024-11-15,157.5955176,2352372234.0,432,128731.13480238484,20287449.82041721,46961.68939911392,0.001996354519083,Normal
2024-11-16,164.3677255,2458066238.0,348,49947.470693273,8209752.15233119,23591.24181704365,0.0009597480105433,Normal
2024-11-17,168.5246673,2521560205.0,355,30536.38622268783,5146134.32872277,14496.153038655691,0.0005748882382388,Normal
2024-11-18,161.6825097,2421554851.0,365,44027.9036359608,7118541.9566918975,19502.854675868213,0.0008053856251826,Normal
2024-11-19,170.783289,2559496296.0,354,86419.87328253748,14759070.194154978,41692.28868405361,0.0016289255330906,Normal
2024-11-20,162.2137074,2429762703.0,334,121627.15011021358,19729590.939874064,59070.63155650917,0.0024311275946237,Normal
2024-11-21,157.3162665,2357073119.0,375,47027.46074253212,7398184.546990473,19728.492125307926,0.0008369910957059,Normal
2024-11-22,169.2673014,2535171874.0,398,37683.44600772118,6378575.213179568,16026.57088738585,0.0006321690080167,Normal
2024-11-23,171.7679041,2570597477.0,465,39974.46986870995,6866330.906856911,14766.303025498732,0.0005744307756316,Normal
2024-11-24,174.5157977,2614205058.0,411,35797.73182734622,6247269.725700005,15200.16964890512,0.000581445193153,Normal
2024-11-25,171.4601368,2570369385.0,477,237722.16668207425,40759875.21970085,85450.47215870199,0.0033244432748603,Normal
2024-11-26,181.0904023,2714255769.0,352,84662.14474163234,15331501.850843027,43555.40298534951,0.0016046904452706,Normal
2024-11-27,181.2756928,2714379254.0,577,275165.9568367247,49880899.46055217,86448.69923839197,0.0031848423211678,Normal
2024-11-28,210.093083,3145924049.0,388,117388.4903546062,24662509.84731498,63563.16970957469,0.0020204928256223,Normal
2024-11-29,200.3317493,3000960788.0,408,114466.63947733316,22931302.12298659,56204.17187006517,0.0018728725845005,Normal
2024-11-30,199.2793408,2985851310.0,415,64976.08741472798,12948391.867770169,31200.94425968715,0.0010449597458249,Normal
2024-12-01,211.5766022,3168580526.0,394,27889.2556752404,5900713.953654431,14976.43135445287,0.0004726542763096,Retail Orders
2024-12-02,209.2326218,3139220912.0,697,300487.8720016633,62871865.27801084,90203.53698423362,0.0028734370569277,Normal
2024-12-03,236.0930012,3545485613.0,654,108704.97765904666,25664484.42090328,39242.33091881235,0.0011068252759205,Normal
2024-12-04,241.8867141,3633153845.0,672,127680.96727768565,30884329.627909,45958.82385105506,0.0012649842481706,Normal
2024-12-05,255.96661,3841768450.0,604,95829.09938042489,24529049.70776046,40611.009449934536,0.0010570915446487,Normal
2024-12-06,248.5894043,3725869513.0,615,133970.64045971344,33303681.705569644,54152.327976536006,0.0014534145059989,Normal
2024-12-07,281.7551671,4226338783.0,563,54817.162440664026,15445018.763417136,27433.425867525995,0.0006491061714662,Normal
2024-12-08,282.3986183,4241226283.0,480,35554.66704485539,10040588.847583707,20917.89343246606,0.0004932038999265,Retail Orders
2024-12-09,284.2814203,4267568385.0,501,102278.16208214534,29075781.18238588,58035.491382007735,0.001359919423576,Normal
2024-12-10,259.1372751,3885719668.0,522,108621.96360577754,28147999.664812565,53923.37100538806,0.0013877318904259,Normal
2024-12-11,273.2796273,4098458297.0,494,97493.0212051238,26642856.49928723,53932.90789329399,0.001315931601226,Normal
2024-12-12,301.1653281,4516741917.0,1104,162779.62438431036,49023578.98569559,44405.415747912666,0.0009831293566006,Normal
2024-12-13,367.6425225,5506006853.0,695,62019.96824069276,22801177.56937817,32807.449740112475,0.0005958483273996,Normal
2024-12-14,375.6032566,5629115506.0,578,43667.81610553566,16401773.937849125,28376.77151877011,0.000504107110407,Normal
2024-12-15,365.9950537,5494882625.0,497,49557.00958275467,18137620.38345171,36494.20600292095,0.0006641489635626,Normal
2024-12-16,372.2407974,5589671341.0,673,125004.8102654686,46531890.25205374,69140.99591687034,0.0012369420615076,Normal
2024-12-17,379.8970965,5711408030.0,518,307152.66581197974,116686405.92420591,225263.33190001143,0.0039440945335508,Normal
2024-12-18,361.4677144,5431283640.0,451,62641.818589075934,22642994.99125271,50206.1973198508,0.0009243891618934,Normal
2024-12-19,340.7055705,5125505935.0,529,78602.75271750112,26780395.707486644,50624.56655479517,0.0009876989159079,Normal
2024-12-20,316.7226714,4756195807.0,573,279120.7204796789,88403860.23341659,154282.47859235006,0.0032438210042841,Normal
2024-12-21,329.2110317,4938338153.0,404,33946.668375446105,11175617.718658376,27662.42009568905,0.000560156458279,Normal
2024-12-22,298.0383622,4471058297.0,350,75443.5379702188,22485068.495217524,64243.05284347864,0.0014368645760352,Normal
2024-12-23,316.8074825,4761271845.0,591,105823.4973837805,33525675.79550084,56727.0318028779,0.0011914260233313,Normal
2024-12-24,383.4879779,5744296180.0,464,80936.4767313307,31038165.800048407,66892.59870700087,0.0011645046949337,Normal
2024-12-25,376.2119054,5642986947.0,329,45297.54561733995,17041475.94664288,51797.79922991757,0.0009179145675227,Normal
2024-12-26,368.6648877,5536190228.0,355,52582.83211020218,19385443.89485564,54606.88421086096,0.0009863621364504,Normal
2024-12-27,337.4587811,5068132097.0,402,46891.7754309207,15824041.380533429,39363.2870162523,0.0007766823410059,Normal
2024-12-28,323.6353726,4865113979.0,402,29923.141947504017,9684187.193543153,24090.01789438596,0.0004951583456907,Retail Orders
2024-12-29,353.3013062,5309743918.0,371,12148.384132249636,4292039.982143151,11568.840922218737,0.0002178794514552,Retail Orders
2024-12-30,331.8686174,4983155003.0,480,96738.9252309985,32104613.365173448,66884.61117744468,0.0013422141421885,Normal
2024-12-31,321.1668772,4824839359.0,440,193755.2815660344,62227778.72156997,141426.76982174994,0.0029312223537129,Normal
2025-01-01,308.787802,4645823056.0,291,29388.64057431981,9074853.726712232,31185.064352963,0.0006712495068594,Normal
2025-01-02,318.8993759,4795377139.0,428,70303.38735165096,22419706.350097448,52382.4914721903,0.0010923539474335,Normal
2025-01-03,332.9840504,5009168378.0,364,67583.3369787163,22504173.28672105,61824.65188659629,0.0012342298605518,Normal
2025-01-04,349.979023,5263382596.0,278,23246.05691472896,8135632.287619235,29264.864343954083,0.0005560086847229,Normal
2025-01-05,351.7847507,5293475787.0,287,37435.66325534577,13169295.465570962,45886.04691836572,0.0008668415378616,Normal
2025-01-06,342.2394985,5151180158.0,342,33431.23094202435,11441487.711836098,33454.64243226929,0.0006494558801309,Normal
2025-01-07,340.7017506,5123039444.0,374,68098.2148896396,23201181.0256352,62035.24338405133,0.0012109070028087,Normal
2025-01-08,307.2304478,4621363572.0,431,144894.94762594177,44516139.64307564,103285.70682848177,0.0022349617211307,Normal
2025-01-09,293.9515359,4428640396.0,347,123220.19934433144,36220766.8511704,104382.61340394928,0.0023569900481924,Normal
2025-01-10,281.30585,4226024721.0,319,45838.18624767639,12894549.944860917,40421.78666100601,0.0009564966920364,Normal
2025-01-11,286.5185604,4310970981.0,245,9630.898309043894,2759431.118866051,11262.984158636944,0.0002612632793929,Retail Orders
2025-01-12,287.5031883,4329256265.0,233,16451.569195703352,4729878.59630278,20299.90813863854,0.0004689005892941,Retail Orders
2025-01-13,288.5526582,4341721922.0,379,66795.56273304056,19274037.18258371,50854.97937357179,0.0011713089941546,Normal
2025-01-14,289.8852228,4350438980.0,303,57937.28378055295,16795162.41715242,55429.57893449644,0.0012741146166931,Normal
2025-01-15,295.7984842,4452716023.0,335,46396.14723690351,13723910.025396075,40966.89559819725,0.0009200428544418,Normal
2025-01-16,320.2251205,4818720260.0,310,23806.01889689579,7623285.269883731,24591.242806076552,0.0005103272545245,Normal
2025-01-17,311.1625516,4681724501.0,331,25415.393679962934,7908318.74737578,23892.20165370326,0.0005103290817005,Normal
2025-01-18,335.6190365,5049949341.0,309,31531.34086967589,10582518.242233695,34247.63185188898,0.00067817773089,Normal
2025-01-19,316.6514079,4767144791.0,460,50636.42282540586,16034094.57868446,34856.72734496622,0.0007311866719629,Normal
2025-01-20,310.1340295,4692685658.0,609,78017.58588958294,24195908.283798706,39730.5554742179,0.000846648558411,Normal
2025-01-21,336.5207265,5085789213.0,633,95231.79256515412,32047472.01992297,50627.91788297468,0.0009954781010892,Normal
2025-01-22,370.5401626,5576574247.0,408,48840.61443058982,18097409.21259465,44356.39512890847,0.0007954058022767,Normal
2025-01-23,346.303281,5217632886.0,402,89615.36932955368,31034096.42685121,77199.24484291345,0.0014795836834372,Normal
2025-01-24,337.5390313,5074205878.0,389,29877.308420593406,10084757.74213843,25924.827100612933,0.000510913977949,Normal
2025-01-25,334.6509955,5036227712.0,323,77599.82390459279,25968858.320296675,80398.94216810116,0.0015964119727257,Normal
2025-01-26,326.3954853,4915108414.0,356,17314.49198837534,5651372.015268731,15874.640492327895,0.0003229764057108,Retail Orders
2025-01-27,317.1673274,4772999034.0,485,95105.19408275472,30164260.22908561,62194.35098780538,0.0013030455389739,Normal
2025-01-28,303.5674168,4563797451.0,437,169685.014214847,51510841.43487238,117873.77902716793,0.0025828004045477,Normal
2025-01-29,284.2462053,4274776294.0,356,71781.32715315848,20403569.85468315,57313.3984682111,0.0013407344507981,Normal
2025-01-30,291.4031374,4389157933.0,328,48606.46534175421,14164076.498511538,43183.16005643761,0.0009838597907758,Normal
2025-01-31,315.7733256,4766578096.0,383,177737.35138654162,56124714.53066403,146539.72462314367,0.00307431708181,Normal
2025-02-01,333.029706,5013689832.0,291,48886.08656230856,16280519.035336168,55946.80080871535,0.0011158807721138,Normal
2025-02-02,297.6757658,4494228853.0,451,60120.485411982685,17896411.535279676,39681.62202944496,0.0008829461811442,Normal
2025-02-03,256.3286962,3855490261.0,777,192987.7827508773,49468306.73506124,63665.77443379824,0.0016513016535875,Normal
2025-02-04,276.4818014,4168545753.0,424,164189.80764352882,45395493.78880234,107064.84384151496,0.0025683979542377,Normal
2025-02-05,272.9206795,4100470574.0,325,166805.40087377693,45524643.3507411,140075.825694588,0.0034160914745437,Normal
2025-02-06,259.5821143,3909759415.0,326,50543.92513743,13120298.952194998,40246.31580427913,0.0010293808782676,Normal
2025-02-07,240.9941258,3623495880.0,318,44389.17567423421,10697530.5865947,33640.0332911783,0.0009283861333154,Normal
2025-02-08,237.4662436,3574683489.0,268,28653.01457013965,6804123.737787133,25388.52140965348,0.0007102313110455,Normal
2025-02-09,239.7335179,3612299156.0,239,17597.07944702605,4218609.760601342,17651.08686444076,0.0004886385679082,Retail Orders
2025-02-10,241.8715102,3644460182.0,328,130925.30293721124,31667100.74481577,96546.03885614566,0.0026491176754512,Normal
2025-02-11,251.3142818,3786528217.0,304,32169.4885802882,8084651.91842843,26594.24973167247,0.0007023386122484,Normal
2025-02-12,244.2515242,3682293617.0,285,47992.71581075626,11722293.987274654,41130.85609570054,0.0011169901255514,Normal
2025-02-13,252.780439,3808253185.0,268,39987.40371960858,10108033.46671289,37716.54278624213,0.0009903895816276,Normal
2025-02-14,256.1576528,3862005485.0,248,65810.70336262039,16857915.302485906,67975.46492937865,0.0017601079333883,Normal
2025-02-15,263.3208039,3965492775.0,177,8332.914334834055,2194229.701478337,12396.77797445388,0.0003126163298697,Retail Orders
2025-02-16,253.0389099,3814969172.0,162,19375.45520760485,4902744.064548609,30263.852250300053,0.0007932921836543,Normal
2025-02-17,253.4474625,3821036410.0,255,40708.57514963134,10317485.07366462,40460.72577907694,0.0010588940129747,Normal
2025-02-18,263.7679329,3975964246.0,316,53392.07739593092,14083117.887961514,44566.82875937188,0.0011209061752556,Normal
2025-02-19,249.4881809,3758205184.0,260,27940.212598239363,6970752.815094002,26810.587750361545,0.0007133880785568,Normal
2025-02-20,252.6992623,3809171468.0,223,24938.56570314652,6301957.156005205,28259.89756056145,0.000741890928197,Normal
2025-02-21,261.8186801,3946882327.0,591,52503.63773769629,13746433.132932194,23259.616130172915,0.0005893161792804,Normal
2025-02-22,242.2378146,3652781727.0,390,59492.55052389788,14411345.423889108,36952.167753561815,0.0010116171869899,Normal
2025-02-23,247.1829945,3729903622.0,227,10792.428225764548,2667704.726770804,11752.003201633495,0.0003150752510686,Retail Orders
2025-02-24,247.8161926,3732954902.0,416,205231.0004002788,50859565.12268616,122258.57000645711,0.0032751151089705,Normal
2025-02-25,210.0690035,3166983562.0,583,126158.15151375969,26501917.171897512,45457.83391406091,0.0014353669043155,Normal
2025-02-26,205.0070396,3091643758.0,380,111874.0257548941,22934962.828145,60355.16533722368,0.001952203101701,Normal
2025-02-27,201.9189072,3046219462.0,261,31973.475253845485,6456049.182642723,24735.8206231522,0.0008120170241086,Normal
2025-02-28,203.2209713,3064923982.0,472,83716.43796217206,17012935.8364488,36044.35558569661,0.0011760277187095,Normal
2025-03-01,192.6467372,2904145230.0,254,31935.633071864417,6152295.511711093,24221.63587287832,0.0008340366598291,Normal
2025-03-02,194.7605464,2935470097.0,364,57439.49810918471,11186948.03668658,30733.37372716093,0.0010469659956192,Normal
2025-03-03,223.3948304,3368389759.0,360,70767.12063584528,15809008.912340997,43913.91364539165,0.0013037064231672,Normal
2025-03-04,181.1211862,2739126889.0,561,138726.57590682202,25126321.985707942,44788.45273744732,0.0016351361054981,Normal
2025-03-05,206.0942606,3108427762.0,380,72001.61215944545,14839119.02000888,39050.31321054968,0.0012562721800369,Normal
2025-03-06,221.9014167,3347743582.0,362,85265.87527612648,18920618.51993797,52266.90198877891,0.0015612576264742,Normal
2025-03-07,208.9695661,3152041165.0,340,76168.10505015517,15916815.862990145,46814.16430291219,0.0014852015520207,Normal
2025-03-08,197.1110883,2973920195.0,313,59491.12044428338,11726359.494959077,37464.40733213762,0.0012597650533839,Normal
2025-03-09,195.6984686,2953847353.0,297,51436.13003527181,10065971.878613155,33892.16120745171,0.0011473904084119,Normal
2025-03-10,178.245717,2684724670.0,444,111390.13946541132,19854815.27574224,44718.05242284288,0.0016656476145407,Normal
2025-03-11,181.410868,2738560195.0,430,124442.16105272472,22575160.452370584,52500.373145047866,0.0019170793923354,Normal
2025-03-12,182.1872259,2746987743.0,364,60481.111111254766,11018885.852709172,30271.664430519704,0.0011019948854034,Normal
2025-03-13,175.0281654,2638929665.0,284,53104.3710535687,9294760.640226996,32728.03042333449,0.0012402009366678,Normal
2025-03-14,162.5751127,2452607991.0,295,60033.90178258979,9760018.348125266,33084.807959746664,0.0013489643710349,Normal
2025-03-15,173.2207972,2613849227.0,227,13763.094318854495,2384054.1698507667,10502.441276875625,0.0004017998118785,Retail Orders
2025-03-16,173.1825618,2612078663.0,204,26339.01690857423,4561458.423520402,22360.09031137452,0.0008560266820484,Normal
2025-03-17,165.0271864,2490047113.0,276,97075.63127230422,16020118.29687222,58043.90687272544,0.0023310364920282,Normal
2025-03-18,174.9264558,2640240251.0,229,67676.2423200627,11838365.210910536,51695.9179515744,0.0019580005240808,Normal
2025-03-19,169.6477185,2559927544.0,285,61753.17483332397,10476285.22060503,36758.89551089484,0.001435934997342,Normal
2025-03-20,183.3170145,2768758629.0,246,65072.99239207212,11928986.689895876,48491.815812584864,0.0017513919525046,Normal
2025-03-21,178.2585994,2690667277.0,207,43778.01225890408,7803807.149788272,37699.55144825252,0.0014011227538429,Normal
2025-03-22,177.9710105,2687203115.0,196,35281.89929671816,6279155.270196171,32036.506480592707,0.0011921877546868,Normal
2025-03-23,179.7787948,2713350813.0,219,58787.5712777261,10568758.713528693,48259.17220789357,0.0017785821124448,Normal
2025-03-24,184.6616068,2790734132.0,278,62949.393029036815,11624336.063826658,41814.15850297359,0.0014983211056729,Normal
2025-03-25,190.0070542,2864234868.0,273,45831.72209010807,8708350.5032545,31898.719792141022,0.0011136907852258,Normal
2025-03-26,186.8758122,2820378535.0,269,32538.74772855181,6080704.909744025,22604.850965591173,0.0008014828749074,Normal
2025-03-27,177.574335,2679119716.0,240,55140.319960961446,9791505.648754952,40797.940203145634,0.0015228113906032,Normal
2025-03-28,184.6575989,2787048114.0,245,74377.23805920446,13734322.192826394,56058.45792990365,0.0020113918252185,Normal
2025-03-29,175.549626,2651483624.0,231,33826.93972742736,5938306.617874414,25706.9550557334,0.0009695309759051,Normal
2025-03-30,167.9353728,2531270621.0,241,29396.33961189421,4936685.251678863,20484.17116879196,0.0008092446141021,Normal
2025-03-31,163.1676749,2461922758.0,322,75205.08851132111,12271039.43304097,38108.81811503407,0.0015479290725592,Normal
2025-04-01,159.5859509,2405959693.0,293,36755.01044578,5865583.292329235,20019.05560521924,0.0008320611381588,Normal
2025-04-02,166.4354034,2513706979.0,312,130101.54786308986,21653503.60155777,69402.25513319798,0.002760952478272,Normal
2025-04-03,150.4167862,2273842764.0,331,118020.9942648503,17752338.661447413,53632.44308594384,0.0023586698225165,Normal
2025-04-04,151.5012372,2291975159.0,289,45904.86984195898,6954644.574561753,24064.5140988296,0.0010499465495659,Normal
2025-04-05,151.7745634,2290123912.0,161,20206.20622705519,3066788.1280816626,19048.37346634573,0.0008317616949255,Normal
2025-04-06,152.8737805,2305979282.0,350,40786.34794106412,6235163.202538864,17814.752007253897,0.0007725460565197,Normal
2025-04-07,129.3359532,1952375330.0,517,102681.63254201908,13280426.820954176,25687.47934420537,0.0013157039504389,Normal
2025-04-08,132.1269126,1999824209.0,351,100645.2345555398,13297944.109726308,37885.88065449091,0.0018944605472815,Normal
2025-04-09,124.9537431,1886142671.0,315,29153.20848549253,3642802.5236369735,11564.452455990391,0.0006131271315684,Normal
2025-04-10,142.8683091,2158667425.0,252,43074.52747187252,6153984.905187924,24420.575020587003,0.0011312801007587,Normal
2025-04-11,132.1244658,1995674143.0,267,35686.44991454103,4715053.131257189,17659.375023435165,0.0008848826891592,Normal
2025-04-12,136.0441434,2054185685.0,225,42820.80447341596,5825519.664284763,25891.19850793228,0.0012604117873566,Normal
2025-04-13,147.9640471,2234324455.0,210,10654.873310948453,1576538.1764257096,7507.324649646236,0.0003359997529833,Retail Orders
2025-04-14,139.0702476,2094661568.0,249,24803.997004116816,3449498.0048321835,13853.40564189632,0.0006613672515662,Normal
2025-04-15,137.2065854,2071687860.0,239,31712.53987215999,4351169.310220424,18205.72933146621,0.0008787872769339,Normal
2025-04-16,134.1201998,2025167640.0,237,40681.34717434788,5456190.411156703,23021.900469015625,0.0011367898644191,Normal
2025-04-17,133.9459742,2022922968.0,245,27691.01613425181,3709100.132690277,15139.184215062352,0.000748381646486,Normal
2025-04-18,138.6833036,2093433480.0,176,13204.312751873416,1831217.714197412,10404.646103394383,0.0004970134567349,Retail Orders
2025-04-19,138.6448599,2094056715.0,170,13311.430520958673,1845561.419646899,10856.243644981758,0.0005184312137879,Normal
2025-04-20,142.0666527,2145287400.0,163,8491.145681133663,1206308.644506721,7400.66653071608,0.0003449731970977,Retail Orders
2025-04-21,140.8330651,2127066056.0,211,24468.10810053399,3445918.6609963407,16331.368061594032,0.0007677884763158,Normal
2025-04-22,142.6405652,2149353020.0,302,77775.65865956686,11093963.910002893,36734.97983444666,0.0017091180226153,Normal
2025-04-23,158.5846968,2395072629.0,350,53606.99922120198,8501249.717852151,24289.284908149,0.0010141356305462,Normal
2025-04-24,167.5049628,2529223733.0,295,49593.60485625976,8307174.936565691,28159.91503920573,0.001113381733367,Normal
2025-04-25,167.8671315,2535797155.0,278,28175.71881761823,4729777.095864144,17013.586675770304,0.0006709364210076,Normal
2025-04-26,166.8542484,2520559483.0,200,17671.392300843996,2948546.8805388715,14742.734402694356,0.0005848992853422,Normal
2025-04-27,172.7346751,2608083880.0,206,12677.419889451598,2189830.0057107,10630.242746168444,0.0004075882232042,Retail Orders
2025-04-28,166.8308095,2522219594.0,256,38509.0907999354,6424502.791262224,25095.714028368064,0.0009949852934323,Normal
2025-04-29,166.5070061,2513763692.0,221,25364.936991015795,4223439.718289183,19110.58696058454,0.0007602380057204,Normal
2025-04-30,165.8088001,2504377282.0,238,53480.09914231608,8867471.06801647,37258.281798388525,0.0014877263927515,Normal
2025-05-01,164.5548214,2486484880.0,281,44159.07584517625,7266588.838892033,25859.746757622896,0.0010400122263209,Normal
2025-05-02,173.0396843,2612477081.0,202,21176.911018646875,3664445.997115847,18140.82176790024,0.0006943916139909,Normal
2025-05-03,174.8545721,2641932861.0,178,21223.573783369284,3711038.9123238144,20848.533215302326,0.0007891394033159,Normal
2025-05-04,178.0779969,2689187518.0,189,11831.948251613674,2107009.64407182,11148.199174983176,0.0004145564078504,Retail Orders
2025-05-05,171.6069957,2592495418.0,222,36304.01217947809,6230022.461976444,28063.164243137137,0.0010824769080898,Normal
2025-05-06,177.645214,2684589101.0,248,34069.06901159107,6052207.055344865,24404.060707035744,0.0009090426798628,Normal
2025-05-07,178.1690843,2691764301.0,231,44080.52619354332,7853786.987365778,33999.07786738432,0.0012630778205489,Normal
2025-05-08,172.0152086,2601215641.0,347,55326.76734820009,9517045.426564308,27426.643880588785,0.0010543779396176,Normal
2025-05-09,205.0432403,3096506685.0,311,61238.833574366094,12556608.868280455,40374.94812951915,0.0013038870003123,Normal
2025-05-10,211.1435863,3191174894.0,282,27798.432757671264,5869460.78597411,20813.690730404644,0.0006522265755329,Normal
2025-05-11,228.6779838,3457101752.0,242,16680.576046157857,3814480.498857954,15762.316110983282,0.0004559401846319,Retail Orders
2025-05-12,220.4815611,3333048592.0,270,19759.145743318943,4356527.29948938,16135.28629440511,0.000484099941811,Retail Orders
2025-05-13,221.5489628,3349484575.0,307,43914.69580671901,9729255.307656107,31691.38536695801,0.0009461570775246,Normal
2025-05-14,235.5482609,3559498370.0,244,66407.35824978662,15642137.746700505,64107.121912706985,0.0018010156277359,Normal
2025-05-15,229.371851,3464419843.0,247,42612.18332662903,9774035.364780238,39570.99337967708,0.0011422112553601,Normal
2025-05-16,222.6444876,3363884816.0,282,47441.09306986371,10562497.857723717,37455.66616214084,0.0011134645866584,Normal
2025-05-17,231.835018,3506276934.0,207,9905.251265165924,2296384.1053542653,11093.643021035095,0.0003163938054482,Retail Orders
2025-05-18,222.4507494,3362707810.0,217,11579.38128209289,2575842.043789896,11870.239833133162,0.0003529964690311,Retail Orders
2025-05-19,228.0540386,3442546120.0,306,81667.45639241942,18624593.25248064,60864.68383163607,0.0017680136070809,Normal
2025-05-20,247.1293046,3730535247.0,365,72831.29293146858,17998746.775272723,49311.63500074719,0.0013218380670817,Normal
2025-05-21,258.5491046,3914059713.0,329,51743.0342788078,13378115.182072865,40662.96407924883,0.0010388948319871,Normal
2025-05-22,249.7026906,3787595367.0,369,68808.64550987877,17181703.920358337,46562.88325300362,0.0012293521018292,Normal
2025-05-23,256.0658324,3875904526.0,327,89178.45255392282,22835554.68536415,69833.50056686284,0.0018017342815957,Normal
2025-05-24,255.2557328,3863259813.0,268,19621.372893524607,5008467.91647868,18688.313121189105,0.0004837446619122,Retail Orders
2025-05-25,261.3065429,3954827945.0,232,18693.039878997803,4884613.627072751,21054.36908221013,0.0005323713035058,Normal
2025-05-26,266.8717619,4040315231.0,285,44595.79450382381,11901358.252565796,41759.15176338876,0.001033561724169,Normal
2025-05-27,267.3689844,4047861805.0,308,43751.24630099926,11697726.289732428,37979.63081081957,0.0009382640179046,Normal
2025-05-28,272.0587567,4120790860.0,280,29294.971918793883,7969953.637788478,28464.12013495885,0.0006907441096139,Normal
2025-05-29,263.9500674,3997101687.0,291,44798.76517093327,11824637.08630461,40634.49170551413,0.0010165988980883,Normal
2025-05-30,250.4798467,3794070041.0,322,49282.39604642051,12344247.006716097,38336.17082831085,0.0010104233821209,Normal
2025-05-31,251.6756465,3811599422.0,260,33412.32510644716,8409068.522233272,32342.57123935874,0.0008485301748311,Normal
2025-06-01,248.5265484,3768554792.0,243,13427.79445967809,3337163.4096884388,13733.1827559195,0.000364415101117,Retail Orders
2025-06-02,246.7340799,3743642202.0,260,52561.93586327926,12968820.88298902,49880.08031918854,0.0013323944337559,Normal
2025-06-03,257.5926687,3897978221.0,288,113457.3563068649,29225783.194732103,101478.41387059758,0.0026033602066807,Normal
2025-06-04,266.8594914,4044053144.0,264,56726.861321525976,15138101.360980757,57341.29303401801,0.0014179164069367,Normal
2025-06-05,265.3573855,4022003010.0,301,82715.11789103608,21949067.42488961,72920.48978368641,0.0018130391648733,Normal
2025-06-06,242.5135044,3675721200.0,289,54739.38824698551,13275040.872488627,45934.39748265961,0.0012496703363318,Normal
2025-06-07,251.2376375,3807447275.0,181,7627.397730037935,1916289.3859675927,10587.234176616535,0.0002780664684743,Retail Orders
2025-06-08,257.8668173,3909435685.0,174,7207.971578097292,1858696.690032807,10682.164885246017,0.0002732405837044,Retail Orders
2025-06-09,254.3667563,3855503418.0,327,49957.07546401718,12707419.240016367,38860.60929668614,0.001007925686572,Normal
2025-06-10,284.7209586,4315525975.0,484,69717.30100141719,19849976.772128243,41012.348702744304,0.0009503441513347,Normal
2025-06-11,308.0276772,4668808130.0,340,35885.98125046962,11053875.448624909,32511.39837830856,0.0006963532763191,Normal
2025-06-12,304.2074518,4611075239.0,304,38421.49578009528,11688105.32560724,38447.71488686592,0.0008338123516545,Normal
2025-06-13,294.6846905,4467943538.0,397,55460.6817715806,16343413.84277722,41167.28927651692,0.00092139233467,Normal
2025-06-14,289.8653416,4391989480.0,279,30525.04327251752,8848152.095543073,31713.806794061195,0.0007220829407373,Normal
2025-06-15,276.8205159,4204844439.0,194,22301.78088334422,6173590.489616104,31822.63138977373,0.000756808767873,Normal
2025-06-16,274.4220456,4163027809.0,302,62150.96766476447,17055595.682584118,56475.48239266264,0.0013565963280516,Normal
2025-06-17,277.5082945,4210496024.0,304,27470.661858123767,7623336.521034127,25076.764871822787,0.0005955774504686,Normal
2025-06-18,267.4203453,4057897905.0,325,57702.92416745743,15430935.905681182,47479.80278671133,0.0011700590773417,Normal
2025-06-19,258.3624389,3916180803.0,272,23950.997643185947,6188038.165181673,22750.140313167914,0.0005809267104251,Normal
2025-06-20,255.7344033,3877867168.0,284,60383.53944073155,15442148.4280175,54373.76207048416,0.0014021563842922,Normal
2025-06-21,247.2644041,3750101068.0,218,18740.0417927006,4633745.266681209,21255.71223248261,0.0005668037166747,Normal
2025-06-22,231.713187,3492649293.0,351,27135.3798095552,6287625.336127488,17913.46249608971,0.0005128903875917,Normal
2025-06-23,227.5557134,3448579068.0,373,53530.15681677319,12181093.022854695,32657.08585215736,0.0009469722227101,Normal
2025-06-24,258.018653,3913033943.0,318,49201.25933871184,12694842.660478096,39920.88886942797,0.0010202029793491,Normal
2025-06-25,263.6299738,3998139916.0,282,51519.122636824926,13581984.950945145,48163.06720193313,0.0012046368614862,Normal
2025-06-26,255.232179,3869415056.0,276,27915.61751611788,7124963.886769332,25815.08654626569,0.0006671573396148,Normal
2025-06-27,250.241406,3796259627.0,240,44075.875483828,11029609.051754048,45956.70438230853,0.0012105785403994,Normal
2025-06-28,259.1107113,3929768960.0,201,19263.64136580183,4991415.816521016,24832.914510054805,0.0006319179260364,Normal
2025-06-29,260.2423254,3945095362.0,240,24996.210894011427,6505072.049246348,27104.466871859782,0.0006870421215399,Normal
2025-06-30,278.1646294,4223782629.0,330,70284.19626347338,19550577.40630594,59244.17395850285,0.0014026331173327,Normal
2025-07-01,275.0395904,4174205324.0,304,31603.51454917045,8692217.69680428,28592.821371066708,0.0006849883786662,Normal
2025-07-02,260.0499457,3946944637.0,318,43985.83075394544,11438512.899132902,35970.16634947454,0.000911342054618,Normal
2025-07-03,276.3739006,4196291527.0,282,20951.694526743813,5790501.540535859,20533.69340615553,0.0004893295252257,Retail Orders
2025-07-04,279.3381635,4239116833.0,221,17448.942052214064,4874155.427883399,22055.001936123976,0.0005202735099073,Normal
2025-07-05,265.8420386,4033106551.0,193,10710.71799031628,2847359.1054153754,14753.155986608162,0.0003658012948591,Retail Orders
2025-07-06,273.6402688,4156971054.0,210,18134.67496749921,4962377.3327071145,23630.36825098626,0.0005684515947795,Normal
2025-07-07,286.3573328,4339731547.0,0,0.0,0.0,,,Normal
2025-07-08,283.3668712,4300553922.0,266,33737.948453045734,9560216.893846449,35940.66501446033,0.0008357217620409,Normal
2025-07-09,293.204956,4449878579.0,295,29922.620750800063,8773460.700643018,29740.54474794244,0.000668345084477,Normal
2025-07-10,302.079288,4585249424.0,361,50776.001127537966,15338378.268093867,42488.58246009381,0.00092663623134,Normal
2025-07-11,309.1238591,4687606684.0,401,52167.57939753493,16126243.463271651,40215.07098072731,0.0008579019890468,Normal
2025-07-12,297.7894759,4523900234.0,230,19481.887075594645,5801500.941784313,25223.917138192664,0.0005575701459687,Normal
2025-07-13,301.4912957,4575831631.0,244,10149.500785876184,3059986.142641979,12540.926814106471,0.00027406879941,Retail Orders
2025-07-14,306.2924037,4653899868.0,374,44610.94015877284,13663992.092547392,36534.73821536736,0.0007850349008705,Normal
2025-07-15,314.7467089,4782096722.0,323,33051.634823302484,10402893.284399088,32207.099951699965,0.0006734932776146,Normal
2025-07-16,326.9524192,4972641178.0,396,37767.53951479493,12348188.411593797,31182.2939686712,0.0006270770975116,Normal
2025-07-17,323.2513358,4911851828.0,362,34723.57539467467,11224442.1300806,31006.746215692263,0.0006312638756515,Normal
2025-07-18,321.5417784,4887726421.0,400,49497.09377600763,15915383.558369065,39788.45889592266,0.0008140484034657,Normal
2025-07-19,324.6914208,4923330803.0,264,8822.246145149044,2864507.6355157658,10850.407710286992,0.0002203875413708,Retail Orders
2025-07-20,319.0420842,4848212737.0,292,16617.55437813572,5301699.183107255,18156.50405173717,0.0003744989140672,Retail Orders
2025-07-21,324.5934044,4926823263.0,360,55074.78849301843,17876913.0935588,49658.091926552224,0.0010079129953672,Normal
2025-07-22,322.4052593,4904392005.0,342,31713.079379260333,10224463.58047191,29896.092340561143,0.0006095779519679,Normal
2025-07-23,310.7413438,4723633694.0,384,47161.15650659371,14654921.148021042,38163.8571563048,0.0008079343071157,Normal
2025-07-24,290.7872273,4424694702.0,395,35305.96140260144,10266522.623423291,25991.19651499568,0.0005874122005128,Normal
2025-07-25,286.8159989,4367962364.0,302,29069.877156358347,8337705.854501211,27608.297531460965,0.0006320635397182,Normal
2025-07-26,294.1442768,4471249379.0,218,9999.181789902084,2941202.096182478,13491.75273478201,0.0003017445816855,Retail Orders
2025-07-27,295.1256472,4486230235.0,251,11622.657624850615,3430144.353718053,13665.913759832882,0.0003046190909511,Retail Orders
2025-07-28,305.2630719,4629719173.0,300,25644.712008886752,7828383.56582359,26094.61188607864,0.0005636327153115,Normal
2025-07-29,288.0436917,4378512217.0,299,35156.72450580889,10126672.714733051,33868.47061783629,0.0007735154988568,Normal
2025-07-30,281.7085064,4280006030.0,317,46637.00162255113,13138040.070063254,41444.92135666642,0.0009683379197637,Normal
2025-07-31,274.2614771,4171595806.0,360,22641.867178286902,6209791.936618974,17249.422046163818,0.0004134969649109,Retail Orders
2025-08-01,260.8080766,3964005833.0,391,87467.80355702496,22812309.61013432,58343.50283921821,0.0014718319118885,Normal
2025-08-02,255.9866094,3893282780.0,240,13949.71685154629,3570940.718917378,14878.919662155742,0.0003821689947257,Retail Orders
2025-08-03,249.6301173,3796891436.0,253,10144.799668285388,2532447.5311790826,10009.67403628096,0.00026362813383,Retail Orders
2025-08-04,259.952121,3952255123.0,287,45213.330510240085,11753301.163610922,40952.268862755824,0.0010361747303314,Normal
2025-08-05,267.8166689,4072004196.0,276,33441.51032307824,8956193.897711778,32449.977890260063,0.0007969043333043,Normal
2025-08-06,255.2385119,3881997473.0,265,39293.884305314816,10029312.556859318,37846.462478714406,0.0009749223883308,Normal
2025-08-07,263.353705,4005738408.0,316,26093.838111262823,6871908.944271266,21746.54729199768,0.000542884858596,Normal
2025-08-08,284.9157445,4335173366.0,328,51909.087872824006,14789716.417601574,45090.59883415114,0.0010401106259737,Normal
2025-08-09,290.9700662,4425881255.0,339,32128.97967838856,9348571.343959177,27576.9066193486,0.000623082840015,Normal
2025-08-10,307.8950761,4681940343.0,264,19289.106614855507,5939020.94908195,22496.291473795263,0.0004804907757406,Retail Orders
2025-08-11,306.8288464,4666916293.0,364,50683.94466343064,15551296.27208186,42723.3414068183,0.0009154512042759,Normal
2025-08-12,294.0515816,4473686197.0,368,47002.68308892434,13821213.301741775,37557.64484168961,0.000839523453095,Normal
2025-08-13,322.544411,4904807502.0,449,73582.67159943705,23733679.47084685,52858.97432259878,0.001077697224632,Normal
2025-08-14,333.0345387,5072173693.0,400,37156.39760885474,12374363.737418722,30935.90934354681,0.0006099142343299,Normal
2025-08-15,313.8730682,4775208006.0,330,51271.362557426015,16092699.8766939,48765.75720210273,0.0010212279159531,Normal
2025-08-16,299.749392,4560133039.0,242,11035.749139570426,3307959.0948507586,13669.252458060986,0.0002997555628565,Retail Orders
2025-08-17,295.8393535,4499317075.0,242,21311.03789605093,6304643.673581707,26052.24658504838,0.0005790266867344,Normal
2025-08-18,303.9041127,4623797021.0,297,61553.24991844232,18706285.80026556,62984.12727362141,0.0013621732742065,Normal
2025-08-19,288.938731,4395787652.0,296,32465.91759641703,9380661.031059308,31691.422402227392,0.000720949802655,Normal
2025-08-20,277.6249601,4223730673.0,310,52346.89643597074,14532805.03439521,46880.01623998455,0.0011099196390447,Normal
2025-08-21,298.6591967,4548673817.0,238,35525.07874702205,10609891.481289849,44579.37597180609,0.0009800521594931,Normal
2025-08-22,299.821135,4549309579.0,422,58819.09078848911,17635206.55987285,41789.58900443804,0.0009185918935335,Normal
2025-08-23,344.2819369,5235118684.0,488,40961.71919604416,14102380.023567997,28898.31972042621,0.000552008874388,Normal
2025-08-24,356.9730798,5431620161.0,334,34503.326300186534,12316758.652721925,36876.52291234109,0.0006789230803936,Normal
2025-08-25,348.2450577,5299708905.0,392,41000.355869979045,14278171.295661386,36423.90636648313,0.0006872812642996,Normal
2025-08-26,318.1833236,4846299957.0,360,42684.25381594082,13581417.744542032,37726.16040150565,0.0007784528555029,Normal
2025-08-27,336.0138585,5104702408.0,353,69013.50140144375,23189492.89449428,65692.61443199511,0.0012869039011763,Normal
2025-08-28,320.65664,4878847035.0,323,64705.873508180906,20748367.9873983,64236.433397517954,0.0013166314282185,Normal
2025-08-29,317.0693118,4821434481.0,313,85041.1038307917,26963924.26634147,86146.72289565965,0.0017867446552502,Normal
2025-08-30,319.7751398,4868083848.0,218,12606.985167687364,4031400.444453753,18492.6625892374,0.0003798755971887,Retail Orders
2025-08-31,318.9856145,4853507377.0,230,42192.13968935223,13458685.60587786,58516.024373382,0.0012056440802105,Normal
2025-09-01,315.9843906,4804787476.0,249,335601.6168094892,106044872.37192117,425883.0215739805,0.0088637223540328,Small Whale Orders
2025-09-02,303.9665632,4625148246.0,283,81113.18168737249,24655695.0677278,87122.5974124657,0.0018836714582675,Normal
2025-09-03,315.5239542,4803236838.0,280,69234.99109405534,21845298.15899812,78018.92199642186,0.001624298876524,Normal
2025-09-04,328.2024708,4997284421.0,266,311297.49106652424,102168605.7218742,384092.5027138128,0.0076860244555972,Small Whale Orders
2025-09-05,307.2040582,4686797561.0,274,246333.6460141328,75674695.72674386,276185.02090052504,0.0058928301746746,Small Whale Orders
2025-09-06,302.3421786,4603422197.0,166,5446.204392323754,1646617.301076053,9919.381331783452,0.00021547841817,Retail Orders
2025-09-07,298.3459938,4542796661.0,194,8709.470249081924,2598435.55693388,13393.99771615402,0.0002948403531054,Retail Orders
2025-09-08,301.8725898,4609066195.0,258,25349.563739964527,7652338.456483265,29660.22657551653,0.0006435192145361,Normal
2025-09-09,302.9671897,4613068378.0,228,31838.03210452131,9645879.112285197,42306.4873345842,0.0009171008072706,Normal
2025-09-10,298.1221932,4540717508.0,307,40361.62638761461,12032696.579794662,39194.451399982616,0.0008631774897013,Normal
2025-09-11,300.061405,4568447601.0,261,47591.27465269713,14280304.738029188,54713.81125681681,0.0011976455907,Normal
2025-09-12,309.4759898,4714975330.0,312,122511.90959716817,37914494.48487173,121520.81565664016,0.002577337253144,Normal
2025-09-13,321.5330484,4893911558.0,237,14466.855936905573,4651572.290156887,19626.88730024003,0.0004010470370711,Retail Orders
2025-09-14,314.6700116,4789948209.0,210,12443.016729048071,3915444.218468552,18644.972468897864,0.0003892520681928,Retail Orders
2025-09-15,306.434675,4667622436.0,271,49736.83588145168,15241091.138860987,56240.18870428409,0.0012049001279649,Normal
2025-09-16,299.3052043,4558492671.0,324,129370.623656442,38721300.94390979,119510.188098487,0.0026217040746556,Normal
2025-09-17,299.1281666,4555862139.0,275,54857.39178242975,16409391.028336115,59670.51283031315,0.0013097523807735,Normal
2025-09-18,306.4104253,4662831291.0,257,33908.29825510452,10389856.089545824,40427.45560134562,0.0008670151905211,Normal
2025-09-19,309.3074471,4711435395.0,244,35668.06633608553,11032398.541408068,45214.74812052487,0.0009596809534629,Normal
2025-09-20,298.6552653,4542932391.0,181,5414.302462880481,1617009.9384660132,8933.756566110571,0.0001966517613999,Retail Orders
2025-09-21,296.9348303,4518810323.0,173,6755.888233979909,2006058.5262825908,11595.71402475486,0.0002566098861404,Retail Orders
2025-09-22,294.6523696,4488503373.0,498,59438.73607520505,17513764.43058817,35168.20166784773,0.0007835173273879,Normal
2025-09-23,270.3521288,4118808331.0,360,66398.06098810036,17950857.136325166,49863.49204534768,0.0012106290955578,Normal
2025-09-24,275.2194571,4197488393.0,293,41884.72486502561,11527491.23813522,39342.97350899392,0.0009372979702482,Normal
2025-09-25,278.0268068,4235853280.0,372,42599.71880944004,11843863.791166512,31838.34352464116,0.0007516394317756,Normal
2025-09-26,259.5218447,3951762604.0,288,17162.875334630873,4454141.067199534,15465.767594442828,0.0003913637822977,Retail Orders
2025-09-27,270.7647257,4124724350.0,169,6630.6021436226165,1795333.1706438095,10623.273199075797,0.0002575511063927,Retail Orders
2025-09-28,266.6870559,4067708324.0,183,5517.234100887329,1471374.9190767254,8040.300104244401,0.0001976616675489,Retail Orders
2025-09-29,275.2894782,4196237662.0,219,15502.63202167666,4267711.479973979,19487.26703184465,0.0004643985541695,Retail Orders
2025-09-30,277.3151149,4232925439.0,239,41072.82090956985,11390114.049804486,47657.38096152505,0.0011258733858724,Normal
2025-10-01,274.4636596,4185348602.0,346,63181.99162711267,17341160.642793905,50118.96139535811,0.001197485948277,Normal
2025-10-02,285.9794256,4361360760.0,301,42932.87681308709,12277919.450362206,40790.43006764852,0.0009352684245191,Normal
2025-10-03,288.8545807,4401128176.0,259,35144.416355868765,10151625.650420696,39195.46583174014,0.0008905776942711,Normal
2025-10-04,290.9949382,4439964753.0,184,10815.80896266634,3147345.660674097,17105.139460185314,0.0003852539470865,Retail Orders
2025-10-05,283.2450009,4319383018.0,226,7031.317023089156,1991585.3965330727,8812.324763420678,0.0002040181370046,Retail Orders
2025-10-06,285.7931727,4359106038.0,284,21184.17386567196,6054292.260098813,21317.93049330568,0.0004890436320536,Retail Orders
2025-10-07,297.4779593,4537642202.0,310,23572.172062772366,7012201.641501994,22620.00529516772,0.0004984968908566,Retail Orders
2025-10-08,276.502193,4216215050.0,253,75443.19753899543,20860209.56646444,82451.4212113219,0.0019555791209303,Normal
2025-10-09,285.6127705,4357905321.0,271,11427.61682988261,3263873.3029952,12043.812926181548,0.0002763670166982,Retail Orders
2025-10-10,273.5503632,4172274329.0,580,82058.47467117022,22447125.54993661,38701.94060333898,0.0009275981767146,Normal
2025-10-11,227.3192992,3520146669.0,661,127611.92809936457,29008654.06510834,43886.01220137419,0.0012467097631997,Normal
2025-10-12,234.2593678,3571176997.0,453,54203.61711350492,12697705.077482924,28030.25403417864,0.0007849024021415,Normal
2025-10-13,251.5940183,3836617716.0,318,65481.99020001403,16474877.040702747,51807.78943617217,0.001350350576241,Normal
2025-10-14,260.9798885,3981098508.0,320,278618.3088307826,72713775.17271622,227230.54741473816,0.0057077348615744,Small Whale Orders
2025-10-15,255.5873627,3898642859.0,308,59395.21668355351,15180666.789144482,49287.87918553403,0.0012642317074967,Normal
2025-10-16,242.416296,3698958021.0,373,57296.63864895155,13889638.91452928,37237.63784056107,0.0010067061488438,Normal
2025-10-17,223.0584396,3404288833.0,565,92449.41743218953,20621622.79435323,36498.44742363404,0.0010721313382645,Normal
2025-10-18,206.1865601,3145439918.0,307,22388.084981825545,4616122.229629081,15036.228761006778,0.0004780326171535,Retail Orders
2025-10-19,214.7861265,3276650489.0,271,13342.325752390989,2865746.466857258,10574.71020980538,0.0003227292701893,Retail Orders
2025-10-20,222.5937104,3396799458.0,257,35924.070865938585,7996472.22672181,31114.677924987587,0.0009159998495556,Normal
2025-10-21,228.9686366,3493206915.0,285,36704.4066648304,8404157.95125817,29488.27351318656,0.0008441605158446,Normal
2025-10-22,218.8156252,3338805313.0,283,47016.25437118272,10287891.094792578,36352.97206640487,0.0010888017916127,Normal
2025-10-23,216.7833339,3306326594.0,235,19547.42508968212,4237555.980101796,18032.15310681616,0.0005453833005952,Normal
2025-10-24,224.4214616,3423392425.0,272,106732.27796993824,23953013.821911026,88062.55081584935,0.0025723767504056,Normal
2025-10-25,229.1526515,3496898154.0,164,15858.313524515956,3633974.592461142,22158.381661348427,0.000633658193219,Normal
2025-10-26,226.4753497,3456672894.0,186,27119.85019541307,6141977.556817789,33021.384714074135,0.0009552938830686,Normal
2025-10-27,241.2298965,3682032652.0,255,46297.70045859222,11168389.489814203,43797.60584240864,0.0011894953136447,Normal
2025-10-28,235.2323405,3586705209.0,224,19664.883840722425,4625816.651513766,20650.967194257883,0.0005757642736414,Normal
2025-10-29,228.7435602,3495165473.0,226,23807.86374027372,5445895.512706698,24096.88279958716,0.0006894346772916,Normal
2025-10-30,227.4743129,3471154227.0,285,21546.666065740814,4901313.058590137,17197.58967926364,0.0004954429724122,Retail Orders
2025-10-31,214.7524395,3274012275.0,299,34464.28196431581,7401288.627452672,24753.47367041028,0.000756059281128,Normal
2025-11-01,228.4349081,3486648879.0,220,14383.61087300566,3285718.8279212085,14935.085581460038,0.0004283507201259,Retail Orders
2025-11-02,222.8377173,3401117522.0,205,17298.823557774278,3854830.353589885,18804.05050531651,0.0005528785872197,Normal
2025-11-03,230.2152906,3501204797.0,386,24764.07252400241,5701068.152552691,14769.606612830808,0.0004218435501255,Retail Orders
2025-11-04,199.456434,3042524023.0,457,151761.65177421478,30269837.88083465,66235.96910467102,0.0021770072677802,Normal
2025-11-05,188.7625795,2880577435.0,337,29186.58248558903,5509334.596769307,16348.17387765373,0.0005675311372996,Normal
2025-11-06,202.0548256,3085093445.0,223,15399.607854784565,3111565.079406885,13953.206634111591,0.0004522782496823,Retail Orders
2025-11-07,196.8608435,3004061539.0,267,23192.128956364635,4565622.068910716,17099.70812326111,0.0005692196348598,Normal
2025-11-08,207.8602849,3172443482.0,216,15311.993387828756,3182755.3079810017,14734.978277689825,0.0004644677946602,Retail Orders
2025-11-09,202.4765831,3092683918.0,184,11559.361810961436,2340500.0823000995,12720.109142935324,0.0004112967726479,Retail Orders
2025-11-10,212.1304997,3237924985.0,311,63022.62201279464,13369020.299978346,42987.203536907866,0.001327615795179,Normal
2025-11-11,227.0030955,3459180337.0,262,61934.77054306693,14059384.63235841,53661.77340594813,0.0015512858012047,Normal
2025-11-12,207.4800736,3173782326.0,266,22788.05658639376,4728067.657745943,17774.69044265392,0.0005600475589343,Normal
2025-11-13,204.6997776,3101028186.0,267,19960.5034951609,4085910.626243459,15303.036053346288,0.0004934826494784,Retail Orders
2025-11-14,199.2835187,3034197745.0,448,60371.33349610402,12031011.767714784,26854.936981506213,0.00088507537209,Normal
2025-11-15,174.4663663,2649267181.0,273,19513.08722735398,3404377.423851391,12470.24697381462,0.0004707055242766,Retail Orders
2025-11-16,178.624043,2709380635.0,310,28632.20541650623,5114400.291502842,16498.06545646078,0.0006089238715054,Normal
2025-11-17,173.7248671,2636331525.0,343,28386.28129976147,4931402.946264277,14377.26806491043,0.0005453512932107,Normal
2025-11-18,168.57386,2553196190.0,329,79877.03572612385,13465180.237710604,40927.599506719154,0.0016029946960996,Normal
2025-11-19,177.7670602,2695348340.0,336,39402.746555620986,7004510.418998418,20846.757199400054,0.0007734346203058,Normal
2025-11-20,173.9450281,2637104018.0,317,26240.83463615121,4564462.718152776,14398.93601940939,0.0005460131993704,Normal
2025-11-21,164.6283495,2497247389.0,457,117216.52983184188,19297163.84033364,42225.74144493138,0.0016908914043089,Normal
2025-11-22,157.6007981,2390476588.0,249,15922.400926966804,2509383.093758148,10077.843750032724,0.0004215830349739,Retail Orders
2025-11-23,161.0885478,2441081304.0,253,38367.52007843465,6180568.09212238,24429.122893764343,0.0010007500714431,Normal
2025-11-24,167.1673876,2534713531.0,264,121819.55782227613,20364257.23973705,77137.33802930701,0.0030432369214865,Normal
2025-11-25,178.7366386,2709476430.0,273,80088.67854611938,14314781.193249311,52435.09594596818,0.0019352482776891,Normal
2025-11-26,179.0131906,2716469520.0,236,48435.52059487558,8670597.080060689,36739.81813585038,0.0013524840925088,Normal
2025-11-27,185.8534082,2817104298.0,211,14788.497992301654,2748492.754028119,13026.03200961194,0.0004623908322762,Retail Orders
2025-11-28,185.9843514,2819643186.0,217,14752.459204067349,2743726.556623426,12643.901182596432,0.0004484220289069,Retail Orders
2025-11-29,185.6053168,2813975409.0,148,4394.437089260108,815630.8881097923,5511.019514255353,0.0001958446224025,Retail Orders
2025-11-30,182.3707089,2764900304.0,205,25101.901944746285,4577851.652401669,22330.983670252044,0.0008076596338011,Normal
2025-12-01,178.1001053,2700554188.0,368,77117.83901663926,13734695.2493719,37322.5414385106,0.0013820326807125,Normal
2025-12-02,171.9944478,2608280926.0,288,49551.76629980617,8522628.68224981,29592.460702256285,0.0011345580304357,Normal
2025-12-03,190.0606157,2881482700.0,258,40623.88934611242,7721001.421250797,29926.362097871304,0.0010385751091919,Normal
2025-12-04,198.6164592,3011294338.0,222,121128.8818086386,24058189.61168709,108370.22347606796,0.0035987921243209,Normal
2025-12-05,190.4699304,2887866978.0,239,122519.22241123456,23336227.76532997,97641.12035702915,0.0033810809535503,Normal
2025-12-06,183.7121796,2785670513.0,179,10172.84204997984,1868874.9857283288,10440.642378370552,0.0003747981798151,Retail Orders
2025-12-07,187.1425118,2836323473.0,180,54294.52856401804,10160814.452467185,56448.96918037324,0.001990216197755,Normal
2025-12-08,186.6773787,2829853863.0,220,14792.741794355736,2761470.261956264,12552.137554346653,0.0004435613343312,Retail Orders
2025-12-09,191.6398057,2906155881.0,254,91612.6581402772,17556632.00566325,69120.5984474931,0.0023784201976016,Normal
2025-12-10,202.823968,3078132636.0,243,53413.509274659984,10833539.89589134,44582.46870737177,0.0014483608726265,Normal
2025-12-11,196.8911396,2987289212.0,256,45780.05991992468,9013688.168590255,35209.719408555684,0.0011786511753571,Normal
2025-12-12,202.1081387,3074484134.0,245,26095.63440268429,5274140.097322208,21527.102438049827,0.0007001858360557,Normal
2025-12-13,191.5320727,2908644932.0,204,11344.377443643529,2172812.1252721725,10651.039829765552,0.0003661856320992,Retail Orders
2025-12-14,197.6431075,3001202749.0,176,110392.48440760518,21818313.66296439,123967.69126684312,0.0041306003504144,Normal
2025-12-15,188.3155754,2855666832.0,267,87288.25701440206,16437738.34533021,61564.56309112439,0.002155873451386,Normal
2025-12-16,194.2274115,2956428373.0,247,27490.64037827972,5339435.921150649,21617.149478342708,0.0007311913819987,Normal
2025-12-17,186.039655,2825035053.0,255,58894.59612142141,10956730.343793578,42967.56997566109,0.0015209570560914,Normal
2025-12-18,179.5581042,2727132728.0,270,15608.87483648743,2802699.974334768,10380.370275313957,0.0003806331158266,Retail Orders
2025-12-19,173.5751469,2636761134.0,248,21987.780615735934,3816532.250381337,15389.242945086036,0.0005836419062253,Normal
2025-12-20,181.3707753,2755476061.0,197,8952.367001023615,1623697.7437457887,8242.120526628369,0.0002991178418598,Retail Orders
2025-12-21,179.9635473,2734527755.0,356,64657.73976226496,11636036.20801746,32685.49496634118,0.0011952884700686,Normal
2025-12-22,165.1084618,2498940378.0,582,125661.22714096932,20747731.921145856,35649.0239194946,0.0014265656048995,Normal
2025-12-23,150.3309584,2283508875.0,367,42433.56145600625,6379077.962006719,17381.683820181795,0.0007611831077372,Normal
2025-12-24,150.6437058,2288711747.0,258,19482.02903869219,2934845.050891803,11375.368414309314,0.0004970205806484,Retail Orders
2025-12-25,148.3800096,2254349521.0,220,13741.71314522053,2038995.5284082685,9268.161492764855,0.0004111235372522,Retail Orders
2025-12-26,149.0155207,2262737346.0,273,181943.8340073237,27112455.162755705,99313.02257419672,0.0043890654277554,Normal
2025-12-27,154.1329667,2341984607.0,249,12450.727206728272,1919067.5219454328,7707.098481708565,0.0003290840793177,Retail Orders
2025-12-28,156.930623,2382707966.0,231,11794.57985103,1850930.7640453847,8012.687290239761,0.0003362849079524,Retail Orders
2025-12-29,153.4420313,2332847031.0,334,29356.58183059669,4504533.548111428,13486.627389555171,0.0005781188054912,Normal
2025-12-30,149.1983371,2267302140.0,348,38754.15122537396,5782054.918547722,16615.10034065437,0.0007328136840489,Normal
2025-12-31,149.3082834,2266530375.0,530,44922.25790994013,6707265.214985233,12655.21738676459,0.0005583519870879,Normal
2026-01-01,146.293748,2220285374.0,226,22968.48079697194,3360145.141655052,14867.898856880762,0.0006696390937393,Normal
2026-01-02,148.6591947,2259922820.0,385,44991.584688934585,6688412.748133864,17372.500644503543,0.0007687209709446,Normal
2026-01-03,164.9648234,2504390234.0,272,35752.39140692125,5897886.934570442,21683.40784768545,0.0008658158602165,Normal
2026-01-04,162.8859514,2471088905.0,225,12852.4995181446,2093491.611881025,9304.407163915666,0.000376530651936,Retail Orders
2026-01-05,163.8458686,2487484268.0,339,80808.80602672494,13240189.013977662,39056.60476099605,0.0015701246943924,Normal
2026-01-06,171.2475948,2602089455.0,316,28300.837036172325,4846450.273271271,15336.867953390098,0.0005894058685768,Normal
2026-01-07,176.224686,2675187377.0,237,50556.07775761792,8909228.928227803,37591.68324146752,0.0014051981391906,Normal
2026-01-08,167.4719683,2540572277.0,241,48776.18229438998,8168643.255001099,33894.78529046099,0.0013341397761958,Normal
2026-01-09,164.3481115,2495243195.0,238,19643.084882525178,3228303.904477212,13564.302119652151,0.0005436064166744,Normal
2026-01-10,165.4486478,2513241886.0,163,11004.544830382229,1820687.06184122,11169.859275099509,0.0004444402799953,Retail Orders
2026-01-11,164.889087,2503849574.0,178,6204.348777883275,1023029.405414739,5747.356210195163,0.0002295407946977,Retail Orders
2026-01-12,167.21623,2537628526.0,248,17804.619040509006,2977221.272540133,12004.924486048923,0.0004730765107283,Retail Orders
2026-01-13,164.9656717,2504844969.0,271,26159.654438692352,4315444.96591877,15924.15116575192,0.0006357340020172,Normal
2026-01-14,176.9119895,2684760940.0,279,28673.84786134965,5072747.471771687,18181.890579826835,0.0006772256817706,Normal
2026-01-15,178.6577849,2713075050.0,254,23318.297697973583,4165995.41435873,16401.55674944382,0.0006045375246602,Normal
2026-01-16,171.5960434,2605765394.0,215,24120.433239361577,4138970.908968292,19251.027483573453,0.0007387859063559,Normal
2026-01-17,175.4218706,2662260463.0,177,9103.223792984998,1596904.5462558556,9022.059583366416,0.0003388871866128,Retail Orders
2026-01-18,173.7182168,2637635148.0,173,11084.506722600623,1925580.7419577928,11130.52451998724,0.0004219887852354,Retail Orders
2026-01-19,169.9957385,2581825778.0,236,17696.969504839777,3008409.400187217,12747.497458420412,0.0004937396460691,Retail Orders
2026-01-20,163.9931137,2490139871.0,220,26732.53605078403,4383951.824065575,19927.05374575261,0.0008002383311002,Normal
2026-01-21,153.2135961,2326577131.0,236,29124.39872949922,4462253.863596846,18907.855354223924,0.0008126898138166,Normal
2026-01-22,159.2510925,2417853960.0,174,23279.610082387066,3707303.338594155,21306.341026403188,0.0008812087652474,Normal
2026-01-23,157.1378997,2385909521.0,177,3999.131634530013,628415.1456738741,3550.368054654656,0.0001488056451179,Retail Orders
2026-01-24,156.83209,2381382380.0,137,5700.631080316163,894041.8866449418,6525.853187189356,0.000274036343008,Retail Orders
2026-01-25,155.9527198,2368025281.0,232,15268.421435589356,2381151.8499327805,10263.585560055088,0.0004334238169839,Retail Orders
2026-01-26,147.6095695,2240166291.0,193,14820.469717975604,2187643.1548581654,11334.938626208112,0.0005059864828672,Normal
2026-01-27,154.2305427,2344567254.0,176,22262.207661760563,3433512.36937343,19508.59300780357,0.0008320764940532,Normal
2026-01-28,158.8885462,2413922852.0,206,13326.65906572374,2117453.484655896,10278.900410950948,0.0004258172709386,Retail Orders
2026-01-29,159.9229489,2428579392.0,266,13908.75974711951,2224329.87430097,8362.142384590114,0.0003443223809003,Retail Orders
2026-01-30,146.9812849,2230396914.0,316,26774.70549565088,3935380.6165698566,12453.736128385624,0.0005583641212115,Normal
2026-01-31,137.7036237,2090740903.0,454,83825.22069308658,11543036.64689025,25425.190852181164,0.0012160852076743,Normal
2026-02-01,128.7581564,1955391573.0,337,23773.94092434344,3061088.8037809734,9083.349566115648,0.0004645284193477,Retail Orders
2026-02-02,124.3620353,1892177466.0,326,112714.29765310432,14017379.463550068,42998.09651395727,0.0022724135175784,Normal
2026-02-03,128.480111,1950982205.0,300,22613.269017451003,2905355.313434966,9684.517711449886,0.0004963919038641,Retail Orders
2026-02-04,124.9436887,1897622670.0,286,17916.12689894638,2238506.981971652,7826.947489411372,0.0004124606863708,Retail Orders
2026-02-05,123.8161871,1883473679.0,576,90213.6816855453,11169914.090557322,19392.21196277313,0.0010295982459956,Normal
2026-02-06,101.4865506,1547348814.0,491,37169.74696959101,3772229.406618594,7682.748282318929,0.0004965104320892,Retail Orders
2026-02-07,113.9691138,1732474552.0,213,42756.59631212701,4872931.390797463,22877.61216336837,0.0013205164911056,Normal
2026-02-08,114.0593378,1732928275.0,228,10656.83984201942,1215512.0954213918,5331.193400971017,0.0003076407418518,Retail Orders
2026-02-09,112.6268106,1709303331.0,227,21350.66804446098,2404657.646026979,10593.205489105636,0.0006197381878913,Normal
2026-02-10,112.7099269,1712246475.0,240,27145.29035825677,3059543.691958396,12748.098716493314,0.0007445247458601,Normal
2026-02-11,109.3063225,1660538323.0,248,16015.479136162232,1750593.1274493702,7058.843255844235,0.0004250936674012,Retail Orders
2026-02-12,107.383231,1631486279.0,279,45618.17713383155,4898627.252961151,17557.803774054304,0.0010761845808973,Normal
2026-02-13,114.7931199,1742280179.0,340,49785.46831651719,5715029.233735609,16808.909510987083,0.0009647650081535,Normal
2026-02-14,118.7925703,1805102424.0,310,13746.249354024856,1632952.2927493274,5267.588041126863,0.0002918165734581,Retail Orders
2026-02-15,128.35006,1950286089.0,214,9341.012561943317,1198919.5227861784,5602.427676570927,0.0002872618385666,Retail Orders
2026-02-16,125.8092824,1910478326.0,244,28935.57313216126,3640363.691589928,14919.523326188231,0.0007809313051682,Normal
2026-02-17,127.066253,1928135687.0,207,24113.40461295672,3063999.971241325,14801.932228218962,0.0007676810469313,Normal
2026-02-18,126.5304541,1920710591.0,230,8292.746200148194,1049284.9424408006,4562.108445394785,0.0002375219081298,Retail Orders
2026-02-19,122.925737,1866009347.0,212,17005.05550102717,2090358.9801896687,9860.183868819197,0.0005284102078412,Normal
2026-02-20,124.2064102,1886234453.0,307,43304.91414041557,5378747.929400236,17520.351561564286,0.0009288533317636,Normal
2026-02-21,116.0585253,1760946498.0,269,13332.125125611265,1547306.7811935204,5752.069818563273,0.0003266464838708,Retail Orders
2026-02-22,121.6756666,1848372441.0,186,11572.68471369912,1408114.1268909706,7570.506058553606,0.0004095768737202,Retail Orders
2026-02-23,117.673887,1786520004.0,266,28029.621006843427,3298354.4550121194,12399.82877824105,0.000694077242375,Normal
2026-02-24,114.6425153,1741516888.0,226,46974.76786563463,5385305.543749966,23828.78559181401,0.0013682776064939,Normal
2026-02-25,114.4913474,1739337887.0,282,32620.042323882823,3734712.597906372,13243.661694703444,0.0007614197214749,Normal
2026-02-26,118.4217444,1797947281.0,293,72002.93049238907,8526712.630820664,29101.40829631626,0.0016185907453376,Normal
2026-02-27,114.3557221,1737065461.0,252,101647.28328611849,11623948.47968734,46126.77968129897,0.0026554427980362,Normal
2026-02-28,112.8386706,1714071127.0,265,14951.496902450986,1687107.033952587,6366.441637556933,0.0003714222553121,Retail Orders
2026-03-01,112.1290751,1704006231.0,183,8449.074000394161,947386.8531156542,5176.9773394298045,0.0003038121131981,Retail Orders
2026-03-02,113.6127303,1727780129.0,240,42805.3379808574,4863231.319419498,20263.46383091457,0.0011728033845743,Normal
2026-03-03,122.4424703,1860773267.0,303,170759.5885428708,20908225.84860068,69004.04570495273,0.0037083532383396,Normal
2026-03-04,111.3539257,1691388427.0,280,24172.556445161004,2691709.054373515,9613.246622762554,0.0005683642189637,Normal
2026-03-05,115.9509164,1760223593.0,216,46953.16419803928,5444262.416642325,25204.91859556632,0.001431915734785,Normal
2026-03-06,117.2026048,1779102601.0,203,20502.912983185284,2402994.807617054,11837.412845404206,0.0006653586386052,Normal
2026-03-07,111.0496535,1685911279.0,146,9499.366859380758,1054901.3982036165,7225.352042490524,0.0004285724956283,Retail Orders
2026-03-08,108.7946119,1651939759.0,182,9726.647850259234,1058206.8779569229,5814.3235052578175,0.0003519694633887,Retail Orders
2026-03-09,105.5868467,1603040240.0,242,35702.894901562046,3769756.0907174433,15577.504507096874,0.0009717475655568,Normal
2026-03-10,106.5328725,1617720067.0,224,11590.830121288654,1234804.4274804036,5512.519765537516,0.000340758569915,Retail Orders
2026-03-11,111.5646856,1693853465.0,185,43439.83411452757,4846351.435503423,26196.494245964448,0.001546562013023,Normal
2026-03-12,110.236025,1674508453.0,245,46383.93356670834,5113180.460258,20870.12432758367,0.0012463433248242,Normal
2026-03-13,111.8147994,1698052115.0,236,57252.98980040819,6401731.569582888,27125.981227046137,0.001597476366445,Normal
2026-03-14,112.2890248,1704929167.0,134,8583.24377794748,963804.0734463905,7192.567712286495,0.0004218690049711,Retail Orders
2026-03-15,111.270719,1689425644.0,180,7588.945356210534,844427.4062372573,4691.263367984763,0.0002776839208429,Retail Orders
2026-03-16,116.2250868,1764725655.0,220,24463.11203530609,2843227.319701575,12923.76054409807,0.0007323382253485,Normal
2026-03-17,122.2499336,1856361452.0,235,21533.81144444496,2632507.019238316,11202.157528673684,0.0006034470020159,Normal
2026-03-18,119.7261128,1819041187.0,202,9816.675644442545,1175312.4155275407,5818.378294690796,0.0003198596236452,Retail Orders
2026-03-19,115.2465165,1749892688.0,211,17671.210932184757,2036545.502271011,9651.874418346024,0.0005515695039206,Normal
2026-03-20,111.4881315,1692843569.0,243,14085.674856891565,1570385.57071137,6462.492060540618,0.0003817536468746,Retail Orders
2026-03-21,111.2878519,1690450271.0,132,7640.425741072584,850286.5683254335,6441.564911556315,0.0003810561613117,Retail Orders
2026-03-22,109.7668224,1667267485.0,170,14748.732471937428,1618921.4978722683,9523.067634542756,0.0005711781534888,Normal
2026-03-23,106.4128492,1615917796.0,201,41045.37983972493,4367755.815241369,21730.128434036666,0.0013447545715398,Normal
2026-03-24,110.0420201,1670997990.0,167,8019.648240245009,882498.292847971,5284.420915257311,0.0003162434034559,Retail Orders
2026-03-25,112.2407904,1704260901.0,157,10117.887078771866,1135639.6428993014,7233.373521651601,0.0004244287665936,Retail Orders
2026-03-26,112.5129762,1708538231.0,209,35484.04310091017,3992415.29689248,19102.46553537072,0.0011180590044034,Normal
2026-03-27,105.1026659,1595163890.0,317,43611.71511561696,4583707.523122669,14459.64518335227,0.0009064676848566,Normal
2026-03-28,98.57096948,1496680276.0,264,30902.303109123022,3046069.9766310747,11538.143850875284,0.0007709157417181,Normal
2026-03-29,96.72477105,1468703004.0,206,14279.150413364152,1381147.5545211604,6704.599779228935,0.0004564979959167,Retail Orders
2026-03-30,95.32282058,1447309095.0,261,21814.359052466345,2079406.234025948,7967.073693586009,0.0005504749276508,Normal
2026-03-31,96.52693859,1465661997.0,241,47160.45082153824,4552253.940327337,18889.02049928356,0.0012887705717925,Normal
2026-04-01,98.08229124,1488839237.0,294,22662.93017594056,2222832.1178683867,7560.653462137369,0.0005078220182705,Normal
2026-04-02,98.1202359,1490231514.0,254,36139.837987539824,3546049.4287251886,13960.824522540112,0.0009368225266601,Normal
2026-04-03,94.24371773,1431431079.0,172,14140.969097633231,1332697.500065999,7748.241279453483,0.000541293352724,Normal
2026-04-04,94.76119688,1438732257.0,148,6916.572633373247,655422.7010459023,4428.531763823665,0.0003078079150778,Retail Orders
2026-04-05,94.49200065,1434925387.0,192,11983.88565494865,1132381.3310969337,5897.819432796528,0.0004110192408768,Retail Orders
2026-04-06,93.8700586,1426508189.0,194,42732.09866978597,4011264.606233791,20676.62168161748,0.0014494569215275,Normal
2026-04-07,92.98293054,1412396073.0,361,69540.29814527406,6466060.712172909,17911.525518484512,0.0012681659104616,Normal
2026-04-08,96.47194705,1460499729.0,250,56472.3596551216,5447998.490437446,21791.993961749784,0.0014920916128256,Normal
2026-04-09,91.83103565,1392658090.0,235,29432.40999838285,2702808.691826912,11501.313582242175,0.0008258533566011,Normal
2026-04-10,90.53483862,1373307555.0,210,17732.648218792434,1605422.4447936036,7644.868784731446,0.0005566756519249,Normal
2026-04-11,93.65363284,1421298986.0,162,12709.418059905634,1190283.1725924674,7347.426991311527,0.0005169515396608,Normal
2026-04-12,94.63789904,1436689423.0,197,15920.36391482385,1506669.7928511589,7648.070014472886,0.0005323398287782,Normal
2026-04-13,89.9408084,1363038522.0,285,37953.24178825218,3413545.2478360627,11977.351746793202,0.0008787243759786,Normal
2026-04-14,103.1115985,1563694000.0,270,34436.028836263155,3550753.979299188,13150.940664071068,0.0008410175305444,Normal
2026-04-15,100.1456323,1518290249.0,267,14917.442920410316,1493916.7535636495,5595.193833571721,0.0003685193814066,Retail Orders
2026-04-16,105.4858469,1598575946.0,281,55585.94113314283,5863530.076163117,20866.65507531358,0.0013053277279397,Normal
2026-04-17,115.0402008,1744588205.0,260,26874.969771905595,3091701.9190539494,11891.161227130577,0.000681602752618,Normal
2026-04-18,115.2642138,1748642410.0,299,78133.40143728915,9005985.088188924,30120.3514655148,0.0017224991967062,Normal
2026-04-19,101.8783189,1545089461.0,671,93094.53278406383,9484314.49882136,14134.596868586228,0.0009148076681228,Normal
2026-04-20,90.25744177,1369714677.0,397,100266.8885165344,9049832.851740183,22795.548744937496,0.0016642552735774,Normal
2026-04-21,90.89872081,1379509889.0,0,0.0,0.0,,,Normal
2026-04-22,92.0048876,1399163994.0,341,112134.2340076703,10316897.595987804,30254.831659788284,0.0021623506457805,Normal
2026-04-23,94.12734943,1428301516.0,283,153913.3332203089,14487454.097964045,51192.41730729344,0.0035841463958295,Normal
2026-04-24,94.31183443,1431544173.0,277,66302.41903544421,6253102.766379295,22574.378217975795,0.0015769250187137,Normal
2026-04-25,94.2568297,1430208502.0,207,10009.349718499136,943449.5718243158,4557.727400117467,0.000318675731108,Retail Orders
2026-04-26,93.92463331,1425247234.0,214,43227.740257886704,4060149.6525419336,18972.661927766047,0.0013311839149842,Normal
2026-04-27,96.74082658,1470108813.0,275,32738.969482881537,3167194.969151356,11517.072615095838,0.0007834163371616,Normal
2026-04-28,97.38839959,1477536295.0,188,16356.222372963057,1592906.320241024,8472.905958728852,0.0005734482453934,Normal
2026-04-29,96.49026788,1463875359.0,234,63056.30049092286,6084319.325890922,26001.36464055949,0.0017762007182306,Normal
2026-04-30,93.2613088,1415530315.0,192,87571.91353593383,8167071.270481625,42536.829533758464,0.0030050101423478,Normal
2026-05-01,92.85419754,1409363659.0,195,10941.291737086603,1015944.8642982092,5209.97366306774,0.0003696685117285,Retail Orders
2026-05-02,91.94297134,1396465578.0,145,20494.59980597762,1884334.4025857693,12995.409673005308,0.00093059291097,Normal
2026-05-03,93.1369119,1413844436.0,146,12094.605107960611,1126454.1704054174,7715.439523324777,0.0005457063964655,Normal
2026-05-04,92.53709299,1404421633.0,223,23409.192796554547,2166218.6506356066,9713.98498042873,0.0006916715573284,Normal
2026-05-05,92.26637393,1400255309.0,192,11365.18541006332,1048624.446828683,5461.585660566056,0.0003900421319928,Retail Orders
2026-05-06,93.51832681,1420243664.0,238,20783.308656093977,1943620.251093699,8166.471643250835,0.0005750049692353,Normal
2026-05-07,94.13564445,1428945882.0,221,19173.506843472074,1804910.423076729,8167.015489034973,0.0005715412733198,Normal
2026-05-08,92.47201895,1403804678.0,217,15679.036450356673,1449872.1557551231,6681.438505783977,0.0004759521470823,Retail Orders
2026-05-09,95.52768507,1450101841.0,186,19715.696244888608,1883394.8218175003,10125.778611922044,0.0006982805155904,Normal
2026-05-10,95.71721785,1452996711.0,256,26816.726898181787,2566822.4905372206,10026.650353661018,0.0006900669683388,Normal
2026-05-11,102.4278532,1555772928.0,230,29226.47905419657,2993605.506116121,13015.676113548352,0.0008366051291482,Normal
2026-05-12,101.3023519,1537396994.0,235,25394.184018116408,2572490.5656165844,10946.768364325892,0.0007120326374415,Normal
2026-05-13,96.70768978,1468047117.0,212,14198.008747306229,1373056.625428217,6476.682195416118,0.0004411767252165,Retail Orders
2026-05-14,96.27322338,1461135563.0,178,24991.17884606304,2405981.343576557,13516.749121216615,0.0009250852188871,Normal
2026-05-15,98.31275658,1492973665.0,243,120083.82201670203,11805771.563124074,48583.42207046944,0.0032541379134419,Normal
2026-05-16,92.85378742,1409032402.0,207,13258.362791732465,1231089.200200764,5947.290822225913,0.0004220833256768,Retail Orders
2026-05-17,90.03797977,1366880245.0,153,9046.849125046563,814560.0185031847,5323.921689563298,0.0003894943766316,Retail Orders
2026-05-18,88.7696997,1343605031.0,225,16000.800892183865,1420386.290158654,6312.827956260684,0.0004698425363562,Retail Orders
2026-05-19,89.31988147,1355911625.0,213,19750.064358184874,1764073.4074979443,8282.034776985654,0.0006108093347887,Normal
2026-05-20,87.39337708,1326783908.0,207,10216.025636338416,892812.9806954701,4313.106186934639,0.0003250797783217,Retail Orders
2026-05-21,87.92386334,1334494883.0,171,27617.67394972358,2428252.590124174,14200.307544585812,0.0010640960655212,Normal
2026-05-22,88.02575502,1336133687.0,215,18133.21048885229,1596189.5442178063,7424.137414966542,0.0005556433077917,Normal
2026-05-23,85.8861939,1303403058.0,208,13727.536625870916,1179005.8724189014,5668.297463552411,0.0004348844686807,Retail Orders
2026-05-24,86.48456808,1312726061.0,184,14522.115286756658,1255938.868183115,6825.754718386495,0.0005199679446591,Normal
2026-05-25,85.57699698,1299051273.0,191,21605.251571082303,1848912.5484506504,9680.17041073639,0.0007451723124354,Normal
2026-05-26,86.23588142,1309053080.0,216,31186.26833625858,2689375.338177896,12450.81175082359,0.0009511311604586,Normal
2026-05-27,85.77897703,1302417952.0,203,14618.603970088416,1253968.894160881,6177.186670743256,0.0004742860508992,Retail Orders
2026-05-28,83.16266957,1262402186.0,327,89173.29123204827,7415888.953200208,22678.559489908894,0.001796460727129,Normal
2026-05-29,80.67127645,1225115333.0,253,13905.047699744817,1121737.9470365506,4433.746826231425,0.0003619044433452,Retail Orders
2026-05-30,82.3691399,1249487029.0,149,5315.652882994347,437845.75597919966,2938.5621206657697,0.0002351814826775,Retail Orders
2026-05-31,82.62615658,1254147724.0,181,9445.981230906777,780485.1242366445,4312.072509594721,0.0003438249280429,Retail Orders
2026-06-01,81.97814715,1243790085.0,253,23169.991286364577,1899432.955137813,7507.640138884636,0.0006036099040687,Normal
2026-06-02,80.17275715,1217325491.0,387,20168.66490932816,1616977.473815293,4178.236366447785,0.0003432308283477,Retail Orders
2026-06-03,73.38265228,1112838385.0,337,17084.810506135425,1253728.7086414266,3720.26323038999,0.0003343039996225,Retail Orders
2026-06-04,74.49666586,1131123573.0,384,29958.475780093468,2231806.5598645257,5811.996249647203,0.0005138250486843,Normal
2026-06-05,71.16716656,1078759486.0,609,52049.88401818797,3704242.765351065,6082.500435716034,0.00056384212743,Normal
2026-06-06,62.35559707,946687859.0,348,17759.479142253687,1107402.9255674402,3182.1923148489664,0.0003361395506022,Retail Orders
2026-06-07,60.78830486,922178277.5,276,11647.798471854385,708049.9244549264,2565.3982770106027,0.0002781889727402,Retail Orders
2026-06-08,63.48884608,964894961.9,274,27393.30936947285,1739169.6021802835,6347.334314526583,0.0006578264541901,Normal
2026-06-09,63.35862791,962192800.9,255,25302.760327725457,1603148.176700267,6286.855594903008,0.0006533883426505,Normal
2026-06-10,61.98648379,940894876.5,198,20726.22162918581,1284745.6010454737,6488.614146694311,0.0006896215835323,Normal
2026-06-11,61.20174653,928570163.5,217,9043.58038482096,553482.9144354922,2550.612508919319,0.0002746817213365,Retail Orders
2026-06-12,64.17854731,974712692.9,186,28324.61249122698,1817832.482805628,9773.292918309826,0.0010026844822582,Normal
2026-06-13,64.12332123,972791572.5,160,6894.383703121662,442090.7808781473,2763.0673804884204,0.0002840348805024,Retail Orders
2026-06-14,67.01590359,1017295511.0,164,19412.79274556064,1300965.8470491427,7932.718579567943,0.000779785076587,Normal
2026-06-15,68.16383467,1034376418.0,308,38668.44972323622,2635789.813879881,8557.75913597364,0.0008273350964942,Normal
2026-06-16,73.7341322,1119277923.0,237,29408.70041747312,2168425.004412158,9149.472592456365,0.0008174442115263,Normal
2026-06-17,75.9626583,1153622787.0,266,21667.40904242804,1645913.989336291,6187.646576452222,0.0005363665355937,Normal
2026-06-18,73.7399672,1118978314.0,238,20499.675704617388,1511645.4140691229,6351.451319618163,0.0005676116543236,Normal
2026-06-19,74.46402169,1129552512.0,228,9824.399159524815,731564.2721060737,3208.615228535411,0.0002840607403771,Retail Orders
2026-06-20,73.06802816,1109265217.0,204,10328.46437647239,754680.5259096414,3699.414342694321,0.000333501338183,Retail Orders
2026-06-21,76.18182826,1157007573.0,205,16101.884596321555,1226671.0069793083,5983.7610096551625,0.0005171756131327,Normal
2026-06-22,74.00715,1120003409.0,229,27866.24504157059,2062301.376728271,9005.682867809042,0.0008040763800754,Normal
2026-06-23,74.96829728,1137717835.0,254,24382.30986291102,1827900.2541757887,7196.45769360547,0.0006325344889759,Normal
2026-06-24,72.40144494,1099229877.0,327,52383.51045066385,3792641.847657654,11598.293112102918,0.0010551289911948,Normal
2026-06-25,82.36875293472,1250340897.6024587,376,55063.64300796061,4535523.60660833,12062.562783532794,0.0009647419201165,Normal
2026-06-26,95.12075555365004,1444886002.012026,307,87479.95951154173,8321159.844540563,27104.755193943205,0.0018759095981412,Normal
2026-06-27,94.27376081863306,1431353868.1740513,394,11713.556857744585,1104281.057542472,2802.743800869218,0.0001958106840794,Retail Orders
2026-06-28,90.94395671127634,1380063499.0100975,532,22838.207873289924,2076996.9881916093,3904.1296770518975,0.0002828949305486,Retail Orders
2026-06-29,91.4295414213848,1387979593.4822388,544,34508.57679201267,3155103.3511983603,5799.822336761692,0.0004178607786452,Retail Orders
2026-06-30,84.98383053283,1289989036.4541178,923,65053.31170147155,5528479.617237225,5989.685392456366,0.0004643206432917,Retail Orders
2026-07-01,83.16657385737105,1262450672.36723,528,75740.20645094132,6299053.473774742,11930.02551851277,0.0009449894383709,Normal
2026-07-02,86.21242045717453,1308939723.491292,425,56856.75852337337,4901758.771649107,11533.550050939077,0.0008811368349472,Normal
2026-07-03,87.39979538519098,1326763120.738672,448,85598.32633239089,7481276.206765769,16699.27724724502,0.0012586479821618,Normal
2026-07-04,88.55954909852218,1344290275.4790113,296,46971.13707721845,4159742.7202033433,14053.184865551835,0.0010453980901218,Normal
2026-07-05,88.97653429348058,1350524600.8650093,286,9548.14251530859,849560.6299523946,2970.491713120261,0.0002199509517425,Retail Orders
2026-07-06,93.97913277352217,1425883783.5159771,312,61141.97936022234,5746070.196330288,18416.891654904768,0.001291612392806,Normal
2026-07-07,90.07646016095882,1367800932.546385,348,59004.73466405848,5314937.631275009,15272.809285273015,0.0011165959111345,Normal
2026-07-08,88.05929692235274,1336732735.340886,347,79092.4618218591,6964826.579890939,20071.54633974334,0.0015015377277062,Normal
2026-07-09,91.34485161748088,1386578525.772443,296,77264.3411029213,7057699.773368775,23843.58031543505,0.0017195982681292,Normal
2026-07-10,95.75323582393963,1453651877.1759217,318,60700.85065558594,5812302.867538061,18277.68197339013,0.0012573630771143,Normal
2026-07-11,98.29831119153764,1492556678.6923394,330,53991.11455330287,5307235.379938522,16082.53145435916,0.0010775156269743,Normal
2026-07-12,97.07762955473125,1473632210.4063416,235,16848.2428577458,1635587.478792393,6959.946718265504,0.0004722987641771,Retail Orders
2026-07-13,94.29725804458292,1431378893.853508,283,42495.66597703451,4007224.7804128258,14159.804877783836,0.0009892422571401,Normal
2026-07-14,98.89001343439084,1501091683.5828168,286,34712.47487987617,3432717.1072119097,12002.50736787381,0.0007995852284802,Normal
2026-07-15,95.83968039622262,1454330137.0568092,314,25196.14581216182,2414790.561854212,7690.415802083477,0.0005287943642319,Normal
2026-07-16,91.1601890929674,1383941088.2052426,302,43672.96106476148,3981235.388913459,13182.898638786288,0.0009525621250166,Normal
2026-07-17,89.97537567269136,1365860895.593315,298,52785.34754834754,4749381.475676147,15937.52173045687,0.0011668480869374,Normal
2026-07-18,89.90434481769057,1364914517.0932465,262,36238.66665561975,3258013.582740184,12435.16634633658,0.0009110582524112,Normal
2026-07-19,89.18731965379543,1374866997.690637,201,9619.077845842205,857899.7706118706,4268.158062745625,0.0003104415241557,Retail Orders
2026-07-20,89.72935313676216,1383239046.6252592,281,72201.3794232205,6478583.071227504,23055.45576949289,0.0016667730589114,Normal
2026-07-21,95.47183967285008,1471510442.548626,333,61500.01539574723,5871519.609740591,17632.191020242015,0.001198237573476,Normal
2026-07-22,97.26064993322125,1499506037.837654,295,87648.0433910769,8524705.665591316,28897.30734098752,0.0019271217728911,Normal
2026-07-23,95.7561907002151,1476324710.4136355,239,66526.23260772869,6370298.616152536,26653.969105240736,0.0018054272828484,Normal
2026-07-24,92.96784381439946,1433336942.5103292,242,25226.59225235337,2345261.888486328,9691.1648284559,0.0006761260762234,Normal
2026-07-25,91.93577546529328,1417450459.244051,199,16783.511584912438,1543005.1525896585,7753.79473663145,0.0005470240378465,Normal
2026-07-26,100.11817089290058,1543590902.3701077,255,16792.41481235808,1681225.8558881416,6593.042572110359,0.0004271236998084,Retail Orders
2026-07-27,97.33787403814416,1500743333.8578048,330,16443.066792961356,1600533.1642940636,4850.100497860799,0.0003231798794929,Retail Orders
2026-07-28,100.72304568746812,1552454825.5163562,264,17643.92334381631,1777149.6970653955,6731.627640399225,0.0004336118210821,Retail Orders
2026-07-29,96.26687943295202,1484297683.108248,301,40435.13551348856,3892564.31533208,12932.107359907242,0.000871261035241,Normal
2026-07-30,99.44782570864062,1533365984.3670104,303,24574.08126382651,2443838.9504749896,8065.475084075873,0.0005259980439311,Normal
2026-07-31,93.34732869647824,1439602025.7870288,328,19077.496225744617,1780833.310890406,5429.369850275628,0.0003771438045391,Retail Orders
2026-08-01,90.58628013097992,1397025112.049467,333,26539.74094253078,2404136.40762373,7219.628851722913,0.0005167859038075,Normal
2026-08-02,92.39829413966274,1424970547.3883443,216,19998.185233565226,1847798.2014704195,8554.621303103793,0.0006003367100311,Normal
2026-08-03,92.07797119941536,1420039582.8672166,269,22008.92062461046,2026536.7594031005,7533.593901126767,0.0005305199933874808,Normal
2026-08-04,90.60146011457834,1397269357.5689433,274,35900.71771645648,3252657.4442722676,11871.012570336743,0.0008495865529457165,Normal
2026-08-05,89.67626410333364,1383006777.4475274,290,13679.127851820045,1226693.0819430812,4229.976144631314,0.00030585360922367593,Retail Orders
2026-08-06,89.2144193306689,1375897203.185501,336,49293.952712367354,4397731.367747304,13088.486213533643,0.0009512691924390102,Normal
