day,bucket_id,price_low,price_high,price_mid,sth_tokens,lth_tokens,exchange_tokens,infrastructure_tokens
2025-10-07,-31,0.26106844560685344,0.27262693316631442,0.26684768938658393,3117863.7948457799,0,14334001.27935826,0
2025-10-08,-33,0.23940082017464343,0.25,0.24470041008732171,4770503.4102639901,0,14979460.744898573,0
2025-10-08,-31,0.26106844560685344,0.27262693316631442,0.26684768938658393,1983180.0267139999,0,878963.20722246997,0
2025-10-09,-43,0.1552322265091855,0.16210494433137621,0.15866858542028084,4330411.0779438298,0,8938679.2484847102,0
2025-10-09,-33,0.23940082017464343,0.25,0.24470041008732171,3744940.77277984,0,5722362.8095048619,0
2025-10-09,-31,0.26106844560685344,0.27262693316631442,0.26684768938658393,1409643.8477731999,0,213147.98986351999,0
2025-10-10,-43,0.1552322265091855,0.16210494433137621,0.15866858542028084,3105272.0136622102,0,4782.7686130599977,0
2025-10-10,-38,0.19277635317599259,0.20131129149365679,0.1970438223348247,3496217.1515637003,0,15680025.501762355,0
2025-10-10,-33,0.23940082017464343,0.25,0.24470041008732171,3173155.6461677402,0,28100.99488043,0
2025-10-10,-31,0.26106844560685344,0.27262693316631442,0.26684768938658393,542924.80206531007,0,10286.01600287003,0
2025-10-11,-43,0.1552322265091855,0.16210494433137621,0.15866858542028084,3041012.7855111598,0,4115.5149381000001,0
2025-10-11,-42,0.16210494433137621,0.16928194336711158,0.16569344384924389,794641.27411650005,0,8434180.9177409932,0
2025-10-11,-38,0.19277635317599259,0.20131129149365679,0.1970438223348247,2620064.8109800601,0,7429551.2822513925,0
2025-10-11,-33,0.23940082017464343,0.25,0.24470041008732171,3119823.7041939599,0,20249.865880429999,0
2025-10-11,-31,0.26106844560685344,0.27262693316631442,0.26684768938658393,520501.13971682003,0,9286.0160028700302,0
2025-10-12,-43,0.1552322265091855,0.16210494433137621,0.15866858542028084,2723056.3741764501,0,4115.5149381000001,0
2025-10-12,-42,0.16210494433137621,0.16928194336711158,0.16569344384924389,441613.67633689992,0,8124828.2701300699,0
2025-10-12,-40,0.17677669529663689,0.18460326824243742,0.18068998176953716,1752860.1666971901,0,4790713.7549647028,0
2025-10-12,-38,0.19277635317599259,0.20131129149365679,0.1970438223348247,2016807.1724494502,0,3348838.819624552,0
2025-10-12,-33,0.23940082017464343,0.25,0.24470041008732171,2405648.3172860602,0,20249.865880429999,0
2025-10-12,-31,0.26106844560685344,0.27262693316631442,0.26684768938658393,496605.45333609002,0,9286.0160028700302,0
2025-10-13,-43,0.1552322265091855,0.16210494433137621,0.15866858542028084,2334761.8894072198,0,4115.5149381000001,0
2025-10-13,-42,0.16210494433137621,0.16928194336711158,0.16569344384924389,264940.7175506599,0,7615864.576990502,0
2025-10-13,-40,0.17677669529663689,0.18460326824243742,0.18068998176953716,1336059.0546064801,0,4484252.7574773803,0
2025-10-13,-38,0.19277635317599259,0.20131129149365679,0.1970438223348247,1580001.68029293,0,543706.54129262001,0
2025-10-13,-35,0.21953152004666243,0.2292510108011678,0.22439126542391513,1868134.2951898503,0,3881090.047188133,0
2025-10-13,-33,0.23940082017464343,0.25,0.24470041008732171,1780821.02378347,0,20249.865880429999,0
2025-10-13,-31,0.26106844560685344,0.27262693316631442,0.26684768938658393,485966.69459961005,0,9286.0160028700302,0
2025-10-14,-43,0.1552322265091855,0.16210494433137621,0.15866858542028084,2120620.8094600602,0,4115.5149381000001,0
2025-10-14,-42,0.16210494433137621,0.16928194336711158,0.16569344384924389,161104.37507115994,0,1219992.8860339618,0
2025-10-14,-40,0.17677669529663689,0.18460326824243742,0.18068998176953716,1220855.0671341601,0,4484252.7574773803,0
2025-10-14,-38,0.19277635317599259,0.20131129149365679,0.1970438223348247,1326926.74478531,0,2169.3874347699998,0
2025-10-14,-35,0.21953152004666243,0.2292510108011678,0.22439126542391513,2728952.9577100803,0,11247364.226800133,0
2025-10-14,-33,0.23940082017464343,0.25,0.24470041008732171,1293151.43307057,0,13630.720958039999,0
2025-10-14,-31,0.26106844560685344,0.27262693316631442,0.26684768938658393,443645.36146001006,0,9286.0160028700302,0
2025-10-15,-43,0.1552322265091855,0.16210494433137621,0.15866858542028084,1659224.2300329499,0,4115.5149381000001,0
2025-10-15,-42,0.16210494433137621,0.16928194336711158,0.16569344384924389,147922.27544454994,0,384303.08074944996,0
2025-10-15,-40,0.17677669529663689,0.18460326824243742,0.18068998176953716,1194472.2961009201,0,1189896.7517535514,0
2025-10-15,-38,0.19277635317599259,0.20131129149365679,0.1970438223348247,1152914.40712492,0,2169.3874347699998,0
2025-10-15,-35,0.21953152004666243,0.2292510108011678,0.22439126542391513,2212282.3683246202,0,11057127.575671749,0
2025-10-15,-33,0.23940082017464343,0.25,0.24470041008732171,2336922.5926221404,0,4514213.0281383637,0
2025-10-15,-31,0.26106844560685344,0.27262693316631442,0.26684768938658393,420744.69134335004,0,9286.0160028700302,0
2025-10-16,-43,0.1552322265091855,0.16210494433137621,0.15866858542028084,1385237.20234114,0,4115.5149381000001,0
2025-10-16,-42,0.16210494433137621,0.16928194336711158,0.16569344384924389,101809.33688735992,0,69.594892110000004,0
2025-10-16,-40,0.17677669529663689,0.18460326824243742,0.18068998176953716,1180581.9381699301,0,2239.6275381100004,0
2025-10-16,-38,0.19277635317599259,0.20131129149365679,0.1970438223348247,1033748.34236215,0,2169.3874347699998,0
2025-10-16,-35,0.21953152004666243,0.2292510108011678,0.22439126542391513,1949977.8803381701,0,1669859.2254129399,0
2025-10-16,-33,0.23940082017464343,0.25,0.24470041008732171,1554008.2622749801,0,3955969.0867658826,0
2025-10-16,-31,0.26106844560685344,0.27262693316631442,0.26684768938658393,297320.62188730005,0,8548.9204985500292,0
2025-10-16,-22,0.38555270635198519,0.40262258298731357,0.39408764466964941,1421046.7867840906,0,10843175.933918813,0
2025-10-17,-43,0.1552322265091855,0.16210494433137621,0.15866858542028084,1378227.1707556499,0,4115.5149381000001,0
2025-10-17,-42,0.16210494433137621,0.16928194336711158,0.16569344384924389,94783.913109519926,0,69.594892110000004,0
2025-10-17,-40,0.17677669529663689,0.18460326824243742,0.18068998176953716,1143844.3390643902,0,2239.6275381100004,0
2025-10-17,-38,0.19277635317599259,0.20131129149365679,0.1970438223348247,1029454.7259916001,0,2169.3874347699998,0
2025-10-17,-35,0.21953152004666243,0.2292510108011678,0.22439126542391513,1924529.3170552501,0,630854.18806062988,0
2025-10-17,-33,0.23940082017464343,0.25,0.24470041008732171,1523908.7075172001,0,463296.52938988997,0
2025-10-17,-31,0.26106844560685344,0.27262693316631442,0.26684768938658393,265271.36842613004,0,8073.1105011600293,0
2025-10-17,-22,0.38555270635198519,0.40262258298731357,0.39408764466964941,702160.64051783003,0,7001793.5904626325,0
2025-10-17,-16,0.5,0.52213689121370688,0.51106844560685349,530627.64338670077,0,8305198.7835407546,0
2025-10-18,-43,0.1552322265091855,0.16210494433137621,0.15866858542028084,1344211.9542344799,0,3745.6149381,0
2025-10-18,-42,0.16210494433137621,0.16928194336711158,0.16569344384924389,61784.674055519929,0,69.594892110000004,0
2025-10-18,-40,0.17677669529663689,0.18460326824243742,0.18068998176953716,1114304.46634835,0,2239.6275381100004,0
2025-10-18,-38,0.19277635317599259,0.20131129149365679,0.1970438223348247,997519.14760920999,0,2169.3874347699998,0
2025-10-18,-35,0.21953152004666243,0.2292510108011678,0.22439126542391513,1878511.61308374,0,4162.8281484300005,0
2025-10-18,-33,0.23940082017464343,0.25,0.24470041008732171,1504418.4812312201,0,2710.7263976100007,0
2025-10-18,-31,0.26106844560685344,0.27262693316631442,0.26684768938658393,1467982.4454815509,0,5537259.5903112944,0
2025-10-18,-22,0.38555270635198519,0.40262258298731357,0.39408764466964941,559723.27579275006,0,1794339.7724440226,0
2025-10-18,-16,0.5,0.52213689121370688,0.51106844560685349,137634.46145652002,0,8206950.22115188,0
2025-10-19,-43,0.1552322265091855,0.16210494433137621,0.15866858542028084,1333622.75723049,0,3721.2449381000001,0
2025-10-19,-42,0.16210494433137621,0.16928194336711158,0.16569344384924389,43922.912644199932,0,69.594892110000004,0
2025-10-19,-40,0.17677669529663689,0.18460326824243742,0.18068998176953716,1113588.1135712101,0,2239.6275381100004,0
2025-10-19,-38,0.19277635317599259,0.20131129149365679,0.1970438223348247,995639.13240374997,0,2169.3874347699998,0
2025-10-19,-35,0.21953152004666243,0.2292510108011678,0.22439126542391513,1872118.01862759,0,4162.8281484300005,0
2025-10-19,-33,0.23940082017464343,0.25,0.24470041008732171,1488464.22606141,0,2710.7263976100007,0
2025-10-19,-31,0.26106844560685344,0.27262693316631442,0.26684768938658393,973560.74578601005,0,5227141.6066734595,0
2025-10-19,-22,0.38555270635198519,0.40262258298731357,0.39408764466964941,530228.19509745005,0,3396.0057735201162,0
2025-10-19,-21,0.40262258298731357,0.42044820762685725,0.41153539530708538,875778.28091052105,0,7530866.7324205739,0
2025-10-19,-16,0.5,0.52213689121370688,0.51106844560685349,93575.725685320023,0,2749332.2074036524,0
2025-10-20,-43,0.1552322265091855,0.16210494433137621,0.15866858542028084,1332589.9737744599,0,3721.2449381000001,0
2025-10-20,-42,0.16210494433137621,0.16928194336711158,0.16569344384924389,28905.299306419933,0,69.594892110000004,0
2025-10-20,-40,0.17677669529663689,0.18460326824243742,0.18068998176953716,1113139.8584623199,0,2239.6275381100004,0
2025-10-20,-38,0.19277635317599259,0.20131129149365679,0.1970438223348247,994640.26165022003,0,2169.3874347699998,0
2025-10-20,-35,0.21953152004666243,0.2292510108011678,0.22439126542391513,1862579.3159656501,0,4162.8281484300005,0
2025-10-20,-33,0.23940082017464343,0.25,0.24470041008732171,1481705.81847314,0,2710.7263976100007,0
2025-10-20,-31,0.26106844560685344,0.27262693316631442,0.26684768938658393,845963.63290137006,0,2569196.5297462125,0
2025-10-20,-29,0.28469715868917289,0.29730177875068026,0.29099946871992655,441737.25623071101,0,4823064.9066124642,0
2025-10-20,-22,0.38555270635198519,0.40262258298731357,0.39408764466964941,516299.42088892002,0,3396.0057735201162,0
2025-10-20,-21,0.40262258298731357,0.42044820762685725,0.41153539530708538,342982.18743684003,0,7402521.0393150002,0
2025-10-20,-16,0.5,0.52213689121370688,0.51106844560685349,80255.947187470025,0,802244.85627531982,0
2025-10-21,-43,0.1552322265091855,0.16210494433137621,0.15866858542028084,1310296.33562697,0,3721.2449381000001,0
2025-10-21,-42,0.16210494433137621,0.16928194336711158,0.16569344384924389,27749.599681839933,0,69.594892110000004,0
2025-10-21,-40,0.17677669529663689,0.18460326824243742,0.18068998176953716,1112673.83960076,0,2239.6275381100004,0
2025-10-21,-38,0.19277635317599259,0.20131129149365679,0.1970438223348247,993771.60317254998,0,2169.3874347699998,0
2025-10-21,-35,0.21953152004666243,0.2292510108011678,0.22439126542391513,1852415.2519414502,0,4162.8281484300005,0
2025-10-21,-34,0.2292510108011678,0.23940082017464343,0.2343259154879056,380474.136718361,0,4969133.2255044738,0
2025-10-21,-33,0.23940082017464343,0.25,0.24470041008732171,1472687.2133571501,0,2710.7263976100007,0
2025-10-21,-31,0.26106844560685344,0.27262693316631442,0.26684768938658393,793617.29377980006,0,483720.0359586096,0
2025-10-21,-29,0.28469715868917289,0.29730177875068026,0.29099946871992655,225818.92944077001,0,4381459.8940770803,0
2025-10-21,-22,0.38555270635198519,0.40262258298731357,0.39408764466964941,480356.70243229007,0,3396.0057735201162,0
2025-10-21,-21,0.40262258298731357,0.42044820762685725,0.41153539530708538,309939.14077181008,0,5741664.1798590831,0
2025-10-21,-16,0.5,0.52213689121370688,0.51106844560685349,69392.410451440024,0,2242.7288857700041,0
2025-10-22,-43,0.1552322265091855,0.16210494433137621,0.15866858542028084,1309267.1526269701,0,3721.2449381000001,0
2025-10-22,-42,0.16210494433137621,0.16928194336711158,0.16569344384924389,27106.561209479933,0,69.594892110000004,0
2025-10-22,-40,0.17677669529663689,0.18460326824243742,0.18068998176953716,1111736.6796007601,0,2239.6275381100004,0
2025-10-22,-38,0.19277635317599259,0.20131129149365679,0.1970438223348247,989768.68467712007,0,2169.3874347699998,0
2025-10-22,-35,0.21953152004666243,0.2292510108011678,0.22439126542391513,1844639.24889923,0,4156.6721484300006,0
2025-10-22,-34,0.2292510108011678,0.23940082017464343,0.2343259154879056,223510.35961407001,0,4408264.5582890399,0
2025-10-22,-33,0.23940082017464343,0.25,0.24470041008732171,1469919.7806877301,0,2710.7263976100007,0
2025-10-22,-31,0.26106844560685344,0.27262693316631442,0.26684768938658393,1466703.4646093708,0,3938313.5724734948,0
2025-10-22,-29,0.28469715868917289,0.29730177875068026,0.29099946871992655,115144.55444595001,0,4376787.7260683207,0
2025-10-22,-22,0.38555270635198519,0.40262258298731357,0.39408764466964941,462493.78644016007,0,3394.1563178601164,0
2025-10-22,-21,0.40262258298731357,0.42044820762685725,0.41153539530708538,297830.10684239003,0,2658321.6775980922,0
2025-10-22,-16,0.5,0.52213689121370688,0.51106844560685349,54520.735488330014,0,2242.7288857700041,0
2025-10-23,-43,0.1552322265091855,0.16210494433137621,0.15866858542028084,1308736.2124756,0,3721.2449381000001,0
2025-10-23,-42,0.16210494433137621,0.16928194336711158,0.16569344384924389,27062.758510849933,0,69.594892110000004,0
2025-10-23,-40,0.17677669529663689,0.18460326824243742,0.18068998176953716,1111644.1228951102,0,2239.6275381100004,0
2025-10-23,-38,0.19277635317599259,0.20131129149365679,0.1970438223348247,989716.78088141,0,2169.3874347699998,0
2025-10-23,-35,0.21953152004666243,0.2292510108011678,0.22439126542391513,1842685.5627187002,0,4156.6721484300006,0
2025-10-23,-34,0.2292510108011678,0.23940082017464343,0.2343259154879056,189136.98108612001,0,4406455.5268513104,0
2025-10-23,-33,0.23940082017464343,0.25,0.24470041008732171,2026916.6223226311,0,3683292.0373909641,0
2025-10-23,-31,0.26106844560685344,0.27262693316631442,0.26684768938658393,1091518.3550389302,0,3621158.3451984199,0
2025-10-23,-29,0.28469715868917289,0.29730177875068026,0.29099946871992655,92827.775242689982,0,3265894.6261887634,0
2025-10-23,-22,0.38555270635198519,0.40262258298731357,0.39408764466964941,461803.71314000001,0,3394.1563178601164,0
2025-10-23,-21,0.40262258298731357,0.42044820762685725,0.41153539530708538,291726.89189496002,0,208723.36571447947,0
2025-10-23,-16,0.5,0.52213689121370688,0.51106844560685349,49940.648664170018,0,2241.5671223400036,0
2025-10-24,-43,0.1552322265091855,0.16210494433137621,0.15866858542028084,1307692.3913052001,0,3721.2449381000001,0
2025-10-24,-42,0.16210494433137621,0.16928194336711158,0.16569344384924389,26529.42380160993,0,69.594892110000004,0
2025-10-24,-40,0.17677669529663689,0.18460326824243742,0.18068998176953716,1111178.7922591001,0,2239.6275381100004,0
2025-10-24,-38,0.19277635317599259,0.20131129149365679,0.1970438223348247,988505.17181262001,0,2169.3874347699998,0
2025-10-24,-35,0.21953152004666243,0.2292510108011678,0.22439126542391513,1841487.1475875701,0,4156.6721484300006,0
2025-10-24,-34,0.2292510108011678,0.23940082017464343,0.2343259154879056,90727.268847609987,0,3702957.3915512236,0
2025-10-24,-33,0.23940082017464343,0.25,0.24470041008732171,1716771.0337905001,0,3288978.8506932203,0
2025-10-24,-31,0.26106844560685344,0.27262693316631442,0.26684768938658393,990046.63366406003,0,3617116.84840339,0
2025-10-24,-29,0.28469715868917289,0.29730177875068026,0.29099946871992655,59052.276742959992,0,890729.08749131951,0
2025-10-24,-26,0.32420988866275241,0.33856388673422316,0.33138688769848779,685927.39627794106,0,3779687.230050934,0
2025-10-24,-22,0.38555270635198519,0.40262258298731357,0.39408764466964941,443066.81398873002,0,3394.1563178601164,0
2025-10-24,-21,0.40262258298731357,0.42044820762685725,0.41153539530708538,220755.47797530005,0,26205.979620359994,0
2025-10-24,-16,0.5,0.52213689121370688,0.51106844560685349,41121.345594810016,0,2241.5671223400036,0
2025-10-25,-43,0.1552322265091855,0.16210494433137621,0.15866858542028084,1307559.6885150301,0,3721.2449381000001,0
2025-10-25,-42,0.16210494433137621,0.16928194336711158,0.16569344384924389,26302.806644139931,0,69.594892110000004,0
2025-10-25,-40,0.17677669529663689,0.18460326824243742,0.18068998176953716,1110997.84689228,0,2239.6275381100004,0
2025-10-25,-38,0.19277635317599259,0.20131129149365679,0.1970438223348247,988100.19481469004,0,2169.3874347699998,0
2025-10-25,-35,0.21953152004666243,0.2292510108011678,0.22439126542391513,1823001.02214399,0,4156.6721484300006,0
2025-10-25,-34,0.2292510108011678,0.23940082017464343,0.2343259154879056,73098.239864219984,0,1534046.5024128233,0
2025-10-25,-33,0.23940082017464343,0.25,0.24470041008732171,1676109.4788949501,0,3288978.8506932203,0
2025-10-25,-31,0.26106844560685344,0.27262693316631442,0.26684768938658393,921209.28695446008,0,3616562.7285826802,0
2025-10-25,-29,0.28469715868917289,0.29730177875068026,0.29099946871992655,54719.431200219995,0,524380.92461641948,0
2025-10-25,-28,0.29730177875068026,0.310464453018371,0.30388311588452566,503154.33771446114,0,2919756.9764537443,0
2025-10-25,-26,0.32420988866275241,0.33856388673422316,0.33138688769848779,156787.76315959002,0,3622391.5708742798,0
2025-10-25,-22,0.38555270635198519,0.40262258298731357,0.39408764466964941,432863.63724197005,0,3394.1563178601164,0
2025-10-25,-21,0.40262258298731357,0.42044820762685725,0.41153539530708538,177204.76376135004,0,18109.379620359996,0
2025-10-25,-16,0.5,0.52213689121370688,0.51106844560685349,38119.289585940016,0,2241.5671223400036,0
2025-10-26,-43,0.1552322265091855,0.16210494433137621,0.15866858542028084,1307448.48850892,0,2221.5449380999999,0
2025-10-26,-42,0.16210494433137621,0.16928194336711158,0.16569344384924389,25642.587603449931,0,69.594892110000004,0
2025-10-26,-40,0.17677669529663689,0.18460326824243742,0.18068998176953716,1110997.84689228,0,2239.6275381100004,0
2025-10-26,-38,0.19277635317599259,0.20131129149365679,0.1970438223348247,987585.72963886999,0,2169.3874347699998,0
2025-10-26,-35,0.21953152004666243,0.2292510108011678,0.22439126542391513,1822952.41484562,0,4156.6721484300006,0
2025-10-26,-34,0.2292510108011678,0.23940082017464343,0.2343259154879056,70083.235748339983,0,1322199.55456191,0
2025-10-26,-33,0.23940082017464343,0.25,0.24470041008732171,1665406.4267975499,0,3288767.7502612099,0
2025-10-26,-31,0.26106844560685344,0.27262693316631442,0.26684768938658393,834368.06357145007,0,2814377.1718739234,0
2025-10-26,-29,0.28469715868917289,0.29730177875068026,0.29099946871992655,443795.43584944098,0,1826946.8696612536,0
2025-10-26,-28,0.29730177875068026,0.310464453018371,0.30388311588452566,212501.64747248011,0,2611936.9250064301,0
2025-10-26,-26,0.32420988866275241,0.33856388673422316,0.33138688769848779,143592.59376531004,0,3622205.6627169298,0
2025-10-26,-22,0.38555270635198519,0.40262258298731357,0.39408764466964941,419171.16578664002,0,3394.1563178601164,0
2025-10-26,-21,0.40262258298731357,0.42044820762685725,0.41153539530708538,174069.53687683004,0,14212.446620359995,0
2025-10-26,-16,0.5,0.52213689121370688,0.51106844560685349,36745.598060300021,0,2241.5671223400036,0
2025-10-27,-43,0.1552322265091855,0.16210494433137621,0.15866858542028084,1305074.2674388799,0,384.84032547000004,0
2025-10-27,-42,0.16210494433137621,0.16928194336711158,0.16569344384924389,25327.281912429931,0,69.594892110000004,0
2025-10-27,-40,0.17677669529663689,0.18460326824243742,0.18068998176953716,1110946.64184857,0,2239.6275381100004,0
2025-10-27,-38,0.19277635317599259,0.20131129149365679,0.1970438223348247,987565.75713886996,0,2169.3874347699998,0
2025-10-27,-35,0.21953152004666243,0.2292510108011678,0.22439126542391513,1813165.2923333601,0,4156.6721484300006,0
2025-10-27,-34,0.2292510108011678,0.23940082017464343,0.2343259154879056,66877.780902710001,0,1188070.4070879593,0
2025-10-27,-33,0.23940082017464343,0.25,0.24470041008732171,2155606.5750638712,0,4649280.1033604844,0
2025-10-27,-31,0.26106844560685344,0.27262693316631442,0.26684768938658393,801724.81628289004,0,1958762.9330758133,0
2025-10-27,-29,0.28469715868917289,0.29730177875068026,0.29099946871992655,151032.40112219,0,1179190.3798672601,0
2025-10-27,-28,0.29730177875068026,0.310464453018371,0.30388311588452566,132756.28516572004,0,2611828.6790571399,0
2025-10-27,-26,0.32420988866275241,0.33856388673422316,0.33138688769848779,125564.03112511004,0,3621182.68943835,0
2025-10-27,-22,0.38555270635198519,0.40262258298731357,0.39408764466964941,418608.04368091002,0,2683.2658816601165,0
2025-10-27,-21,0.40262258298731357,0.42044820762685725,0.41153539530708538,173612.78809530006,0,14212.446620359995,0
2025-10-27,-16,0.5,0.52213689121370688,0.51106844560685349,36249.002360790022,0,1432.0621711700035,0
2025-10-28,-43,0.1552322265091855,0.16210494433137621,0.15866858542028084,1305020.2976378801,0,384.84032547000004,0
2025-10-28,-42,0.16210494433137621,0.16928194336711158,0.16569344384924389,25327.281912429931,0,69.594892110000004,0
2025-10-28,-40,0.17677669529663689,0.18460326824243742,0.18068998176953716,1110865.39370328,0,2239.6275381100004,0
2025-10-28,-38,0.19277635317599259,0.20131129149365679,0.1970438223348247,987550.80626992998,0,2169.3874347699998,0
2025-10-28,-35,0.21953152004666243,0.2292510108011678,0.22439126542391513,1813025.4563489601,0,4156.6721484300006,0
2025-10-28,-34,0.2292510108011678,0.23940082017464343,0.2343259154879056,61947.14456968,0,738736.20067370997,0
2025-10-28,-33,0.23940082017464343,0.25,0.24470041008732171,2005624.8681999,0,4311797.3056781096,0
2025-10-28,-31,0.26106844560685344,0.27262693316631442,0.26684768938658393,793505.96280132001,0,806299.83897811337,0
2025-10-28,-30,0.27262693316631442,0.28469715868917289,0.27866204592774368,341761.37536397111,0,1775129.3140114746,0
2025-10-28,-29,0.28469715868917289,0.29730177875068026,0.29099946871992655,135426.26383869001,0,1177922.6260168201,0
2025-10-28,-28,0.29730177875068026,0.310464453018371,0.30388311588452566,124139.76415844003,0,2610232.8835980697,0
2025-10-28,-26,0.32420988866275241,0.33856388673422316,0.33138688769848779,107566.10588026003,0,3620999.7905727001,0
2025-10-28,-22,0.38555270635198519,0.40262258298731357,0.39408764466964941,417767.87894846004,0,2683.2658816601165,0
2025-10-28,-21,0.40262258298731357,0.42044820762685725,0.41153539530708538,172326.14769350004,0,137.02991984999653,0
2025-10-28,-16,0.5,0.52213689121370688,0.51106844560685349,31138.083239740019,0,1432.0621711700035,0
2025-10-29,-43,0.1552322265091855,0.16210494433137621,0.15866858542028084,1304965.0066573001,0,384.84032547000004,0
2025-10-29,-42,0.16210494433137621,0.16928194336711158,0.16569344384924389,25311.190454289932,0,69.594892110000004,0
2025-10-29,-40,0.17677669529663689,0.18460326824243742,0.18068998176953716,1110823.0464190501,0,2239.6275381100004,0
2025-10-29,-38,0.19277635317599259,0.20131129149365679,0.1970438223348247,987390.74077512999,0,2169.3874347699998,0
2025-10-29,-35,0.21953152004666243,0.2292510108011678,0.22439126542391513,1811986.299081,0,4156.6721484300006,0
2025-10-29,-34,0.2292510108011678,0.23940082017464343,0.2343259154879056,59895.969792919997,0,738736.20067370997,0
2025-10-29,-33,0.23940082017464343,0.25,0.24470041008732171,1936164.5479857,0,3567363.0900036329,0
2025-10-29,-31,0.26106844560685344,0.27262693316631442,0.26684768938658393,1073337.1503058211,0,1864117.7772484643,0
2025-10-29,-30,0.27262693316631442,0.28469715868917289,0.27866204592774368,95902.975645280021,0,1547267.6460545801,0
2025-10-29,-29,0.28469715868917289,0.29730177875068026,0.29099946871992655,110517.17874586002,0,1177922.6260168201,0
2025-10-29,-28,0.29730177875068026,0.310464453018371,0.30388311588452566,98445.083704960009,0,2609922.46841641,0
2025-10-29,-26,0.32420988866275241,0.33856388673422316,0.33138688769848779,98398.150652950018,0,3620999.7905727001,0
2025-10-29,-22,0.38555270635198519,0.40262258298731357,0.39408764466964941,408285.76032636,0,2683.2658816601165,0
2025-10-29,-21,0.40262258298731357,0.42044820762685725,0.41153539530708538,170932.15805685005,0,137.02991984999653,0
2025-10-29,-16,0.5,0.52213689121370688,0.51106844560685349,29811.040013030019,0,1432.0621711700035,0
2025-10-30,-43,0.1552322265091855,0.16210494433137621,0.15866858542028084,1304877.37565832,0,384.84032547000004,0
2025-10-30,-42,0.16210494433137621,0.16928194336711158,0.16569344384924389,24779.58848760993,0,69.594892110000004,0
2025-10-30,-40,0.17677669529663689,0.18460326824243742,0.18068998176953716,1110631.4285247901,0,2239.6275381100004,0
2025-10-30,-38,0.19277635317599259,0.20131129149365679,0.1970438223348247,986605.02384398005,0,2169.3874347699998,0
2025-10-30,-35,0.21953152004666243,0.2292510108011678,0.22439126542391513,1811884.9654864201,0,4156.6721484300006,0
2025-10-30,-34,0.2292510108011678,0.23940082017464343,0.2343259154879056,58834.825309740001,0,738736.20067370997,0
2025-10-30,-33,0.23940082017464343,0.25,0.24470041008732171,2259994.1122122509,0,3953095.5744238575,0
2025-10-30,-31,0.26106844560685344,0.27262693316631442,0.26684768938658393,801430.61390710005,0,1588210.5288855904,0
2025-10-30,-30,0.27262693316631442,0.28469715868917289,0.27866204592774368,66932.576688600049,0,1545084.3030958902,0
2025-10-30,-29,0.28469715868917289,0.29730177875068026,0.29099946871992655,102224.64961078002,0,1177922.6260168201,0
2025-10-30,-28,0.29730177875068026,0.310464453018371,0.30388311588452566,93864.217887610008,0,2609840.5971718398,0
2025-10-30,-26,0.32420988866275241,0.33856388673422316,0.33138688769848779,96829.812687390018,0,3442186.2760299398,0
2025-10-30,-22,0.38555270635198519,0.40262258298731357,0.39408764466964941,407707.02021984005,0,2683.2658816601165,0
2025-10-30,-21,0.40262258298731357,0.42044820762685725,0.41153539530708538,169778.93093071005,0,137.02991984999653,0
2025-10-30,-16,0.5,0.52213689121370688,0.51106844560685349,29599.65762362002,0,1432.0621711700035,0
2025-10-31,-43,0.1552322265091855,0.16210494433137621,0.15866858542028084,1300401.5437179201,0,384.84032547000004,0
2025-10-31,-42,0.16210494433137621,0.16928194336711158,0.16569344384924389,24779.58848760993,0,69.594892110000004,0
2025-10-31,-40,0.17677669529663689,0.18460326824243742,0.18068998176953716,1110631.4285247901,0,2239.6275381100004,0
2025-10-31,-38,0.19277635317599259,0.20131129149365679,0.1970438223348247,986571.00384398003,0,2169.3874347699998,0
2025-10-31,-35,0.21953152004666243,0.2292510108011678,0.22439126542391513,1811793.8438247901,0,4156.6721484300006,0
2025-10-31,-34,0.2292510108011678,0.23940082017464343,0.2343259154879056,55458.62773185,0,738431.90067370993,0
2025-10-31,-33,0.23940082017464343,0.25,0.24470041008732171,2025668.16060532,0,2737544.6271587838,0
2025-10-31,-32,0.25,0.26106844560685344,0.25553422280342675,495538.81379340106,0,1116731.654213944,0
2025-10-31,-31,0.26106844560685344,0.27262693316631442,0.26684768938658393,737832.21802796016,0,1581963.8315454305,0
2025-10-31,-30,0.27262693316631442,0.28469715868917289,0.27866204592774368,62914.23403815004,0,1545084.3030958902,0
2025-10-31,-29,0.28469715868917289,0.29730177875068026,0.29099946871992655,96410.735426050014,0,1177922.6260168201,0
2025-10-31,-28,0.29730177875068026,0.310464453018371,0.30388311588452566,93474.81188677001,0,2609448.0949423299,0
2025-10-31,-26,0.32420988866275241,0.33856388673422316,0.33138688769848779,95802.703772410023,0,3344902.2043700097,0
2025-10-31,-22,0.38555270635198519,0.40262258298731357,0.39408764466964941,404145.51947881002,0,2683.2658816601165,0
2025-10-31,-21,0.40262258298731357,0.42044820762685725,0.41153539530708538,165902.43259600006,0,137.02991984999653,0
2025-10-31,-16,0.5,0.52213689121370688,0.51106844560685349,28133.455023740018,0,1432.0621711700035,0
2025-11-01,-43,0.1552322265091855,0.16210494433137621,0.15866858542028084,1300365.18371792,0,384.84032547000004,0
2025-11-01,-42,0.16210494433137621,0.16928194336711158,0.16569344384924389,24779.58848760993,0,69.594892110000004,0
2025-11-01,-40,0.17677669529663689,0.18460326824243742,0.18068998176953716,1110631.4285247901,0,2239.6275381100004,0
2025-11-01,-38,0.19277635317599259,0.20131129149365679,0.1970438223348247,986453.02364138002,0,2169.3874347699998,0
2025-11-01,-35,0.21953152004666243,0.2292510108011678,0.22439126542391513,1811735.9090465701,0,4156.6721484300006,0
2025-11-01,-34,0.2292510108011678,0.23940082017464343,0.2343259154879056,54660.819224080005,0,738431.90067370993,0
2025-11-01,-33,0.23940082017464343,0.25,0.24470041008732171,2004622.3559165599,0,2617488.1786760301,0
2025-11-01,-32,0.25,0.26106844560685344,0.25553422280342675,550479.78434431122,0,1595735.072698364,0
2025-11-01,-31,0.26106844560685344,0.27262693316631442,0.26684768938658393,731553.29632348008,0,1581260.05007669,0
2025-11-01,-30,0.27262693316631442,0.28469715868917289,0.27866204592774368,52844.490616360046,0,1545084.3030958902,0
2025-11-01,-29,0.28469715868917289,0.29730177875068026,0.29099946871992655,94391.443171110019,0,1177922.6260168201,0
2025-11-01,-28,0.29730177875068026,0.310464453018371,0.30388311588452566,81087.997708110008,0,2433206.9672112195,0
2025-11-01,-26,0.32420988866275241,0.33856388673422316,0.33138688769848779,95763.288821040012,0,3141816.6324081039,0
2025-11-01,-22,0.38555270635198519,0.40262258298731357,0.39408764466964941,397598.33535234001,0,2683.2658816601165,0
2025-11-01,-21,0.40262258298731357,0.42044820762685725,0.41153539530708538,165845.73864442005,0,137.02991984999653,0
2025-11-01,-16,0.5,0.52213689121370688,0.51106844560685349,27575.814219440021,0,1432.0621711700035,0
2025-11-02,-43,0.1552322265091855,0.16210494433137621,0.15866858542028084,1299380.38805043,0,384.84032547000004,0
2025-11-02,-42,0.16210494433137621,0.16928194336711158,0.16569344384924389,24726.41436837993,0,69.594892110000004,0
2025-11-02,-40,0.17677669529663689,0.18460326824243742,0.18068998176953716,1110624.8634063001,0,2239.6275381100004,0
2025-11-02,-38,0.19277635317599259,0.20131129149365679,0.1970438223348247,986441.29364137002,0,2169.3874347699998,0
2025-11-02,-35,0.21953152004666243,0.2292510108011678,0.22439126542391513,1811735.9090465701,0,4156.6721484300006,0
2025-11-02,-34,0.2292510108011678,0.23940082017464343,0.2343259154879056,53941.40831477,0,738431.90067370993,0
2025-11-02,-33,0.23940082017464343,0.25,0.24470041008732171,1926115.2920739001,0,2607578.53070162,0
2025-11-02,-32,0.25,0.26106844560685344,0.25553422280342675,201916.82847136018,0,1310691.96052066,0
2025-11-02,-31,0.26106844560685344,0.27262693316631442,0.26684768938658393,931189.50655313116,0,3126491.1894245148,0
2025-11-02,-30,0.27262693316631442,0.28469715868917289,0.27866204592774368,50968.821422180044,0,1545084.3030958902,0
2025-11-02,-29,0.28469715868917289,0.29730177875068026,0.29099946871992655,93207.737449590015,0,1075883.5328005494,0
2025-11-02,-28,0.29730177875068026,0.310464453018371,0.30388311588452566,76216.308552060014,0,2342976.8540424099,0
2025-11-02,-26,0.32420988866275241,0.33856388673422316,0.33138688769848779,93785.976928320015,0,2305510.8842406836,0
2025-11-02,-22,0.38555270635198519,0.40262258298731357,0.39408764466964941,396649.02131818002,0,2683.2658816601165,0
2025-11-02,-21,0.40262258298731357,0.42044820762685725,0.41153539530708538,165451.07064067005,0,137.02991984999653,0
2025-11-02,-16,0.5,0.52213689121370688,0.51106844560685349,27499.49227999002,0,1432.0621711700035,0
2025-11-03,-43,0.1552322265091855,0.16210494433137621,0.15866858542028084,1298859.2228270499,0,384.84032547000004,0
2025-11-03,-42,0.16210494433137621,0.16928194336711158,0.16569344384924389,24579.326634589932,0,69.594892110000004,0
2025-11-03,-40,0.17677669529663689,0.18460326824243742,0.18068998176953716,1110624.8634063001,0,2239.6275381100004,0
2025-11-03,-38,0.19277635317599259,0.20131129149365679,0.1970438223348247,986345.36396599002,0,2169.3874347699998,0
2025-11-03,-35,0.21953152004666243,0.2292510108011678,0.22439126542391513,1811668.35303946,0,4156.6721484300006,0
2025-11-03,-34,0.2292510108011678,0.23940082017464343,0.2343259154879056,52840.907460260001,0,738431.90067370993,0
2025-11-03,-33,0.23940082017464343,0.25,0.24470041008732171,1907762.1432710201,0,2555177.5763938795,0
2025-11-03,-32,0.25,0.26106844560685344,0.25553422280342675,676016.66292697121,0,2267531.1360858046,0
2025-11-03,-31,0.26106844560685344,0.27262693316631442,0.26684768938658393,785915.00640771014,0,2871531.9505982203,0
2025-11-03,-30,0.27262693316631442,0.28469715868917289,0.27866204592774368,50483.877963970044,0,1545084.3030958902,0
2025-11-03,-29,0.28469715868917289,0.29730177875068026,0.29099946871992655,92697.463668040014,0,971594.4516229399,0
2025-11-03,-28,0.29730177875068026,0.310464453018371,0.30388311588452566,55023.28233087001,0,2342900.8388944701,0
2025-11-03,-26,0.32420988866275241,0.33856388673422316,0.33138688769848779,93138.659431990018,0,1382137.6446179238,0
2025-11-03,-22,0.38555270635198519,0.40262258298731357,0.39408764466964941,396511.01028149005,0,2683.2658816601165,0
2025-11-03,-21,0.40262258298731357,0.42044820762685725,0.41153539530708538,165350.88540837006,0,137.02991984999653,0
2025-11-03,-16,0.5,0.52213689121370688,0.51106844560685349,27344.009988120019,0,1432.0621711700035,0
2025-11-04,-43,0.1552322265091855,0.16210494433137621,0.15866858542028084,1297912.99339285,0,384.84032547000004,0
2025-11-04,-42,0.16210494433137621,0.16928194336711158,0.16569344384924389,24505.201048569932,0,69.594892110000004,0
2025-11-04,-40,0.17677669529663689,0.18460326824243742,0.18068998176953716,1110624.8626103001,0,2239.6275381100004,0
2025-11-04,-38,0.19277635317599259,0.20131129149365679,0.1970438223348247,986266.05958199,0,2169.3874347699998,0
2025-11-04,-35,0.21953152004666243,0.2292510108011678,0.22439126542391513,1811637.1222333701,0,4156.6721484300006,0
2025-11-04,-34,0.2292510108011678,0.23940082017464343,0.2343259154879056,51521.471054880007,0,738037.99667370995,0
2025-11-04,-33,0.23940082017464343,0.25,0.24470041008732171,1735575.79317938,0,2359356.68518611,0
2025-11-04,-32,0.25,0.26106844560685344,0.25553422280342675,184528.59607586003,0,1955698.2675443401,0
2025-11-04,-31,0.26106844560685344,0.27262693316631442,0.26684768938658393,760787.81695908017,0,2863174.1195531799,0
2025-11-04,-30,0.27262693316631442,0.28469715868917289,0.27866204592774368,478375.76809237135,0,3615954.8186519244,0
2025-11-04,-29,0.28469715868917289,0.29730177875068026,0.29099946871992655,82488.040654460012,0,971334.47167959006,0
2025-11-04,-28,0.29730177875068026,0.310464453018371,0.30388311588452566,54653.254917690007,0,1458790.5221632037,0
2025-11-04,-26,0.32420988866275241,0.33856388673422316,0.33138688769848779,90758.774045700018,0,1007573.3960089901,0
2025-11-04,-22,0.38555270635198519,0.40262258298731357,0.39408764466964941,393934.23749536002,0,2683.2658816601165,0
2025-11-04,-21,0.40262258298731357,0.42044820762685725,0.41153539530708538,162839.37232464005,0,137.02991984999653,0
2025-11-04,-16,0.5,0.52213689121370688,0.51106844560685349,25701.219271100021,0,1432.0621711700035,0
2025-11-05,-43,0.1552322265091855,0.16210494433137621,0.15866858542028084,1297319.6799061301,0,384.84032547000004,0
2025-11-05,-42,0.16210494433137621,0.16928194336711158,0.16569344384924389,24470.78104856993,0,69.594892110000004,0
2025-11-05,-40,0.17677669529663689,0.18460326824243742,0.18068998176953716,1110591.27695707,0,2239.6275381100004,0
2025-11-05,-38,0.19277635317599259,0.20131129149365679,0.1970438223348247,986266.05958199,0,2169.3874347699998,0
2025-11-05,-35,0.21953152004666243,0.2292510108011678,0.22439126542391513,1811617.7540394501,0,4156.6721484300006,0
2025-11-05,-34,0.2292510108011678,0.23940082017464343,0.2343259154879056,50201.608813850005,0,737563.69667371002,0
2025-11-05,-33,0.23940082017464343,0.25,0.24470041008732171,1700028.84680601,0,2359006.4814166999,0
2025-11-05,-32,0.25,0.26106844560685344,0.25553422280342675,144202.82069105,0,1955698.2675443401,0
2025-11-05,-31,0.26106844560685344,0.27262693316631442,0.26684768938658393,687694.14561121014,0,2862312.7411192004,0
2025-11-05,-30,0.27262693316631442,0.28469715868917289,0.27866204592774368,644563.31724274135,0,4715908.1165738646,0
2025-11-05,-29,0.28469715868917289,0.29730177875068026,0.29099946871992655,74473.208890200025,0,971334.47167959006,0
2025-11-05,-28,0.29730177875068026,0.310464453018371,0.30388311588452566,53225.163175300004,0,387167.63085311378,0
2025-11-05,-26,0.32420988866275241,0.33856388673422316,0.33138688769848779,86417.673589060025,0,1007573.3960089901,0
2025-11-05,-22,0.38555270635198519,0.40262258298731357,0.39408764466964941,393442.54952575004,0,2683.2658816601165,0
2025-11-05,-21,0.40262258298731357,0.42044820762685725,0.41153539530708538,162359.06355852005,0,137.02991984999653,0
2025-11-05,-16,0.5,0.52213689121370688,0.51106844560685349,25478.295933040019,0,1432.0621711700035,0
2025-11-06,-43,0.1552322265091855,0.16210494433137621,0.15866858542028084,1295508.25214831,0,384.84032547000004,0
2025-11-06,-42,0.16210494433137621,0.16928194336711158,0.16569344384924389,20920.31139285993,0,69.594892110000004,0
2025-11-06,-40,0.17677669529663689,0.18460326824243742,0.18068998176953716,1110590.4252692901,0,2239.6275381100004,0
2025-11-06,-38,0.19277635317599259,0.20131129149365679,0.1970438223348247,983723.46803930006,0,2169.3874347699998,0
2025-11-06,-35,0.21953152004666243,0.2292510108011678,0.22439126542391513,1810266.7180595601,0,4156.6721484300006,0
2025-11-06,-34,0.2292510108011678,0.23940082017464343,0.2343259154879056,49929.144263030001,0,347.63547228999965,0
2025-11-06,-33,0.23940082017464343,0.25,0.24470041008732171,1697410.05602555,0,1679057.4162383399,0
2025-11-06,-32,0.25,0.26106844560685344,0.25553422280342675,645204.32918859133,0,4684949.0736529045,0
2025-11-06,-31,0.26106844560685344,0.27262693316631442,0.26684768938658393,666231.54090965015,0,2278260.67749898,0
2025-11-06,-30,0.27262693316631442,0.28469715868917289,0.27866204592774368,343517.68943353003,0,4153109.1601301199,0
2025-11-06,-29,0.28469715868917289,0.29730177875068026,0.29099946871992655,69243.101277570022,0,506352.97560575377,0
2025-11-06,-28,0.29730177875068026,0.310464453018371,0.30388311588452566,52746.530030340007,0,375025.47663350013,0
2025-11-06,-26,0.32420988866275241,0.33856388673422316,0.33138688769848779,78518.148959560014,0,1007573.3960089901,0
2025-11-06,-22,0.38555270635198519,0.40262258298731357,0.39408764466964941,392801.34388488001,0,2683.2658816601165,0
2025-11-06,-21,0.40262258298731357,0.42044820762685725,0.41153539530708538,159646.84801510005,0,137.02991984999653,0
2025-11-06,-16,0.5,0.52213689121370688,0.51106844560685349,25458.810677700021,0,741.56712234000349,0
2025-11-07,-43,0.1552322265091855,0.16210494433137621,0.15866858542028084,1295434.7121483099,0,384.84032547000004,0
2025-11-07,-42,0.16210494433137621,0.16928194336711158,0.16569344384924389,20917.018151549932,0,69.594892110000004,0
2025-11-07,-40,0.17677669529663689,0.18460326824243742,0.18068998176953716,1110590.4252692901,0,2239.6275381100004,0
2025-11-07,-38,0.19277635317599259,0.20131129149365679,0.1970438223348247,983629.38803929999,0,2169.3874347699998,0
2025-11-07,-35,0.21953152004666243,0.2292510108011678,0.22439126542391513,1775802.7225567601,0,4156.6721484300006,0
2025-11-07,-34,0.2292510108011678,0.23940082017464343,0.2343259154879056,48269.793578410005,0,262.5427717799999,0
2025-11-07,-33,0.23940082017464343,0.25,0.24470041008732171,1646791.39412806,0,1237927.8821005935,0
2025-11-07,-32,0.25,0.26106844560685344,0.25553422280342675,227943.2358078601,0,4237400.6990181692,0
2025-11-07,-31,0.26106844560685344,0.27262693316631442,0.26684768938658393,642480.22163497005,0,2045857.8247614801,0
2025-11-07,-30,0.27262693316631442,0.28469715868917289,0.27866204592774368,689717.13510655123,0,5739107.4932769649,0
2025-11-07,-29,0.28469715868917289,0.29730177875068026,0.29099946871992655,66653.729064050014,0,90673.218162910111,0
2025-11-07,-28,0.29730177875068026,0.310464453018371,0.30388311588452566,51012.046391490003,0,375025.47663350013,0
2025-11-07,-26,0.32420988866275241,0.33856388673422316,0.33138688769848779,78453.063708740025,0,1007573.3960089901,0
2025-11-07,-22,0.38555270635198519,0.40262258298731357,0.39408764466964941,391461.92127392004,0,2683.2658816601165,0
2025-11-07,-21,0.40262258298731357,0.42044820762685725,0.41153539530708538,159619.99986780004,0,137.02991984999653,0
2025-11-07,-16,0.5,0.52213689121370688,0.51106844560685349,25242.302357680019,0,741.56712234000349,0
2025-11-08,-43,0.1552322265091855,0.16210494433137621,0.15866858542028084,1295378.1721483099,0,384.84032547000004,0
2025-11-08,-42,0.16210494433137621,0.16928194336711158,0.16569344384924389,20277.14046534993,0,69.594892110000004,0
2025-11-08,-40,0.17677669529663689,0.18460326824243742,0.18068998176953716,1110458.9872911801,0,2239.6275381100004,0
2025-11-08,-38,0.19277635317599259,0.20131129149365679,0.1970438223348247,983629.38803929999,0,2169.3874347699998,0
2025-11-08,-35,0.21953152004666243,0.2292510108011678,0.22439126542391513,1775788.1454295102,0,4156.6721484300006,0
2025-11-08,-34,0.2292510108011678,0.23940082017464343,0.2343259154879056,47785.485804020005,0,262.5427717799999,0
2025-11-08,-33,0.23940082017464343,0.25,0.24470041008732171,1640909.70652576,0,1027888.4074780836,0
2025-11-08,-32,0.25,0.26106844560685344,0.25553422280342675,127570.69448456011,0,4085057.8455412397,0
2025-11-08,-31,0.26106844560685344,0.27262693316631442,0.26684768938658393,955845.25928278139,0,2723372.7548888256,0
2025-11-08,-30,0.27262693316631442,0.28469715868917289,0.27866204592774368,506436.17166847998,0,5383509.0543777598,0
2025-11-08,-29,0.28469715868917289,0.29730177875068026,0.29099946871992655,62990.057055430021,0,90673.218162910111,0
2025-11-08,-28,0.29730177875068026,0.310464453018371,0.30388311588452566,50773.327303500009,0,375025.47663350013,0
2025-11-08,-26,0.32420988866275241,0.33856388673422316,0.33138688769848779,78383.273708740016,0,1007573.3960089901,0
2025-11-08,-22,0.38555270635198519,0.40262258298731357,0.39408764466964941,391431.18944446003,0,2683.2658816601165,0
2025-11-08,-21,0.40262258298731357,0.42044820762685725,0.41153539530708538,159180.44501152006,0,137.02991984999653,0
2025-11-08,-16,0.5,0.52213689121370688,0.51106844560685349,25197.39918640002,0,741.56712234000349,0
2025-11-09,-43,0.1552322265091855,0.16210494433137621,0.15866858542028084,1294067.42014831,0,384.84032547000004,0
2025-11-09,-42,0.16210494433137621,0.16928194336711158,0.16569344384924389,20094.43040037993,0,69.594892110000004,0
2025-11-09,-40,0.17677669529663689,0.18460326824243742,0.18068998176953716,1110458.9872911801,0,2239.6275381100004,0
2025-11-09,-38,0.19277635317599259,0.20131129149365679,0.1970438223348247,983629.38803929999,0,2169.3874347699998,0
2025-11-09,-35,0.21953152004666243,0.2292510108011678,0.22439126542391513,1775786.4848422601,0,4156.6721484300006,0
2025-11-09,-34,0.2292510108011678,0.23940082017464343,0.2343259154879056,47776.402180770005,0,262.5427717799999,0
2025-11-09,-33,0.23940082017464343,0.25,0.24470041008732171,1638659.9893852801,0,756461.44067969988,0
2025-11-09,-32,0.25,0.26106844560685344,0.25553422280342675,98120.364195019996,0,3913203.6583156995,0
2025-11-09,-31,0.26106844560685344,0.27262693316631442,0.26684768938658393,1102811.6391058213,0,3014388.0261797649,0
2025-11-09,-30,0.27262693316631442,0.28469715868917289,0.27866204592774368,425922.26822240016,0,5307135.4067870835,0
2025-11-09,-29,0.28469715868917289,0.29730177875068026,0.29099946871992655,62809.433230840019,0,90673.218162910111,0
2025-11-09,-28,0.29730177875068026,0.310464453018371,0.30388311588452566,50770.654612990009,0,375025.47663350013,0
2025-11-09,-26,0.32420988866275241,0.33856388673422316,0.33138688769848779,78381.946399250024,0,1007573.3960089901,0
2025-11-09,-22,0.38555270635198519,0.40262258298731357,0.39408764466964941,391157.07603844005,0,2683.2658816601165,0
2025-11-09,-21,0.40262258298731357,0.42044820762685725,0.41153539530708538,158777.70804496005,0,137.02991984999653,0
2025-11-09,-16,0.5,0.52213689121370688,0.51106844560685349,24870.396557150019,0,741.56712234000349,0
2025-11-10,-43,0.1552322265091855,0.16210494433137621,0.15866858542028084,1290627.7623240799,0,384.84032547000004,0
2025-11-10,-42,0.16210494433137621,0.16928194336711158,0.16569344384924389,20041.929937869932,0,69.594892110000004,0
2025-11-10,-40,0.17677669529663689,0.18460326824243742,0.18068998176953716,1110458.9872911801,0,2239.6275381100004,0
2025-11-10,-38,0.19277635317599259,0.20131129149365679,0.1970438223348247,983578.87830014003,0,2169.3874347699998,0
2025-11-10,-35,0.21953152004666243,0.2292510108011678,0.22439126542391513,1775524.7976754301,0,4156.6721484300006,0
2025-11-10,-34,0.2292510108011678,0.23940082017464343,0.2343259154879056,47753.880313690002,0,262.5427717799999,0
2025-11-10,-33,0.23940082017464343,0.25,0.24470041008732171,1637454.5474985901,0,756461.44067969988,0
2025-11-10,-32,0.25,0.26106844560685344,0.25553422280342675,89353.64982056999,0,3892496.6790357302,0
2025-11-10,-31,0.26106844560685344,0.27262693316631442,0.26684768938658393,1204106.6555243512,0,3548716.2237985851,0
2025-11-10,-30,0.27262693316631442,0.28469715868917289,0.27866204592774368,400624.02518499014,0,4606016.7649310632,0
2025-11-10,-29,0.28469715868917289,0.29730177875068026,0.29099946871992655,62653.445347820023,0,90673.218162910111,0
2025-11-10,-28,0.29730177875068026,0.310464453018371,0.30388311588452566,50699.156749130008,0,375025.47663350013,0
2025-11-10,-26,0.32420988866275241,0.33856388673422316,0.33138688769848779,78292.367399260023,0,1007573.3960089901,0
2025-11-10,-22,0.38555270635198519,0.40262258298731357,0.39408764466964941,390938.77517428005,0,2683.2658816601165,0
2025-11-10,-21,0.40262258298731357,0.42044820762685725,0.41153539530708538,158777.70804496005,0,137.02991984999653,0
2025-11-10,-16,0.5,0.52213689121370688,0.51106844560685349,24855.03693697002,0,741.56712234000349,0
2025-11-11,-43,0.1552322265091855,0.16210494433137621,0.15866858542028084,1290403.6227478499,0,384.84032547000004,0
2025-11-11,-42,0.16210494433137621,0.16928194336711158,0.16569344384924389,19874.106488459933,0,69.594892110000004,0
2025-11-11,-40,0.17677669529663689,0.18460326824243742,0.18068998176953716,1110431.4862492401,0,2239.6275381100004,0
2025-11-11,-38,0.19277635317599259,0.20131129149365679,0.1970438223348247,983563.24830014003,0,2169.3874347699998,0
2025-11-11,-35,0.21953152004666243,0.2292510108011678,0.22439126542391513,1775418.45260364,0,4156.6721484300006,0
2025-11-11,-34,0.2292510108011678,0.23940082017464343,0.2343259154879056,47743.663506000004,0,262.5427717799999,0
2025-11-11,-33,0.23940082017464343,0.25,0.24470041008732171,1636354.91678968,0,756461.44067969988,0
2025-11-11,-32,0.25,0.26106844560685344,0.25553422280342675,253548.39723074122,0,3062258.5330635747,0
2025-11-11,-31,0.26106844560685344,0.27262693316631442,0.26684768938658393,1046820.8655783401,0,3159392.3845409499,0
2025-11-11,-30,0.27262693316631442,0.28469715868917289,0.27866204592774368,348123.92798738007,0,3719501.8046186436,0
2025-11-11,-29,0.28469715868917289,0.29730177875068026,0.29099946871992655,61701.821655490021,0,90673.218162910111,0
2025-11-11,-28,0.29730177875068026,0.310464453018371,0.30388311588452566,48189.714300640007,0,375025.47663350013,0
2025-11-11,-26,0.32420988866275241,0.33856388673422316,0.33138688769848779,47906.26175534002,0,1007573.3960089901,0
2025-11-11,-22,0.38555270635198519,0.40262258298731357,0.39408764466964941,390929.58159428003,0,2683.2658816601165,0
2025-11-11,-21,0.40262258298731357,0.42044820762685725,0.41153539530708538,158664.57781084004,0,137.02991984999653,0
2025-11-11,-16,0.5,0.52213689121370688,0.51106844560685349,24827.952744820021,0,741.56712234000349,0
2025-11-12,-43,0.1552322265091855,0.16210494433137621,0.15866858542028084,1290324.85053718,0,384.84032547000004,0
2025-11-12,-42,0.16210494433137621,0.16928194336711158,0.16569344384924389,19846.186488459931,0,69.594892110000004,0
2025-11-12,-40,0.17677669529663689,0.18460326824243742,0.18068998176953716,1110431.4862492401,0,2239.6275381100004,0
2025-11-12,-38,0.19277635317599259,0.20131129149365679,0.1970438223348247,983492.29830014007,0,2169.3874347699998,0
2025-11-12,-35,0.21953152004666243,0.2292510108011678,0.22439126542391513,1775397.97319014,0,4156.6721484300006,0
2025-11-12,-34,0.2292510108011678,0.23940082017464343,0.2343259154879056,47704.475352000001,0,262.5427717799999,0
2025-11-12,-33,0.23940082017464343,0.25,0.24470041008732171,1632805.7326425,0,709628.3370160599,0
2025-11-12,-32,0.25,0.26106844560685344,0.25553422280342675,464326.40415241127,0,5653149.5733257541,0
2025-11-12,-31,0.26106844560685344,0.27262693316631442,0.26684768938658393,955959.42816706002,0,2619946.3715121243,0
2025-11-12,-30,0.27262693316631442,0.28469715868917289,0.27866204592774368,223018.58235120014,0,3181750.5903796297,0
2025-11-12,-29,0.28469715868917289,0.29730177875068026,0.29099946871992655,61656.365415790024,0,36.61641147011656,0
2025-11-12,-28,0.29730177875068026,0.310464453018371,0.30388311588452566,48090.463888640006,0,4.372645000116437,0
2025-11-12,-26,0.32420988866275241,0.33856388673422316,0.33138688769848779,45806.248149400017,0,1.6608590001746284,0
2025-11-12,-22,0.38555270635198519,0.40262258298731357,0.39408764466964941,388929.58159428003,0,2683.2658816601165,0
2025-11-12,-21,0.40262258298731357,0.42044820762685725,0.41153539530708538,158664.57781084004,0,137.02991984999653,0
2025-11-12,-16,0.5,0.52213689121370688,0.51106844560685349,24827.952744820021,0,741.56712234000349,0
2025-11-13,-43,0.1552322265091855,0.16210494433137621,0.15866858542028084,1287970.01614081,0,384.84032547000004,0
2025-11-13,-42,0.16210494433137621,0.16928194336711158,0.16569344384924389,19846.186488459931,0,69.594892110000004,0
2025-11-13,-40,0.17677669529663689,0.18460326824243742,0.18068998176953716,1110431.4862492401,0,2239.6275381100004,0
2025-11-13,-38,0.19277635317599259,0.20131129149365679,0.1970438223348247,979772.73269651004,0,2169.3874347699998,0
2025-11-13,-35,0.21953152004666243,0.2292510108011678,0.22439126542391513,1774770.9169889002,0,4156.6721484300006,0
2025-11-13,-34,0.2292510108011678,0.23940082017464343,0.2343259154879056,47704.475352000001,0,262.5427717799999,0
2025-11-13,-33,0.23940082017464343,0.25,0.24470041008732171,1630846.6845666301,0,709628.3370160599,0
2025-11-13,-32,0.25,0.26106844560685344,0.25553422280342675,575030.30143349129,0,5881965.3871310838,0
2025-11-13,-31,0.26106844560685344,0.27262693316631442,0.26684768938658393,923678.55877730006,0,2325853.8903360842,0
2025-11-13,-30,0.27262693316631442,0.28469715868917289,0.27866204592774368,216759.94527635013,0,3181501.2766281595,0
2025-11-13,-29,0.28469715868917289,0.29730177875068026,0.29099946871992655,61656.365415790024,0,36.61641147011656,0
2025-11-13,-28,0.29730177875068026,0.310464453018371,0.30388311588452566,48090.463888640006,0,4.372645000116437,0
2025-11-13,-26,0.32420988866275241,0.33856388673422316,0.33138688769848779,45434.946075020023,0,1.6608590001746284,0
2025-11-13,-22,0.38555270635198519,0.40262258298731357,0.39408764466964941,388714.42542979005,0,2683.2658816601165,0
2025-11-13,-21,0.40262258298731357,0.42044820762685725,0.41153539530708538,157741.53579887006,0,137.02991984999653,0
2025-11-13,-16,0.5,0.52213689121370688,0.51106844560685349,24827.952744820021,0,741.56712234000349,0
2025-11-14,-43,0.1552322265091855,0.16210494433137621,0.15866858542028084,1282187.4329049101,0,384.84032547000004,0
2025-11-14,-42,0.16210494433137621,0.16928194336711158,0.16569344384924389,18665.131302639933,0,69.594892110000004,0
2025-11-14,-40,0.17677669529663689,0.18460326824243742,0.18068998176953716,1110431.4862492401,0,2239.6275381100004,0
2025-11-14,-38,0.19277635317599259,0.20131129149365679,0.1970438223348247,973339.53625643998,0,2169.3874347699998,0
2025-11-14,-35,0.21953152004666243,0.2292510108011678,0.22439126542391513,1772915.5997852501,0,4156.6721484300006,0
2025-11-14,-34,0.2292510108011678,0.23940082017464343,0.2343259154879056,44833.145690080004,0,262.5427717799999,0
2025-11-14,-33,0.23940082017464343,0.25,0.24470041008732171,1735955.415072591,0,1443581.5960297745,0
2025-11-14,-32,0.25,0.26106844560685344,0.25553422280342675,479290.52012411034,0,5487249.9014553493,0
2025-11-14,-31,0.26106844560685344,0.27262693316631442,0.26684768938658393,873981.17790141003,0,2058861.0927443041,0
2025-11-14,-30,0.27262693316631442,0.28469715868917289,0.27866204592774368,205434.42708539014,0,3180605.4857792198,0
2025-11-14,-29,0.28469715868917289,0.29730177875068026,0.29099946871992655,55901.953980210019,0,36.61641147011656,0
2025-11-14,-28,0.29730177875068026,0.310464453018371,0.30388311588452566,47990.861123270006,0,4.372645000116437,0
2025-11-14,-26,0.32420988866275241,0.33856388673422316,0.33138688769848779,44870.436614930019,0,1.6608590001746284,0
2025-11-14,-22,0.38555270635198519,0.40262258298731357,0.39408764466964941,386817.59827977006,0,2683.2658816601165,0
2025-11-14,-21,0.40262258298731357,0.42044820762685725,0.41153539530708538,156189.97483478003,0,137.02991984999653,0
2025-11-14,-16,0.5,0.52213689121370688,0.51106844560685349,24646.687839300022,0,741.56712234000349,0
2025-11-15,-43,0.1552322265091855,0.16210494433137621,0.15866858542028084,1282157.4329049101,0,384.84032547000004,0
2025-11-15,-42,0.16210494433137621,0.16928194336711158,0.16569344384924389,18665.131302639933,0,69.594892110000004,0
2025-11-15,-40,0.17677669529663689,0.18460326824243742,0.18068998176953716,1110431.48598624,0,2239.6275381100004,0
2025-11-15,-38,0.19277635317599259,0.20131129149365679,0.1970438223348247,973232.08433690004,0,2169.3874347699998,0
2025-11-15,-35,0.21953152004666243,0.2292510108011678,0.22439126542391513,1772874.1068198401,0,4156.6721484300006,0
2025-11-15,-34,0.2292510108011678,0.23940082017464343,0.2343259154879056,44670.226815600006,0,262.5427717799999,0
2025-11-15,-33,0.23940082017464343,0.25,0.24470041008732171,1935249.232908611,0,1365568.4050050785,0
2025-11-15,-32,0.25,0.26106844560685344,0.25553422280342675,456365.69995990035,0,5291638.9214553498,0
2025-11-15,-31,0.26106844560685344,0.27262693316631442,0.26684768938658393,852508.56100631005,0,1991954.6478544802,0
2025-11-15,-30,0.27262693316631442,0.28469715868917289,0.27866204592774368,202961.04739492014,0,3180585.2485674997,0
2025-11-15,-29,0.28469715868917289,0.29730177875068026,0.29099946871992655,55717.34922269002,0,36.61641147011656,0
2025-11-15,-28,0.29730177875068026,0.310464453018371,0.30388311588452566,47990.861123270006,0,4.372645000116437,0
2025-11-15,-26,0.32420988866275241,0.33856388673422316,0.33138688769848779,44870.436614930019,0,1.6608590001746284,0
2025-11-15,-22,0.38555270635198519,0.40262258298731357,0.39408764466964941,386717.13813027,0,2683.2658816601165,0
2025-11-15,-21,0.40262258298731357,0.42044820762685725,0.41153539530708538,156189.97483478003,0,137.02991984999653,0
2025-11-15,-16,0.5,0.52213689121370688,0.51106844560685349,24545.452648800019,0,741.56712234000349,0
2025-11-16,-43,0.1552322265091855,0.16210494433137621,0.15866858542028084,1282148.2202087599,0,384.84032547000004,0
2025-11-16,-42,0.16210494433137621,0.16928194336711158,0.16569344384924389,18450.220275709933,0,69.594892110000004,0
2025-11-16,-40,0.17677669529663689,0.18460326824243742,0.18068998176953716,1110431.48598624,0,2239.6275381100004,0
2025-11-16,-38,0.19277635317599259,0.20131129149365679,0.1970438223348247,973232.08433690004,0,2169.3874347699998,0
2025-11-16,-36,0.21022410381342863,0.21953152004666243,0.21487781193004551,213076.44167110114,0,479484.41869314469,0
2025-11-16,-35,0.21953152004666243,0.2292510108011678,0.22439126542391513,1772824.6469175401,0,4156.6721484300006,0
2025-11-16,-34,0.2292510108011678,0.23940082017464343,0.2343259154879056,44670.052548370004,0,262.5427717799999,0
2025-11-16,-33,0.23940082017464343,0.25,0.24470041008732171,1854925.4522551,0,891110.47332512378,0
2025-11-16,-32,0.25,0.26106844560685344,0.25553422280342675,368937.58447955985,0,5220289.3537250496,0
2025-11-16,-31,0.26106844560685344,0.27262693316631442,0.26684768938658393,831755.46386962,0,1991753.3950428104,0
2025-11-16,-30,0.27262693316631442,0.28469715868917289,0.27866204592774368,187648.47425932012,0,3180566.7988474998,0
2025-11-16,-29,0.28469715868917289,0.29730177875068026,0.29099946871992655,55551.123477590023,0,36.61641147011656,0
2025-11-16,-28,0.29730177875068026,0.310464453018371,0.30388311588452566,47189.914512270007,0,4.372645000116437,0
2025-11-16,-26,0.32420988866275241,0.33856388673422316,0.33138688769848779,44856.023558710018,0,1.6608590001746284,0
2025-11-16,-22,0.38555270635198519,0.40262258298731357,0.39408764466964941,375234.11657702003,0,2683.2658816601165,0
2025-11-16,-21,0.40262258298731357,0.42044820762685725,0.41153539530708538,150583.78973479004,0,137.02991984999653,0
2025-11-16,-16,0.5,0.52213689121370688,0.51106844560685349,24544.877141850022,0,741.56712234000349,0
2025-11-17,-43,0.1552322265091855,0.16210494433137621,0.15866858542028084,1282075.1083889101,0,384.84032547000004,0
2025-11-17,-42,0.16210494433137621,0.16928194336711158,0.16569344384924389,18450.220275709933,0,69.594892110000004,0
2025-11-17,-40,0.17677669529663689,0.18460326824243742,0.18068998176953716,1110409.4359862399,0,2239.6275381100004,0
2025-11-17,-38,0.19277635317599259,0.20131129149365679,0.1970438223348247,973219.77433689998,0,2169.3874347699998,0
2025-11-17,-37,0.20131129149365679,0.21022410381342863,0.20576769765354269,345695.07129113062,0,798492.89733488567,0
2025-11-17,-36,0.21022410381342863,0.21953152004666243,0.21487781193004551,121255.96618117044,0,106725.34643851944,0
2025-11-17,-35,0.21953152004666243,0.2292510108011678,0.22439126542391513,1772819.66515576,0,4156.6721484300006,0
2025-11-17,-34,0.2292510108011678,0.23940082017464343,0.2343259154879056,44602.079272980001,0,262.5427717799999,0
2025-11-17,-33,0.23940082017464343,0.25,0.24470041008732171,1682401.3962042902,0,648941.1601186638,0
2025-11-17,-32,0.25,0.26106844560685344,0.25553422280342675,208794.77726355006,0,3070699.3761174195,0
2025-11-17,-31,0.26106844560685344,0.27262693316631442,0.26684768938658393,788014.26312171004,0,1985004.40875027,0
2025-11-17,-30,0.27262693316631442,0.28469715868917289,0.27866204592774368,171169.33125537014,0,3180566.7988474998,0
2025-11-17,-29,0.28469715868917289,0.29730177875068026,0.29099946871992655,55380.134762600021,0,36.026078950116556,0
2025-11-17,-28,0.29730177875068026,0.310464453018371,0.30388311588452566,38734.365644940008,0,4.372645000116437,0
2025-11-17,-26,0.32420988866275241,0.33856388673422316,0.33138688769848779,44347.095681650018,0,1.6608590001746284,0
2025-11-17,-22,0.38555270635198519,0.40262258298731357,0.39408764466964941,375034.11657701002,0,2683.2658816601165,0
2025-11-17,-21,0.40262258298731357,0.42044820762685725,0.41153539530708538,150408.58046136005,0,4.4799198499972714,0
2025-11-17,-16,0.5,0.52213689121370688,0.51106844560685349,24158.485065030021,0,741.56712234000349,0
2025-11-18,-43,0.1552322265091855,0.16210494433137621,0.15866858542028084,1281959.6283889101,0,384.84032547000004,0
2025-11-18,-42,0.16210494433137621,0.16928194336711158,0.16569344384924389,18450.220275709933,0,69.594892110000004,0
2025-11-18,-40,0.17677669529663689,0.18460326824243742,0.18068998176953716,1110409.4359862399,0,2239.6275381100004,0
2025-11-18,-38,0.19277635317599259,0.20131129149365679,0.1970438223348247,973190.80433690001,0,2169.3874347699998,0
2025-11-18,-37,0.20131129149365679,0.21022410381342863,0.20576769765354269,163310.69468350997,0,371360.91569362977,0
2025-11-18,-36,0.21022410381342863,0.21953152004666243,0.21487781193004551,197353.96098189117,0,1159226.7322807855,0
2025-11-18,-35,0.21953152004666243,0.2292510108011678,0.22439126542391513,1772810.6440165401,0,4156.6721484300006,0
2025-11-18,-34,0.2292510108011678,0.23940082017464343,0.2343259154879056,44591.559712500006,0,262.5427717799999,0
2025-11-18,-33,0.23940082017464343,0.25,0.24470041008732171,1669109.7339279002,0,473592.0433588099,0
2025-11-18,-32,0.25,0.26106844560685344,0.25553422280342675,170941.43616302012,0,2836323.7638748735,0
2025-11-18,-31,0.26106844560685344,0.27262693316631442,0.26684768938658393,780121.1723732301,0,1984973.6086931101,0
2025-11-18,-30,0.27262693316631442,0.28469715868917289,0.27866204592774368,146572.52308677012,0,3176803.6734774997,0
2025-11-18,-29,0.28469715868917289,0.29730177875068026,0.29099946871992655,55380.134762600021,0,36.026078950116556,0
2025-11-18,-28,0.29730177875068026,0.310464453018371,0.30388311588452566,38734.365644940008,0,4.372645000116437,0
2025-11-18,-26,0.32420988866275241,0.33856388673422316,0.33138688769848779,43927.998547520023,0,1.6608590001746284,0
2025-11-18,-22,0.38555270635198519,0.40262258298731357,0.39408764466964941,374435.59216398001,0,2683.2658816601165,0
2025-11-18,-21,0.40262258298731357,0.42044820762685725,0.41153539530708538,150311.04553172004,0,4.4799198499972714,0
2025-11-18,-16,0.5,0.52213689121370688,0.51106844560685349,24104.86444712002,0,741.56712234000349,0
2025-11-19,-43,0.1552322265091855,0.16210494433137621,0.15866858542028084,1281902.8402943099,0,384.84032547000004,0
2025-11-19,-42,0.16210494433137621,0.16928194336711158,0.16569344384924389,18448.453057109931,0,69.594892110000004,0
2025-11-19,-40,0.17677669529663689,0.18460326824243742,0.18068998176953716,1110409.4359862399,0,2239.6275381100004,0
2025-11-19,-38,0.19277635317599259,0.20131129149365679,0.1970438223348247,973190.80433690001,0,2169.3874347699998,0
2025-11-19,-37,0.20131129149365679,0.21022410381342863,0.20576769765354269,306953.68584776099,0,879819.7094948357,0
2025-11-19,-36,0.21022410381342863,0.21953152004666243,0.21487781193004551,105573.87397318012,0,808782.84654704947,0
2025-11-19,-35,0.21953152004666243,0.2292510108011678,0.22439126542391513,1772783.3140165401,0,4156.6721484300006,0
2025-11-19,-34,0.2292510108011678,0.23940082017464343,0.2343259154879056,44491.559712500006,0,262.5427717799999,0
2025-11-19,-33,0.23940082017464343,0.25,0.24470041008732171,1667302.1639194703,0,471596.44335880986,0
2025-11-19,-32,0.25,0.26106844560685344,0.25553422280342675,170090.7966576301,0,2648931.9589350834,0
2025-11-19,-31,0.26106844560685344,0.27262693316631442,0.26684768938658393,775031.68571653008,0,1984973.6086931101,0
2025-11-19,-30,0.27262693316631442,0.28469715868917289,0.27866204592774368,136537.27324429012,0,3176803.6734774997,0
2025-11-19,-29,0.28469715868917289,0.29730177875068026,0.29099946871992655,54042.605062600021,0,36.026078950116556,0
2025-11-19,-28,0.29730177875068026,0.310464453018371,0.30388311588452566,38734.365644940008,0,4.372645000116437,0
2025-11-19,-26,0.32420988866275241,0.33856388673422316,0.33138688769848779,43927.415228550017,0,1.6608590001746284,0
2025-11-19,-22,0.38555270635198519,0.40262258298731357,0.39408764466964941,373293.02062027005,0,2683.2658816601165,0
2025-11-19,-21,0.40262258298731357,0.42044820762685725,0.41153539530708538,150200.71221217004,0,4.4799198499972714,0
2025-11-19,-16,0.5,0.52213689121370688,0.51106844560685349,24048.252247120021,0,741.56712234000349,0
2025-11-20,-43,0.1552322265091855,0.16210494433137621,0.15866858542028084,1281830.91434304,0,384.84032547000004,0
2025-11-20,-42,0.16210494433137621,0.16928194336711158,0.16569344384924389,18448.453057109931,0,69.594892110000004,0
2025-11-20,-40,0.17677669529663689,0.18460326824243742,0.18068998176953716,1109818.8975665001,0,2239.6275381100004,0
2025-11-20,-38,0.19277635317599259,0.20131129149365679,0.1970438223348247,973133.68433690001,0,2169.3874347699998,0
2025-11-20,-37,0.20131129149365679,0.21022410381342863,0.20576769765354269,314808.72699069115,0,1032454.3930521957,0
2025-11-20,-36,0.21022410381342863,0.21953152004666243,0.21487781193004551,103445.85103026997,0,803157.52764600946,0
2025-11-20,-35,0.21953152004666243,0.2292510108011678,0.22439126542391513,1772678.4440165402,0,4156.6721484300006,0
2025-11-20,-34,0.2292510108011678,0.23940082017464343,0.2343259154879056,44441.559711829999,0,262.5427717799999,0
2025-11-20,-33,0.23940082017464343,0.25,0.24470041008732171,1655572.5286551602,0,471596.44335880986,0
2025-11-20,-32,0.25,0.26106844560685344,0.25553422280342675,169782.2276549901,0,2526380.2602775632,0
2025-11-20,-31,0.26106844560685344,0.27262693316631442,0.26684768938658393,770259.55928997009,0,1984973.6086931101,0
2025-11-20,-30,0.27262693316631442,0.28469715868917289,0.27866204592774368,130695.34675564013,0,3176768.9500374999,0
2025-11-20,-29,0.28469715868917289,0.29730177875068026,0.29099946871992655,52387.838638230023,0,36.026078950116556,0
2025-11-20,-28,0.29730177875068026,0.310464453018371,0.30388311588452566,38489.871305030007,0,4.372645000116437,0
2025-11-20,-26,0.32420988866275241,0.33856388673422316,0.33138688769848779,43927.415228550017,0,1.6608590001746284,0
2025-11-20,-22,0.38555270635198519,0.40262258298731357,0.39408764466964941,373293.02062027005,0,2683.2658816601165,0
2025-11-20,-21,0.40262258298731357,0.42044820762685725,0.41153539530708538,150168.35671128004,0,4.4799198499972714,0
2025-11-20,-16,0.5,0.52213689121370688,0.51106844560685349,24048.252247120021,0,741.56712234000349,0
2025-11-21,-43,0.1552322265091855,0.16210494433137621,0.15866858542028084,1281830.91434304,0,384.84032547000004,0
2025-11-21,-42,0.16210494433137621,0.16928194336711158,0.16569344384924389,18426.633057109932,0,69.594892110000004,0
2025-11-21,-40,0.17677669529663689,0.18460326824243742,0.18068998176953716,1384697.152808141,0,1122039.3749068149,0
2025-11-21,-38,0.19277635317599259,0.20131129149365679,0.1970438223348247,972265.94897837006,0,2169.3874347699998,0
2025-11-21,-37,0.20131129149365679,0.21022410381342863,0.20576769765354269,195180.72812842997,0,647036.69019044028,0
2025-11-21,-36,0.21022410381342863,0.21953152004666243,0.21487781193004551,102710.62470818,0,733180.55492347002,0
2025-11-21,-35,0.21953152004666243,0.2292510108011678,0.22439126542391513,1771308.7493539702,0,4156.6721484300006,0
2025-11-21,-34,0.2292510108011678,0.23940082017464343,0.2343259154879056,43868.279412840006,0,262.4760837099999,0
2025-11-21,-33,0.23940082017464343,0.25,0.24470041008732171,1642258.8643214703,0,383903.44629568991,0
2025-11-21,-32,0.25,0.26106844560685344,0.25553422280342675,154798.85423880012,0,1771457.1708772837,0
2025-11-21,-31,0.26106844560685344,0.27262693316631442,0.26684768938658393,715296.57697129017,0,1984934.8996818399,0
2025-11-21,-30,0.27262693316631442,0.28469715868917289,0.27866204592774368,121166.66520711003,0,3176768.9500374999,0
2025-11-21,-29,0.28469715868917289,0.29730177875068026,0.29099946871992655,52185.508341350018,0,33.05316589011656,0
2025-11-21,-28,0.29730177875068026,0.310464453018371,0.30388311588452566,38489.871305030007,0,4.372645000116437,0
2025-11-21,-26,0.32420988866275241,0.33856388673422316,0.33138688769848779,43771.722683310014,0,1.6608590001746284,0
2025-11-21,-22,0.38555270635198519,0.40262258298731357,0.39408764466964941,372981.43041721004,0,2683.2658816601165,0
2025-11-21,-21,0.40262258298731357,0.42044820762685725,0.41153539530708538,150168.35671128004,0,4.4799198499972714,0
2025-11-21,-16,0.5,0.52213689121370688,0.51106844560685349,22751.05119222002,0,741.56712234000349,0
2025-11-22,-43,0.1552322265091855,0.16210494433137621,0.15866858542028084,1280830.68310951,0,384.84032547000004,0
2025-11-22,-42,0.16210494433137621,0.16928194336711158,0.16569344384924389,18426.633057109932,0,69.594892110000004,0
2025-11-22,-41,0.16928194336711158,0.17677669529663689,0.17302931933187424,133654.1050033308,0,289179.62368380005,0
2025-11-22,-40,0.17677669529663689,0.18460326824243742,0.18068998176953716,1264741.4832411301,0,1006028.0756561649,0
2025-11-22,-38,0.19277635317599259,0.20131129149365679,0.1970438223348247,972265.94897837006,0,2169.3874347699998,0
2025-11-22,-37,0.20131129149365679,0.21022410381342863,0.20576769765354269,187375.28925873997,0,646992.14682804025,0
2025-11-22,-36,0.21022410381342863,0.21953152004666243,0.21487781193004551,99659.244717949987,0,733180.55492347002,0
2025-11-22,-35,0.21953152004666243,0.2292510108011678,0.22439126542391513,1771307.4988132701,0,4156.6721484300006,0
2025-11-22,-34,0.2292510108011678,0.23940082017464343,0.2343259154879056,43868.279412840006,0,262.4760837099999,0
2025-11-22,-33,0.23940082017464343,0.25,0.24470041008732171,1639911.7256838502,0,383903.44629568991,0
2025-11-22,-32,0.25,0.26106844560685344,0.25553422280342675,153122.3000953001,0,1575184.5047971236,0
2025-11-22,-31,0.26106844560685344,0.27262693316631442,0.26684768938658393,709266.70291219023,0,1984934.8996818399,0
2025-11-22,-30,0.27262693316631442,0.28469715868917289,0.27866204592774368,120374.95039214003,0,3176768.9500374999,0
2025-11-22,-29,0.28469715868917289,0.29730177875068026,0.29099946871992655,51950.947834560022,0,33.05316589011656,0
2025-11-22,-28,0.29730177875068026,0.310464453018371,0.30388311588452566,38283.702827570007,0,4.372645000116437,0
2025-11-22,-26,0.32420988866275241,0.33856388673422316,0.33138688769848779,43671.823540100013,0,1.6608590001746284,0
2025-11-22,-22,0.38555270635198519,0.40262258298731357,0.39408764466964941,372770.36798912002,0,2683.2658816601165,0
2025-11-22,-21,0.40262258298731357,0.42044820762685725,0.41153539530708538,150106.87427363003,0,4.4799198499972714,0
2025-11-22,-16,0.5,0.52213689121370688,0.51106844560685349,22725.158255390019,0,741.56712234000349,0
2025-11-23,-43,0.1552322265091855,0.16210494433137621,0.15866858542028084,1280830.68310951,0,384.84032547000004,0
2025-11-23,-42,0.16210494433137621,0.16928194336711158,0.16569344384924389,183601.92498030068,0,220596.53770867951,0
2025-11-23,-41,0.16928194336711158,0.17677669529663689,0.17302931933187424,40153.330623039998,0,261433.57643400002,0
2025-11-23,-40,0.17677669529663689,0.18460326824243742,0.18068998176953716,1263489.8417016102,0,660479.44661422505,0
2025-11-23,-38,0.19277635317599259,0.20131129149365679,0.1970438223348247,972255.91581107001,0,2169.3874347699998,0
2025-11-23,-37,0.20131129149365679,0.21022410381342863,0.20576769765354269,185795.28925868997,0,296812.4857149903,0
2025-11-23,-36,0.21022410381342863,0.21953152004666243,0.21487781193004551,89538.554038019982,0,341689.43897868,0
2025-11-23,-35,0.21953152004666243,0.2292510108011678,0.22439126542391513,1771201.80723327,0,4156.6721484300006,0
2025-11-23,-34,0.2292510108011678,0.23940082017464343,0.2343259154879056,43866.386039600002,0,262.4760837099999,0
2025-11-23,-33,0.23940082017464343,0.25,0.24470041008732171,1639344.9182266602,0,383903.44629568991,0
2025-11-23,-32,0.25,0.26106844560685344,0.25553422280342675,152860.8900953001,0,1487176.1752713199,0
2025-11-23,-31,0.26106844560685344,0.27262693316631442,0.26684768938658393,708950.04128546023,0,1888539.798270354,0
2025-11-23,-30,0.27262693316631442,0.28469715868917289,0.27866204592774368,117180.29077898002,0,3176768.9500374999,0
2025-11-23,-29,0.28469715868917289,0.29730177875068026,0.29099946871992655,51159.956645640021,0,33.05316589011656,0
2025-11-23,-28,0.29730177875068026,0.310464453018371,0.30388311588452566,38283.702827570007,0,4.372645000116437,0
2025-11-23,-26,0.32420988866275241,0.33856388673422316,0.33138688769848779,43671.823540100013,0,1.6608590001746284,0
2025-11-23,-22,0.38555270635198519,0.40262258298731357,0.39408764466964941,372394.01999852003,0,2683.2658816601165,0
2025-11-23,-21,0.40262258298731357,0.42044820762685725,0.41153539530708538,150106.87427363003,0,4.4799198499972714,0
2025-11-23,-16,0.5,0.52213689121370688,0.51106844560685349,22618.423255390022,0,741.56712234000349,0
2025-11-24,-43,0.1552322265091855,0.16210494433137621,0.15866858542028084,1280830.68310951,0,384.84032547000004,0
2025-11-24,-42,0.16210494433137621,0.16928194336711158,0.16569344384924389,47268.205868820056,0,193865.96633691,0
2025-11-24,-41,0.16928194336711158,0.17677669529663689,0.17302931933187424,39052.76699791001,0,261433.57643400002,0
2025-11-24,-40,0.17677669529663689,0.18460326824243742,0.18068998176953716,1397164.0580884209,0,927444.09467259445,0
2025-11-24,-38,0.19277635317599259,0.20131129149365679,0.1970438223348247,972255.91581107001,0,2169.3874347699998,0
2025-11-24,-37,0.20131129149365679,0.21022410381342863,0.20576769765354269,184689.96342667995,0,296699.73990114027,0
2025-11-24,-36,0.21022410381342863,0.21953152004666243,0.21487781193004551,89481.217723079986,0,341689.43897868,0
2025-11-24,-35,0.21953152004666243,0.2292510108011678,0.22439126542391513,1771201.80723327,0,4156.6721484300006,0
2025-11-24,-34,0.2292510108011678,0.23940082017464343,0.2343259154879056,43650.452715920001,0,262.4760837099999,0
2025-11-24,-33,0.23940082017464343,0.25,0.24470041008732171,1639087.2893940902,0,383903.44629568991,0
2025-11-24,-32,0.25,0.26106844560685344,0.25553422280342675,152720.91170785011,0,1487153.3587624098,0
2025-11-24,-31,0.26106844560685344,0.27262693316631442,0.26684768938658393,706923.67073994025,0,1755712.5984607642,0
2025-11-24,-30,0.27262693316631442,0.28469715868917289,0.27866204592774368,104457.41317299001,0,3176768.9500374999,0
2025-11-24,-29,0.28469715868917289,0.29730177875068026,0.29099946871992655,49021.979438280017,0,33.05316589011656,0
2025-11-24,-28,0.29730177875068026,0.310464453018371,0.30388311588452566,38245.309104860011,0,4.372645000116437,0
2025-11-24,-26,0.32420988866275241,0.33856388673422316,0.33138688769848779,43621.381528360012,0,1.6608590001746284,0
2025-11-24,-22,0.38555270635198519,0.40262258298731357,0.39408764466964941,372298.28402852005,0,2683.2658816601165,0
2025-11-24,-21,0.40262258298731357,0.42044820762685725,0.41153539530708538,150095.75028758004,0,4.4799198499972714,0
2025-11-24,-16,0.5,0.52213689121370688,0.51106844560685349,22471.49867504002,0,741.56712234000349,0
2025-11-25,-43,0.1552322265091855,0.16210494433137621,0.15866858542028084,1280507.2221639301,0,384.84032547000004,0
2025-11-25,-42,0.16210494433137621,0.16928194336711158,0.16569344384924389,42331.694670610144,0,185879.36619837541,0
2025-11-25,-41,0.16928194336711158,0.17677669529663689,0.17302931933187424,38955.074685470012,0,179205.72541404,0
2025-11-25,-40,0.17677669529663689,0.18460326824243742,0.18068998176953716,1318269.8119115301,0,915046.19675328908,0
2025-11-25,-39,0.18460326824243742,0.19277635317599259,0.18868981070921501,166055.14332749066,0,1839742.10026039,0
2025-11-25,-38,0.19277635317599259,0.20131129149365679,0.1970438223348247,972233.86581106996,0,2169.3874347699998,0
2025-11-25,-37,0.20131129149365679,0.21022410381342863,0.20576769765354269,184617.76283642996,0,296675.93130650028,0
2025-11-25,-36,0.21022410381342863,0.21953152004666243,0.21487781193004551,88625.027468149987,0,341689.43897868,0
2025-11-25,-35,0.21953152004666243,0.2292510108011678,0.22439126542391513,1771201.80723327,0,4156.6721484300006,0
2025-11-25,-34,0.2292510108011678,0.23940082017464343,0.2343259154879056,43650.452715920001,0,262.4760837099999,0
2025-11-25,-33,0.23940082017464343,0.25,0.24470041008732171,1636763.1393261901,0,378518.88954476989,0
2025-11-25,-32,0.25,0.26106844560685344,0.25553422280342675,151508.48179277012,0,965229.28504396975,0
2025-11-25,-31,0.26106844560685344,0.27262693316631442,0.26684768938658393,706472.99931831018,0,811415.71622311987,0
2025-11-25,-30,0.27262693316631442,0.28469715868917289,0.27866204592774368,104046.60785097,0,2846395.819511584,0
2025-11-25,-29,0.28469715868917289,0.29730177875068026,0.29099946871992655,48811.24887813002,0,33.05316589011656,0
2025-11-25,-28,0.29730177875068026,0.310464453018371,0.30388311588452566,38245.309104860011,0,4.372645000116437,0
2025-11-25,-26,0.32420988866275241,0.33856388673422316,0.33138688769848779,43621.381528360012,0,1.6608590001746284,0
2025-11-25,-22,0.38555270635198519,0.40262258298731357,0.39408764466964941,372298.28402852005,0,2683.2658816601165,0
2025-11-25,-21,0.40262258298731357,0.42044820762685725,0.41153539530708538,150095.75028758004,0,4.4799198499972714,0
2025-11-25,-16,0.5,0.52213689121370688,0.51106844560685349,22141.27166099002,0,741.56712234000349,0
2025-11-26,-43,0.1552322265091855,0.16210494433137621,0.15866858542028084,1280507.2221639301,0,384.84032547000004,0
2025-11-26,-42,0.16210494433137621,0.16928194336711158,0.16569344384924389,37873.463428950221,0,149043.66647652001,0
2025-11-26,-41,0.16928194336711158,0.17677669529663689,0.17302931933187424,22927.721528910013,0,179205.72541404,0
2025-11-26,-40,0.17677669529663689,0.18460326824243742,0.18068998176953716,1292964.4053042901,0,800509.10345176503,0
2025-11-26,-39,0.18460326824243742,0.19277635317599259,0.18868981070921501,95249.898689539885,0,1808189.51890672,0
2025-11-26,-38,0.19277635317599259,0.20131129149365679,0.1970438223348247,972227.20831106999,0,2169.3874347699998,0
2025-11-26,-37,0.20131129149365679,0.21022410381342863,0.20576769765354269,184617.76282497996,0,296426.56780603027,0
2025-11-26,-36,0.21022410381342863,0.21953152004666243,0.21487781193004551,233906.54583598065,0,738268.07677551929,0
2025-11-26,-35,0.21953152004666243,0.2292510108011678,0.22439126542391513,1771201.80723327,0,4156.6721484300006,0
2025-11-26,-34,0.2292510108011678,0.23940082017464343,0.2343259154879056,43306.043104840006,0,262.4760837099999,0
2025-11-26,-33,0.23940082017464343,0.25,0.24470041008732171,1636648.8693261903,0,378518.88954476989,0
2025-11-26,-32,0.25,0.26106844560685344,0.25553422280342675,151504.55141542011,0,965114.41105233983,0
2025-11-26,-31,0.26106844560685344,0.27262693316631442,0.26684768938658393,705263.56011158018,0,811415.71622311987,0
2025-11-26,-30,0.27262693316631442,0.28469715868917289,0.27866204592774368,104040.09931663,0,2667932.2108257641,0
2025-11-26,-29,0.28469715868917289,0.29730177875068026,0.29099946871992655,48783.736147630021,0,33.05316589011656,0
2025-11-26,-28,0.29730177875068026,0.310464453018371,0.30388311588452566,38222.421835360008,0,4.372645000116437,0
2025-11-26,-26,0.32420988866275241,0.33856388673422316,0.33138688769848779,43621.381528360012,0,1.6608590001746284,0
2025-11-26,-22,0.38555270635198519,0.40262258298731357,0.39408764466964941,372298.28402852005,0,2683.2658816601165,0
2025-11-26,-21,0.40262258298731357,0.42044820762685725,0.41153539530708538,150095.75028758004,0,4.4799198499972714,0
2025-11-26,-16,0.5,0.52213689121370688,0.51106844560685349,22131.66886707002,0,741.56712234000349,0
2025-11-27,-43,0.1552322265091855,0.16210494433137621,0.15866858542028084,1280492.86116393,0,384.84032547000004,0
2025-11-27,-42,0.16210494433137621,0.16928194336711158,0.16569344384924389,32819.920133120329,0,149043.66647652001,0
2025-11-27,-41,0.16928194336711158,0.17677669529663689,0.17302931933187424,21981.577826060005,0,179205.72541404,0
2025-11-27,-40,0.17677669529663689,0.18460326824243742,0.18068998176953716,1131263.92256744,0,661719.44214461965,0
2025-11-27,-39,0.18460326824243742,0.19277635317599259,0.18868981070921501,9067.1550893300009,0,1792328.2509695401,0
2025-11-27,-38,0.19277635317599259,0.20131129149365679,0.1970438223348247,972226.36194173002,0,2169.3874347699998,0
2025-11-27,-37,0.20131129149365679,0.21022410381342863,0.20576769765354269,184616.78182745998,0,295368.0998503603,0
2025-11-27,-36,0.21022410381342863,0.21953152004666243,0.21487781193004551,114889.68736673999,0,619899.92305323004,0
2025-11-27,-35,0.21953152004666243,0.2292510108011678,0.22439126542391513,1771201.80723327,0,4156.6721484300006,0
2025-11-27,-34,0.2292510108011678,0.23940082017464343,0.2343259154879056,188554.30069250043,0,877879.33520810481,0
2025-11-27,-33,0.23940082017464343,0.25,0.24470041008732171,1629600.3540926802,0,378518.88954476989,0
2025-11-27,-32,0.25,0.26106844560685344,0.25553422280342675,150828.1492079001,0,964954.69251880981,0
2025-11-27,-31,0.26106844560685344,0.27262693316631442,0.26684768938658393,704088.43426453019,0,811415.71622311987,0
2025-11-27,-30,0.27262693316631442,0.28469715868917289,0.27866204592774368,103631.23388159001,0,2183696.0261348239,0
2025-11-27,-29,0.28469715868917289,0.29730177875068026,0.29099946871992655,48783.736147630021,0,33.05316589011656,0
2025-11-27,-28,0.29730177875068026,0.310464453018371,0.30388311588452566,38222.421835360008,0,4.372645000116437,0
2025-11-27,-26,0.32420988866275241,0.33856388673422316,0.33138688769848779,43611.803275610015,0,1.6608590001746284,0
2025-11-27,-22,0.38555270635198519,0.40262258298731357,0.39408764466964941,372297.42446569004,0,2683.2658816601165,0
2025-11-27,-21,0.40262258298731357,0.42044820762685725,0.41153539530708538,150082.73967955005,0,4.4799198499972714,0
2025-11-27,-16,0.5,0.52213689121370688,0.51106844560685349,21525.347384660021,0,741.56712234000349,0
2025-11-28,-43,0.1552322265091855,0.16210494433137621,0.15866858542028084,1280492.86116393,0,384.84032547000004,0
2025-11-28,-42,0.16210494433137621,0.16928194336711158,0.16569344384924389,32819.920133120329,0,114195.02557963,0
2025-11-28,-41,0.16928194336711158,0.17677669529663689,0.17302931933187424,19027.379204960005,0,42987.05982355,0
2025-11-28,-40,0.17677669529663689,0.18460326824243742,0.18068998176953716,1128100.4454003901,0,401286.03783328005,0
2025-11-28,-39,0.18460326824243742,0.19277635317599259,0.18868981070921501,9067.1550893300009,0,44224.117369539999,0
2025-11-28,-38,0.19277635317599259,0.20131129149365679,0.1970438223348247,972203.02194173005,0,2169.3874347699998,0
2025-11-28,-37,0.20131129149365679,0.21022410381342863,0.20576769765354269,183109.78025540998,0,294799.09801797027,0
2025-11-28,-36,0.21022410381342863,0.21953152004666243,0.21487781193004551,208791.19434827025,0,2475946.6959083588,0
2025-11-28,-35,0.21953152004666243,0.2292510108011678,0.22439126542391513,1771179.9872332702,0,4156.6721484300006,0
2025-11-28,-34,0.2292510108011678,0.23940082017464343,0.2343259154879056,76967.739848420038,0,384649.40653888538,0
2025-11-28,-33,0.23940082017464343,0.25,0.24470041008732171,1609961.9384222103,0,378518.88954476989,0
2025-11-28,-32,0.25,0.26106844560685344,0.25553422280342675,150385.61455631012,0,964954.69251880981,0
2025-11-28,-31,0.26106844560685344,0.27262693316631442,0.26684768938658393,703571.49275453016,0,811415.71622311987,0
2025-11-28,-30,0.27262693316631442,0.28469715868917289,0.27866204592774368,103582.15356677001,0,1961042.776809124,0
2025-11-28,-29,0.28469715868917289,0.29730177875068026,0.29099946871992655,48783.736147630021,0,33.05316589011656,0
2025-11-28,-28,0.29730177875068026,0.310464453018371,0.30388311588452566,37879.07771314001,0,4.372645000116437,0
2025-11-28,-26,0.32420988866275241,0.33856388673422316,0.33138688769848779,43611.803275610015,0,1.6608590001746284,0
2025-11-28,-22,0.38555270635198519,0.40262258298731357,0.39408764466964941,372295.69750501006,0,2683.2658816601165,0
2025-11-28,-21,0.40262258298731357,0.42044820762685725,0.41153539530708538,150082.72607409005,0,4.4799198499972714,0
2025-11-28,-16,0.5,0.52213689121370688,0.51106844560685349,21502.23738466002,0,741.56712234000349,0
2025-11-29,-43,0.1552322265091855,0.16210494433137621,0.15866858542028084,1280492.86116393,0,384.84032547000004,0
2025-11-29,-42,0.16210494433137621,0.16928194336711158,0.16569344384924389,32819.920133120329,0,114195.02557963,0
2025-11-29,-41,0.16928194336711158,0.17677669529663689,0.17302931933187424,18998.243584880005,0,42987.05982355,0
2025-11-29,-40,0.17677669529663689,0.18460326824243742,0.18068998176953716,1127968.9885442802,0,401286.03783328005,0
2025-11-29,-39,0.18460326824243742,0.19277635317599259,0.18868981070921501,9067.1550867900005,0,44224.117369539999,0
2025-11-29,-38,0.19277635317599259,0.20131129149365679,0.1970438223348247,972148.71193430002,0,2169.3874347699998,0
2025-11-29,-37,0.20131129149365679,0.21022410381342863,0.20576769765354269,183109.78025175998,0,294533.3549422503,0
2025-11-29,-36,0.21022410381342863,0.21953152004666243,0.21487781193004551,174444.8345674203,0,2679119.1920190789,0
2025-11-29,-35,0.21953152004666243,0.2292510108011678,0.22439126542391513,1771179.9872332702,0,4156.6721484300006,0
2025-11-29,-34,0.2292510108011678,0.23940082017464343,0.2343259154879056,70385.220823629992,0,313906.45812277537,0
2025-11-29,-33,0.23940082017464343,0.25,0.24470041008732171,1607167.7993206803,0,378518.88954476989,0
2025-11-29,-32,0.25,0.26106844560685344,0.25553422280342675,147197.68455508011,0,964954.69251880981,0
2025-11-29,-31,0.26106844560685344,0.27262693316631442,0.26684768938658393,703470.23766796023,0,811415.71622311987,0
2025-11-29,-30,0.27262693316631442,0.28469715868917289,0.27866204592774368,103560.79710522002,0,1867266.0931128741,0
2025-11-29,-29,0.28469715868917289,0.29730177875068026,0.29099946871992655,48528.111175240017,0,33.05316589011656,0
2025-11-29,-28,0.29730177875068026,0.310464453018371,0.30388311588452566,37851.657218930006,0,4.372645000116437,0
2025-11-29,-26,0.32420988866275241,0.33856388673422316,0.33138688769848779,43331.803275610015,0,1.6608590001746284,0
2025-11-29,-22,0.38555270635198519,0.40262258298731357,0.39408764466964941,372295.69750501006,0,2683.2658816601165,0
2025-11-29,-21,0.40262258298731357,0.42044820762685725,0.41153539530708538,149754.72607409005,0,4.4799198499972714,0
2025-11-29,-16,0.5,0.52213689121370688,0.51106844560685349,21502.23725366002,0,741.56712234000349,0
2025-11-30,-43,0.1552322265091855,0.16210494433137621,0.15866858542028084,1280390.75485246,0,384.84032547000004,0
2025-11-30,-42,0.16210494433137621,0.16928194336711158,0.16569344384924389,32819.920133120329,0,114195.02557963,0
2025-11-30,-41,0.16928194336711158,0.17677669529663689,0.17302931933187424,18998.243584880005,0,42987.05982355,0
2025-11-30,-40,0.17677669529663689,0.18460326824243742,0.18068998176953716,1127728.9083914701,0,401286.03783328005,0
2025-11-30,-39,0.18460326824243742,0.19277635317599259,0.18868981070921501,98404.704724420371,0,197490.43730828,0
2025-11-30,-38,0.19277635317599259,0.20131129149365679,0.1970438223348247,972071.42193429999,0,2169.3874347699998,0
2025-11-30,-37,0.20131129149365679,0.21022410381342863,0.20576769765354269,183105.39424406999,0,294430.58833674027,0
2025-11-30,-36,0.21022410381342863,0.21953152004666243,0.21487781193004551,126386.95315392988,0,2603639.3500564988,0
2025-11-30,-35,0.21953152004666243,0.2292510108011678,0.22439126542391513,1771179.9872332702,0,4156.6721484300006,0
2025-11-30,-34,0.2292510108011678,0.23940082017464343,0.2343259154879056,59526.730895299996,0,267411.7503632654,0
2025-11-30,-33,0.23940082017464343,0.25,0.24470041008732171,1606325.5040357902,0,377352.01014391973,0
2025-11-30,-32,0.25,0.26106844560685344,0.25553422280342675,147197.68455508011,0,964929.63843751,0
2025-11-30,-31,0.26106844560685344,0.27262693316631442,0.26684768938658393,699110.20129051025,0,811415.71622311987,0
2025-11-30,-30,0.27262693316631442,0.28469715868917289,0.27866204592774368,102914.21090812005,0,1769084.6997499941,0
2025-11-30,-29,0.28469715868917289,0.29730177875068026,0.29099946871992655,48208.296324900024,0,33.05316589011656,0
2025-11-30,-28,0.29730177875068026,0.310464453018371,0.30388311588452566,37839.133946620008,0,4.372645000116437,0
2025-11-30,-26,0.32420988866275241,0.33856388673422316,0.33138688769848779,43325.880649520019,0,1.6608590001746284,0
2025-11-30,-22,0.38555270635198519,0.40262258298731357,0.39408764466964941,372295.69750501006,0,2683.2658816601165,0
2025-11-30,-21,0.40262258298731357,0.42044820762685725,0.41153539530708538,149754.72607409005,0,4.4799198499972714,0
2025-11-30,-16,0.5,0.52213689121370688,0.51106844560685349,19855.476036670021,0,741.56712234000349,0
2025-12-01,-43,0.1552322265091855,0.16210494433137621,0.15866858542028084,1279809.45291079,0,384.84032547000004,0
2025-12-01,-42,0.16210494433137621,0.16928194336711158,0.16569344384924389,128468.02140099075,0,219209.01469703001,0
2025-12-01,-41,0.16928194336711158,0.17677669529663689,0.17302931933187424,18802.124046410005,0,42987.05982355,0
2025-12-01,-40,0.17677669529663689,0.18460326824243742,0.18068998176953716,1126897.14459681,0,401286.03783328005,0
2025-12-01,-39,0.18460326824243742,0.19277635317599259,0.18868981070921501,33092.858549210076,0,195722.81086036944,0
2025-12-01,-38,0.19277635317599259,0.20131129149365679,0.1970438223348247,972071.42193429999,0,2169.3874347699998,0
2025-12-01,-37,0.20131129149365679,0.21022410381342863,0.20576769765354269,183069.87451848999,0,294422.11203709029,0
2025-12-01,-36,0.21022410381342863,0.21953152004666243,0.21487781193004551,111125.39072693975,0,2550894.3388503096,0
2025-12-01,-35,0.21953152004666243,0.2292510108011678,0.22439126542391513,1771179.9872332702,0,4156.6721484300006,0
2025-12-01,-34,0.2292510108011678,0.23940082017464343,0.2343259154879056,58874.244285199995,0,252238.79044754535,0
2025-12-01,-33,0.23940082017464343,0.25,0.24470041008732171,1606184.5189295602,0,377352.01014391973,0
2025-12-01,-32,0.25,0.26106844560685344,0.25553422280342675,147185.74189439011,0,964929.63843751,0
2025-12-01,-31,0.26106844560685344,0.27262693316631442,0.26684768938658393,697356.54462343024,0,811332.90117428987,0
2025-12-01,-30,0.27262693316631442,0.28469715868917289,0.27866204592774368,100662.59741862005,0,1663413.9569367841,0
2025-12-01,-29,0.28469715868917289,0.29730177875068026,0.29099946871992655,48203.852635200019,0,33.05316589011656,0
2025-12-01,-28,0.29730177875068026,0.310464453018371,0.30388311588452566,37839.133946620008,0,4.372645000116437,0
2025-12-01,-26,0.32420988866275241,0.33856388673422316,0.33138688769848779,41512.616335940016,0,1.6608590001746284,0
2025-12-01,-22,0.38555270635198519,0.40262258298731357,0.39408764466964941,372176.80231936002,0,2683.2658816601165,0
2025-12-01,-21,0.40262258298731357,0.42044820762685725,0.41153539530708538,149752.93327803005,0,4.4799198499972714,0
2025-12-01,-16,0.5,0.52213689121370688,0.51106844560685349,19855.476036670021,0,741.56712234000349,0
2025-12-02,-43,0.1552322265091855,0.16210494433137621,0.15866858542028084,1279722.8529107899,0,384.84032547000004,0
2025-12-02,-42,0.16210494433137621,0.16928194336711158,0.16569344384924389,64226.003457480329,0,209389.37624483943,0
2025-12-02,-41,0.16928194336711158,0.17677669529663689,0.17302931933187424,132082.71565361039,0,143428.69909550002,0
2025-12-02,-40,0.17677669529663689,0.18460326824243742,0.18068998176953716,1126666.9528717201,0,401286.03783328005,0
2025-12-02,-39,0.18460326824243742,0.19277635317599259,0.18868981070921501,31480.858549200078,0,195467.90872881,0
2025-12-02,-38,0.19277635317599259,0.20131129149365679,0.1970438223348247,971989.21193430002,0,2169.3874347699998,0
2025-12-02,-37,0.20131129149365679,0.21022410381342863,0.20576769765354269,183069.87451848999,0,294394.70097873028,0
2025-12-02,-36,0.21022410381342863,0.21953152004666243,0.21487781193004551,109105.39083019977,0,2481213.5066294749,0
2025-12-02,-35,0.21953152004666243,0.2292510108011678,0.22439126542391513,1771179.9872332702,0,4156.6721484300006,0
2025-12-02,-34,0.2292510108011678,0.23940082017464343,0.2343259154879056,58087.126872510002,0,247465.18707324,0
2025-12-02,-33,0.23940082017464343,0.25,0.24470041008732171,1606133.4010166703,0,377352.01014391973,0
2025-12-02,-32,0.25,0.26106844560685344,0.25553422280342675,147159.15691154011,0,964929.63843751,0
2025-12-02,-31,0.26106844560685344,0.27262693316631442,0.26684768938658393,694641.77909774019,0,811332.90117428987,0
2025-12-02,-30,0.27262693316631442,0.28469715868917289,0.27866204592774368,100625.78530062005,0,1583925.7765039641,0
2025-12-02,-29,0.28469715868917289,0.29730177875068026,0.29099946871992655,47775.88018229002,0,33.05316589011656,0
2025-12-02,-28,0.29730177875068026,0.310464453018371,0.30388311588452566,37839.133946620008,0,4.372645000116437,0
2025-12-02,-26,0.32420988866275241,0.33856388673422316,0.33138688769848779,41325.705675990015,0,1.6608590001746284,0
2025-12-02,-22,0.38555270635198519,0.40262258298731357,0.39408764466964941,372021.82931434002,0,2683.2658816601165,0
2025-12-02,-21,0.40262258298731357,0.42044820762685725,0.41153539530708538,149664.84319059007,0,4.4799198499972714,0
2025-12-02,-16,0.5,0.52213689121370688,0.51106844560685349,18562.14266765002,0,741.56712234000349,0
2025-12-03,-43,0.1552322265091855,0.16210494433137621,0.15866858542028084,1273618.9653664699,0,384.84032547000004,0
2025-12-03,-42,0.16210494433137621,0.16928194336711158,0.16569344384924389,60196.092991630328,0,208249.68887408945,0
2025-12-03,-41,0.16928194336711158,0.17677669529663689,0.17302931933187424,48087.415928839946,0,139497.69943586001,0
2025-12-03,-40,0.17677669529663689,0.18460326824243742,0.18068998176953716,1263556.5763974804,0,532361.50707856007,0
2025-12-03,-39,0.18460326824243742,0.19277635317599259,0.18868981070921501,30195.56751863008,0,195467.90872881,0
2025-12-03,-38,0.19277635317599259,0.20131129149365679,0.1970438223348247,971082.09947861999,0,2169.3874347699998,0
2025-12-03,-37,0.20131129149365679,0.21022410381342863,0.20576769765354269,183069.87451848999,0,294347.37114394031,0
2025-12-03,-36,0.21022410381342863,0.21953152004666243,0.21487781193004551,106366.25523214006,0,2438531.5900941049,0
2025-12-03,-35,0.21953152004666243,0.2292510108011678,0.22439126542391513,1771179.9872332702,0,4156.6721484300006,0
2025-12-03,-34,0.2292510108011678,0.23940082017464343,0.2343259154879056,56916.549359029996,0,247465.18707324,0
2025-12-03,-33,0.23940082017464343,0.25,0.24470041008732171,1606133.4010166703,0,377352.01014391973,0
2025-12-03,-32,0.25,0.26106844560685344,0.25553422280342675,147159.15691154011,0,964929.63843751,0
2025-12-03,-31,0.26106844560685344,0.27262693316631442,0.26684768938658393,694484.65991543024,0,811332.90117428987,0
2025-12-03,-30,0.27262693316631442,0.28469715868917289,0.27866204592774368,100507.04836165006,0,1489928.5098497239,0
2025-12-03,-29,0.28469715868917289,0.29730177875068026,0.29099946871992655,47773.107596050024,0,33.05316589011656,0
2025-12-03,-28,0.29730177875068026,0.310464453018371,0.30388311588452566,37839.133946620008,0,4.372645000116437,0
2025-12-03,-26,0.32420988866275241,0.33856388673422316,0.33138688769848779,41315.654640830013,0,1.6608590001746284,0
2025-12-03,-22,0.38555270635198519,0.40262258298731357,0.39408764466964941,372021.82931434002,0,2683.2658816601165,0
2025-12-03,-21,0.40262258298731357,0.42044820762685725,0.41153539530708538,149664.84319059007,0,4.4799198499972714,0
2025-12-03,-16,0.5,0.52213689121370688,0.51106844560685349,18562.14266765002,0,741.56712234000349,0
2025-12-04,-43,0.1552322265091855,0.16210494433137621,0.15866858542028084,1273471.68204331,0,384.84032547000004,0
2025-12-04,-42,0.16210494433137621,0.16928194336711158,0.16569344384924389,60166.345829170328,0,207537.73389830001,0
2025-12-04,-41,0.16928194336711158,0.17677669529663689,0.17302931933187424,47395.571225329943,0,137669.70985506001,0
2025-12-04,-40,0.17677669529663689,0.18460326824243742,0.18068998176953716,1227525.7179915705,0,808684.86397317948,0
2025-12-04,-39,0.18460326824243742,0.19277635317599259,0.18868981070921501,28911.588953510087,0,195467.90872881,0
2025-12-04,-38,0.19277635317599259,0.20131129149365679,0.1970438223348247,971082.09947861999,0,2169.3874347699998,0
2025-12-04,-37,0.20131129149365679,0.21022410381342863,0.20576769765354269,183057.06279794997,0,294263.99899282027,0
2025-12-04,-36,0.21022410381342863,0.21953152004666243,0.21487781193004551,105897.23723850006,0,2323737.9968456449,0
2025-12-04,-35,0.21953152004666243,0.2292510108011678,0.22439126542391513,1771179.9872332702,0,4156.6721484300006,0
2025-12-04,-34,0.2292510108011678,0.23940082017464343,0.2343259154879056,56826.6400201,0,247465.18707324,0
2025-12-04,-33,0.23940082017464343,0.25,0.24470041008732171,1605687.7515031903,0,377352.01014391973,0
2025-12-04,-32,0.25,0.26106844560685344,0.25553422280342675,147107.0353485801,0,964929.63843751,0
2025-12-04,-31,0.26106844560685344,0.27262693316631442,0.26684768938658393,693850.65659209026,0,811332.90117428987,0
2025-12-04,-30,0.27262693316631442,0.28469715868917289,0.27866204592774368,100502.80342786005,0,1378617.447577514,0
2025-12-04,-29,0.28469715868917289,0.29730177875068026,0.29099946871992655,47772.107596050024,0,33.05316589011656,0
2025-12-04,-28,0.29730177875068026,0.310464453018371,0.30388311588452566,37839.133946620008,0,4.372645000116437,0
2025-12-04,-26,0.32420988866275241,0.33856388673422316,0.33138688769848779,41262.099163510014,0,1.6608590001746284,0
2025-12-04,-22,0.38555270635198519,0.40262258298731357,0.39408764466964941,371859.42732146004,0,2683.2658816601165,0
2025-12-04,-21,0.40262258298731357,0.42044820762685725,0.41153539530708538,149631.76849734006,0,4.4799198499972714,0
2025-12-04,-16,0.5,0.52213689121370688,0.51106844560685349,18553.174346900021,0,741.56712234000349,0
2025-12-05,-43,0.1552322265091855,0.16210494433137621,0.15866858542028084,1273471.68204331,0,384.84032547000004,0
2025-12-05,-42,0.16210494433137621,0.16928194336711158,0.16569344384924389,60041.933157570325,0,207537.73389830001,0
2025-12-05,-41,0.16928194336711158,0.17677669529663689,0.17302931933187424,45929.627813789943,0,137669.70985506001,0
2025-12-05,-40,0.17677669529663689,0.18460326824243742,0.18068998176953716,1229428.6237457206,0,921226.14204419951,0
2025-12-05,-39,0.18460326824243742,0.19277635317599259,0.18868981070921501,28911.588953510087,0,195467.90872881,0
2025-12-05,-38,0.19277635317599259,0.20131129149365679,0.1970438223348247,971082.09947861999,0,2169.3874347699998,0
2025-12-05,-37,0.20131129149365679,0.21022410381342863,0.20576769765354269,183057.06279794997,0,294243.85881791031,0
2025-12-05,-36,0.21022410381342863,0.21953152004666243,0.21487781193004551,105870.56620956006,0,2275111.419929795,0
2025-12-05,-35,0.21953152004666243,0.2292510108011678,0.22439126542391513,1771179.9872332702,0,4156.6721484300006,0
2025-12-05,-34,0.2292510108011678,0.23940082017464343,0.2343259154879056,56826.6400201,0,247465.18707324,0
2025-12-05,-33,0.23940082017464343,0.25,0.24470041008732171,1605665.2315031902,0,377352.01014391973,0
2025-12-05,-32,0.25,0.26106844560685344,0.25553422280342675,147100.65666432012,0,964827.16811223992,0
2025-12-05,-31,0.26106844560685344,0.27262693316631442,0.26684768938658393,692460.43745151022,0,811298.17773331993,0
2025-12-05,-30,0.27262693316631442,0.28469715868917289,0.27866204592774368,98782.944049720056,0,1302335.5138853041,0
2025-12-05,-29,0.28469715868917289,0.29730177875068026,0.29099946871992655,47772.107596050024,0,33.05316589011656,0
2025-12-05,-28,0.29730177875068026,0.310464453018371,0.30388311588452566,37839.133946620008,0,4.372645000116437,0
2025-12-05,-26,0.32420988866275241,0.33856388673422316,0.33138688769848779,41250.966949890018,0,1.6608590001746284,0
2025-12-05,-22,0.38555270635198519,0.40262258298731357,0.39408764466964941,371859.42732146004,0,2683.2658816601165,0
2025-12-05,-21,0.40262258298731357,0.42044820762685725,0.41153539530708538,149631.76849734006,0,4.4799198499972714,0
2025-12-05,-16,0.5,0.52213689121370688,0.51106844560685349,18374.125873020021,0,741.56712234000349,0
2025-12-06,-43,0.1552322265091855,0.16210494433137621,0.15866858542028084,1273471.68204331,0,384.84032547000004,0
2025-12-06,-42,0.16210494433137621,0.16928194336711158,0.16569344384924389,60041.933157570325,0,207537.73389830001,0
2025-12-06,-41,0.16928194336711158,0.17677669529663689,0.17302931933187424,43851.561755299947,0,137669.70985506001,0
2025-12-06,-40,0.17677669529663689,0.18460326824243742,0.18068998176953716,1261052.0128405904,0,1041985.6652684595,0
2025-12-06,-39,0.18460326824243742,0.19277635317599259,0.18868981070921501,28911.588953510087,0,195467.90872881,0
2025-12-06,-38,0.19277635317599259,0.20131129149365679,0.1970438223348247,971082.09947861999,0,2169.3874347699998,0
2025-12-06,-37,0.20131129149365679,0.21022410381342863,0.20576769765354269,183057.06254894997,0,294184.80630700028,0
2025-12-06,-36,0.21022410381342863,0.21953152004666243,0.21487781193004551,105870.56620956006,0,2224673.982086625,0
2025-12-06,-35,0.21953152004666243,0.2292510108011678,0.22439126542391513,1771179.9872332702,0,4156.6721484300006,0
2025-12-06,-34,0.2292510108011678,0.23940082017464343,0.2343259154879056,56826.6400201,0,247465.18707324,0
2025-12-06,-33,0.23940082017464343,0.25,0.24470041008732171,1605622.4115031902,0,377352.01014391973,0
2025-12-06,-32,0.25,0.26106844560685344,0.25553422280342675,147100.65666432012,0,964827.16811223992,0
2025-12-06,-31,0.26106844560685344,0.27262693316631442,0.26684768938658393,691131.9201060402,0,811298.17773331993,0
2025-12-06,-30,0.27262693316631442,0.28469715868917289,0.27866204592774368,98025.144804930052,0,1202535.2290318341,0
2025-12-06,-29,0.28469715868917289,0.29730177875068026,0.29099946871992655,47742.107596050024,0,33.05316589011656,0
2025-12-06,-28,0.29730177875068026,0.310464453018371,0.30388311588452566,37839.133946620008,0,4.372645000116437,0
2025-12-06,-26,0.32420988866275241,0.33856388673422316,0.33138688769848779,41250.966949890018,0,1.6608590001746284,0
2025-12-06,-22,0.38555270635198519,0.40262258298731357,0.39408764466964941,371859.42732146004,0,2683.2658816601165,0
2025-12-06,-21,0.40262258298731357,0.42044820762685725,0.41153539530708538,149631.76849734006,0,4.4799198499972714,0
2025-12-06,-16,0.5,0.52213689121370688,0.51106844560685349,18374.125873020021,0,741.56712234000349,0
2025-12-07,-43,0.1552322265091855,0.16210494433137621,0.15866858542028084,1273441.1900433099,0,384.84032547000004,0
2025-12-07,-42,0.16210494433137621,0.16928194336711158,0.16569344384924389,60041.933157570325,0,207537.73389830001,0
2025-12-07,-41,0.16928194336711158,0.17677669529663689,0.17302931933187424,135105.79186652048,0,231697.57619102998,0
2025-12-07,-40,0.17677669529663689,0.18460326824243742,0.18068998176953716,1176895.5414441898,0,1041332.9831986196,0
2025-12-07,-39,0.18460326824243742,0.19277635317599259,0.18868981070921501,28295.514970360091,0,195467.90872881,0
2025-12-07,-38,0.19277635317599259,0.20131129149365679,0.1970438223348247,971082.09947861999,0,2169.3874347699998,0
2025-12-07,-37,0.20131129149365679,0.21022410381342863,0.20576769765354269,183052.13497792999,0,294162.01412341028,0
2025-12-07,-36,0.21022410381342863,0.21953152004666243,0.21487781193004551,101338.63752347007,0,2174626.5510121849,0
2025-12-07,-35,0.21953152004666243,0.2292510108011678,0.22439126542391513,1770979.69819071,0,4156.6721484300006,0
2025-12-07,-34,0.2292510108011678,0.23940082017464343,0.2343259154879056,56644.317233689995,0,247465.18707324,0
2025-12-07,-33,0.23940082017464343,0.25,0.24470041008732171,1605544.2961951003,0,377352.01014391973,0
2025-12-07,-32,0.25,0.26106844560685344,0.25553422280342675,147097.13390972011,0,964827.16811223992,0
2025-12-07,-31,0.26106844560685344,0.27262693316631442,0.26684768938658393,690277.90020043019,0,811298.17773331993,0
2025-12-07,-30,0.27262693316631442,0.28469715868917289,0.27866204592774368,98025.144804930052,0,1127603.772150124,0
2025-12-07,-29,0.28469715868917289,0.29730177875068026,0.29099946871992655,47522.107596050024,0,33.05316589011656,0
2025-12-07,-28,0.29730177875068026,0.310464453018371,0.30388311588452566,37839.133946620008,0,4.372645000116437,0
2025-12-07,-26,0.32420988866275241,0.33856388673422316,0.33138688769848779,41250.966949890018,0,1.6608590001746284,0
2025-12-07,-22,0.38555270635198519,0.40262258298731357,0.39408764466964941,371859.42732146004,0,2683.2658816601165,0
2025-12-07,-21,0.40262258298731357,0.42044820762685725,0.41153539530708538,149631.37317426005,0,4.4799198499972714,0
2025-12-07,-16,0.5,0.52213689121370688,0.51106844560685349,18374.125873020021,0,741.56712234000349,0
2025-12-08,-43,0.1552322265091855,0.16210494433137621,0.15866858542028084,1273419.3700433099,0,384.84032547000004,0
2025-12-08,-42,0.16210494433137621,0.16928194336711158,0.16569344384924389,59400.758945630325,0,207537.73389830001,0
2025-12-08,-41,0.16928194336711158,0.17677669529663689,0.17302931933187424,60436.302214729942,0,231596.90778032999,0
2025-12-08,-40,0.17677669529663689,0.18460326824243742,0.18068998176953716,1284399.8163344504,0,1199512.9337458494,0
2025-12-08,-39,0.18460326824243742,0.19277635317599259,0.18868981070921501,28011.514970360091,0,195467.90872881,0
2025-12-08,-38,0.19277635317599259,0.20131129149365679,0.1970438223348247,971082.09947861999,0,2169.3874347699998,0
2025-12-08,-37,0.20131129149365679,0.21022410381342863,0.20576769765354269,183052.13497791998,0,294090.7760509603,0
2025-12-08,-36,0.21022410381342863,0.21953152004666243,0.21487781193004551,100838.63752347007,0,2099139.2413026248,0
2025-12-08,-35,0.21953152004666243,0.2292510108011678,0.22439126542391513,1770979.69819071,0,4156.6721484300006,0
2025-12-08,-34,0.2292510108011678,0.23940082017464343,0.2343259154879056,55260.879053019999,0,247465.18707324,0
2025-12-08,-33,0.23940082017464343,0.25,0.24470041008732171,1605275.8038043901,0,377352.01014391973,0
2025-12-08,-32,0.25,0.26106844560685344,0.25553422280342675,147097.13390972011,0,964827.16811223992,0
2025-12-08,-31,0.26106844560685344,0.27262693316631442,0.26684768938658393,688584.81353931024,0,811298.17773331993,0
2025-12-08,-30,0.27262693316631442,0.28469715868917289,0.27866204592774368,98020.150895260056,0,1057328.259610404,0
2025-12-08,-29,0.28469715868917289,0.29730177875068026,0.29099946871992655,47453.947154950023,0,33.05316589011656,0
2025-12-08,-28,0.29730177875068026,0.310464453018371,0.30388311588452566,37833.326290230012,0,4.372645000116437,0
2025-12-08,-26,0.32420988866275241,0.33856388673422316,0.33138688769848779,41235.078706970016,0,1.6608590001746284,0
2025-12-08,-22,0.38555270635198519,0.40262258298731357,0.39408764466964941,371621.40261619003,0,2683.2658816601165,0
2025-12-08,-21,0.40262258298731357,0.42044820762685725,0.41153539530708538,149431.37317426005,0,4.4799198499972714,0
2025-12-08,-16,0.5,0.52213689121370688,0.51106844560685349,18374.125873020021,0,741.56712234000349,0
2025-12-09,-43,0.1552322265091855,0.16210494433137621,0.15866858542028084,1273316.1701677099,0,384.84032547000004,0
2025-12-09,-42,0.16210494433137621,0.16928194336711158,0.16569344384924389,58900.758945630325,0,207537.73389830001,0
2025-12-09,-41,0.16928194336711158,0.17677669529663689,0.17302931933187424,55936.710873539945,0,230665.83496620943,0
2025-12-09,-40,0.17677669529663689,0.18460326824243742,0.18068998176953716,1399740.6444817504,0,1411559.7310377702,0
2025-12-09,-39,0.18460326824243742,0.19277635317599259,0.18868981070921501,28011.514970360091,0,195467.90872881,0
2025-12-09,-38,0.19277635317599259,0.20131129149365679,0.1970438223348247,971069.71120210004,0,2169.3874347699998,0
2025-12-09,-37,0.20131129149365679,0.21022410381342863,0.20576769765354269,182802.95832557997,0,294034.08711964032,0
2025-12-09,-36,0.21022410381342863,0.21953152004666243,0.21487781193004551,100836.33421238007,0,1909251.6768457249,0
2025-12-09,-35,0.21953152004666243,0.2292510108011678,0.22439126542391513,1770968.0105837102,0,4156.6721484300006,0
2025-12-09,-34,0.2292510108011678,0.23940082017464343,0.2343259154879056,54842.211069799996,0,247465.18707324,0
2025-12-09,-33,0.23940082017464343,0.25,0.24470041008732171,1605194.2558292001,0,377352.01014391973,0
2025-12-09,-32,0.25,0.26106844560685344,0.25553422280342675,147097.13390972011,0,894206.706257354,0
2025-12-09,-31,0.26106844560685344,0.27262693316631442,0.26684768938658393,688136.75128553016,0,811298.17773331993,0
2025-12-09,-30,0.27262693316631442,0.28469715868917289,0.27866204592774368,97672.924912810049,0,979231.84511863987,0
2025-12-09,-29,0.28469715868917289,0.29730177875068026,0.29099946871992655,47403.947154950023,0,33.05316589011656,0
2025-12-09,-28,0.29730177875068026,0.310464453018371,0.30388311588452566,37833.326290230012,0,4.372645000116437,0
2025-12-09,-26,0.32420988866275241,0.33856388673422316,0.33138688769848779,41235.078706970016,0,1.6608590001746284,0
2025-12-09,-22,0.38555270635198519,0.40262258298731357,0.39408764466964941,371621.40261619003,0,2683.2658816601165,0
2025-12-09,-21,0.40262258298731357,0.42044820762685725,0.41153539530708538,149431.37317426005,0,4.4799198499972714,0
2025-12-09,-16,0.5,0.52213689121370688,0.51106844560685349,18374.125873020021,0,741.56712234000349,0
2025-12-10,-43,0.1552322265091855,0.16210494433137621,0.15866858542028084,1273282.0517756599,0,384.84032547000004,0
2025-12-10,-42,0.16210494433137621,0.16928194336711158,0.16569344384924389,58624.317519180331,0,207537.73389830001,0
2025-12-10,-41,0.16928194336711158,0.17677669529663689,0.17302931933187424,51975.023372359945,0,230649.44140717998,0
2025-12-10,-40,0.17677669529663689,0.18460326824243742,0.18068998176953716,1349973.0567814705,0,1407281.9188203996,0
2025-12-10,-39,0.18460326824243742,0.19277635317599259,0.18868981070921501,117010.55691618004,0,367950.63090602995,0
2025-12-10,-38,0.19277635317599259,0.20131129149365679,0.1970438223348247,971069.71120210004,0,2169.3874347699998,0
2025-12-10,-37,0.20131129149365679,0.21022410381342863,0.20576769765354269,147341.87362544,0,293958.3904321203,0
2025-12-10,-36,0.21022410381342863,0.21953152004666243,0.21487781193004551,99677.790729750064,0,1852949.1091579848,0
2025-12-10,-35,0.21953152004666243,0.2292510108011678,0.22439126542391513,1770968.0105837102,0,4156.6721484300006,0
2025-12-10,-34,0.2292510108011678,0.23940082017464343,0.2343259154879056,54842.210998800001,0,247465.18707324,0
2025-12-10,-33,0.23940082017464343,0.25,0.24470041008732171,1600388.8314721901,0,377352.01014391973,0
2025-12-10,-32,0.25,0.26106844560685344,0.25553422280342675,141548.96159244012,0,824287.11696823407,0
2025-12-10,-31,0.26106844560685344,0.27262693316631442,0.26684768938658393,676393.75112557027,0,811298.17773331993,0
2025-12-10,-30,0.27262693316631442,0.28469715868917289,0.27866204592774368,97615.802758670048,0,979231.84511863987,0
2025-12-10,-29,0.28469715868917289,0.29730177875068026,0.29099946871992655,47070.796401500018,0,33.05316589011656,0
2025-12-10,-28,0.29730177875068026,0.310464453018371,0.30388311588452566,37833.326290230012,0,4.372645000116437,0
2025-12-10,-26,0.32420988866275241,0.33856388673422316,0.33138688769848779,39160.159982070014,0,1.6608590001746284,0
2025-12-10,-22,0.38555270635198519,0.40262258298731357,0.39408764466964941,371540.53702443006,0,2683.2658816601165,0
2025-12-10,-21,0.40262258298731357,0.42044820762685725,0.41153539530708538,149431.37317426005,0,4.4799198499972714,0
2025-12-10,-16,0.5,0.52213689121370688,0.51106844560685349,18374.125873020021,0,741.56712234000349,0
2025-12-11,-43,0.1552322265091855,0.16210494433137621,0.15866858542028084,1273282.0517756599,0,384.84032547000004,0
2025-12-11,-42,0.16210494433137621,0.16928194336711158,0.16569344384924389,58157.375659180332,0,207537.73389830001,0
2025-12-11,-41,0.16928194336711158,0.17677669529663689,0.17302931933187424,42392.225331239941,0,230649.44140717998,0
2025-12-11,-40,0.17677669529663689,0.18460326824243742,0.18068998176953716,1409241.2522402706,0,1597896.7890512494,0
2025-12-11,-39,0.18460326824243742,0.19277635317599259,0.18868981070921501,73333.161293089986,0,328566.83959833533,0
2025-12-11,-38,0.19277635317599259,0.20131129149365679,0.1970438223348247,971069.71120210004,0,2169.3874347699998,0
2025-12-11,-37,0.20131129149365679,0.21022410381342863,0.20576769765354269,132666.37518554,0,293951.07137586031,0
2025-12-11,-36,0.21022410381342863,0.21953152004666243,0.21487781193004551,91774.791275780022,0,1798052.2861072295,0
2025-12-11,-35,0.21953152004666243,0.2292510108011678,0.22439126542391513,1770968.0105837102,0,4156.6721484300006,0
2025-12-11,-34,0.2292510108011678,0.23940082017464343,0.2343259154879056,54828.614845999997,0,247465.18707324,0
2025-12-11,-33,0.23940082017464343,0.25,0.24470041008732171,1590495.4423072601,0,377352.01014391973,0
2025-12-11,-32,0.25,0.26106844560685344,0.25553422280342675,117297.7125786401,0,759384.67526980408,0
2025-12-11,-31,0.26106844560685344,0.27262693316631442,0.26684768938658393,646293.02727154014,0,811298.17773331993,0
2025-12-11,-30,0.27262693316631442,0.28469715868917289,0.27866204592774368,97593.92761458004,0,979231.84511863987,0
2025-12-11,-29,0.28469715868917289,0.29730177875068026,0.29099946871992655,46878.902339480024,0,33.05316589011656,0
2025-12-11,-28,0.29730177875068026,0.310464453018371,0.30388311588452566,37833.326290230012,0,4.372645000116437,0
2025-12-11,-26,0.32420988866275241,0.33856388673422316,0.33138688769848779,39160.159982070014,0,1.6608590001746284,0
2025-12-11,-22,0.38555270635198519,0.40262258298731357,0.39408764466964941,371540.53702443006,0,2683.2658816601165,0
2025-12-11,-21,0.40262258298731357,0.42044820762685725,0.41153539530708538,149341.63552116006,0,4.4799198499972714,0
2025-12-11,-16,0.5,0.52213689121370688,0.51106844560685349,18182.185873020022,0,741.56712234000349,0
2025-12-12,-43,0.1552322265091855,0.16210494433137621,0.15866858542028084,1273219.18177566,0,384.84032547000004,0
2025-12-12,-42,0.16210494433137621,0.16928194336711158,0.16569344384924389,58107.375659180332,0,207537.73389830001,0
2025-12-12,-41,0.16928194336711158,0.17677669529663689,0.17302931933187424,42321.070203179945,0,230649.44140717998,0
2025-12-12,-40,0.17677669529663689,0.18460326824243742,0.18068998176953716,1527584.6249830907,0,1627329.5335348295,0
2025-12-12,-39,0.18460326824243742,0.19277635317599259,0.18868981070921501,73138.678195589979,0,307868.33975217532,0
2025-12-12,-38,0.19277635317599259,0.20131129149365679,0.1970438223348247,971069.71120210004,0,2169.3874347699998,0
2025-12-12,-37,0.20131129149365679,0.21022410381342863,0.20576769765354269,128841.42628357001,0,293941.71632758027,0
2025-12-12,-36,0.21022410381342863,0.21953152004666243,0.21487781193004551,91527.840056130022,0,1773671.8861072294,0
2025-12-12,-35,0.21953152004666243,0.2292510108011678,0.22439126542391513,1770968.0105837102,0,4156.6721484300006,0
2025-12-12,-34,0.2292510108011678,0.23940082017464343,0.2343259154879056,54812.894475180001,0,247465.18707324,0
2025-12-12,-33,0.23940082017464343,0.25,0.24470041008732171,1590415.9581140203,0,377352.01014391973,0
2025-12-12,-32,0.25,0.26106844560685344,0.25553422280342675,117297.7125786401,0,683319.31101846998,0
2025-12-12,-31,0.26106844560685344,0.27262693316631442,0.26684768938658393,645936.28900821006,0,811298.17773331993,0
2025-12-12,-30,0.27262693316631442,0.28469715868917289,0.27866204592774368,97435.324669690046,0,969424.57058715401,0
2025-12-12,-29,0.28469715868917289,0.29730177875068026,0.29099946871992655,46878.424830400021,0,33.05316589011656,0
2025-12-12,-28,0.29730177875068026,0.310464453018371,0.30388311588452566,37820.965320420008,0,4.372645000116437,0
2025-12-12,-26,0.32420988866275241,0.33856388673422316,0.33138688769848779,38914.839740890013,0,1.6608590001746284,0
2025-12-12,-22,0.38555270635198519,0.40262258298731357,0.39408764466964941,371540.53702443006,0,2683.2658816601165,0
2025-12-12,-21,0.40262258298731357,0.42044820762685725,0.41153539530708538,149341.63552116006,0,4.4799198499972714,0
2025-12-12,-16,0.5,0.52213689121370688,0.51106844560685349,18182.185873020022,0,741.56712234000349,0
2025-12-13,-43,0.1552322265091855,0.16210494433137621,0.15866858542028084,1273219.18177566,0,384.84032547000004,0
2025-12-13,-42,0.16210494433137621,0.16928194336711158,0.16569344384924389,58057.987742320329,0,192485.05516270999,0
2025-12-13,-41,0.16928194336711158,0.17677669529663689,0.17302931933187424,41996.728685979942,0,195468.54547193,0
2025-12-13,-40,0.17677669529663689,0.18460326824243742,0.18068998176953716,1462967.9480081704,0,1441340.5275458053,0
2025-12-13,-39,0.18460326824243742,0.19277635317599259,0.18868981070921501,186066.2025792404,0,603154.22576545936,0
2025-12-13,-38,0.19277635317599259,0.20131129149365679,0.1970438223348247,971034.52120209998,0,2169.3874347699998,0
2025-12-13,-37,0.20131129149365679,0.21022410381342863,0.20576769765354269,128841.42627874001,0,293915.48189446027,0
2025-12-13,-36,0.21022410381342863,0.21953152004666243,0.21487781193004551,91299.101287820027,0,1733428.3361072296,0
2025-12-13,-35,0.21953152004666243,0.2292510108011678,0.22439126542391513,1770501.2172095801,0,4156.6721484300006,0
2025-12-13,-34,0.2292510108011678,0.23940082017464343,0.2343259154879056,54812.894475180001,0,247465.18707324,0
2025-12-13,-33,0.23940082017464343,0.25,0.24470041008732171,1587064.4737580202,0,377352.01014391973,0
2025-12-13,-32,0.25,0.26106844560685344,0.25553422280342675,116718.5470357601,0,683319.31101846998,0
2025-12-13,-31,0.26106844560685344,0.27262693316631442,0.26684768938658393,645014.68780473014,0,811298.17773331993,0
2025-12-13,-30,0.27262693316631442,0.28469715868917289,0.27866204592774368,97435.324669680049,0,890931.82790768403,0
2025-12-13,-29,0.28469715868917289,0.29730177875068026,0.29099946871992655,46862.282395140021,0,33.05316589011656,0
2025-12-13,-28,0.29730177875068026,0.310464453018371,0.30388311588452566,37558.39207449001,0,4.372645000116437,0
2025-12-13,-26,0.32420988866275241,0.33856388673422316,0.33138688769848779,38914.839740890013,0,1.6608590001746284,0
2025-12-13,-22,0.38555270635198519,0.40262258298731357,0.39408764466964941,371303.46309112001,0,2683.2658816601165,0
2025-12-13,-21,0.40262258298731357,0.42044820762685725,0.41153539530708538,149278.46691534005,0,4.4799198499972714,0
2025-12-13,-16,0.5,0.52213689121370688,0.51106844560685349,15070.13139753002,0,741.56712234000349,0
2025-12-14,-43,0.1552322265091855,0.16210494433137621,0.15866858542028084,675214.70340531005,0,384.84032547000004,0
2025-12-14,-42,0.16210494433137621,0.16928194336711158,0.16569344384924389,51125.001532920323,0,177596.23818163,0
2025-12-14,-41,0.16928194336711158,0.17677669529663689,0.17302931933187424,33297.943576709942,0,182166.63988654999,0
2025-12-14,-40,0.17677669529663689,0.18460326824243742,0.18068998176953716,313161.2771955902,0,1212864.3893506601,0
2025-12-14,-39,0.18460326824243742,0.19277635317599259,0.18868981070921501,5758486.9067194005,0,2812087.3131258939,0
2025-12-14,-38,0.19277635317599259,0.20131129149365679,0.1970438223348247,793330.73688255006,0,2169.3874347699998,0
2025-12-14,-37,0.20131129149365679,0.21022410381342863,0.20576769765354269,110415.91488082001,0,290680.88537665032,0
2025-12-14,-36,0.21022410381342863,0.21953152004666243,0.21487781193004551,86859.512635300038,0,738214.16161419021,0
2025-12-14,-35,0.21953152004666243,0.2292510108011678,0.22439126542391513,84009.952779290077,0,4156.6721484300006,0
2025-12-14,-34,0.2292510108011678,0.23940082017464343,0.2343259154879056,50855.72287789001,0,247465.18707324,0
2025-12-14,-33,0.23940082017464343,0.25,0.24470041008732171,279914.84230267029,0,376518.88954476989,0
2025-12-14,-32,0.25,0.26106844560685344,0.25553422280342675,113368.5800897701,0,683319.31101846998,0
2025-12-14,-31,0.26106844560685344,0.27262693316631442,0.26684768938658393,610073.87926069007,0,811298.17773331993,0
2025-12-14,-30,0.27262693316631442,0.28469715868917289,0.27866204592774368,97337.986134100036,0,228762.93273413402,0
2025-12-14,-29,0.28469715868917289,0.29730177875068026,0.29099946871992655,43511.733375340016,0,33.05316589011656,0
2025-12-14,-28,0.29730177875068026,0.310464453018371,0.30388311588452566,37558.153778190012,0,4.372645000116437,0
2025-12-14,-26,0.32420988866275241,0.33856388673422316,0.33138688769848779,38914.839740880016,0,1.6608590001746284,0
2025-12-14,-22,0.38555270635198519,0.40262258298731357,0.39408764466964941,42081.435733650273,0,2683.2658816601165,0
2025-12-14,-21,0.40262258298731357,0.42044820762685725,0.41153539530708538,149278.46691534005,0,4.4799198499972714,0
2025-12-14,-16,0.5,0.52213689121370688,0.51106844560685349,14966.03334023004,0,741.56712234000349,0
2025-12-15,-43,0.1552322265091855,0.16210494433137621,0.15866858542028084,417254.27549617004,0,384.84032547000004,0
2025-12-15,-42,0.16210494433137621,0.16928194336711158,0.16569344384924389,51125.001532920323,0,177596.23818163,0
2025-12-15,-41,0.16928194336711158,0.17677669529663689,0.17302931933187424,33297.943576709942,0,182166.63988654999,0
2025-12-15,-40,0.17677669529663689,0.18460326824243742,0.18068998176953716,285380.85863760021,0,1212864.3893506601,0
2025-12-15,-39,0.18460326824243742,0.19277635317599259,0.18868981070921501,4650226.54278713,0,2283731.7886407692,0
2025-12-15,-38,0.19277635317599259,0.20131129149365679,0.1970438223348247,2496233.839956631,0,831890.68980931456,0
2025-12-15,-37,0.20131129149365679,0.21022410381342863,0.20576769765354269,110415.91488082001,0,288671.81379994028,0
2025-12-15,-36,0.21022410381342863,0.21953152004666243,0.21487781193004551,81698.905896350028,0,738214.16161419021,0
2025-12-15,-35,0.21953152004666243,0.2292510108011678,0.22439126542391513,83988.965854740076,0,4156.6721484300006,0
2025-12-15,-34,0.2292510108011678,0.23940082017464343,0.2343259154879056,50855.722877770007,0,247465.18707324,0
2025-12-15,-33,0.23940082017464343,0.25,0.24470041008732171,277925.96612482029,0,376518.88954476989,0
2025-12-15,-32,0.25,0.26106844560685344,0.25553422280342675,109251.9733061101,0,683319.31101846998,0
2025-12-15,-31,0.26106844560685344,0.27262693316631442,0.26684768938658393,609679.2704435701,0,811298.17773331993,0
2025-12-15,-30,0.27262693316631442,0.28469715868917289,0.27866204592774368,95279.365146950033,0,36657.751840384044,0
2025-12-15,-29,0.28469715868917289,0.29730177875068026,0.29099946871992655,42625.802675780018,0,33.05316589011656,0
2025-12-15,-28,0.29730177875068026,0.310464453018371,0.30388311588452566,37558.153778190012,0,4.372645000116437,0
2025-12-15,-26,0.32420988866275241,0.33856388673422316,0.33138688769848779,38914.839740880016,0,1.6608590001746284,0
2025-12-15,-22,0.38555270635198519,0.40262258298731357,0.39408764466964941,42081.435733650273,0,2683.2658816601165,0
2025-12-15,-21,0.40262258298731357,0.42044820762685725,0.41153539530708538,149164.04298974006,0,4.4799198499972714,0
2025-12-15,-16,0.5,0.52213689121370688,0.51106844560685349,14966.03334023004,0,741.56712234000349,0
2025-12-16,-43,0.1552322265091855,0.16210494433137621,0.15866858542028084,410293.63174217002,0,384.84032547000004,0
2025-12-16,-42,0.16210494433137621,0.16928194336711158,0.16569344384924389,50451.908251370325,0,177596.23818163,0
2025-12-16,-41,0.16928194336711158,0.17677669529663689,0.17302931933187424,32161.622601639938,0,182166.63988654999,0
2025-12-16,-40,0.17677669529663689,0.18460326824243742,0.18068998176953716,184194.25824719021,0,1212864.3893506601,0
2025-12-16,-39,0.18460326824243742,0.19277635317599259,0.18868981070921501,4631434.7421812005,0,2110121.2663681996,0
2025-12-16,-38,0.19277635317599259,0.20131129149365679,0.1970438223348247,2352429.51795477,0,567902.80656207923,0
2025-12-16,-37,0.20131129149365679,0.21022410381342863,0.20576769765354269,107346.22108875001,0,288078.05914111028,0
2025-12-16,-36,0.21022410381342863,0.21953152004666243,0.21487781193004551,410625.20409082068,0,1372882.9251107753,0
2025-12-16,-35,0.21953152004666243,0.2292510108011678,0.22439126542391513,83728.983723740079,0,4156.6721484300006,0
2025-12-16,-34,0.2292510108011678,0.23940082017464343,0.2343259154879056,50802.850835120007,0,247465.18707324,0
2025-12-16,-33,0.23940082017464343,0.25,0.24470041008732171,272408.81829185027,0,376518.88954476989,0
2025-12-16,-32,0.25,0.26106844560685344,0.25553422280342675,108437.40604078009,0,683319.31101846998,0
2025-12-16,-31,0.26106844560685344,0.27262693316631442,0.26684768938658393,596455.09252325003,0,496037.85999030404,0
2025-12-16,-30,0.27262693316631442,0.28469715868917289,0.27866204592774368,94891.904805560029,0,1392.2791184599114,0
2025-12-16,-29,0.28469715868917289,0.29730177875068026,0.29099946871992655,42426.710051780014,0,33.05316589011656,0
2025-12-16,-28,0.29730177875068026,0.310464453018371,0.30388311588452566,37069.166906530008,0,4.372645000116437,0
2025-12-16,-26,0.32420988866275241,0.33856388673422316,0.33138688769848779,38633.048903880015,0,1.6608590001746284,0
2025-12-16,-22,0.38555270635198519,0.40262258298731357,0.39408764466964941,38045.916297200274,0,2683.2658816601165,0
2025-12-16,-21,0.40262258298731357,0.42044820762685725,0.41153539530708538,149115.24011662006,0,4.4799198499972714,0
2025-12-16,-16,0.5,0.52213689121370688,0.51106844560685349,13976.961121320041,0,741.56712234000349,0
2025-12-17,-43,0.1552322265091855,0.16210494433137621,0.15866858542028084,410278.82115426002,0,384.84032547000004,0
2025-12-17,-42,0.16210494433137621,0.16928194336711158,0.16569344384924389,50437.476567530328,0,177586.82524060001,0
2025-12-17,-41,0.16928194336711158,0.17677669529663689,0.17302931933187424,32161.622601639938,0,182166.63988654999,0
2025-12-17,-40,0.17677669529663689,0.18460326824243742,0.18068998176953716,183990.64349593021,0,1212864.3893506601,0
2025-12-17,-39,0.18460326824243742,0.19277635317599259,0.18868981070921501,4624051.7410073299,0,2011069.4024599693,0
2025-12-17,-38,0.19277635317599259,0.20131129149365679,0.1970438223348247,2352295.89815115,0,564841.57335003931,0
2025-12-17,-37,0.20131129149365679,0.21022410381342863,0.20576769765354269,96548.120179750011,0,287924.82062885031,0
2025-12-17,-36,0.21022410381342863,0.21953152004666243,0.21487781193004551,578794.00928979088,0,1494301.5889532852,0
2025-12-17,-35,0.21953152004666243,0.2292510108011678,0.22439126542391513,83690.743723740074,0,4156.6721484300006,0
2025-12-17,-34,0.2292510108011678,0.23940082017464343,0.2343259154879056,50783.610868790005,0,247465.18707324,0
2025-12-17,-33,0.23940082017464343,0.25,0.24470041008732171,272311.43377032026,0,373122.7635447699,0
2025-12-17,-32,0.25,0.26106844560685344,0.25553422280342675,108324.17830261009,0,683319.31101846998,0
2025-12-17,-31,0.26106844560685344,0.27262693316631442,0.26684768938658393,552579.70539217012,0,249438.78680831403,0
2025-12-17,-30,0.27262693316631442,0.28469715868917289,0.27866204592774368,94886.144771890031,0,1392.2791184599114,0
2025-12-17,-29,0.28469715868917289,0.29730177875068026,0.29099946871992655,34376.854797650019,0,33.05316589011656,0
2025-12-17,-28,0.29730177875068026,0.310464453018371,0.30388311588452566,37069.166906530008,0,4.372645000116437,0
2025-12-17,-26,0.32420988866275241,0.33856388673422316,0.33138688769848779,38618.048903880015,0,1.6608590001746284,0
2025-12-17,-22,0.38555270635198519,0.40262258298731357,0.39408764466964941,34923.903607250271,0,2683.2658816601165,0
2025-12-17,-21,0.40262258298731357,0.42044820762685725,0.41153539530708538,149080.25923817005,0,4.4799198499972714,0
2025-12-17,-16,0.5,0.52213689121370688,0.51106844560685349,13728.088115500041,0,741.56712234000349,0
2025-12-18,-43,0.1552322265091855,0.16210494433137621,0.15866858542028084,410000.96143948002,0,384.84032547000004,0
2025-12-18,-42,0.16210494433137621,0.16928194336711158,0.16569344384924389,40287.968285130322,0,177586.82524060001,0
2025-12-18,-41,0.16928194336711158,0.17677669529663689,0.17302931933187424,29539.319779479942,0,182166.63988654999,0
2025-12-18,-40,0.17677669529663689,0.18460326824243742,0.18068998176953716,181259.57261267022,0,1212864.3893506601,0
2025-12-18,-39,0.18460326824243742,0.19277635317599259,0.18868981070921501,4618951.71706698,0,1756423.5396461093,0
2025-12-18,-38,0.19277635317599259,0.20131129149365679,0.1970438223348247,2347246.6135214702,0,564717.27831584984,0
2025-12-18,-37,0.20131129149365679,0.21022410381342863,0.20576769765354269,96368.322032840006,0,287306.9959598803,0
2025-12-18,-36,0.21022410381342863,0.21953152004666243,0.21487781193004551,391447.16111347004,0,1191730.1265054897,0
2025-12-18,-35,0.21953152004666243,0.2292510108011678,0.22439126542391513,283924.80519545096,0,669309.64580318506,0
2025-12-18,-34,0.2292510108011678,0.23940082017464343,0.2343259154879056,50783.610868790005,0,247465.18707324,0
2025-12-18,-33,0.23940082017464343,0.25,0.24470041008732171,271056.89532978029,0,373122.7635447699,0
2025-12-18,-32,0.25,0.26106844560685344,0.25553422280342675,108324.17830261009,0,472489.8044763041,0
2025-12-18,-31,0.26106844560685344,0.27262693316631442,0.26684768938658393,552232.18996971007,0,8213.790671109884,0
2025-12-18,-30,0.27262693316631442,0.28469715868917289,0.27866204592774368,94386.144765860023,0,1392.2791184599114,0
2025-12-18,-29,0.28469715868917289,0.29730177875068026,0.29099946871992655,34339.567460450016,0,33.05316589011656,0
2025-12-18,-28,0.29730177875068026,0.310464453018371,0.30388311588452566,37069.166906530008,0,4.372645000116437,0
2025-12-18,-26,0.32420988866275241,0.33856388673422316,0.33138688769848779,38618.048903880015,0,1.6608590001746284,0
2025-12-18,-22,0.38555270635198519,0.40262258298731357,0.39408764466964941,34911.709700730273,0,2683.2658816601165,0
2025-12-18,-21,0.40262258298731357,0.42044820762685725,0.41153539530708538,148950.25751334004,0,4.4799198499972714,0
2025-12-18,-16,0.5,0.52213689121370688,0.51106844560685349,13728.088115500041,0,741.56712234000349,0
2025-12-19,-43,0.1552322265091855,0.16210494433137621,0.15866858542028084,409977.50143947999,0,384.84032547000004,0
2025-12-19,-42,0.16210494433137621,0.16928194336711158,0.16569344384924389,40287.968279160326,0,177586.82524060001,0
2025-12-19,-41,0.16928194336711158,0.17677669529663689,0.17302931933187424,29539.319779479942,0,182166.63988654999,0
2025-12-19,-40,0.17677669529663689,0.18460326824243742,0.18068998176953716,181104.5711168102,0,1212864.3893506601,0
2025-12-19,-39,0.18460326824243742,0.19277635317599259,0.18868981070921501,4613554.1955878204,0,1649259.1496461295,0
2025-12-19,-38,0.19277635317599259,0.20131129149365679,0.1970438223348247,2347246.6135214698,0,564717.27831584984,0
2025-12-19,-37,0.20131129149365679,0.21022410381342863,0.20576769765354269,96368.322032840006,0,287103.82077567029,0
2025-12-19,-36,0.21022410381342863,0.21953152004666243,0.21487781193004551,375348.88841189013,0,1189475.1346721603,0
2025-12-19,-35,0.21953152004666243,0.2292510108011678,0.22439126542391513,260871.54383905098,0,785786.66391554452,0
2025-12-19,-34,0.2292510108011678,0.23940082017464343,0.2343259154879056,49608.775844030009,0,247465.18707324,0
2025-12-19,-33,0.23940082017464343,0.25,0.24470041008732171,270873.09532978031,0,373122.7635447699,0
2025-12-19,-32,0.25,0.26106844560685344,0.25553422280342675,108324.17830261009,0,389936.92776550405,0
2025-12-19,-31,0.26106844560685344,0.27262693316631442,0.26684768938658393,551421.03307433007,0,8213.790671109884,0
2025-12-19,-30,0.27262693316631442,0.28469715868917289,0.27866204592774368,93721.644765860023,0,1392.2791184599114,0
2025-12-19,-29,0.28469715868917289,0.29730177875068026,0.29099946871992655,34301.831929060019,0,33.05316589011656,0
2025-12-19,-28,0.29730177875068026,0.310464453018371,0.30388311588452566,36736.07086954001,0,4.372645000116437,0
2025-12-19,-26,0.32420988866275241,0.33856388673422316,0.33138688769848779,38618.048903880015,0,1.6608590001746284,0
2025-12-19,-22,0.38555270635198519,0.40262258298731357,0.39408764466964941,34003.699700730271,0,2683.2658816601165,0
2025-12-19,-21,0.40262258298731357,0.42044820762685725,0.41153539530708538,148950.25751334004,0,4.4799198499972714,0
2025-12-19,-16,0.5,0.52213689121370688,0.51106844560685349,13728.088115500041,0,741.56712234000349,0
2025-12-20,-43,0.1552322265091855,0.16210494433137621,0.15866858542028084,409977.50143947999,0,384.84032547000004,0
2025-12-20,-42,0.16210494433137621,0.16928194336711158,0.16569344384924389,40287.968279160326,0,177586.82524060001,0
2025-12-20,-41,0.16928194336711158,0.17677669529663689,0.17302931933187424,29539.319779479942,0,182166.63988654999,0
2025-12-20,-40,0.17677669529663689,0.18460326824243742,0.18068998176953716,181098.90323955021,0,1212864.3893506601,0
2025-12-20,-39,0.18460326824243742,0.19277635317599259,0.18868981070921501,4602238.0118162697,0,1585101.2396461593,0
2025-12-20,-38,0.19277635317599259,0.20131129149365679,0.1970438223348247,2347246.6135214698,0,564717.27831584984,0
2025-12-20,-37,0.20131129149365679,0.21022410381342863,0.20576769765354269,96368.322032840006,0,286907.7661909603,0
2025-12-20,-36,0.21022410381342863,0.21953152004666243,0.21487781193004551,374037.69523914019,0,1189475.1346721603,0
2025-12-20,-35,0.21953152004666243,0.2292510108011678,0.22439126542391513,248362.82560498104,0,857549.03653117456,0
2025-12-20,-34,0.2292510108011678,0.23940082017464343,0.2343259154879056,49608.775844030009,0,247465.18707324,0
2025-12-20,-33,0.23940082017464343,0.25,0.24470041008732171,270835.32532978029,0,373122.7635447699,0
2025-12-20,-32,0.25,0.26106844560685344,0.25553422280342675,108231.7047984901,0,305985.08436020405,0
2025-12-20,-31,0.26106844560685344,0.27262693316631442,0.26684768938658393,551257.00738974009,0,8213.790671109884,0
2025-12-20,-30,0.27262693316631442,0.28469715868917289,0.27866204592774368,93704.512789740023,0,1392.2791184599114,0
2025-12-20,-29,0.28469715868917289,0.29730177875068026,0.29099946871992655,34301.831929060019,0,33.05316589011656,0
2025-12-20,-28,0.29730177875068026,0.310464453018371,0.30388311588452566,36736.07086954001,0,4.372645000116437,0
2025-12-20,-26,0.32420988866275241,0.33856388673422316,0.33138688769848779,38618.048903880015,0,1.6608590001746284,0
2025-12-20,-22,0.38555270635198519,0.40262258298731357,0.39408764466964941,34003.699700730271,0,2683.2658816601165,0
2025-12-20,-21,0.40262258298731357,0.42044820762685725,0.41153539530708538,148950.25751334004,0,4.4799198499972714,0
2025-12-20,-16,0.5,0.52213689121370688,0.51106844560685349,13728.088115500041,0,741.56712234000349,0
2025-12-21,-43,0.1552322265091855,0.16210494433137621,0.15866858542028084,409977.50143947999,0,384.84032547000004,0
2025-12-21,-42,0.16210494433137621,0.16928194336711158,0.16569344384924389,40287.968279160326,0,177586.82524060001,0
2025-12-21,-41,0.16928194336711158,0.17677669529663689,0.17302931933187424,27850.050688739942,0,182166.63988654999,0
2025-12-21,-40,0.17677669529663689,0.18460326824243742,0.18068998176953716,172757.39576409018,0,1212864.3893506601,0
2025-12-21,-39,0.18460326824243742,0.19277635317599259,0.18868981070921501,4594173.6200366402,0,1460224.3579386794,0
2025-12-21,-38,0.19277635317599259,0.20131129149365679,0.1970438223348247,2346656.4624207402,0,564712.48711673985,0
2025-12-21,-37,0.20131129149365679,0.21022410381342863,0.20576769765354269,82022.796848930026,0,286644.90987913031,0
2025-12-21,-36,0.21022410381342863,0.21953152004666243,0.21487781193004551,366430.21467444015,0,1188444.8046921601,0
2025-12-21,-35,0.21953152004666243,0.2292510108011678,0.22439126542391513,226315.06984466108,0,1146411.8595549345,0
2025-12-21,-34,0.2292510108011678,0.23940082017464343,0.2343259154879056,49603.215911870007,0,247465.18707324,0
2025-12-21,-33,0.23940082017464343,0.25,0.24470041008732171,230158.96863577026,0,373122.7635447699,0
2025-12-21,-32,0.25,0.26106844560685344,0.25553422280342675,108191.8557823601,0,103814.64938677408,0
2025-12-21,-31,0.26106844560685344,0.27262693316631442,0.26684768938658393,550924.20914974005,0,8213.790671109884,0
2025-12-21,-30,0.27262693316631442,0.28469715868917289,0.27866204592774368,93704.512789740023,0,1392.2791184599114,0
2025-12-21,-29,0.28469715868917289,0.29730177875068026,0.29099946871992655,34301.831929060012,0,33.05316589011656,0
2025-12-21,-28,0.29730177875068026,0.310464453018371,0.30388311588452566,36736.07086954001,0,4.372645000116437,0
2025-12-21,-26,0.32420988866275241,0.33856388673422316,0.33138688769848779,38618.048903880015,0,1.6608590001746284,0
2025-12-21,-22,0.38555270635198519,0.40262258298731357,0.39408764466964941,33665.809098860278,0,2683.2658816601165,0
2025-12-21,-21,0.40262258298731357,0.42044820762685725,0.41153539530708538,148768.27854841005,0,4.4799198499972714,0
2025-12-21,-16,0.5,0.52213689121370688,0.51106844560685349,13728.088115500041,0,741.56712234000349,0
2025-12-22,-43,0.1552322265091855,0.16210494433137621,0.15866858542028084,409977.50143947999,0,384.84032547000004,0
2025-12-22,-42,0.16210494433137621,0.16928194336711158,0.16569344384924389,37384.847426190325,0,177586.82524060001,0
2025-12-22,-41,0.16928194336711158,0.17677669529663689,0.17302931933187424,26286.184163519942,0,182166.63988654999,0
2025-12-22,-40,0.17677669529663689,0.18460326824243742,0.18068998176953716,163001.85413073018,0,1212864.3893506601,0
2025-12-22,-39,0.18460326824243742,0.19277635317599259,0.18868981070921501,4594047.7384521803,0,1372734.1279388894,0
2025-12-22,-38,0.19277635317599259,0.20131129149365679,0.1970438223348247,2346656.4624207201,0,564710.55581064976,0
2025-12-22,-37,0.20131129149365679,0.21022410381342863,0.20576769765354269,68204.868478110016,0,286356.47973532032,0
2025-12-22,-36,0.21022410381342863,0.21953152004666243,0.21487781193004551,356951.21985292016,0,1188444.8046921601,0
2025-12-22,-35,0.21953152004666243,0.2292510108011678,0.22439126542391513,122029.88878461011,0,925734.79437512939,0
2025-12-22,-34,0.2292510108011678,0.23940082017464343,0.2343259154879056,207168.51336185093,0,605654.22921783512,0
2025-12-22,-33,0.23940082017464343,0.25,0.24470041008732171,217522.70062001026,0,320318.678949514,0
2025-12-22,-32,0.25,0.26106844560685344,0.25553422280342675,104705.8244961601,0,68.252313059954091,0
2025-12-22,-31,0.26106844560685344,0.27262693316631442,0.26684768938658393,545735.82185956009,0,8213.790671109884,0
2025-12-22,-30,0.27262693316631442,0.28469715868917289,0.27866204592774368,90203.125148150037,0,1392.2791184599114,0
2025-12-22,-29,0.28469715868917289,0.29730177875068026,0.29099946871992655,34280.911569160016,0,33.05316589011656,0
2025-12-22,-28,0.29730177875068026,0.310464453018371,0.30388311588452566,36668.478655840008,0,4.372645000116437,0
2025-12-22,-26,0.32420988866275241,0.33856388673422316,0.33138688769848779,31214.361050180014,0,1.6608590001746284,0
2025-12-22,-22,0.38555270635198519,0.40262258298731357,0.39408764466964941,30574.819098860276,0,2683.2658816601165,0
2025-12-22,-21,0.40262258298731357,0.42044820762685725,0.41153539530708538,148760.01306441004,0,4.4799198499972714,0
2025-12-22,-16,0.5,0.52213689121370688,0.51106844560685349,13728.088115500041,0,741.56712234000349,0
2025-12-23,-43,0.1552322265091855,0.16210494433137621,0.15866858542028084,409918.17143948004,0,384.84032547000004,0
2025-12-23,-42,0.16210494433137621,0.16928194336711158,0.16569344384924389,37384.847426190325,0,177586.82524060001,0
2025-12-23,-41,0.16928194336711158,0.17677669529663689,0.17302931933187424,26286.184163519942,0,182166.63988654999,0
2025-12-23,-40,0.17677669529663689,0.18460326824243742,0.18068998176953716,156463.48903895018,0,1212864.3893506601,0
2025-12-23,-39,0.18460326824243742,0.19277635317599259,0.18868981070921501,4591145.85914349,0,1327924.5279389194,0
2025-12-23,-38,0.19277635317599259,0.20131129149365679,0.1970438223348247,2344211.9860331798,0,563883.87313477986,0
2025-12-23,-37,0.20131129149365679,0.21022410381342863,0.20576769765354269,68141.567238090021,0,286139.32546626031,0
2025-12-23,-36,0.21022410381342863,0.21953152004666243,0.21487781193004551,353905.81364393007,0,1188444.8046921601,0
2025-12-23,-35,0.21953152004666243,0.2292510108011678,0.22439126542391513,104502.47091593014,0,925692.60022911942,0
2025-12-23,-34,0.2292510108011678,0.23940082017464343,0.2343259154879056,216609.740465601,0,728696.4369225651,0
2025-12-23,-33,0.23940082017464343,0.25,0.24470041008732171,217475.56869527028,0,245948.82478323401,0
2025-12-23,-32,0.25,0.26106844560685344,0.25553422280342675,104103.6921878501,0,68.252313059954091,0
2025-12-23,-31,0.26106844560685344,0.27262693316631442,0.26684768938658393,545654.00689248007,0,8213.790671109884,0
2025-12-23,-30,0.27262693316631442,0.28469715868917289,0.27866204592774368,90203.125148150037,0,1392.2791184599114,0
2025-12-23,-29,0.28469715868917289,0.29730177875068026,0.29099946871992655,34280.911569160016,0,33.05316589011656,0
2025-12-23,-28,0.29730177875068026,0.310464453018371,0.30388311588452566,36668.478655840008,0,4.372645000116437,0
2025-12-23,-26,0.32420988866275241,0.33856388673422316,0.33138688769848779,31214.361050180014,0,1.6608590001746284,0
2025-12-23,-22,0.38555270635198519,0.40262258298731357,0.39408764466964941,30574.819098860276,0,2683.2658816601165,0
2025-12-23,-21,0.40262258298731357,0.42044820762685725,0.41153539530708538,148742.88509964006,0,4.4799198499972714,0
2025-12-23,-16,0.5,0.52213689121370688,0.51106844560685349,13728.088115500041,0,741.56712234000349,0
2025-12-24,-43,0.1552322265091855,0.16210494433137621,0.15866858542028084,409918.17143948004,0,384.84032547000004,0
2025-12-24,-42,0.16210494433137621,0.16928194336711158,0.16569344384924389,35525.752373780328,0,177586.52381660001,0
2025-12-24,-41,0.16928194336711158,0.17677669529663689,0.17302931933187424,24261.94478918994,0,182166.63988654999,0
2025-12-24,-40,0.17677669529663689,0.18460326824243742,0.18068998176953716,371678.58330764103,0,1740673.5818353151,0
2025-12-24,-39,0.18460326824243742,0.19277635317599259,0.18868981070921501,4581230.2437612899,0,1222247.2674079994,0
2025-12-24,-38,0.19277635317599259,0.20131129149365679,0.1970438223348247,2342211.9860331798,0,563883.87313477986,0
2025-12-24,-37,0.20131129149365679,0.21022410381342863,0.20576769765354269,68141.567238090021,0,112465.4120657203,0
2025-12-24,-36,0.21022410381342863,0.21953152004666243,0.21487781193004551,349106.21913491003,0,1122595.8705896144,0
2025-12-24,-35,0.21953152004666243,0.2292510108011678,0.22439126542391513,91760.717955260159,0,925576.93979263946,0
2025-12-24,-34,0.2292510108011678,0.23940082017464343,0.2343259154879056,115328.84145262002,0,554837.80594662996,0
2025-12-24,-33,0.23940082017464343,0.25,0.24470041008732171,217473.70611583028,0,43270.638798699874,0
2025-12-24,-32,0.25,0.26106844560685344,0.25553422280342675,102599.9970189601,0,68.252313059954091,0
2025-12-24,-31,0.26106844560685344,0.27262693316631442,0.26684768938658393,543386.52628321014,0,8213.790671109884,0
2025-12-24,-30,0.27262693316631442,0.28469715868917289,0.27866204592774368,89251.053859660024,0,1392.2791184599114,0
2025-12-24,-29,0.28469715868917289,0.29730177875068026,0.29099946871992655,34280.911569160016,0,33.05316589011656,0
2025-12-24,-28,0.29730177875068026,0.310464453018371,0.30388311588452566,36575.626081370014,0,4.372645000116437,0
2025-12-24,-26,0.32420988866275241,0.33856388673422316,0.33138688769848779,31214.361050180014,0,1.6608590001746284,0
2025-12-24,-22,0.38555270635198519,0.40262258298731357,0.39408764466964941,27855.412107860273,0,2683.2658816601165,0
2025-12-24,-21,0.40262258298731357,0.42044820762685725,0.41153539530708538,148742.88509964006,0,4.4799198499972714,0
2025-12-24,-16,0.5,0.52213689121370688,0.51106844560685349,13728.088115500041,0,741.56712234000349,0
2025-12-25,-43,0.1552322265091855,0.16210494433137621,0.15866858542028084,409817.97724832001,0,384.84032547000004,0
2025-12-25,-42,0.16210494433137621,0.16928194336711158,0.16569344384924389,29683.618448200326,0,138.33578477,0
2025-12-25,-41,0.16928194336711158,0.17677669529663689,0.17302931933187424,24261.94478918994,0,86.715853510000002,0
2025-12-25,-40,0.17677669529663689,0.18460326824243742,0.18068998176953716,1663376.0503656911,0,7905428.6688595545,0
2025-12-25,-39,0.18460326824243742,0.19277635317599259,0.18868981070921501,4579045.6695211902,0,42036.563048979355,0
2025-12-25,-38,0.19277635317599259,0.20131129149365679,0.1970438223348247,2341986.5846648202,0,459703.84591303999,0
2025-12-25,-37,0.20131129149365679,0.21022410381342863,0.20576769765354269,66935.008587360018,0,7.920196859997513,0
2025-12-25,-36,0.21022410381342863,0.21953152004666243,0.21487781193004551,348898.14958445006,0,96531.779009950173,0
2025-12-25,-35,0.21953152004666243,0.2292510108011678,0.22439126542391513,85246.92163256013,0,212537.12391423943,0
2025-12-25,-34,0.2292510108011678,0.23940082017464343,0.2343259154879056,103727.97705684998,0,40051.591500014147,0
2025-12-25,-33,0.23940082017464343,0.25,0.24470041008732171,217185.59999132028,0,40747.095701969876,0
2025-12-25,-32,0.25,0.26106844560685344,0.25553422280342675,102567.73701896011,0,68.252313059954091,0
2025-12-25,-31,0.26106844560685344,0.27262693316631442,0.26684768938658393,541569.20014152012,0,8033.790671109884,0
2025-12-25,-30,0.27262693316631442,0.28469715868917289,0.27866204592774368,89151.801575760037,0,1392.2791184599114,0
2025-12-25,-29,0.28469715868917289,0.29730177875068026,0.29099946871992655,34280.911569160016,0,33.05316589011656,0
2025-12-25,-28,0.29730177875068026,0.310464453018371,0.30388311588452566,36565.571516710013,0,4.372645000116437,0
2025-12-25,-26,0.32420988866275241,0.33856388673422316,0.33138688769848779,29464.683450320015,0,1.6608590001746284,0
2025-12-25,-22,0.38555270635198519,0.40262258298731357,0.39408764466964941,27817.992107680275,0,2683.2658816601165,0
2025-12-25,-21,0.40262258298731357,0.42044820762685725,0.41153539530708538,148742.88509964006,0,4.4799198499972714,0
2025-12-25,-16,0.5,0.52213689121370688,0.51106844560685349,13727.924589240049,0,741.56712234000349,0
2025-12-26,-43,0.1552322265091855,0.16210494433137621,0.15866858542028084,409817.97724832001,0,384.84032547000004,0
2025-12-26,-42,0.16210494433137621,0.16928194336711158,0.16569344384924389,29683.618448200326,0,138.33578477,0
2025-12-26,-41,0.16928194336711158,0.17677669529663689,0.17302931933187424,24260.943225639941,0,86.715853510000002,0
2025-12-26,-40,0.17677669529663689,0.18460326824243742,0.18068998176953716,1369173.729621731,0,10681682.706183398,0
2025-12-26,-39,0.18460326824243742,0.19277635317599259,0.18868981070921501,4579045.6695211902,0,13497.839329690176,0
2025-12-26,-38,0.19277635317599259,0.20131129149365679,0.1970438223348247,2340817.80702921,0,411153.15963232919,0
2025-12-26,-37,0.20131129149365679,0.21022410381342863,0.20576769765354269,66908.95465917002,0,7.920196859997513,0
2025-12-26,-36,0.21022410381342863,0.21953152004666243,0.21487781193004551,342868.81888235005,0,96531.779009950173,0
2025-12-26,-35,0.21953152004666243,0.2292510108011678,0.22439126542391513,85245.43670312014,0,212527.77030778999,0
2025-12-26,-34,0.2292510108011678,0.23940082017464343,0.2343259154879056,102387.83502663998,0,38163.454673879743,0
2025-12-26,-33,0.23940082017464343,0.25,0.24470041008732171,217132.38284016028,0,40747.095701969876,0
2025-12-26,-32,0.25,0.26106844560685344,0.25553422280342675,102567.73701896011,0,68.252313059954091,0
2025-12-26,-31,0.26106844560685344,0.27262693316631442,0.26684768938658393,541069.65627136012,0,8033.790671109884,0
2025-12-26,-30,0.27262693316631442,0.28469715868917289,0.27866204592774368,89146.801575760022,0,1392.2791184599114,0
2025-12-26,-29,0.28469715868917289,0.29730177875068026,0.29099946871992655,34280.911569160016,0,33.05316589011656,0
2025-12-26,-28,0.29730177875068026,0.310464453018371,0.30388311588452566,36565.571516710013,0,4.372645000116437,0
2025-12-26,-26,0.32420988866275241,0.33856388673422316,0.33138688769848779,29464.683450320015,0,1.6608590001746284,0
2025-12-26,-22,0.38555270635198519,0.40262258298731357,0.39408764466964941,27791.992107680275,0,2683.2658816601165,0
2025-12-26,-21,0.40262258298731357,0.42044820762685725,0.41153539530708538,148742.88509964006,0,4.4799198499972714,0
2025-12-26,-16,0.5,0.52213689121370688,0.51106844560685349,13727.924589240049,0,741.56712234000349,0
2025-12-27,-43,0.1552322265091855,0.16210494433137621,0.15866858542028084,409817.97724832001,0,384.84032547000004,0
2025-12-27,-42,0.16210494433137621,0.16928194336711158,0.16569344384924389,29683.618448200326,0,138.33578477,0
2025-12-27,-41,0.16928194336711158,0.17677669529663689,0.17302931933187424,24260.943225639941,0,86.715853510000002,0
2025-12-27,-40,0.17677669529663689,0.18460326824243742,0.18068998176953716,921487.97846935014,0,8347275.2898981636,0
2025-12-27,-39,0.18460326824243742,0.19277635317599259,0.18868981070921501,4579045.6695211902,0,13497.839329690176,0
2025-12-27,-38,0.19277635317599259,0.20131129149365679,0.1970438223348247,2610208.5265947809,0,2966091.0357557144,0
2025-12-27,-37,0.20131129149365679,0.21022410381342863,0.20576769765354269,66861.334659170025,0,7.920196859997513,0
2025-12-27,-36,0.21022410381342863,0.21953152004666243,0.21487781193004551,342860.25274354004,0,96531.779009950173,0
2025-12-27,-35,0.21953152004666243,0.2292510108011678,0.22439126542391513,85231.185311450143,0,212226.54080685001,0
2025-12-27,-34,0.2292510108011678,0.23940082017464343,0.2343259154879056,102331.66929953998,0,38074.4439948703,0
2025-12-27,-33,0.23940082017464343,0.25,0.24470041008732171,216896.82941430027,0,40747.095701969876,0
2025-12-27,-32,0.25,0.26106844560685344,0.25553422280342675,102567.73701896011,0,68.252313059954091,0
2025-12-27,-31,0.26106844560685344,0.27262693316631442,0.26684768938658393,540755.28367098013,0,8033.790671109884,0
2025-12-27,-30,0.27262693316631442,0.28469715868917289,0.27866204592774368,89117.01159814003,0,1392.2791184599114,0
2025-12-27,-29,0.28469715868917289,0.29730177875068026,0.29099946871992655,34280.911569160016,0,33.05316589011656,0
2025-12-27,-28,0.29730177875068026,0.310464453018371,0.30388311588452566,36565.571516710013,0,4.372645000116437,0
2025-12-27,-26,0.32420988866275241,0.33856388673422316,0.33138688769848779,29464.683450320015,0,1.6608590001746284,0
2025-12-27,-22,0.38555270635198519,0.40262258298731357,0.39408764466964941,27791.992107680275,0,2683.2658816601165,0
2025-12-27,-21,0.40262258298731357,0.42044820762685725,0.41153539530708538,148100.78439979005,0,4.4799198499972714,0
2025-12-27,-16,0.5,0.52213689121370688,0.51106844560685349,13727.924589240049,0,741.56712234000349,0
2025-12-28,-43,0.1552322265091855,0.16210494433137621,0.15866858542028084,409817.97724832001,0,384.84032547000004,0
2025-12-28,-42,0.16210494433137621,0.16928194336711158,0.16569344384924389,29603.618448200326,0,138.33578477,0
2025-12-28,-41,0.16928194336711158,0.17677669529663689,0.17302931933187424,24260.943225639941,0,86.715853510000002,0
2025-12-28,-40,0.17677669529663689,0.18460326824243742,0.18068998176953716,859393.50009270024,0,7131209.9178190427,0
2025-12-28,-39,0.18460326824243742,0.19277635317599259,0.18868981070921501,4578522.6034048302,0,13497.839329690176,0
2025-12-28,-38,0.19277635317599259,0.20131129149365679,0.1970438223348247,2427805.5383794704,0,2657381.0483603394,0
2025-12-28,-37,0.20131129149365679,0.21022410381342863,0.20576769765354269,781068.37999401055,0,2056204.3611489052,0
2025-12-28,-36,0.21022410381342863,0.21953152004666243,0.21487781193004551,342278.59114851005,0,96531.779009950173,0
2025-12-28,-35,0.21953152004666243,0.2292510108011678,0.22439126542391513,84919.168278490135,0,212226.54080685001,0
2025-12-28,-34,0.2292510108011678,0.23940082017464343,0.2343259154879056,94863.59882723997,0,38059.329077420305,0
2025-12-28,-33,0.23940082017464343,0.25,0.24470041008732171,216719.59846515028,0,40747.095701969876,0
2025-12-28,-32,0.25,0.26106844560685344,0.25553422280342675,102567.73701896011,0,68.252313059954091,0
2025-12-28,-31,0.26106844560685344,0.27262693316631442,0.26684768938658393,540726.95495264011,0,8033.790671109884,0
2025-12-28,-30,0.27262693316631442,0.28469715868917289,0.27866204592774368,89117.01159814003,0,1392.2791184599114,0
2025-12-28,-29,0.28469715868917289,0.29730177875068026,0.29099946871992655,34075.33944896001,0,33.05316589011656,0
2025-12-28,-28,0.29730177875068026,0.310464453018371,0.30388311588452566,36565.571516710013,0,4.372645000116437,0
2025-12-28,-26,0.32420988866275241,0.33856388673422316,0.33138688769848779,29284.374646310014,0,1.6608590001746284,0
2025-12-28,-22,0.38555270635198519,0.40262258298731357,0.39408764466964941,26299.395860640274,0,2683.2658816601165,0
2025-12-28,-21,0.40262258298731357,0.42044820762685725,0.41153539530708538,148100.78439979005,0,4.4799198499972714,0
2025-12-28,-16,0.5,0.52213689121370688,0.51106844560685349,13727.924589240049,0,741.56712234000349,0
2025-12-29,-43,0.1552322265091855,0.16210494433137621,0.15866858542028084,409751.97724832001,0,384.84032547000004,0
2025-12-29,-42,0.16210494433137621,0.16928194336711158,0.16569344384924389,29603.618448200326,0,138.33578477,0
2025-12-29,-41,0.16928194336711158,0.17677669529663689,0.17302931933187424,24260.943225639941,0,86.715853510000002,0
2025-12-29,-40,0.17677669529663689,0.18460326824243742,0.18068998176953716,676904.82691338018,0,6091228.1038630335,0
2025-12-29,-39,0.18460326824243742,0.19277635317599259,0.18868981070921501,4708308.4481007606,0,2447090.8728363151,0
2025-12-29,-38,0.19277635317599259,0.20131129149365679,0.1970438223348247,2136665.6383278603,0,2628698.5683603394,0
2025-12-29,-37,0.20131129149365679,0.21022410381342863,0.20576769765354269,102981.54722535003,0,1721421.2924267501,0
2025-12-29,-36,0.21022410381342863,0.21953152004666243,0.21487781193004551,341684.03985276003,0,96531.779009950173,0
2025-12-29,-35,0.21953152004666243,0.2292510108011678,0.22439126542391513,84919.168269000133,0,212226.54080685001,0
2025-12-29,-34,0.2292510108011678,0.23940082017464343,0.2343259154879056,92046.599889079982,0,38051.958514260303,0
2025-12-29,-33,0.23940082017464343,0.25,0.24470041008732171,216445.97326217027,0,6647.6920551298754,0
2025-12-29,-32,0.25,0.26106844560685344,0.25553422280342675,102030.7435633501,0,68.252313059954091,0
2025-12-29,-31,0.26106844560685344,0.27262693316631442,0.26684768938658393,540525.14173651009,0,8033.790671109884,0
2025-12-29,-30,0.27262693316631442,0.28469715868917289,0.27866204592774368,89117.01159814003,0,1392.2791184599114,0
2025-12-29,-29,0.28469715868917289,0.29730177875068026,0.29099946871992655,34070.92101422001,0,33.05316589011656,0
2025-12-29,-28,0.29730177875068026,0.310464453018371,0.30388311588452566,36565.571516710013,0,4.372645000116437,0
2025-12-29,-26,0.32420988866275241,0.33856388673422316,0.33138688769848779,29284.374646310014,0,1.6608590001746284,0
2025-12-29,-22,0.38555270635198519,0.40262258298731357,0.39408764466964941,26299.395860640274,0,2683.2658816601165,0
2025-12-29,-21,0.40262258298731357,0.42044820762685725,0.41153539530708538,148064.83797834005,0,4.4799198499972714,0
2025-12-29,-16,0.5,0.52213689121370688,0.51106844560685349,13727.924589240049,0,741.56712234000349,0
2025-12-30,-43,0.1552322265091855,0.16210494433137621,0.15866858542028084,407801.79586411,0,384.84032547000004,0
2025-12-30,-42,0.16210494433137621,0.16928194336711158,0.16569344384924389,29603.618448200326,0,138.33578477,0
2025-12-30,-41,0.16928194336711158,0.17677669529663689,0.17302931933187424,21793.213405689999,0,86.715853510000002,0
2025-12-30,-40,0.17677669529663689,0.18460326824243742,0.18068998176953716,656952.12392847019,0,4645026.6814033231,0
2025-12-30,-39,0.18460326824243742,0.19277635317599259,0.18868981070921501,4641246.8758871397,0,2243824.973319245,0
2025-12-30,-38,0.19277635317599259,0.20131129149365679,0.1970438223348247,2436762.0394616206,0,3348289.1037841593,0
2025-12-30,-37,0.20131129149365679,0.21022410381342863,0.20576769765354269,101792.86597732005,0,1721421.2924267501,0
2025-12-30,-36,0.21022410381342863,0.21953152004666243,0.21487781193004551,341645.81285277003,0,96531.779009950173,0
2025-12-30,-35,0.21953152004666243,0.2292510108011678,0.22439126542391513,84897.142033950135,0,212166.71280685,0
2025-12-30,-34,0.2292510108011678,0.23940082017464343,0.2343259154879056,85485.71183782001,0,38040.920931350302,0
2025-12-30,-33,0.23940082017464343,0.25,0.24470041008732171,215887.55167828026,0,6647.6920551298754,0
2025-12-30,-32,0.25,0.26106844560685344,0.25553422280342675,102030.7435633501,0,68.252313059954091,0
2025-12-30,-31,0.26106844560685344,0.27262693316631442,0.26684768938658393,540440.62173651007,0,8033.790671109884,0
2025-12-30,-30,0.27262693316631442,0.28469715868917289,0.27866204592774368,88785.590508690031,0,1392.2791184599114,0
2025-12-30,-29,0.28469715868917289,0.29730177875068026,0.29099946871992655,33773.92101422001,0,33.05316589011656,0
2025-12-30,-28,0.29730177875068026,0.310464453018371,0.30388311588452566,36565.571516710013,0,4.372645000116437,0
2025-12-30,-26,0.32420988866275241,0.33856388673422316,0.33138688769848779,29284.374646310014,0,1.6608590001746284,0
2025-12-30,-22,0.38555270635198519,0.40262258298731357,0.39408764466964941,26299.395860640274,0,2683.2658816601165,0
2025-12-30,-21,0.40262258298731357,0.42044820762685725,0.41153539530708538,148014.83797834005,0,4.4799198499972714,0
2025-12-30,-16,0.5,0.52213689121370688,0.51106844560685349,13727.924589240049,0,741.56712234000349,0
2025-12-31,-43,0.1552322265091855,0.16210494433137621,0.15866858542028084,407760.90689969005,0,384.84032547000004,0
2025-12-31,-42,0.16210494433137621,0.16928194336711158,0.16569344384924389,29593.096222170327,0,138.33578477,0
2025-12-31,-41,0.16928194336711158,0.17677669529663689,0.17302931933187424,21793.213405689999,0,86.715853510000002,0
2025-12-31,-40,0.17677669529663689,0.18460326824243742,0.18068998176953716,655595.30793793022,0,3661813.4352311832,0
2025-12-31,-39,0.18460326824243742,0.19277635317599259,0.18868981070921501,4520922.8398007704,0,2042862.4098767701,0
2025-12-31,-38,0.19277635317599259,0.20131129149365679,0.1970438223348247,2445063.1819009506,0,4344648.8266684441,0
2025-12-31,-37,0.20131129149365679,0.21022410381342863,0.20576769765354269,100947.59426481006,0,1721421.2924267501,0
2025-12-31,-36,0.21022410381342863,0.21953152004666243,0.21487781193004551,341628.51285277004,0,96531.779009950173,0
2025-12-31,-35,0.21953152004666243,0.2292510108011678,0.22439126542391513,84867.142033950135,0,212116.81040685001,0
2025-12-31,-34,0.2292510108011678,0.23940082017464343,0.2343259154879056,85472.782108190004,0,38030.274051340304,0
2025-12-31,-33,0.23940082017464343,0.25,0.24470041008732171,215820.92167828028,0,6647.6920551298754,0
2025-12-31,-32,0.25,0.26106844560685344,0.25553422280342675,102030.7435633501,0,68.252313059954091,0
2025-12-31,-31,0.26106844560685344,0.27262693316631442,0.26684768938658393,540332.08902324003,0,8033.790671109884,0
2025-12-31,-30,0.27262693316631442,0.28469715868917289,0.27866204592774368,88785.590508690031,0,1392.2791184599114,0
2025-12-31,-29,0.28469715868917289,0.29730177875068026,0.29099946871992655,33773.92101422001,0,33.05316589011656,0
2025-12-31,-28,0.29730177875068026,0.310464453018371,0.30388311588452566,36565.571516710013,0,4.372645000116437,0
2025-12-31,-26,0.32420988866275241,0.33856388673422316,0.33138688769848779,29284.374646310014,0,1.6608590001746284,0
2025-12-31,-22,0.38555270635198519,0.40262258298731357,0.39408764466964941,26274.990172900274,0,2683.2658816601165,0
2025-12-31,-21,0.40262258298731357,0.42044820762685725,0.41153539530708538,148014.83797834005,0,4.4799198499972714,0
2025-12-31,-16,0.5,0.52213689121370688,0.51106844560685349,12880.366419990049,0,741.56712234000349,0
2026-01-01,-43,0.1552322265091855,0.16210494433137621,0.15866858542028084,407760.90689969005,0,384.84032547000004,0
2026-01-01,-42,0.16210494433137621,0.16928194336711158,0.16569344384924389,29393.096222170327,0,138.33578477,0
2026-01-01,-41,0.16928194336711158,0.17677669529663689,0.17302931933187424,21793.213405689999,0,86.715853510000002,0
2026-01-01,-40,0.17677669529663689,0.18460326824243742,0.18068998176953716,655252.61867607024,0,2881272.3869547532,0
2026-01-01,-39,0.18460326824243742,0.19277635317599259,0.18868981070921501,4518806.4925778601,0,2042862.4098767701,0
2026-01-01,-38,0.19277635317599259,0.20131129149365679,0.1970438223348247,2276919.6682595201,0,4032198.1950963242,0
2026-01-01,-37,0.20131129149365679,0.21022410381342863,0.20576769765354269,306369.74180721038,0,2479678.4479468502,0
2026-01-01,-36,0.21022410381342863,0.21953152004666243,0.21487781193004551,341584.92585277004,0,96531.779009950173,0
2026-01-01,-35,0.21953152004666243,0.2292510108011678,0.22439126542391513,84731.965233770141,0,212116.81040685001,0
2026-01-01,-34,0.2292510108011678,0.23940082017464343,0.2343259154879056,85472.782108190004,0,38013.109441940302,0
2026-01-01,-33,0.23940082017464343,0.25,0.24470041008732171,215820.92167828028,0,6647.6920551298754,0
2026-01-01,-32,0.25,0.26106844560685344,0.25553422280342675,102003.22744020011,0,68.252313059954091,0
2026-01-01,-31,0.26106844560685344,0.27262693316631442,0.26684768938658393,540017.97828014009,0,8033.790671109884,0
2026-01-01,-30,0.27262693316631442,0.28469715868917289,0.27866204592774368,88785.590508690031,0,1392.2791184599114,0
2026-01-01,-29,0.28469715868917289,0.29730177875068026,0.29099946871992655,33773.92101422001,0,33.05316589011656,0
2026-01-01,-28,0.29730177875068026,0.310464453018371,0.30388311588452566,36565.571516710013,0,4.372645000116437,0
2026-01-01,-26,0.32420988866275241,0.33856388673422316,0.33138688769848779,29284.374646310014,0,1.6608590001746284,0
2026-01-01,-22,0.38555270635198519,0.40262258298731357,0.39408764466964941,26274.990172900274,0,2683.2658816601165,0
2026-01-01,-21,0.40262258298731357,0.42044820762685725,0.41153539530708538,148014.83797834005,0,4.4799198499972714,0
2026-01-01,-16,0.5,0.52213689121370688,0.51106844560685349,12880.366419990049,0,741.56712234000349,0
2026-01-02,-43,0.1552322265091855,0.16210494433137621,0.15866858542028084,407760.90689969005,0,384.84032547000004,0
2026-01-02,-42,0.16210494433137621,0.16928194336711158,0.16569344384924389,29393.096222170327,0,138.33578477,0
2026-01-02,-41,0.16928194336711158,0.17677669529663689,0.17302931933187424,21793.213405689999,0,86.715853510000002,0
2026-01-02,-40,0.17677669529663689,0.18460326824243742,0.18068998176953716,654738.83435879019,0,1355102.6167713231,0
2026-01-02,-39,0.18460326824243742,0.19277635317599259,0.18868981070921501,4514487.1322296401,0,2042862.4098767701,0
2026-01-02,-38,0.19277635317599259,0.20131129149365679,0.1970438223348247,2236567.4775604601,0,3960709.970121169,0
2026-01-02,-37,0.20131129149365679,0.21022410381342863,0.20576769765354269,410023.53206438036,0,3254009.7460021051,0
2026-01-02,-36,0.21022410381342863,0.21953152004666243,0.21487781193004551,341584.92585277004,0,96531.779009950173,0
2026-01-02,-35,0.21953152004666243,0.2292510108011678,0.22439126542391513,84729.395942190138,0,212116.81040685001,0
2026-01-02,-34,0.2292510108011678,0.23940082017464343,0.2343259154879056,84701.95936523001,0,37958.740123820302,0
2026-01-02,-33,0.23940082017464343,0.25,0.24470041008732171,215625.55379740027,0,6647.6920551298754,0
2026-01-02,-32,0.25,0.26106844560685344,0.25553422280342675,102003.22744020011,0,68.252313059954091,0
2026-01-02,-31,0.26106844560685344,0.27262693316631442,0.26684768938658393,539878.91372516006,0,8033.790671109884,0
2026-01-02,-30,0.27262693316631442,0.28469715868917289,0.27866204592774368,88785.590442270026,0,1392.2791184599114,0
2026-01-02,-29,0.28469715868917289,0.29730177875068026,0.29099946871992655,33745.934787760016,0,33.05316589011656,0
2026-01-02,-28,0.29730177875068026,0.310464453018371,0.30388311588452566,36491.564988840008,0,4.372645000116437,0
2026-01-02,-26,0.32420988866275241,0.33856388673422316,0.33138688769848779,29280.969389750015,0,1.6608590001746284,0
2026-01-02,-22,0.38555270635198519,0.40262258298731357,0.39408764466964941,26269.225072900274,0,2683.2658816601165,0
2026-01-02,-21,0.40262258298731357,0.42044820762685725,0.41153539530708538,148014.83797834005,0,4.4799198499972714,0
2026-01-02,-16,0.5,0.52213689121370688,0.51106844560685349,12880.366419990049,0,741.56712234000349,0
2026-01-03,-43,0.1552322265091855,0.16210494433137621,0.15866858542028084,407760.90689969005,0,384.84032547000004,0
2026-01-03,-42,0.16210494433137621,0.16928194336711158,0.16569344384924389,29393.096222170327,0,138.33578477,0
2026-01-03,-41,0.16928194336711158,0.17677669529663689,0.17302931933187424,21793.213405689999,0,86.715853510000002,0
2026-01-03,-40,0.17677669529663689,0.18460326824243742,0.18068998176953716,654408.35142148018,0,598737.60484571906,0
2026-01-03,-39,0.18460326824243742,0.19277635317599259,0.18868981070921501,4505953.7738273703,0,2042862.4098767701,0
2026-01-03,-38,0.19277635317599259,0.20131129149365679,0.1970438223348247,2189486.2263515899,0,3889079.2372118933,0
2026-01-03,-37,0.20131129149365679,0.21022410381342863,0.20576769765354269,120997.55345545006,0,2990626.203386975,0
2026-01-03,-36,0.21022410381342863,0.21953152004666243,0.21487781193004551,471908.52008364035,0,838975.83124007029,0
2026-01-03,-35,0.21953152004666243,0.2292510108011678,0.22439126542391513,84729.395937920126,0,212094.31040685001,0
2026-01-03,-34,0.2292510108011678,0.23940082017464343,0.2343259154879056,81036.172771300015,0,37897.4492061403,0
2026-01-03,-33,0.23940082017464343,0.25,0.24470041008732171,215526.70338318028,0,6647.6920551298754,0
2026-01-03,-32,0.25,0.26106844560685344,0.25553422280342675,102003.22744020011,0,68.252313059954091,0
2026-01-03,-31,0.26106844560685344,0.27262693316631442,0.26684768938658393,538582.57959781005,0,8033.790671109884,0
2026-01-03,-30,0.27262693316631442,0.28469715868917289,0.27866204592774368,88740.002191140025,0,1392.2791184599114,0
2026-01-03,-29,0.28469715868917289,0.29730177875068026,0.29099946871992655,33745.934787760016,0,33.05316589011656,0
2026-01-03,-28,0.29730177875068026,0.310464453018371,0.30388311588452566,36491.564988840008,0,4.372645000116437,0
2026-01-03,-26,0.32420988866275241,0.33856388673422316,0.33138688769848779,29280.969389750015,0,1.6608590001746284,0
2026-01-03,-22,0.38555270635198519,0.40262258298731357,0.39408764466964941,26269.225072900274,0,2683.2658816601165,0
2026-01-03,-21,0.40262258298731357,0.42044820762685725,0.41153539530708538,148014.83797834005,0,4.4799198499972714,0
2026-01-03,-16,0.5,0.52213689121370688,0.51106844560685349,12880.366419990049,0,741.56712234000349,0
2026-01-04,-43,0.1552322265091855,0.16210494433137621,0.15866858542028084,407760.90689969005,0,384.84032547000004,0
2026-01-04,-42,0.16210494433137621,0.16928194336711158,0.16569344384924389,29393.096222170327,0,138.33578477,0
2026-01-04,-41,0.16928194336711158,0.17677669529663689,0.17302931933187424,20490.16545963,0,86.715853510000002,0
2026-01-04,-40,0.17677669529663689,0.18460326824243742,0.18068998176953716,585109.48579138017,0,598682.25345048902,0
2026-01-04,-39,0.18460326824243742,0.19277635317599259,0.18868981070921501,4503454.2745152703,0,2042862.4098767701,0
2026-01-04,-38,0.19277635317599259,0.20131129149365679,0.1970438223348247,2298562.76787411,0,3849466.3998985132,0
2026-01-04,-37,0.20131129149365679,0.21022410381342863,0.20576769765354269,105603.41038867,0,2932039.9637451302,0
2026-01-04,-36,0.21022410381342863,0.21953152004666243,0.21487781193004551,381859.1216261707,0,670397.14246070548,0
2026-01-04,-35,0.21953152004666243,0.2292510108011678,0.22439126542391513,84729.395937920126,0,211447.76093429001,0
2026-01-04,-34,0.2292510108011678,0.23940082017464343,0.2343259154879056,80551.430156080009,0,37595.894968569999,0
2026-01-04,-33,0.23940082017464343,0.25,0.24470041008732171,214238.42351880026,0,6647.6920551298754,0
2026-01-04,-32,0.25,0.26106844560685344,0.25553422280342675,101597.72777444011,0,68.252313059954091,0
2026-01-04,-31,0.26106844560685344,0.27262693316631442,0.26684768938658393,536981.4828129001,0,8033.790671109884,0
2026-01-04,-30,0.27262693316631442,0.28469715868917289,0.27866204592774368,88740.002191140025,0,1392.2791184599114,0
2026-01-04,-29,0.28469715868917289,0.29730177875068026,0.29099946871992655,33710.375325450012,0,33.05316589011656,0
2026-01-04,-28,0.29730177875068026,0.310464453018371,0.30388311588452566,36491.564988840008,0,4.372645000116437,0
2026-01-04,-26,0.32420988866275241,0.33856388673422316,0.33138688769848779,29220.215419870015,0,1.6608590001746284,0
2026-01-04,-22,0.38555270635198519,0.40262258298731357,0.39408764466964941,26268.891221460301,0,2683.2658816601165,0
2026-01-04,-21,0.40262258298731357,0.42044820762685725,0.41153539530708538,147706.32015865005,0,4.4799198499972714,0
2026-01-04,-16,0.5,0.52213689121370688,0.51106844560685349,12880.366419990049,0,741.56712234000349,0
2026-01-05,-43,0.1552322265091855,0.16210494433137621,0.15866858542028084,407760.90689969005,0,384.84032547000004,0
2026-01-05,-42,0.16210494433137621,0.16928194336711158,0.16569344384924389,27723.475501350327,0,74.231152110000011,0
2026-01-05,-41,0.16928194336711158,0.17677669529663689,0.17302931933187424,16766.06506588,0,15.82982895,0
2026-01-05,-40,0.17677669529663689,0.18460326824243742,0.18068998176953716,580884.1631267902,0,598279.40411889902,0
2026-01-05,-39,0.18460326824243742,0.19277635317599259,0.18868981070921501,4502814.78943149,0,2042327.0336036405,0
2026-01-05,-38,0.19277635317599259,0.20131129149365679,0.1970438223348247,2141340.6266452,0,2011445.430347339,0
2026-01-05,-37,0.20131129149365679,0.21022410381342863,0.20576769765354269,95200.543624530008,0,2904226.9805742041,0
2026-01-05,-36,0.21022410381342863,0.21953152004666243,0.21487781193004551,676173.88335896027,0,1798793.1039279255,0
2026-01-05,-35,0.21953152004666243,0.2292510108011678,0.22439126542391513,84626.738446600139,0,211447.76093429001,0
2026-01-05,-34,0.2292510108011678,0.23940082017464343,0.2343259154879056,79970.982749880015,0,37595.894968569999,0
2026-01-05,-33,0.23940082017464343,0.25,0.24470041008732171,214090.10698749026,0,6647.6920551298754,0
2026-01-05,-32,0.25,0.26106844560685344,0.25553422280342675,92775.017642370105,0,68.252313059954091,0
2026-01-05,-31,0.26106844560685344,0.27262693316631442,0.26684768938658393,423670.14227037004,111131.10589907004,8033.790671109884,0
2026-01-05,-30,0.27262693316631442,0.28469715868917289,0.27866204592774368,88740.002191140025,0,1392.2791184599114,0
2026-01-05,-29,0.28469715868917289,0.29730177875068026,0.29099946871992655,33624.630328700012,0,33.05316589011656,0
2026-01-05,-28,0.29730177875068026,0.310464453018371,0.30388311588452566,36169.628789110007,0,4.372645000116437,0
2026-01-05,-26,0.32420988866275241,0.33856388673422316,0.33138688769848779,28772.974465270017,0,1.6608590001746284,0
2026-01-05,-22,0.38555270635198519,0.40262258298731357,0.39408764466964941,26189.891217330303,0,2683.2658816601165,0
2026-01-05,-21,0.40262258298731357,0.42044820762685725,0.41153539530708538,147674.54762005006,0,4.4799198499972714,0
2026-01-05,-16,0.5,0.52213689121370688,0.51106844560685349,12880.366419990049,0,741.56712234000349,0
2026-01-06,-43,0.1552322265091855,0.16210494433137621,0.15866858542028084,407720.78689968999,0,384.84032547000004,0
2026-01-06,-42,0.16210494433137621,0.16928194336711158,0.16569344384924389,27554.479073050326,0,74.231152110000011,0
2026-01-06,-41,0.16928194336711158,0.17677669529663689,0.17302931933187424,16708.222542949999,0,15.82982895,0
2026-01-06,-40,0.17677669529663689,0.18460326824243742,0.18068998176953716,580873.75615159015,0,598179.80768353899,0
2026-01-06,-39,0.18460326824243742,0.19277635317599259,0.18868981070921501,4501216.2723229798,0,2042287.2000487505,0
2026-01-06,-38,0.19277635317599259,0.20131129149365679,0.1970438223348247,2140070.64078611,0,1909071.2903473589,0
2026-01-06,-37,0.20131129149365679,0.21022410381342863,0.20576769765354269,94829.177062620001,0,2650535.4134740443,0
2026-01-06,-36,0.21022410381342863,0.21953152004666243,0.21487781193004551,620353.43954791036,0,2043022.9704315555,0
2026-01-06,-35,0.21953152004666243,0.2292510108011678,0.22439126542391513,84626.738446600139,0,211447.76093429001,0
2026-01-06,-34,0.2292510108011678,0.23940082017464343,0.2343259154879056,79970.982749880015,0,37595.894968569999,0
2026-01-06,-33,0.23940082017464343,0.25,0.24470041008732171,163543.2586133602,50321.157019470062,6647.6920551298754,0
2026-01-06,-32,0.25,0.26106844560685344,0.25553422280342675,92470.582585500102,0,68.252313059954091,0
2026-01-06,-31,0.26106844560685344,0.27262693316631442,0.26684768938658393,423317.66052870004,110987.62589907003,8033.790671109884,0
2026-01-06,-30,0.27262693316631442,0.28469715868917289,0.27866204592774368,88740.002191140025,0,1392.2791184599114,0
2026-01-06,-29,0.28469715868917289,0.29730177875068026,0.29099946871992655,33389.923303070012,0,33.05316589011656,0
2026-01-06,-28,0.29730177875068026,0.310464453018371,0.30388311588452566,36169.628789110007,0,4.372645000116437,0
2026-01-06,-26,0.32420988866275241,0.33856388673422316,0.33138688769848779,28772.974465270017,0,1.6608590001746284,0
2026-01-06,-22,0.38555270635198519,0.40262258298731357,0.39408764466964941,26189.891217330303,0,2683.2658816601165,0
2026-01-06,-21,0.40262258298731357,0.42044820762685725,0.41153539530708538,147674.54762005006,0,4.4799198499972714,0
2026-01-06,-16,0.5,0.52213689121370688,0.51106844560685349,12880.366419990049,0,741.56712234000349,0
2026-01-07,-43,0.1552322265091855,0.16210494433137621,0.15866858542028084,0,407720.78177195997,384.84032547000004,0
2026-01-07,-42,0.16210494433137621,0.16928194336711158,0.16569344384924389,26139.050967440326,0,74.231152110000011,0
2026-01-07,-41,0.16928194336711158,0.17677669529663689,0.17302931933187424,16700.660101470003,0,15.82982895,0
2026-01-07,-40,0.17677669529663689,0.18460326824243742,0.18068998176953716,577368.6241871902,0,597444.19857937901,0
2026-01-07,-39,0.18460326824243742,0.19277635317599259,0.18868981070921501,4499881.5788931102,0,2042260.9667464904,0
2026-01-07,-38,0.19277635317599259,0.20131129149365679,0.1970438223348247,2140070.6407759902,0,1852234.3540419799,0
2026-01-07,-37,0.20131129149365679,0.21022410381342863,0.20576769765354269,497545.87145302014,0,3772715.7780653294,0
2026-01-07,-36,0.21022410381342863,0.21953152004666243,0.21487781193004551,438633.71451215021,0,1659386.4464350701,0
2026-01-07,-35,0.21953152004666243,0.2292510108011678,0.22439126542391513,84626.738446150135,0,119801.66218706915,0
2026-01-07,-34,0.2292510108011678,0.23940082017464343,0.2343259154879056,77841.179782750012,0,37595.894968569999,0
2026-01-07,-33,0.23940082017464343,0.25,0.24470041008732171,163414.11415673021,50255.491111970063,6647.6920551298754,0
2026-01-07,-32,0.25,0.26106844560685344,0.25553422280342675,92163.742555300109,0,68.252313059954091,0
2026-01-07,-31,0.26106844560685344,0.27262693316631442,0.26684768938658393,419081.60531412007,110759.85472045004,8033.790671109884,0
2026-01-07,-30,0.27262693316631442,0.28469715868917289,0.27866204592774368,88685.518187110021,0,1392.2791184599114,0
2026-01-07,-29,0.28469715868917289,0.29730177875068026,0.29099946871992655,33379.343436849995,0,33.05316589011656,0
2026-01-07,-28,0.29730177875068026,0.310464453018371,0.30388311588452566,36155.389143030006,0,4.372645000116437,0
2026-01-07,-26,0.32420988866275241,0.33856388673422316,0.33138688769848779,28772.974465270017,0,1.6608590001746284,0
2026-01-07,-22,0.38555270635198519,0.40262258298731357,0.39408764466964941,25849.3959875703,0,2683.2658816601165,0
2026-01-07,-21,0.40262258298731357,0.42044820762685725,0.41153539530708538,147124.15141186005,0,4.4799198499972714,0
2026-01-07,-16,0.5,0.52213689121370688,0.51106844560685349,12854.785043470049,0,741.56712234000349,0
2026-01-08,-43,0.1552322265091855,0.16210494433137621,0.15866858542028084,0,407720.78176829999,384.84032547000004,0
2026-01-08,-42,0.16210494433137621,0.16928194336711158,0.16569344384924389,26004.330967440324,0,74.231152110000011,0
2026-01-08,-41,0.16928194336711158,0.17677669529663689,0.17302931933187424,16700.660101470003,0,15.82982895,0
2026-01-08,-40,0.17677669529663689,0.18460326824243742,0.18068998176953716,577310.71887809015,0,595626.71700790909,0
2026-01-08,-39,0.18460326824243742,0.19277635317599259,0.18868981070921501,4499881.5788931102,0,1894584.0687903946,0
2026-01-08,-38,0.19277635317599259,0.20131129149365679,0.1970438223348247,2808026.01455741,14573.111468810072,2775551.5769930002,0
2026-01-08,-37,0.20131129149365679,0.21022410381342863,0.20576769765354269,398390.03203452018,0,2407905.8972816952,0
2026-01-08,-36,0.21022410381342863,0.21953152004666243,0.21487781193004551,357345.94499693013,0,1659386.4464350701,0
2026-01-08,-35,0.21953152004666243,0.2292510108011678,0.22439126542391513,84626.738427830132,0,52871.47218707914,0
2026-01-08,-34,0.2292510108011678,0.23940082017464343,0.2343259154879056,77816.991627780008,0,37593.179228289999,0
2026-01-08,-33,0.23940082017464343,0.25,0.24470041008732171,163414.11319981021,50194.856599320061,6647.6920551298754,0
2026-01-08,-32,0.25,0.26106844560685344,0.25553422280342675,92163.742555300109,0,68.252313059954091,0
2026-01-08,-31,0.26106844560685344,0.27262693316631442,0.26684768938658393,419047.15840075002,110661.82325185003,8033.790671109884,0
2026-01-08,-30,0.27262693316631442,0.28469715868917289,0.27866204592774368,88631.954737090025,0,1392.2791184599114,0
2026-01-08,-29,0.28469715868917289,0.29730177875068026,0.29099946871992655,33351.357210390001,0,33.05316589011656,0
2026-01-08,-28,0.29730177875068026,0.310464453018371,0.30388311588452566,36155.389143030006,0,4.372645000116437,0
2026-01-08,-26,0.32420988866275241,0.33856388673422316,0.33138688769848779,28772.874465270015,0,1.6608590001746284,0
2026-01-08,-22,0.38555270635198519,0.40262258298731357,0.39408764466964941,25849.3959875703,0,2683.2658816601165,0
2026-01-08,-21,0.40262258298731357,0.42044820762685725,0.41153539530708538,147124.15141161004,0,4.4799198499972714,0
2026-01-08,-16,0.5,0.52213689121370688,0.51106844560685349,12854.785043470049,0,741.56712234000349,0
2026-01-09,-43,0.1552322265091855,0.16210494433137621,0.15866858542028084,0,407720.78176829999,384.84032547000004,0
2026-01-09,-42,0.16210494433137621,0.16928194336711158,0.16569344384924389,14098.886855980396,11572.659453809931,74.231152110000011,0
2026-01-09,-41,0.16928194336711158,0.17677669529663689,0.17302931933187424,16642.097265410001,0,15.82982895,0
2026-01-09,-40,0.17677669529663689,0.18460326824243742,0.18068998176953716,576656.28915074014,0,595560.66476793902,0
2026-01-09,-39,0.18460326824243742,0.19277635317599259,0.18868981070921501,4499881.5788931102,0,1195449.7216113545,0
2026-01-09,-38,0.19277635317599259,0.20131129149365679,0.1970438223348247,2700389.1897977102,14573.111468810072,2704213.6716421051,0
2026-01-09,-37,0.20131129149365679,0.21022410381342863,0.20576769765354269,753869.86211160023,0,2789479.3652385003,0
2026-01-09,-36,0.21022410381342863,0.21953152004666243,0.21487781193004551,329498.04946359014,0,1659386.4464350701,0
2026-01-09,-35,0.21953152004666243,0.2292510108011678,0.22439126542391513,84608.717696950131,0,51706.112187079139,0
2026-01-09,-34,0.2292510108011678,0.23940082017464343,0.2343259154879056,77816.991627780008,0,37592.386043819999,0
2026-01-09,-33,0.23940082017464343,0.25,0.24470041008732171,162147.86594548021,50147.627146300059,6647.6920551298754,0
2026-01-09,-32,0.25,0.26106844560685344,0.25553422280342675,91836.803337870107,0,68.252313059954091,0
2026-01-09,-31,0.26106844560685344,0.27262693316631442,0.26684768938658393,416867.35976458003,110617.74303635003,8033.790671109884,0
2026-01-09,-30,0.27262693316631442,0.28469715868917289,0.27866204592774368,88627.779024970019,0,1392.2791184599114,0
2026-01-09,-29,0.28469715868917289,0.29730177875068026,0.29099946871992655,31810.584624129999,0,33.05316589011656,0
2026-01-09,-28,0.29730177875068026,0.310464453018371,0.30388311588452566,36155.389143030006,0,4.372645000116437,0
2026-01-09,-26,0.32420988866275241,0.33856388673422316,0.33138688769848779,28772.874465270015,0,1.6608590001746284,0
2026-01-09,-22,0.38555270635198519,0.40262258298731357,0.39408764466964941,25849.389754630301,0,2683.2658816601165,0
2026-01-09,-21,0.40262258298731357,0.42044820762685725,0.41153539530708538,147124.15141161004,0,4.4799198499972714,0
2026-01-09,-16,0.5,0.52213689121370688,0.51106844560685349,12819.406892570049,0,741.56712234000349,0
2026-01-10,-43,0.1552322265091855,0.16210494433137621,0.15866858542028084,0,407720.78176829999,384.84032547000004,0
2026-01-10,-42,0.16210494433137621,0.16928194336711158,0.16569344384924389,13942.222073810395,11450.12104869993,74.231152110000011,0
2026-01-10,-41,0.16928194336711158,0.17677669529663689,0.17302931933187424,16642.097265410001,0,15.82982895,0
2026-01-10,-40,0.17677669529663689,0.18460326824243742,0.18068998176953716,537542.98140040017,4953.7996601400391,595553.42610839906,0
2026-01-10,-39,0.18460326824243742,0.19277635317599259,0.18868981070921501,4499881.5788931102,0,1056620.5698329145,0
2026-01-10,-38,0.19277635317599259,0.20131129149365679,0.1970438223348247,2842185.1052591298,14573.111468810072,2890218.0722040553,0
2026-01-10,-37,0.20131129149365679,0.21022410381342863,0.20576769765354269,590993.72803010023,0,2789463.4612856302,0
2026-01-10,-36,0.21022410381342863,0.21953152004666243,0.21487781193004551,327365.40813941014,0,1659386.4464350701,0
2026-01-10,-35,0.21953152004666243,0.2292510108011678,0.22439126542391513,84590.214722710138,0,51284.130880039142,0
2026-01-10,-34,0.2292510108011678,0.23940082017464343,0.2343259154879056,77797.942157760015,0,37592.118843960001,0
2026-01-10,-33,0.23940082017464343,0.25,0.24470041008732171,162097.94434464021,50119.387086700059,6647.6920551298754,0
2026-01-10,-32,0.25,0.26106844560685344,0.25553422280342675,91836.803337870107,0,68.252313059954091,0
2026-01-10,-31,0.26106844560685344,0.27262693316631442,0.26684768938658393,416520.05932981003,110480.47486603002,8033.790671109884,0
2026-01-10,-30,0.27262693316631442,0.28469715868917289,0.27866204592774368,88627.779024970019,0,1392.2791184599114,0
2026-01-10,-29,0.28469715868917289,0.29730177875068026,0.29099946871992655,31810.584624129999,0,33.05316589011656,0
2026-01-10,-28,0.29730177875068026,0.310464453018371,0.30388311588452566,36155.389143030006,0,4.372645000116437,0
2026-01-10,-26,0.32420988866275241,0.33856388673422316,0.33138688769848779,28772.874465270015,0,1.6608590001746284,0
2026-01-10,-22,0.38555270635198519,0.40262258298731357,0.39408764466964941,25750.135271840303,0,2683.2658816601165,0
2026-01-10,-21,0.40262258298731357,0.42044820762685725,0.41153539530708538,146867.98864822005,0,4.4799198499972714,0
2026-01-10,-16,0.5,0.52213689121370688,0.51106844560685349,12805.598699920049,0,741.56712234000349,0
2026-01-11,-43,0.1552322265091855,0.16210494433137621,0.15866858542028084,0,407720.78176829999,384.84032547000004,0
2026-01-11,-42,0.16210494433137621,0.16928194336711158,0.16569344384924389,13942.222073810395,11400.12104869993,74.231152110000011,0
2026-01-11,-41,0.16928194336711158,0.17677669529663689,0.17302931933187424,16642.097265410001,0,15.82982895,0
2026-01-11,-40,0.17677669529663689,0.18460326824243742,0.18068998176953716,537501.94792625017,4901.672486650039,595211.26320422906,0
2026-01-11,-39,0.18460326824243742,0.19277635317599259,0.18868981070921501,4499876.8569617998,0,977405.07509986451,0
2026-01-11,-38,0.19277635317599259,0.20131129149365679,0.1970438223348247,3267930.61694828,14402.161344870072,3380870.0178971253,0
2026-01-11,-37,0.20131129149365679,0.21022410381342863,0.20576769765354269,552623.16018385021,0,2620610.7234997302,0
2026-01-11,-36,0.21022410381342863,0.21953152004666243,0.21487781193004551,321712.06668985006,0,1659386.4464350701,0
2026-01-11,-35,0.21953152004666243,0.2292510108011678,0.22439126542391513,81032.771099050064,3407.4436236600745,50123.529128349139,0
2026-01-11,-34,0.2292510108011678,0.23940082017464343,0.2343259154879056,77568.048202990016,0,37590.237233530002,0
2026-01-11,-33,0.23940082017464343,0.25,0.24470041008732171,160647.13659172022,50051.007086700061,6647.6920551298754,0
2026-01-11,-32,0.25,0.26106844560685344,0.25553422280342675,91836.803337870107,0,68.252313059954091,0
2026-01-11,-31,0.26106844560685344,0.27262693316631442,0.26684768938658393,416185.05913056002,110341.36008832003,8033.790671109884,0
2026-01-11,-30,0.27262693316631442,0.28469715868917289,0.27866204592774368,88625.779024970019,0,1392.2791184599114,0
2026-01-11,-29,0.28469715868917289,0.29730177875068026,0.29099946871992655,31810.584624129999,0,33.05316589011656,0
2026-01-11,-28,0.29730177875068026,0.310464453018371,0.30388311588452566,36155.389143030006,0,4.372645000116437,0
2026-01-11,-26,0.32420988866275241,0.33856388673422316,0.33138688769848779,28772.874465270015,0,1.6608590001746284,0
2026-01-11,-22,0.38555270635198519,0.40262258298731357,0.39408764466964941,25545.267721840301,0,2683.2658816601165,0
2026-01-11,-21,0.40262258298731357,0.42044820762685725,0.41153539530708538,146767.87034888004,0,4.4799198499972714,0
2026-01-11,-16,0.5,0.52213689121370688,0.51106844560685349,12805.598699920049,0,741.56712234000349,0
2026-01-12,-43,0.1552322265091855,0.16210494433137621,0.15866858542028084,0,407646.29961446999,384.84032547000004,0
2026-01-12,-42,0.16210494433137621,0.16928194336711158,0.16569344384924389,13942.222073810395,11350.12104869993,74.231152110000011,0
2026-01-12,-41,0.16928194336711158,0.17677669529663689,0.17302931933187424,16642.097265410001,0,15.82982895,0
2026-01-12,-40,0.17677669529663689,0.18460326824243742,0.18068998176953716,532965.7226443101,4901.672486650039,407165.66541786812,0
2026-01-12,-39,0.18460326824243742,0.19277635317599259,0.18868981070921501,4499550.1725246403,0,56655.145645220597,0
2026-01-12,-38,0.19277635317599259,0.20131129149365679,0.1970438223348247,2661772.85753125,14285.989306350071,2548984.4975037738,0
2026-01-12,-37,0.20131129149365679,0.21022410381342863,0.20576769765354269,774286.71652608004,0,5434031.3956232648,0
2026-01-12,-36,0.21022410381342863,0.21953152004666243,0.21487781193004551,314690.75538419007,0,1659299.3208334201,0
2026-01-12,-35,0.21953152004666243,0.2292510108011678,0.22439126542391513,3271.315106580058,81168.877770320076,5433.6292392500036,0
2026-01-12,-34,0.2292510108011678,0.23940082017464343,0.2343259154879056,76489.818762370007,0,694.65557781000007,0
2026-01-12,-33,0.23940082017464343,0.25,0.24470041008732171,160095.81365240022,49941.399225710062,6647.6920551298754,0
2026-01-12,-32,0.25,0.26106844560685344,0.25553422280342675,91825.062889560097,0,68.252313059954091,0
2026-01-12,-31,0.26106844560685344,0.27262693316631442,0.26684768938658393,416049.78873040003,109659.61236636003,8033.790671109884,0
2026-01-12,-30,0.27262693316631442,0.28469715868917289,0.27866204592774368,88625.779024970019,0,1392.2791184599114,0
2026-01-12,-29,0.28469715868917289,0.29730177875068026,0.29099946871992655,31797.494581439998,0,33.05316589011656,0
2026-01-12,-28,0.29730177875068026,0.310464453018371,0.30388311588452566,36042.699344110006,0,4.372645000116437,0
2026-01-12,-26,0.32420988866275241,0.33856388673422316,0.33138688769848779,28772.874465270015,0,1.6608590001746284,0
2026-01-12,-22,0.38555270635198519,0.40262258298731357,0.39408764466964941,25504.647966510303,0,2683.2658816601165,0
2026-01-12,-21,0.40262258298731357,0.42044820762685725,0.41153539530708538,146767.87034888004,0,4.4799198499972714,0
2026-01-12,-16,0.5,0.52213689121370688,0.51106844560685349,12652.547287750049,0,741.56712234000349,0
2026-01-13,-43,0.1552322265091855,0.16210494433137621,0.15866858542028084,0,407511.19083540002,384.84032547000004,0
2026-01-13,-42,0.16210494433137621,0.16928194336711158,0.16569344384924389,13942.222073810395,11350.11551381995,74.231152110000011,0
2026-01-13,-41,0.16928194336711158,0.17677669529663689,0.17302931933187424,16642.097265410001,0,15.82982895,0
2026-01-13,-40,0.17677669529663689,0.18460326824243742,0.18068998176953716,532547.18951718009,4901.672486650039,88837.790276128129,0
2026-01-13,-39,0.18460326824243742,0.19277635317599259,0.18868981070921501,4499550.1725194799,0,54810.023321680601,0
2026-01-13,-38,0.19277635317599259,0.20131129149365679,0.1970438223348247,2493144.88523091,14080.669050620072,1709445.9256830998,0
2026-01-13,-37,0.20131129149365679,0.21022410381342863,0.20576769765354269,535773.5360763002,0,4070964.8372417898,0
2026-01-13,-36,0.21022410381342863,0.21953152004666243,0.21487781193004551,293153.10698621004,0,1310879.2712684141,0
2026-01-13,-35,0.21953152004666243,0.2292510108011678,0.22439126542391513,3195.0453005800578,81168.877770320076,5433.6292392500036,0
2026-01-13,-34,0.2292510108011678,0.23940082017464343,0.2343259154879056,340996.74316616997,0,2329617.8896620753,0
2026-01-13,-33,0.23940082017464343,0.25,0.24470041008732171,156671.53939814019,53132.193485670075,6647.6920551298754,0
2026-01-13,-32,0.25,0.26106844560685344,0.25553422280342675,91825.062889560097,0,68.252313059954091,0
2026-01-13,-31,0.26106844560685344,0.27262693316631442,0.26684768938658393,416044.78873040003,103915.86945436003,8033.790671109884,0
2026-01-13,-30,0.27262693316631442,0.28469715868917289,0.27866204592774368,88625.779024970019,0,1392.2791184599114,0
2026-01-13,-29,0.28469715868917289,0.29730177875068026,0.29099946871992655,31797.494581439998,0,33.05316589011656,0
2026-01-13,-28,0.29730177875068026,0.310464453018371,0.30388311588452566,35941.417055300008,0,4.372645000116437,0
2026-01-13,-26,0.32420988866275241,0.33856388673422316,0.33138688769848779,28672.874465270015,0,1.6608590001746284,0
2026-01-13,-22,0.38555270635198519,0.40262258298731357,0.39408764466964941,25485.057966510303,0,2683.2658816601165,0
2026-01-13,-21,0.40262258298731357,0.42044820762685725,0.41153539530708538,146767.87034888004,0,4.4799198499972714,0
2026-01-13,-16,0.5,0.52213689121370688,0.51106844560685349,12652.547287750049,0,741.56712234000349,0
2026-01-14,-43,0.1552322265091855,0.16210494433137621,0.15866858542028084,0,407282.46928848,384.84032547000004,0
2026-01-14,-42,0.16210494433137621,0.16928194336711158,0.16569344384924389,10361.524779030395,11350.11551381995,74.231152110000011,0
2026-01-14,-41,0.16928194336711158,0.17677669529663689,0.17302931933187424,15646.1502533,0,15.82982895,0
2026-01-14,-40,0.17677669529663689,0.18460326824243742,0.18068998176953716,510950.0043294201,4901.0613068200346,27359.576560119589,0
2026-01-14,-39,0.18460326824243742,0.19277635317599259,0.18868981070921501,4486145.5267187003,0,47694.809873880295,0
2026-01-14,-38,0.19277635317599259,0.20131129149365679,0.1970438223348247,2285778.2454717699,14055.774406280072,1269276.8572485,0
2026-01-14,-37,0.20131129149365679,0.21022410381342863,0.20576769765354269,376993.72850205004,0,3803928.653527942,0
2026-01-14,-36,0.21022410381342863,0.21953152004666243,0.21487781193004551,280392.07012758008,0,159109.72040137014,0
2026-01-14,-35,0.21953152004666243,0.2292510108011678,0.22439126542391513,2635.915518950058,80434.864935750069,4174.2311709300029,0
2026-01-14,-34,0.2292510108011678,0.23940082017464343,0.2343259154879056,85470.914554069997,0,2093985.2220361598,0
2026-01-14,-33,0.23940082017464343,0.25,0.24470041008732171,153673.56082224019,53011.211545880076,6635.3779389198753,0
2026-01-14,-32,0.25,0.26106844560685344,0.25553422280342675,88639.646811830098,0,68.252313059954091,0
2026-01-14,-31,0.26106844560685344,0.27262693316631442,0.26684768938658393,957173.34179790039,103678.06025649003,1773661.6450464854,0
2026-01-14,-30,0.27262693316631442,0.28469715868917289,0.27866204592774368,69418.670962960023,0,1392.2791184599114,0
2026-01-14,-29,0.28469715868917289,0.29730177875068026,0.29099946871992655,31749.443865289995,0,33.05316589011656,0
2026-01-14,-28,0.29730177875068026,0.310464453018371,0.30388311588452566,24834.220453540009,0,4.372645000116437,0
2026-01-14,-26,0.32420988866275241,0.33856388673422316,0.33138688769848779,28544.574554800016,0,1.6608590001746284,0
2026-01-14,-22,0.38555270635198519,0.40262258298731357,0.39408764466964941,0,25112.190741310304,2599.4055320501166,0
2026-01-14,-21,0.40262258298731357,0.42044820762685725,0.41153539530708538,146476.35931721004,0,4.4799198499972714,0
2026-01-14,-16,0.5,0.52213689121370688,0.51106844560685349,11847.610708670049,0,741.56712234000349,0
2026-01-15,-43,0.1552322265091855,0.16210494433137621,0.15866858542028084,0,406992.54092319997,384.84032547000004,0
2026-01-15,-42,0.16210494433137621,0.16928194336711158,0.16569344384924389,10361.524779030395,11350.11551381995,74.231152110000011,0
2026-01-15,-41,0.16928194336711158,0.17677669529663689,0.17302931933187424,15457.1502533,0,15.82982895,0
2026-01-15,-40,0.17677669529663689,0.18460326824243742,0.18068998176953716,508248.35232396011,4901.0613068200346,27249.38932011959,0
2026-01-15,-39,0.18460326824243742,0.19277635317599259,0.18868981070921501,4486116.2600424401,0,24490.566459840298,0
2026-01-15,-38,0.19277635317599259,0.20131129149365679,0.1970438223348247,2251102.10357477,14055.774406280072,925828.04456114839,0
2026-01-15,-37,0.20131129149365679,0.21022410381342863,0.20576769765354269,333793.12685027003,0,2756137.9186715237,0
2026-01-15,-36,0.21022410381342863,0.21953152004666243,0.21487781193004551,275330.72527902009,0,12770.655612940162,0
2026-01-15,-35,0.21953152004666243,0.2292510108011678,0.22439126542391513,2635.915518950058,80188.313666620073,4174.2311709300029,0
2026-01-15,-34,0.2292510108011678,0.23940082017464343,0.2343259154879056,81764.941133699991,0,2093985.2220361598,0
2026-01-15,-33,0.23940082017464343,0.25,0.24470041008732171,153673.56082224019,52918.842660030074,6635.3779389198753,0
2026-01-15,-32,0.25,0.26106844560685344,0.25553422280342675,88639.646811250102,0,68.252313059954091,0
2026-01-15,-31,0.26106844560685344,0.27262693316631442,0.26684768938658393,1045555.6750543504,103567.57482028003,2179055.1811141451,0
2026-01-15,-30,0.27262693316631442,0.28469715868917289,0.27866204592774368,66399.331481190035,0,1392.2791184599114,0
2026-01-15,-29,0.28469715868917289,0.29730177875068026,0.29099946871992655,31749.443865289995,0,33.05316589011656,0
2026-01-15,-28,0.29730177875068026,0.310464453018371,0.30388311588452566,24834.220453540009,0,4.372645000116437,0
2026-01-15,-26,0.32420988866275241,0.33856388673422316,0.33138688769848779,27826.354724370016,0,1.6608590001746284,0
2026-01-15,-22,0.38555270635198519,0.40262258298731357,0.39408764466964941,0,24420.159406340317,2599.4055320501166,0
2026-01-15,-21,0.40262258298731357,0.42044820762685725,0.41153539530708538,146476.35931721004,0,4.4799198499972714,0
2026-01-15,-16,0.5,0.52213689121370688,0.51106844560685349,0,11527.411884140049,741.56712234000349,0
2026-01-16,-43,0.1552322265091855,0.16210494433137621,0.15866858542028084,0,406979.22378086997,384.84032547000004,0
2026-01-16,-42,0.16210494433137621,0.16928194336711158,0.16569344384924389,10189.524272470399,11350.11551381995,74.231152110000011,0
2026-01-16,-41,0.16928194336711158,0.17677669529663689,0.17302931933187424,15457.1502533,0,15.82982895,0
2026-01-16,-40,0.17677669529663689,0.18460326824243742,0.18068998176953716,507587.75077498012,4901.0613068200346,27189.75280011959,0
2026-01-16,-39,0.18460326824243742,0.19277635317599259,0.18868981070921501,4485981.0974300997,0,22682.130459840297,0
2026-01-16,-38,0.19277635317599259,0.20131129149365679,0.1970438223348247,2249349.2128259498,14055.774406280072,516804.59604945255,0
2026-01-16,-37,0.20131129149365679,0.21022410381342863,0.20576769765354269,310575.16994360002,0,2615520.5980880698,0
2026-01-16,-36,0.21022410381342863,0.21953152004666243,0.21487781193004551,274112.68826822005,0,12770.655612940162,0
2026-01-16,-35,0.21953152004666243,0.2292510108011678,0.22439126542391513,2635.915518950058,80188.313666620073,4174.2311709300029,0
2026-01-16,-34,0.2292510108011678,0.23940082017464343,0.2343259154879056,81746.587350859991,0,2093970.3287824299,0
2026-01-16,-33,0.23940082017464343,0.25,0.24470041008732171,153673.56082224019,52918.842660030074,6635.3779389198753,0
2026-01-16,-32,0.25,0.26106844560685344,0.25553422280342675,88639.646811250102,0,68.252313059954091,0
2026-01-16,-31,0.26106844560685344,0.27262693316631442,0.26684768938658393,941305.06274366041,294957.16489169002,2490739.1129784449,0
2026-01-16,-30,0.27262693316631442,0.28469715868917289,0.27866204592774368,64944.815625940028,0,1392.2791184599114,0
2026-01-16,-29,0.28469715868917289,0.29730177875068026,0.29099946871992655,30977.252994609997,0,33.05316589011656,0
2026-01-16,-28,0.29730177875068026,0.310464453018371,0.30388311588452566,24828.980722710006,0,4.372645000116437,0
2026-01-16,-26,0.32420988866275241,0.33856388673422316,0.33138688769848779,25789.263485450014,0,1.6608590001746284,0
2026-01-16,-22,0.38555270635198519,0.40262258298731357,0.39408764466964941,0,24420.153941040317,2599.4055320501166,0
2026-01-16,-21,0.40262258298731357,0.42044820762685725,0.41153539530708538,146472.62514215006,0,4.4799198499972714,0
2026-01-16,-16,0.5,0.52213689121370688,0.51106844560685349,0,11527.411884140049,741.56712234000349,0
2026-01-17,-43,0.1552322265091855,0.16210494433137621,0.15866858542028084,0,406979.22378086997,384.84032547000004,0
2026-01-17,-42,0.16210494433137621,0.16928194336711158,0.16569344384924389,10189.524272470399,11350.11551381995,74.231152110000011,0
2026-01-17,-41,0.16928194336711158,0.17677669529663689,0.17302931933187424,15457.1502533,0,15.82982895,0
2026-01-17,-40,0.17677669529663689,0.18460326824243742,0.18068998176953716,507587.75077498012,4901.0613068200346,27148.738040119591,0
2026-01-17,-39,0.18460326824243742,0.19277635317599259,0.18868981070921501,4482626.1201737598,0,21669.930459840296,0
2026-01-17,-38,0.19277635317599259,0.20131129149365679,0.1970438223348247,2246562.9706989299,14055.774201370072,116453.76825691349,0
2026-01-17,-37,0.20131129149365679,0.21022410381342863,0.20576769765354269,303999.81952729006,0,2482430.2722737589,0
2026-01-17,-36,0.21022410381342863,0.21953152004666243,0.21487781193004551,273947.79172405007,0,12770.655612940162,0
2026-01-17,-35,0.21953152004666243,0.2292510108011678,0.22439126542391513,2635.915518950058,80187.822664390071,4174.2311709300029,0
2026-01-17,-34,0.2292510108011678,0.23940082017464343,0.2343259154879056,74716.189292100011,0,2093970.3287824299,0
2026-01-17,-33,0.23940082017464343,0.25,0.24470041008732171,151593.64864414019,52827.469618340074,6635.3779389198753,0
2026-01-17,-32,0.25,0.26106844560685344,0.25553422280342675,87565.5046432401,0,68.252313059954091,0
2026-01-17,-31,0.26106844560685344,0.27262693316631442,0.26684768938658393,690216.19675223005,294755.72007330001,2375452.7598832492,0
2026-01-17,-30,0.27262693316631442,0.28469715868917289,0.27866204592774368,328171.68578368041,0,422746.3335064954,0
2026-01-17,-29,0.28469715868917289,0.29730177875068026,0.29099946871992655,30977.252994609997,0,33.05316589011656,0
2026-01-17,-28,0.29730177875068026,0.310464453018371,0.30388311588452566,24828.980722710006,0,4.372645000116437,0
2026-01-17,-26,0.32420988866275241,0.33856388673422316,0.33138688769848779,24449.131792290013,0,1.6608590001746284,0
2026-01-17,-22,0.38555270635198519,0.40262258298731357,0.39408764466964941,0,24319.787085320317,2599.4055320501166,0
2026-01-17,-21,0.40262258298731357,0.42044820762685725,0.41153539530708538,0,146472.62514215006,4.4799198499972714,0
2026-01-17,-16,0.5,0.52213689121370688,0.51106844560685349,0,11516.428256320049,741.56712234000349,0
2026-01-18,-43,0.1552322265091855,0.16210494433137621,0.15866858542028084,0,406979.22378086997,384.84032547000004,0
2026-01-18,-42,0.16210494433137621,0.16928194336711158,0.16569344384924389,10189.524272470399,11350.11551381995,74.231152110000011,0
2026-01-18,-41,0.16928194336711158,0.17677669529663689,0.17302931933187424,15457.1502533,0,15.82982895,0
2026-01-18,-40,0.17677669529663689,0.18460326824243742,0.18068998176953716,506763.25687008008,4901.0613068200346,27148.738040119591,0
2026-01-18,-39,0.18460326824243742,0.19277635317599259,0.18868981070921501,4481307.9331670199,0,21315.687659840296,0
2026-01-18,-38,0.19277635317599259,0.20131129149365679,0.1970438223348247,2245476.4512702301,14055.774201360071,55880.470343209869,0
2026-01-18,-37,0.20131129149365679,0.21022410381342863,0.20576769765354269,227000.97428510003,0,2136460.9310880327,0
2026-01-18,-36,0.21022410381342863,0.21953152004666243,0.21487781193004551,273314.76777449006,0,12770.655612940162,0
2026-01-18,-35,0.21953152004666243,0.2292510108011678,0.22439126542391513,2635.915518950058,80187.822664390071,4174.2311709300029,0
2026-01-18,-34,0.2292510108011678,0.23940082017464343,0.2343259154879056,74308.898979780002,0,2093970.3287824299,0
2026-01-18,-33,0.23940082017464343,0.25,0.24470041008732171,150073.71360998019,52586.167597610074,6635.3779389198753,0
2026-01-18,-32,0.25,0.26106844560685344,0.25553422280342675,87565.5046432401,0,68.252313059954091,0
2026-01-18,-31,0.26106844560685344,0.27262693316631442,0.26684768938658393,678249.84404970997,294621.82502039004,2375132.1666103494,0
2026-01-18,-30,0.27262693316631442,0.28469715868917289,0.27866204592774368,330166.30811507039,0,872988.39752356545,0
2026-01-18,-29,0.28469715868917289,0.29730177875068026,0.29099946871992655,16997.617603590006,13979.63539101999,33.05316589011656,0
2026-01-18,-28,0.29730177875068026,0.310464453018371,0.30388311588452566,24828.980722710006,0,4.372645000116437,0
2026-01-18,-26,0.32420988866275241,0.33856388673422316,0.33138688769848779,24428.377736350016,0,1.6608590001746284,0
2026-01-18,-22,0.38555270635198519,0.40262258298731357,0.39408764466964941,0,24307.682780740317,2599.4055320501166,0
2026-01-18,-21,0.40262258298731357,0.42044820762685725,0.41153539530708538,0,146362.62514215006,4.4799198499972714,0
2026-01-18,-16,0.5,0.52213689121370688,0.51106844560685349,0,11507.896344620049,741.56712234000349,0
2026-01-19,-43,0.1552322265091855,0.16210494433137621,0.15866858542028084,0,406588.42181133002,384.84032547000004,0
2026-01-19,-42,0.16210494433137621,0.16928194336711158,0.16569344384924389,10166.657959250399,9549.183099229951,74.231152110000011,0
2026-01-19,-41,0.16928194336711158,0.17677669529663689,0.17302931933187424,15284.860253300001,0,15.82982895,0
2026-01-19,-40,0.17677669529663689,0.18460326824243742,0.18068998176953716,505742.47103383008,4901.0613068200346,26391.566171039591,0
2026-01-19,-39,0.18460326824243742,0.19277635317599259,0.18868981070921501,4479059.2525088806,0,21315.687659840296,0
2026-01-19,-38,0.19277635317599259,0.20131129149365679,0.1970438223348247,2232229.5942437598,14055.774201360071,55824.858938939869,0
2026-01-19,-37,0.20131129149365679,0.21022410381342863,0.20576769765354269,217566.94965676003,0,1718427.1441936826,0
2026-01-19,-36,0.21022410381342863,0.21953152004666243,0.21487781193004551,272781.9250912501,0,12770.655612940162,0
2026-01-19,-35,0.21953152004666243,0.2292510108011678,0.22439126542391513,2543.8062761100578,80187.822664390071,4174.2311709300029,0
2026-01-19,-34,0.2292510108011678,0.23940082017464343,0.2343259154879056,39148.972339839995,35011.228551540007,2093970.3287824299,0
2026-01-19,-33,0.23940082017464343,0.25,0.24470041008732171,149670.8254012102,52586.167597610074,6635.3779389198753,0
2026-01-19,-32,0.25,0.26106844560685344,0.25553422280342675,87199.377701020101,0,68.252313059954091,0
2026-01-19,-31,0.26106844560685344,0.27262693316631442,0.26684768938658393,759197.9074985804,293632.60828459001,2989732.7791018547,0
2026-01-19,-30,0.27262693316631442,0.28469715868917289,0.27866204592774368,112151.59431672002,0,789363.69711998024,0
2026-01-19,-29,0.28469715868917289,0.29730177875068026,0.29099946871992655,16997.617603590006,13351.33637741999,33.05316589011656,0
2026-01-19,-28,0.29730177875068026,0.310464453018371,0.30388311588452566,24828.980722710006,0,4.372645000116437,0
2026-01-19,-26,0.32420988866275241,0.33856388673422316,0.33138688769848779,24428.377736350016,0,1.6608590001746284,0
2026-01-19,-22,0.38555270635198519,0.40262258298731357,0.39408764466964941,0,24307.682780730313,2599.4055320501166,0
2026-01-19,-21,0.40262258298731357,0.42044820762685725,0.41153539530708538,0,146362.62514215006,4.4799198499972714,0
2026-01-19,-16,0.5,0.52213689121370688,0.51106844560685349,0,11507.896344620049,741.56712234000349,0
2026-01-20,-43,0.1552322265091855,0.16210494433137621,0.15866858542028084,0,406588.42181133002,384.84032547000004,0
2026-01-20,-42,0.16210494433137621,0.16928194336711158,0.16569344384924389,10166.657959250399,9549.183099229951,74.231152110000011,0
2026-01-20,-41,0.16928194336711158,0.17677669529663689,0.17302931933187424,15284.860253300001,0,15.82982895,0
2026-01-20,-40,0.17677669529663689,0.18460326824243742,0.18068998176953716,501907.0622068501,4901.0613068200346,26369.218781039592,0
2026-01-20,-39,0.18460326824243742,0.19277635317599259,0.18868981070921501,4479059.2525088806,0,21315.687659840296,0
2026-01-20,-38,0.19277635317599259,0.20131129149365679,0.1970438223348247,2232072.0709764501,14055.774201360071,48971.288157149873,0
2026-01-20,-37,0.20131129149365679,0.21022410381342863,0.20576769765354269,217415.96226706004,0,1472546.7070386924,0
2026-01-20,-36,0.21022410381342863,0.21953152004666243,0.21487781193004551,272738.5776646501,0,7804.653149650162,0
2026-01-20,-35,0.21953152004666243,0.2292510108011678,0.22439126542391513,2341.9894993100579,80187.822664390071,4174.2311709300029,0
2026-01-20,-34,0.2292510108011678,0.23940082017464343,0.2343259154879056,37701.365897619995,35011.228551540007,2093970.3287824299,0
2026-01-20,-33,0.23940082017464343,0.25,0.24470041008732171,144821.85525622018,52573.617597610079,6635.3779389198753,0
2026-01-20,-32,0.25,0.26106844560685344,0.25553422280342675,87199.377701020101,0,68.252313059954091,0
2026-01-20,-31,0.26106844560685344,0.27262693316631442,0.26684768938658393,704371.35193254042,385392.28658083006,3176050.8191179647,0
2026-01-20,-30,0.27262693316631442,0.28469715868917289,0.27866204592774368,112023.78283994,0,788883.64578940987,0
2026-01-20,-29,0.28469715868917289,0.29730177875068026,0.29099946871992655,16940.443686930008,11628.656945789991,33.05316589011656,0
2026-01-20,-28,0.29730177875068026,0.310464453018371,0.30388311588452566,24828.980722710006,0,4.372645000116437,0
2026-01-20,-26,0.32420988866275241,0.33856388673422316,0.33138688769848779,24228.121356120013,0,1.6608590001746284,0
2026-01-20,-22,0.38555270635198519,0.40262258298731357,0.39408764466964941,0,24307.682780730313,2599.4055320501166,0
2026-01-20,-21,0.40262258298731357,0.42044820762685725,0.41153539530708538,0,144489.86499479006,4.4799198499972714,0
2026-01-20,-16,0.5,0.52213689121370688,0.51106844560685349,0,11507.896344620049,741.56712234000349,0
2026-01-21,-43,0.1552322265091855,0.16210494433137621,0.15866858542028084,0,405980.88093823998,384.84032547000004,0
2026-01-21,-42,0.16210494433137621,0.16928194336711158,0.16569344384924389,8461.330075870399,9549.183099229951,74.231152110000011,0
2026-01-21,-41,0.16928194336711158,0.17677669529663689,0.17302931933187424,15284.860253300001,0,15.82982895,0
2026-01-21,-40,0.17677669529663689,0.18460326824243742,0.18068998176953716,494508.43224992009,4901.0613068200346,26346.885991039591,0
2026-01-21,-39,0.18460326824243742,0.19277635317599259,0.18868981070921501,4472757.9719885504,0,17819.590659840298,0
2026-01-21,-38,0.19277635317599259,0.20131129149365679,0.1970438223348247,2217485.2210267,14055.77420135007,48926.48122682987,0
2026-01-21,-37,0.20131129149365679,0.21022410381342863,0.20576769765354269,208088.53029137003,0,1126604.9069524526,0
2026-01-21,-36,0.21022410381342863,0.21953152004666243,0.21487781193004551,265751.47408160008,0,7804.653149650162,0
2026-01-21,-35,0.21953152004666243,0.2292510108011678,0.22439126542391513,2336.922424740058,80187.822664390071,4174.2311709300029,0
2026-01-21,-34,0.2292510108011678,0.23940082017464343,0.2343259154879056,35920.124294729998,33911.228551540007,2093970.3287824299,0
2026-01-21,-33,0.23940082017464343,0.25,0.24470041008732171,27146.914100430178,170101.59199121009,6635.3779389198753,0
2026-01-21,-32,0.25,0.26106844560685344,0.25553422280342675,87071.210719950104,0,68.252313059954091,0
2026-01-21,-31,0.26106844560685344,0.27262693316631442,0.26684768938658393,514991.66162741004,384437.00576048001,3018051.7767549292,0
2026-01-21,-30,0.27262693316631442,0.28469715868917289,0.27866204592774368,89815.13407226,0,788277.71782620996,0
2026-01-21,-29,0.28469715868917289,0.29730177875068026,0.29099946871992655,16940.443686930008,11625.72994970999,33.05316589011656,0
2026-01-21,-28,0.29730177875068026,0.310464453018371,0.30388311588452566,160479.6631604704,0,704858.36044480558,0
2026-01-21,-26,0.32420988866275241,0.33856388673422316,0.33138688769848779,24228.121356120013,0,1.6608590001746284,0
2026-01-21,-22,0.38555270635198519,0.40262258298731357,0.39408764466964941,0,24307.682780730313,2599.4055320501166,0
2026-01-21,-21,0.40262258298731357,0.42044820762685725,0.41153539530708538,0,144364.43312854005,4.4799198499972714,0
2026-01-21,-16,0.5,0.52213689121370688,0.51106844560685349,0,11507.896344620049,741.56712234000349,0
2026-01-22,-43,0.1552322265091855,0.16210494433137621,0.15866858542028084,0,405896.07873513998,384.84032547000004,0
2026-01-22,-42,0.16210494433137621,0.16928194336711158,0.16569344384924389,8461.330075870399,9549.183099229951,74.231152110000011,0
2026-01-22,-41,0.16928194336711158,0.17677669529663689,0.17302931933187424,15284.860253300001,0,15.82982895,0
2026-01-22,-40,0.17677669529663689,0.18460326824243742,0.18068998176953716,492942.38704129012,4881.831306820035,26328.582101039592,0
2026-01-22,-39,0.18460326824243742,0.19277635317599259,0.18868981070921501,4461684.9084029403,0,16359.287859840297,0
2026-01-22,-38,0.19277635317599259,0.20131129149365679,0.1970438223348247,2188983.3402364198,14055.77420135007,48855.944696969869,0
2026-01-22,-37,0.20131129149365679,0.21022410381342863,0.20576769765354269,190496.91259955004,0,630273.72998213256,0
2026-01-22,-36,0.21022410381342863,0.21953152004666243,0.21487781193004551,260404.46661278006,0,7804.653149650162,0
2026-01-22,-35,0.21953152004666243,0.2292510108011678,0.22439126542391513,2336.922424740058,80187.822664390071,4174.2311709300029,0
2026-01-22,-34,0.2292510108011678,0.23940082017464343,0.2343259154879056,32399.445070849997,32146.013330450009,2093955.4741656899,0
2026-01-22,-33,0.23940082017464343,0.25,0.24470041008732171,26526.422675100177,169509.19131681009,6635.3779389198753,0
2026-01-22,-32,0.25,0.26106844560685344,0.25553422280342675,86230.8022354001,0,68.252313059954091,0
2026-01-22,-31,0.26106844560685344,0.27262693316631442,0.26684768938658393,414180.81106788001,383113.83235967002,3017540.8901545797,0
2026-01-22,-30,0.27262693316631442,0.28469715868917289,0.27866204592774368,72229.110712490045,0,788277.71782620996,0
2026-01-22,-29,0.28469715868917289,0.29730177875068026,0.29099946871992655,16146.863888600006,11592.95762592999,33.05316589011656,0
2026-01-22,-28,0.29730177875068026,0.310464453018371,0.30388311588452566,28395.931501510026,0,648713.35434723017,0
2026-01-22,-26,0.32420988866275241,0.33856388673422316,0.33138688769848779,103313.78182131055,24228.121356120013,796419.96766554518,0
2026-01-22,-22,0.38555270635198519,0.40262258298731357,0.39408764466964941,0,12855.989314950315,2599.4055320501166,0
2026-01-22,-21,0.40262258298731357,0.42044820762685725,0.41153539530708538,0,139500.75112954006,4.4799198499972714,0
2026-01-22,-16,0.5,0.52213689121370688,0.51106844560685349,0,11315.037271530049,741.56712234000349,0
2026-01-23,-43,0.1552322265091855,0.16210494433137621,0.15866858542028084,0,405880.71873513999,384.84032547000004,0
2026-01-23,-42,0.16210494433137621,0.16928194336711158,0.16569344384924389,8461.330075870399,9549.183099229951,74.231152110000011,0
2026-01-23,-41,0.16928194336711158,0.17677669529663689,0.17302931933187424,15284.860253300001,0,15.82982895,0
2026-01-23,-40,0.17677669529663689,0.18460326824243742,0.18068998176953716,486872.2385904601,4881.831306820035,26328.582101039592,0
2026-01-23,-39,0.18460326824243742,0.19277635317599259,0.18868981070921501,4411302.2584985401,0,1918.7499512802965,0
2026-01-23,-38,0.19277635317599259,0.20131129149365679,0.1970438223348247,2188897.60441445,14055.77420135007,39359.22551195987,0
2026-01-23,-37,0.20131129149365679,0.21022410381342863,0.20576769765354269,186262.44948160005,0,481479.89164605353,0
2026-01-23,-36,0.21022410381342863,0.21953152004666243,0.21487781193004551,260328.88975669007,0,7804.653149650162,0
2026-01-23,-35,0.21953152004666243,0.2292510108011678,0.22439126542391513,2336.8661389400577,80185.814491230078,4174.2311709300029,0
2026-01-23,-34,0.2292510108011678,0.23940082017464343,0.2343259154879056,22930.793795919999,31791.719735200008,1933182.0323316199,0
2026-01-23,-33,0.23940082017464343,0.25,0.24470041008732171,26526.422675100177,169201.04675600008,2760.7112600098772,0
2026-01-23,-32,0.25,0.26106844560685344,0.25553422280342675,85686.161332540098,0,68.252313059954091,0
2026-01-23,-31,0.26106844560685344,0.27262693316631442,0.26684768938658393,410206.99846902007,382981.99246923003,2728443.730361579,0
2026-01-23,-30,0.27262693316631442,0.28469715868917289,0.27866204592774368,70167.856688140018,0,788277.71782620996,0
2026-01-23,-29,0.28469715868917289,0.29730177875068026,0.29099946871992655,16146.863888600006,11510.080341269992,33.05316589011656,0
2026-01-23,-28,0.29730177875068026,0.310464453018371,0.30388311588452566,2826.2378188300067,23651.816749740006,648713.35434723017,0
2026-01-23,-27,0.310464453018371,0.32420988866275241,0.31733717084056168,209706.71594163042,0,217544.48859272545,0
2026-01-23,-26,0.32420988866275241,0.33856388673422316,0.33138688769848779,18918.002712300146,24201.619002140014,761730.08068465965,0
2026-01-23,-22,0.38555270635198519,0.40262258298731357,0.39408764466964941,0,12855.989314950315,2599.4055320501166,0
2026-01-23,-21,0.40262258298731357,0.42044820762685725,0.41153539530708538,0,139433.78574711006,4.4799198499972714,0
2026-01-23,-16,0.5,0.52213689121370688,0.51106844560685349,0,11258.645634910048,741.56712234000349,0
2026-01-24,-43,0.1552322265091855,0.16210494433137621,0.15866858542028084,0,405857.26988872001,384.84032547000004,0
2026-01-24,-42,0.16210494433137621,0.16928194336711158,0.16569344384924389,8461.330075870399,9549.183099229951,74.231152110000011,0
2026-01-24,-41,0.16928194336711158,0.17677669529663689,0.17302931933187424,15284.860253300001,0,15.82982895,0
2026-01-24,-40,0.17677669529663689,0.18460326824243742,0.18068998176953716,486859.68317690009,4843.1628888800351,25912.843333709585,0
2026-01-24,-39,0.18460326824243742,0.19277635317599259,0.18868981070921501,4410656.7327985503,0,1918.7499512802965,0
2026-01-24,-38,0.19277635317599259,0.20131129149365679,0.1970438223348247,2188874.5843228502,14055.77420135007,39277.506317229869,0
2026-01-24,-37,0.20131129149365679,0.21022410381342863,0.20576769765354269,186106.76805357003,0,399041.4321336135,0
2026-01-24,-36,0.21022410381342863,0.21953152004666243,0.21487781193004551,260328.88975597007,0,7667.2985517101688,0
2026-01-24,-35,0.21953152004666243,0.2292510108011678,0.22439126542391513,2336.8661389400577,80097.697033270073,4174.2311709300029,0
2026-01-24,-34,0.2292510108011678,0.23940082017464343,0.2343259154879056,22910.420869189998,31778.567275410009,1933180.7829221599,0
2026-01-24,-33,0.23940082017464343,0.25,0.24470041008732171,26464.033012070176,169031.3262074801,2760.7112600098772,0
2026-01-24,-32,0.25,0.26106844560685344,0.25553422280342675,85686.161332540098,0,68.252313059954091,0
2026-01-24,-31,0.26106844560685344,0.27262693316631442,0.26684768938658393,408561.99846902007,382848.14574398001,2727972.8303615786,0
2026-01-24,-30,0.27262693316631442,0.28469715868917289,0.27866204592774368,70167.856678800017,0,788277.71782620996,0
2026-01-24,-29,0.28469715868917289,0.29730177875068026,0.29099946871992655,0,27625.628454549998,33.05316589011656,0
2026-01-24,-28,0.29730177875068026,0.310464453018371,0.30388311588452566,2826.2378188300067,23581.526425530006,648713.35434723017,0
2026-01-24,-27,0.310464453018371,0.32420988866275241,0.31733717084056168,243949.26489271055,0,286357.79665132548,0
2026-01-24,-26,0.32420988866275241,0.33856388673422316,0.33138688769848779,18280.23932554002,24175.762391350014,761574.00020118966,0
2026-01-24,-22,0.38555270635198519,0.40262258298731357,0.39408764466964941,0,12855.989314950315,2599.4055320501166,0
2026-01-24,-21,0.40262258298731357,0.42044820762685725,0.41153539530708538,0,139433.78574711006,4.4799198499972714,0
2026-01-24,-16,0.5,0.52213689121370688,0.51106844560685349,0,11198.076658640048,741.56712234000349,0
2026-01-25,-43,0.1552322265091855,0.16210494433137621,0.15866858542028084,0,405857.26988872001,384.84032547000004,0
2026-01-25,-42,0.16210494433137621,0.16928194336711158,0.16569344384924389,8461.330075870399,9516.6150765599505,74.231152110000011,0
2026-01-25,-41,0.16928194336711158,0.17677669529663689,0.17302931933187424,15284.860253300001,0,15.82982895,0
2026-01-25,-40,0.17677669529663689,0.18460326824243742,0.18068998176953716,486859.68317690009,4814.6090442700352,25912.843333709585,0
2026-01-25,-39,0.18460326824243742,0.19277635317599259,0.18868981070921501,4410655.7327985503,0,1918.7499512802965,0
2026-01-25,-38,0.19277635317599259,0.20131129149365679,0.1970438223348247,2188715.2173191998,14055.77420135007,39277.506317229869,0
2026-01-25,-37,0.20131129149365679,0.21022410381342863,0.20576769765354269,182144.57014102003,0,325433.63403926353,0
2026-01-25,-36,0.21022410381342863,0.21953152004666243,0.21487781193004551,260328.88975597007,0,7667.2985517101688,0
2026-01-25,-35,0.21953152004666243,0.2292510108011678,0.22439126542391513,2336.8661389400577,80043.543658600072,4174.2311709300029,0
2026-01-25,-34,0.2292510108011678,0.23940082017464343,0.2343259154879056,22910.420869189998,31778.567275410009,1933180.7829221599,0
2026-01-25,-33,0.23940082017464343,0.25,0.24470041008732171,11617.56667693017,183661.07131695011,2760.7112600098772,0
2026-01-25,-32,0.25,0.26106844560685344,0.25553422280342675,85686.161332540098,0,68.252313059954091,0
2026-01-25,-31,0.26106844560685344,0.27262693316631442,0.26684768938658393,399693.47175979009,382332.02716895001,2725284.3103615786,0
2026-01-25,-30,0.27262693316631442,0.28469715868917289,0.27866204592774368,70167.856678800017,0,788277.71782620996,0
2026-01-25,-29,0.28469715868917289,0.29730177875068026,0.29099946871992655,0,27416.526586179996,33.05316589011656,0
2026-01-25,-28,0.29730177875068026,0.310464453018371,0.30388311588452566,158831.59600887075,23482.180221860006,960729.21527463547,0
2026-01-25,-27,0.310464453018371,0.32420988866275241,0.31733717084056168,181408.0924104999,0,235608.5671279901,0
2026-01-25,-26,0.32420988866275241,0.33856388673422316,0.33138688769848779,16931.435994169969,24128.459773010014,761197.43715582963,0
2026-01-25,-22,0.38555270635198519,0.40262258298731357,0.39408764466964941,0,12855.865610590314,2599.4055320501166,0
2026-01-25,-21,0.40262258298731357,0.42044820762685725,0.41153539530708538,0,139433.78574711006,4.4799198499972714,0
2026-01-25,-16,0.5,0.52213689121370688,0.51106844560685349,0,11198.076658640048,741.56712234000349,0
2026-01-26,-43,0.1552322265091855,0.16210494433137621,0.15866858542028084,0,405699.6389816,384.84032547000004,0
2026-01-26,-42,0.16210494433137621,0.16928194336711158,0.16569344384924389,8461.330075870399,9491.6150765599505,74.231152110000011,0
2026-01-26,-41,0.16928194336711158,0.17677669529663689,0.17302931933187424,15284.860253300001,0,15.82982895,0
2026-01-26,-40,0.17677669529663689,0.18460326824243742,0.18068998176953716,486858.74511538009,4814.6090442700352,25912.843333709585,0
2026-01-26,-39,0.18460326824243742,0.19277635317599259,0.18868981070921501,4400154.9855368203,0,1918.7499512802965,0
2026-01-26,-38,0.19277635317599259,0.20131129149365679,0.1970438223348247,2182812.5932180202,13855.699258880071,39254.247833799869,0
2026-01-26,-37,0.20131129149365679,0.21022410381342863,0.20576769765354269,173090.26847323004,0,118926.0001373335,0
2026-01-26,-36,0.21022410381342863,0.21953152004666243,0.21487781193004551,219866.41413094007,0,7667.2985517101688,0
2026-01-26,-35,0.21953152004666243,0.2292510108011678,0.22439126542391513,2336.8661389400577,80043.543658600072,4174.2311709300029,0
2026-01-26,-34,0.2292510108011678,0.23940082017464343,0.2343259154879056,22910.420869189998,29477.072595180009,1933180.7829221599,0
2026-01-26,-33,0.23940082017464343,0.25,0.24470041008732171,10184.206636730158,182632.62054138011,2760.7112600098772,0
2026-01-26,-32,0.25,0.26106844560685344,0.25553422280342675,85686.161332540098,0,68.252313059954091,0
2026-01-26,-31,0.26106844560685344,0.27262693316631442,0.26684768938658393,397527.35205195006,352374.39578117005,2672530.4803615888,0
2026-01-26,-30,0.27262693316631442,0.28469715868917289,0.27866204592774368,66344.232392620019,3810.2072896900031,788277.71782620996,0
2026-01-26,-29,0.28469715868917289,0.29730177875068026,0.29099946871992655,0,26462.823582669997,33.05316589011656,0
2026-01-26,-28,0.29730177875068026,0.310464453018371,0.30388311588452566,384791.88561426074,23482.180221860006,1225237.8242218751,0
2026-01-26,-27,0.310464453018371,0.32420988866275241,0.31733717084056168,151704.21387655998,0,215543.32883232,0
2026-01-26,-26,0.32420988866275241,0.33856388673422316,0.33138688769848779,10348.375822529979,24128.459773010014,758828.90275177022,0
2026-01-26,-22,0.38555270635198519,0.40262258298731357,0.39408764466964941,0,12361.102728990314,2599.4055320501166,0
2026-01-26,-21,0.40262258298731357,0.42044820762685725,0.41153539530708538,0,139284.72942620007,4.4799198499972714,0
2026-01-26,-16,0.5,0.52213689121370688,0.51106844560685349,0,11185.646658640049,741.56712234000349,0
2026-01-27,-43,0.1552322265091855,0.16210494433137621,0.15866858542028084,0,405599.42398089002,384.84032547000004,0
2026-01-27,-42,0.16210494433137621,0.16928194336711158,0.16569344384924389,8461.330075870399,9422.7097589799505,74.231152110000011,0
2026-01-27,-41,0.16928194336711158,0.17677669529663689,0.17302931933187424,15284.860253300001,0,15.82982895,0
2026-01-27,-40,0.17677669529663689,0.18460326824243742,0.18068998176953716,486858.74511538009,4814.6090442700352,25912.843333709585,0
2026-01-27,-39,0.18460326824243742,0.19277635317599259,0.18868981070921501,4400154.9855368203,0,537.79400750028844,0
2026-01-27,-38,0.19277635317599259,0.20131129149365679,0.1970438223348247,2182812.5932174399,11697.525727200071,38135.548585229866,0
2026-01-27,-37,0.20131129149365679,0.21022410381342863,0.20576769765354269,172087.91656910005,0,12167.118182020155,0
2026-01-27,-36,0.21022410381342863,0.21953152004666243,0.21487781193004551,206713.02421571006,0,7667.2985517101688,0
2026-01-27,-35,0.21953152004666243,0.2292510108011678,0.22439126542391513,2336.8661389400577,80043.543658600072,4174.2311709300029,0
2026-01-27,-34,0.2292510108011678,0.23940082017464343,0.2343259154879056,21455.869591539999,29424.201948430007,1859283.1394772532,0
2026-01-27,-33,0.23940082017464343,0.25,0.24470041008732171,10184.206636730158,182618.71658605008,2760.7112600098772,0
2026-01-27,-32,0.25,0.26106844560685344,0.25553422280342675,85320.996064550098,0,68.252313059954091,0
2026-01-27,-31,0.26106844560685344,0.27262693316631442,0.26684768938658393,375854.01982442004,357478.03297574003,2649385.2329999297,0
2026-01-27,-30,0.27262693316631442,0.28469715868917289,0.27866204592774368,235984.12499941053,3810.2072896900031,993941.64073813439,0
2026-01-27,-29,0.28469715868917289,0.29730177875068026,0.29099946871992655,0,26462.823582669997,33.05316589011656,0
2026-01-27,-28,0.29730177875068026,0.310464453018371,0.30388311588452566,251901.18208692016,23482.180221860006,1153271.6438548195,0
2026-01-27,-27,0.310464453018371,0.32420988866275241,0.31733717084056168,146121.38840188997,0,215543.32883232,0
2026-01-27,-26,0.32420988866275241,0.33856388673422316,0.33138688769848779,10231.892863699966,24128.459773010014,757757.41634708026,0
2026-01-27,-22,0.38555270635198519,0.40262258298731357,0.39408764466964941,0,12361.102728990314,2599.4055320501166,0
2026-01-27,-21,0.40262258298731357,0.42044820762685725,0.41153539530708538,0,139141.47311346006,4.4799198499972714,0
2026-01-27,-16,0.5,0.52213689121370688,0.51106844560685349,0,11185.646658640049,741.56712234000349,0
2026-01-28,-43,0.1552322265091855,0.16210494433137621,0.15866858542028084,0,405599.42398089002,384.84032547000004,0
2026-01-28,-42,0.16210494433137621,0.16928194336711158,0.16569344384924389,8461.330075870399,9422.7097589799505,74.231152110000011,0
2026-01-28,-41,0.16928194336711158,0.17677669529663689,0.17302931933187424,15284.860253300001,0,15.82982895,0
2026-01-28,-40,0.17677669529663689,0.18460326824243742,0.18068998176953716,486858.74511538009,4814.6090442700352,25912.843333709585,0
2026-01-28,-39,0.18460326824243742,0.19277635317599259,0.18868981070921501,4400154.98553624,0,537.79400750028844,0
2026-01-28,-38,0.19277635317599259,0.20131129149365679,0.1970438223348247,2182631.4612191799,11697.525727200071,38135.548585229866,0
2026-01-28,-37,0.20131129149365679,0.21022410381342863,0.20576769765354269,170833.65363433005,0,12167.118182020155,0
2026-01-28,-36,0.21022410381342863,0.21953152004666243,0.21487781193004551,205121.20059427005,0,7667.2985517101688,0
2026-01-28,-35,0.21953152004666243,0.2292510108011678,0.22439126542391513,2336.8661389200015,80043.543658600072,4174.2311709300029,0
2026-01-28,-34,0.2292510108011678,0.23940082017464343,0.2343259154879056,21357.9423135,29424.201948430007,1809366.6996677134,0
2026-01-28,-33,0.23940082017464343,0.25,0.24470041008732171,516.94892966015846,192156.5785356501,2760.7112600098772,0
2026-01-28,-32,0.25,0.26106844560685344,0.25553422280342675,219043.92532165031,0,148966.34937642509,0
2026-01-28,-31,0.26106844560685344,0.27262693316631442,0.26684768938658393,371840.91110371007,357360.84333976003,2586468.9859214798,0
2026-01-28,-30,0.27262693316631442,0.28469715868917289,0.27866204592774368,174563.35980004049,3810.2072896900031,819562.37764770025,0
2026-01-28,-29,0.28469715868917289,0.29730177875068026,0.29099946871992655,0,26462.823582669997,33.05316589011656,0
2026-01-28,-28,0.29730177875068026,0.310464453018371,0.30388311588452566,178592.43169100006,23470.106898890008,894961.08970321843,0
2026-01-28,-27,0.310464453018371,0.32420988866275241,0.31733717084056168,137721.33544721996,0,181826.46072912001,0
2026-01-28,-26,0.32420988866275241,0.33856388673422316,0.33138688769848779,10231.892863699966,24128.459773010014,657379.94949007023,0
2026-01-28,-22,0.38555270635198519,0.40262258298731357,0.39408764466964941,0,12361.102728990314,2599.4055320501166,0
2026-01-28,-21,0.40262258298731357,0.42044820762685725,0.41153539530708538,0,139141.47311346006,4.4799198499972714,0
2026-01-28,-16,0.5,0.52213689121370688,0.51106844560685349,0,11185.646658640049,741.56712234000349,0
2026-01-29,-43,0.1552322265091855,0.16210494433137621,0.15866858542028084,0,405584.73769297998,384.84032547000004,0
2026-01-29,-42,0.16210494433137621,0.16928194336711158,0.16569344384924389,8461.330075870399,9422.7097589799505,74.231152110000011,0
2026-01-29,-41,0.16928194336711158,0.17677669529663689,0.17302931933187424,15202.6502533,0,15.82982895,0
2026-01-29,-40,0.17677669529663689,0.18460326824243742,0.18068998176953716,486527.72899665008,4814.6090442700352,25912.843333709585,0
2026-01-29,-39,0.18460326824243742,0.19277635317599259,0.18868981070921501,4398609.4372532601,0,537.79400750028844,0
2026-01-29,-38,0.19277635317599259,0.20131129149365679,0.1970438223348247,2178129.2040627701,11669.145727200072,38135.548585229866,0
2026-01-29,-37,0.20131129149365679,0.21022410381342863,0.20576769765354269,156196.26228308005,0,12167.118182020155,0
2026-01-29,-36,0.21022410381342863,0.21953152004666243,0.21487781193004551,200134.61736567007,0,7667.2985517101688,0
2026-01-29,-35,0.21953152004666243,0.2292510108011678,0.22439126542391513,2336.8661389200015,80041.118037330074,4174.2311709300029,0
2026-01-29,-34,0.2292510108011678,0.23940082017464343,0.2343259154879056,21247.093699339999,29424.201948430007,1775999.9809752533,0
2026-01-29,-33,0.23940082017464343,0.25,0.24470041008732171,485.33406607015849,192033.34223526009,2760.7112600098772,0
2026-01-29,-32,0.25,0.26106844560685344,0.25553422280342675,237507.14013346081,4209.9496508700022,296429.4434528554,0
2026-01-29,-31,0.26106844560685344,0.27262693316631442,0.26684768938658393,369920.28974348004,356772.83525496005,2586468.9859214798,0
2026-01-29,-30,0.27262693316631442,0.28469715868917289,0.27866204592774368,100805.95341373004,3810.2072896900031,815038.31057872996,0
2026-01-29,-29,0.28469715868917289,0.29730177875068026,0.29099946871992655,0,26370.114231529999,33.05316589011656,0
2026-01-29,-28,0.29730177875068026,0.310464453018371,0.30388311588452566,157798.22001730005,23366.366066650007,894670.07279552845,0
2026-01-29,-27,0.310464453018371,0.32420988866275241,0.31733717084056168,133686.14774084996,0,181826.46072912001,0
2026-01-29,-26,0.32420988866275241,0.33856388673422316,0.33138688769848779,10083.231305369967,17865.834609980015,657379.94949007023,0
2026-01-29,-22,0.38555270635198519,0.40262258298731357,0.39408764466964941,0,12346.355677910315,2599.4055320501166,0
2026-01-29,-21,0.40262258298731357,0.42044820762685725,0.41153539530708538,0,139141.47311346006,4.4799198499972714,0
2026-01-29,-16,0.5,0.52213689121370688,0.51106844560685349,0,11044.690150360049,741.56712234000349,0
2026-01-30,-43,0.1552322265091855,0.16210494433137621,0.15866858542028084,0,405584.73769297998,384.84032547000004,0
2026-01-30,-42,0.16210494433137621,0.16928194336711158,0.16569344384924389,8461.330075870399,9342.2902936299506,74.231152110000011,0
2026-01-30,-41,0.16928194336711158,0.17677669529663689,0.17302931933187424,15202.6502533,0,15.82982895,0
2026-01-30,-40,0.17677669529663689,0.18460326824243742,0.18068998176953716,486526.02899665007,4814.6090432900346,25912.843333709585,0
2026-01-30,-39,0.18460326824243742,0.19277635317599259,0.18868981070921501,4398607.7340826904,0,537.79400750028844,0
2026-01-30,-38,0.19277635317599259,0.20131129149365679,0.1970438223348247,2177160.7745574401,11605.40474823007,38135.548585229866,0
2026-01-30,-37,0.20131129149365679,0.21022410381342863,0.20576769765354269,156075.80399960003,0,12167.118182020155,0
2026-01-30,-36,0.21022410381342863,0.21953152004666243,0.21487781193004551,199237.17297710007,0,7667.2985517101688,0
2026-01-30,-35,0.21953152004666243,0.2292510108011678,0.22439126542391513,2336.8661389200015,79795.876764800079,4174.2311709300029,0
2026-01-30,-34,0.2292510108011678,0.23940082017464343,0.2343259154879056,21247.093699339999,29424.201948430007,1752771.5268347934,0
2026-01-30,-33,0.23940082017464343,0.25,0.24470041008732171,104085.77822545043,192028.3422121201,76519.89335087988,0
2026-01-30,-32,0.25,0.26106844560685344,0.25553422280342675,155944.22679978053,17027.896867170006,217600.77711172539,0
2026-01-30,-31,0.26106844560685344,0.27262693316631442,0.26684768938658393,369525.95894348004,356558.39878811006,2586468.9859214798,0
2026-01-30,-30,0.27262693316631442,0.28469715868917289,0.27866204592774368,88881.880393520027,3810.2072896900031,815038.31057872996,0
2026-01-30,-29,0.28469715868917289,0.29730177875068026,0.29099946871992655,0,26370.114231529999,33.05316589011656,0
2026-01-30,-28,0.29730177875068026,0.310464453018371,0.30388311588452566,157521.89612666005,23366.366066650007,892405.40631798853,0
2026-01-30,-27,0.310464453018371,0.32420988866275241,0.31733717084056168,129195.36586884997,0,181826.46072912001,0
2026-01-30,-26,0.32420988866275241,0.33856388673422316,0.33138688769848779,9073.5449540099671,17865.834609980015,657379.94949007023,0
2026-01-30,-22,0.38555270635198519,0.40262258298731357,0.39408764466964941,0,12315.082399610314,2599.4055320501166,0
2026-01-30,-21,0.40262258298731357,0.42044820762685725,0.41153539530708538,0,139141.47311346006,4.4799198499972714,0
2026-01-30,-16,0.5,0.52213689121370688,0.51106844560685349,0,10997.535944270048,741.56712234000349,0
2026-01-31,-43,0.1552322265091855,0.16210494433137621,0.15866858542028084,0,405584.23935196002,384.84032547000004,0
2026-01-31,-42,0.16210494433137621,0.16928194336711158,0.16569344384924389,8461.330075870399,9314.1860212799511,74.231152110000011,0
2026-01-31,-41,0.16928194336711158,0.17677669529663689,0.17302931933187424,15202.6502533,0,15.82982895,0
2026-01-31,-40,0.17677669529663689,0.18460326824243742,0.18068998176953716,486526.02899665007,4814.6090432900346,25912.843333709585,0
2026-01-31,-39,0.18460326824243742,0.19277635317599259,0.18868981070921501,4398607.7340826904,0,537.79400750028844,0
2026-01-31,-38,0.19277635317599259,0.20131129149365679,0.1970438223348247,2177052.81149378,11044.990299740071,38135.548585229866,0
2026-01-31,-37,0.20131129149365679,0.21022410381342863,0.20576769765354269,155873.90417338005,0,12167.118182020155,0
2026-01-31,-36,0.21022410381342863,0.21953152004666243,0.21487781193004551,198855.97618497006,0,7667.2985517101688,0
2026-01-31,-35,0.21953152004666243,0.2292510108011678,0.22439126542391513,92687.401874130432,79795.876764800079,114034.64102548,0
2026-01-31,-34,0.2292510108011678,0.23940082017464343,0.2343259154879056,21247.093699339999,29424.201948430007,1685592.0945722032,0
2026-01-31,-33,0.23940082017464343,0.25,0.24470041008732171,57313.018659370231,191008.3149869701,65861.748856144943,0
2026-01-31,-32,0.25,0.26106844560685344,0.25553422280342675,111904.3326462703,16529.771606760005,169427.43800906034,0
2026-01-31,-31,0.26106844560685344,0.27262693316631442,0.26684768938658393,360895.32998901006,365159.45177859004,2586468.9859214798,0
2026-01-31,-30,0.27262693316631442,0.28469715868917289,0.27866204592774368,88019.640302040032,3810.2072896900031,813243.09762587992,0
2026-01-31,-29,0.28469715868917289,0.29730177875068026,0.29099946871992655,0,26316.766168109996,33.05316589011656,0
2026-01-31,-28,0.29730177875068026,0.310464453018371,0.30388311588452566,156466.25418606005,23366.366066650007,870219.83573270845,0
2026-01-31,-27,0.310464453018371,0.32420988866275241,0.31733717084056168,116447.22333664997,0,181826.46072912001,0
2026-01-31,-26,0.32420988866275241,0.33856388673422316,0.33138688769848779,8315.1607389299861,17805.834609980015,657379.94949007023,0
2026-01-31,-22,0.38555270635198519,0.40262258298731357,0.39408764466964941,0,12315.082399610314,2599.4055320501166,0
2026-01-31,-21,0.40262258298731357,0.42044820762685725,0.41153539530708538,0,139141.47311346006,4.4799198499972714,0
2026-01-31,-16,0.5,0.52213689121370688,0.51106844560685349,0,10976.835944270049,741.56712234000349,0
2026-02-01,-43,0.1552322265091855,0.16210494433137621,0.15866858542028084,0,405562.53935196,384.84032547000004,0
2026-02-01,-42,0.16210494433137621,0.16928194336711158,0.16569344384924389,8461.330075870399,9314.1860212799511,74.231152110000011,0
2026-02-01,-41,0.16928194336711158,0.17677669529663689,0.17302931933187424,15102.6502533,0,15.82982895,0
2026-02-01,-40,0.17677669529663689,0.18460326824243742,0.18068998176953716,486526.02899665007,4802.2990432900351,25912.843333709585,0
2026-02-01,-39,0.18460326824243742,0.19277635317599259,0.18868981070921501,4398607.7340826904,0,537.79400750028844,0
2026-02-01,-38,0.19277635317599259,0.20131129149365679,0.1970438223348247,2177016.8632294098,11044.990299740071,38135.548585229866,0
2026-02-01,-37,0.20131129149365679,0.21022410381342863,0.20576769765354269,155873.90417338005,0,12167.118182020155,0
2026-02-01,-36,0.21022410381342863,0.21953152004666243,0.21487781193004551,198855.97618497006,0,7667.2985517101688,0
2026-02-01,-35,0.21953152004666243,0.2292510108011678,0.22439126542391513,202441.34074211048,79795.876764800079,156069.48889261516,0
2026-02-01,-34,0.2292510108011678,0.23940082017464343,0.2343259154879056,21143.824507609999,29424.201948430007,1633480.5593758533,0
2026-02-01,-33,0.23940082017464343,0.25,0.24470041008732171,57313.018658510235,191000.65178620009,38822.187991749874,0
2026-02-01,-32,0.25,0.26106844560685344,0.25553422280342675,79230.094523760243,18756.347953350018,165378.84262374026,0
2026-02-01,-31,0.26106844560685344,0.27262693316631442,0.26684768938658393,360859.07425016002,365049.95052038005,2586468.9859214798,0
2026-02-01,-30,0.27262693316631442,0.28469715868917289,0.27866204592774368,84906.517682150035,3810.2072896900031,813243.09762587992,0
2026-02-01,-29,0.28469715868917289,0.29730177875068026,0.29099946871992655,0,26316.766168109996,33.05316589011656,0
2026-02-01,-28,0.29730177875068026,0.310464453018371,0.30388311588452566,138981.13740025007,23366.366066650007,856487.56116369844,0
2026-02-01,-27,0.310464453018371,0.32420988866275241,0.31733717084056168,107595.12218552998,0,181826.46072912001,0
2026-02-01,-26,0.32420988866275241,0.33856388673422316,0.33138688769848779,8315.1607389299861,17805.834609980015,657379.94949007023,0
2026-02-01,-22,0.38555270635198519,0.40262258298731357,0.39408764466964941,0,12312.055998220314,2599.4055320501166,0
2026-02-01,-21,0.40262258298731357,0.42044820762685725,0.41153539530708538,0,139141.47311346006,4.4799198499972714,0
2026-02-01,-16,0.5,0.52213689121370688,0.51106844560685349,0,10976.835944270049,741.56712234000349,0
2026-02-02,-43,0.1552322265091855,0.16210494433137621,0.15866858542028084,0,405562.53935196,384.84032547000004,0
2026-02-02,-42,0.16210494433137621,0.16928194336711158,0.16569344384924389,8461.330075870399,9314.1860212799511,74.231152110000011,0
2026-02-02,-41,0.16928194336711158,0.17677669529663689,0.17302931933187424,15102.6502533,0,15.82982895,0
2026-02-02,-40,0.17677669529663689,0.18460326824243742,0.18068998176953716,486526.02899665007,4802.2990432900351,25912.843333709585,0
2026-02-02,-39,0.18460326824243742,0.19277635317599259,0.18868981070921501,4398607.7340826904,0,537.79400750028844,0
2026-02-02,-38,0.19277635317599259,0.20131129149365679,0.1970438223348247,2176990.4406221802,11044.990299740071,38135.548585229866,0
2026-02-02,-37,0.20131129149365679,0.21022410381342863,0.20576769765354269,155873.74509737003,0,12167.118182020155,0
2026-02-02,-36,0.21022410381342863,0.21953152004666243,0.21487781193004551,289186.19049401069,0,133924.03840080017,0
2026-02-02,-35,0.21953152004666243,0.2292510108011678,0.22439126542391513,89574.339744900019,79795.876764800079,108010.30618650516,0
2026-02-02,-34,0.2292510108011678,0.23940082017464343,0.2343259154879056,21117.084507610001,29424.201948430007,1593031.2568257833,0
2026-02-02,-33,0.23940082017464343,0.25,0.24470041008732171,57313.018658510235,190983.17178620011,38822.187991749874,0
2026-02-02,-32,0.25,0.26106844560685344,0.25553422280342675,79230.045462050126,18756.347953350018,163017.48860778025,0
2026-02-02,-31,0.26106844560685344,0.27262693316631442,0.26684768938658393,360821.47295526002,362877.81052038004,2586468.9859214798,0
2026-02-02,-30,0.27262693316631442,0.28469715868917289,0.27866204592774368,82696.322123680031,5723.2566983000088,813243.09762587992,0
2026-02-02,-29,0.28469715868917289,0.29730177875068026,0.29099946871992655,0,26060.313042209997,33.05316589011656,0
2026-02-02,-28,0.29730177875068026,0.310464453018371,0.30388311588452566,135002.65386331006,23366.366066650007,848271.56050340843,0
2026-02-02,-27,0.310464453018371,0.32420988866275241,0.31733717084056168,104700.29369192998,0,181826.46072912001,0
2026-02-02,-26,0.32420988866275241,0.33856388673422316,0.33138688769848779,8315.1607389199853,17805.834609980015,657379.94949007023,0
2026-02-02,-22,0.38555270635198519,0.40262258298731357,0.39408764466964941,0,12312.055998220314,2599.4055320501166,0
2026-02-02,-21,0.40262258298731357,0.42044820762685725,0.41153539530708538,0,139141.47311346006,4.4799198499972714,0
2026-02-02,-16,0.5,0.52213689121370688,0.51106844560685349,0,10976.835944270049,741.56712234000349,0
2026-02-03,-43,0.1552322265091855,0.16210494433137621,0.15866858542028084,0,405547.75935195998,384.84032547000004,0
2026-02-03,-42,0.16210494433137621,0.16928194336711158,0.16569344384924389,8461.330075870399,9314.1860212799511,74.231152110000011,0
2026-02-03,-41,0.16928194336711158,0.17677669529663689,0.17302931933187424,15102.6502533,0,15.82982895,0
2026-02-03,-40,0.17677669529663689,0.18460326824243742,0.18068998176953716,486526.02899665007,4802.2990432900351,25912.843333709585,0
2026-02-03,-39,0.18460326824243742,0.19277635317599259,0.18868981070921501,4397649.9668297106,0,537.79400750028844,0
2026-02-03,-38,0.19277635317599259,0.20131129149365679,0.1970438223348247,2176988.14062218,11044.990299740071,38135.548585229866,0
2026-02-03,-37,0.20131129149365679,0.21022410381342863,0.20576769765354269,303951.92784482072,0,85122.989666790236,0
2026-02-03,-36,0.21022410381342863,0.21953152004666243,0.21487781193004551,212094.32600892,0,120068.99081365016,0
2026-02-03,-35,0.21953152004666243,0.2292510108011678,0.22439126542391513,47588.313371560034,79795.876764800079,77129.050547795079,0
2026-02-03,-34,0.2292510108011678,0.23940082017464343,0.2343259154879056,21117.084507610001,29383.247977940006,1548300.8461971933,0
2026-02-03,-33,0.23940082017464343,0.25,0.24470041008732171,57313.018658510235,190691.1990865001,38822.187991749874,0
2026-02-03,-32,0.25,0.26106844560685344,0.25553422280342675,78907.588698020118,18756.347953350018,162009.48233501025,0
2026-02-03,-31,0.26106844560685344,0.27262693316631442,0.26684768938658393,360441.47373324004,362625.04057234002,2586468.9859214798,0
2026-02-03,-30,0.27262693316631442,0.28469715868917289,0.27866204592774368,38472.916444630006,49946.662377350025,813243.09762587992,0
2026-02-03,-29,0.28469715868917289,0.29730177875068026,0.29099946871992655,0,26060.313042209997,33.05316589011656,0
2026-02-03,-28,0.29730177875068026,0.310464453018371,0.30388311588452566,131809.60597360006,23366.366066650007,830217.83509865846,0
2026-02-03,-27,0.310464453018371,0.32420988866275241,0.31733717084056168,104700.29369192998,0,181826.46072912001,0
2026-02-03,-26,0.32420988866275241,0.33856388673422316,0.33138688769848779,8315.1607389199853,17805.834609980015,657379.94949007023,0
2026-02-03,-22,0.38555270635198519,0.40262258298731357,0.39408764466964941,0,12312.055998220314,2599.4055320501166,0
2026-02-03,-21,0.40262258298731357,0.42044820762685725,0.41153539530708538,0,139141.47311346006,4.4799198499972714,0
2026-02-03,-16,0.5,0.52213689121370688,0.51106844560685349,0,10961.945944270048,741.56712234000349,0
2026-02-04,-43,0.1552322265091855,0.16210494433137621,0.15866858542028084,0,405547.75935195998,384.84032547000004,0
2026-02-04,-42,0.16210494433137621,0.16928194336711158,0.16569344384924389,8461.330075870399,9314.1860212799511,74.231152110000011,0
2026-02-04,-41,0.16928194336711158,0.17677669529663689,0.17302931933187424,15102.6502533,0,15.82982895,0
2026-02-04,-40,0.17677669529663689,0.18460326824243742,0.18068998176953716,484154.26491177006,4802.2990432900351,25912.843333709585,0
2026-02-04,-39,0.18460326824243742,0.19277635317599259,0.18868981070921501,4397649.9668297106,0,537.79400750028844,0
2026-02-04,-38,0.19277635317599259,0.20131129149365679,0.1970438223348247,2106405.6625303901,11044.990299740071,38135.548585229866,0
2026-02-04,-37,0.20131129149365679,0.21022410381342863,0.20576769765354269,317370.58752629074,0,115824.76619423025,0
2026-02-04,-36,0.21022410381342863,0.21953152004666243,0.21487781193004551,211218.50571277997,0,116782.31720678524,0
2026-02-04,-35,0.21953152004666243,0.2292510108011678,0.22439126542391513,40594.477451860046,79795.876764800079,68794.921284390308,0
2026-02-04,-34,0.2292510108011678,0.23940082017464343,0.2343259154879056,21117.084507610001,29313.011072710007,1523642.3395087933,0
2026-02-04,-33,0.23940082017464343,0.25,0.24470041008732171,57302.95580975023,189345.38937440008,38372.785268829874,0
2026-02-04,-32,0.25,0.26106844560685344,0.25553422280342675,76422.863913050111,21219.272738320022,156199.67249706996,0
2026-02-04,-31,0.26106844560685344,0.27262693316631442,0.26684768938658393,353413.39743450005,362537.25295912003,2586468.9859214798,0
2026-02-04,-30,0.27262693316631442,0.28469715868917289,0.27866204592774368,38472.916444630006,49946.662377350025,813243.09762587992,0
2026-02-04,-29,0.28469715868917289,0.29730177875068026,0.29099946871992655,0,26060.313042209997,33.05316589011656,0
2026-02-04,-28,0.29730177875068026,0.310464453018371,0.30388311588452566,109219.00827695004,23366.366066650007,830211.96153672843,0
2026-02-04,-27,0.310464453018371,0.32420988866275241,0.31733717084056168,88644.77551385999,0,181826.46072912001,0
2026-02-04,-26,0.32420988866275241,0.33856388673422316,0.33138688769848779,8315.1607389199853,17782.826658400012,657340.45119978022,0
2026-02-04,-22,0.38555270635198519,0.40262258298731357,0.39408764466964941,0,12286.255998220315,2599.4055320501166,0
2026-02-04,-21,0.40262258298731357,0.42044820762685725,0.41153539530708538,0,139141.47311346006,4.4799198499972714,0
2026-02-04,-16,0.5,0.52213689121370688,0.51106844560685349,0,10961.945944270048,741.56712234000349,0
2026-02-05,-43,0.1552322265091855,0.16210494433137621,0.15866858542028084,104474.52402328062,405547.75935195998,96928.299534320089,0
2026-02-05,-42,0.16210494433137621,0.16928194336711158,0.16569344384924389,8461.330075870399,9314.1860212799511,74.231152110000011,0
2026-02-05,-41,0.16928194336711158,0.17677669529663689,0.17302931933187424,15102.6502533,0,15.82982895,0
2026-02-05,-40,0.17677669529663689,0.18460326824243742,0.18068998176953716,483613.2611775301,4802.2990432900351,25912.843333709585,0
2026-02-05,-39,0.18460326824243742,0.19277635317599259,0.18868981070921501,4397649.9668297106,0,537.79400750028844,0
2026-02-05,-38,0.19277635317599259,0.20131129149365679,0.1970438223348247,2106395.5925345402,11044.990299740071,38135.548585229866,0
2026-02-05,-37,0.20131129149365679,0.21022410381342863,0.20576769765354269,250983.02434861002,0,97823.471508580158,0
2026-02-05,-36,0.21022410381342863,0.21953152004666243,0.21487781193004551,197128.97587825006,0,93951.221695325235,0
2026-02-05,-35,0.21953152004666243,0.2292510108011678,0.22439126542391513,39465.061249750048,79795.876764800079,68794.921284390308,0
2026-02-05,-34,0.2292510108011678,0.23940082017464343,0.2343259154879056,20946.6931898,29313.011072710007,1353788.9247416232,0
2026-02-05,-33,0.23940082017464343,0.25,0.24470041008732171,57302.95580975023,189083.73240920011,38372.785268829874,0
2026-02-05,-32,0.25,0.26106844560685344,0.25553422280342675,76166.21705328011,21219.272738320022,156199.67249706996,0
2026-02-05,-31,0.26106844560685344,0.27262693316631442,0.26684768938658393,345681.50928364001,362332.28271537006,2586468.9859214798,0
2026-02-05,-30,0.27262693316631442,0.28469715868917289,0.27866204592774368,29635.077586820022,58236.918947700033,813243.09762587992,0
2026-02-05,-29,0.28469715868917289,0.29730177875068026,0.29099946871992655,0,26060.313042209997,33.05316589011656,0
2026-02-05,-28,0.29730177875068026,0.310464453018371,0.30388311588452566,107838.98790496006,23366.366066650007,810531.41726725851,0
2026-02-05,-27,0.310464453018371,0.32420988866275241,0.31733717084056168,88046.77551385999,0,181826.46072912001,0
2026-02-05,-26,0.32420988866275241,0.33856388673422316,0.33138688769848779,8315.1607389099845,17782.826658400012,657340.45119978022,0
2026-02-05,-22,0.38555270635198519,0.40262258298731357,0.39408764466964941,0,10407.739972190315,2599.4055320501166,0
2026-02-05,-21,0.40262258298731357,0.42044820762685725,0.41153539530708538,0,138733.37184446005,4.4799198499972714,0
2026-02-05,-16,0.5,0.52213689121370688,0.51106844560685349,0,10729.588939830048,741.56712234000349,0
2026-02-06,-43,0.1552322265091855,0.16210494433137621,0.15866858542028084,63434.696459249782,405506.06066661997,75422.777280270006,0
2026-02-06,-42,0.16210494433137621,0.16928194336711158,0.16569344384924389,8461.330075870399,9314.1860212799511,74.231152110000011,0
2026-02-06,-41,0.16928194336711158,0.17677669529663689,0.17302931933187424,193058.55104536083,0,119000.3130637201,0
2026-02-06,-40,0.17677669529663689,0.18460326824243742,0.18068998176953716,479095.00137353007,4802.2990432900351,25912.843333709585,0
2026-02-06,-39,0.18460326824243742,0.19277635317599259,0.18868981070921501,4397649.9668297106,0,537.79400750028844,0
2026-02-06,-38,0.19277635317599259,0.20131129149365679,0.1970438223348247,2106389.2925345399,11044.990299740071,38135.548585229866,0
2026-02-06,-37,0.20131129149365679,0.21022410381342863,0.20576769765354269,243988.32098255004,0,95571.351373405239,0
2026-02-06,-36,0.21022410381342863,0.21953152004666243,0.21487781193004551,192584.66338379009,0,88021.682048010174,0
2026-02-06,-35,0.21953152004666243,0.2292510108011678,0.22439126542391513,37496.223691490006,79795.876764800079,68794.921284390308,0
2026-02-06,-34,0.2292510108011678,0.23940082017464343,0.2343259154879056,20946.6931898,29313.011072710007,1304654.5778573432,0
2026-02-06,-33,0.23940082017464343,0.25,0.24470041008732171,57302.95580975023,189076.13253456011,38372.785268829874,0
2026-02-06,-32,0.25,0.26106844560685344,0.25553422280342675,76166.217053280096,21219.272738320022,156199.67249706996,0
2026-02-06,-31,0.26106844560685344,0.27262693316631442,0.26684768938658393,282450.03191115003,420478.75599027006,2586468.9859214798,0
2026-02-06,-30,0.27262693316631442,0.28469715868917289,0.27866204592774368,29238.899696680008,58236.918947700033,813243.09762587992,0
2026-02-06,-29,0.28469715868917289,0.29730177875068026,0.29099946871992655,0,26060.313042209997,33.05316589011656,0
2026-02-06,-28,0.29730177875068026,0.310464453018371,0.30388311588452566,37613.639831860077,23366.366066650007,793668.38508227852,0
2026-02-06,-27,0.310464453018371,0.32420988866275241,0.31733717084056168,77082.231382049969,0,181826.46072912001,0
2026-02-06,-26,0.32420988866275241,0.33856388673422316,0.33138688769848779,8294.3313314399857,17702.826658400012,657340.45119978022,0
2026-02-06,-22,0.38555270635198519,0.40262258298731357,0.39408764466964941,0,10355.189972190314,2599.4055320501166,0
2026-02-06,-21,0.40262258298731357,0.42044820762685725,0.41153539530708538,0,138675.23186594006,4.4799198499972714,0
2026-02-06,-16,0.5,0.52213689121370688,0.51106844560685349,0,10711.135674810048,741.56712234000349,0
2026-02-07,-43,0.1552322265091855,0.16210494433137621,0.15866858542028084,63050.59645923978,405506.06066661997,75422.777280270006,0
2026-02-07,-42,0.16210494433137621,0.16928194336711158,0.16569344384924389,51068.370087600641,9314.1860212799511,32816.36236312009,0
2026-02-07,-41,0.16928194336711158,0.17677669529663689,0.17302931933187424,155089.68795071062,0,89775.030586210007,0
2026-02-07,-40,0.17677669529663689,0.18460326824243742,0.18068998176953716,479095.00137353007,4802.2990432900351,25912.843333709585,0
2026-02-07,-39,0.18460326824243742,0.19277635317599259,0.18868981070921501,4397649.9668297106,0,537.79400750028844,0
2026-02-07,-38,0.19277635317599259,0.20131129149365679,0.1970438223348247,2106389.2925345399,11044.990299740071,38135.548585229866,0
2026-02-07,-37,0.20131129149365679,0.21022410381342863,0.20576769765354269,243982.44742254005,0,88520.154440305239,0
2026-02-07,-36,0.21022410381342863,0.21953152004666243,0.21487781193004551,189035.8383366901,0,88021.682048010174,0
2026-02-07,-35,0.21953152004666243,0.2292510108011678,0.22439126542391513,37496.223682010008,79795.876764800079,68794.921284390308,0
2026-02-07,-34,0.2292510108011678,0.23940082017464343,0.2343259154879056,20946.6931898,29313.011072710007,1285841.4137841433,0
2026-02-07,-33,0.23940082017464343,0.25,0.24470041008732171,57302.95580975023,189055.14253456009,38372.785268829874,0
2026-02-07,-32,0.25,0.26106844560685344,0.25553422280342675,76141.638437280097,21219.272738320022,156199.67249706996,0
2026-02-07,-31,0.26106844560685344,0.27262693316631442,0.26684768938658393,270246.34523733001,420221.05940881005,2586468.9859214798,0
2026-02-07,-30,0.27262693316631442,0.28469715868917289,0.27866204592774368,29238.899696680008,58236.918947700033,813240.3587096493,0
2026-02-07,-29,0.28469715868917289,0.29730177875068026,0.29099946871992655,0,26048.408805869996,33.05316589011656,0
2026-02-07,-28,0.29730177875068026,0.310464453018371,0.30388311588452566,37589.060817860074,23366.366066650007,793643.33880379901,0
2026-02-07,-27,0.310464453018371,0.32420988866275241,0.31733717084056168,76444.778051049972,0,181826.46072912001,0
2026-02-07,-26,0.32420988866275241,0.33856388673422316,0.33138688769848779,8284.7443414399859,17702.826658400012,657340.45119978022,0
2026-02-07,-22,0.38555270635198519,0.40262258298731357,0.39408764466964941,0,10241.079972190313,2599.4055320501166,0
2026-02-07,-21,0.40262258298731357,0.42044820762685725,0.41153539530708538,0,138675.23186594006,4.4799198499972714,0
2026-02-07,-16,0.5,0.52213689121370688,0.51106844560685349,0,10711.135674810048,741.56712234000349,0
2026-02-08,-43,0.1552322265091855,0.16210494433137621,0.15866858542028084,40113.895924189994,399417.06066661997,75422.777280270006,0
2026-02-08,-42,0.16210494433137621,0.16928194336711158,0.16569344384924389,15789.638369080396,9314.1860212799511,10355.93143805,0
2026-02-08,-41,0.16928194336711158,0.17677669529663689,0.17302931933187424,441609.71668707061,0,174089.04235544009,0
2026-02-08,-40,0.17677669529663689,0.18460326824243742,0.18068998176953716,472737.34937065007,4802.2990432900351,25912.843333709585,0
2026-02-08,-39,0.18460326824243742,0.19277635317599259,0.18868981070921501,4397649.9668297106,0,537.79400750028844,0
2026-02-08,-38,0.19277635317599259,0.20131129149365679,0.1970438223348247,2106387.2925345399,11044.990299740071,38135.548585229866,0
2026-02-08,-37,0.20131129149365679,0.21022410381342863,0.20576769765354269,242371.28707976005,0,77738.440286705227,0
2026-02-08,-36,0.21022410381342863,0.21953152004666243,0.21487781193004551,133217.16000354011,0,88021.682048010174,0
2026-02-08,-35,0.21953152004666243,0.2292510108011678,0.22439126542391513,37432.76615760001,79795.876764800079,66053.601284390301,0
2026-02-08,-34,0.2292510108011678,0.23940082017464343,0.2343259154879056,20946.6931898,29244.109573980008,1208568.0823459034,0
2026-02-08,-33,0.23940082017464343,0.25,0.24470041008732171,57302.95580975023,189055.14253456009,38372.785268829874,0
2026-02-08,-32,0.25,0.26106844560685344,0.25553422280342675,76141.638398280105,21219.272738320022,156199.67249706996,0
2026-02-08,-31,0.26106844560685344,0.27262693316631442,0.26684768938658393,266869.65479679004,423470.50793225004,2586468.9859214798,0
2026-02-08,-30,0.27262693316631442,0.28469715868917289,0.27866204592774368,29238.899696680008,58236.918947700033,798374.09633179824,0
2026-02-08,-29,0.28469715868917289,0.29730177875068026,0.29099946871992655,0,25864.437169039997,33.05316589011656,0
2026-02-08,-28,0.29730177875068026,0.310464453018371,0.30388311588452566,37072.433069730076,23366.366066650007,760993.18424689013,0
2026-02-08,-27,0.310464453018371,0.32420988866275241,0.31733717084056168,76134.405799179964,0,181826.46072912001,0
2026-02-08,-26,0.32420988866275241,0.33856388673422316,0.33138688769848779,8284.7443414399859,17702.826658400012,657340.45119978022,0
2026-02-08,-22,0.38555270635198519,0.40262258298731357,0.39408764466964941,0,10241.079972190313,2599.4055320501166,0
2026-02-08,-21,0.40262258298731357,0.42044820762685725,0.41153539530708538,0,138675.23186594006,4.4799198499972714,0
2026-02-08,-16,0.5,0.52213689121370688,0.51106844560685349,0,10711.135674810048,741.56712234000349,0
2026-02-09,-43,0.1552322265091855,0.16210494433137621,0.15866858542028084,40113.895923279997,398972.18003206002,75422.777280270006,0
2026-02-09,-42,0.16210494433137621,0.16928194336711158,0.16569344384924389,15732.109424930395,9314.1860212799511,10355.93143805,0
2026-02-09,-41,0.16928194336711158,0.17677669529663689,0.17302931933187424,462263.23777780065,0,189905.98813840011,0
2026-02-09,-40,0.17677669529663689,0.18460326824243742,0.18068998176953716,465750.5995356901,4802.2990432900351,25912.843333709585,0
2026-02-09,-39,0.18460326824243742,0.19277635317599259,0.18868981070921501,4397649.9668297106,0,537.79400750028844,0
2026-02-09,-38,0.19277635317599259,0.20131129149365679,0.1970438223348247,2106376.21924973,11044.990299740071,38135.548585229866,0
2026-02-09,-37,0.20131129149365679,0.21022410381342863,0.20576769765354269,242190.17854613005,0,73451.68048294523,0
2026-02-09,-36,0.21022410381342863,0.21953152004666243,0.21487781193004551,132751.02102979011,0,88021.682048010174,0
2026-02-09,-35,0.21953152004666243,0.2292510108011678,0.22439126542391513,37432.76615760001,79795.876764800079,66053.601284390301,0
2026-02-09,-34,0.2292510108011678,0.23940082017464343,0.2343259154879056,20946.6931898,29244.109573980008,1176829.6918121933,0
2026-02-09,-33,0.23940082017464343,0.25,0.24470041008732171,57302.95580975023,189007.5651524101,38372.785268829874,0
2026-02-09,-32,0.25,0.26106844560685344,0.25553422280342675,45478.881342160057,51832.305843730064,156199.67249706996,0
2026-02-09,-31,0.26106844560685344,0.27262693316631442,0.26684768938658393,266869.65479679004,419241.68393315002,2586468.9040734298,0
2026-02-09,-30,0.27262693316631442,0.28469715868917289,0.27866204592774368,29214.819627300007,58236.918947700033,791417.41873903829,0
2026-02-09,-29,0.28469715868917289,0.29730177875068026,0.29099946871992655,0,23229.211846519996,33.05316589011656,0
2026-02-09,-28,0.29730177875068026,0.310464453018371,0.30388311588452566,36390.433062640077,23366.366066650007,760993.18424689013,0
2026-02-09,-27,0.310464453018371,0.32420988866275241,0.31733717084056168,76134.405799179964,0,180629.54257717001,0
2026-02-09,-26,0.32420988866275241,0.33856388673422316,0.33138688769848779,8284.7443414399859,17702.826658400012,657340.45119978022,0
2026-02-09,-22,0.38555270635198519,0.40262258298731357,0.39408764466964941,0,10241.079972190313,2599.4055320501166,0
2026-02-09,-21,0.40262258298731357,0.42044820762685725,0.41153539530708538,0,138675.23186593005,4.4799198499972714,0
2026-02-09,-16,0.5,0.52213689121370688,0.51106844560685349,0,10412.993809100048,741.56712234000349,0
2026-02-10,-43,0.1552322265091855,0.16210494433137621,0.15866858542028084,40113.895923279997,398972.18003206002,75422.777280270006,0
2026-02-10,-42,0.16210494433137621,0.16928194336711158,0.16569344384924389,67671.368005031065,9314.1860212799511,68606.853185990112,0
2026-02-10,-41,0.16928194336711158,0.17677669529663689,0.17302931933187424,406928.76005446998,0,178741.67447929,0
2026-02-10,-40,0.17677669529663689,0.18460326824243742,0.18068998176953716,459097.12167062011,4802.2990432900351,25912.843333709585,0
2026-02-10,-39,0.18460326824243742,0.19277635317599259,0.18868981070921501,4397649.9668297106,0,537.79400750028844,0
2026-02-10,-38,0.19277635317599259,0.20131129149365679,0.1970438223348247,2106333.6936448701,11044.990299740071,38135.548585229866,0
2026-02-10,-37,0.20131129149365679,0.21022410381342863,0.20576769765354269,240660.21080383004,0,69941.484843895218,0
2026-02-10,-36,0.21022410381342863,0.21953152004666243,0.21487781193004551,132751.02102979011,0,88021.682048010174,0
2026-02-10,-35,0.21953152004666243,0.2292510108011678,0.22439126542391513,36421.526157600012,79795.876764800079,66053.601284390301,0
2026-02-10,-34,0.2292510108011678,0.23940082017464343,0.2343259154879056,20946.6931898,29244.109573980008,1162052.1058369032,0
2026-02-10,-33,0.23940082017464343,0.25,0.24470041008732171,57302.95580975023,188181.47815948009,38372.785268829874,0
2026-02-10,-32,0.25,0.26106844560685344,0.25553422280342675,37045.195605220018,60252.068863670102,156199.67249706996,0
2026-02-10,-31,0.26106844560685344,0.27262693316631442,0.26684768938658393,266228.53503523004,419200.28393315006,2586468.9040734298,0
2026-02-10,-30,0.27262693316631442,0.28469715868917289,0.27866204592774368,28540.666928260005,58236.918947700033,788360.7733653083,0
2026-02-10,-29,0.28469715868917289,0.29730177875068026,0.29099946871992655,0,23229.211846519996,33.05316589011656,0
2026-02-10,-28,0.29730177875068026,0.310464453018371,0.30388311588452566,36170.662478680075,23366.366066650007,760993.18424689013,0
2026-02-10,-27,0.310464453018371,0.32420988866275241,0.31733717084056168,76134.405799179964,0,180629.54257717001,0
2026-02-10,-26,0.32420988866275241,0.33856388673422316,0.33138688769848779,8284.7443414399859,17702.826658400012,657340.45119978022,0
2026-02-10,-22,0.38555270635198519,0.40262258298731357,0.39408764466964941,0,9870.3875402003141,2599.4055320501166,0
2026-02-10,-21,0.40262258298731357,0.42044820762685725,0.41153539530708538,0,138675.23186593005,4.4799198499972714,0
2026-02-10,-16,0.5,0.52213689121370688,0.51106844560685349,0,10412.993809100048,741.56712234000349,0
2026-02-11,-43,0.1552322265091855,0.16210494433137621,0.15866858542028084,40113.895923279997,398972.18003206002,75422.777280270006,0
2026-02-11,-42,0.16210494433137621,0.16928194336711158,0.16569344384924389,102565.3530423011,9314.1860212799511,96075.860405170097,0
2026-02-11,-41,0.16928194336711158,0.17677669529663689,0.17302931933187424,406511.98030605994,0,178741.67447929,0
2026-02-11,-40,0.17677669529663689,0.18460326824243742,0.18068998176953716,452828.70228004007,4802.2990432900351,25912.843333709585,0
2026-02-11,-39,0.18460326824243742,0.19277635317599259,0.18868981070921501,4397649.9668297106,0,537.79400750028844,0
2026-02-11,-38,0.19277635317599259,0.20131129149365679,0.1970438223348247,2106211.6124704299,11044.990299740071,38122.113762129869,0
2026-02-11,-37,0.20131129149365679,0.21022410381342863,0.20576769765354269,233697.17202961002,0,63697.812091925225,0
2026-02-11,-36,0.21022410381342863,0.21953152004666243,0.21487781193004551,132751.02102979011,0,88021.682048010174,0
2026-02-11,-35,0.21953152004666243,0.2292510108011678,0.22439126542391513,36410.025846120006,79795.876764800079,66053.601284390301,0
2026-02-11,-34,0.2292510108011678,0.23940082017464343,0.2343259154879056,20946.6931898,29244.109573980008,1160550.2957754033,0
2026-02-11,-33,0.23940082017464343,0.25,0.24470041008732171,57302.95580975023,188154.7381594801,38372.785268829874,0
2026-02-11,-32,0.25,0.26106844560685344,0.25553422280342675,12699.71273182002,84597.551737070098,156199.67249706996,0
2026-02-11,-31,0.26106844560685344,0.27262693316631442,0.26684768938658393,266228.53503523004,419181.78609266004,2586468.9040734298,0
2026-02-11,-30,0.27262693316631442,0.28469715868917289,0.27866204592774368,28540.666928260005,58236.918947700033,764662.35637867823,0
2026-02-11,-29,0.28469715868917289,0.29730177875068026,0.29099946871992655,0,23229.211846519996,33.05316589011656,0
2026-02-11,-28,0.29730177875068026,0.310464453018371,0.30388311588452566,35369.42421314009,23366.366066650007,760993.18424689013,0
2026-02-11,-27,0.310464453018371,0.32420988866275241,0.31733717084056168,76134.405799179964,0,180629.54257717001,0
2026-02-11,-26,0.32420988866275241,0.33856388673422316,0.33138688769848779,8279.9159663299852,17702.826658400012,657340.45119978022,0
2026-02-11,-22,0.38555270635198519,0.40262258298731357,0.39408764466964941,0,9858.1052156003134,2599.4055320501166,0
2026-02-11,-21,0.40262258298731357,0.42044820762685725,0.41153539530708538,0,138675.23186593005,4.4799198499972714,0
2026-02-11,-16,0.5,0.52213689121370688,0.51106844560685349,0,10412.993809100048,741.56712234000349,0
2026-02-12,-43,0.1552322265091855,0.16210494433137621,0.15866858542028084,40113.89592327,398972.18003206002,75422.777280270006,0
2026-02-12,-42,0.16210494433137621,0.16928194336711158,0.16569344384924389,50533.537946809964,9314.1860212799511,64815.006113910014,0
2026-02-12,-41,0.16928194336711158,0.17677669529663689,0.17302931933187424,497349.90725126106,0,226293.6703458901,0
2026-02-12,-40,0.17677669529663689,0.18460326824243742,0.18068998176953716,448055.47428442008,4802.2990432900351,25912.843333709585,0
2026-02-12,-39,0.18460326824243742,0.19277635317599259,0.18868981070921501,4397649.9668297106,0,537.79400750028844,0
2026-02-12,-38,0.19277635317599259,0.20131129149365679,0.1970438223348247,2106096.2617246499,11026.580299740071,38122.113762129869,0
2026-02-12,-37,0.20131129149365679,0.21022410381342863,0.20576769765354269,233697.17202961002,0,59713.662777225225,0
2026-02-12,-36,0.21022410381342863,0.21953152004666243,0.21487781193004551,132751.02102979011,0,87963.162782770174,0
2026-02-12,-35,0.21953152004666243,0.2292510108011678,0.22439126542391513,36410.025846120006,79795.876764800079,66053.601284390301,0
2026-02-12,-34,0.2292510108011678,0.23940082017464343,0.2343259154879056,20946.6931898,29244.109573980008,1149093.8122130432,0
2026-02-12,-33,0.23940082017464343,0.25,0.24470041008732171,57076.224274700078,188371.64336101024,38372.785268829874,0
2026-02-12,-32,0.25,0.26106844560685344,0.25553422280342675,12699.71273182002,84597.551737070098,156199.67249706996,0
2026-02-12,-31,0.26106844560685344,0.27262693316631442,0.26684768938658393,266004.32780571003,419017.93609266006,2586468.9040734298,0
2026-02-12,-30,0.27262693316631442,0.28469715868917289,0.27866204592774368,28540.666928260005,57884.461625880031,764612.39265986823,0
2026-02-12,-29,0.28469715868917289,0.29730177875068026,0.29099946871992655,0,23229.211846519996,33.05316589011656,0
2026-02-12,-28,0.29730177875068026,0.310464453018371,0.30388311588452566,34619.42421314009,23366.366066650007,760993.18424689013,0
2026-02-12,-27,0.310464453018371,0.32420988866275241,0.31733717084056168,76134.405799179964,0,180629.54257717001,0
2026-02-12,-26,0.32420988866275241,0.33856388673422316,0.33138688769848779,8279.9159663299852,17685.003315670012,657340.45119978022,0
2026-02-12,-22,0.38555270635198519,0.40262258298731357,0.39408764466964941,0,9858.1052156003134,2599.4055320501166,0
2026-02-12,-21,0.40262258298731357,0.42044820762685725,0.41153539530708538,0,138675.23186593005,4.4799198499972714,0
2026-02-12,-16,0.5,0.52213689121370688,0.51106844560685349,0,10412.993809100048,741.56712234000349,0
2026-02-13,-43,0.1552322265091855,0.16210494433137621,0.15866858542028084,40113.89592327,398972.18003206002,71964.030931255067,0
2026-02-13,-42,0.16210494433137621,0.16928194336711158,0.16569344384924389,43497.634369679996,9314.1860212799511,64815.006113910014,0
2026-02-13,-41,0.16928194336711158,0.17677669529663689,0.17302931933187424,497944.43938407098,0,244873.30325753009,0
2026-02-13,-40,0.17677669529663689,0.18460326824243742,0.18068998176953716,446641.49560278008,4802.2990432900351,25912.843333709585,0
2026-02-13,-39,0.18460326824243742,0.19277635317599259,0.18868981070921501,4397649.9668297106,0,537.79400750028844,0
2026-02-13,-38,0.19277635317599259,0.20131129149365679,0.1970438223348247,2106096.2617246499,11026.580299740071,38122.113762129869,0
2026-02-13,-37,0.20131129149365679,0.21022410381342863,0.20576769765354269,233419.70722698004,0,58795.342228780151,0
2026-02-13,-36,0.21022410381342863,0.21953152004666243,0.21487781193004551,132751.02102979011,0,87963.162782770174,0
2026-02-13,-35,0.21953152004666243,0.2292510108011678,0.22439126542391513,36265.161831090008,79795.876764800079,66053.601284390301,0
2026-02-13,-34,0.2292510108011678,0.23940082017464343,0.2343259154879056,20946.6931898,29244.109573980008,1145224.2992514733,0
2026-02-13,-33,0.23940082017464343,0.25,0.24470041008732171,56817.621743680073,188590.59589203025,38372.785268829874,0
2026-02-13,-32,0.25,0.26106844560685344,0.25553422280342675,12699.71273182002,84597.551737070098,156199.67249706996,0
2026-02-13,-31,0.26106844560685344,0.27262693316631442,0.26684768938658393,266001.20105899003,418897.52791466005,2586468.9040734298,0
2026-02-13,-30,0.27262693316631442,0.28469715868917289,0.27866204592774368,27982.530943290007,57884.461625880031,762909.87402013829,0
2026-02-13,-29,0.28469715868917289,0.29730177875068026,0.29099946871992655,0,23229.211846519996,33.05316589011656,0
2026-02-13,-28,0.29730177875068026,0.310464453018371,0.30388311588452566,34594.316091380097,23366.366066650007,760993.18424689013,0
2026-02-13,-27,0.310464453018371,0.32420988866275241,0.31733717084056168,76133.405430179962,0,180629.54257717001,0
2026-02-13,-26,0.32420988866275241,0.33856388673422316,0.33138688769848779,8279.9159663299852,17685.003315670012,657340.45119978022,0
2026-02-13,-22,0.38555270635198519,0.40262258298731357,0.39408764466964941,0,9856.9749306503145,2599.4055320501166,0
2026-02-13,-21,0.40262258298731357,0.42044820762685725,0.41153539530708538,0,138675.23186593005,4.4799198499972714,0
2026-02-13,-16,0.5,0.52213689121370688,0.51106844560685349,0,10412.993809100048,741.56712234000349,0
2026-02-14,-43,0.1552322265091855,0.16210494433137621,0.15866858542028084,40113.89592327,398958.94561095,68903.985250175072,0
2026-02-14,-42,0.16210494433137621,0.16928194336711158,0.16569344384924389,43462.902885559997,9314.1860212799511,64815.006113910014,0
2026-02-14,-41,0.16928194336711158,0.17677669529663689,0.17302931933187424,454362.24304496037,0,228908.00321036999,0
2026-02-14,-40,0.17677669529663689,0.18460326824243742,0.18068998176953716,494693.03596303071,4802.2990432900351,62350.026255129684,0
2026-02-14,-39,0.18460326824243742,0.19277635317599259,0.18868981070921501,4397649.9668297106,0,537.79400750028844,0
2026-02-14,-38,0.19277635317599259,0.20131129149365679,0.1970438223348247,2106091.0502677001,11026.580299740071,38122.113762129869,0
2026-02-14,-37,0.20131129149365679,0.21022410381342863,0.20576769765354269,233011.84758752002,0,58795.342228780151,0
2026-02-14,-36,0.21022410381342863,0.21953152004666243,0.21487781193004551,123824.91515650011,8926.1058732900019,87963.162782770174,0
2026-02-14,-35,0.21953152004666243,0.2292510108011678,0.22439126542391513,36265.161831090008,79795.876764800079,66053.601284390301,0
2026-02-14,-34,0.2292510108011678,0.23940082017464343,0.2343259154879056,20946.6931898,29244.109573980008,1137417.8351550133,0
2026-02-14,-33,0.23940082017464343,0.25,0.24470041008732171,56817.621743680073,188590.59589203025,38372.785268829874,0
2026-02-14,-32,0.25,0.26106844560685344,0.25553422280342675,12699.71273182002,84597.551737070098,156199.67249706996,0
2026-02-14,-31,0.26106844560685344,0.27262693316631442,0.26684768938658393,265983.86989134003,418874.81750546006,2586468.9040734298,0
2026-02-14,-30,0.27262693316631442,0.28469715868917289,0.27866204592774368,27982.530943290007,57884.461625880031,761950.40878377832,0
2026-02-14,-29,0.28469715868917289,0.29730177875068026,0.29099946871992655,0,23229.211846519996,33.05316589011656,0
2026-02-14,-28,0.29730177875068026,0.310464453018371,0.30388311588452566,34588.287609430095,23366.366066650007,760993.18424689013,0
2026-02-14,-27,0.310464453018371,0.32420988866275241,0.31733717084056168,76133.405430179962,0,180629.54257717001,0
2026-02-14,-26,0.32420988866275241,0.33856388673422316,0.33138688769848779,8273.8719953599848,17518.053922030012,657340.45119978022,0
2026-02-14,-22,0.38555270635198519,0.40262258298731357,0.39408764466964941,0,9856.9749306503145,2599.4055320501166,0
2026-02-14,-21,0.40262258298731357,0.42044820762685725,0.41153539530708538,0,138675.23186593005,4.4799198499972714,0
2026-02-14,-16,0.5,0.52213689121370688,0.51106844560685349,0,10412.993809100048,741.56712234000349,0
2026-02-15,-43,0.1552322265091855,0.16210494433137621,0.15866858542028084,40113.89592327,398958.94561095,65318.414901595068,0
2026-02-15,-42,0.16210494433137621,0.16928194336711158,0.16569344384924389,43462.880256089979,9314.1860212799511,64815.006113910014,0
2026-02-15,-41,0.16928194336711158,0.17677669529663689,0.17302931933187424,491156.65273724101,0,265324.40444933012,0
2026-02-15,-40,0.17677669529663689,0.18460326824243742,0.18068998176953716,459893.27042115008,4802.2990432900351,35627.587920579586,0
2026-02-15,-39,0.18460326824243742,0.19277635317599259,0.18868981070921501,4397649.9668297106,0,537.79400750028844,0
2026-02-15,-38,0.19277635317599259,0.20131129149365679,0.1970438223348247,2106078.8742917799,11026.580299740071,38122.113762129869,0
2026-02-15,-37,0.20131129149365679,0.21022410381342863,0.20576769765354269,231659.53875282002,1352.3088347000089,58795.342228780151,0
2026-02-15,-36,0.21022410381342863,0.21953152004666243,0.21487781193004551,123824.91515649011,8926.1058732900019,87963.162782770174,0
2026-02-15,-35,0.21953152004666243,0.2292510108011678,0.22439126542391513,35584.161831090008,79795.876764800079,66037.253176400307,0
2026-02-15,-34,0.2292510108011678,0.23940082017464343,0.2343259154879056,20904.873170399998,29244.109573980008,1112150.1471917233,0
2026-02-15,-33,0.23940082017464343,0.25,0.24470041008732171,56817.621743680073,188516.08589203024,38372.785268829874,0
2026-02-15,-32,0.25,0.26106844560685344,0.25553422280342675,12699.71273182002,84597.551737070098,156199.67249706996,0
2026-02-15,-31,0.26106844560685344,0.27262693316631442,0.26684768938658393,265983.86989134003,418816.86750546005,2586468.9040734298,0
2026-02-15,-30,0.27262693316631442,0.28469715868917289,0.27866204592774368,27982.530943290007,57884.461625880031,760983.91266595828,0
2026-02-15,-29,0.28469715868917289,0.29730177875068026,0.29099946871992655,0,23210.270600379998,33.05316589011656,0
2026-02-15,-28,0.29730177875068026,0.310464453018371,0.30388311588452566,34429.225429430095,23366.366066650007,760993.18424689013,0
2026-02-15,-27,0.310464453018371,0.32420988866275241,0.31733717084056168,76133.405430179962,0,180629.54257717001,0
2026-02-15,-26,0.32420988866275241,0.33856388673422316,0.33138688769848779,8273.8719953599848,17518.053922030012,657340.45119978022,0
2026-02-15,-22,0.38555270635198519,0.40262258298731357,0.39408764466964941,0,9856.9749306503145,2599.4055320501166,0
2026-02-15,-21,0.40262258298731357,0.42044820762685725,0.41153539530708538,0,138628.69161695006,4.4799198499972714,0
2026-02-15,-16,0.5,0.52213689121370688,0.51106844560685349,0,10412.993809100048,741.56712234000349,0
2026-02-16,-43,0.1552322265091855,0.16210494433137621,0.15866858542028084,40113.89592327,398958.94561095,57861.639333065068,0
2026-02-16,-42,0.16210494433137621,0.16928194336711158,0.16569344384924389,43462.880256089979,9314.1860212799511,64815.006113910014,0
2026-02-16,-41,0.16928194336711158,0.17677669529663689,0.17302931933187424,495119.55064806098,0,279299.31139359006,0
2026-02-16,-40,0.17677669529663689,0.18460326824243742,0.18068998176953716,458213.98969804007,4802.2990432900351,35627.587920579586,0
2026-02-16,-39,0.18460326824243742,0.19277635317599259,0.18868981070921501,4397649.9668297106,0,537.79400750028844,0
2026-02-16,-38,0.19277635317599259,0.20131129149365679,0.1970438223348247,2106078.8742917799,11026.580299740071,38122.113762129869,0
2026-02-16,-37,0.20131129149365679,0.21022410381342863,0.20576769765354269,231520.28114490001,1352.3088347000089,58795.342228780151,0
2026-02-16,-36,0.21022410381342863,0.21953152004666243,0.21487781193004551,122611.3483013801,10139.672728400003,87963.162782770174,0
2026-02-16,-35,0.21953152004666243,0.2292510108011678,0.22439126542391513,35584.161831090008,79795.876764800079,66037.253176400307,0
2026-02-16,-34,0.2292510108011678,0.23940082017464343,0.2343259154879056,20904.873170399998,29244.109573980008,1108198.3624835634,0
2026-02-16,-33,0.23940082017464343,0.25,0.24470041008732171,56817.621743680073,188326.23587007026,38372.785268829874,0
2026-02-16,-32,0.25,0.26106844560685344,0.25553422280342675,12675.36751835002,84597.551737070098,156199.67249706996,0
2026-02-16,-31,0.26106844560685344,0.27262693316631442,0.26684768938658393,265554.91849097004,418574.83015053003,2586468.9040734298,0
2026-02-16,-30,0.27262693316631442,0.28469715868917289,0.27866204592774368,27982.530943290007,57784.461625880031,759935.07771156821,0
2026-02-16,-29,0.28469715868917289,0.29730177875068026,0.29099946871992655,0,23210.270600379998,33.05316589011656,0
2026-02-16,-28,0.29730177875068026,0.310464453018371,0.30388311588452566,34287.268429430093,23366.366066650007,760993.18424689013,0
2026-02-16,-27,0.310464453018371,0.32420988866275241,0.31733717084056168,76039.583430179962,0,180629.54257717001,0
2026-02-16,-26,0.32420988866275241,0.33856388673422316,0.33138688769848779,8273.8719953599848,17518.053922030012,657340.45119978022,0
2026-02-16,-22,0.38555270635198519,0.40262258298731357,0.39408764466964941,0,9856.9749306503145,2599.4055320501166,0
2026-02-16,-21,0.40262258298731357,0.42044820762685725,0.41153539530708538,0,138628.69161695006,4.4799198499972714,0
2026-02-16,-16,0.5,0.52213689121370688,0.51106844560685349,0,10412.993809100048,741.56712234000349,0
2026-02-17,-43,0.1552322265091855,0.16210494433137621,0.15866858542028084,40113.89592327,398958.94561095,56098.829348715073,0
2026-02-17,-42,0.16210494433137621,0.16928194336711158,0.16569344384924389,89782.35854828055,9314.1860212799511,89154.597960150088,0
2026-02-17,-41,0.16928194336711158,0.17677669529663689,0.17302931933187424,452861.48895089043,0,259277.65002219001,0
2026-02-17,-40,0.17677669529663689,0.18460326824243742,0.18068998176953716,456090.62089627009,4802.2990432900351,35627.587920579586,0
2026-02-17,-39,0.18460326824243742,0.19277635317599259,0.18868981070921501,4397649.9668297106,0,537.79400750028844,0
2026-02-17,-38,0.19277635317599259,0.20131129149365679,0.1970438223348247,2106078.8742917799,11026.580299740071,38122.113762129869,0
2026-02-17,-37,0.20131129149365679,0.21022410381342863,0.20576769765354269,228487.04923955002,4012.3434949700058,58795.342228780151,0
2026-02-17,-36,0.21022410381342863,0.21953152004666243,0.21487781193004551,122611.3483013801,10139.672728400003,87963.162782770174,0
2026-02-17,-35,0.21953152004666243,0.2292510108011678,0.22439126542391513,35584.161831090008,79795.876764800079,66037.253176400307,0
2026-02-17,-34,0.2292510108011678,0.23940082017464343,0.2343259154879056,20904.873170399998,29244.109573980008,1095758.9770026933,0
2026-02-17,-33,0.23940082017464343,0.25,0.24470041008732171,56817.621743680073,188301.56972701024,38372.785268829874,0
2026-02-17,-32,0.25,0.26106844560685344,0.25553422280342675,12675.36751835002,84597.551737070098,156199.67249706996,0
2026-02-17,-31,0.26106844560685344,0.27262693316631442,0.26684768938658393,265554.91849097004,418503.30866397003,2586468.9040734298,0
2026-02-17,-30,0.27262693316631442,0.28469715868917289,0.27866204592774368,27982.530943290007,57784.461625880031,759885.07771156821,0
2026-02-17,-29,0.28469715868917289,0.29730177875068026,0.29099946871992655,0,23210.270600379998,33.05316589011656,0
2026-02-17,-28,0.29730177875068026,0.310464453018371,0.30388311588452566,34131.268429430093,23366.366066650007,760993.18424689013,0
2026-02-17,-27,0.310464453018371,0.32420988866275241,0.31733717084056168,71038.625430189975,0,180629.54257717001,0
2026-02-17,-26,0.32420988866275241,0.33856388673422316,0.33138688769848779,8273.8719953599848,17518.053922030012,657340.45119978022,0
2026-02-17,-22,0.38555270635198519,0.40262258298731357,0.39408764466964941,0,9856.9749306503145,2599.4055320501166,0
2026-02-17,-21,0.40262258298731357,0.42044820762685725,0.41153539530708538,0,138628.69161695006,4.4799198499972714,0
2026-02-17,-16,0.5,0.52213689121370688,0.51106844560685349,0,10412.993809100048,741.56712234000349,0
2026-02-18,-43,0.1552322265091855,0.16210494433137621,0.15866858542028084,40113.89592327,398958.94561095,48934.267021605068,0
2026-02-18,-42,0.16210494433137621,0.16928194336711158,0.16569344384924389,60280.751656549983,9314.1860212799511,72333.767675480005,0
2026-02-18,-41,0.16928194336711158,0.17677669529663689,0.17302931933187424,492217.32662315102,0,314917.88132056012,0
2026-02-18,-40,0.17677669529663689,0.18460326824243742,0.18068998176953716,452413.22443201003,4802.2990432900351,35627.587920579586,0
2026-02-18,-39,0.18460326824243742,0.19277635317599259,0.18868981070921501,4397649.9668297106,0,537.79400750028844,0
2026-02-18,-38,0.19277635317599259,0.20131129149365679,0.1970438223348247,2106061.5253509399,11026.580299740071,38122.113762129869,0
2026-02-18,-37,0.20131129149365679,0.21022410381342863,0.20576769765354269,228296.40607293003,4202.9866615900064,58795.342228780151,0
2026-02-18,-36,0.21022410381342863,0.21953152004666243,0.21487781193004551,122611.3483013801,10139.672728400003,87963.162782770174,0
2026-02-18,-35,0.21953152004666243,0.2292510108011678,0.22439126542391513,35584.161831090008,79795.876764800079,66037.253176400307,0
2026-02-18,-34,0.2292510108011678,0.23940082017464343,0.2343259154879056,20904.873170399998,29244.109573980008,1093639.2457922434,0
2026-02-18,-33,0.23940082017464343,0.25,0.24470041008732171,56817.621743680073,188301.56972701024,38372.785268829874,0
2026-02-18,-32,0.25,0.26106844560685344,0.25553422280342675,12675.36751835002,84597.551737070098,156194.33328822939,0
2026-02-18,-31,0.26106844560685344,0.27262693316631442,0.26684768938658393,265554.91849097004,414390.04211397003,2586468.9040734298,0
2026-02-18,-30,0.27262693316631442,0.28469715868917289,0.27866204592774368,27982.530943290007,57784.461625880031,744240.7887086788,0
2026-02-18,-29,0.28469715868917289,0.29730177875068026,0.29099946871992655,0,23210.270600379998,33.05316589011656,0
2026-02-18,-28,0.29730177875068026,0.310464453018371,0.30388311588452566,33798.803308300092,23366.366066650007,760993.18424689013,0
2026-02-18,-27,0.310464453018371,0.32420988866275241,0.31733717084056168,71038.625430189975,0,180629.54257717001,0
2026-02-18,-26,0.32420988866275241,0.33856388673422316,0.33138688769848779,8273.8719953599848,17502.205924290014,657340.45119978022,0
2026-02-18,-22,0.38555270635198519,0.40262258298731357,0.39408764466964941,0,9856.9749306503145,2599.4055320501166,0
2026-02-18,-21,0.40262258298731357,0.42044820762685725,0.41153539530708538,0,138628.69161695006,4.4799198499972714,0
2026-02-18,-16,0.5,0.52213689121370688,0.51106844560685349,0,10412.993809100048,741.56712234000349,0
2026-02-19,-43,0.1552322265091855,0.16210494433137621,0.15866858542028084,39579.006310949997,398958.94561095,46317.763933950002,0
2026-02-19,-42,0.16210494433137621,0.16928194336711158,0.16569344384924389,60045.591975829971,9314.1860212799511,71833.477838995066,0
2026-02-19,-41,0.16928194336711158,0.17677669529663689,0.17302931933187424,450220.6912869098,0,284939.68991828,0
2026-02-19,-40,0.17677669529663689,0.18460326824243742,0.18068998176953716,573283.68073266128,6027.6420590101316,148700.02768069968,0
2026-02-19,-39,0.18460326824243742,0.19277635317599259,0.18868981070921501,4397649.9668297106,0,537.79400750028844,0
2026-02-19,-38,0.19277635317599259,0.20131129149365679,0.1970438223348247,2106038.2739434601,11026.580299740071,38122.113762129869,0
2026-02-19,-37,0.20131129149365679,0.21022410381342863,0.20576769765354269,228191.29642754002,4202.9866615900064,58795.342228780151,0
2026-02-19,-36,0.21022410381342863,0.21953152004666243,0.21487781193004551,122033.2117568801,10139.672728400003,87963.162782770174,0
2026-02-19,-35,0.21953152004666243,0.2292510108011678,0.22439126542391513,35399.687987900012,79795.876764800079,66037.253176400307,0
2026-02-19,-34,0.2292510108011678,0.23940082017464343,0.2343259154879056,20904.873170399998,29244.109573980008,1022106.0650962032,0
2026-02-19,-33,0.23940082017464343,0.25,0.24470041008732171,56817.621743680073,188300.56972701024,38372.785268829874,0
2026-02-19,-32,0.25,0.26106844560685344,0.25553422280342675,12675.36751835002,84499.820246190109,156093.8619284294,0
2026-02-19,-31,0.26106844560685344,0.27262693316631442,0.26684768938658393,265553.91849097004,414279.96002620005,2586468.9040734298,0
2026-02-19,-30,0.27262693316631442,0.28469715868917289,0.27866204592774368,27982.530943290007,57784.461625870033,703496.36870867887,0
2026-02-19,-29,0.28469715868917289,0.29730177875068026,0.29099946871992655,0,23192.173660239998,33.05316589011656,0
2026-02-19,-28,0.29730177875068026,0.310464453018371,0.30388311588452566,33642.803308300092,23366.366066650007,760993.18424689013,0
2026-02-19,-27,0.310464453018371,0.32420988866275241,0.31733717084056168,71016.984750289965,0,180629.54257717001,0
2026-02-19,-26,0.32420988866275241,0.33856388673422316,0.33138688769848779,8273.8719953599848,17502.205924290014,657340.45119978022,0
2026-02-19,-22,0.38555270635198519,0.40262258298731357,0.39408764466964941,0,9856.9749306503145,2599.4055320501166,0
2026-02-19,-21,0.40262258298731357,0.42044820762685725,0.41153539530708538,0,138184.05459916007,4.4799198499972714,0
2026-02-19,-16,0.5,0.52213689121370688,0.51106844560685349,0,10412.993809100048,741.56712234000349,0
2026-02-20,-43,0.1552322265091855,0.16210494433137621,0.15866858542028084,39579.006310949997,398958.94561095,46317.763933950002,0
2026-02-20,-42,0.16210494433137621,0.16928194336711158,0.16569344384924389,54818.586041459974,9314.1860212799511,65497.992830440002,0
2026-02-20,-41,0.16928194336711158,0.17677669529663689,0.17302931933187424,429581.01555662998,2131.9610999700021,283578.10313180508,0
2026-02-20,-40,0.17677669529663689,0.18460326824243742,0.18068998176953716,567533.38479295105,6027.6420590101316,192383.71548483969,0
2026-02-20,-39,0.18460326824243742,0.19277635317599259,0.18868981070921501,4397649.9668297106,0,537.79400750028844,0
2026-02-20,-38,0.19277635317599259,0.20131129149365679,0.1970438223348247,2106007.5095596402,11026.580299740071,38122.113762129869,0
2026-02-20,-37,0.20131129149365679,0.21022410381342863,0.20576769765354269,228011.19349511003,4202.9866615900064,58795.342228780151,0
2026-02-20,-36,0.21022410381342863,0.21953152004666243,0.21487781193004551,122033.21175687011,10139.672728400003,87963.162782770174,0
2026-02-20,-35,0.21953152004666243,0.2292510108011678,0.22439126542391513,35398.522949700011,79795.876764800079,66037.253176400307,0
2026-02-20,-34,0.2292510108011678,0.23940082017464343,0.2343259154879056,20904.873170399998,29244.109573980008,1012489.2333668832,0
2026-02-20,-33,0.23940082017464343,0.25,0.24470041008732171,56817.621743680073,188300.56972701024,38372.785268829874,0
2026-02-20,-32,0.25,0.26106844560685344,0.25553422280342675,12675.36751835002,84302.400552990104,156046.76049196938,0
2026-02-20,-31,0.26106844560685344,0.27262693316631442,0.26684768938658393,265553.91849097004,414269.45979343005,2586468.9040734298,0
2026-02-20,-30,0.27262693316631442,0.28469715868917289,0.27866204592774368,27982.530943290007,57784.461625870033,700212.73870867887,0
2026-02-20,-29,0.28469715868917289,0.29730177875068026,0.29099946871992655,0,23192.173660239998,33.05316589011656,0
2026-02-20,-28,0.29730177875068026,0.310464453018371,0.30388311588452566,33165.186410570095,23366.366066650007,760993.18424689013,0
2026-02-20,-27,0.310464453018371,0.32420988866275241,0.31733717084056168,70912.525750299974,0,180629.54257717001,0
2026-02-20,-26,0.32420988866275241,0.33856388673422316,0.33138688769848779,7897.1000045999854,17479.372207970013,657340.45119978022,0
2026-02-20,-22,0.38555270635198519,0.40262258298731357,0.39408764466964941,0,9856.9749306503145,2599.4055320501166,0
2026-02-20,-21,0.40262258298731357,0.42044820762685725,0.41153539530708538,0,138184.05459916007,4.4799198499972714,0
2026-02-20,-16,0.5,0.52213689121370688,0.51106844560685349,0,10412.993809100048,741.56712234000349,0
2026-02-21,-43,0.1552322265091855,0.16210494433137621,0.15866858542028084,39579.006310939993,398958.94561095,46317.763933950002,0
2026-02-21,-42,0.16210494433137621,0.16928194336711158,0.16569344384924389,51667.836544389575,12364.811985120348,65497.992830440002,0
2026-02-21,-41,0.16928194336711158,0.17677669529663689,0.17302931933187424,428116.22453388001,2131.9610999700021,277670.6324681851,0
2026-02-21,-40,0.17677669529663689,0.18460326824243742,0.18068998176953716,575270.41781026102,5973.0409808801314,208762.50371787968,0
2026-02-21,-39,0.18460326824243742,0.19277635317599259,0.18868981070921501,4397649.9668297106,0,537.79400750028844,0
2026-02-21,-38,0.19277635317599259,0.20131129149365679,0.1970438223348247,2106007.5095596402,11026.580299740071,38122.113762129869,0
2026-02-21,-37,0.20131129149365679,0.21022410381342863,0.20576769765354269,227947.05107988001,4202.9866615900064,58795.342228780151,0
2026-02-21,-36,0.21022410381342863,0.21953152004666243,0.21487781193004551,121673.21175687011,10139.672728400003,87963.162782770174,0
2026-02-21,-35,0.21953152004666243,0.2292510108011678,0.22439126542391513,35336.31699697001,79795.876764800079,66037.253176400307,0
2026-02-21,-34,0.2292510108011678,0.23940082017464343,0.2343259154879056,20901.84136446,29244.109573980008,1005691.0648034132,0
2026-02-21,-33,0.23940082017464343,0.25,0.24470041008732171,56817.621743680073,188196.98032329025,38372.785268829874,0
2026-02-21,-32,0.25,0.26106844560685344,0.25553422280342675,12675.36751835002,84239.700552990107,156010.6943994794,0
2026-02-21,-31,0.26106844560685344,0.27262693316631442,0.26684768938658393,265553.91849097004,413294.23949972005,2586468.9040734298,0
2026-02-21,-30,0.27262693316631442,0.28469715868917289,0.27866204592774368,27982.530943290007,57732.51035594003,700212.73870867887,0
2026-02-21,-29,0.28469715868917289,0.29730177875068026,0.29099946871992655,0,23164.890368029995,33.05316589011656,0
2026-02-21,-28,0.29730177875068026,0.310464453018371,0.30388311588452566,33165.186410570095,23366.366066650007,760993.18424689013,0
2026-02-21,-27,0.310464453018371,0.32420988866275241,0.31733717084056168,70912.525750299974,0,180629.54257717001,0
2026-02-21,-26,0.32420988866275241,0.33856388673422316,0.33138688769848779,7663.9410368699855,17479.372207970013,657340.45119978022,0
2026-02-21,-22,0.38555270635198519,0.40262258298731357,0.39408764466964941,0,9856.9749306503145,2599.4055320501166,0
2026-02-21,-21,0.40262258298731357,0.42044820762685725,0.41153539530708538,0,138184.05459916007,4.4799198499972714,0
2026-02-21,-16,0.5,0.52213689121370688,0.51106844560685349,0,10412.993809100048,741.56712234000349,0
2026-02-22,-43,0.1552322265091855,0.16210494433137621,0.15866858542028084,39579.006310939993,398958.94561095,46317.763933950002,0
2026-02-22,-42,0.16210494433137621,0.16928194336711158,0.16569344384924389,51020.043861899576,12364.811985120348,65497.992830440002,0
2026-02-22,-41,0.16928194336711158,0.17677669529663689,0.17302931933187424,427488.46453388,2131.9610999700021,274345.77783978509,0
2026-02-22,-40,0.17677669529663689,0.18460326824243742,0.18068998176953716,565580.76673651102,6714.5925632301714,218260.43682430967,0
2026-02-22,-39,0.18460326824243742,0.19277635317599259,0.18868981070921501,4397649.9668297106,0,537.79400750028844,0
2026-02-22,-38,0.19277635317599259,0.20131129149365679,0.1970438223348247,2105995.2116169101,11026.580299740071,38122.113762129869,0
2026-02-22,-37,0.20131129149365679,0.21022410381342863,0.20576769765354269,227893.00241203001,4202.9866615900064,58795.342228780151,0
2026-02-22,-36,0.21022410381342863,0.21953152004666243,0.21487781193004551,121673.21175687011,10139.672728400003,87963.162782770174,0
2026-02-22,-35,0.21953152004666243,0.2292510108011678,0.22439126542391513,35336.31699697001,79795.876764800079,66037.253176400307,0
2026-02-22,-34,0.2292510108011678,0.23940082017464343,0.2343259154879056,20901.84136446,29244.109573980008,1003689.6010603233,0
2026-02-22,-33,0.23940082017464343,0.25,0.24470041008732171,56817.621743680073,188145.24746293025,38372.785268829874,0
2026-02-22,-32,0.25,0.26106844560685344,0.25553422280342675,12675.36751835002,84239.700552990107,155064.20673657829,0
2026-02-22,-31,0.26106844560685344,0.27262693316631442,0.26684768938658393,265514.14140980004,413266.74213939003,2586468.9040734298,0
2026-02-22,-30,0.27262693316631442,0.28469715868917289,0.27866204592774368,27972.446256630006,57558.694666780029,700203.1990679499,0
2026-02-22,-29,0.28469715868917289,0.29730177875068026,0.29099946871992655,0,23164.890368029995,33.05316589011656,0
2026-02-22,-28,0.29730177875068026,0.310464453018371,0.30388311588452566,32899.144250200094,23366.366066650007,760993.18424689013,0
2026-02-22,-27,0.310464453018371,0.32420988866275241,0.31733717084056168,70859.30875029997,0,180629.54257717001,0
2026-02-22,-26,0.32420988866275241,0.33856388673422316,0.33138688769848779,7663.9410368699855,17479.372207970013,657340.45119978022,0
2026-02-22,-22,0.38555270635198519,0.40262258298731357,0.39408764466964941,0,9856.9749306503145,2599.4055320501166,0
2026-02-22,-21,0.40262258298731357,0.42044820762685725,0.41153539530708538,0,138184.05459916007,4.4799198499972714,0
2026-02-22,-16,0.5,0.52213689121370688,0.51106844560685349,0,10399.012294120048,741.56712234000349,0
2026-02-23,-43,0.1552322265091855,0.16210494433137621,0.15866858542028084,38895.006310939993,398958.94561095,46317.763933950002,0
2026-02-23,-42,0.16210494433137621,0.16928194336711158,0.16569344384924389,49054.767416689559,12364.811985120348,63791.778542825065,0
2026-02-23,-41,0.16928194336711158,0.17677669529663689,0.17302931933187424,477654.77418472111,2105.9447339300023,289997.21593565011,0
2026-02-23,-40,0.17677669529663689,0.18460326824243742,0.18068998176953716,518362.40314599988,6714.5925632301714,213709.40463326959,0
2026-02-23,-39,0.18460326824243742,0.19277635317599259,0.18868981070921501,4396934.7798722703,715.18695744000036,537.79400750028844,0
2026-02-23,-38,0.19277635317599259,0.20131129149365679,0.1970438223348247,2105935.2037779102,11026.580299740071,38122.113762129869,0
2026-02-23,-37,0.20131129149365679,0.21022410381342863,0.20576769765354269,227847.16740252002,4202.9866615900064,58795.342228780151,0
2026-02-23,-36,0.21022410381342863,0.21953152004666243,0.21487781193004551,121673.21175687011,10139.672728400003,87963.162782770174,0
2026-02-23,-35,0.21953152004666243,0.2292510108011678,0.22439126542391513,35326.040406670007,79795.876764800079,66037.253176400307,0
2026-02-23,-34,0.2292510108011678,0.23940082017464343,0.2343259154879056,20901.84136446,29244.109573980008,983948.6216805533,0
2026-02-23,-33,0.23940082017464343,0.25,0.24470041008732171,56817.621743680073,188036.05412595026,38372.785268829874,0
2026-02-23,-32,0.25,0.26106844560685344,0.25553422280342675,12675.36751835002,84239.700552990107,154256.96239348827,0
2026-02-23,-31,0.26106844560685344,0.27262693316631442,0.26684768938658393,265514.14140980004,413266.74213939003,2586468.9040734298,0
2026-02-23,-30,0.27262693316631442,0.28469715868917289,0.27866204592774368,27902.575952490006,57558.694666780029,700203.1990679499,0
2026-02-23,-29,0.28469715868917289,0.29730177875068026,0.29099946871992655,0,23164.890368029995,33.05316589011656,0
2026-02-23,-28,0.29730177875068026,0.310464453018371,0.30388311588452566,32657.014554340094,23366.366066650007,760993.18424689013,0
2026-02-23,-27,0.310464453018371,0.32420988866275241,0.31733717084056168,70695.077897659983,0,180629.54257717001,0
2026-02-23,-26,0.32420988866275241,0.33856388673422316,0.33138688769848779,7663.9410368699855,17479.372207970013,657340.45119978022,0
2026-02-23,-22,0.38555270635198519,0.40262258298731357,0.39408764466964941,0,9856.9749306503145,2599.4055320501166,0
2026-02-23,-21,0.40262258298731357,0.42044820762685725,0.41153539530708538,0,138184.05459916007,4.4799198499972714,0
2026-02-23,-16,0.5,0.52213689121370688,0.51106844560685349,0,10399.012294120048,741.56712234000349,0
2026-02-24,-43,0.1552322265091855,0.16210494433137621,0.15866858542028084,38895.006310939993,398958.94561095,46317.763933950002,0
2026-02-24,-42,0.16210494433137621,0.16928194336711158,0.16569344384924389,49019.838742639557,12364.811985120348,55442.735269079996,0
2026-02-24,-41,0.16928194336711158,0.17677669529663689,0.17302931933187424,425276.50043103046,2105.9447339300023,284784.9718291451,0
2026-02-24,-40,0.17677669529663689,0.18460326824243742,0.18068998176953716,511291.52603415988,6714.5925632301714,213709.40463326959,0
2026-02-24,-39,0.18460326824243742,0.19277635317599259,0.18868981070921501,4486125.2717857212,715.18695744000036,56087.362312000376,0
2026-02-24,-38,0.19277635317599259,0.20131129149365679,0.1970438223348247,2104334.4079531599,9793.6772180300704,38122.113762129869,0
2026-02-24,-37,0.20131129149365679,0.21022410381342863,0.20576769765354269,227745.15877070001,4202.9866615900064,58795.342228780151,0
2026-02-24,-36,0.21022410381342863,0.21953152004666243,0.21487781193004551,120714.1993764701,11086.999994900005,87963.162782770174,0
2026-02-24,-35,0.21953152004666243,0.2292510108011678,0.22439126542391513,35323.975947710009,79795.876764800079,66037.253176400307,0
2026-02-24,-34,0.2292510108011678,0.23940082017464343,0.2343259154879056,20901.84136446,29244.109573980008,963628.54810233333,0
2026-02-24,-33,0.23940082017464343,0.25,0.24470041008732171,56817.621743680073,185991.71752917024,38372.785268829874,0
2026-02-24,-32,0.25,0.26106844560685344,0.25553422280342675,12675.36751835002,84204.629227010097,141557.44277541828,0
2026-02-24,-31,0.26106844560685344,0.27262693316631442,0.26684768938658393,265508.14107671002,413055.39780321007,2586468.9040734298,0
2026-02-24,-30,0.27262693316631442,0.28469715868917289,0.27866204592774368,27746.575952490006,57558.694666780029,700203.1990679499,0
2026-02-24,-29,0.28469715868917289,0.29730177875068026,0.29099946871992655,0,23164.890368029995,33.05316589011656,0
2026-02-24,-28,0.29730177875068026,0.310464453018371,0.30388311588452566,32657.014554340094,23366.366066650007,760993.18424689013,0
2026-02-24,-27,0.310464453018371,0.32420988866275241,0.31733717084056168,70695.077897659983,0,179982.54257717001,0
2026-02-24,-26,0.32420988866275241,0.33856388673422316,0.33138688769848779,7663.9410368699855,17454.320740630013,657340.45119978022,0
2026-02-24,-22,0.38555270635198519,0.40262258298731357,0.39408764466964941,0,9856.9749306503145,2599.4055320501166,0
2026-02-24,-21,0.40262258298731357,0.42044820762685725,0.41153539530708538,0,138184.05459916007,4.4799198499972714,0
2026-02-24,-16,0.5,0.52213689121370688,0.51106844560685349,0,10399.012294120048,741.56712234000349,0
2026-02-25,-43,0.1552322265091855,0.16210494433137621,0.15866858542028084,38895.006310939993,398958.94561095,46317.763933950002,0
2026-02-25,-42,0.16210494433137621,0.16928194336711158,0.16569344384924389,45855.860041009553,12319.430873030347,55442.735269079996,0
2026-02-25,-41,0.16928194336711158,0.17677669529663689,0.17302931933187424,424540.95733763999,2105.9447339300023,276549.48334563506,0
2026-02-25,-40,0.17677669529663689,0.18460326824243742,0.18068998176953716,567007.40122367092,6714.5925632301714,282162.32725381968,0
2026-02-25,-39,0.18460326824243742,0.19277635317599259,0.18868981070921501,4423530.7093644999,715.18695744000036,44647.758620040287,0
2026-02-25,-38,0.19277635317599259,0.20131129149365679,0.1970438223348247,2104334.4079531599,9793.6772180300704,38122.113762129869,0
2026-02-25,-37,0.20131129149365679,0.21022410381342863,0.20576769765354269,227742.62963058002,4202.9866615900064,58795.342228780151,0
2026-02-25,-36,0.21022410381342863,0.21953152004666243,0.21487781193004551,120708.3187703101,11086.999994900005,87963.162782770174,0
2026-02-25,-35,0.21953152004666243,0.2292510108011678,0.22439126542391513,35323.975947640007,79795.876764800079,66037.253176400307,0
2026-02-25,-34,0.2292510108011678,0.23940082017464343,0.2343259154879056,18496.346914319998,31649.604024120006,924041.59258620325,0
2026-02-25,-33,0.23940082017464343,0.25,0.24470041008732171,56817.621743680073,185920.18144274026,38372.785268829874,0
2026-02-25,-32,0.25,0.26106844560685344,0.25553422280342675,12476.281858250019,84204.629227010097,136099.74594994829,0
2026-02-25,-31,0.26106844560685344,0.27262693316631442,0.26684768938658393,265398.71515671001,413045.55541913008,2586468.9040734298,0
2026-02-25,-30,0.27262693316631442,0.28469715868917289,0.27866204592774368,27633.661612590007,57558.694666780029,700203.1990679499,0
2026-02-25,-29,0.28469715868917289,0.29730177875068026,0.29099946871992655,0,23164.890368029995,33.05316589011656,0
2026-02-25,-28,0.29730177875068026,0.310464453018371,0.30388311588452566,32657.014554340094,23326.900009690005,760993.18424689013,0
2026-02-25,-27,0.310464453018371,0.32420988866275241,0.31733717084056168,70642.66289765999,0,179982.54257717001,0
2026-02-25,-26,0.32420988866275241,0.33856388673422316,0.33138688769848779,7663.9410368699855,17454.320740630013,657340.45119978022,0
2026-02-25,-22,0.38555270635198519,0.40262258298731357,0.39408764466964941,0,9856.9749306503145,2599.4055320501166,0
2026-02-25,-21,0.40262258298731357,0.42044820762685725,0.41153539530708538,0,138164.54478595007,4.4799198499972714,0
2026-02-25,-16,0.5,0.52213689121370688,0.51106844560685349,0,7205.0297738400486,741.56712234000349,0
2026-02-26,-43,0.1552322265091855,0.16210494433137621,0.15866858542028084,38895.006310939993,398778.59756476001,46317.763933950002,0
2026-02-26,-42,0.16210494433137621,0.16928194336711158,0.16569344384924389,35731.614448709995,12319.430873030347,55442.735269079996,0
2026-02-26,-41,0.16928194336711158,0.17677669529663689,0.17302931933187424,422566.89149631001,2105.9447339300023,266349.48725823505,0
2026-02-26,-40,0.17677669529663689,0.18460326824243742,0.18068998176953716,537246.97248523054,6714.5925632301714,282162.32725381962,0
2026-02-26,-39,0.18460326824243742,0.19277635317599259,0.18868981070921501,4464889.8657849701,715.18695744000036,98050.133946680406,0
2026-02-26,-38,0.19277635317599259,0.20131129149365679,0.1970438223348247,2104251.08668877,9672.6492871000719,38122.113762129869,0
2026-02-26,-37,0.20131129149365679,0.21022410381342863,0.20576769765354269,227732.50704695002,4202.9866615900064,58795.342228780151,0
2026-02-26,-36,0.21022410381342863,0.21953152004666243,0.21487781193004551,120553.3138398601,11084.421813500006,87963.162782770174,0
2026-02-26,-35,0.21953152004666243,0.2292510108011678,0.22439126542391513,35323.975947420025,79795.876764800079,66037.253176400307,0
2026-02-26,-34,0.2292510108011678,0.23940082017464343,0.2343259154879056,18496.346914319998,31649.604024120006,904304.45856328332,0
2026-02-26,-33,0.23940082017464343,0.25,0.24470041008732171,56817.621743680073,185890.50144274026,38372.785268829874,0
2026-02-26,-32,0.25,0.26106844560685344,0.25553422280342675,12476.281858250019,84194.794317400097,127757.61808129828,0
2026-02-26,-31,0.26106844560685344,0.27262693316631442,0.26684768938658393,265398.71515671001,413041.02848913003,2586468.9040734298,0
2026-02-26,-30,0.27262693316631442,0.28469715868917289,0.27866204592774368,26768.858086010008,57558.694666780029,700203.1990679499,0
2026-02-26,-29,0.28469715868917289,0.29730177875068026,0.29099946871992655,0,23164.890368029995,33.05316589011656,0
2026-02-26,-28,0.29730177875068026,0.310464453018371,0.30388311588452566,32452.449754910096,23326.900009690005,760993.18424689013,0
2026-02-26,-27,0.310464453018371,0.32420988866275241,0.31733717084056168,70533.077897659983,0,179982.54257717001,0
2026-02-26,-26,0.32420988866275241,0.33856388673422316,0.33138688769848779,7663.9410368699855,17454.320740630013,657340.45119978022,0
2026-02-26,-22,0.38555270635198519,0.40262258298731357,0.39408764466964941,0,9856.9749306503145,2599.4055320501166,0
2026-02-26,-21,0.40262258298731357,0.42044820762685725,0.41153539530708538,0,138164.54478595007,4.4799198499972714,0
2026-02-26,-16,0.5,0.52213689121370688,0.51106844560685349,0,7205.0297738400486,741.56712234000349,0
2026-02-27,-43,0.1552322265091855,0.16210494433137621,0.15866858542028084,38229.006310939993,398778.59756476001,46317.763933950002,0
2026-02-27,-42,0.16210494433137621,0.16928194336711158,0.16569344384924389,35731.614448709995,12319.430873030347,54635.899953995067,0
2026-02-27,-41,0.16928194336711158,0.17677669529663689,0.17302931933187424,465180.06820587063,2105.9447339300023,280698.33080834011,0
2026-02-27,-40,0.17677669529663689,0.18460326824243742,0.18068998176953716,533359.18189113005,6714.5925632301714,282162.32725381962,0
2026-02-27,-39,0.18460326824243742,0.19277635317599259,0.18868981070921501,4415702.0825088602,715.18695744000036,84421.399383860291,0
2026-02-27,-38,0.19277635317599259,0.20131129149365679,0.1970438223348247,2104251.08668877,9672.6492871000719,38122.113762129869,0
2026-02-27,-37,0.20131129149365679,0.21022410381342863,0.20576769765354269,227712.50704695002,4202.9866615900064,58795.342228780151,0
2026-02-27,-36,0.21022410381342863,0.21953152004666243,0.21487781193004551,120442.41162984006,11195.324023520039,87963.162782770174,0
2026-02-27,-35,0.21953152004666243,0.2292510108011678,0.22439126542391513,35323.975947420025,79795.876764800079,66037.253176400307,0
2026-02-27,-34,0.2292510108011678,0.23940082017464343,0.2343259154879056,18496.346914319998,31649.604024120006,880308.74272905325,0
2026-02-27,-33,0.23940082017464343,0.25,0.24470041008732171,56817.621743680073,185890.50144274026,38372.785268829874,0
2026-02-27,-32,0.25,0.26106844560685344,0.25553422280342675,12476.281858250019,84081.993152640105,125622.47816925828,0
2026-02-27,-31,0.26106844560685344,0.27262693316631442,0.26684768938658393,265349.75198034005,412756.02088181005,2586468.9040734298,0
2026-02-27,-30,0.27262693316631442,0.28469715868917289,0.27866204592774368,26768.858086010008,57558.694666780029,700203.1990679499,0
2026-02-27,-29,0.28469715868917289,0.29730177875068026,0.29099946871992655,0,23164.890368029995,33.05316589011656,0
2026-02-27,-28,0.29730177875068026,0.310464453018371,0.30388311588452566,32332.449754910096,23326.900009690005,760993.18424689013,0
2026-02-27,-27,0.310464453018371,0.32420988866275241,0.31733717084056168,70533.077897659983,0,179982.54257717001,0
2026-02-27,-26,0.32420988866275241,0.33856388673422316,0.33138688769848779,7663.9410368699855,17454.320740630013,657340.45119978022,0
2026-02-27,-22,0.38555270635198519,0.40262258298731357,0.39408764466964941,0,9856.9749306503145,2599.4055320501166,0
2026-02-27,-21,0.40262258298731357,0.42044820762685725,0.41153539530708538,0,138164.54478595007,4.4799198499972714,0
2026-02-27,-16,0.5,0.52213689121370688,0.51106844560685349,0,7205.0297738400486,741.56712234000349,0
2026-02-28,-43,0.1552322265091855,0.16210494433137621,0.15866858542028084,38229.006310939993,398778.59756476001,46317.763933950002,0
2026-02-28,-42,0.16210494433137621,0.16928194336711158,0.16569344384924389,35674.58843286,12319.430873030347,53186.065463129999,0
2026-02-28,-41,0.16928194336711158,0.17677669529663689,0.17302931933187424,431169.77876801015,2105.9447339300023,277515.51728451002,0
2026-02-28,-40,0.17677669529663689,0.18460326824243742,0.18068998176953716,589946.76007290045,6714.5925632301714,354917.56056294474,0
2026-02-28,-39,0.18460326824243742,0.19277635317599259,0.18868981070921501,4410302.9299381105,890.97723295000037,81694.754471320295,0
2026-02-28,-38,0.19277635317599259,0.20131129149365679,0.1970438223348247,2104251.08668877,9672.6492871000719,38122.113762129869,0
2026-02-28,-37,0.20131129149365679,0.21022410381342863,0.20576769765354269,227658.93173363002,4202.9866615900064,58795.342228780151,0
2026-02-28,-36,0.21022410381342863,0.21953152004666243,0.21487781193004551,120442.41162984006,11195.324023520039,87963.162782770174,0
2026-02-28,-35,0.21953152004666243,0.2292510108011678,0.22439126542391513,35323.975947420025,79795.876764800079,66037.253176400307,0
2026-02-28,-34,0.2292510108011678,0.23940082017464343,0.2343259154879056,18496.346914319998,31649.604024120006,839814.87892978324,0
2026-02-28,-33,0.23940082017464343,0.25,0.24470041008732171,56810.442094300073,185890.50144274026,38372.785268829874,0
2026-02-28,-32,0.25,0.26106844560685344,0.25553422280342675,12283.491992240019,84081.993152640105,119896.44029454829,0
2026-02-28,-31,0.26106844560685344,0.27262693316631442,0.26684768938658393,265349.75198034005,405568.22103317006,2586468.9040734298,0
2026-02-28,-30,0.27262693316631442,0.28469715868917289,0.27866204592774368,26768.858086010008,57558.694666780029,700203.1990679499,0
2026-02-28,-29,0.28469715868917289,0.29730177875068026,0.29099946871992655,0,23164.890368029995,33.05316589011656,0
2026-02-28,-28,0.29730177875068026,0.310464453018371,0.30388311588452566,30732.140711280095,23326.900009690005,760993.18424689013,0
2026-02-28,-27,0.310464453018371,0.32420988866275241,0.31733717084056168,69749.413771959982,0,179982.54257717001,0
2026-02-28,-26,0.32420988866275241,0.33856388673422316,0.33138688769848779,7663.9410368699855,17454.320740630013,657340.45119978022,0
2026-02-28,-22,0.38555270635198519,0.40262258298731357,0.39408764466964941,0,9856.9749306503145,2599.4055320501166,0
2026-02-28,-21,0.40262258298731357,0.42044820762685725,0.41153539530708538,0,138164.54478595007,4.4799198499972714,0
2026-02-28,-16,0.5,0.52213689121370688,0.51106844560685349,0,7205.0297738400486,741.56712234000349,0
2026-03-01,-43,0.1552322265091855,0.16210494433137621,0.15866858542028084,38229.006310939993,398766.51756476,46317.763933950002,0
2026-03-01,-42,0.16210494433137621,0.16928194336711158,0.16569344384924389,30263.884320829999,17730.134985060347,53186.065463129999,0
2026-03-01,-41,0.16928194336711158,0.17677669529663689,0.17302931933187424,430912.42822738015,2105.9447339300023,277515.51728451002,0
2026-03-01,-40,0.17677669529663689,0.18460326824243742,0.18068998176953716,548254.38182208035,6714.5925632301714,338150.64247710467,0
2026-03-01,-39,0.18460326824243742,0.19277635317599259,0.18868981070921501,4475975.7705735005,890.97723295000037,103827.85459971039,0
2026-03-01,-38,0.19277635317599259,0.20131129149365679,0.1970438223348247,2104251.08668877,9672.6492871000719,38122.113762129869,0
2026-03-01,-37,0.20131129149365679,0.21022410381342863,0.20576769765354269,227164.68784223002,4202.9866615900064,58795.342228780151,0
2026-03-01,-36,0.21022410381342863,0.21953152004666243,0.21487781193004551,120442.41162984006,11195.324023520039,87963.162782770174,0
2026-03-01,-35,0.21953152004666243,0.2292510108011678,0.22439126542391513,34858.168433300023,79795.876764800079,66037.253176400307,0
2026-03-01,-34,0.2292510108011678,0.23940082017464343,0.2343259154879056,18496.346914319998,31649.604024120006,835434.72171397333,0
2026-03-01,-33,0.23940082017464343,0.25,0.24470041008732171,56810.442094300073,185823.45851941025,38372.785268829874,0
2026-03-01,-32,0.25,0.26106844560685344,0.25553422280342675,12283.491992240019,84081.993152640105,112869.12728588829,0
2026-03-01,-31,0.26106844560685344,0.27262693316631442,0.26684768938658393,265349.75198034005,405548.75103316002,2586468.9040734298,0
2026-03-01,-30,0.27262693316631442,0.28469715868917289,0.27866204592774368,26695.376332570006,57558.694666780029,700203.1990679499,0
2026-03-01,-29,0.28469715868917289,0.29730177875068026,0.29099946871992655,0,23164.890368029995,33.05316589011656,0
2026-03-01,-28,0.29730177875068026,0.310464453018371,0.30388311588452566,30732.140711280095,23326.900009690005,760993.18424689013,0
2026-03-01,-27,0.310464453018371,0.32420988866275241,0.31733717084056168,69749.413771959982,0,179982.54257717001,0
2026-03-01,-26,0.32420988866275241,0.33856388673422316,0.33138688769848779,7663.9410368699855,17454.320740630013,657340.45119978022,0
2026-03-01,-22,0.38555270635198519,0.40262258298731357,0.39408764466964941,0,9856.9749306503145,2599.4055320501166,0
2026-03-01,-21,0.40262258298731357,0.42044820762685725,0.41153539530708538,0,138083.51770928007,4.4799198499972714,0
2026-03-01,-16,0.5,0.52213689121370688,0.51106844560685349,0,7205.0297738400486,741.56712234000349,0
2026-03-02,-43,0.1552322265091855,0.16210494433137621,0.15866858542028084,38229.006310939993,398766.51756476,46317.763933950002,0
2026-03-02,-42,0.16210494433137621,0.16928194336711158,0.16569344384924389,27136.722520569998,17730.134985060347,53186.065463129999,0
2026-03-02,-41,0.16928194336711158,0.17677669529663689,0.17302931933187424,420087.15989530011,11811.746749590002,277515.51728451002,0
2026-03-02,-40,0.17677669529663689,0.18460326824243742,0.18068998176953716,541828.4069823703,6714.5925632301714,330026.48764313466,0
2026-03-02,-39,0.18460326824243742,0.19277635317599259,0.18868981070921501,4432929.4204578605,890.97723295000037,100234.5400608903,0
2026-03-02,-38,0.19277635317599259,0.20131129149365679,0.1970438223348247,2169447.3329379102,9672.6492871000719,70530.025924479982,0
2026-03-02,-37,0.20131129149365679,0.21022410381342863,0.20576769765354269,227158.68784223002,4202.9866615900064,58795.342228780151,0
2026-03-02,-36,0.21022410381342863,0.21953152004666243,0.21487781193004551,120442.41162984006,11195.324023520039,87963.162782770174,0
2026-03-02,-35,0.21953152004666243,0.2292510108011678,0.22439126542391513,34858.168433300023,79795.876764800079,66037.253176400307,0
2026-03-02,-34,0.2292510108011678,0.23940082017464343,0.2343259154879056,18496.346914319998,31649.604024120006,828552.57048529328,0
2026-03-02,-33,0.23940082017464343,0.25,0.24470041008732171,56810.442094300073,185818.27573407025,38372.785268829874,0
2026-03-02,-32,0.25,0.26106844560685344,0.25553422280342675,12260.159881330019,84081.993152640105,112845.51657611829,0
2026-03-02,-31,0.26106844560685344,0.27262693316631442,0.26684768938658393,265311.36104080005,404976.85409523005,2586468.9040734298,0
2026-03-02,-30,0.27262693316631442,0.28469715868917289,0.27866204592774368,26695.376332570006,57472.202891030029,700203.1990679499,0
2026-03-02,-29,0.28469715868917289,0.29730177875068026,0.29099946871992655,0,23164.890368029995,33.05316589011656,0
2026-03-02,-28,0.29730177875068026,0.310464453018371,0.30388311588452566,30721.563711280094,23320.121066690008,760993.18424689013,0
2026-03-02,-27,0.310464453018371,0.32420988866275241,0.31733717084056168,69749.413732959991,0,179982.54257717001,0
2026-03-02,-26,0.32420988866275241,0.33856388673422316,0.33138688769848779,7647.3621259199854,17454.320740630013,657340.45119978022,0
2026-03-02,-22,0.38555270635198519,0.40262258298731357,0.39408764466964941,0,9856.9749306503145,2599.4055320501166,0
2026-03-02,-21,0.40262258298731357,0.42044820762685725,0.41153539530708538,0,138083.51770928007,4.4799198499972714,0
2026-03-02,-16,0.5,0.52213689121370688,0.51106844560685349,0,7205.0297738400486,741.56712234000349,0
2026-03-03,-43,0.1552322265091855,0.16210494433137621,0.15866858542028084,37983.169126099994,398766.51756476,46317.763933950002,0
2026-03-03,-42,0.16210494433137621,0.16928194336711158,0.16569344384924389,26927.719252439998,17730.134985060347,53186.065463129999,0
2026-03-03,-41,0.16928194336711158,0.17677669529663689,0.17302931933187424,412807.65725330013,11811.746749590002,271156.90974163997,0
2026-03-03,-40,0.17677669529663689,0.18460326824243742,0.18068998176953716,514684.14141806029,7093.2225517701736,318405.77786655468,0
2026-03-03,-39,0.18460326824243742,0.19277635317599259,0.18868981070921501,4429951.5935938805,890.97723295000037,91406.436747640299,0
2026-03-03,-38,0.19277635317599259,0.20131129149365679,0.1970438223348247,2123765.4244394498,9475.7031729100709,60486.944870279869,0
2026-03-03,-37,0.20131129149365679,0.21022410381342863,0.20576769765354269,316661.43737398006,4202.9866615900064,139752.43033566026,0
2026-03-03,-36,0.21022410381342863,0.21953152004666243,0.21487781193004551,120442.41162984006,11195.324023520039,87870.238616130169,0
2026-03-03,-35,0.21953152004666243,0.2292510108011678,0.22439126542391513,32727.498269200023,79795.876764800079,66037.253176400307,0
2026-03-03,-34,0.2292510108011678,0.23940082017464343,0.2343259154879056,18496.346914319998,31649.604024120006,808343.72166406328,0
2026-03-03,-33,0.23940082017464343,0.25,0.24470041008732171,56021.820975910072,185251.78127116026,38372.785268829874,0
2026-03-03,-32,0.25,0.26106844560685344,0.25553422280342675,12260.159315330018,81220.583152640102,109031.85634872828,0
2026-03-03,-31,0.26106844560685344,0.27262693316631442,0.26684768938658393,265067.96905034001,404925.32910023007,2586468.9040734298,0
2026-03-03,-30,0.27262693316631442,0.28469715868917289,0.27866204592774368,26657.000297480008,57472.202891030029,700074.71251511993,0
2026-03-03,-29,0.28469715868917289,0.29730177875068026,0.29099946871992655,0,23164.890368029995,33.05316589011656,0
2026-03-03,-28,0.29730177875068026,0.310464453018371,0.30388311588452566,29965.198090120095,23320.121066690008,760554.7144576601,0
2026-03-03,-27,0.310464453018371,0.32420988866275241,0.31733717084056168,69685.413372959985,0,179982.54257717001,0
2026-03-03,-26,0.32420988866275241,0.33856388673422316,0.33138688769848779,7572.8329491299855,17454.320740630013,657340.45119978022,0
2026-03-03,-22,0.38555270635198519,0.40262258298731357,0.39408764466964941,0,9856.9749306503145,2599.4055320501166,0
2026-03-03,-21,0.40262258298731357,0.42044820762685725,0.41153539530708538,0,138083.51770928007,4.4799198499972714,0
2026-03-03,-16,0.5,0.52213689121370688,0.51106844560685349,0,7205.0297738400486,741.56712234000349,0
2026-03-04,-43,0.1552322265091855,0.16210494433137621,0.15866858542028084,37983.169126099994,398766.51756476,46317.763933950002,0
2026-03-04,-42,0.16210494433137621,0.16928194336711158,0.16569344384924389,26927.356363259998,17730.134985060347,53186.065463129999,0
2026-03-04,-41,0.16928194336711158,0.17677669529663689,0.17302931933187424,402409.76038188016,3541.418054690002,266923.67118617997,0
2026-03-04,-40,0.17677669529663689,0.18460326824243742,0.18068998176953716,510312.58899518993,8049.5305333701745,297505.47585545958,0
2026-03-04,-39,0.18460326824243742,0.19277635317599259,0.18868981070921501,4406692.6358426502,890.97723295000037,81517.772276650285,0
2026-03-04,-38,0.19277635317599259,0.20131129149365679,0.1970438223348247,2113843.1631581499,9475.7031720400719,53672.564548719871,0
2026-03-04,-37,0.20131129149365679,0.21022410381342863,0.20576769765354269,251454.62838841003,4202.9866615900064,130129.18006034523,0
2026-03-04,-36,0.21022410381342863,0.21953152004666243,0.21487781193004551,120442.41162984006,11195.324023520039,87870.238616130169,0
2026-03-04,-35,0.21953152004666243,0.2292510108011678,0.22439126542391513,134630.79498279048,79795.876764800079,247351.88760231042,0
2026-03-04,-34,0.2292510108011678,0.23940082017464343,0.2343259154879056,18496.346914319998,31649.604024120006,752889.27420014329,0
2026-03-04,-33,0.23940082017464343,0.25,0.24470041008732171,56021.820975910072,185230.55127116025,38372.785268829874,0
2026-03-04,-32,0.25,0.26106844560685344,0.25553422280342675,12260.159315330018,81220.583152640102,102013.93428763829,0
2026-03-04,-31,0.26106844560685344,0.27262693316631442,0.26684768938658393,265067.96905034001,404132.49154965003,2586468.9040734298,0
2026-03-04,-30,0.27262693316631442,0.28469715868917289,0.27866204592774368,26657.000297480008,57472.202891030029,700074.71251511993,0
2026-03-04,-29,0.28469715868917289,0.29730177875068026,0.29099946871992655,0,23164.890368029995,33.05316589011656,0
2026-03-04,-28,0.29730177875068026,0.310464453018371,0.30388311588452566,29965.198090120095,23320.121066690008,760554.7144576601,0
2026-03-04,-27,0.310464453018371,0.32420988866275241,0.31733717084056168,63473.938372959987,0,179982.54257717001,0
2026-03-04,-26,0.32420988866275241,0.33856388673422316,0.33138688769848779,7572.8329491299855,17454.320740630013,657340.45119978022,0
2026-03-04,-22,0.38555270635198519,0.40262258298731357,0.39408764466964941,0,9856.9749306503145,2599.4055320501166,0
2026-03-04,-21,0.40262258298731357,0.42044820762685725,0.41153539530708538,0,138083.51770928007,4.4799198499972714,0
2026-03-04,-16,0.5,0.52213689121370688,0.51106844560685349,0,7032.8271046800492,741.56712234000349,0
2026-03-05,-43,0.1552322265091855,0.16210494433137621,0.15866858542028084,37982.776573089999,398766.51756476,46317.763933950002,0
2026-03-05,-42,0.16210494433137621,0.16928194336711158,0.16569344384924389,26645.971871849993,17730.134985060347,53186.065463129999,0
2026-03-05,-41,0.16928194336711158,0.17677669529663689,0.17302931933187424,400472.53741756012,3541.418054690002,266923.67118617997,0
2026-03-05,-40,0.17677669529663689,0.18460326824243742,0.18068998176953716,464785.47422450996,8086.1165264801748,297505.47585545958,0
2026-03-05,-39,0.18460326824243742,0.19277635317599259,0.18868981070921501,4402787.2982605305,890.97723295000037,81517.772276650285,0
2026-03-05,-38,0.19277635317599259,0.20131129149365679,0.1970438223348247,2106209.9398087198,9475.7031720400719,53672.564548719871,0
2026-03-05,-37,0.20131129149365679,0.21022410381342863,0.20576769765354269,234232.09781132001,4202.9866615900064,108453.71065005015,0
2026-03-05,-36,0.21022410381342863,0.21953152004666243,0.21487781193004551,120442.41162984006,11195.324023520039,87870.238616130169,0
2026-03-05,-35,0.21953152004666243,0.2292510108011678,0.22439126542391513,69689.16097341993,79795.876764800079,212225.6590952948,0
2026-03-05,-34,0.2292510108011678,0.23940082017464343,0.2343259154879056,154243.37724984062,22749.604024120006,855525.16446427337,0
2026-03-05,-33,0.23940082017464343,0.25,0.24470041008732171,56021.820975910072,185230.55127116025,28094.107613738768,0
2026-03-05,-32,0.25,0.26106844560685344,0.25553422280342675,12260.159315330015,81220.583152640102,93366.41881916995,0
2026-03-05,-31,0.26106844560685344,0.27262693316631442,0.26684768938658393,265067.96905034001,404027.99827449006,2586468.9040734298,0
2026-03-05,-30,0.27262693316631442,0.28469715868917289,0.27866204592774368,26657.000297480008,57471.582384710033,700074.71251511993,0
2026-03-05,-29,0.28469715868917289,0.29730177875068026,0.29099946871992655,0,23164.890368029995,33.05316589011656,0
2026-03-05,-28,0.29730177875068026,0.310464453018371,0.30388311588452566,29953.648090120096,23320.121066690008,760554.7144576601,0
2026-03-05,-27,0.310464453018371,0.32420988866275241,0.31733717084056168,63214.842029869986,0,179982.54257717001,0
2026-03-05,-26,0.32420988866275241,0.33856388673422316,0.33138688769848779,7560.637540189985,17454.320740630013,657340.45119978022,0
2026-03-05,-22,0.38555270635198519,0.40262258298731357,0.39408764466964941,0,9856.9749306503145,2599.4055320501166,0
2026-03-05,-21,0.40262258298731357,0.42044820762685725,0.41153539530708538,0,138083.51770928007,4.4799198499972714,0
2026-03-05,-16,0.5,0.52213689121370688,0.51106844560685349,0,7032.8271046800492,741.56712234000349,0
2026-03-06,-43,0.1552322265091855,0.16210494433137621,0.15866858542028084,37982.776573089999,398766.51756476,46317.763933950002,0
2026-03-06,-42,0.16210494433137621,0.16928194336711158,0.16569344384924389,24005.711111619999,17730.134985060347,53186.065463129999,0
2026-03-06,-41,0.16928194336711158,0.17677669529663689,0.17302931933187424,388071.21319120016,3541.418054690002,266923.67118617997,0
2026-03-06,-40,0.17677669529663689,0.18460326824243742,0.18068998176953716,461948.59365760995,8949.4869753701751,297505.47585545958,0
2026-03-06,-39,0.18460326824243742,0.19277635317599259,0.18868981070921501,4402039.0205937503,890.97723295000037,81517.772276650285,0
2026-03-06,-38,0.19277635317599259,0.20131129149365679,0.1970438223348247,2106054.27266553,9475.7031720400719,53672.564548719871,0
2026-03-06,-37,0.20131129149365679,0.21022410381342863,0.20576769765354269,231956.84788101004,4202.9866615900064,108453.71065005015,0
2026-03-06,-36,0.21022410381342863,0.21953152004666243,0.21487781193004551,120442.41162984006,11195.324023520039,87837.054959499612,0
2026-03-06,-35,0.21953152004666243,0.2292510108011678,0.22439126542391513,193122.64024403057,79795.876764800079,345386.51623460435,0
2026-03-06,-34,0.2292510108011678,0.23940082017464343,0.2343259154879056,67282.423772729977,22749.604024120006,729186.18591505324,0
2026-03-06,-33,0.23940082017464343,0.25,0.24470041008732171,55927.339081700076,185202.67392954024,16692.759184239876,0
2026-03-06,-32,0.25,0.26106844560685344,0.25553422280342675,12247.414489060015,81220.583152640102,93366.41881916995,0
2026-03-06,-31,0.26106844560685344,0.27262693316631442,0.26684768938658393,264971.69381197001,404005.64258741005,2586468.9040734298,0
2026-03-06,-30,0.27262693316631442,0.28469715868917289,0.27866204592774368,26165.482191440005,57471.582384710033,700074.71251511993,0
2026-03-06,-29,0.28469715868917289,0.29730177875068026,0.29099946871992655,0,23164.890368029995,33.05316589011656,0
2026-03-06,-28,0.29730177875068026,0.310464453018371,0.30388311588452566,29901.385751120095,23320.121066690008,760554.7144576601,0
2026-03-06,-27,0.310464453018371,0.32420988866275241,0.31733717084056168,63047.609029869986,0,172075.14257717002,0
2026-03-06,-26,0.32420988866275241,0.33856388673422316,0.33138688769848779,7560.637540189985,17454.320740630013,657340.45119978022,0
2026-03-06,-22,0.38555270635198519,0.40262258298731357,0.39408764466964941,0,9856.9749306503145,2599.4055320501166,0
2026-03-06,-21,0.40262258298731357,0.42044820762685725,0.41153539530708538,0,138020.67646019006,4.4799198499972714,0
2026-03-06,-16,0.5,0.52213689121370688,0.51106844560685349,0,7032.8271046800492,741.56712234000349,0
2026-03-07,-43,0.1552322265091855,0.16210494433137621,0.15866858542028084,37982.776573089999,398766.51756476,46220.696846889441,0
2026-03-07,-42,0.16210494433137621,0.16928194336711158,0.16569344384924389,21965.197189639999,17730.134985060347,53186.065463129999,0
2026-03-07,-41,0.16928194336711158,0.17677669529663689,0.17302931933187424,385900.66270978015,4199.072716300002,266923.67118617997,0
2026-03-07,-40,0.17677669529663689,0.18460326824243742,0.18068998176953716,461927.29365760996,8949.4869753701751,297505.47585545958,0
2026-03-07,-39,0.18460326824243742,0.19277635317599259,0.18868981070921501,4402039.0205937503,890.97723295000037,81517.772276650285,0
2026-03-07,-38,0.19277635317599259,0.20131129149365679,0.1970438223348247,2106042.44943887,9475.7031720400719,53672.564548719871,0
2026-03-07,-37,0.20131129149365679,0.21022410381342863,0.20576769765354269,226677.25387029003,4202.9866615800065,108411.81629460015,0
2026-03-07,-36,0.21022410381342863,0.21953152004666243,0.21487781193004551,272526.74557800038,11195.324023520039,171490.81624725537,0
2026-03-07,-35,0.21953152004666243,0.2292510108011678,0.22439126542391513,88270.45879728024,79678.396764800069,273719.60682070919,0
2026-03-07,-34,0.2292510108011678,0.23940082017464343,0.2343259154879056,36588.138769390003,22749.604024120006,709416.80379647331,0
2026-03-07,-33,0.23940082017464343,0.25,0.24470041008732171,55927.339081700076,185202.67392954024,16692.759184239876,0
2026-03-07,-32,0.25,0.26106844560685344,0.25553422280342675,12091.414489060015,81220.583152640102,93366.41881916995,0
2026-03-07,-31,0.26106844560685344,0.27262693316631442,0.26684768938658393,264964.69381197001,403970.92258741002,2586468.9040734298,0
2026-03-07,-30,0.27262693316631442,0.28469715868917289,0.27866204592774368,26165.482191440005,57471.582384710033,700074.71251511993,0
2026-03-07,-29,0.28469715868917289,0.29730177875068026,0.29099946871992655,0,23164.890368029995,33.05316589011656,0
2026-03-07,-28,0.29730177875068026,0.310464453018371,0.30388311588452566,29899.995751120096,23320.121066690008,760554.7144576601,0
2026-03-07,-27,0.310464453018371,0.32420988866275241,0.31733717084056168,62241.332029869991,0,172075.14257717002,0
2026-03-07,-26,0.32420988866275241,0.33856388673422316,0.33138688769848779,7560.637540189985,17454.320740630013,657340.45119978022,0
2026-03-07,-22,0.38555270635198519,0.40262258298731357,0.39408764466964941,0,9856.9749306503145,2599.4055320501166,0
2026-03-07,-21,0.40262258298731357,0.42044820762685725,0.41153539530708538,0,138020.67646019006,4.4799198499972714,0
2026-03-07,-16,0.5,0.52213689121370688,0.51106844560685349,0,6735.187520480049,741.56712234000349,0
2026-03-08,-43,0.1552322265091855,0.16210494433137621,0.15866858542028084,37982.776573089999,398766.51756476,46171.379710349436,0
2026-03-08,-42,0.16210494433137621,0.16928194336711158,0.16569344384924389,21965.197189639999,17730.134985060347,53186.065463129999,0
2026-03-08,-41,0.16928194336711158,0.17677669529663689,0.17302931933187424,385604.52112576016,4199.072716300002,266923.67118617997,0
2026-03-08,-40,0.17677669529663689,0.18460326824243742,0.18068998176953716,459956.15472633991,10608.817919340174,297505.47585545958,0
2026-03-08,-39,0.18460326824243742,0.19277635317599259,0.18868981070921501,4401106.6413951302,890.97723295000037,81517.772276650285,0
2026-03-08,-38,0.19277635317599259,0.20131129149365679,0.1970438223348247,2106030.7502265,9475.7031720400719,53672.564548719871,0
2026-03-08,-37,0.20131129149365679,0.21022410381342863,0.20576769765354269,290637.81694500014,4202.9866615800065,156320.56085212028,0
2026-03-08,-36,0.21022410381342863,0.21953152004666243,0.21487781193004551,192935.63461894004,11195.324023520039,135118.43955546524,0
2026-03-08,-35,0.21953152004666243,0.2292510108011678,0.22439126542391513,81286.43312740048,79678.396764800069,270412.85992055922,0
2026-03-08,-34,0.2292510108011678,0.23940082017464343,0.2343259154879056,36044.415865780007,22749.604024120006,701576.29598044325,0
2026-03-08,-33,0.23940082017464343,0.25,0.24470041008732171,55927.338857700073,185178.98392954026,16692.759184239876,0
2026-03-08,-32,0.25,0.26106844560685344,0.25553422280342675,12091.414489060015,81220.583152640102,93366.41881916995,0
2026-03-08,-31,0.26106844560685344,0.27262693316631442,0.26684768938658393,264964.69381197001,403910.40258740005,2586468.9040734298,0
2026-03-08,-30,0.27262693316631442,0.28469715868917289,0.27866204592774368,26165.482191440005,57471.582384710033,700074.71251511993,0
2026-03-08,-29,0.28469715868917289,0.29730177875068026,0.29099946871992655,0,23164.890368029995,33.05316589011656,0
2026-03-08,-28,0.29730177875068026,0.310464453018371,0.30388311588452566,29899.995751120096,23320.121066690008,760554.7144576601,0
2026-03-08,-27,0.310464453018371,0.32420988866275241,0.31733717084056168,62241.332029869991,0,172075.14257717002,0
2026-03-08,-26,0.32420988866275241,0.33856388673422316,0.33138688769848779,7560.637540189985,17454.320740630013,657340.45119978022,0
2026-03-08,-22,0.38555270635198519,0.40262258298731357,0.39408764466964941,0,9856.9749306503145,2599.4055320501166,0
2026-03-08,-21,0.40262258298731357,0.42044820762685725,0.41153539530708538,0,138020.67646019006,4.4799198499972714,0
2026-03-08,-16,0.5,0.52213689121370688,0.51106844560685349,0,6735.187520480049,741.56712234000349,0
2026-03-09,-43,0.1552322265091855,0.16210494433137621,0.15866858542028084,37982.776573089999,398766.51756476,46138.134412539999,0
2026-03-09,-42,0.16210494433137621,0.16928194336711158,0.16569344384924389,21965.197189639999,17730.134985060347,53186.065463129999,0
2026-03-09,-41,0.16928194336711158,0.17677669529663689,0.17302931933187424,385542.83754395013,4199.072716300002,266874.41121669946,0
2026-03-09,-40,0.17677669529663689,0.18460326824243742,0.18068998176953716,458784.88203432993,10930.090611350182,297505.47585545958,0
2026-03-09,-39,0.18460326824243742,0.19277635317599259,0.18868981070921501,4401106.6413951302,890.97723295000037,81517.772276650285,0
2026-03-09,-38,0.19277635317599259,0.20131129149365679,0.1970438223348247,2185458.1950696604,9475.7031720400719,168108.20739612996,0
2026-03-09,-37,0.20131129149365679,0.21022410381342863,0.20576769765354269,258084.28147319015,4202.9866615800065,140611.98082514523,0
2026-03-09,-36,0.21022410381342863,0.21953152004666243,0.21487781193004551,141065.35374815002,11195.324023520039,109213.30439793017,0
2026-03-09,-35,0.21953152004666243,0.2292510108011678,0.22439126542391513,81286.433127310011,79678.396764800069,267808.13257424918,0
2026-03-09,-34,0.2292510108011678,0.23940082017464343,0.2343259154879056,35792.517556910003,22749.604024120006,619820.76449571329,0
2026-03-09,-33,0.23940082017464343,0.25,0.24470041008732171,55927.338857700073,185126.65762476026,16692.759184239876,0
2026-03-09,-32,0.25,0.26106844560685344,0.25553422280342675,12091.414489060015,81220.583152640102,93366.41881916995,0
2026-03-09,-31,0.26106844560685344,0.27262693316631442,0.26684768938658393,264964.69381197001,403885.65258740005,2586468.9040734298,0
2026-03-09,-30,0.27262693316631442,0.28469715868917289,0.27866204592774368,20850.673229540007,57471.582384710033,700074.71251511993,0
2026-03-09,-29,0.28469715868917289,0.29730177875068026,0.29099946871992655,0,23164.890368029995,33.05316589011656,0
2026-03-09,-28,0.29730177875068026,0.310464453018371,0.30388311588452566,29873.841325580095,23320.121066690008,760554.7144576601,0
2026-03-09,-27,0.310464453018371,0.32420988866275241,0.31733717084056168,62241.332029869991,0,172075.14257717002,0
2026-03-09,-26,0.32420988866275241,0.33856388673422316,0.33138688769848779,7560.637540189985,17454.320740630013,657340.45119978022,0
2026-03-09,-22,0.38555270635198519,0.40262258298731357,0.39408764466964941,0,9856.9749306403137,2599.4055320501166,0
2026-03-09,-21,0.40262258298731357,0.42044820762685725,0.41153539530708538,0,138020.67646019006,4.4799198499972714,0
2026-03-09,-16,0.5,0.52213689121370688,0.51106844560685349,0,6735.187520480049,741.56712234000349,0
2026-03-10,-43,0.1552322265091855,0.16210494433137621,0.15866858542028084,37982.776573089999,398766.51756476,46138.134412539999,0
2026-03-10,-42,0.16210494433137621,0.16928194336711158,0.16569344384924389,21862.20501139,17730.134985060347,53155.847320399997,0
2026-03-10,-41,0.16928194336711158,0.17677669529663689,0.17302931933187424,385542.83754395013,4199.072716300002,266835.48336026946,0
2026-03-10,-40,0.17677669529663689,0.18460326824243742,0.18068998176953716,456063.26744163991,10930.090611350182,297505.47585545958,0
2026-03-10,-39,0.18460326824243742,0.19277635317599259,0.18868981070921501,4401102.68791865,890.97740695000516,81517.772276650285,0
2026-03-10,-38,0.19277635317599259,0.20131129149365679,0.1970438223348247,2141391.5428905906,9451.1931720400717,156730.54657107493,0
2026-03-10,-37,0.20131129149365679,0.21022410381342863,0.20576769765354269,239441.34759767004,4202.9866615800065,116744.06074105017,0
2026-03-10,-36,0.21022410381342863,0.21953152004666243,0.21487781193004551,227487.24477380014,11195.324023520039,199315.22501151028,0
2026-03-10,-35,0.21953152004666243,0.2292510108011678,0.22439126542391513,76044.608831010017,79678.396764800069,267511.8751883792,0
2026-03-10,-34,0.2292510108011678,0.23940082017464343,0.2343259154879056,35652.478349200006,22749.604024120006,579433.15265663329,0
2026-03-10,-33,0.23940082017464343,0.25,0.24470041008732171,55927.338857690076,185094.34110599026,16692.759184239876,0
2026-03-10,-32,0.25,0.26106844560685344,0.25553422280342675,12091.414489060015,81220.583152640102,93366.41881916995,0
2026-03-10,-31,0.26106844560685344,0.27262693316631442,0.26684768938658393,264964.69381197001,403851.05258740007,2586468.9040734298,0
2026-03-10,-30,0.27262693316631442,0.28469715868917289,0.27866204592774368,20850.673229540007,57471.582384710033,700074.71251511993,0
2026-03-10,-29,0.28469715868917289,0.29730177875068026,0.29099946871992655,0,23164.890368029995,33.05316589011656,0
2026-03-10,-28,0.29730177875068026,0.310464453018371,0.30388311588452566,29872.168596440093,23320.121066690008,760554.7144576601,0
2026-03-10,-27,0.310464453018371,0.32420988866275241,0.31733717084056168,62241.331915179988,0,172075.14257717002,0
2026-03-10,-26,0.32420988866275241,0.33856388673422316,0.33138688769848779,7485.415737409985,17454.320740630013,657340.45119978022,0
2026-03-10,-22,0.38555270635198519,0.40262258298731357,0.39408764466964941,0,9856.9749306403137,2599.4055320501166,0
2026-03-10,-21,0.40262258298731357,0.42044820762685725,0.41153539530708538,0,138020.67646019006,4.4799198499972714,0
2026-03-10,-16,0.5,0.52213689121370688,0.51106844560685349,0,6735.187520480049,741.56712234000349,0
2026-03-11,-43,0.1552322265091855,0.16210494433137621,0.15866858542028084,37982.776573089999,398766.51756476,46138.134412539999,0
2026-03-11,-42,0.16210494433137621,0.16928194336711158,0.16569344384924389,21839.376866189999,17730.134985060347,53155.847320399997,0
2026-03-11,-41,0.16928194336711158,0.17677669529663689,0.17302931933187424,385542.83754395013,4199.072716300002,266822.55337386945,0
2026-03-11,-40,0.17677669529663689,0.18460326824243742,0.18068998176953716,455491.42557085992,10930.096543090183,297505.47585545958,0
2026-03-11,-39,0.18460326824243742,0.19277635317599259,0.18868981070921501,4401102.68791865,890.97740695000516,81517.772276650285,0
2026-03-11,-38,0.19277635317599259,0.20131129149365679,0.1970438223348247,2237089.2198917307,9451.1931720400717,218007.41678735503,0
2026-03-11,-37,0.20131129149365679,0.21022410381342863,0.20576769765354269,227427.24230022004,4202.9866615800065,116744.06074105017,0
2026-03-11,-36,0.21022410381342863,0.21953152004666243,0.21487781193004551,144358.1082509101,11195.324023520039,199315.22501151016,0
2026-03-11,-35,0.21953152004666243,0.2292510108011678,0.22439126542391513,75999.166374080029,79678.396764800069,267511.8751883792,0
2026-03-11,-34,0.2292510108011678,0.23940082017464343,0.2343259154879056,35643.814931470006,22749.604024120006,488495.57705920329,0
2026-03-11,-33,0.23940082017464343,0.25,0.24470041008732171,55927.338857690076,184940.62547287025,16692.759184239876,0
2026-03-11,-32,0.25,0.26106844560685344,0.25553422280342675,12091.414489060015,81220.583152640102,93366.41881916995,0
2026-03-11,-31,0.26106844560685344,0.27262693316631442,0.26684768938658393,264964.69381139003,403825.25258740003,2586468.9040734298,0
2026-03-11,-30,0.27262693316631442,0.28469715868917289,0.27866204592774368,20850.673229540007,57471.582384710033,700074.71251511993,0
2026-03-11,-29,0.28469715868917289,0.29730177875068026,0.29099946871992655,0,23164.890368029995,33.05316589011656,0
2026-03-11,-28,0.29730177875068026,0.310464453018371,0.30388311588452566,29872.168596440093,23320.121066690008,760554.7144576601,0
2026-03-11,-27,0.310464453018371,0.32420988866275241,0.31733717084056168,62241.331915179988,0,172075.14257717002,0
2026-03-11,-26,0.32420988866275241,0.33856388673422316,0.33138688769848779,7485.415737409985,17454.320740630013,657340.45119978022,0
2026-03-11,-22,0.38555270635198519,0.40262258298731357,0.39408764466964941,0,9856.9749306403137,2599.4055320501166,0
2026-03-11,-21,0.40262258298731357,0.42044820762685725,0.41153539530708538,0,137952.30537068006,4.4799198499972714,0
2026-03-11,-16,0.5,0.52213689121370688,0.51106844560685349,0,6735.187520480049,741.56712234000349,0
2026-03-12,-43,0.1552322265091855,0.16210494433137621,0.15866858542028084,37982.776573089999,398766.51756476,46138.134412539999,0
2026-03-12,-42,0.16210494433137621,0.16928194336711158,0.16569344384924389,21839.376866189999,17730.134985060347,53155.847320399997,0
2026-03-12,-41,0.16928194336711158,0.17677669529663689,0.17302931933187424,385217.62306978018,4199.072716300002,266807.58070733945,0
2026-03-12,-40,0.17677669529663689,0.18460326824243742,0.18068998176953716,440972.09693965991,10943.846887640188,297505.47585545958,0
2026-03-12,-39,0.18460326824243742,0.19277635317599259,0.18868981070921501,4035937.86676443,890.97740695000516,81517.772276650285,0
2026-03-12,-38,0.19277635317599259,0.20131129149365679,0.1970438223348247,2687666.3083476806,9451.1931720400717,324508.58641176997,0
2026-03-12,-37,0.20131129149365679,0.21022410381342863,0.20576769765354269,210741.59025725003,4202.9866615800065,116734.06074105017,0
2026-03-12,-36,0.21022410381342863,0.21953152004666243,0.21487781193004551,64748.484588110099,11195.324023520039,186872.84982879524,0
2026-03-12,-35,0.21953152004666243,0.2292510108011678,0.22439126542391513,75986.729501770023,78878.290764800069,267511.8751883792,0
2026-03-12,-34,0.2292510108011678,0.23940082017464343,0.2343259154879056,33859.690680010004,22749.604024120006,446408.90339320328,0
2026-03-12,-33,0.23940082017464343,0.25,0.24470041008732171,55927.338857690076,184940.62547287025,16692.759184239876,0
2026-03-12,-32,0.25,0.26106844560685344,0.25553422280342675,9118.9696881200343,81220.583152640102,93366.41881916995,0
2026-03-12,-31,0.26106844560685344,0.27262693316631442,0.26684768938658393,257667.76300116003,403730.61707412003,2586468.9040734298,0
2026-03-12,-30,0.27262693316631442,0.28469715868917289,0.27866204592774368,15375.292369450006,57471.582384710033,700074.71251511993,0
2026-03-12,-29,0.28469715868917289,0.29730177875068026,0.29099946871992655,0,23164.890368029995,33.05316589011656,0
2026-03-12,-28,0.29730177875068026,0.310464453018371,0.30388311588452566,19751.510815010093,23320.121066690008,760554.7144576601,0
2026-03-12,-27,0.310464453018371,0.32420988866275241,0.31733717084056168,62240.331915179988,0,172075.14257717002,0
2026-03-12,-26,0.32420988866275241,0.33856388673422316,0.33138688769848779,7485.415737409985,17454.320740630013,657340.45119978022,0
2026-03-12,-22,0.38555270635198519,0.40262258298731357,0.39408764466964941,0,9856.9749306403137,2599.4055320501166,0
2026-03-12,-21,0.40262258298731357,0.42044820762685725,0.41153539530708538,0,137952.30537068006,4.4799198499972714,0
2026-03-12,-16,0.5,0.52213689121370688,0.51106844560685349,0,6735.187520480049,741.56712234000349,0
2026-03-13,-43,0.1552322265091855,0.16210494433137621,0.15866858542028084,37982.776573089999,398766.51756476,46138.134412539999,0
2026-03-13,-42,0.16210494433137621,0.16928194336711158,0.16569344384924389,21839.376866189999,17730.093526730347,53155.847320399997,0
2026-03-13,-41,0.16928194336711158,0.17677669529663689,0.17302931933187424,385217.62306978018,4199.072716300002,266781.05262625945,0
2026-03-13,-40,0.17677669529663689,0.18460326824243742,0.18068998176953716,440972.09693965991,10943.798592280187,297505.47585545958,0
2026-03-13,-39,0.18460326824243742,0.19277635317599259,0.18868981070921501,4133243.4092076411,1046.9223853900053,155613.92564647042,0
2026-03-13,-38,0.19277635317599259,0.20131129149365679,0.1970438223348247,2566618.6068542097,9451.1931720400717,310877.6543961899,0
2026-03-13,-37,0.20131129149365679,0.21022410381342863,0.20576769765354269,210722.73839308001,4202.9866615800065,116734.06074105017,0
2026-03-13,-36,0.21022410381342863,0.21953152004666243,0.21487781193004551,64748.48457861007,11195.324023520039,177868.34219408524,0
2026-03-13,-35,0.21953152004666243,0.2292510108011678,0.22439126542391513,75042.647241070023,78848.221324520069,267466.25060155918,0
2026-03-13,-34,0.2292510108011678,0.23940082017464343,0.2343259154879056,21027.741887010001,22745.059448400007,387768.11340455327,0
2026-03-13,-33,0.23940082017464343,0.25,0.24470041008732171,55927.338857690076,184938.86693120026,16692.759184239876,0
2026-03-13,-32,0.25,0.26106844560685344,0.25553422280342675,9118.9696881200343,81220.583152640102,93366.41881916995,0
2026-03-13,-31,0.26106844560685344,0.27262693316631442,0.26684768938658393,257667.76300116003,401241.94713102008,2586468.9040734298,0
2026-03-13,-30,0.27262693316631442,0.28469715868917289,0.27866204592774368,15375.292369450006,57471.582384710033,700074.71251511993,0
2026-03-13,-29,0.28469715868917289,0.29730177875068026,0.29099946871992655,0,23164.890368029995,33.05316589011656,0
2026-03-13,-28,0.29730177875068026,0.310464453018371,0.30388311588452566,19751.510815010093,23320.121066690008,760554.7144576601,0
2026-03-13,-27,0.310464453018371,0.32420988866275241,0.31733717084056168,62190.331915179988,0,172075.14257717002,0
2026-03-13,-26,0.32420988866275241,0.33856388673422316,0.33138688769848779,7485.415737409985,17454.320740630013,657340.45119978022,0
2026-03-13,-22,0.38555270635198519,0.40262258298731357,0.39408764466964941,0,9856.9749306403137,2599.4055320501166,0
2026-03-13,-21,0.40262258298731357,0.42044820762685725,0.41153539530708538,0,137952.30537068006,4.4799198499972714,0
2026-03-13,-16,0.5,0.52213689121370688,0.51106844560685349,0,6735.187520480049,741.56712234000349,0
2026-03-14,-43,0.1552322265091855,0.16210494433137621,0.15866858542028084,37982.776573089999,398766.51756476,46138.134412539999,0
2026-03-14,-42,0.16210494433137621,0.16928194336711158,0.16569344384924389,21839.376866189999,17730.093526730347,53155.847320399997,0
2026-03-14,-41,0.16928194336711158,0.17677669529663689,0.17302931933187424,385217.62306978018,4199.072716300002,266679.85661052942,0
2026-03-14,-40,0.17677669529663689,0.18460326824243742,0.18068998176953716,536482.85120859009,10943.798592280187,336640.62832118972,0
2026-03-14,-39,0.18460326824243742,0.19277635317599259,0.18868981070921501,166700.79958281034,3927533.7515550302,155541.8461298403,0
2026-03-14,-38,0.19277635317599259,0.20131129149365679,0.1970438223348247,2525788.8405296998,9451.1931720400717,308364.49439618987,0
2026-03-14,-37,0.20131129149365679,0.21022410381342863,0.20576769765354269,210722.73839308001,4202.9866615800065,116088.45581100015,0
2026-03-14,-36,0.21022410381342863,0.21953152004666243,0.21487781193004551,57074.594862290076,11195.324023520039,175736.35474777524,0
2026-03-14,-35,0.21953152004666243,0.2292510108011678,0.22439126542391513,74359.140864090019,78848.221324520069,251773.19060155921,0
2026-03-14,-34,0.2292510108011678,0.23940082017464343,0.2343259154879056,21027.741887010001,22745.059448400007,366204.56579669326,0
2026-03-14,-33,0.23940082017464343,0.25,0.24470041008732171,50121.338857690076,184906.96693120024,16692.759184239876,0
2026-03-14,-32,0.25,0.26106844560685344,0.25553422280342675,9118.9696881200343,81220.583152640102,93366.41881916995,0
2026-03-14,-31,0.26106844560685344,0.27262693316631442,0.26684768938658393,257667.76300116003,401199.88407318003,2586468.9040734298,0
2026-03-14,-30,0.27262693316631442,0.28469715868917289,0.27866204592774368,15375.292369450006,57471.582384710033,700074.71251511993,0
2026-03-14,-29,0.28469715868917289,0.29730177875068026,0.29099946871992655,0,23164.890368029995,33.05316589011656,0
2026-03-14,-28,0.29730177875068026,0.310464453018371,0.30388311588452566,17232.010815010093,23320.121066690008,760554.7144576601,0
2026-03-14,-27,0.310464453018371,0.32420988866275241,0.31733717084056168,62190.331915179988,0,172075.14257717002,0
2026-03-14,-26,0.32420988866275241,0.33856388673422316,0.33138688769848779,7485.415737409985,17454.320740630013,657340.45119978022,0
2026-03-14,-22,0.38555270635198519,0.40262258298731357,0.39408764466964941,0,9856.9749306403137,2599.4055320501166,0
2026-03-14,-21,0.40262258298731357,0.42044820762685725,0.41153539530708538,0,137952.30537068006,4.4799198499972714,0
2026-03-14,-16,0.5,0.52213689121370688,0.51106844560685349,0,6735.187520480049,741.56712234000349,0
2026-03-15,-43,0.1552322265091855,0.16210494433137621,0.15866858542028084,37982.776573089999,398766.51756476,46138.134412539999,0
2026-03-15,-42,0.16210494433137621,0.16928194336711158,0.16569344384924389,21839.376866189999,17730.093526730347,53145.459342989438,0
2026-03-15,-41,0.16928194336711158,0.17677669529663689,0.17302931933187424,385217.62306978018,4199.072716300002,266678.37559324998,0
2026-03-15,-40,0.17677669529663689,0.18460326824243742,0.18068998176953716,625727.02830378991,10943.798592280187,365849.21888432972,0
2026-03-15,-39,0.18460326824243742,0.19277635317599259,0.18868981070921501,153313.68429790036,3927533.7515550302,155541.8461298403,0
2026-03-15,-38,0.19277635317599259,0.20131129149365679,0.1970438223348247,536159.77465099993,1949559.7531948101,308364.49439618987,0
2026-03-15,-37,0.20131129149365679,0.21022410381342863,0.20576769765354269,210722.73839308001,4202.9866615800065,116088.45581100015,0
2026-03-15,-36,0.21022410381342863,0.21953152004666243,0.21487781193004551,52497.347201760065,11195.324023520039,167389.96008693412,0
2026-03-15,-35,0.21953152004666243,0.2292510108011678,0.22439126542391513,72775.20024760002,78848.221324520069,247168.75820242031,0
2026-03-15,-34,0.2292510108011678,0.23940082017464343,0.2343259154879056,21027.741887010001,22745.059448400007,331381.6046990233,0
2026-03-15,-33,0.23940082017464343,0.25,0.24470041008732171,50121.338857690076,184883.16430566026,16692.759184239876,0
2026-03-15,-32,0.25,0.26106844560685344,0.25553422280342675,9118.9696881200343,81220.583152640102,93366.41881916995,0
2026-03-15,-31,0.26106844560685344,0.27262693316631442,0.26684768938658393,257667.76300116003,401146.51407318003,2586468.9040734298,0
2026-03-15,-30,0.27262693316631442,0.28469715868917289,0.27866204592774368,15375.292369450006,57411.582384710033,700074.71251511993,0
2026-03-15,-29,0.28469715868917289,0.29730177875068026,0.29099946871992655,0,23164.890368029995,33.05316589011656,0
2026-03-15,-28,0.29730177875068026,0.310464453018371,0.30388311588452566,17232.010815010093,23320.121066690008,760554.7144576601,0
2026-03-15,-27,0.310464453018371,0.32420988866275241,0.31733717084056168,62185.76274613999,0,172075.14257717002,0
2026-03-15,-26,0.32420988866275241,0.33856388673422316,0.33138688769848779,7485.415737409985,17454.320740630013,657340.45119978022,0
2026-03-15,-22,0.38555270635198519,0.40262258298731357,0.39408764466964941,0,9856.9749306403137,2599.4055320501166,0
2026-03-15,-21,0.40262258298731357,0.42044820762685725,0.41153539530708538,0,137952.30537068006,4.4799198499972714,0
2026-03-15,-16,0.5,0.52213689121370688,0.51106844560685349,0,6735.187520480049,741.56712234000349,0
2026-03-16,-43,0.1552322265091855,0.16210494433137621,0.15866858542028084,37982.776573089999,398694.85756476002,46138.134412539999,0
2026-03-16,-42,0.16210494433137621,0.16928194336711158,0.16569344384924389,19839.376866189999,17730.093526730347,53117.89681183944,0
2026-03-16,-41,0.16928194336711158,0.17677669529663689,0.17302931933187424,381922.62306978018,4199.072716300002,266678.37559324998,0
2026-03-16,-40,0.17677669529663689,0.18460326824243742,0.18068998176953716,654252.08154105057,10943.798592280187,503479.73529940972,0
2026-03-16,-39,0.18460326824243742,0.19277635317599259,0.18868981070921501,132246.31850718986,3927533.7515550302,155541.8461298403,0
2026-03-16,-38,0.19277635317599259,0.20131129149365679,0.1970438223348247,529308.59183203999,1949559.7531948101,308364.49439618987,0
2026-03-16,-37,0.20131129149365679,0.21022410381342863,0.20576769765354269,210657.05898790003,4202.9866615800065,102329.20084895905,0
2026-03-16,-36,0.21022410381342863,0.21953152004666243,0.21487781193004551,50325.868736290053,13366.802488990044,131051.69875475523,0
2026-03-16,-35,0.21953152004666243,0.2292510108011678,0.22439126542391513,72775.20024760002,78848.221324520069,247168.75820242031,0
2026-03-16,-34,0.2292510108011678,0.23940082017464343,0.2343259154879056,21027.741887010001,22745.059448400007,294193.55592084327,0
2026-03-16,-33,0.23940082017464343,0.25,0.24470041008732171,50121.338857690076,184883.16430566026,16692.759184239876,0
2026-03-16,-32,0.25,0.26106844560685344,0.25553422280342675,9118.9696881200343,81220.583152640102,93366.41881916995,0
2026-03-16,-31,0.26106844560685344,0.27262693316631442,0.26684768938658393,257667.76300116003,401133.84407318005,2586468.9040734298,0
2026-03-16,-30,0.27262693316631442,0.28469715868917289,0.27866204592774368,15375.292369450006,57411.582384710033,700074.71251511993,0
2026-03-16,-29,0.28469715868917289,0.29730177875068026,0.29099946871992655,0,23164.890368029995,33.05316589011656,0
2026-03-16,-28,0.29730177875068026,0.310464453018371,0.30388311588452566,17232.010815010093,23320.121066690008,760554.7144576601,0
2026-03-16,-27,0.310464453018371,0.32420988866275241,0.31733717084056168,62185.76274613999,0,172075.14257717002,0
2026-03-16,-26,0.32420988866275241,0.33856388673422316,0.33138688769848779,7485.415737409985,17454.320740630013,657340.45119978022,0
2026-03-16,-22,0.38555270635198519,0.40262258298731357,0.39408764466964941,0,9856.9749306403137,2599.4055320501166,0
2026-03-16,-21,0.40262258298731357,0.42044820762685725,0.41153539530708538,0,137952.30537068006,4.4799198499972714,0
2026-03-16,-16,0.5,0.52213689121370688,0.51106844560685349,0,6735.187520480049,741.56712234000349,0
2026-03-17,-43,0.1552322265091855,0.16210494433137621,0.15866858542028084,37982.776573089999,398694.85756476002,35019.9272918489,0
2026-03-17,-42,0.16210494433137621,0.16928194336711158,0.16569344384924389,19839.376866189999,17730.093526730347,53026.57547575944,0
2026-03-17,-41,0.16928194336711158,0.17677669529663689,0.17302931933187424,381922.62306978018,4199.072716300002,266678.37559324998,0
2026-03-17,-40,0.17677669529663689,0.18460326824243742,0.18068998176953716,589881.5018962,10943.798592280187,500320.95138958958,0
2026-03-17,-39,0.18460326824243742,0.19277635317599259,0.18868981070921501,259848.69541470043,3927533.7515550302,255325.02369548043,0
2026-03-17,-38,0.19277635317599259,0.20131129149365679,0.1970438223348247,529303.34281632991,1949559.7531948101,306064.95172023494,0
2026-03-17,-37,0.20131129149365679,0.21022410381342863,0.20576769765354269,210614.61746547002,4202.9866615800065,98743.147969650148,0
2026-03-17,-36,0.21022410381342863,0.21953152004666243,0.21487781193004551,50271.311479620053,13409.551653840048,130146.76264309017,0
2026-03-17,-35,0.21953152004666243,0.2292510108011678,0.22439126542391513,72775.20024760002,78848.221324520069,247168.75820242031,0
2026-03-17,-34,0.2292510108011678,0.23940082017464343,0.2343259154879056,21027.741887010001,22745.059448400007,164854.95233079328,0
2026-03-17,-33,0.23940082017464343,0.25,0.24470041008732171,50121.338857690076,184788.50119699026,16692.759184239876,0
2026-03-17,-32,0.25,0.26106844560685344,0.25553422280342675,9118.9696881200343,81220.583152640102,93366.41881916995,0
2026-03-17,-31,0.26106844560685344,0.27262693316631442,0.26684768938658393,257667.76300116003,400965.27898300003,2586468.9040734298,0
2026-03-17,-30,0.27262693316631442,0.28469715868917289,0.27866204592774368,15375.292369450006,57411.582384710033,700074.71251511993,0
2026-03-17,-29,0.28469715868917289,0.29730177875068026,0.29099946871992655,0,23164.890368029995,33.05316589011656,0
2026-03-17,-28,0.29730177875068026,0.310464453018371,0.30388311588452566,17230.096582550093,23320.121066690008,760554.7144576601,0
2026-03-17,-27,0.310464453018371,0.32420988866275241,0.31733717084056168,62168.727172139988,0,172075.14257717002,0
2026-03-17,-26,0.32420988866275241,0.33856388673422316,0.33138688769848779,7485.415737409985,17454.320740630013,657340.45119978022,0
2026-03-17,-22,0.38555270635198519,0.40262258298731357,0.39408764466964941,0,9856.9749306403137,2599.4055320501166,0
2026-03-17,-21,0.40262258298731357,0.42044820762685725,0.41153539530708538,0,137787.58949631007,4.4799198499972714,0
2026-03-17,-16,0.5,0.52213689121370688,0.51106844560685349,0,6735.187520480049,741.56712234000349,0
2026-03-18,-43,0.1552322265091855,0.16210494433137621,0.15866858542028084,37982.776573089999,398670.37756475998,29558.585648380002,0
2026-03-18,-42,0.16210494433137621,0.16928194336711158,0.16569344384924389,19839.376866189999,17730.093526730347,53014.427086019998,0
2026-03-18,-41,0.16928194336711158,0.17677669529663689,0.17302931933187424,380747.56281486014,4199.072716300002,255372.28981390889,0
2026-03-18,-40,0.17677669529663689,0.18460326824243742,0.18068998176953716,568091.42283136002,10943.798592280187,500255.39247998904,0
2026-03-18,-39,0.18460326824243742,0.19277635317599259,0.18868981070921501,208997.9555112198,3927533.7515550302,252166.24207314031,0
2026-03-18,-38,0.19277635317599259,0.20131129149365679,0.1970438223348247,627609.64274113066,1949236.64319481,380690.31620855507,0
2026-03-18,-37,0.20131129149365679,0.21022410381342863,0.20576769765354269,210606.28567560003,4202.9866615800065,98743.147969650148,0
2026-03-18,-36,0.21022410381342863,0.21953152004666243,0.21487781193004551,47702.002852640049,13409.551653840048,130146.76264309017,0
2026-03-18,-35,0.21953152004666243,0.2292510108011678,0.22439126542391513,72250.089177690024,79373.332394430079,247168.75820242031,0
2026-03-18,-34,0.2292510108011678,0.23940082017464343,0.2343259154879056,21027.741887010001,22745.059448400007,147716.68273549978,0
2026-03-18,-33,0.23940082017464343,0.25,0.24470041008732171,50121.338857690076,184775.13119699026,16692.759184239876,0
2026-03-18,-32,0.25,0.26106844560685344,0.25553422280342675,9118.9696881200343,81151.508798620096,93366.41881916995,0
2026-03-18,-31,0.26106844560685344,0.27262693316631442,0.26684768938658393,257667.76300116003,400960.23445700004,2550065.1131344032,0
2026-03-18,-30,0.27262693316631442,0.28469715868917289,0.27866204592774368,15375.292369450006,57411.582384710033,700074.71251511993,0
2026-03-18,-29,0.28469715868917289,0.29730177875068026,0.29099946871992655,0,23164.890368029995,33.05316589011656,0
2026-03-18,-28,0.29730177875068026,0.310464453018371,0.30388311588452566,16279.662567740093,23316.870271720007,760554.7144576601,0
2026-03-18,-27,0.310464453018371,0.32420988866275241,0.31733717084056168,62168.727172139988,0,172075.14257717002,0
2026-03-18,-26,0.32420988866275241,0.33856388673422316,0.33138688769848779,7485.415737409985,17454.320740630013,657340.45119978022,0
2026-03-18,-22,0.38555270635198519,0.40262258298731357,0.39408764466964941,0,9856.9749306403137,2599.4055320501166,0
2026-03-18,-21,0.40262258298731357,0.42044820762685725,0.41153539530708538,0,137787.58949631007,4.4799198499972714,0
2026-03-18,-16,0.5,0.52213689121370688,0.51106844560685349,0,6723.1075204800491,741.56712234000349,0
2026-03-19,-43,0.1552322265091855,0.16210494433137621,0.15866858542028084,37982.776573089999,398670.37756475998,29558.585648380002,0
2026-03-19,-42,0.16210494433137621,0.16928194336711158,0.16569344384924389,19839.376866189999,17730.093526730347,53014.427086019998,0
2026-03-19,-41,0.16928194336711158,0.17677669529663689,0.17302931933187424,315081.13756628014,4199.072716300002,241124.03981390889,0
2026-03-19,-40,0.17677669529663689,0.18460326824243742,0.18068998176953716,554153.56512798998,10943.798592280187,500222.02241508901,0
2026-03-19,-39,0.18460326824243742,0.19277635317599259,0.18868981070921501,164085.63298819988,3927533.7515550302,252166.24207314031,0
2026-03-19,-38,0.19277635317599259,0.20131129149365679,0.1970438223348247,556607.81060525065,1949236.6431905401,488483.74019745504,0
2026-03-19,-37,0.20131129149365679,0.21022410381342863,0.20576769765354269,210211.97163210003,4202.9866615800065,98743.147969650148,0
2026-03-19,-36,0.21022410381342863,0.21953152004666243,0.21487781193004551,47297.951854680054,13369.551653840048,130146.76264309017,0
2026-03-19,-35,0.21953152004666243,0.2292510108011678,0.22439126542391513,71279.061054420032,79527.694675000079,247139.1263315703,0
2026-03-19,-34,0.2292510108011678,0.23940082017464343,0.2343259154879056,21027.741887010001,22745.059448400007,147716.68273549978,0
2026-03-19,-33,0.23940082017464343,0.25,0.24470041008732171,50121.338857690076,184775.13119699026,16692.759184239876,0
2026-03-19,-32,0.25,0.26106844560685344,0.25553422280342675,9118.9696881200343,81151.508798620096,93366.41881916995,0
2026-03-19,-31,0.26106844560685344,0.27262693316631442,0.26684768938658393,257626.57087956002,400878.77138312004,2468965.1190761132,0
2026-03-19,-30,0.27262693316631442,0.28469715868917289,0.27866204592774368,15375.292369450006,57411.582384710033,700074.71251511993,0
2026-03-19,-29,0.28469715868917289,0.29730177875068026,0.29099946871992655,0,23164.890368029995,33.05316589011656,0
2026-03-19,-28,0.29730177875068026,0.310464453018371,0.30388311588452566,16279.643758940094,23316.870271720007,760554.7144576601,0
2026-03-19,-27,0.310464453018371,0.32420988866275241,0.31733717084056168,62133.527172139991,0,172075.14257717002,0
2026-03-19,-26,0.32420988866275241,0.33856388673422316,0.33138688769848779,7485.415737409985,17454.320740630013,657340.45119978022,0
2026-03-19,-22,0.38555270635198519,0.40262258298731357,0.39408764466964941,0,9856.9749306403137,2599.4055320501166,0
2026-03-19,-21,0.40262258298731357,0.42044820762685725,0.41153539530708538,0,137787.58949631007,4.4799198499972714,0
2026-03-19,-16,0.5,0.52213689121370688,0.51106844560685349,0,6723.1075204800491,741.56712234000349,0
2026-03-20,-43,0.1552322265091855,0.16210494433137621,0.15866858542028084,37982.776573089999,398644.57756475999,29558.585648380002,0
2026-03-20,-42,0.16210494433137621,0.16928194336711158,0.16569344384924389,19839.376866189999,17730.093526730347,53014.427086019998,0
2026-03-20,-41,0.16928194336711158,0.17677669529663689,0.17302931933187424,315081.13713428017,4199.072716300002,241124.03981390889,0
2026-03-20,-40,0.17677669529663689,0.18460326824243742,0.18068998176953716,553315.84782095999,10943.798592280187,500209.44881617901,0
2026-03-20,-39,0.18460326824243742,0.19277635317599259,0.18868981070921501,155085.63298741987,3927533.7515550302,252166.24207314031,0
2026-03-20,-38,0.19277635317599259,0.20131129149365679,0.1970438223348247,580473.10648695054,1949236.6431905401,534407.16416242509,0
2026-03-20,-37,0.20131129149365679,0.21022410381342863,0.20576769765354269,210169.38608777002,4202.9866615800065,98743.147969650148,0
2026-03-20,-36,0.21022410381342863,0.21953152004666243,0.21487781193004551,47297.951854680054,13369.551653840048,130146.76264309017,0
2026-03-20,-35,0.21953152004666243,0.2292510108011678,0.22439126542391513,71252.176992540029,79550.020416880085,247129.78321219029,0
2026-03-20,-34,0.2292510108011678,0.23940082017464343,0.2343259154879056,21027.741887010001,22745.059448400007,147716.68273549978,0
2026-03-20,-33,0.23940082017464343,0.25,0.24470041008732171,50121.338857690076,184759.53086596026,16692.759184239876,0
2026-03-20,-32,0.25,0.26106844560685344,0.25553422280342675,9108.9696881200343,81151.508798620096,93366.41881916995,0
2026-03-20,-31,0.26106844560685344,0.27262693316631442,0.26684768938658393,257626.57087956002,400852.97138312005,2426302.2667258931,0
2026-03-20,-30,0.27262693316631442,0.28469715868917289,0.27866204592774368,15375.292369450006,57411.582384710033,700074.71251511993,0
2026-03-20,-29,0.28469715868917289,0.29730177875068026,0.29099946871992655,0,23164.890368029995,33.05316589011656,0
2026-03-20,-28,0.29730177875068026,0.310464453018371,0.30388311588452566,16279.643758940094,23316.870271720007,760554.7144576601,0
2026-03-20,-27,0.310464453018371,0.32420988866275241,0.31733717084056168,62088.420172139988,0,172075.14257717002,0
2026-03-20,-26,0.32420988866275241,0.33856388673422316,0.33138688769848779,7485.415737409985,17454.320740630013,657340.45119978022,0
2026-03-20,-22,0.38555270635198519,0.40262258298731357,0.39408764466964941,0,9856.9749306403137,2599.4055320501166,0
2026-03-20,-21,0.40262258298731357,0.42044820762685725,0.41153539530708538,0,137787.58949631007,4.4799198499972714,0
2026-03-20,-16,0.5,0.52213689121370688,0.51106844560685349,0,6723.1075204800491,741.56712234000349,0
2026-03-21,-43,0.1552322265091855,0.16210494433137621,0.15866858542028084,37982.776573089999,398644.57756475999,29558.585648380002,0
2026-03-21,-42,0.16210494433137621,0.16928194336711158,0.16569344384924389,19839.376866189999,17730.093526730347,53014.427086019998,0
2026-03-21,-41,0.16928194336711158,0.17677669529663689,0.17302931933187424,315081.13713428017,4199.072716300002,241124.03981390889,0
2026-03-21,-40,0.17677669529663689,0.18460326824243742,0.18068998176953716,471486.74575077993,10943.798592280187,500206.646417109,0
2026-03-21,-39,0.18460326824243742,0.19277635317599259,0.18868981070921501,257216.62872781046,3927533.7515550302,306932.88410805538,0
2026-03-21,-38,0.19277635317599259,0.20131129149365679,0.1970438223348247,516093.87303920003,1949236.6431905401,526179.91374624998,0
2026-03-21,-37,0.20131129149365679,0.21022410381342863,0.20576769765354269,209919.41560394003,4202.9866615800065,98743.147969650148,0
2026-03-21,-36,0.21022410381342863,0.21953152004666243,0.21487781193004551,47297.951854680054,13369.551653840048,130146.76264309017,0
2026-03-21,-35,0.21953152004666243,0.2292510108011678,0.22439126542391513,70124.415629880037,80677.781779540077,247125.72627746032,0
2026-03-21,-34,0.2292510108011678,0.23940082017464343,0.2343259154879056,21027.741887010001,22745.059448400007,147716.68273549978,0
2026-03-21,-33,0.23940082017464343,0.25,0.24470041008732171,50094.421270800078,184683.19890068026,16692.759184239876,0
2026-03-21,-32,0.25,0.26106844560685344,0.25553422280342675,9108.9696881200343,81097.044725530097,93366.41881916995,0
2026-03-21,-31,0.26106844560685344,0.27262693316631442,0.26684768938658393,257626.57087956002,400790.95887186006,2393557.2529473235,0
2026-03-21,-30,0.27262693316631442,0.28469715868917289,0.27866204592774368,15335.120671710007,57361.538218030029,700074.71251511993,0
2026-03-21,-29,0.28469715868917289,0.29730177875068026,0.29099946871992655,0,23164.890368029995,33.05316589011656,0
2026-03-21,-28,0.29730177875068026,0.310464453018371,0.30388311588452566,16240.379718910095,23316.870271720007,760554.7144576601,0
2026-03-21,-27,0.310464453018371,0.32420988866275241,0.31733717084056168,62088.420172139988,0,172075.14257717002,0
2026-03-21,-26,0.32420988866275241,0.33856388673422316,0.33138688769848779,7485.4157366500058,17454.320740630013,657340.45119978022,0
2026-03-21,-22,0.38555270635198519,0.40262258298731357,0.39408764466964941,0,9856.9749306403137,2599.4055320501166,0
2026-03-21,-21,0.40262258298731357,0.42044820762685725,0.41153539530708538,0,137787.58949631007,4.4799198499972714,0
2026-03-21,-16,0.5,0.52213689121370688,0.51106844560685349,0,6723.1075204800491,741.56712234000349,0
2026-03-22,-43,0.1552322265091855,0.16210494433137621,0.15866858542028084,37982.776573089999,398644.57756475999,29558.585648380002,0
2026-03-22,-42,0.16210494433137621,0.16928194336711158,0.16569344384924389,19839.376866189999,17730.093526730347,53014.427086019998,0
2026-03-22,-41,0.16928194336711158,0.17677669529663689,0.17302931933187424,315081.13713428017,4199.072716300002,241124.03981390889,0
2026-03-22,-40,0.17677669529663689,0.18460326824243742,0.18068998176953716,471485.74575077993,10943.798592280187,493463.90851840901,0
2026-03-22,-39,0.18460326824243742,0.19277635317599259,0.18868981070921501,202128.28650647,3927533.7515550302,292075.17129281041,0
2026-03-22,-38,0.19277635317599259,0.20131129149365679,0.1970438223348247,501384.99281857989,1949231.6431905401,518407.16378666495,0
2026-03-22,-37,0.20131129149365679,0.21022410381342863,0.20576769765354269,286434.9812911906,4202.9866615800065,241060.20707386016,0
2026-03-22,-36,0.21022410381342863,0.21953152004666243,0.21487781193004551,47297.951854680054,13368.637079690048,130146.76264309017,0
2026-03-22,-35,0.21953152004666243,0.2292510108011678,0.22439126542391513,70101.210179800037,80677.781779540077,247091.6024326903,0
2026-03-22,-34,0.2292510108011678,0.23940082017464343,0.2343259154879056,12065.151757219997,31707.649578190008,147716.68273549978,0
2026-03-22,-33,0.23940082017464343,0.25,0.24470041008732171,50094.421270800078,184675.83890068025,16692.759184239876,0
2026-03-22,-32,0.25,0.26106844560685344,0.25553422280342675,9108.9696881200343,81097.044725530097,93366.41881916995,0
2026-03-22,-31,0.26106844560685344,0.27262693316631442,0.26684768938658393,257626.57087956002,400588.41596100002,2319034.5473796232,0
2026-03-22,-30,0.27262693316631442,0.28469715868917289,0.27866204592774368,15335.120671710007,57289.260282300034,700074.71251511993,0
2026-03-22,-29,0.28469715868917289,0.29730177875068026,0.29099946871992655,0,23164.890368029995,33.05316589011656,0
2026-03-22,-28,0.29730177875068026,0.310464453018371,0.30388311588452566,16240.379718910095,20666.870271720007,760554.7144576601,0
2026-03-22,-27,0.310464453018371,0.32420988866275241,0.31733717084056168,62088.420172139988,0,172075.14257717002,0
2026-03-22,-26,0.32420988866275241,0.33856388673422316,0.33138688769848779,7485.4157366500058,17454.320740630013,657340.45119978022,0
2026-03-22,-22,0.38555270635198519,0.40262258298731357,0.39408764466964941,0,9856.9749306403137,2599.4055320501166,0
2026-03-22,-21,0.40262258298731357,0.42044820762685725,0.41153539530708538,0,137389.68825016008,4.4799198499972714,0
2026-03-22,-16,0.5,0.52213689121370688,0.51106844560685349,0,6723.1075204800491,741.56712234000349,0
2026-03-23,-43,0.1552322265091855,0.16210494433137621,0.15866858542028084,37982.776573089999,398644.57756475999,29558.585648380002,0
2026-03-23,-42,0.16210494433137621,0.16928194336711158,0.16569344384924389,19839.376866189999,17730.093526730347,53014.427086019998,0
2026-03-23,-41,0.16928194336711158,0.17677669529663689,0.17302931933187424,313831.11990155018,4199.072716300002,239889.4287582089,0
2026-03-23,-40,0.17677669529663689,0.18460326824243742,0.18068998176953716,471485.74575077993,10943.798592280187,493409.834710419,0
2026-03-23,-39,0.18460326824243742,0.19277635317599259,0.18868981070921501,183115.97359461995,3927533.7515550302,284587.5614969203,0
2026-03-23,-38,0.19277635317599259,0.20131129149365679,0.1970438223348247,549305.3537085806,1949231.6431905401,622206.864486965,0
2026-03-23,-37,0.20131129149365679,0.21022410381342863,0.20576769765354269,212977.64842005004,4202.9866615800065,236780.40064915016,0
2026-03-23,-36,0.21022410381342863,0.21953152004666243,0.21487781193004551,47297.951854680054,13368.637079690048,130146.76264309017,0
2026-03-23,-35,0.21953152004666243,0.2292510108011678,0.22439126542391513,70101.210179800008,80677.781779540077,246971.81915601032,0
2026-03-23,-34,0.2292510108011678,0.23940082017464343,0.2343259154879056,10969.568366819998,32803.232968590011,147716.68273549978,0
2026-03-23,-33,0.23940082017464343,0.25,0.24470041008732171,50094.421270800078,184646.43890068025,16692.759184239876,0
2026-03-23,-32,0.25,0.26106844560685344,0.25553422280342675,9108.9696881200343,81077.012553760098,93366.41881916995,0
2026-03-23,-31,0.26106844560685344,0.27262693316631442,0.26684768938658393,257626.57087956002,400588.41596100002,2249157.0890329834,0
2026-03-23,-30,0.27262693316631442,0.28469715868917289,0.27866204592774368,15333.719795820007,57182.278718620029,700074.71251511993,0
2026-03-23,-29,0.28469715868917289,0.29730177875068026,0.29099946871992655,0,23164.890368029995,33.05316589011656,0
2026-03-23,-28,0.29730177875068026,0.310464453018371,0.30388311588452566,16088.676838420095,20666.870271720007,760554.7144576601,0
2026-03-23,-27,0.310464453018371,0.32420988866275241,0.31733717084056168,62088.420172139988,0,172075.14257717002,0
2026-03-23,-26,0.32420988866275241,0.33856388673422316,0.33138688769848779,7485.4157366500058,17454.320740630013,657340.45119978022,0
2026-03-23,-22,0.38555270635198519,0.40262258298731357,0.39408764466964941,0,9856.9749306403137,2599.4055320501166,0
2026-03-23,-21,0.40262258298731357,0.42044820762685725,0.41153539530708538,0,137389.68825016008,4.4799198499972714,0
2026-03-23,-16,0.5,0.52213689121370688,0.51106844560685349,0,6723.1075204800491,741.56712234000349,0
2026-03-24,-43,0.1552322265091855,0.16210494433137621,0.15866858542028084,37982.776573089999,398595.78756476002,29558.585648380002,0
2026-03-24,-42,0.16210494433137621,0.16928194336711158,0.16569344384924389,19839.376866189999,17730.093526730347,53014.427086019998,0
2026-03-24,-41,0.16928194336711158,0.17677669529663689,0.17302931933187424,313831.11990155018,4199.072716300002,239889.4287582089,0
2026-03-24,-40,0.17677669529663689,0.18460326824243742,0.18068998176953716,469447.87933905999,12976.793074860158,493407.459231949,0
2026-03-24,-39,0.18460326824243742,0.19277635317599259,0.18868981070921501,176189.71243630996,3927533.7515550302,275969.08150955534,0
2026-03-24,-38,0.19277635317599259,0.20131129149365679,0.1970438223348247,496125.04108543007,1949231.6431905401,614844.82399755984,0
2026-03-24,-37,0.20131129149365679,0.21022410381342863,0.20576769765354269,277943.11547920055,4202.9866615800065,296595.69563981029,0
2026-03-24,-36,0.21022410381342863,0.21953152004666243,0.21487781193004551,47297.951854680054,13347.740173650047,130146.76264309017,0
2026-03-24,-35,0.21953152004666243,0.2292510108011678,0.22439126542391513,70101.209815800015,79935.255866470077,246971.81915601032,0
2026-03-24,-34,0.2292510108011678,0.23940082017464343,0.2343259154879056,10969.568366819998,32803.232968590011,147715.47289737978,0
2026-03-24,-33,0.23940082017464343,0.25,0.24470041008732171,50094.421270800078,184611.83890068025,16692.759184239876,0
2026-03-24,-32,0.25,0.26106844560685344,0.25553422280342675,9108.9696881200343,81077.012553760098,93366.41881916995,0
2026-03-24,-31,0.26106844560685344,0.27262693316631442,0.26684768938658393,257626.57087956002,400526.39596100006,2211528.4350590333,0
2026-03-24,-30,0.27262693316631442,0.28469715868917289,0.27866204592774368,15333.719795820007,57182.278718620029,700074.71251511993,0
2026-03-24,-29,0.28469715868917289,0.29730177875068026,0.29099946871992655,0,23164.890368029995,33.05316589011656,0
2026-03-24,-28,0.29730177875068026,0.310464453018371,0.30388311588452566,16088.676838420093,20666.870271720007,760554.7144576601,0
2026-03-24,-27,0.310464453018371,0.32420988866275241,0.31733717084056168,62072.22037640999,0,172075.14257717002,0
2026-03-24,-26,0.32420988866275241,0.33856388673422316,0.33138688769848779,7485.4157366500058,17338.570421040014,657340.45119978022,0
2026-03-24,-22,0.38555270635198519,0.40262258298731357,0.39408764466964941,0,9856.9749306403137,2599.4055320501166,0
2026-03-24,-21,0.40262258298731357,0.42044820762685725,0.41153539530708538,0,137389.68825016008,4.4799198499972714,0
2026-03-24,-16,0.5,0.52213689121370688,0.51106844560685349,0,6723.1075204800491,741.56712234000349,0
2026-03-25,-43,0.1552322265091855,0.16210494433137621,0.15866858542028084,37982.776573089999,397299.49155606999,29558.585648380002,0
2026-03-25,-42,0.16210494433137621,0.16928194336711158,0.16569344384924389,19839.376866189999,17730.093526730347,53014.427086019998,0
2026-03-25,-41,0.16928194336711158,0.17677669529663689,0.17302931933187424,313831.11990155018,4199.072716300002,239889.4287582089,0
2026-03-25,-40,0.17677669529663689,0.18460326824243742,0.18068998176953716,128323.26008687002,354101.41232705011,493402.66555227904,0
2026-03-25,-39,0.18460326824243742,0.19277635317599259,0.18868981070921501,168719.25345585996,3927533.7515550302,273888.50942500029,0
2026-03-25,-38,0.19277635317599259,0.20131129149365679,0.1970438223348247,486908.42624122009,1948002.9588128501,614844.82399755984,0
2026-03-25,-37,0.20131129149365679,0.21022410381342863,0.20576769765354269,308921.85031497054,4202.9866615800065,322078.43977629533,0
2026-03-25,-36,0.21022410381342863,0.21953152004666243,0.21487781193004551,47045.337423120058,13347.740173650047,130146.76264309017,0
2026-03-25,-35,0.21953152004666243,0.2292510108011678,0.22439126542391513,70101.209815800015,79935.255866470077,246971.81915601032,0
2026-03-25,-34,0.2292510108011678,0.23940082017464343,0.2343259154879056,10969.568366819998,32803.232968590011,147715.47289737978,0
2026-03-25,-33,0.23940082017464343,0.25,0.24470041008732171,50094.421270800078,182290.47542840024,16692.759184239876,0
2026-03-25,-32,0.25,0.26106844560685344,0.25553422280342675,9035.9632658400351,81077.012553760098,93366.41881916995,0
2026-03-25,-31,0.26106844560685344,0.27262693316631442,0.26684768938658393,257626.57079732002,400513.49596100004,2183437.6597550535,0
2026-03-25,-30,0.27262693316631442,0.28469715868917289,0.27866204592774368,15303.697706670007,57182.278718620029,700074.71251511993,0
2026-03-25,-29,0.28469715868917289,0.29730177875068026,0.29099946871992655,0,23164.890368029995,33.05316589011656,0
2026-03-25,-28,0.29730177875068026,0.310464453018371,0.30388311588452566,15927.968528070094,20666.870271720007,760554.7144576601,0
2026-03-25,-27,0.310464453018371,0.32420988866275241,0.31733717084056168,61951.482376409986,0,172075.14257717002,0
2026-03-25,-26,0.32420988866275241,0.33856388673422316,0.33138688769848779,7485.4157366500058,17333.080217210012,657340.45119978022,0
2026-03-25,-22,0.38555270635198519,0.40262258298731357,0.39408764466964941,0,9856.9749306403137,2599.4055320501166,0
2026-03-25,-21,0.40262258298731357,0.42044820762685725,0.41153539530708538,0,137389.68825016008,4.4799198499972714,0
2026-03-25,-16,0.5,0.52213689121370688,0.51106844560685349,0,6723.1075204800491,741.56712234000349,0
2026-03-26,-43,0.1552322265091855,0.16210494433137621,0.15866858542028084,37954.008878699999,397299.49155606999,29558.585648380002,0
2026-03-26,-42,0.16210494433137621,0.16928194336711158,0.16569344384924389,19839.376866189999,17730.093526730347,53014.427086019998,0
2026-03-26,-41,0.16928194336711158,0.17677669529663689,0.17302931933187424,313831.11990155018,4199.072716300002,238670.2687582089,0
2026-03-26,-40,0.17677669529663689,0.18460326824243742,0.18068998176953716,127049.67299375002,352502.92128121009,493400.939648639,0
2026-03-26,-39,0.18460326824243742,0.19277635317599259,0.18868981070921501,161610.18561044993,3927533.7515550302,273888.50942500029,0
2026-03-26,-38,0.19277635317599259,0.20131129149365679,0.1970438223348247,616499.35600914061,1948002.9588128501,647452.30695935502,0
2026-03-26,-37,0.20131129149365679,0.21022410381342863,0.20576769765354269,215085.97228559005,4202.9866615800065,299988.22771821014,0
2026-03-26,-36,0.21022410381342863,0.21953152004666243,0.21487781193004551,47045.337423120058,13347.740173650047,130146.76264309017,0
2026-03-26,-35,0.21953152004666243,0.2292510108011678,0.22439126542391513,70101.209815800015,79935.255866470077,246971.81915601032,0
2026-03-26,-34,0.2292510108011678,0.23940082017464343,0.2343259154879056,10969.568366819998,30703.232968590008,147715.47289737978,0
2026-03-26,-33,0.23940082017464343,0.25,0.24470041008732171,50094.421270800078,182235.66046541024,16692.759184239876,0
2026-03-26,-32,0.25,0.26106844560685344,0.25553422280342675,9035.9632658400351,81073.296426400106,93366.41881916995,0
2026-03-26,-31,0.26106844560685344,0.27262693316631442,0.26684768938658393,257626.57079732002,400492.96596100007,2164804.9257784835,0
2026-03-26,-30,0.27262693316631442,0.28469715868917289,0.27866204592774368,15003.697706670007,57182.278718620029,700074.71251511993,0
2026-03-26,-29,0.28469715868917289,0.29730177875068026,0.29099946871992655,0,23164.890368029995,33.05316589011656,0
2026-03-26,-28,0.29730177875068026,0.310464453018371,0.30388311588452566,15927.968528070094,20518.736306290008,760554.7144576601,0
2026-03-26,-27,0.310464453018371,0.32420988866275241,0.31733717084056168,60857.410376409993,0,172075.14257717002,0
2026-03-26,-26,0.32420988866275241,0.33856388673422316,0.33138688769848779,7485.4157366500058,17333.080217210012,657340.45119978022,0
2026-03-26,-22,0.38555270635198519,0.40262258298731357,0.39408764466964941,0,9856.9749306403137,2599.4055320501166,0
2026-03-26,-21,0.40262258298731357,0.42044820762685725,0.41153539530708538,0,137389.68825016008,4.4799198499972714,0
2026-03-26,-16,0.5,0.52213689121370688,0.51106844560685349,0,6723.1075204800491,741.56712234000349,0
2026-03-27,-43,0.1552322265091855,0.16210494433137621,0.15866858542028084,37954.008878699999,397299.49155606999,29558.585648380002,0
2026-03-27,-42,0.16210494433137621,0.16928194336711158,0.16569344384924389,19839.376866189999,17730.093526730347,53014.427086019998,0
2026-03-27,-41,0.16928194336711158,0.17677669529663689,0.17302931933187424,313819.44790155016,4173.2877922600019,238652.7687582089,0
2026-03-27,-40,0.17677669529663689,0.18460326824243742,0.18068998176953716,127049.67299375002,352502.92128121009,493399.72687829903,0
2026-03-27,-39,0.18460326824243742,0.19277635317599259,0.18868981070921501,244627.76025712001,3927533.7515550302,314322.61113453039,0
2026-03-27,-38,0.19277635317599259,0.20131129149365679,0.1970438223348247,502451.48476692056,1955253.6473290101,633725.42567175487,0
2026-03-27,-37,0.20131129149365679,0.21022410381342863,0.20576769765354269,214357.93746833003,4202.9866615800065,299988.22771820013,0
2026-03-27,-36,0.21022410381342863,0.21953152004666243,0.21487781193004551,46973.869711040054,13347.740173650047,130146.76264309017,0
2026-03-27,-35,0.21953152004666243,0.2292510108011678,0.22439126542391513,70101.209815800015,79935.255866470077,246971.81915601032,0
2026-03-27,-34,0.2292510108011678,0.23940082017464343,0.2343259154879056,10969.568366819998,30703.232968590008,147715.47289737978,0
2026-03-27,-33,0.23940082017464343,0.25,0.24470041008732171,49956.206169660072,182235.66046541024,16692.759184239876,0
2026-03-27,-32,0.25,0.26106844560685344,0.25553422280342675,8997.7887435500343,81073.296426400106,93366.41881916995,0
2026-03-27,-31,0.26106844560685344,0.27262693316631442,0.26684768938658393,257607.57079732002,400488.97758749005,2137814.4459379935,0
2026-03-27,-30,0.27262693316631442,0.28469715868917289,0.27866204592774368,14727.956826370008,57161.405237640029,700074.71251511993,0
2026-03-27,-29,0.28469715868917289,0.29730177875068026,0.29099946871992655,0,23164.890368029995,33.05316589011656,0
2026-03-27,-28,0.29730177875068026,0.310464453018371,0.30388311588452566,15927.968528070094,20518.736306290008,760554.7144576601,0
2026-03-27,-27,0.310464453018371,0.32420988866275241,0.31733717084056168,60857.410376409993,0,172075.14257717002,0
2026-03-27,-26,0.32420988866275241,0.33856388673422316,0.33138688769848779,7485.4157366500058,17333.080217210012,657340.45119978022,0
2026-03-27,-22,0.38555270635198519,0.40262258298731357,0.39408764466964941,0,9856.9749306403137,2599.4055320501166,0
2026-03-27,-21,0.40262258298731357,0.42044820762685725,0.41153539530708538,0,137389.68825016008,4.4799198499972714,0
2026-03-27,-16,0.5,0.52213689121370688,0.51106844560685349,0,6723.1075204800491,741.56712234000349,0
2026-03-28,-43,0.1552322265091855,0.16210494433137621,0.15866858542028084,37954.008878699999,397299.49155606999,29558.585648380002,0
2026-03-28,-42,0.16210494433137621,0.16928194336711158,0.16569344384924389,19839.376866189999,17730.093526730347,53014.427086019998,0
2026-03-28,-41,0.16928194336711158,0.17677669529663689,0.17302931933187424,313819.44790155016,4173.2877922600019,238652.7687582089,0
2026-03-28,-40,0.17677669529663689,0.18460326824243742,0.18068998176953716,123484.97309850002,343477.7260441301,493390.88976682955,0
2026-03-28,-39,0.18460326824243742,0.19277635317599259,0.18868981070921501,184526.06214101994,3927533.7515550302,302786.64421682985,0
2026-03-28,-38,0.19277635317599259,0.20131129149365679,0.1970438223348247,613401.45055585064,1955253.6473290101,668655.79431928496,0
2026-03-28,-37,0.20131129149365679,0.21022410381342863,0.20576769765354269,192387.23492416003,4506.3322658200068,299988.22771820013,0
2026-03-28,-36,0.21022410381342863,0.21953152004666243,0.21487781193004551,46973.869711040054,13347.740173650047,130146.76264309017,0
2026-03-28,-35,0.21953152004666243,0.2292510108011678,0.22439126542391513,70101.209815800015,79912.505866470077,246971.81915601032,0
2026-03-28,-34,0.2292510108011678,0.23940082017464343,0.2343259154879056,10969.568366819998,30703.232968590008,147715.47289737978,0
2026-03-28,-33,0.23940082017464343,0.25,0.24470041008732171,49956.206169660072,182216.89046541025,16692.759184239876,0
2026-03-28,-32,0.25,0.26106844560685344,0.25553422280342675,8997.7887435500343,81073.296426400106,93366.41881916995,0
2026-03-28,-31,0.26106844560685344,0.27262693316631442,0.26684768938658393,257607.57079732002,400482.97758749005,2111076.0838688435,0
2026-03-28,-30,0.27262693316631442,0.28469715868917289,0.27866204592774368,14727.956826370008,57104.388599270031,700074.71251511993,0
2026-03-28,-29,0.28469715868917289,0.29730177875068026,0.29099946871992655,0,23164.890368029995,33.05316589011656,0
2026-03-28,-28,0.29730177875068026,0.310464453018371,0.30388311588452566,15927.968528070094,20518.736306290008,760554.7144576601,0
2026-03-28,-27,0.310464453018371,0.32420988866275241,0.31733717084056168,60857.410376409993,0,172075.14257717002,0
2026-03-28,-26,0.32420988866275241,0.33856388673422316,0.33138688769848779,7485.4157366500058,17333.080217210012,657340.45119978022,0
2026-03-28,-22,0.38555270635198519,0.40262258298731357,0.39408764466964941,0,9856.9749306403137,2599.4055320501166,0
2026-03-28,-21,0.40262258298731357,0.42044820762685725,0.41153539530708538,0,137389.68825016008,4.4799198499972714,0
2026-03-28,-16,0.5,0.52213689121370688,0.51106844560685349,0,6723.1075204800491,741.56712234000349,0
2026-03-29,-43,0.1552322265091855,0.16210494433137621,0.15866858542028084,37954.008878699999,397299.49155606999,29558.585648380002,0
2026-03-29,-42,0.16210494433137621,0.16928194336711158,0.16569344384924389,19839.376866189999,17726.093526730347,53014.427086019998,0
2026-03-29,-41,0.16928194336711158,0.17677669529663689,0.17302931933187424,313819.44790155016,4173.2877922600019,238652.7687582089,0
2026-03-29,-40,0.17677669529663689,0.18460326824243742,0.18068998176953716,123484.97309850002,343476.12997880008,493390.88976682955,0
2026-03-29,-39,0.18460326824243742,0.19277635317599259,0.18868981070921501,76507.047227129922,4031552.7664689203,300558.90505923971,0
2026-03-29,-38,0.19277635317599259,0.20131129149365679,0.1970438223348247,571084.4218723306,1955253.6473290101,652029.55343289988,0
2026-03-29,-37,0.20131129149365679,0.21022410381342863,0.20576769765354269,259587.08330129008,4506.3322658200068,333249.46689436532,0
2026-03-29,-36,0.21022410381342863,0.21953152004666243,0.21487781193004551,46973.869711040054,13347.740173650047,130146.76264309017,0
2026-03-29,-35,0.21953152004666243,0.2292510108011678,0.22439126542391513,70101.209815800015,79912.505866470077,246971.81915601032,0
2026-03-29,-34,0.2292510108011678,0.23940082017464343,0.2343259154879056,10969.568366819998,30703.232968590008,147715.47289737978,0
2026-03-29,-33,0.23940082017464343,0.25,0.24470041008732171,49956.206169660072,182216.89046541025,16692.759184239876,0
2026-03-29,-32,0.25,0.26106844560685344,0.25553422280342675,8997.7887435500343,81073.296426400106,93366.41881916995,0
2026-03-29,-31,0.26106844560685344,0.27262693316631442,0.26684768938658393,257607.57079732002,399219.68481089006,2094071.0961777433,0
2026-03-29,-30,0.27262693316631442,0.28469715868917289,0.27866204592774368,14727.956826370008,57104.388599270031,700074.71251511993,0
2026-03-29,-29,0.28469715868917289,0.29730177875068026,0.29099946871992655,0,23164.890368029995,33.05316589011656,0
2026-03-29,-28,0.29730177875068026,0.310464453018371,0.30388311588452566,15927.968528070094,20482.495612440005,760554.7144576601,0
2026-03-29,-27,0.310464453018371,0.32420988866275241,0.31733717084056168,60857.410376409993,0,172075.14257717002,0
2026-03-29,-26,0.32420988866275241,0.33856388673422316,0.33138688769848779,7485.4157366500058,15449.756650920013,657340.45119978022,0
2026-03-29,-22,0.38555270635198519,0.40262258298731357,0.39408764466964941,0,9856.9749306403137,2599.4055320501166,0
2026-03-29,-21,0.40262258298731357,0.42044820762685725,0.41153539530708538,0,137389.40306333007,4.4799198499972714,0
2026-03-29,-16,0.5,0.52213689121370688,0.51106844560685349,0,6723.1075204800491,741.56712234000349,0
2026-03-30,-43,0.1552322265091855,0.16210494433137621,0.15866858542028084,37954.008878699999,397299.49155606999,29558.585648380002,0
2026-03-30,-42,0.16210494433137621,0.16928194336711158,0.16569344384924389,19839.376866189999,17726.093526730347,53014.427086019998,0
2026-03-30,-41,0.16928194336711158,0.17677669529663689,0.17302931933187424,313819.44790155016,4173.2877922600019,235479.41479062833,0
2026-03-30,-40,0.17677669529663689,0.18460326824243742,0.18068998176953716,120283.79815452002,343461.53839861008,493390.88976682955,0
2026-03-30,-39,0.18460326824243742,0.19277635317599259,0.18868981070921501,209627.18339801999,4031404.3909997204,355339.2403693404,0
2026-03-30,-38,0.19277635317599259,0.20131129149365679,0.1970438223348247,487433.96876498056,1966012.9625778301,648870.76913095987,0
2026-03-30,-37,0.20131129149365679,0.21022410381342863,0.20576769765354269,190482.65922623005,4506.3322658200068,313049.0973023352,0
2026-03-30,-36,0.21022410381342863,0.21953152004666243,0.21487781193004551,46800.521828630051,13346.740171640047,129829.14075492017,0
2026-03-30,-35,0.21953152004666243,0.2292510108011678,0.22439126542391513,70101.209815800015,79912.505866470077,246971.81915601032,0
2026-03-30,-34,0.2292510108011678,0.23940082017464343,0.2343259154879056,10969.568366819998,30671.319683370009,147715.47289737978,0
2026-03-30,-33,0.23940082017464343,0.25,0.24470041008732171,49956.206169660072,181492.27945598026,16692.759184239876,0
2026-03-30,-32,0.25,0.26106844560685344,0.25553422280342675,8997.7887435500343,81032.921548350103,93366.41881916995,0
2026-03-30,-31,0.26106844560685344,0.27262693316631442,0.26684768938658393,257607.57079732002,399181.80834672006,2046289.9195847034,0
2026-03-30,-30,0.27262693316631442,0.28469715868917289,0.27866204592774368,14723.716041880007,57104.388599270031,700074.71251511993,0
2026-03-30,-29,0.28469715868917289,0.29730177875068026,0.29099946871992655,0,22281.110876869996,33.05316589011656,0
2026-03-30,-28,0.29730177875068026,0.310464453018371,0.30388311588452566,15927.968528070094,20094.128277820007,760554.7144576601,0
2026-03-30,-27,0.310464453018371,0.32420988866275241,0.31733717084056168,60857.410376409993,0,172075.14257717002,0
2026-03-30,-26,0.32420988866275241,0.33856388673422316,0.33138688769848779,7485.4157366500058,15449.756650920013,657340.45119978022,0
2026-03-30,-22,0.38555270635198519,0.40262258298731357,0.39408764466964941,0,9856.9749306403137,2599.4055320501166,0
2026-03-30,-21,0.40262258298731357,0.42044820762685725,0.41153539530708538,0,137389.40306333007,4.4799198499972714,0
2026-03-30,-16,0.5,0.52213689121370688,0.51106844560685349,0,6723.1075204800491,741.56712234000349,0
2026-03-31,-43,0.1552322265091855,0.16210494433137621,0.15866858542028084,37954.008878699999,397260.31155607,29558.585648380002,0
2026-03-31,-42,0.16210494433137621,0.16928194336711158,0.16569344384924389,19839.376866189999,17705.758198740346,53014.427086019998,0
2026-03-31,-41,0.16928194336711158,0.17677669529663689,0.17302931933187424,313819.44790155016,4173.2877922600019,232316.50485269833,0
2026-03-31,-40,0.17677669529663689,0.18460326824243742,0.18068998176953716,194315.26143696011,343461.53839861008,573327.27598843968,0
2026-03-31,-39,0.18460326824243742,0.19277635317599259,0.18868981070921501,121017.99854699997,4031404.3909997204,350982.2055507903,0
2026-03-31,-38,0.19277635317599259,0.20131129149365679,0.1970438223348247,432241.41740765056,1993324.0368228701,647080.8910096949,0
2026-03-31,-37,0.20131129149365679,0.21022410381342863,0.20576769765354269,178212.50857080001,4506.3322658200068,308066.75917157019,0
2026-03-31,-36,0.21022410381342863,0.21953152004666243,0.21487781193004551,46604.420548260052,13346.740171640047,129829.14075492017,0
2026-03-31,-35,0.21953152004666243,0.2292510108011678,0.22439126542391513,70096.362351150005,79912.505866470077,246971.81915601032,0
2026-03-31,-34,0.2292510108011678,0.23940082017464343,0.2343259154879056,10969.568366819998,30671.319683370009,147715.47289737978,0
2026-03-31,-33,0.23940082017464343,0.25,0.24470041008732171,49956.206169660072,181479.49945598026,16692.759184239876,0
2026-03-31,-32,0.25,0.26106844560685344,0.25553422280342675,8997.7887435500343,81032.921548350103,93366.41881916995,0
2026-03-31,-31,0.26106844560685344,0.27262693316631442,0.26684768938658393,257607.57079732002,399140.35471206007,2021543.0607243534,0
2026-03-31,-30,0.27262693316631442,0.28469715868917289,0.27866204592774368,14723.716041880007,57096.884800170024,700074.71251511993,0
2026-03-31,-29,0.28469715868917289,0.29730177875068026,0.29099946871992655,0,22281.110876869996,33.05316589011656,0
2026-03-31,-28,0.29730177875068026,0.310464453018371,0.30388311588452566,15927.968528070094,20094.128277820007,760554.7144576601,0
2026-03-31,-27,0.310464453018371,0.32420988866275241,0.31733717084056168,60736.664620049989,0,172075.14257717002,0
2026-03-31,-26,0.32420988866275241,0.33856388673422316,0.33138688769848779,7485.4157366500058,15436.545118840013,657340.45119978022,0
2026-03-31,-22,0.38555270635198519,0.40262258298731357,0.39408764466964941,0,9856.9749306403137,2599.4055320501166,0
2026-03-31,-21,0.40262258298731357,0.42044820762685725,0.41153539530708538,0,137389.40306333007,4.4799198499972714,0
2026-03-31,-16,0.5,0.52213689121370688,0.51106844560685349,0,6723.1075204800491,741.56712234000349,0
2026-04-01,-44,0.14865088937534013,0.1552322265091855,0.15194155794226283,263717.13705084065,0,110304.41905158015,0
2026-04-01,-43,0.1552322265091855,0.16210494433137621,0.15866858542028084,37954.008878699999,397260.31155607,29558.585648380002,0
2026-04-01,-42,0.16210494433137621,0.16928194336711158,0.16569344384924389,19253.376866189999,17693.526726270349,51213.474786968894,0
2026-04-01,-41,0.16928194336711158,0.17677669529663689,0.17302931933187424,307716.66669257014,4155.980405780002,220534.61368605,0
2026-04-01,-40,0.17677669529663689,0.18460326824243742,0.18068998176953716,122031.46938087002,250482.4801443601,522025.96064094902,0
2026-04-01,-39,0.18460326824243742,0.19277635317599259,0.18868981070921501,84175.561181409837,4031404.3909997204,350982.2055507903,0
2026-04-01,-38,0.19277635317599259,0.20131129149365679,0.1970438223348247,416031.1280253001,1993324.0368228701,639063.31704840495,0
2026-04-01,-37,0.20131129149365679,0.21022410381342863,0.20576769765354269,162022.78312134003,8315.550151590005,308066.75917156017,0
2026-04-01,-36,0.21022410381342863,0.21953152004666243,0.21487781193004551,46604.420548260052,13346.740171640047,129440.04057299017,0
2026-04-01,-35,0.21953152004666243,0.2292510108011678,0.22439126542391513,70096.362351150005,79905.811265790078,246971.81915601032,0
2026-04-01,-34,0.2292510108011678,0.23940082017464343,0.2343259154879056,10969.568366819998,30671.319683370009,147715.47289737978,0
2026-04-01,-33,0.23940082017464343,0.25,0.24470041008732171,49956.206169660072,181479.49945598026,16692.759184239876,0
2026-04-01,-32,0.25,0.26106844560685344,0.25553422280342675,8997.7887435500343,81032.921548350103,93366.41881916995,0
2026-04-01,-31,0.26106844560685344,0.27262693316631442,0.26684768938658393,257596.37330187001,398572.49244914006,1884181.5738610534,0
2026-04-01,-30,0.27262693316631442,0.28469715868917289,0.27866204592774368,14723.716041880007,57096.884800170024,700074.71251511993,0
2026-04-01,-29,0.28469715868917289,0.29730177875068026,0.29099946871992655,0,22281.110876869996,33.05316589011656,0
2026-04-01,-28,0.29730177875068026,0.310464453018371,0.30388311588452566,15927.968528070094,20060.624566450006,760554.7144576601,0
2026-04-01,-27,0.310464453018371,0.32420988866275241,0.31733717084056168,60729.324620049993,0,172075.14257717002,0
2026-04-01,-26,0.32420988866275241,0.33856388673422316,0.33138688769848779,7485.4157366500058,15436.545118840013,657340.45119978022,0
2026-04-01,-22,0.38555270635198519,0.40262258298731357,0.39408764466964941,0,9856.9749306403137,2599.4055320501166,0
2026-04-01,-21,0.40262258298731357,0.42044820762685725,0.41153539530708538,0,137389.40306333007,4.4799198499972714,0
2026-04-01,-16,0.5,0.52213689121370688,0.51106844560685349,0,6723.1075204800491,741.56712234000349,0
2026-04-02,-45,0.14234857934458645,0.14865088937534013,0.14549973435996327,118700.44641572038,0,146474.82479372012,0
2026-04-02,-44,0.14865088937534013,0.1552322265091855,0.15194155794226283,178828.97716905014,0,106006.41258008002,0
2026-04-02,-43,0.1552322265091855,0.16210494433137621,0.15866858542028084,37954.008878699999,397260.31155607,29558.585648380002,0
2026-04-02,-42,0.16210494433137621,0.16928194336711158,0.16569344384924389,19253.376866189999,17693.526726270349,23717.625664160001,0
2026-04-02,-41,0.16928194336711158,0.17677669529663689,0.17302931933187424,307612.86669257015,4155.980405780002,217706.96280885889,0
2026-04-02,-40,0.17677669529663689,0.18460326824243742,0.18068998176953716,121411.81200770002,197488.1743117001,522006.339261149,0
2026-04-02,-39,0.18460326824243742,0.19277635317599259,0.18868981070921501,83236.387496819836,4031404.3909997204,346537.15343136538,0
2026-04-02,-38,0.19277635317599259,0.20131129149365679,0.1970438223348247,414977.76789409027,1993324.0368228701,634792.22855359991,0
2026-04-02,-37,0.20131129149365679,0.21022410381342863,0.20576769765354269,159843.35835480003,9022.7622084400064,308066.75917156017,0
2026-04-02,-36,0.21022410381342863,0.21953152004666243,0.21487781193004551,46604.420548260052,13346.740171640047,129440.04057299017,0
2026-04-02,-35,0.21953152004666243,0.2292510108011678,0.22439126542391513,69996.362351150005,79905.811265790078,246971.81915601032,0
2026-04-02,-34,0.2292510108011678,0.23940082017464343,0.2343259154879056,10969.568366819998,30671.319683370009,147715.47289737978,0
2026-04-02,-33,0.23940082017464343,0.25,0.24470041008732171,49956.206169660072,177406.62364276024,16692.759184239876,0
2026-04-02,-32,0.25,0.26106844560685344,0.25553422280342675,8997.7887435500343,81032.921548350103,93366.41881916995,0
2026-04-02,-31,0.26106844560685344,0.27262693316631442,0.26684768938658393,257596.37330187001,398572.49244914006,1771723.1520691332,0
2026-04-02,-30,0.27262693316631442,0.28469715868917289,0.27866204592774368,14723.691019270007,57096.884800170024,700074.71251511993,0
2026-04-02,-29,0.28469715868917289,0.29730177875068026,0.29099946871992655,0,22281.110876869996,33.05316589011656,0
2026-04-02,-28,0.29730177875068026,0.310464453018371,0.30388311588452566,15927.968528070094,20060.624566450006,760554.7144576601,0
2026-04-02,-27,0.310464453018371,0.32420988866275241,0.31733717084056168,60156.719981049988,0,172075.14257717002,0
2026-04-02,-26,0.32420988866275241,0.33856388673422316,0.33138688769848779,7485.4157366500058,15436.545118840013,657340.45119978022,0
2026-04-02,-22,0.38555270635198519,0.40262258298731357,0.39408764466964941,0,9856.9749306403137,2599.4055320501166,0
2026-04-02,-21,0.40262258298731357,0.42044820762685725,0.41153539530708538,0,133987.85191355005,4.4799198499972714,0
2026-04-02,-16,0.5,0.52213689121370688,0.51106844560685349,0,6723.1075204800491,741.56712234000349,0
2026-04-03,-46,0.13631346658315721,0.14234857934458645,0.13933102296387184,59941.91023727056,0,102101.73267693013,0
2026-04-03,-45,0.14234857934458645,0.14865088937534013,0.14549973435996327,42868.386388639818,0,143316.04479371,0
2026-04-03,-44,0.14865088937534013,0.1552322265091855,0.15194155794226283,178828.97716905014,0,106006.41258008002,0
2026-04-03,-43,0.1552322265091855,0.16210494433137621,0.15866858542028084,37954.008878699999,397260.31155607,29558.585648380002,0
2026-04-03,-42,0.16210494433137621,0.16928194336711158,0.16569344384924389,19253.376866189999,17693.526726270349,23717.625664160001,0
2026-04-03,-41,0.16928194336711158,0.17677669529663689,0.17302931933187424,307612.86669257015,4155.980405780002,204347.3428088589,0
2026-04-03,-40,0.17677669529663689,0.18460326824243742,0.18068998176953716,121411.81200770002,164894.5408271201,522004.65581742901,0
2026-04-03,-39,0.18460326824243742,0.19277635317599259,0.18868981070921501,83178.564915089839,4031404.3909997204,344371.97679076536,0
2026-04-03,-38,0.19277635317599259,0.20131129149365679,0.1970438223348247,414940.67738055025,1993314.8208043401,634792.22855359991,0
2026-04-03,-37,0.20131129149365679,0.21022410381342863,0.20576769765354269,159843.35835479002,9022.7622084400064,308066.75917156017,0
2026-04-03,-36,0.21022410381342863,0.21953152004666243,0.21487781193004551,46257.94815027999,13693.212569620107,129440.04057299017,0
2026-04-03,-35,0.21953152004666243,0.2292510108011678,0.22439126542391513,69996.362351150005,79905.811265790078,246971.81915601032,0
2026-04-03,-34,0.2292510108011678,0.23940082017464343,0.2343259154879056,10969.568366819998,30671.319683370009,147715.47289737978,0
2026-04-03,-33,0.23940082017464343,0.25,0.24470041008732171,49956.206169660072,176450.29507527026,16692.759184239876,0
2026-04-03,-32,0.25,0.26106844560685344,0.25553422280342675,8997.7887435500343,81032.921548350103,93366.41881916995,0
2026-04-03,-31,0.26106844560685344,0.27262693316631442,0.26684768938658393,257596.37330187001,398572.49244914006,1711904.5225170834,0
2026-04-03,-30,0.27262693316631442,0.28469715868917289,0.27866204592774368,14723.691019270007,57077.332468380024,700074.71251511993,0
2026-04-03,-29,0.28469715868917289,0.29730177875068026,0.29099946871992655,0,14443.545662119996,33.05316589011656,0
2026-04-03,-28,0.29730177875068026,0.310464453018371,0.30388311588452566,15927.968528070094,20060.624566450006,760554.7144576601,0
2026-04-03,-27,0.310464453018371,0.32420988866275241,0.31733717084056168,60156.719981049988,0,172075.14257717002,0
2026-04-03,-26,0.32420988866275241,0.33856388673422316,0.33138688769848779,7485.4157366500058,15436.545118840013,657340.45119978022,0
2026-04-03,-22,0.38555270635198519,0.40262258298731357,0.39408764466964941,0,9856.9749306403137,2599.4055320501166,0
2026-04-03,-21,0.40262258298731357,0.42044820762685725,0.41153539530708538,0,133987.85191355005,4.4799198499972714,0
2026-04-03,-16,0.5,0.52213689121370688,0.51106844560685349,0,6723.1075204800491,741.56712234000349,0
2026-04-04,-46,0.13631346658315721,0.14234857934458645,0.13933102296387184,140765.86859365055,0,174028.33998468012,0
2026-04-04,-45,0.14234857934458645,0.14865088937534013,0.14549973435996327,39066.395867359803,0,143316.04479371,0
2026-04-04,-44,0.14865088937534013,0.1552322265091855,0.15194155794226283,178828.97716905014,0,105974.67492093002,0
2026-04-04,-43,0.1552322265091855,0.16210494433137621,0.15866858542028084,37935.951573139995,397260.31155607,29558.585648380002,0
2026-04-04,-42,0.16210494433137621,0.16928194336711158,0.16569344384924389,19253.376866189999,17693.526726270349,21558.914307260002,0
2026-04-04,-41,0.16928194336711158,0.17677669529663689,0.17302931933187424,307612.86669257015,4155.980405780002,174614.68087671002,0
2026-04-04,-40,0.17677669529663689,0.18460326824243742,0.18068998176953716,120970.79276197002,120591.0505137701,520180.68302770844,0
2026-04-04,-39,0.18460326824243742,0.19277635317599259,0.18868981070921501,83076.663030119846,4031404.3909997204,341146.34449056536,0
2026-04-04,-38,0.19277635317599259,0.20131129149365679,0.1970438223348247,414862.69367304025,1993392.80451185,634786.52843473991,0
2026-04-04,-37,0.20131129149365679,0.21022410381342863,0.20576769765354269,159839.70734391003,9022.7622084400064,308062.57441609958,0
2026-04-04,-36,0.21022410381342863,0.21953152004666243,0.21487781193004551,46257.94815027999,13693.212569620107,129440.04057299017,0
2026-04-04,-35,0.21953152004666243,0.2292510108011678,0.22439126542391513,69996.362351150005,79905.811265790078,246971.81915601032,0
2026-04-04,-34,0.2292510108011678,0.23940082017464343,0.2343259154879056,10969.568366819998,30671.319683370009,147715.47289737978,0
2026-04-04,-33,0.23940082017464343,0.25,0.24470041008732171,49956.206169660072,176439.91955527026,16692.759184239876,0
2026-04-04,-32,0.25,0.26106844560685344,0.25553422280342675,8997.7887435500343,81024.282498250104,93366.41881916995,0
2026-04-04,-31,0.26106844560685344,0.27262693316631442,0.26684768938658393,257461.73237102001,398421.63244914007,1674110.1750683133,0
2026-04-04,-30,0.27262693316631442,0.28469715868917289,0.27866204592774368,14723.691019270007,57077.332468380024,700074.71251511993,0
2026-04-04,-29,0.28469715868917289,0.29730177875068026,0.29099946871992655,0,14443.545662119996,33.05316589011656,0
2026-04-04,-28,0.29730177875068026,0.310464453018371,0.30388311588452566,15927.968528070094,20027.222404700005,760554.7144576601,0
2026-04-04,-27,0.310464453018371,0.32420988866275241,0.31733717084056168,60156.719981049988,0,172075.14257717002,0
2026-04-04,-26,0.32420988866275241,0.33856388673422316,0.33138688769848779,7485.4157366500058,15436.545118840013,657340.45119978022,0
2026-04-04,-22,0.38555270635198519,0.40262258298731357,0.39408764466964941,0,9856.9749306403137,2599.4055320501166,0
2026-04-04,-21,0.40262258298731357,0.42044820762685725,0.41153539530708538,0,133987.85191355005,4.4799198499972714,0
2026-04-04,-16,0.5,0.52213689121370688,0.51106844560685349,0,6610.5398549300489,741.56712234000349,0
2026-04-05,-46,0.13631346658315721,0.14234857934458645,0.13933102296387184,95727.393345510078,0,170166.01259293,0
2026-04-05,-45,0.14234857934458645,0.14865088937534013,0.14549973435996327,120820.24544327031,0,217260.43512763013,0
2026-04-05,-44,0.14865088937534013,0.1552322265091855,0.15194155794226283,178787.92884659013,0,105974.67492092001,0
2026-04-05,-43,0.1552322265091855,0.16210494433137621,0.15866858542028084,37935.951573139995,397260.31155607,29558.585648380002,0
2026-04-05,-42,0.16210494433137621,0.16928194336711158,0.16569344384924389,19253.376866189999,17693.526726270349,21558.914307260002,0
2026-04-05,-41,0.16928194336711158,0.17677669529663689,0.17302931933187424,307612.86669257015,4155.980405780002,174614.68087671002,0
2026-04-05,-40,0.17677669529663689,0.18460326824243742,0.18068998176953716,119868.28019094002,101659.7321357201,506404.94302770845,0
2026-04-05,-39,0.18460326824243742,0.19277635317599259,0.18868981070921501,82968.214242289847,4031404.3909997204,337993.19579427032,0
2026-04-05,-38,0.19277635317599259,0.20131129149365679,0.1970438223348247,412734.40138303023,1993392.80451185,634342.2810478349,0
2026-04-05,-37,0.20131129149365679,0.21022410381342863,0.20576769765354269,159516.04865044003,9022.7622084400064,308060.79804796958,0
2026-04-05,-36,0.21022410381342863,0.21953152004666243,0.21487781193004551,29624.634242540043,30310.235103790055,129183.61754657017,0
2026-04-05,-35,0.21953152004666243,0.2292510108011678,0.22439126542391513,69756.748624020009,79905.811265790078,246971.81915601032,0
2026-04-05,-34,0.2292510108011678,0.23940082017464343,0.2343259154879056,10969.568366819998,30671.319683370009,147715.47289737978,0
2026-04-05,-33,0.23940082017464343,0.25,0.24470041008732171,49956.206169660072,176122.34873117026,16692.759184239876,0
2026-04-05,-32,0.25,0.26106844560685344,0.25553422280342675,8897.1157675500344,81024.282498250104,93366.41881916995,0
2026-04-05,-31,0.26106844560685344,0.27262693316631442,0.26684768938658393,257461.73237102001,398242.59244914004,1623419.1319418433,0
2026-04-05,-30,0.27262693316631442,0.28469715868917289,0.27866204592774368,14723.691019270007,57077.332468380024,700033.6977559299,0
2026-04-05,-29,0.28469715868917289,0.29730177875068026,0.29099946871992655,0,14258.111422479997,33.05316589011656,0
2026-04-05,-28,0.29730177875068026,0.310464453018371,0.30388311588452566,15827.292777070094,20027.222404700005,760532.38166958012,0
2026-04-05,-27,0.310464453018371,0.32420988866275241,0.31733717084056168,60156.716550959987,0,172075.14257717002,0
2026-04-05,-26,0.32420988866275241,0.33856388673422316,0.33138688769848779,7485.4157366500058,15436.545118840013,657333.22980615019,0
2026-04-05,-22,0.38555270635198519,0.40262258298731357,0.39408764466964941,0,9856.9749306403137,2338.3926258201163,0
2026-04-05,-21,0.40262258298731357,0.42044820762685725,0.41153539530708538,0,133987.85191355005,4.4799198499972714,0
2026-04-05,-16,0.5,0.52213689121370688,0.51106844560685349,0,6610.5398549300489,741.56712234000349,0
2026-04-06,-46,0.13631346658315721,0.14234857934458645,0.13933102296387184,84478.461320810078,0,170166.01259293,0
2026-04-06,-45,0.14234857934458645,0.14865088937534013,0.14549973435996327,181456.33596171034,0,280158.76016797015,0
2026-04-06,-44,0.14865088937534013,0.1552322265091855,0.15194155794226283,178787.92884659013,0,105974.67492092001,0
2026-04-06,-43,0.1552322265091855,0.16210494433137621,0.15866858542028084,37935.951573139995,397260.31155607,29558.585648380002,0
2026-04-06,-42,0.16210494433137621,0.16928194336711158,0.16569344384924389,19253.376866189999,17693.526726270349,21558.914307260002,0
2026-04-06,-41,0.16928194336711158,0.17677669529663689,0.17302931933187424,307538.48198200017,4155.980405780002,164685.08188181001,0
2026-04-06,-40,0.17677669529663689,0.18460326824243742,0.18068998176953716,119846.48259256002,78501.625104660096,502977.43060555955,0
2026-04-06,-39,0.18460326824243742,0.19277635317599259,0.18868981070921501,82964.921720729835,4031404.3909997204,333848.20721131918,0
2026-04-06,-38,0.19277635317599259,0.20131129149365679,0.1970438223348247,412631.92669505026,1993392.80451185,632437.86975152488,0
2026-04-06,-37,0.20131129149365679,0.21022410381342863,0.20576769765354269,159506.04865044003,9022.7622084400064,308058.9672589096,0
2026-04-06,-36,0.21022410381342863,0.21953152004666243,0.21487781193004551,16999.515970170036,42935.353376160063,129183.61754657017,0
2026-04-06,-35,0.21953152004666243,0.2292510108011678,0.22439126542391513,69756.748624010012,77342.730657090084,246971.81915601032,0
2026-04-06,-34,0.2292510108011678,0.23940082017464343,0.2343259154879056,10969.568366819998,30671.319683370009,147715.47289737978,0
2026-04-06,-33,0.23940082017464343,0.25,0.24470041008732171,49956.206169660072,176106.06503117026,16692.759184239876,0
2026-04-06,-32,0.25,0.26106844560685344,0.25553422280342675,8897.1157675500344,81024.282498250104,93366.41881916995,0
2026-04-06,-31,0.26106844560685344,0.27262693316631442,0.26684768938658393,257461.73237102001,398192.59244913002,1552317.3264252634,0
2026-04-06,-30,0.27262693316631442,0.28469715868917289,0.27866204592774368,14723.691019270007,57052.708383790028,700033.6977559299,0
2026-04-06,-29,0.28469715868917289,0.29730177875068026,0.29099946871992655,0,14258.111422479997,33.05316589011656,0
2026-04-06,-28,0.29730177875068026,0.310464453018371,0.30388311588452566,15827.292777070094,20027.222404700005,760532.38166958012,0
2026-04-06,-27,0.310464453018371,0.32420988866275241,0.31733717084056168,60156.716550959987,0,172075.14257717002,0
2026-04-06,-26,0.32420988866275241,0.33856388673422316,0.33138688769848779,7485.4157366500058,15436.545118840013,657333.22980615019,0
2026-04-06,-22,0.38555270635198519,0.40262258298731357,0.39408764466964941,0,9856.9749306403137,2338.3926258201163,0
2026-04-06,-21,0.40262258298731357,0.42044820762685725,0.41153539530708538,0,133987.85191355005,4.4799198499972714,0
2026-04-06,-16,0.5,0.52213689121370688,0.51106844560685349,0,6607.917540050049,741.56712234000349,0
2026-04-07,-46,0.13631346658315721,0.14234857934458645,0.13933102296387184,70159.581187370044,0,170166.01259293,0
2026-04-07,-45,0.14234857934458645,0.14865088937534013,0.14549973435996327,127139.25610399984,0,276937.77020418999,0
2026-04-07,-44,0.14865088937534013,0.1552322265091855,0.15194155794226283,305979.47049555072,0,167626.33431636012,0
2026-04-07,-43,0.1552322265091855,0.16210494433137621,0.15866858542028084,37935.951573139995,397260.31155607,29558.585648380002,0
2026-04-07,-42,0.16210494433137621,0.16928194336711158,0.16569344384924389,19253.376866189999,17693.526726270349,21558.914307260002,0
2026-04-07,-41,0.16928194336711158,0.17677669529663689,0.17302931933187424,307538.48198200017,4155.980405780002,164685.08188181001,0
2026-04-07,-40,0.17677669529663689,0.18460326824243742,0.18068998176953716,119846.48259256002,62240.575141000096,496723.26992492849,0
2026-04-07,-39,0.18460326824243742,0.19277635317599259,0.18868981070921501,82964.921720729835,4031404.3909997204,331409.12789195031,0
2026-04-07,-38,0.19277635317599259,0.20131129149365679,0.1970438223348247,412631.92669505026,1993392.80451185,630572.46254950494,0
2026-04-07,-37,0.20131129149365679,0.21022410381342863,0.20576769765354269,129304.00403722002,39224.806821660008,308053.52113243012,0
2026-04-07,-36,0.21022410381342863,0.21953152004666243,0.21487781193004551,16999.515970170036,42935.353376160063,129183.61754657017,0
2026-04-07,-35,0.21953152004666243,0.2292510108011678,0.22439126542391513,69756.748624010012,77342.730657090084,246967.95191880973,0
2026-04-07,-34,0.2292510108011678,0.23940082017464343,0.2343259154879056,10969.568366819998,30671.319683370009,147715.47289737978,0
2026-04-07,-33,0.23940082017464343,0.25,0.24470041008732171,49956.206169660072,176106.06503117026,16692.759184239876,0
2026-04-07,-32,0.25,0.26106844560685344,0.25553422280342675,8897.1157675500344,81024.282498250104,93366.41881916995,0
2026-04-07,-31,0.26106844560685344,0.27262693316631442,0.26684768938658393,257461.73237102001,397173.47244913003,1501800.3836326834,0
2026-04-07,-30,0.27262693316631442,0.28469715868917289,0.27866204592774368,14723.691019270007,57052.708383790028,700033.6977559299,0
2026-04-07,-29,0.28469715868917289,0.29730177875068026,0.29099946871992655,0,14258.111422479997,33.05316589011656,0
2026-04-07,-28,0.29730177875068026,0.310464453018371,0.30388311588452566,15827.292777070094,20027.222404700005,760532.38166958012,0
2026-04-07,-27,0.310464453018371,0.32420988866275241,0.31733717084056168,60156.716275949992,0,172075.14257717002,0
2026-04-07,-26,0.32420988866275241,0.33856388673422316,0.33138688769848779,7485.4157366500058,15436.545118840013,657333.22980615019,0
2026-04-07,-22,0.38555270635198519,0.40262258298731357,0.39408764466964941,0,9856.9749306403137,2338.3926258201163,0
2026-04-07,-21,0.40262258298731357,0.42044820762685725,0.41153539530708538,0,133987.85191355005,4.4799198499972714,0
2026-04-07,-16,0.5,0.52213689121370688,0.51106844560685349,0,6607.917540050049,741.56712234000349,0
2026-04-08,-46,0.13631346658315721,0.14234857934458645,0.13933102296387184,69406.986939400027,0,170166.01259293,0
2026-04-08,-45,0.14234857934458645,0.14865088937534013,0.14549973435996327,126846.93990006983,0,276937.77020417998,0
2026-04-08,-44,0.14865088937534013,0.1552322265091855,0.15194155794226283,221462.31093174018,0,164467.52966875001,0
2026-04-08,-43,0.1552322265091855,0.16210494433137621,0.15866858542028084,164976.82836825063,397260.31155607,84421.889372840145,0
2026-04-08,-42,0.16210494433137621,0.16928194336711158,0.16569344384924389,19253.376866189999,17693.526726270349,21558.914307260002,0
2026-04-08,-41,0.16928194336711158,0.17677669529663689,0.17302931933187424,307532.06199853017,4155.980405780002,164685.08188181001,0
2026-04-08,-40,0.17677669529663689,0.18460326824243742,0.18068998176953716,119845.08840081003,58335.104358790093,482221.42824132956,0
2026-04-08,-39,0.18460326824243742,0.19277635317599259,0.18868981070921501,82964.921720729835,4031404.3909997204,330475.81957554916,0
2026-04-08,-38,0.19277635317599259,0.20131129149365679,0.1970438223348247,353742.06935261027,2052178.7674206002,628796.89042536495,0
2026-04-08,-37,0.20131129149365679,0.21022410381342863,0.20576769765354269,129304.00403722002,39224.806821660008,308053.52113243012,0
2026-04-08,-36,0.21022410381342863,0.21953152004666243,0.21487781193004551,16999.515970170036,42935.353376160063,129183.61754657017,0
2026-04-08,-35,0.21953152004666243,0.2292510108011678,0.22439126542391513,69756.748624010012,77342.730657090084,246952.47778011975,0
2026-04-08,-34,0.2292510108011678,0.23940082017464343,0.2343259154879056,10969.568366819998,30671.319683370009,147715.47289737978,0
2026-04-08,-33,0.23940082017464343,0.25,0.24470041008732171,49956.206169660072,176106.06503117026,16692.759184239876,0
2026-04-08,-32,0.25,0.26106844560685344,0.25553422280342675,8897.1157675500344,81024.282498250104,93366.41881916995,0
2026-04-08,-31,0.26106844560685344,0.27262693316631442,0.26684768938658393,257461.73237102001,397173.47244913003,1460665.3348762132,0
2026-04-08,-30,0.27262693316631442,0.28469715868917289,0.27866204592774368,14701.894078400006,57052.708383790028,700033.6977559299,0
2026-04-08,-29,0.28469715868917289,0.29730177875068026,0.29099946871992655,0,14258.111422479997,33.05316589011656,0
2026-04-08,-28,0.29730177875068026,0.310464453018371,0.30388311588452566,15827.292777070094,20027.222404700005,760532.38166958012,0
2026-04-08,-27,0.310464453018371,0.32420988866275241,0.31733717084056168,60156.716275949992,0,172075.14257717002,0
2026-04-08,-26,0.32420988866275241,0.33856388673422316,0.33138688769848779,7485.4157366500058,15436.545118840013,657333.22980615019,0
2026-04-08,-22,0.38555270635198519,0.40262258298731357,0.39408764466964941,0,9856.9749306403137,2338.3926258201163,0
2026-04-08,-21,0.40262258298731357,0.42044820762685725,0.41153539530708538,0,133987.85191355005,4.4799198499972714,0
2026-04-08,-16,0.5,0.52213689121370688,0.51106844560685349,0,6607.917540050049,741.56712234000349,0
2026-04-09,-46,0.13631346658315721,0.14234857934458645,0.13933102296387184,67191.194329390026,0,170166.01259293,0
2026-04-09,-45,0.14234857934458645,0.14865088937534013,0.14549973435996327,126793.42398709002,0,276937.77020417998,0
2026-04-09,-44,0.14865088937534013,0.1552322265091855,0.15194155794226283,219144.88842949958,0,164467.52966875001,0
2026-04-09,-43,0.1552322265091855,0.16210494433137621,0.15866858542028084,87894.534390580331,397260.31155607,80866.708990850006,0
2026-04-09,-42,0.16210494433137621,0.16928194336711158,0.16569344384924389,118811.38564738068,17693.526726270349,118350.59483541014,0
2026-04-09,-41,0.16928194336711158,0.17677669529663689,0.17302931933187424,307532.06199853017,4155.980405780002,159295.1390987389,0
2026-04-09,-40,0.17677669529663689,0.18460326824243742,0.18068998176953716,119833.88840081001,49226.850478540095,482221.42824132956,0
2026-04-09,-39,0.18460326824243742,0.19277635317599259,0.18868981070921501,82754.254121579841,4031404.3909997204,329437.2623586203,0
2026-04-09,-38,0.19277635317599259,0.20131129149365679,0.1970438223348247,352742.06935261027,2052140.9860163301,625058.02175200498,0
2026-04-09,-37,0.20131129149365679,0.21022410381342863,0.20576769765354269,70017.973741239999,98211.158351640028,308053.52113243012,0
2026-04-09,-36,0.21022410381342863,0.21953152004666243,0.21487781193004551,16999.515970170036,42935.353376160063,129183.61754657017,0
2026-04-09,-35,0.21953152004666243,0.2292510108011678,0.22439126542391513,69756.746920010002,77342.730657090084,246882.52748001975,0
2026-04-09,-34,0.2292510108011678,0.23940082017464343,0.2343259154879056,10969.568366819998,30671.319683370009,147597.95917696977,0
2026-04-09,-33,0.23940082017464343,0.25,0.24470041008732171,49956.206169660072,175901.33728462024,16692.759184239876,0
2026-04-09,-32,0.25,0.26106844560685344,0.25553422280342675,8890.480533550035,81024.282498250104,93366.41881916995,0
2026-04-09,-31,0.26106844560685344,0.27262693316631442,0.26684768938658393,257461.73237102001,397153.51089163002,1387066.1015142433,0
2026-04-09,-30,0.27262693316631442,0.28469715868917289,0.27866204592774368,14701.894078400006,57052.708383790028,700033.6977559299,0
2026-04-09,-29,0.28469715868917289,0.29730177875068026,0.29099946871992655,0,14258.111422479997,33.05316589011656,0
2026-04-09,-28,0.29730177875068026,0.310464453018371,0.30388311588452566,15815.302587070095,20027.222404700005,760532.38166958012,0
2026-04-09,-27,0.310464453018371,0.32420988866275241,0.31733717084056168,60136.643146579991,0,172075.14257717002,0
2026-04-09,-26,0.32420988866275241,0.33856388673422316,0.33138688769848779,7485.4157366500058,15436.545118840013,657333.22980615019,0
2026-04-09,-22,0.38555270635198519,0.40262258298731357,0.39408764466964941,0,9826.4455768703137,2338.3926258201163,0
2026-04-09,-21,0.40262258298731357,0.42044820762685725,0.41153539530708538,0,133987.85191355005,4.4799198499972714,0
2026-04-09,-16,0.5,0.52213689121370688,0.51106844560685349,0,6607.917540050049,741.56712234000349,0
2026-04-10,-46,0.13631346658315721,0.14234857934458645,0.13933102296387184,67191.194329389997,0,170166.01259293,0
2026-04-10,-45,0.14234857934458645,0.14865088937534013,0.14549973435996327,126044.49757070003,0,276937.77020417998,0
2026-04-10,-44,0.14865088937534013,0.1552322265091855,0.15194155794226283,217618.87317262957,0,164467.52966875001,0
2026-04-10,-43,0.1552322265091855,0.16210494433137621,0.15866858542028084,87894.467636920308,397260.31155607,80866.708990850006,0
2026-04-10,-42,0.16210494433137621,0.16928194336711158,0.16569344384924389,143978.12005697074,17693.526726270349,224163.58538551014,0
2026-04-10,-41,0.16928194336711158,0.17677669529663689,0.17302931933187424,307486.22127622017,4155.980405780002,158071.60825931001,0
2026-04-10,-40,0.17677669529663689,0.18460326824243742,0.18068998176953716,119833.88840081001,49226.850478540095,476887.91244775848,0
2026-04-10,-39,0.18460326824243742,0.19277635317599259,0.18868981070921501,82754.254121579841,4031404.3909997204,329437.2623586203,0
2026-04-10,-38,0.19277635317599259,0.20131129149365679,0.1970438223348247,315068.45947199024,2054000.59589695,621631.02033708489,0
2026-04-10,-37,0.20131129149365679,0.21022410381342863,0.20576769765354269,70017.973741239999,98211.158351640028,308053.52113243012,0
2026-04-10,-36,0.21022410381342863,0.21953152004666243,0.21487781193004551,16999.515970170036,42935.353376160063,129183.61754657017,0
2026-04-10,-35,0.21953152004666243,0.2292510108011678,0.22439126542391513,69756.746920010002,77342.730657090084,246844.11737773975,0
2026-04-10,-34,0.2292510108011678,0.23940082017464343,0.2343259154879056,10969.568366819998,30671.319683370009,147597.95917696977,0
2026-04-10,-33,0.23940082017464343,0.25,0.24470041008732171,49956.206169660072,175901.33728462024,16692.759184239876,0
2026-04-10,-32,0.25,0.26106844560685344,0.25553422280342675,8890.480533550035,81024.282498250104,93366.41881916995,0
2026-04-10,-31,0.26106844560685344,0.27262693316631442,0.26684768938658393,257461.73237102001,397153.51089163002,1298745.6518730733,0
2026-04-10,-30,0.27262693316631442,0.28469715868917289,0.27866204592774368,14701.894078400006,57052.708383790028,700033.6977559299,0
2026-04-10,-29,0.28469715868917289,0.29730177875068026,0.29099946871992655,0,14258.111422479997,33.05316589011656,0
2026-04-10,-28,0.29730177875068026,0.310464453018371,0.30388311588452566,15815.302587070095,20027.222404700005,760532.38166958012,0
2026-04-10,-27,0.310464453018371,0.32420988866275241,0.31733717084056168,60125.939146579993,0,172075.14257717002,0
2026-04-10,-26,0.32420988866275241,0.33856388673422316,0.33138688769848779,7485.4157366500058,15284.478425340014,657333.22980615019,0
2026-04-10,-22,0.38555270635198519,0.40262258298731357,0.39408764466964941,0,9826.4455768703137,2338.3926258201163,0
2026-04-10,-21,0.40262258298731357,0.42044820762685725,0.41153539530708538,0,133987.85191355005,4.4799198499972714,0
2026-04-10,-16,0.5,0.52213689121370688,0.51106844560685349,0,6607.917540050049,741.56712234000349,0
2026-04-11,-46,0.13631346658315721,0.14234857934458645,0.13933102296387184,67168.194329389997,0,170166.01259293,0
2026-04-11,-45,0.14234857934458645,0.14865088937534013,0.14549973435996327,125893.58368512003,0,276937.77020417998,0
2026-04-11,-44,0.14865088937534013,0.1552322265091855,0.15194155794226283,217119.12521424957,0,164467.52966875001,0
2026-04-11,-43,0.1552322265091855,0.16210494433137621,0.15866858542028084,134914.81302893074,397260.31155607,225429.43191664014,0
2026-04-11,-42,0.16210494433137621,0.16928194336711158,0.16569344384924389,90694.885697300313,17693.526726270349,179878.48653715002,0
2026-04-11,-41,0.16928194336711158,0.17677669529663689,0.17302931933187424,305717.61551058013,4155.980405780002,158071.60825931001,0
2026-04-11,-40,0.17677669529663689,0.18460326824243742,0.18068998176953716,118776.03956783003,49057.788708440094,476849.51244775846,0
2026-04-11,-39,0.18460326824243742,0.19277635317599259,0.18868981070921501,78013.254121579841,4031404.3909997204,329437.2623586203,0
2026-04-11,-38,0.19277635317599259,0.20131129149365679,0.1970438223348247,272042.5684998802,2071020.2631432901,619998.92469808983,0
2026-04-11,-37,0.20131129149365679,0.21022410381342863,0.20576769765354269,70017.973741239999,98211.158351640028,305671.48298453522,0
2026-04-11,-36,0.21022410381342863,0.21953152004666243,0.21487781193004551,16999.515970170036,42920.793435370062,129183.61754657017,0
2026-04-11,-35,0.21953152004666243,0.2292510108011678,0.22439126542391513,69751.357492990006,77342.730657090084,246819.33893406973,0
2026-04-11,-34,0.2292510108011678,0.23940082017464343,0.2343259154879056,10933.901881169999,30671.319683370009,147597.95917696977,0
2026-04-11,-33,0.23940082017464343,0.25,0.24470041008732171,49956.206169660072,175769.15603789026,16692.759184239876,0
2026-04-11,-32,0.25,0.26106844560685344,0.25553422280342675,8890.480533550035,81024.282498250104,93366.41881916995,0
2026-04-11,-31,0.26106844560685344,0.27262693316631442,0.26684768938658393,257461.73237102001,397122.79637565004,1234083.1278326632,0
2026-04-11,-30,0.27262693316631442,0.28469715868917289,0.27866204592774368,14701.894078400006,57052.708383790028,700033.6977559299,0
2026-04-11,-29,0.28469715868917289,0.29730177875068026,0.29099946871992655,0,14258.111422479997,33.05316589011656,0
2026-04-11,-28,0.29730177875068026,0.310464453018371,0.30388311588452566,15815.302587070095,20027.222404700005,760532.38166958012,0
2026-04-11,-27,0.310464453018371,0.32420988866275241,0.31733717084056168,60125.939146579993,0,172075.14257717002,0
2026-04-11,-26,0.32420988866275241,0.33856388673422316,0.33138688769848779,7485.4157366500058,15284.478425340014,657333.22980615019,0
2026-04-11,-22,0.38555270635198519,0.40262258298731357,0.39408764466964941,0,8441.9645376703138,2338.3926258201163,0
2026-04-11,-21,0.40262258298731357,0.42044820762685725,0.41153539530708538,0,133987.85191355005,4.4799198499972714,0
2026-04-11,-16,0.5,0.52213689121370688,0.51106844560685349,0,6601.2273131000484,741.56712234000349,0
2026-04-12,-46,0.13631346658315721,0.14234857934458645,0.13933102296387184,67147.610836060005,0,170166.01259293,0
2026-04-12,-45,0.14234857934458645,0.14865088937534013,0.14549973435996327,108951.09381400001,0,276937.77020417998,0
2026-04-12,-44,0.14865088937534013,0.1552322265091855,0.15194155794226283,204274.52018752959,0,164467.52966875001,0
2026-04-12,-43,0.1552322265091855,0.16210494433137621,0.15866858542028084,105234.51295164031,397260.31155607,190266.54874243002,0
2026-04-12,-42,0.16210494433137621,0.16928194336711158,0.16569344384924389,168585.33054591078,17693.526726270349,305181.11148175015,0
2026-04-12,-41,0.16928194336711158,0.17677669529663689,0.17302931933187424,305717.61551058013,4155.980405780002,158071.60825931001,0
2026-04-12,-40,0.17677669529663689,0.18460326824243742,0.18068998176953716,117900.33901318003,49045.288701870093,476849.51244775846,0
2026-04-12,-39,0.18460326824243742,0.19277635317599259,0.18868981070921501,78013.254121579841,4031404.3909997204,329437.2623586203,0
2026-04-12,-38,0.19277635317599259,0.20131129149365679,0.1970438223348247,272042.5684998802,2070833.4365067701,619998.92469808983,0
2026-04-12,-37,0.20131129149365679,0.21022410381342863,0.20576769765354269,41840.069147620008,126389.06293734002,301862.72883472522,0
2026-04-12,-36,0.21022410381342863,0.21953152004666243,0.21487781193004551,16999.515970170036,42920.793435370062,129183.61754657017,0
2026-04-12,-35,0.21953152004666243,0.2292510108011678,0.22439126542391513,69751.357492990006,77342.730657090084,246797.70231146974,0
2026-04-12,-34,0.2292510108011678,0.23940082017464343,0.2343259154879056,10933.901881169999,30623.08890561001,147597.95917696977,0
2026-04-12,-33,0.23940082017464343,0.25,0.24470041008732171,49956.206169660072,175769.15603719026,16692.759184239876,0
2026-04-12,-32,0.25,0.26106844560685344,0.25553422280342675,8890.480533550035,81024.282498250104,93366.41881916995,0
2026-04-12,-31,0.26106844560685344,0.27262693316631442,0.26684768938658393,257461.73237102001,396509.76857132005,1141857.8945320633,0
2026-04-12,-30,0.27262693316631442,0.28469715868917289,0.27866204592774368,14701.894078400006,57051.378383790026,700033.6977559299,0
2026-04-12,-29,0.28469715868917289,0.29730177875068026,0.29099946871992655,0,14258.111422479997,33.05316589011656,0
2026-04-12,-28,0.29730177875068026,0.310464453018371,0.30388311588452566,15815.302587070095,20027.222404700005,760532.38166958012,0
2026-04-12,-27,0.310464453018371,0.32420988866275241,0.31733717084056168,60125.939146579993,0,172075.14257717002,0
2026-04-12,-26,0.32420988866275241,0.33856388673422316,0.33138688769848779,7485.4157366500058,15284.478425340014,657333.22980615019,0
2026-04-12,-22,0.38555270635198519,0.40262258298731357,0.39408764466964941,0,8441.9645376703138,2338.3926258201163,0
2026-04-12,-21,0.40262258298731357,0.42044820762685725,0.41153539530708538,0,133987.85191355005,4.4799198499972714,0
2026-04-12,-16,0.5,0.52213689121370688,0.51106844560685349,0,6601.2273131000484,741.56712234000349,0
2026-04-13,-46,0.13631346658315721,0.14234857934458645,0.13933102296387184,67090.77029036,0,170166.01259293,0
2026-04-13,-45,0.14234857934458645,0.14865088937534013,0.14549973435996327,108748.91202872001,0,276937.77020417998,0
2026-04-13,-44,0.14865088937534013,0.1552322265091855,0.15194155794226283,294437.09109457012,0,254191.89035179018,0
2026-04-13,-43,0.1552322265091855,0.16210494433137621,0.15866858542028084,94070.514899430185,397260.31155607,188599.58872267001,0
2026-04-13,-42,0.16210494433137621,0.16928194336711158,0.16569344384924389,86635.217819970392,17693.526726270349,264947.91989841999,0
2026-04-13,-41,0.16928194336711158,0.17677669529663689,0.17302931933187424,305717.61551058013,4155.980405780002,158071.60825931001,0
2026-04-13,-40,0.17677669529663689,0.18460326824243742,0.18068998176953716,117900.33901318003,45428.767202370094,476849.51244775846,0
2026-04-13,-39,0.18460326824243742,0.19277635317599259,0.18868981070921501,78013.254121579841,4031404.3909997204,326025.34490542533,0
2026-04-13,-38,0.19277635317599259,0.20131129149365679,0.1970438223348247,272042.5684998802,2070807.9549308,619998.92469808983,0
2026-04-13,-37,0.20131129149365679,0.21022410381342863,0.20576769765354269,41832.603092220008,126389.06293734002,299638.13628807012,0
2026-04-13,-36,0.21022410381342863,0.21953152004666243,0.21487781193004551,16999.515970170036,42920.793435370062,129183.61754657017,0
2026-04-13,-35,0.21953152004666243,0.2292510108011678,0.22439126542391513,69751.357492980009,77342.730657090084,246754.78046280975,0
2026-04-13,-34,0.2292510108011678,0.23940082017464343,0.2343259154879056,4248.9463830799987,37096.644571850011,147597.95917696977,0
2026-04-13,-33,0.23940082017464343,0.25,0.24470041008732171,49956.206169660072,175736.26266911026,16692.759184239876,0
2026-04-13,-32,0.25,0.26106844560685344,0.25553422280342675,8890.480533550035,81024.282498250104,93366.41881916995,0
2026-04-13,-31,0.26106844560685344,0.27262693316631442,0.26684768938658393,257461.73237102001,396298.54875987006,1061562.2480594534,0
2026-04-13,-30,0.27262693316631442,0.28469715868917289,0.27866204592774368,14701.894078400006,57051.378383790026,700033.6977559299,0
2026-04-13,-29,0.28469715868917289,0.29730177875068026,0.29099946871992655,0,14204.079858969997,33.05316589011656,0
2026-04-13,-28,0.29730177875068026,0.310464453018371,0.30388311588452566,15815.302587070095,20027.222404700005,760532.38166958012,0
2026-04-13,-27,0.310464453018371,0.32420988866275241,0.31733717084056168,60125.939146579993,0,172075.14257717002,0
2026-04-13,-26,0.32420988866275241,0.33856388673422316,0.33138688769848779,7485.4157366500058,15284.478425340014,657333.22980615019,0
2026-04-13,-22,0.38555270635198519,0.40262258298731357,0.39408764466964941,0,8441.9645376703138,2338.3926258201163,0
2026-04-13,-21,0.40262258298731357,0.42044820762685725,0.41153539530708538,0,133475.92065626007,4.4799198499972714,0
2026-04-13,-16,0.5,0.52213689121370688,0.51106844560685349,0,6601.2273131000484,741.56712234000349,0
2026-04-14,-46,0.13631346658315721,0.14234857934458645,0.13933102296387184,67065.77029036,0,170166.01259293,0
2026-04-14,-45,0.14234857934458645,0.14865088937534013,0.14549973435996327,101321.54506572,0,276937.77020417998,0
2026-04-14,-44,0.14865088937534013,0.1552322265091855,0.15194155794226283,201997.86941851961,0,251017.37080341001,0
2026-04-14,-43,0.1552322265091855,0.16210494433137621,0.15866858542028084,162057.16659489067,397260.31155607,311239.89085459016,0
2026-04-14,-42,0.16210494433137621,0.16928194336711158,0.16569344384924389,79387.090678820401,17693.526726270349,264947.91989841999,0
2026-04-14,-41,0.16928194336711158,0.17677669529663689,0.17302931933187424,305717.61551058013,4155.980405780002,158071.60825931001,0
2026-04-14,-40,0.17677669529663689,0.18460326824243742,0.18068998176953716,117900.33901318003,37424.043560330094,476849.51244775846,0
2026-04-14,-39,0.18460326824243742,0.19277635317599259,0.18868981070921501,78009.307916999838,4031404.3909997204,322344.22648267535,0
2026-04-14,-38,0.19277635317599259,0.20131129149365679,0.1970438223348247,272036.67244412022,2070807.9549308,619998.92469808983,0
2026-04-14,-37,0.20131129149365679,0.21022410381342863,0.20576769765354269,41832.603092220008,126389.06293734002,299638.13628807012,0
2026-04-14,-36,0.21022410381342863,0.21953152004666243,0.21487781193004551,16999.515970170036,42920.793435370062,129170.66859369961,0
2026-04-14,-35,0.21953152004666243,0.2292510108011678,0.22439126542391513,69745.917586510011,77342.730657090084,246733.67558485031,0
2026-04-14,-34,0.2292510108011678,0.23940082017464343,0.2343259154879056,4248.9463830799987,37096.644571850011,147597.95917696977,0
2026-04-14,-33,0.23940082017464343,0.25,0.24470041008732171,49956.206169660072,175650.29392801024,16692.759184239876,0
2026-04-14,-32,0.25,0.26106844560685344,0.25553422280342675,8890.480533550035,80938.799472780098,93366.41881916995,0
2026-04-14,-31,0.26106844560685344,0.27262693316631442,0.26684768938658393,2802.222495510041,650455.85573390999,1015604.2839982234,0
2026-04-14,-30,0.27262693316631442,0.28469715868917289,0.27866204592774368,14701.894078400006,57051.378383790026,700033.6977559299,0
2026-04-14,-29,0.28469715868917289,0.29730177875068026,0.29099946871992655,0,14204.079858969997,33.05316589011656,0
2026-04-14,-28,0.29730177875068026,0.310464453018371,0.30388311588452566,15815.302587070095,20027.222404700005,760532.38166958012,0
2026-04-14,-27,0.310464453018371,0.32420988866275241,0.31733717084056168,60125.939146579993,0,172075.14257717002,0
2026-04-14,-26,0.32420988866275241,0.33856388673422316,0.33138688769848779,7485.4157366500058,15284.478425340014,657333.22980615019,0
2026-04-14,-22,0.38555270635198519,0.40262258298731357,0.39408764466964941,0,8439.9645376703138,2338.3926258201163,0
2026-04-14,-21,0.40262258298731357,0.42044820762685725,0.41153539530708538,0,133475.92065626007,4.4799198499972714,0
2026-04-14,-16,0.5,0.52213689121370688,0.51106844560685349,0,6601.2273131000484,741.56712234000349,0
2026-04-15,-46,0.13631346658315721,0.14234857934458645,0.13933102296387184,67055.77029036,0,170166.01259293,0
2026-04-15,-45,0.14234857934458645,0.14865088937534013,0.14549973435996327,101285.71350533,0,276937.77020417998,0
2026-04-15,-44,0.14865088937534013,0.1552322265091855,0.15194155794226283,199314.58033751958,0,251017.37080341001,0
2026-04-15,-43,0.1552322265091855,0.16210494433137621,0.15866858542028084,98407.134798890183,397260.31155607,272246.58039131999,0
2026-04-15,-42,0.16210494433137621,0.16928194336711158,0.16569344384924389,143151.47713001093,17693.526726270349,384826.76632518013,0
2026-04-15,-41,0.16928194336711158,0.17677669529663689,0.17302931933187424,305717.61551058013,4155.980405780002,158071.60825931001,0
2026-04-15,-40,0.17677669529663689,0.18460326824243742,0.18068998176953716,117900.33901318003,37424.043560330094,476849.51244775846,0
2026-04-15,-39,0.18460326824243742,0.19277635317599259,0.18868981070921501,78009.307916999838,4031404.3909997204,319301.10491589538,0
2026-04-15,-38,0.19277635317599259,0.20131129149365679,0.1970438223348247,271394.0829590002,2070794.4152140801,619998.92469808983,0
2026-04-15,-37,0.20131129149365679,0.21022410381342863,0.20576769765354269,41832.603092220008,126379.15957019002,299638.13628807012,0
2026-04-15,-36,0.21022410381342863,0.21953152004666243,0.21487781193004551,16999.515970170036,42920.793435370062,129145.8157176996,0
2026-04-15,-35,0.21953152004666243,0.2292510108011678,0.22439126542391513,66724.687586510001,77342.730657090084,246733.67558485031,0
2026-04-15,-34,0.2292510108011678,0.23940082017464343,0.2343259154879056,4248.9463830799987,37096.644571850011,147597.95917696977,0
2026-04-15,-33,0.23940082017464343,0.25,0.24470041008732171,49956.206169660072,175554.12392801026,16692.759184239876,0
2026-04-15,-32,0.25,0.26106844560685344,0.25553422280342675,8890.480533550035,80938.799472780098,93366.41881916995,0
2026-04-15,-31,0.26106844560685344,0.27262693316631442,0.26684768938658393,1625.0021397600401,640644.70580190001,976524.41941713332,0
2026-04-15,-30,0.27262693316631442,0.28469715868917289,0.27866204592774368,14701.301965400007,57051.378383790026,700033.6977559299,0
2026-04-15,-29,0.28469715868917289,0.29730177875068026,0.29099946871992655,0,14204.079858969997,33.05316589011656,0
2026-04-15,-28,0.29730177875068026,0.310464453018371,0.30388311588452566,15815.302587070095,20027.222404700005,760532.38166958012,0
2026-04-15,-27,0.310464453018371,0.32420988866275241,0.31733717084056168,60107.98014657999,0,172075.14257717002,0
2026-04-15,-26,0.32420988866275241,0.33856388673422316,0.33138688769848779,7485.4157366500058,15284.478425340014,657333.22980615019,0
2026-04-15,-22,0.38555270635198519,0.40262258298731357,0.39408764466964941,0,8439.9645376703138,2338.3926258201163,0
2026-04-15,-21,0.40262258298731357,0.42044820762685725,0.41153539530708538,0,133475.92065626007,4.4799198499972714,0
2026-04-15,-16,0.5,0.52213689121370688,0.51106844560685349,0,6601.2273131000484,741.56712234000349,0
2026-04-16,-46,0.13631346658315721,0.14234857934458645,0.13933102296387184,67020.77029036,0,170166.01259293,0
2026-04-16,-45,0.14234857934458645,0.14865088937534013,0.14549973435996327,101073.25076551001,0,276937.77020417998,0
2026-04-16,-44,0.14865088937534013,0.1552322265091855,0.15194155794226283,186317.30178102959,0,251017.37080341001,0
2026-04-16,-43,0.1552322265091855,0.16210494433137621,0.15866858542028084,97230.780575170182,397239.3859546,272246.58039130998,0
2026-04-16,-42,0.16210494433137621,0.16928194336711158,0.16569344384924389,174361.16222756094,17693.526726270349,466727.54150873015,0
2026-04-16,-41,0.16928194336711158,0.17677669529663689,0.17302931933187424,305712.16064335016,4155.980405780002,158071.60825931001,0
2026-04-16,-40,0.17677669529663689,0.18460326824243742,0.18068998176953716,117018.65405562002,37424.043560330094,472910.48275543354,0
2026-04-16,-39,0.18460326824243742,0.19277635317599259,0.18868981070921501,77470.064901789839,4031404.3909997204,317945.68493378029,0
2026-04-16,-38,0.19277635317599259,0.20131129149365679,0.1970438223348247,271394.0829590002,2068994.4152140801,619998.92469808983,0
2026-04-16,-37,0.20131129149365679,0.21022410381342863,0.20576769765354269,41832.603092220008,126379.15957019002,299638.13628807012,0
2026-04-16,-36,0.21022410381342863,0.21953152004666243,0.21487781193004551,16979.515970170036,42920.793435370062,129128.78009087961,0
2026-04-16,-35,0.21953152004666243,0.2292510108011678,0.22439126542391513,66724.687586510001,77342.730657090084,246733.67558485031,0
2026-04-16,-34,0.2292510108011678,0.23940082017464343,0.2343259154879056,4248.9463830799987,37096.644571850011,147597.95917696977,0
2026-04-16,-33,0.23940082017464343,0.25,0.24470041008732171,49956.206169660072,175172.60554015025,16692.759184239876,0
2026-04-16,-32,0.25,0.26106844560685344,0.25553422280342675,8890.480533550035,80903.529472780108,93366.41881916995,0
2026-04-16,-31,0.26106844560685344,0.27262693316631442,0.26684768938658393,576.62306186003195,628591.53487066005,913975.77627470333,0
2026-04-16,-30,0.27262693316631442,0.28469715868917289,0.27866204592774368,14701.301965400007,57051.378383790026,700033.6977559299,0
2026-04-16,-29,0.28469715868917289,0.29730177875068026,0.29099946871992655,0,14204.079858969997,33.05316589011656,0
2026-04-16,-28,0.29730177875068026,0.310464453018371,0.30388311588452566,15815.302587070095,20027.222404700005,760532.38166958012,0
2026-04-16,-27,0.310464453018371,0.32420988866275241,0.31733717084056168,60107.98014657999,0,172075.14257717002,0
2026-04-16,-26,0.32420988866275241,0.33856388673422316,0.33138688769848779,7485.4157366500058,15284.478425340014,657333.22980615019,0
2026-04-16,-22,0.38555270635198519,0.40262258298731357,0.39408764466964941,0,8439.9645376703138,2338.3926258201163,0
2026-04-16,-21,0.40262258298731357,0.42044820762685725,0.41153539530708538,0,133475.92065626007,4.4799198499972714,0
2026-04-16,-16,0.5,0.52213689121370688,0.51106844560685349,0,6601.2273131000484,741.56712234000349,0
2026-04-17,-46,0.13631346658315721,0.14234857934458645,0.13933102296387184,66898.757757209998,0,170166.01259293,0
2026-04-17,-45,0.14234857934458645,0.14865088937534013,0.14549973435996327,101029.09979339001,0,276937.77020417998,0
2026-04-17,-44,0.14865088937534013,0.1552322265091855,0.15194155794226283,184204.21367386958,0,251017.37080341001,0
2026-04-17,-43,0.1552322265091855,0.16210494433137621,0.15866858542028084,95278.010789190172,397239.3859546,272246.58039130998,0
2026-04-17,-42,0.16210494433137621,0.16928194336711158,0.16569344384924389,104843.48389295046,17693.526726270349,429355.67564189003,0
2026-04-17,-41,0.16928194336711158,0.17677669529663689,0.17302931933187424,419404.26624313061,4155.980405780002,214223.85885888015,0
2026-04-17,-40,0.17677669529663689,0.18460326824243742,0.18068998176953716,117018.65405562002,37424.043560330094,470000.53839091351,0
2026-04-17,-39,0.18460326824243742,0.19277635317599259,0.18868981070921501,77470.064901789839,4031404.3909997204,317945.68493378029,0
2026-04-17,-38,0.19277635317599259,0.20131129149365679,0.1970438223348247,271358.22514541016,2067085.2807277502,619998.92469808983,0
2026-04-17,-37,0.20131129149365679,0.21022410381342863,0.20576769765354269,41704.813826300007,126379.15957019002,299638.13628807012,0
2026-04-17,-36,0.21022410381342863,0.21953152004666243,0.21487781193004551,16978.947530480036,42920.793435370062,129109.51953052961,0
2026-04-17,-35,0.21953152004666243,0.2292510108011678,0.22439126542391513,66724.687586510001,77329.71065709008,246733.67558485031,0
2026-04-17,-34,0.2292510108011678,0.23940082017464343,0.2343259154879056,4248.9463830799987,37096.644571850011,147597.95917696977,0
2026-04-17,-33,0.23940082017464343,0.25,0.24470041008732171,49956.206169660072,175172.60554015025,16692.759184239876,0
2026-04-17,-32,0.25,0.26106844560685344,0.25553422280342675,8885.1783064000338,80903.529472780108,93366.41881916995,0
2026-04-17,-31,0.26106844560685344,0.27262693316631442,0.26684768938658393,576.62306186003195,628553.20032589999,871515.57527584338,0
2026-04-17,-30,0.27262693316631442,0.28469715868917289,0.27866204592774368,14625.733452640003,57126.946896550027,700033.6977559299,0
2026-04-17,-29,0.28469715868917289,0.29730177875068026,0.29099946871992655,0,14204.079858969997,33.05316589011656,0
2026-04-17,-28,0.29730177875068026,0.310464453018371,0.30388311588452566,15792.506507930095,20027.222404700005,760532.38166958012,0
2026-04-17,-27,0.310464453018371,0.32420988866275241,0.31733717084056168,60073.98014657999,0,171791.86847730001,0
2026-04-17,-26,0.32420988866275241,0.33856388673422316,0.33138688769848779,7485.4157366500058,15284.478425340014,657322.14730602026,0
2026-04-17,-22,0.38555270635198519,0.40262258298731357,0.39408764466964941,0,8439.9645376703138,2338.3926258201163,0
2026-04-17,-21,0.40262258298731357,0.42044820762685725,0.41153539530708538,0,133475.92065626007,4.4799198499972714,0
2026-04-17,-16,0.5,0.52213689121370688,0.51106844560685349,0,6601.2273131000484,741.56712234000349,0
2026-04-18,-46,0.13631346658315721,0.14234857934458645,0.13933102296387184,66886.58775721,0,170166.01259293,0
2026-04-18,-45,0.14234857934458645,0.14865088937534013,0.14549973435996327,96283.464586500006,0,276937.77020417998,0
2026-04-18,-44,0.14865088937534013,0.1552322265091855,0.15194155794226283,180895.62112098958,0,249293.10384114506,0
2026-04-18,-43,0.1552322265091855,0.16210494433137621,0.15866858542028084,94594.85552622017,397239.3859546,272246.58039130998,0
2026-04-18,-42,0.16210494433137621,0.16928194336711158,0.16569344384924389,161307.38699639097,17693.526726270349,461695.58113698015,0
2026-04-18,-41,0.16928194336711158,0.17677669529663689,0.17302931933187424,362454.66556675016,4155.980405780002,202839.68343608,0
2026-04-18,-40,0.17677669529663689,0.18460326824243742,0.18068998176953716,117017.32304078003,37424.043560330094,466552.37888319849,0
2026-04-18,-39,0.18460326824243742,0.19277635317599259,0.18868981070921501,77470.064901789839,4031404.3909997204,317945.68493378029,0
2026-04-18,-38,0.19277635317599259,0.20131129149365679,0.1970438223348247,271358.22514541016,2067085.2807277502,619998.92469808983,0
2026-04-18,-37,0.20131129149365679,0.21022410381342863,0.20576769765354269,41704.813826300007,126379.15957019002,299638.13628807012,0
2026-04-18,-36,0.21022410381342863,0.21953152004666243,0.21487781193004551,16978.947530480036,42920.793435370062,129093.4814504096,0
2026-04-18,-35,0.21953152004666243,0.2292510108011678,0.22439126542391513,66724.687586510001,77329.71065709008,246733.67558485031,0
2026-04-18,-34,0.2292510108011678,0.23940082017464343,0.2343259154879056,4248.9463830799987,37096.644571850011,147597.95917696977,0
2026-04-18,-33,0.23940082017464343,0.25,0.24470041008732171,49956.206169660072,175159.78367082024,16692.759184239876,0
2026-04-18,-32,0.25,0.26106844560685344,0.25553422280342675,8873.645175110034,80903.529472780108,93366.41881916995,0
2026-04-18,-31,0.26106844560685344,0.27262693316631442,0.26684768938658393,576.62306186003195,628460.24032590003,833319.19341754331,0
2026-04-18,-30,0.27262693316631442,0.28469715868917289,0.27866204592774368,14109.356436779997,57643.323912410036,700033.6977559299,0
2026-04-18,-29,0.28469715868917289,0.29730177875068026,0.29099946871992655,0,14204.079858969997,33.05316589011656,0
2026-04-18,-28,0.29730177875068026,0.310464453018371,0.30388311588452566,15792.506507930095,20027.222404700005,760532.38166958012,0
2026-04-18,-27,0.310464453018371,0.32420988866275241,0.31733717084056168,60073.98014657999,0,171791.86847730001,0
2026-04-18,-26,0.32420988866275241,0.33856388673422316,0.33138688769848779,7485.4157366500058,15284.478425340014,657322.14730602026,0
2026-04-18,-22,0.38555270635198519,0.40262258298731357,0.39408764466964941,0,8439.9645376703138,2338.3926258201163,0
2026-04-18,-21,0.40262258298731357,0.42044820762685725,0.41153539530708538,0,133475.92065626007,4.4799198499972714,0
2026-04-18,-16,0.5,0.52213689121370688,0.51106844560685349,0,6601.2273131000484,741.56712234000349,0
2026-04-19,-46,0.13631346658315721,0.14234857934458645,0.13933102296387184,62434.460877050005,0,170166.01259293,0
2026-04-19,-45,0.14234857934458645,0.14865088937534013,0.14549973435996327,96222.327472439996,0,276937.77020417998,0
2026-04-19,-44,0.14865088937534013,0.1552322265091855,0.15194155794226283,248660.36046438984,0,309205.14691757521,0
2026-04-19,-43,0.1552322265091855,0.16210494433137621,0.15866858542028084,94383.670271040159,397226.01595460001,262298.10028596001,0
2026-04-19,-42,0.16210494433137621,0.16928194336711158,0.16569344384924389,109385.65870727069,17148.333101440348,457227.89545245003,0
2026-04-19,-41,0.16928194336711158,0.17677669529663689,0.17302931933187424,326210.66632498015,4155.980405780002,202839.68343608,0
2026-04-19,-40,0.17677669529663689,0.18460326824243742,0.18068998176953716,117017.32304078003,37424.043543950094,463588.59888319846,0
2026-04-19,-39,0.18460326824243742,0.19277635317599259,0.18868981070921501,77464.297251569864,4031404.3909997204,317945.68493378029,0
2026-04-19,-38,0.19277635317599259,0.20131129149365679,0.1970438223348247,271309.37057106016,2066669.9991685101,619998.92469808983,0
2026-04-19,-37,0.20131129149365679,0.21022410381342863,0.20576769765354269,41701.813826300007,126379.15957019002,298965.20639342017,0
2026-04-19,-36,0.21022410381342863,0.21953152004666243,0.21487781193004551,16978.947530480036,42920.793435370062,129084.8144148696,0
2026-04-19,-35,0.21953152004666243,0.2292510108011678,0.22439126542391513,64576.369208050011,77329.71065709008,246733.67558485031,0
2026-04-19,-34,0.2292510108011678,0.23940082017464343,0.2343259154879056,4248.9463830799987,37096.644571850011,147597.95917696977,0
2026-04-19,-33,0.23940082017464343,0.25,0.24470041008732171,49956.206169660072,171783.33367082026,16692.759184239876,0
2026-04-19,-32,0.25,0.26106844560685344,0.25553422280342675,8873.645175110034,80903.529472780108,93366.41881916995,0
2026-04-19,-31,0.26106844560685344,0.27262693316631442,0.26684768938658393,470.48188717003831,614394.10306021001,800152.44111109339,0
2026-04-19,-30,0.27262693316631442,0.28469715868917289,0.27866204592774368,14101.622358459997,57643.323912410036,700033.6977559299,0
2026-04-19,-29,0.28469715868917289,0.29730177875068026,0.29099946871992655,0,14204.079858969997,33.05316589011656,0
2026-04-19,-28,0.29730177875068026,0.310464453018371,0.30388311588452566,15792.506507930095,20027.222404700005,760532.38166958012,0
2026-04-19,-27,0.310464453018371,0.32420988866275241,0.31733717084056168,60073.98014657999,0,171791.86847730001,0
2026-04-19,-26,0.32420988866275241,0.33856388673422316,0.33138688769848779,7475.6053783400066,15284.478425340014,657322.14730602026,0
2026-04-19,-22,0.38555270635198519,0.40262258298731357,0.39408764466964941,0,8439.9645376703138,2338.3926258201163,0
2026-04-19,-21,0.40262258298731357,0.42044820762685725,0.41153539530708538,0,133475.92065626007,4.4799198499972714,0
2026-04-19,-16,0.5,0.52213689121370688,0.51106844560685349,0,6601.2273131000484,741.56712234000349,0
2026-04-20,-46,0.13631346658315721,0.14234857934458645,0.13933102296387184,62434.460877050005,0,170166.01259293,0
2026-04-20,-45,0.14234857934458645,0.14865088937534013,0.14549973435996327,96081.852537030005,0,276937.77020417998,0
2026-04-20,-44,0.14865088937534013,0.1552322265091855,0.15194155794226283,248321.98707711988,0,339391.87799370522,0
2026-04-20,-43,0.1552322265091855,0.16210494433137621,0.15866858542028084,94383.670271040159,397226.01595460001,262298.10028596001,0
2026-04-20,-42,0.16210494433137621,0.16928194336711158,0.16569344384924389,98831.683550740665,17148.333101440348,457227.89545245003,0
2026-04-20,-41,0.16928194336711158,0.17677669529663689,0.17302931933187424,323761.70314861013,4155.980405780002,202839.68343608,0
2026-04-20,-40,0.17677669529663689,0.18460326824243742,0.18068998176953716,117002.74988413003,37424.043543950094,461044.69888319849,0
2026-04-20,-39,0.18460326824243742,0.19277635317599259,0.18868981070921501,77464.297251569864,4031404.3909997204,317945.68493378029,0
2026-04-20,-38,0.19277635317599259,0.20131129149365679,0.1970438223348247,271299.37057106016,2066669.9991685101,619998.92469808983,0
2026-04-20,-37,0.20131129149365679,0.21022410381342863,0.20576769765354269,41701.813826300007,126379.15957019002,298965.20639342017,0
2026-04-20,-36,0.21022410381342863,0.21953152004666243,0.21487781193004551,16944.664491310039,42916.250608250062,129083.02683981961,0
2026-04-20,-35,0.21953152004666243,0.2292510108011678,0.22439126542391513,64576.369208050011,77329.71065709008,246733.67558485031,0
2026-04-20,-34,0.2292510108011678,0.23940082017464343,0.2343259154879056,4248.9463830799987,37096.644571850011,147597.95917696977,0
2026-04-20,-33,0.23940082017464343,0.25,0.24470041008732171,49956.206169660072,171780.02404870026,16692.759184239876,0
2026-04-20,-32,0.25,0.26106844560685344,0.25553422280342675,8873.645175110034,80903.529472780108,93366.41881916995,0
2026-04-20,-31,0.26106844560685344,0.27262693316631442,0.26684768938658393,0,609903.25088231009,778696.57279868331,0
2026-04-20,-30,0.27262693316631442,0.28469715868917289,0.27866204592774368,14101.622358459997,57635.755331010034,700033.6977559299,0
2026-04-20,-29,0.28469715868917289,0.29730177875068026,0.29099946871992655,0,14190.567459159996,33.05316589011656,0
2026-04-20,-28,0.29730177875068026,0.310464453018371,0.30388311588452566,15792.506507930095,20027.222404700005,760532.38166958012,0
2026-04-20,-27,0.310464453018371,0.32420988866275241,0.31733717084056168,60073.98014657999,0,171791.86847730001,0
2026-04-20,-26,0.32420988866275241,0.33856388673422316,0.33138688769848779,7475.6053783400066,15284.478425340014,657322.14730602026,0
2026-04-20,-22,0.38555270635198519,0.40262258298731357,0.39408764466964941,0,8439.9645376703138,2338.3926258201163,0
2026-04-20,-21,0.40262258298731357,0.42044820762685725,0.41153539530708538,0,133475.92065626007,4.4799198499972714,0
2026-04-20,-16,0.5,0.52213689121370688,0.51106844560685349,0,6601.2273131000484,741.56712234000349,0
2026-04-21,-46,0.13631346658315721,0.14234857934458645,0.13933102296387184,62434.460877050005,0,170166.01259293,0
2026-04-21,-45,0.14234857934458645,0.14865088937534013,0.14549973435996327,96042.798125230009,0,274628.52292377508,0
2026-04-21,-44,0.14865088937534013,0.1552322265091855,0.15194155794226283,274216.48696624994,0,384991.61292305012,0
2026-04-21,-43,0.1552322265091855,0.16210494433137621,0.15866858542028084,94383.670271040159,397151.55568449997,262298.10028596001,0
2026-04-21,-42,0.16210494433137621,0.16928194336711158,0.16569344384924389,96694.939999900642,17148.333101440348,457227.89545245003,0
2026-04-21,-41,0.16928194336711158,0.17677669529663689,0.17302931933187424,322867.53638149018,4155.980405780002,202839.68343608,0
2026-04-21,-40,0.17677669529663689,0.18460326824243742,0.18068998176953716,117002.74988413003,37424.043543950094,461040.94950384845,0
2026-04-21,-39,0.18460326824243742,0.19277635317599259,0.18868981070921501,77464.297251569864,4031404.3909997204,317945.68493378029,0
2026-04-21,-38,0.19277635317599259,0.20131129149365679,0.1970438223348247,271299.31695084018,2066669.9991685101,619997.9059163999,0
2026-04-21,-37,0.20131129149365679,0.21022410381342863,0.20576769765354269,41701.813826300007,126379.15957019002,298965.20639342017,0
2026-04-21,-36,0.21022410381342863,0.21953152004666243,0.21487781193004551,16867.256515590037,42916.250608250062,129058.8813665796,0
2026-04-21,-35,0.21953152004666243,0.2292510108011678,0.22439126542391513,61576.369208050011,77305.552656900079,246733.67558485031,0
2026-04-21,-34,0.2292510108011678,0.23940082017464343,0.2343259154879056,4248.9463830799987,37096.644571850011,147597.95917696977,0
2026-04-21,-33,0.23940082017464343,0.25,0.24470041008732171,49899.258579030073,171532.00535317024,16692.759184239876,0
2026-04-21,-32,0.25,0.26106844560685344,0.25553422280342675,8873.645175110034,80885.49878678011,93366.41881916995,0
2026-04-21,-31,0.26106844560685344,0.27262693316631442,0.26684768938658393,0,609217.27142681007,736545.39416172332,0
2026-04-21,-30,0.27262693316631442,0.28469715868917289,0.27866204592774368,14101.622358459997,57635.755331010034,700033.6977559299,0
2026-04-21,-29,0.28469715868917289,0.29730177875068026,0.29099946871992655,0,14190.567459159996,33.05316589011656,0
2026-04-21,-28,0.29730177875068026,0.310464453018371,0.30388311588452566,15770.699592760056,20049.029319870042,760532.38166958012,0
2026-04-21,-27,0.310464453018371,0.32420988866275241,0.31733717084056168,60073.98014657999,0,171698.1592773,0
2026-04-21,-26,0.32420988866275241,0.33856388673422316,0.33138688769848779,7475.6053783400066,15284.478425340014,657322.14730602026,0
2026-04-21,-22,0.38555270635198519,0.40262258298731357,0.39408764466964941,0,8439.9645376703138,2338.3926258201163,0
2026-04-21,-21,0.40262258298731357,0.42044820762685725,0.41153539530708538,0,133475.92065626007,4.4799198499972714,0
2026-04-21,-16,0.5,0.52213689121370688,0.51106844560685349,0,6601.2273131000484,741.56712234000349,0
2026-04-22,-46,0.13631346658315721,0.14234857934458645,0.13933102296387184,62387.950963770003,0,170166.01259293,0
2026-04-22,-45,0.14234857934458645,0.14865088937534013,0.14549973435996327,96017.887539589996,0,271536.99155561504,0
2026-04-22,-44,0.14865088937534013,0.1552322265091855,0.15194155794226283,272309.22518634994,0,445190.55837583012,0
2026-04-22,-43,0.1552322265091855,0.16210494433137621,0.15866858542028084,93919.330292340164,397151.55568449997,262298.10028596001,0
2026-04-22,-42,0.16210494433137621,0.16928194336711158,0.16569344384924389,95356.195702900615,17148.333101440348,457032.87843401998,0
2026-04-22,-41,0.16928194336711158,0.17677669529663689,0.17302931933187424,322867.53638149018,4155.980405780002,202839.68343608,0
2026-04-22,-40,0.17677669529663689,0.18460326824243742,0.18068998176953716,116997.68743259003,37424.043543950094,447502.95792528958,0
2026-04-22,-39,0.18460326824243742,0.19277635317599259,0.18868981070921501,77464.297251569864,4031404.3909997204,317945.68493378029,0
2026-04-22,-38,0.19277635317599259,0.20131129149365679,0.1970438223348247,271299.31695084018,2066669.9991685101,619459.08794594987,0
2026-04-22,-37,0.20131129149365679,0.21022410381342863,0.20576769765354269,41701.813826300007,126379.15957019002,298128.40950186847,0
2026-04-22,-36,0.21022410381342863,0.21953152004666243,0.21487781193004551,16847.462873570039,42916.250608250062,129042.41847194017,0
2026-04-22,-35,0.21953152004666243,0.2292510108011678,0.22439126542391513,58576.369208050011,77305.552656900079,246733.67558485031,0
2026-04-22,-34,0.2292510108011678,0.23940082017464343,0.2343259154879056,4248.9463830799987,37096.644571850011,147597.95917696977,0
2026-04-22,-33,0.23940082017464343,0.25,0.24470041008732171,49899.258579030073,171532.00535317024,16692.759184239876,0
2026-04-22,-32,0.25,0.26106844560685344,0.25553422280342675,8873.645175110034,80885.49878678011,93366.41881916995,0
2026-04-22,-31,0.26106844560685344,0.27262693316631442,0.26684768938658393,0,609217.27142681007,700949.8000715134,0
2026-04-22,-30,0.27262693316631442,0.28469715868917289,0.27866204592774368,14101.622358459997,57635.755331010034,700033.6977559299,0
2026-04-22,-29,0.28469715868917289,0.29730177875068026,0.29099946871992655,0,14190.567459159996,33.05316589011656,0
2026-04-22,-28,0.29730177875068026,0.310464453018371,0.30388311588452566,15770.699592760056,20049.029319870042,760532.38166958012,0
2026-04-22,-27,0.310464453018371,0.32420988866275241,0.31733717084056168,60066.080146579989,0,171698.1592773,0
2026-04-22,-26,0.32420988866275241,0.33856388673422316,0.33138688769848779,0,22760.08380368002,657322.14730602026,0
2026-04-22,-22,0.38555270635198519,0.40262258298731357,0.39408764466964941,0,8439.9645376703138,2338.3926258201163,0
2026-04-22,-21,0.40262258298731357,0.42044820762685725,0.41153539530708538,0,133475.92065626007,4.4799198499972714,0
2026-04-22,-16,0.5,0.52213689121370688,0.51106844560685349,0,6601.2273131000484,741.56712234000349,0
2026-04-23,-46,0.13631346658315721,0.14234857934458645,0.13933102296387184,62361.473583980005,0,165917.95803515505,0
2026-04-23,-45,0.14234857934458645,0.14865088937534013,0.14549973435996327,96017.777160359998,0,270044.64547320001,0
2026-04-23,-44,0.14865088937534013,0.1552322265091855,0.15194155794226283,235236.08434865938,0,441776.78520291002,0
2026-04-23,-43,0.1552322265091855,0.16210494433137621,0.15866858542028084,234538.57390671075,397151.55568449997,317585.72398995014,0
2026-04-23,-42,0.16210494433137621,0.16928194336711158,0.16569344384924389,93963.376026840619,17148.333101440348,457032.87843401998,0
2026-04-23,-41,0.16928194336711158,0.17677669529663689,0.17302931933187424,322867.53638149018,4155.980405780002,202839.68343608,0
2026-04-23,-40,0.17677669529663689,0.18460326824243742,0.18068998176953716,113625.13514290002,34648.337143850091,447502.95792528958,0
2026-04-23,-39,0.18460326824243742,0.19277635317599259,0.18868981070921501,77464.297251569864,4031404.3909997204,317945.68493378029,0
2026-04-23,-38,0.19277635317599259,0.20131129149365679,0.1970438223348247,271299.31695084018,2066619.7843695502,619459.08794594987,0
2026-04-23,-37,0.20131129149365679,0.21022410381342863,0.20576769765354269,41701.813826300007,126296.06545899002,293038.36801569961,0
2026-04-23,-36,0.21022410381342863,0.21953152004666243,0.21487781193004551,10531.167595670038,42916.250608250062,129042.41847194017,0
2026-04-23,-35,0.21953152004666243,0.2292510108011678,0.22439126542391513,43114.757865640007,77305.552656900079,238745.50403343921,0
2026-04-23,-34,0.2292510108011678,0.23940082017464343,0.2343259154879056,4248.9463830799987,37096.644571850011,147597.95917696977,0
2026-04-23,-33,0.23940082017464343,0.25,0.24470041008732171,49899.258579030073,171386.34667790026,16692.759184239876,0
2026-04-23,-32,0.25,0.26106844560685344,0.25553422280342675,8873.645175110034,80885.49878678011,93366.41881916995,0
2026-04-23,-31,0.26106844560685344,0.27262693316631442,0.26684768938658393,0,609217.27142681007,664277.92015078338,0
2026-04-23,-30,0.27262693316631442,0.28469715868917289,0.27866204592774368,14101.622358459997,57635.755331010034,700033.6977559299,0
2026-04-23,-29,0.28469715868917289,0.29730177875068026,0.29099946871992655,0,14190.567459159996,33.05316589011656,0
2026-04-23,-28,0.29730177875068026,0.310464453018371,0.30388311588452566,15770.699592760056,20049.029319870042,760532.38166958012,0
2026-04-23,-27,0.310464453018371,0.32420988866275241,0.31733717084056168,3454.9962744800009,56611.083872099989,171698.1592773,0
2026-04-23,-26,0.32420988866275241,0.33856388673422316,0.33138688769848779,0,22760.08380368002,657322.14730602026,0
2026-04-23,-22,0.38555270635198519,0.40262258298731357,0.39408764466964941,0,8439.9645376703138,2338.3926258201163,0
2026-04-23,-21,0.40262258298731357,0.42044820762685725,0.41153539530708538,0,133382.51793527007,4.4799198499972714,0
2026-04-23,-16,0.5,0.52213689121370688,0.51106844560685349,0,6601.2273131000484,741.56712234000349,0
2026-04-24,-46,0.13631346658315721,0.14234857934458645,0.13933102296387184,58400.834723650005,0,164538.32578983999,0
2026-04-24,-45,0.14234857934458645,0.14865088937534013,0.14549973435996327,95419.085508839999,0,264657.96713021997,0
2026-04-24,-44,0.14865088937534013,0.1552322265091855,0.15194155794226283,204596.09207136958,0,440403.56705004,0
2026-04-24,-43,0.1552322265091855,0.16210494433137621,0.15866858542028084,147652.80168918017,397145.25399704999,313517.20714825002,0
2026-04-24,-42,0.16210494433137621,0.16928194336711158,0.16569344384924389,91154.932435030612,17148.333101440348,455306.17026473506,0
2026-04-24,-41,0.16928194336711158,0.17677669529663689,0.17302931933187424,322864.48651455017,4155.980405780002,202839.68343608,0
2026-04-24,-40,0.17677669529663689,0.18460326824243742,0.18068998176953716,107789.53172241003,34648.337143850091,447502.95792528958,0
2026-04-24,-39,0.18460326824243742,0.19277635317599259,0.18868981070921501,322685.07469519024,4031404.3909997204,429097.46666996041,0
2026-04-24,-38,0.19277635317599259,0.20131129149365679,0.1970438223348247,270321.66823084018,2066615.7843695502,619355.45769227983,0
2026-04-24,-37,0.20131129149365679,0.21022410381342863,0.20576769765354269,41701.813826300007,126296.06545899002,293031.53362713015,0
2026-04-24,-36,0.21022410381342863,0.21953152004666243,0.21487781193004551,10511.167595670038,42916.250608250062,129012.8729521296,0
2026-04-24,-35,0.21953152004666243,0.2292510108011678,0.22439126542391513,43114.757865640007,77305.552656900079,231938.6540334392,0
2026-04-24,-34,0.2292510108011678,0.23940082017464343,0.2343259154879056,4248.9463830799987,37096.644571850011,147597.95917696977,0
2026-04-24,-33,0.23940082017464343,0.25,0.24470041008732171,49899.25857901002,171386.34667790026,16692.759184239876,0
2026-04-24,-32,0.25,0.26106844560685344,0.25553422280342675,8873.645175110034,80885.49878678011,93366.41881916995,0
2026-04-24,-31,0.26106844560685344,0.27262693316631442,0.26684768938658393,0,607016.03904499009,588817.85386384011,0
2026-04-24,-30,0.27262693316631442,0.28469715868917289,0.27866204592774368,14101.622358459997,57635.755331010034,656806.78950551315,0
2026-04-24,-29,0.28469715868917289,0.29730177875068026,0.29099946871992655,0,14190.567459159996,33.05316589011656,0
2026-04-24,-28,0.29730177875068026,0.310464453018371,0.30388311588452566,15070.699592760056,20049.029319870042,760532.38166958012,0
2026-04-24,-27,0.310464453018371,0.32420988866275241,0.31733717084056168,0,59616.080146579989,171698.1592773,0
2026-04-24,-26,0.32420988866275241,0.33856388673422316,0.33138688769848779,0,22760.08380368002,657322.14730602026,0
2026-04-24,-22,0.38555270635198519,0.40262258298731357,0.39408764466964941,0,8439.9645376703138,2338.3926258201163,0
2026-04-24,-21,0.40262258298731357,0.42044820762685725,0.41153539530708538,0,133382.51793527007,4.4799198499972714,0
2026-04-24,-16,0.5,0.52213689121370688,0.51106844560685349,0,6579.9546630000486,741.56712234000349,0
2026-04-25,-46,0.13631346658315721,0.14234857934458645,0.13933102296387184,57122.749768120004,0,164538.32578983999,0
2026-04-25,-45,0.14234857934458645,0.14865088937534013,0.14549973435996327,89316.085129860003,0,264657.96713021997,0
2026-04-25,-44,0.14865088937534013,0.1552322265091855,0.15194155794226283,198646.15693400957,0,434073.54744351999,0
2026-04-25,-43,0.1552322265091855,0.16210494433137621,0.15866858542028084,134965.79158585015,397067.33094070997,306021.78062571003,0
2026-04-25,-42,0.16210494433137621,0.16928194336711158,0.16569344384924389,87927.950188640607,17148.333101440348,440230.73043899506,0
2026-04-25,-41,0.16928194336711158,0.17677669529663689,0.17302931933187424,322864.48651455017,4155.980405780002,200046.02365302999,0
2026-04-25,-40,0.17677669529663689,0.18460326824243742,0.18068998176953716,308246.14017444057,34586.337143840094,656824.84826085973,0
2026-04-25,-39,0.18460326824243742,0.19277635317599259,0.18868981070921501,201552.27057156974,4031404.3909997204,425520.39733996027,0
2026-04-25,-38,0.19277635317599259,0.20131129149365679,0.1970438223348247,270186.03890966019,2066608.82594645,619045.42469407932,0
2026-04-25,-37,0.20131129149365679,0.21022410381342863,0.20576769765354269,41483.503276960007,122091.34425110002,293031.53362713015,0
2026-04-25,-36,0.21022410381342863,0.21953152004666243,0.21487781193004551,10389.197043780037,42916.250608250062,129003.06725250016,0
2026-04-25,-35,0.21953152004666243,0.2292510108011678,0.22439126542391513,38897.531555720008,77305.552656900079,231430.31403343921,0
2026-04-25,-34,0.2292510108011678,0.23940082017464343,0.2343259154879056,1216.1787470099987,37004.802485850007,147597.95917696977,0
2026-04-25,-33,0.23940082017464343,0.25,0.24470041008732171,49899.25857901002,171386.34667790026,16692.759184239876,0
2026-04-25,-32,0.25,0.26106844560685344,0.25553422280342675,5023.3057562700351,80885.49878678011,93366.41881916995,0
2026-04-25,-31,0.26106844560685344,0.27262693316631442,0.26684768938658393,0,606990.11904499005,588817.85386384011,0
2026-04-25,-30,0.27262693316631442,0.28469715868917289,0.27866204592774368,11940.091682069997,57621.812792380035,542388.90195813321,0
2026-04-25,-29,0.28469715868917289,0.29730177875068026,0.29099946871992655,0,14190.567459159996,33.05316589011656,0
2026-04-25,-28,0.29730177875068026,0.310464453018371,0.30388311588452566,7126.3782425000536,23516.404809560045,760532.38166958012,0
2026-04-25,-27,0.310464453018371,0.32420988866275241,0.31733717084056168,0,58984.288435359987,167449.1592773,0
2026-04-25,-26,0.32420988866275241,0.33856388673422316,0.33138688769848779,0,22760.08380368002,657322.14730602026,0
2026-04-25,-22,0.38555270635198519,0.40262258298731357,0.39408764466964941,0,8439.9645376703138,2338.3926258201163,0
2026-04-25,-21,0.40262258298731357,0.42044820762685725,0.41153539530708538,0,133382.51793527007,4.4799198499972714,0
2026-04-25,-16,0.5,0.52213689121370688,0.51106844560685349,0,6579.9546630000486,741.56712234000349,0
2026-04-26,-46,0.13631346658315721,0.14234857934458645,0.13933102296387184,57122.749768120004,0,164538.32578983999,0
2026-04-26,-45,0.14234857934458645,0.14865088937534013,0.14549973435996327,89316.085129860003,0,264657.96713021997,0
2026-04-26,-44,0.14865088937534013,0.1552322265091855,0.15194155794226283,196388.72547628958,0,434073.54744351999,0
2026-04-26,-43,0.1552322265091855,0.16210494433137621,0.15866858542028084,119718.14207845015,397067.33094070997,306021.78062571003,0
2026-04-26,-42,0.16210494433137621,0.16928194336711158,0.16569344384924389,169941.48531970108,17148.333101440348,507144.44699797523,0
2026-04-26,-41,0.16928194336711158,0.17677669529663689,0.17302931933187424,322864.48651455017,4155.980405780002,200046.02365302999,0
2026-04-26,-40,0.17677669529663689,0.18460326824243742,0.18068998176953716,252894.08247864008,34576.556659880094,638469.40605579957,0
2026-04-26,-39,0.18460326824243742,0.19277635317599259,0.18868981070921501,180825.89697702974,4031404.3909997204,425505.53913713031,0
2026-04-26,-38,0.19277635317599259,0.20131129149365679,0.1970438223348247,270186.03890966019,2066561.0599821901,619030.95296059933,0
2026-04-26,-37,0.20131129149365679,0.21022410381342863,0.20576769765354269,41483.503276960007,122091.34425110002,293030.99710395013,0
2026-04-26,-36,0.21022410381342863,0.21953152004666243,0.21487781193004551,10389.197043780037,42916.250608250062,129003.06725250016,0
2026-04-26,-35,0.21953152004666243,0.2292510108011678,0.22439126542391513,38897.531555720008,77305.552656900079,231430.31403343921,0
2026-04-26,-34,0.2292510108011678,0.23940082017464343,0.2343259154879056,1216.1787470099987,37004.802485850007,147597.95917696977,0
2026-04-26,-33,0.23940082017464343,0.25,0.24470041008732171,49899.25857901002,170455.68664123025,16692.759184239876,0
2026-04-26,-32,0.25,0.26106844560685344,0.25553422280342675,5023.3057562700351,80885.498786770098,93366.41881916995,0
2026-04-26,-31,0.26106844560685344,0.27262693316631442,0.26684768938658393,0,600030.43904498999,588817.85386384011,0
2026-04-26,-30,0.27262693316631442,0.28469715868917289,0.27866204592774368,11940.091682069997,57611.413113620038,481369.76987931319,0
2026-04-26,-29,0.28469715868917289,0.29730177875068026,0.29099946871992655,0,14190.567459159996,33.05316589011656,0
2026-04-26,-28,0.29730177875068026,0.310464453018371,0.30388311588452566,0,30642.783052060095,760532.38166958012,0
2026-04-26,-27,0.310464453018371,0.32420988866275241,0.31733717084056168,0,58576.89558235999,167449.1592773,0
2026-04-26,-26,0.32420988866275241,0.33856388673422316,0.33138688769848779,0,22760.08380368002,657322.14730602026,0
2026-04-26,-22,0.38555270635198519,0.40262258298731357,0.39408764466964941,0,8439.9645376703138,2338.3926258201163,0
2026-04-26,-21,0.40262258298731357,0.42044820762685725,0.41153539530708538,0,133382.51793527007,4.4799198499972714,0
2026-04-26,-16,0.5,0.52213689121370688,0.51106844560685349,0,6579.9546630000486,741.55482006,0
2026-04-27,-46,0.13631346658315721,0.14234857934458645,0.13933102296387184,57122.749768120004,0,164538.32578983999,0
2026-04-27,-45,0.14234857934458645,0.14865088937534013,0.14549973435996327,89316.085129860003,0,264657.96713021997,0
2026-04-27,-44,0.14865088937534013,0.1552322265091855,0.15194155794226283,196101.61304249958,0,431694.08313950506,0
2026-04-27,-43,0.1552322265091855,0.16210494433137621,0.15866858542028084,118149.83548643017,397020.76094070997,306021.78062571003,0
2026-04-27,-42,0.16210494433137621,0.16928194336711158,0.16569344384924389,139159.92810532061,17148.333101440348,492865.12182499003,0
2026-04-27,-41,0.16928194336711158,0.17677669529663689,0.17302931933187424,389927.64597857062,4155.980405780002,269850.13037290011,0
2026-04-27,-40,0.17677669529663689,0.18460326824243742,0.18068998176953716,248306.60103780008,34576.556659880094,615387.08630244958,0
2026-04-27,-39,0.18460326824243742,0.19277635317599259,0.18868981070921501,150957.95721850972,4031404.3909997204,425494.2466987503,0
2026-04-27,-38,0.19277635317599259,0.20131129149365679,0.1970438223348247,270186.03890966019,2065965.5646146301,619003.57968734985,0
2026-04-27,-37,0.20131129149365679,0.21022410381342863,0.20576769765354269,41483.503276960007,122022.89208433001,293020.53903256956,0
2026-04-27,-36,0.21022410381342863,0.21953152004666243,0.21487781193004551,10389.197043780037,42916.250608250062,129003.06725250016,0
2026-04-27,-35,0.21953152004666243,0.2292510108011678,0.22439126542391513,38897.531555720008,77305.552656900079,231430.31403343921,0
2026-04-27,-34,0.2292510108011678,0.23940082017464343,0.2343259154879056,1216.1787470099987,37004.802485850007,147597.95917696977,0
2026-04-27,-33,0.23940082017464343,0.25,0.24470041008732171,49899.25857901002,170443.60664123026,16692.759184239876,0
2026-04-27,-32,0.25,0.26106844560685344,0.25553422280342675,5023.3057562700351,80828.639284550096,93366.41881916995,0
2026-04-27,-31,0.26106844560685344,0.27262693316631442,0.26684768938658393,0,599828.74608154001,588817.85386384011,0
2026-04-27,-30,0.27262693316631442,0.28469715868917289,0.27866204592774368,0,69551.504795690038,455479.21184668317,0
2026-04-27,-29,0.28469715868917289,0.29730177875068026,0.29099946871992655,0,14188.567459159996,33.05316589011656,0
2026-04-27,-28,0.29730177875068026,0.310464453018371,0.30388311588452566,0,30642.783052060095,760532.38166958012,0
2026-04-27,-27,0.310464453018371,0.32420988866275241,0.31733717084056168,0,58576.89558235999,167449.1592773,0
2026-04-27,-26,0.32420988866275241,0.33856388673422316,0.33138688769848779,0,22760.08380368002,657322.14730602026,0
2026-04-27,-22,0.38555270635198519,0.40262258298731357,0.39408764466964941,0,7998.0358532403143,2338.3926258201163,0
2026-04-27,-21,0.40262258298731357,0.42044820762685725,0.41153539530708538,0,133382.51793527007,4.4799198499972714,0
2026-04-27,-16,0.5,0.52213689121370688,0.51106844560685349,0,6579.9546630000486,741.55482006,0
2026-04-28,-46,0.13631346658315721,0.14234857934458645,0.13933102296387184,57120.373843350004,0,164538.32578983999,0
2026-04-28,-45,0.14234857934458645,0.14865088937534013,0.14549973435996327,84316.085129860003,0,264657.96713021997,0
2026-04-28,-44,0.14865088937534013,0.1552322265091855,0.15194155794226283,196093.4628010896,0,426607.39822054451,0
2026-04-28,-43,0.1552322265091855,0.16210494433137621,0.15866858542028084,116826.11562531017,397015.19051937002,306021.78062571003,0
2026-04-28,-42,0.16210494433137621,0.16928194336711158,0.16569344384924389,136968.0849838405,17148.333101440348,492816.61403345998,0
2026-04-28,-41,0.16928194336711158,0.17677669529663689,0.17302931933187424,349915.92084831017,4155.980405780002,256015.23279846,0
2026-04-28,-40,0.17677669529663689,0.18460326824243742,0.18068998176953716,224384.82547482004,34565.148488290091,611104.50492416963,0
2026-04-28,-39,0.18460326824243742,0.19277635317599259,0.18868981070921501,267985.7164603204,4027905.8118534302,485381.47734144045,0
2026-04-28,-38,0.19277635317599259,0.20131129149365679,0.1970438223348247,270186.03890966019,2065965.5646146301,619003.57968734985,0
2026-04-28,-37,0.20131129149365679,0.21022410381342863,0.20576769765354269,41483.503276960007,122013.18102221002,293015.94814618013,0
2026-04-28,-36,0.21022410381342863,0.21953152004666243,0.21487781193004551,10367.297043780038,42916.250608250062,129003.06725250016,0
2026-04-28,-35,0.21953152004666243,0.2292510108011678,0.22439126542391513,38897.531555720008,77305.552656900079,231430.31403343921,0
2026-04-28,-34,0.2292510108011678,0.23940082017464343,0.2343259154879056,1216.1787470099987,37004.802485850007,147597.95917696977,0
2026-04-28,-33,0.23940082017464343,0.25,0.24470041008732171,49899.25857901002,170443.60664123026,16692.759184239876,0
2026-04-28,-32,0.25,0.26106844560685344,0.25553422280342675,2926.3420653300345,82913.612786490106,93366.41881916995,0
2026-04-28,-31,0.26106844560685344,0.27262693316631442,0.26684768938658393,0,596645.48077758006,588817.85386384011,0
2026-04-28,-30,0.27262693316631442,0.28469715868917289,0.27866204592774368,0,69551.504795690038,438013.30622927321,0
2026-04-28,-29,0.28469715868917289,0.29730177875068026,0.29099946871992655,0,14188.567459159996,33.05316589011656,0
2026-04-28,-28,0.29730177875068026,0.310464453018371,0.30388311588452566,0,30614.269972810096,760532.38166958012,0
2026-04-28,-27,0.310464453018371,0.32420988866275241,0.31733717084056168,0,58576.89558235999,167449.1592773,0
2026-04-28,-26,0.32420988866275241,0.33856388673422316,0.33138688769848779,0,22625.413667020021,657322.14730602026,0
2026-04-28,-22,0.38555270635198519,0.40262258298731357,0.39408764466964941,0,7998.0358532403143,2338.3926258201163,0
2026-04-28,-21,0.40262258298731357,0.42044820762685725,0.41153539530708538,0,133382.51793527007,4.4799198499972714,0
2026-04-28,-16,0.5,0.52213689121370688,0.51106844560685349,0,6579.9546630000486,741.55482006,0
2026-04-29,-46,0.13631346658315721,0.14234857934458645,0.13933102296387184,57120.373843350004,0,164538.32578983999,0
2026-04-29,-45,0.14234857934458645,0.14865088937534013,0.14549973435996327,83195.151416599998,0,264657.96713021997,0
2026-04-29,-44,0.14865088937534013,0.1552322265091855,0.15194155794226283,191343.72554102959,0,420526.88083959947,0
2026-04-29,-43,0.1552322265091855,0.16210494433137621,0.15866858542028084,115946.91319046017,397015.19051937002,301983.34471430507,0
2026-04-29,-42,0.16210494433137621,0.16928194336711158,0.16569344384924389,130794.98978969049,17148.333101440348,492786.09233478998,0
2026-04-29,-41,0.16928194336711158,0.17677669529663689,0.17302931933187424,487382.06789820065,4155.980405780002,359654.80383050005,0
2026-04-29,-40,0.17677669529663689,0.18460326824243742,0.18068998176953716,221647.21540937005,34220.757427720091,611104.50492416963,0
2026-04-29,-39,0.18460326824243742,0.19277635317599259,0.18868981070921501,139551.21330060004,4022250.2029140005,479230.8725421704,0
2026-04-29,-38,0.19277635317599259,0.20131129149365679,0.1970438223348247,270186.0389094901,2065948.3868274102,619003.57968734985,0
2026-04-29,-37,0.20131129149365679,0.21022410381342863,0.20576769765354269,41294.526527320006,121937.49648722002,293015.94814618013,0
2026-04-29,-36,0.21022410381342863,0.21953152004666243,0.21487781193004551,10367.297043780038,42718.612930460062,129003.06725250016,0
2026-04-29,-35,0.21953152004666243,0.2292510108011678,0.22439126542391513,38885.999910130005,77295.519760310082,229740.97403343918,0
2026-04-29,-34,0.2292510108011678,0.23940082017464343,0.2343259154879056,1216.1787470099987,37004.802485850007,147597.95917696977,0
2026-04-29,-33,0.23940082017464343,0.25,0.24470041008732171,49899.25857901002,170443.60664123026,16692.759184239876,0
2026-04-29,-32,0.25,0.26106844560685344,0.25553422280342675,0,85755.284851820135,93366.41881916995,0
2026-04-29,-31,0.26106844560685344,0.27262693316631442,0.26684768938658393,0,578528.82356414001,588817.85386384011,0
2026-04-29,-30,0.27262693316631442,0.28469715868917289,0.27866204592774368,0,69551.504795690038,337041.8530103832,0
2026-04-29,-29,0.28469715868917289,0.29730177875068026,0.29099946871992655,0,14188.567459159996,33.05316589011656,0
2026-04-29,-28,0.29730177875068026,0.310464453018371,0.30388311588452566,0,30614.269972810096,760532.38166958012,0
2026-04-29,-27,0.310464453018371,0.32420988866275241,0.31733717084056168,0,58576.89558235999,167449.1592773,0
2026-04-29,-26,0.32420988866275241,0.33856388673422316,0.33138688769848779,0,22625.413667020021,657322.14730602026,0
2026-04-29,-22,0.38555270635198519,0.40262258298731357,0.39408764466964941,0,7998.0358532403143,2338.3926258201163,0
2026-04-29,-21,0.40262258298731357,0.42044820762685725,0.41153539530708538,0,133382.51793527007,4.4799198499972714,0
2026-04-29,-16,0.5,0.52213689121370688,0.51106844560685349,0,6579.9546630000486,741.55482006,0
2026-04-30,-46,0.13631346658315721,0.14234857934458645,0.13933102296387184,57120.373843350004,0,164513.29514970002,0
2026-04-30,-45,0.14234857934458645,0.14865088937534013,0.14549973435996327,83195.151416599998,0,264621.45361855999,0
2026-04-30,-44,0.14865088937534013,0.1552322265091855,0.15194155794226283,189304.20137054959,0,420505.83281138999,0
2026-04-30,-43,0.1552322265091855,0.16210494433137621,0.15866858542028084,113251.59514062016,397012.19051937002,301425.68517205998,0
2026-04-30,-42,0.16210494433137621,0.16928194336711158,0.16569344384924389,119206.5125767905,17148.333101440348,492671.82177174941,0
2026-04-30,-41,0.16928194336711158,0.17677669529663689,0.17302931933187424,371243.09519909002,4155.980405780002,353317.52669442003,0
2026-04-30,-40,0.17677669529663689,0.18460326824243742,0.18068998176953716,311179.77505419072,34220.757427720091,748691.05414325476,0
2026-04-30,-39,0.18460326824243742,0.19277635317599259,0.18868981070921501,108263.14476539001,4022250.2029140005,464138.38306812028,0
2026-04-30,-38,0.19277635317599259,0.20131129149365679,0.1970438223348247,270166.55418788007,2065948.3868274102,619003.57968734985,0
2026-04-30,-37,0.20131129149365679,0.21022410381342863,0.20576769765354269,41294.526527320006,121480.49648722002,293015.94814618013,0
2026-04-30,-36,0.21022410381342863,0.21953152004666243,0.21487781193004551,10367.297043780038,42718.612930460062,129003.06725250016,0
2026-04-30,-35,0.21953152004666243,0.2292510108011678,0.22439126542391513,38140.599910130011,77295.519760310082,229740.97403343918,0
2026-04-30,-34,0.2292510108011678,0.23940082017464343,0.2343259154879056,1216.1787470099987,36659.616090990006,147597.95917696977,0
2026-04-30,-33,0.23940082017464343,0.25,0.24470041008732171,0,220342.86522024026,16692.759184239876,0
2026-04-30,-32,0.25,0.26106844560685344,0.25553422280342675,0,85755.284851820135,93366.41881916995,0
2026-04-30,-31,0.26106844560685344,0.27262693316631442,0.26684768938658393,0,577862.11356414005,588817.85386384011,0
2026-04-30,-30,0.27262693316631442,0.28469715868917289,0.27866204592774368,0,69548.03533569003,313873.52087703318,0
2026-04-30,-29,0.28469715868917289,0.29730177875068026,0.29099946871992655,0,14188.567459159996,33.05316589011656,0
2026-04-30,-28,0.29730177875068026,0.310464453018371,0.30388311588452566,0,30614.269972810096,760532.38166958012,0
2026-04-30,-27,0.310464453018371,0.32420988866275241,0.31733717084056168,0,58576.89558235999,161826.1592773,0
2026-04-30,-26,0.32420988866275241,0.33856388673422316,0.33138688769848779,0,22625.413667020021,657322.14730602026,0
2026-04-30,-22,0.38555270635198519,0.40262258298731357,0.39408764466964941,0,7998.0358532403143,2338.3926258201163,0
2026-04-30,-21,0.40262258298731357,0.42044820762685725,0.41153539530708538,0,133382.51793527007,4.4799198499972714,0
2026-04-30,-16,0.5,0.52213689121370688,0.51106844560685349,0,6578.9546132800488,741.55482006,0
2026-05-01,-46,0.13631346658315721,0.14234857934458645,0.13933102296387184,57120.373843350004,0,164513.29514970002,0
2026-05-01,-45,0.14234857934458645,0.14865088937534013,0.14549973435996327,83148.469342190001,0,264621.45361855999,0
2026-05-01,-44,0.14865088937534013,0.1552322265091855,0.15194155794226283,185583.18003899959,0,420505.83281138999,0
2026-05-01,-43,0.1552322265091855,0.16210494433137621,0.15866858542028084,111714.41194723015,397012.19051937002,300090.80075473001,0
2026-05-01,-42,0.16210494433137621,0.16928194336711158,0.16569344384924389,115001.30602634049,17148.333101440348,490048.73875276942,0
2026-05-01,-41,0.16928194336711158,0.17677669529663689,0.17302931933187424,556997.2070081007,4155.980405780002,414621.94278998015,0
2026-05-01,-40,0.17677669529663689,0.18460326824243742,0.18068998176953716,182406.99014126009,34220.757427720091,731903.00456167466,0
2026-05-01,-39,0.18460326824243742,0.19277635317599259,0.18868981070921501,73764.806889390005,4022250.2029140005,458992.61633957032,0
2026-05-01,-38,0.19277635317599259,0.20131129149365679,0.1970438223348247,270165.55418788007,2065916.71682741,585987.30748734984,0
2026-05-01,-37,0.20131129149365679,0.21022410381342863,0.20576769765354269,41060.147041280012,121480.49648722002,293015.94814618013,0
2026-05-01,-36,0.21022410381342863,0.21953152004666243,0.21487781193004551,10367.297043780038,42718.612930460062,129003.06725250016,0
2026-05-01,-35,0.21953152004666243,0.2292510108011678,0.22439126542391513,15192.998701960005,100243.12096848009,227855.77225828031,0
2026-05-01,-34,0.2292510108011678,0.23940082017464343,0.2343259154879056,1216.1787470099987,36659.616090990006,137555.68095212866,0
2026-05-01,-33,0.23940082017464343,0.25,0.24470041008732171,0,220342.86522024026,16692.759184239876,0
2026-05-01,-32,0.25,0.26106844560685344,0.25553422280342675,0,85755.284851820135,93366.41881916995,0
2026-05-01,-31,0.26106844560685344,0.27262693316631442,0.26684768938658393,0,577816.83547262009,588817.85386384011,0
2026-05-01,-30,0.27262693316631442,0.28469715868917289,0.27866204592774368,0,69548.03533569003,299250.01680679317,0
2026-05-01,-29,0.28469715868917289,0.29730177875068026,0.29099946871992655,0,14188.567459159996,33.05316589011656,0
2026-05-01,-28,0.29730177875068026,0.310464453018371,0.30388311588452566,0,30614.269972810096,760532.38166958012,0
2026-05-01,-27,0.310464453018371,0.32420988866275241,0.31733717084056168,0,58576.89558235999,161793.47707730002,0
2026-05-01,-26,0.32420988866275241,0.33856388673422316,0.33138688769848779,0,22625.413667020021,657322.14730602026,0
2026-05-01,-22,0.38555270635198519,0.40262258298731357,0.39408764466964941,0,7998.0358532403143,2338.3926258201163,0
2026-05-01,-21,0.40262258298731357,0.42044820762685725,0.41153539530708538,0,133382.51793527007,4.4799198499972714,0
2026-05-01,-16,0.5,0.52213689121370688,0.51106844560685349,0,6578.9546132800488,741.55482006,0
2026-05-02,-46,0.13631346658315721,0.14234857934458645,0.13933102296387184,57120.373843350004,0,164513.29514970002,0
2026-05-02,-45,0.14234857934458645,0.14865088937534013,0.14549973435996327,83128.205936390004,0,264621.45361855999,0
2026-05-02,-44,0.14865088937534013,0.1552322265091855,0.15194155794226283,183858.63358782959,0,420505.83281138999,0
2026-05-02,-43,0.1552322265091855,0.16210494433137621,0.15866858542028084,111682.59768197016,397012.19051937002,300090.80075473001,0
2026-05-02,-42,0.16210494433137621,0.16928194336711158,0.16569344384924389,114984.81945751049,17148.333101440348,487051.1662630745,0
2026-05-02,-41,0.16928194336711158,0.17677669529663689,0.17302931933187424,414233.81164604001,4155.980405780002,401489.11695030006,0
2026-05-02,-40,0.17677669529663689,0.18460326824243742,0.18068998176953716,174109.7542796401,28719.336574010093,690307.99617662956,0
2026-05-02,-39,0.18460326824243742,0.19277635317599259,0.18868981070921501,246983.37307366059,4022250.2029140005,652790.20662656042,0
2026-05-02,-38,0.19277635317599259,0.20131129149365679,0.1970438223348247,270165.55418788007,2065838.70604907,585987.30748734984,0
2026-05-02,-37,0.20131129149365679,0.21022410381342863,0.20576769765354269,41060.147041280012,121480.49648722002,293015.94814618013,0
2026-05-02,-36,0.21022410381342863,0.21953152004666243,0.21487781193004551,10200.788962390037,42718.612930460062,129003.06725250016,0
2026-05-02,-35,0.21953152004666243,0.2292510108011678,0.22439126542391513,7732.7625627100051,107615.67767881008,227855.77225828031,0
2026-05-02,-34,0.2292510108011678,0.23940082017464343,0.2343259154879056,1216.1787470099987,36659.616090990006,134831.89311812868,0
2026-05-02,-33,0.23940082017464343,0.25,0.24470041008732171,0,220342.86522024026,16692.759184239876,0
2026-05-02,-32,0.25,0.26106844560685344,0.25553422280342675,0,84910.209866970137,93366.41881916995,0
2026-05-02,-31,0.26106844560685344,0.27262693316631442,0.26684768938658393,0,571644.41547262005,588817.85386384011,0
2026-05-02,-30,0.27262693316631442,0.28469715868917289,0.27866204592774368,0,69548.03533569003,214810.2724995332,0
2026-05-02,-29,0.28469715868917289,0.29730177875068026,0.29099946871992655,0,14188.567459159996,33.05316589011656,0
2026-05-02,-28,0.29730177875068026,0.310464453018371,0.30388311588452566,0,30614.269972810096,760532.38166958012,0
2026-05-02,-27,0.310464453018371,0.32420988866275241,0.31733717084056168,0,58576.89558235999,161793.47707730002,0
2026-05-02,-26,0.32420988866275241,0.33856388673422316,0.33138688769848779,0,22625.413667020021,657322.14730602026,0
2026-05-02,-22,0.38555270635198519,0.40262258298731357,0.39408764466964941,0,7998.0358532403143,2338.3926258201163,0
2026-05-02,-21,0.40262258298731357,0.42044820762685725,0.41153539530708538,0,133382.51793527007,4.4799198499972714,0
2026-05-02,-16,0.5,0.52213689121370688,0.51106844560685349,0,6578.9546132800488,741.55482006,0
2026-05-03,-46,0.13631346658315721,0.14234857934458645,0.13933102296387184,57120.373843350004,0,164513.29514970002,0
2026-05-03,-45,0.14234857934458645,0.14865088937534013,0.14549973435996327,83128.205936390004,0,264621.45361855999,0
2026-05-03,-44,0.14865088937534013,0.1552322265091855,0.15194155794226283,183858.63358782959,0,420505.83281138999,0
2026-05-03,-43,0.1552322265091855,0.16210494433137621,0.15866858542028084,111515.33977122015,397012.19051937002,300090.80075473001,0
2026-05-03,-42,0.16210494433137621,0.16928194336711158,0.16569344384924389,114984.81945751049,17148.333101440348,486472.61593607941,0
2026-05-03,-41,0.16928194336711158,0.17677669529663689,0.17302931933187424,406291.51845957001,4155.980405780002,385760.57316352508,0
2026-05-03,-40,0.17677669529663689,0.18460326824243742,0.18068998176953716,167885.90312126011,28719.336574010093,690285.60853227961,0
2026-05-03,-39,0.18460326824243742,0.19277635317599259,0.18868981070921501,278657.36247132055,4022250.2029140005,710610.74762614048,0
2026-05-03,-38,0.19277635317599259,0.20131129149365679,0.1970438223348247,270126.69560235011,2065838.70604907,585987.30748734984,0
2026-05-03,-37,0.20131129149365679,0.21022410381342863,0.20576769765354269,41029.124026020007,121480.49648722002,293015.94814618013,0
2026-05-03,-36,0.21022410381342863,0.21953152004666243,0.21487781193004551,2256.9452839199989,50662.456608930101,129003.06725250016,0
2026-05-03,-35,0.21953152004666243,0.2292510108011678,0.22439126542391513,7732.7625627100051,107615.67767881008,227855.77225828031,0
2026-05-03,-34,0.2292510108011678,0.23940082017464343,0.2343259154879056,1216.1787470099987,36659.616090990006,128394.27321812867,0
2026-05-03,-33,0.23940082017464343,0.25,0.24470041008732171,0,220342.86522024026,16692.759184239876,0
2026-05-03,-32,0.25,0.26106844560685344,0.25553422280342675,0,84098.476197090131,93366.41881916995,0
2026-05-03,-31,0.26106844560685344,0.27262693316631442,0.26684768938658393,0,561571.91914250003,588817.85386384011,0
2026-05-03,-30,0.27262693316631442,0.28469715868917289,0.27866204592774368,0,69548.03533569003,139235.41238742319,0
2026-05-03,-29,0.28469715868917289,0.29730177875068026,0.29099946871992655,0,14188.567459159996,33.05316589011656,0
2026-05-03,-28,0.29730177875068026,0.310464453018371,0.30388311588452566,0,30575.814789820095,760532.38166958012,0
2026-05-03,-27,0.310464453018371,0.32420988866275241,0.31733717084056168,0,58494.306456649989,161793.47707730002,0
2026-05-03,-26,0.32420988866275241,0.33856388673422316,0.33138688769848779,0,22607.82834125002,657322.14730602026,0
2026-05-03,-22,0.38555270635198519,0.40262258298731357,0.39408764466964941,0,7998.0358532403143,2338.3926258201163,0
2026-05-03,-21,0.40262258298731357,0.42044820762685725,0.41153539530708538,0,133382.51793527007,4.4799198499972714,0
2026-05-03,-16,0.5,0.52213689121370688,0.51106844560685349,0,6578.9546132800488,741.55482006,0
2026-05-04,-46,0.13631346658315721,0.14234857934458645,0.13933102296387184,52054.589800630005,0,164513.29514970002,0
2026-05-04,-45,0.14234857934458645,0.14865088937534013,0.14549973435996327,79860.411368419998,0,264621.45361855999,0
2026-05-04,-44,0.14865088937534013,0.1552322265091855,0.15194155794226283,183132.21755991958,0,420505.12026763946,0
2026-05-04,-43,0.1552322265091855,0.16210494433137621,0.15866858542028084,110782.95582511016,397012.19051937002,300057.60010745999,0
2026-05-04,-42,0.16210494433137621,0.16928194336711158,0.16569344384924389,113875.7163816205,17148.333101440348,486453.26140432002,0
2026-05-04,-41,0.16928194336711158,0.17677669529663689,0.17302931933187424,396758.16241062019,4155.980405780002,372590.83152379998,0
2026-05-04,-40,0.17677669529663689,0.18460326824243742,0.18068998176953716,160758.20105320009,26225.735874910093,679443.45073620963,0
2026-05-04,-39,0.18460326824243742,0.19277635317599259,0.18868981070921501,158994.48536723002,4022250.2029140005,646121.05272366025,0
2026-05-04,-38,0.19277635317599259,0.20131129149365679,0.1970438223348247,396436.45400217047,2065838.70604907,989750.93791383505,0
2026-05-04,-37,0.20131129149365679,0.21022410381342863,0.20576769765354269,21152.035934790008,141357.58457845001,293015.94814618013,0
2026-05-04,-36,0.21022410381342863,0.21953152004666243,0.21487781193004551,2256.9452839199989,50662.456608930101,129003.06725250016,0
2026-05-04,-35,0.21953152004666243,0.2292510108011678,0.22439126542391513,7731.0609695300054,105233.25203170009,212671.38097548918,0
2026-05-04,-34,0.2292510108011678,0.23940082017464343,0.2343259154879056,1216.1787470099987,35881.378264690007,104149.18868206977,0
2026-05-04,-33,0.23940082017464343,0.25,0.24470041008732171,0,220326.09522024027,16692.759184239876,0
2026-05-04,-32,0.25,0.26106844560685344,0.25553422280342675,0,80727.655909390131,93366.41881916995,0
2026-05-04,-31,0.26106844560685344,0.27262693316631442,0.26684768938658393,0,561407.47559606005,443209.88999442331,0
2026-05-04,-30,0.27262693316631442,0.28469715868917289,0.27866204592774368,0,68130.495272700035,20110.106080509973,0
2026-05-04,-29,0.28469715868917289,0.29730177875068026,0.29099946871992655,0,14188.567459159996,33.05316589011656,0
2026-05-04,-28,0.29730177875068026,0.310464453018371,0.30388311588452566,0,30575.814789820095,760532.38166958012,0
2026-05-04,-27,0.310464453018371,0.32420988866275241,0.31733717084056168,0,58494.306456649989,161793.47707730002,0
2026-05-04,-26,0.32420988866275241,0.33856388673422316,0.33138688769848779,0,22607.82834125002,657322.14730602026,0
2026-05-04,-22,0.38555270635198519,0.40262258298731357,0.39408764466964941,0,7998.0358532403143,2338.3926258201163,0
2026-05-04,-21,0.40262258298731357,0.42044820762685725,0.41153539530708538,0,133377.51793527007,4.4799198499972714,0
2026-05-04,-16,0.5,0.52213689121370688,0.51106844560685349,0,6578.9546132800488,741.55482006,0
2026-05-05,-46,0.13631346658315721,0.14234857934458645,0.13933102296387184,52054.589800630005,0,164513.29514970002,0
2026-05-05,-45,0.14234857934458645,0.14865088937534013,0.14549973435996327,79860.411368419998,0,264621.45361855999,0
2026-05-05,-44,0.14865088937534013,0.1552322265091855,0.15194155794226283,183132.21755991958,0,420473.91452518944,0
2026-05-05,-43,0.1552322265091855,0.16210494433137621,0.15866858542028084,110782.95582511016,397012.19051937002,300057.60010745999,0
2026-05-05,-42,0.16210494433137621,0.16928194336711158,0.16569344384924389,113838.97547554049,17148.333101440348,486453.26140432002,0
2026-05-05,-41,0.16928194336711158,0.17677669529663689,0.17302931933187424,395640.16241062019,4155.980405780002,372590.83152379998,0
2026-05-05,-40,0.17677669529663689,0.18460326824243742,0.18068998176953716,160758.20105320009,26225.735874910093,679443.45073620963,0
2026-05-05,-39,0.18460326824243742,0.19277635317599259,0.18868981070921501,246266.9064902704,4022250.2029140005,783018.79487687047,0
2026-05-05,-38,0.19277635317599259,0.20131129149365679,0.1970438223348247,324730.62159523013,2065817.0487208501,940914.85754286498,0
2026-05-05,-37,0.20131129149365679,0.21022410381342863,0.20576769765354269,18709.382225660007,143800.23828758002,293015.94814618013,0
2026-05-05,-36,0.21022410381342863,0.21953152004666243,0.21487781193004551,2256.9452839199989,50662.456608930101,129003.06725250016,0
2026-05-05,-35,0.21953152004666243,0.2292510108011678,0.22439126542391513,7731.0609695300054,105233.25203170009,206593.19097548921,0
2026-05-05,-34,0.2292510108011678,0.23940082017464343,0.2343259154879056,1216.1787470099987,35881.378264690007,104149.18868206977,0
2026-05-05,-33,0.23940082017464343,0.25,0.24470041008732171,0,220326.09522024027,16692.759184239876,0
2026-05-05,-32,0.25,0.26106844560685344,0.25553422280342675,0,80727.655909390131,93366.41881916995,0
2026-05-05,-31,0.26106844560685344,0.27262693316631442,0.26684768938658393,0,561165.29238551005,381523.08397125331,0
2026-05-05,-30,0.27262693316631442,0.28469715868917289,0.27866204592774368,0,68130.495272700035,20110.106080509973,0
2026-05-05,-29,0.28469715868917289,0.29730177875068026,0.29099946871992655,0,14188.567459159996,33.05316589011656,0
2026-05-05,-28,0.29730177875068026,0.310464453018371,0.30388311588452566,0,30575.814789820095,760532.38166958012,0
2026-05-05,-27,0.310464453018371,0.32420988866275241,0.31733717084056168,0,58494.306456649989,161793.47707730002,0
2026-05-05,-26,0.32420988866275241,0.33856388673422316,0.33138688769848779,0,22607.828339870019,657322.14730602026,0
2026-05-05,-22,0.38555270635198519,0.40262258298731357,0.39408764466964941,0,7998.0358532403143,2338.3926258201163,0
2026-05-05,-21,0.40262258298731357,0.42044820762685725,0.41153539530708538,0,133377.51793527007,4.4799198499972714,0
2026-05-05,-16,0.5,0.52213689121370688,0.51106844560685349,0,6578.9546132800488,741.55482006,0
2026-05-06,-46,0.13631346658315721,0.14234857934458645,0.13933102296387184,52054.589800630005,0,164513.29514970002,0
2026-05-06,-45,0.14234857934458645,0.14865088937534013,0.14549973435996327,79860.411368419998,0,264621.45361855999,0
2026-05-06,-44,0.14865088937534013,0.1552322265091855,0.15194155794226283,176771.99143615959,0,420459.99563992943,0
2026-05-06,-43,0.1552322265091855,0.16210494433137621,0.15866858542028084,72740.02883209016,434639.11751239002,300057.60010745999,0
2026-05-06,-42,0.16210494433137621,0.16928194336711158,0.16569344384924389,113838.97547554049,17148.333101440348,486453.26140432002,0
2026-05-06,-41,0.16928194336711158,0.17677669529663689,0.17302931933187424,394481.35446549021,3802.345712700002,372590.83152379998,0
2026-05-06,-40,0.17677669529663689,0.18460326824243742,0.18068998176953716,159822.45676129009,26225.735874910093,679443.45073620963,0
2026-05-06,-39,0.18460326824243742,0.19277635317599259,0.18868981070921501,302508.16775168042,4022250.2029140005,854052.4496487705,0
2026-05-06,-38,0.19277635317599259,0.20131129149365679,0.1970438223348247,308400.50528307009,2065547.46620385,888374.45181499491,0
2026-05-06,-37,0.20131129149365679,0.21022410381342863,0.20576769765354269,18709.382225660007,143800.23828758002,293015.94814618013,0
2026-05-06,-36,0.21022410381342863,0.21953152004666243,0.21487781193004551,2256.9452839199989,50662.456608930101,129003.06725250016,0
2026-05-06,-35,0.21953152004666243,0.2292510108011678,0.22439126542391513,7723.4865014000052,105233.25203169008,202176.73097548919,0
2026-05-06,-34,0.2292510108011678,0.23940082017464343,0.2343259154879056,1216.1787470099987,35881.378264690007,104149.18868206977,0
2026-05-06,-33,0.23940082017464343,0.25,0.24470041008732171,0,220283.30289811027,16692.759184239876,0
2026-05-06,-32,0.25,0.26106844560685344,0.25553422280342675,0,80727.655909390131,93366.41881916995,0
2026-05-06,-31,0.26106844560685344,0.27262693316631442,0.26684768938658393,0,561106.29238551005,334058.96537947329,0
2026-05-06,-30,0.27262693316631442,0.28469715868917289,0.27866204592774368,0,68130.495272700035,20110.106080509973,0
2026-05-06,-29,0.28469715868917289,0.29730177875068026,0.29099946871992655,0,14188.567459159996,33.05316589011656,0
2026-05-06,-28,0.29730177875068026,0.310464453018371,0.30388311588452566,0,30575.814789820095,760532.38166958012,0
2026-05-06,-27,0.310464453018371,0.32420988866275241,0.31733717084056168,0,58494.306456649989,161793.47707730002,0
2026-05-06,-26,0.32420988866275241,0.33856388673422316,0.33138688769848779,0,22607.828339870019,657322.14730602026,0
2026-05-06,-22,0.38555270635198519,0.40262258298731357,0.39408764466964941,0,7998.0358532403143,2338.3926258201163,0
2026-05-06,-21,0.40262258298731357,0.42044820762685725,0.41153539530708538,0,133326.42306427006,4.4799198499972714,0
2026-05-06,-16,0.5,0.52213689121370688,0.51106844560685349,0,6578.9546132800488,741.55482006,0
2026-05-07,-46,0.13631346658315721,0.14234857934458645,0.13933102296387184,52054.589800630005,0,164513.29514970002,0
2026-05-07,-45,0.14234857934458645,0.14865088937534013,0.14549973435996327,79860.411368419998,0,264621.45361855999,0
2026-05-07,-44,0.14865088937534013,0.1552322265091855,0.15194155794226283,176771.99143615959,0,417895.91946412,0
2026-05-07,-43,0.1552322265091855,0.16210494433137621,0.15866858542028084,72740.02883209016,434639.11751239002,299508.81770985003,0
2026-05-07,-42,0.16210494433137621,0.16928194336711158,0.16569344384924389,113601.54144423049,17148.333101440348,486422.34023685002,0
2026-05-07,-41,0.16928194336711158,0.17677669529663689,0.17302931933187424,361637.84887270024,36599.341471339998,372372.91423995944,0
2026-05-07,-40,0.17677669529663689,0.18460326824243742,0.18068998176953716,155827.06866974008,26225.735874910093,679245.79564780963,0
2026-05-07,-39,0.18460326824243742,0.19277635317599259,0.18868981070921501,315841.44397348037,4022250.2029140005,956677.3497814904,0
2026-05-07,-38,0.19277635317599259,0.20131129149365679,0.1970438223348247,306469.2995149701,2065271.2862038501,871767.77591093385,0
2026-05-07,-37,0.20131129149365679,0.21022410381342863,0.20576769765354269,18709.382225660007,143800.23828758002,291969.13648379012,0
2026-05-07,-36,0.21022410381342863,0.21953152004666243,0.21487781193004551,2256.9452839199989,50662.456608930101,128450.82200161017,0
2026-05-07,-35,0.21953152004666243,0.2292510108011678,0.22439126542391513,7723.4865014000052,105233.25203169008,195261.13061516031,0
2026-05-07,-34,0.2292510108011678,0.23940082017464343,0.2343259154879056,1216.1787470099987,35881.378264690007,104149.18868206977,0
2026-05-07,-33,0.23940082017464343,0.25,0.24470041008732171,0,220271.10289811026,16692.759184239876,0
2026-05-07,-32,0.25,0.26106844560685344,0.25553422280342675,0,80727.655909390131,93366.41881916995,0
2026-05-07,-31,0.26106844560685344,0.27262693316631442,0.26684768938658393,0,561106.29238551005,251928.9355877233,0
2026-05-07,-30,0.27262693316631442,0.28469715868917289,0.27866204592774368,0,68130.495272700035,20110.106080509973,0
2026-05-07,-29,0.28469715868917289,0.29730177875068026,0.29099946871992655,0,14188.567459159996,33.05316589011656,0
2026-05-07,-28,0.29730177875068026,0.310464453018371,0.30388311588452566,0,30575.814789820095,760532.38166958012,0
2026-05-07,-27,0.310464453018371,0.32420988866275241,0.31733717084056168,0,58486.463456649988,161793.47707730002,0
2026-05-07,-26,0.32420988866275241,0.33856388673422316,0.33138688769848779,0,22607.828339870019,657322.14730602026,0
2026-05-07,-22,0.38555270635198519,0.40262258298731357,0.39408764466964941,0,7998.0358532403143,2338.3926258201163,0
2026-05-07,-21,0.40262258298731357,0.42044820762685725,0.41153539530708538,0,133326.42306427006,4.4799198499972714,0
2026-05-07,-16,0.5,0.52213689121370688,0.51106844560685349,0,6578.9546132800488,741.55482006,0
2026-05-08,-46,0.13631346658315721,0.14234857934458645,0.13933102296387184,52014.589800630005,0,164513.29514970002,0
2026-05-08,-45,0.14234857934458645,0.14865088937534013,0.14549973435996327,79860.411368419998,0,264621.45361855999,0
2026-05-08,-44,0.14865088937534013,0.1552322265091855,0.15194155794226283,176771.99143615959,0,417879.63370796945,0
2026-05-08,-43,0.1552322265091855,0.16210494433137621,0.15866858542028084,72240.02883209016,434636.91751239001,299508.81770985003,0
2026-05-08,-42,0.16210494433137621,0.16928194336711158,0.16569344384924389,111038.47079691049,19702.520835220348,486397.31410297001,0
2026-05-08,-41,0.16928194336711158,0.17677669529663689,0.17302931933187424,361190.6277406002,36599.341471339998,372365.82838579,0
2026-05-08,-40,0.17677669529663689,0.18460326824243742,0.18068998176953716,155074.28980126008,26225.735874910093,679245.79564780963,0
2026-05-08,-39,0.18460326824243742,0.19277635317599259,0.18868981070921501,245402.64101636011,4022250.2029140005,882069.47271469538,0
2026-05-08,-38,0.19277635317599259,0.20131129149365679,0.1970438223348247,405566.87596050039,2065271.2862038501,1057245.7949981489,0
2026-05-08,-37,0.20131129149365679,0.21022410381342863,0.20576769765354269,18709.382225660007,143800.23828758002,291969.13648379012,0
2026-05-08,-36,0.21022410381342863,0.21953152004666243,0.21487781193004551,2256.9452839199989,50662.456608930101,128450.82200161017,0
2026-05-08,-35,0.21953152004666243,0.2292510108011678,0.22439126542391513,7723.4845764000056,105233.25203169008,195261.13061516031,0
2026-05-08,-34,0.2292510108011678,0.23940082017464343,0.2343259154879056,1216.1787470099987,35881.378264690007,104149.18868206977,0
2026-05-08,-33,0.23940082017464343,0.25,0.24470041008732171,0,220258.08289811027,16692.759184239876,0
2026-05-08,-32,0.25,0.26106844560685344,0.25553422280342675,0,80722.155909390131,93366.41881916995,0
2026-05-08,-31,0.26106844560685344,0.27262693316631442,0.26684768938658393,0,560691.45082799008,146354.34724913331,0
2026-05-08,-30,0.27262693316631442,0.28469715868917289,0.27866204592774368,0,68130.495272700035,20110.106080509973,0
2026-05-08,-29,0.28469715868917289,0.29730177875068026,0.29099946871992655,0,14188.567459159996,33.05316589011656,0
2026-05-08,-28,0.29730177875068026,0.310464453018371,0.30388311588452566,0,30426.836632170096,760532.38166958012,0
2026-05-08,-27,0.310464453018371,0.32420988866275241,0.31733717084056168,0,58486.463456649988,161793.47707730002,0
2026-05-08,-26,0.32420988866275241,0.33856388673422316,0.33138688769848779,0,22037.27314815002,657322.14730602026,0
2026-05-08,-22,0.38555270635198519,0.40262258298731357,0.39408764466964941,0,7998.0358532403143,2338.3926258201163,0
2026-05-08,-21,0.40262258298731357,0.42044820762685725,0.41153539530708538,0,133326.42306427006,4.4799198499972714,0
2026-05-08,-16,0.5,0.52213689121370688,0.51106844560685349,0,6578.9546132800488,741.55482006,0
2026-05-09,-46,0.13631346658315721,0.14234857934458645,0.13933102296387184,52014.589800630005,0,164513.29514970002,0
2026-05-09,-45,0.14234857934458645,0.14865088937534013,0.14549973435996327,79860.411368419998,0,264621.45361855999,0
2026-05-09,-44,0.14865088937534013,0.1552322265091855,0.15194155794226283,170713.11378414958,0,417854.83619343943,0
2026-05-09,-43,0.1552322265091855,0.16210494433137621,0.15866858542028084,71688.803541200163,434636.91751239001,299508.81770985003,0
2026-05-09,-42,0.16210494433137621,0.16928194336711158,0.16569344384924389,110230.16831437049,19702.520835220348,486397.31410297001,0
2026-05-09,-41,0.16928194336711158,0.17677669529663689,0.17302931933187424,115909.40713797022,281280.56207396998,339349.55618578999,0
2026-05-09,-40,0.17677669529663689,0.18460326824243742,0.18068998176953716,155049.5476774401,26225.735874910093,679245.79564780963,0
2026-05-09,-39,0.18460326824243742,0.19277635317599259,0.18868981070921501,222038.76357400007,4022250.2029140005,856106.59289824532,0
2026-05-09,-38,0.19277635317599259,0.20131129149365679,0.1970438223348247,448074.63042534044,2065271.2862038501,1171068.353561959,0
2026-05-09,-37,0.20131129149365679,0.21022410381342863,0.20576769765354269,18709.382225660007,143800.23828758002,291969.13648379012,0
2026-05-09,-36,0.21022410381342863,0.21953152004666243,0.21487781193004551,2256.9452839199989,50662.456608930101,128450.82200161017,0
2026-05-09,-35,0.21953152004666243,0.2292510108011678,0.22439126542391513,7723.4845764000056,105233.25203169008,195261.13061516031,0
2026-05-09,-34,0.2292510108011678,0.23940082017464343,0.2343259154879056,1216.1787470099987,35881.378264690007,104149.18868206977,0
2026-05-09,-33,0.23940082017464343,0.25,0.24470041008732171,0,220258.08289811027,16692.759184239876,0
2026-05-09,-32,0.25,0.26106844560685344,0.25553422280342675,0,80722.155909390131,93366.41881916995,0
2026-05-09,-31,0.26106844560685344,0.27262693316631442,0.26684768938658393,0,560574.82252852002,84165.407391723304,0
2026-05-09,-30,0.27262693316631442,0.28469715868917289,0.27866204592774368,0,68130.495272700035,20110.106080509973,0
2026-05-09,-29,0.28469715868917289,0.29730177875068026,0.29099946871992655,0,14181.370209159997,33.05316589011656,0
2026-05-09,-28,0.29730177875068026,0.310464453018371,0.30388311588452566,0,30426.836632170096,760532.38166958012,0
2026-05-09,-27,0.310464453018371,0.32420988866275241,0.31733717084056168,0,58486.463456649988,157914.06814771,0
2026-05-09,-26,0.32420988866275241,0.33856388673422316,0.33138688769848779,0,22037.27314815002,657322.14730602026,0
2026-05-09,-22,0.38555270635198519,0.40262258298731357,0.39408764466964941,0,7998.0358532403143,2338.3926258201163,0
2026-05-09,-21,0.40262258298731357,0.42044820762685725,0.41153539530708538,0,133326.42306427006,4.4799198499972714,0
2026-05-09,-16,0.5,0.52213689121370688,0.51106844560685349,0,6578.9546132800488,741.55482006,0
2026-05-10,-46,0.13631346658315721,0.14234857934458645,0.13933102296387184,52014.589800630005,0,164513.29514970002,0
2026-05-10,-45,0.14234857934458645,0.14865088937534013,0.14549973435996327,79860.411368419998,0,264621.45361855999,0
2026-05-10,-44,0.14865088937534013,0.1552322265091855,0.15194155794226283,170055.46870883001,0,417787.80413046945,0
2026-05-10,-43,0.1552322265091855,0.16210494433137621,0.15866858542028084,67144.079213289748,434599.26751238998,299508.81770985003,0
2026-05-10,-42,0.16210494433137621,0.16928194336711158,0.16569344384924389,109326.84495745049,19702.520835220348,486397.31410297001,0
2026-05-10,-41,0.16928194336711158,0.17677669529663689,0.17302931933187424,104245.88217262021,286049.84155965998,339349.55618578999,0
2026-05-10,-40,0.17677669529663689,0.18460326824243742,0.18068998176953716,150464.68150862009,26224.713604320095,679245.79564780963,0
2026-05-10,-39,0.18460326824243742,0.19277635317599259,0.18868981070921501,123345.96490870007,4022250.2029140005,851335.7266830703,0
2026-05-10,-38,0.19277635317599259,0.20131129149365679,0.1970438223348247,417839.13424655999,2065257.99195445,1096747.4247068539,0
2026-05-10,-37,0.20131129149365679,0.21022410381342863,0.20576769765354269,148635.64866078043,143790.23828758002,451481.34638669027,0
2026-05-10,-36,0.21022410381342863,0.21953152004666243,0.21487781193004551,2256.9452839199989,50662.456608930101,128450.82200161017,0
2026-05-10,-35,0.21953152004666243,0.2292510108011678,0.22439126542391513,7723.4845764000056,105233.25203169008,195243.32288962029,0
2026-05-10,-34,0.2292510108011678,0.23940082017464343,0.2343259154879056,1216.1787470099987,34568.765478130008,104149.18868206977,0
2026-05-10,-33,0.23940082017464343,0.25,0.24470041008732171,0,220258.08289811027,16692.759184239876,0
2026-05-10,-32,0.25,0.26106844560685344,0.25553422280342675,0,80722.155909390131,93366.41881916995,0
2026-05-10,-31,0.26106844560685344,0.27262693316631442,0.26684768938658393,0,560529.67252851999,47536.139424243294,0
2026-05-10,-30,0.27262693316631442,0.28469715868917289,0.27866204592774368,0,68130.495272700035,20110.106080509973,0
2026-05-10,-29,0.28469715868917289,0.29730177875068026,0.29099946871992655,0,14181.370209159997,33.05316589011656,0
2026-05-10,-28,0.29730177875068026,0.310464453018371,0.30388311588452566,0,30426.836632170096,760532.38166958012,0
2026-05-10,-27,0.310464453018371,0.32420988866275241,0.31733717084056168,0,58486.463456649988,157914.06814771,0
2026-05-10,-26,0.32420988866275241,0.33856388673422316,0.33138688769848779,0,22037.27314815002,657322.14730602026,0
2026-05-10,-22,0.38555270635198519,0.40262258298731357,0.39408764466964941,0,7998.0358532403143,2338.3926258201163,0
2026-05-10,-21,0.40262258298731357,0.42044820762685725,0.41153539530708538,0,133326.42306427006,4.4799198499972714,0
2026-05-10,-16,0.5,0.52213689121370688,0.51106844560685349,0,6578.9546132800488,741.55482006,0
2026-05-11,-46,0.13631346658315721,0.14234857934458645,0.13933102296387184,51012.83013663,0,164513.29514970002,0
2026-05-11,-45,0.14234857934458645,0.14865088937534013,0.14549973435996327,79845.301368419998,0,264621.45361855999,0
2026-05-11,-44,0.14865088937534013,0.1552322265091855,0.15194155794226283,156122.32148959002,0,417770.11042919999,0
2026-05-11,-43,0.1552322265091855,0.16210494433137621,0.15866858542028084,66896.54091481975,421962.16697074997,299475.69301777001,0
2026-05-11,-42,0.16210494433137621,0.16928194336711158,0.16569344384924389,96464.254560120491,26080.731722030348,486397.31410297001,0
2026-05-11,-41,0.16928194336711158,0.17677669529663689,0.17302931933187424,76927.333631030226,283253.61730039999,339349.55618578999,0
2026-05-11,-40,0.17677669529663689,0.18460326824243742,0.18068998176953716,124506.92445669009,19369.03089865009,679245.79564780963,0
2026-05-11,-39,0.18460326824243742,0.19277635317599259,0.18868981070921501,97391.559014529907,4022250.2029140005,851287.68080763973,0
2026-05-11,-38,0.19277635317599259,0.20131129149365679,0.1970438223348247,377586.94032644009,2065254.3293287801,1012967.7540556088,0
2026-05-11,-37,0.20131129149365679,0.21022410381342863,0.20576769765354269,83445.52502055002,143778.93828758001,390711.97971544019,0
2026-05-11,-36,0.21022410381342863,0.21953152004666243,0.21487781193004551,2256.945169229999,49698.122639660105,126962.42201741016,0
2026-05-11,-35,0.21953152004666243,0.2292510108011678,0.22439126542391513,178366.72602868048,103388.41693654009,565760.67134120548,0
2026-05-11,-34,0.2292510108011678,0.23940082017464343,0.2343259154879056,1216.1787470099987,34568.765478130008,104149.18868206977,0
2026-05-11,-33,0.23940082017464343,0.25,0.24470041008732171,0,220145.84289811028,16692.759184239876,0
2026-05-11,-32,0.25,0.26106844560685344,0.25553422280342675,0,80722.155909390131,93366.41881916995,0
2026-05-11,-31,0.26106844560685344,0.27262693316631442,0.26684768938658393,0,560474.19856351998,8440.6189439600821,0
2026-05-11,-30,0.27262693316631442,0.28469715868917289,0.27866204592774368,0,68123.657898370031,20110.106080509973,0
2026-05-11,-29,0.28469715868917289,0.29730177875068026,0.29099946871992655,0,14181.370209159997,33.05316589011656,0
2026-05-11,-28,0.29730177875068026,0.310464453018371,0.30388311588452566,0,30412.606265170096,679689.51731976331,0
2026-05-11,-27,0.310464453018371,0.32420988866275241,0.31733717084056168,0,58244.070245649993,157914.06814771,0
2026-05-11,-26,0.32420988866275241,0.33856388673422316,0.33138688769848779,0,22037.27314815002,657322.14730602026,0
2026-05-11,-22,0.38555270635198519,0.40262258298731357,0.39408764466964941,0,7998.0358532403143,2338.3926258201163,0
2026-05-11,-21,0.40262258298731357,0.42044820762685725,0.41153539530708538,0,133326.42306427006,4.4799198499972714,0
2026-05-11,-16,0.5,0.52213689121370688,0.51106844560685349,0,6578.9546132800488,741.55482006,0
2026-05-12,-46,0.13631346658315721,0.14234857934458645,0.13933102296387184,51012.83013663,0,164513.29514970002,0
2026-05-12,-45,0.14234857934458645,0.14865088937534013,0.14549973435996327,79815.282708810002,0,264621.45361855999,0
2026-05-12,-44,0.14865088937534013,0.1552322265091855,0.15194155794226283,148223.67814579001,0,417770.11042919999,0
2026-05-12,-43,0.1552322265091855,0.16210494433137621,0.15866858542028084,66547.773007580166,420577.52077264996,299475.69301777001,0
2026-05-12,-42,0.16210494433137621,0.16928194336711158,0.16569344384924389,93259.114277760498,26801.472240010349,486397.31410297001,0
2026-05-12,-41,0.16928194336711158,0.17677669529663689,0.17302931933187424,76535.107796710217,281253.72803599999,339349.55618578999,0
2026-05-12,-40,0.17677669529663689,0.18460326824243742,0.18068998176953716,123342.0236996801,15683.954377099968,667863.44889380794,0
2026-05-12,-39,0.18460326824243742,0.19277635317599259,0.18868981070921501,85903.726988699913,4017879.7407535804,826729.02125393029,0
2026-05-12,-38,0.19277635317599259,0.20131129149365679,0.1970438223348247,347244.86866698012,2065233.1908368801,979029.92125444987,0
2026-05-12,-37,0.20131129149365679,0.21022410381342863,0.20576769765354269,75477.971736050022,138796.27667888001,384937.82442361012,0
2026-05-12,-36,0.21022410381342863,0.21953152004666243,0.21487781193004551,2256.945169229999,49698.122639660105,126962.42201741016,0
2026-05-12,-35,0.21953152004666243,0.2292510108011678,0.22439126542391513,125860.12273541013,101170.05907799008,458391.39646016032,0
2026-05-12,-34,0.2292510108011678,0.23940082017464343,0.2343259154879056,1216.1787470099987,34166.765478130008,104078.63660655977,0
2026-05-12,-33,0.23940082017464343,0.25,0.24470041008732171,117968.78193366996,215112.31708121026,520499.50090111513,0
2026-05-12,-32,0.25,0.26106844560685344,0.25553422280342675,0,80722.155909390131,93366.41881916995,0
2026-05-12,-31,0.26106844560685344,0.27262693316631442,0.26684768938658393,0,555303.22780504008,8440.6189439600821,0
2026-05-12,-30,0.27262693316631442,0.28469715868917289,0.27866204592774368,0,63102.583655960036,20110.106080509973,0
2026-05-12,-29,0.28469715868917289,0.29730177875068026,0.29099946871992655,0,14181.370209159997,33.05316589011656,0
2026-05-12,-28,0.29730177875068026,0.310464453018371,0.30388311588452566,0,30412.606265170096,422695.72763186332,0
2026-05-12,-27,0.310464453018371,0.32420988866275241,0.31733717084056168,0,58244.069706649992,157914.06814771,0
2026-05-12,-26,0.32420988866275241,0.33856388673422316,0.33138688769848779,0,19198.435002820021,657322.14730602026,0
2026-05-12,-22,0.38555270635198519,0.40262258298731357,0.39408764466964941,0,7748.0358532403143,2338.3926258201163,0
2026-05-12,-21,0.40262258298731357,0.42044820762685725,0.41153539530708538,0,133326.42306427006,4.4799198499972714,0
2026-05-12,-16,0.5,0.52213689121370688,0.51106844560685349,0,6573.5568415600492,741.55482006,0
2026-05-13,-46,0.13631346658315721,0.14234857934458645,0.13933102296387184,51012.83013663,0,164513.29514970002,0
2026-05-13,-45,0.14234857934458645,0.14865088937534013,0.14549973435996327,79602.18463044001,0,264621.45361855999,0
2026-05-13,-44,0.14865088937534013,0.1552322265091855,0.15194155794226283,148137.43072141,0,417770.11042919999,0
2026-05-13,-43,0.1552322265091855,0.16210494433137621,0.15866858542028084,63343.333730820166,420577.52077264996,299475.69301777001,0
2026-05-13,-42,0.16210494433137621,0.16928194336711158,0.16569344384924389,92643.596582430488,26801.472240010349,486343.23226974002,0
2026-05-13,-41,0.16928194336711158,0.17677669529663689,0.17302931933187424,74395.107958940222,282125.77699067001,339304.72825286002,0
2026-05-13,-40,0.17677669529663689,0.18460326824243742,0.18068998176953716,121349.0173879901,15683.954377099968,654151.48357231962,0
2026-05-13,-39,0.18460326824243742,0.19277635317599259,0.18868981070921501,65007.248031339914,4017879.7407535804,802350.62356147869,0
2026-05-13,-38,0.19277635317599259,0.20131129149365679,0.1970438223348247,323466.06042295013,2065233.1908368801,979029.92125444987,0
2026-05-13,-37,0.20131129149365679,0.21022410381342863,0.20576769765354269,62491.108707510015,138756.98693435002,384937.82442361012,0
2026-05-13,-36,0.21022410381342863,0.21953152004666243,0.21487781193004551,2256.945169229999,49666.942934810104,126962.42201741016,0
2026-05-13,-35,0.21953152004666243,0.2292510108011678,0.22439126542391513,114203.19534812012,101099.92056945009,458175.33173186029,0
2026-05-13,-34,0.2292510108011678,0.23940082017464343,0.2343259154879056,1216.1787470099987,34096.095201520009,104078.63660655977,0
2026-05-13,-33,0.23940082017464343,0.25,0.24470041008732171,141934.34765387999,166195.21027630026,806013.7256194551,0
2026-05-13,-32,0.25,0.26106844560685344,0.25553422280342675,0,80722.155909390131,93366.41881916995,0
2026-05-13,-31,0.26106844560685344,0.27262693316631442,0.26684768938658393,0,555287.74780503998,8440.6189439600821,0
2026-05-13,-30,0.27262693316631442,0.28469715868917289,0.27866204592774368,0,63102.583655960036,20110.106080509973,0
2026-05-13,-29,0.28469715868917289,0.29730177875068026,0.29099946871992655,0,14181.370209159997,33.05316589011656,0
2026-05-13,-28,0.29730177875068026,0.310464453018371,0.30388311588452566,0,27200.295185320098,284885.88355462335,0
2026-05-13,-27,0.310464453018371,0.32420988866275241,0.31733717084056168,0,58208.567706649992,157914.06814771,0
2026-05-13,-26,0.32420988866275241,0.33856388673422316,0.33138688769848779,0,18510.609874330017,657322.14730602026,0
2026-05-13,-22,0.38555270635198519,0.40262258298731357,0.39408764466964941,0,7748.0358532403143,2338.3926258201163,0
2026-05-13,-21,0.40262258298731357,0.42044820762685725,0.41153539530708538,0,133326.42306427006,4.4799198499972714,0
2026-05-13,-16,0.5,0.52213689121370688,0.51106844560685349,0,6573.5568415500484,741.55482006,0
2026-05-14,-46,0.13631346658315721,0.14234857934458645,0.13933102296387184,51012.83013663,0,164513.29514970002,0
2026-05-14,-45,0.14234857934458645,0.14865088937534013,0.14549973435996327,79602.18463044001,0,264621.45361855999,0
2026-05-14,-44,0.14865088937534013,0.1552322265091855,0.15194155794226283,137427.94525461001,0,417770.11042919999,0
2026-05-14,-43,0.1552322265091855,0.16210494433137621,0.15866858542028084,63021.291323720165,420577.52077264996,299475.69301777001,0
2026-05-14,-42,0.16210494433137621,0.16928194336711158,0.16569344384924389,92643.596582430488,26801.472240010349,486343.23226974002,0
2026-05-14,-41,0.16928194336711158,0.17677669529663689,0.17302931933187424,73901.379842680224,282361.50510692998,339234.624235,0
2026-05-14,-40,0.17677669529663689,0.18460326824243742,0.18068998176953716,121349.0173879901,15680.913402319968,654058.84903342905,0
2026-05-14,-39,0.18460326824243742,0.19277635317599259,0.18868981070921501,62981.179816009913,4017879.7407535804,781013.83442047029,0
2026-05-14,-38,0.19277635317599259,0.20131129149365679,0.1970438223348247,305146.93917853007,2065233.1908368801,952204.95006862876,0
2026-05-14,-37,0.20131129149365679,0.21022410381342863,0.20576769765354269,44421.275440840014,138756.98693435002,384937.82442361012,0
2026-05-14,-36,0.21022410381342863,0.21953152004666243,0.21487781193004551,2256.945169229999,49666.942934810104,126962.42201741016,0
2026-05-14,-35,0.21953152004666243,0.2292510108011678,0.22439126542391513,104595.71850624013,101099.92056945009,457844.08094009029,0
2026-05-14,-34,0.2292510108011678,0.23940082017464343,0.2343259154879056,1216.1787470099987,34096.095201520009,104078.63660655977,0
2026-05-14,-33,0.23940082017464343,0.25,0.24470041008732171,221286.91164136,166187.76820428026,1012182.7486980652,0
2026-05-14,-32,0.25,0.26106844560685344,0.25553422280342675,0,80622.155909390131,93366.41881916995,0
2026-05-14,-31,0.26106844560685344,0.27262693316631442,0.26684768938658393,0,554822.69371459004,8440.6189439600821,0
2026-05-14,-30,0.27262693316631442,0.28469715868917289,0.27866204592774368,0,62896.066702760036,20110.106080509973,0
2026-05-14,-29,0.28469715868917289,0.29730177875068026,0.29099946871992655,0,14181.370209159997,33.05316589011656,0
2026-05-14,-28,0.29730177875068026,0.310464453018371,0.30388311588452566,0,27200.295185320098,155353.59682697014,0
2026-05-14,-27,0.310464453018371,0.32420988866275241,0.31733717084056168,0,58208.567706649992,157914.06814771,0
2026-05-14,-26,0.32420988866275241,0.33856388673422316,0.33138688769848779,0,18510.609874330017,616981.90143671341,0
2026-05-14,-22,0.38555270635198519,0.40262258298731357,0.39408764466964941,0,7748.0358532403143,2338.3926258201163,0
2026-05-14,-21,0.40262258298731357,0.42044820762685725,0.41153539530708538,0,133315.73661258008,4.4799198499972714,0
2026-05-14,-16,0.5,0.52213689121370688,0.51106844560685349,0,6573.5568415500484,741.55482006,0
2026-05-15,-46,0.13631346658315721,0.14234857934458645,0.13933102296387184,51012.83013663,0,164513.29514970002,0
2026-05-15,-45,0.14234857934458645,0.14865088937534013,0.14549973435996327,79602.18463044001,0,264621.45361855999,0
2026-05-15,-44,0.14865088937534013,0.1552322265091855,0.15194155794226283,137427.94525461001,0,417770.11042919999,0
2026-05-15,-43,0.1552322265091855,0.16210494433137621,0.15866858542028084,62850.991731720169,420545.61077264999,299475.69301777001,0
2026-05-15,-42,0.16210494433137621,0.16928194336711158,0.16569344384924389,92643.596582430488,26801.472240010349,486343.23226974002,0
2026-05-15,-41,0.16928194336711158,0.17677669529663689,0.17302931933187424,73761.379842680224,282261.50510692998,339201.97376736003,0
2026-05-15,-40,0.17677669529663689,0.18460326824243742,0.18068998176953716,120758.4012273101,16252.91543499997,654008.7075575596,0
2026-05-15,-39,0.18460326824243742,0.19277635317599259,0.18868981070921501,62976.879816009918,4017879.7407535804,780993.53819222969,0
2026-05-15,-38,0.19277635317599259,0.20131129149365679,0.1970438223348247,305128.33654568013,2065233.1908368801,949011.84006862878,0
2026-05-15,-37,0.20131129149365679,0.21022410381342863,0.20576769765354269,43820.275440840014,138735.55685893001,384937.82442361012,0
2026-05-15,-36,0.21022410381342863,0.21953152004666243,0.21487781193004551,2246.7766744399992,49666.942934810104,126962.42201741016,0
2026-05-15,-35,0.21953152004666243,0.2292510108011678,0.22439126542391513,9444.5490070101259,101099.92056945009,457625.4254597603,0
2026-05-15,-34,0.2292510108011678,0.23940082017464343,0.2343259154879056,1216.1787470099987,33923.067705780006,104078.63660655977,0
2026-05-15,-33,0.23940082017464343,0.25,0.24470041008732171,143359.14824435985,166081.02774371026,971378.316075315,0
2026-05-15,-32,0.25,0.26106844560685344,0.25553422280342675,120086.59566943016,80382.988346210142,212736.24667060009,0
2026-05-15,-31,0.26106844560685344,0.27262693316631442,0.26684768938658393,0,554708.28575555002,8440.6189439600821,0
2026-05-15,-30,0.27262693316631442,0.28469715868917289,0.27866204592774368,0,62896.066702760036,20110.106080509973,0
2026-05-15,-29,0.28469715868917289,0.29730177875068026,0.29099946871992655,0,14181.370209159997,33.05316589011656,0
2026-05-15,-28,0.29730177875068026,0.310464453018371,0.30388311588452566,0,27200.295185320098,155353.59682697014,0
2026-05-15,-27,0.310464453018371,0.32420988866275241,0.31733717084056168,0,58208.567706649992,157914.06814771,0
2026-05-15,-26,0.32420988866275241,0.33856388673422316,0.33138688769848779,0,18498.084140660016,522808.27726517344,0
2026-05-15,-22,0.38555270635198519,0.40262258298731357,0.39408764466964941,0,7748.0358532403143,2338.3926258201163,0
2026-05-15,-21,0.40262258298731357,0.42044820762685725,0.41153539530708538,0,133315.73661258008,4.4799198499972714,0
2026-05-15,-16,0.5,0.52213689121370688,0.51106844560685349,0,6573.5568415500484,741.55482006,0
2026-05-16,-46,0.13631346658315721,0.14234857934458645,0.13933102296387184,47517.735290860001,0,164513.29514970002,0
2026-05-16,-45,0.14234857934458645,0.14865088937534013,0.14549973435996327,79593.300158710001,0,264621.45361855999,0
2026-05-16,-44,0.14865088937534013,0.1552322265091855,0.15194155794226283,135425.94525461001,0,417770.11042919999,0
2026-05-16,-43,0.1552322265091855,0.16210494433137621,0.15866858542028084,60897.98765529017,420488.28301973001,299475.69301777001,0
2026-05-16,-42,0.16210494433137621,0.16928194336711158,0.16569344384924389,91605.540974060496,26801.472240010349,486343.23226974002,0
2026-05-16,-41,0.16928194336711158,0.17677669529663689,0.17302931933187424,73760.613830270217,281551.27111934003,339201.97376736003,0
2026-05-16,-40,0.17677669529663689,0.18460326824243742,0.18068998176953716,118750.60092631009,15734.788040439969,654008.7075575596,0
2026-05-16,-39,0.18460326824243742,0.19277635317599259,0.18868981070921501,58797.85467085991,4017879.7407535804,777802.54478733859,0
2026-05-16,-38,0.19277635317599259,0.20131129149365679,0.1970438223348247,298791.82925088011,2065233.1908368801,926568.85435155989,0
2026-05-16,-37,0.20131129149365679,0.21022410381342863,0.20576769765354269,38395.551653910014,131216.68228937002,384937.82442361012,0
2026-05-16,-36,0.21022410381342863,0.21953152004666243,0.21487781193004551,2246.7766744399992,49666.942934810104,126962.42201741016,0
2026-05-16,-35,0.21953152004666243,0.2292510108011678,0.22439126542391513,9159.570602040003,100091.54011244008,457285.23821974028,0
2026-05-16,-34,0.2292510108011678,0.23940082017464343,0.2343259154879056,136423.75798039025,33923.067705780006,363220.54613428505,0
2026-05-16,-33,0.23940082017464343,0.25,0.24470041008732171,93506.121555079822,165177.08367971025,945457.38016846986,0
2026-05-16,-32,0.25,0.26106844560685344,0.25553422280342675,21537.255230610001,80382.988346210142,171372.76685784996,0
2026-05-16,-31,0.26106844560685344,0.27262693316631442,0.26684768938658393,0,554306.43821191008,8440.6189439600821,0
2026-05-16,-30,0.27262693316631442,0.28469715868917289,0.27866204592774368,0,62896.066702760036,20110.106080509973,0
2026-05-16,-29,0.28469715868917289,0.29730177875068026,0.29099946871992655,0,14181.370209159997,33.05316589011656,0
2026-05-16,-28,0.29730177875068026,0.310464453018371,0.30388311588452566,0,27192.295185320098,155353.59682697014,0
2026-05-16,-27,0.310464453018371,0.32420988866275241,0.31733717084056168,0,55737.470551909988,157914.06814771,0
2026-05-16,-26,0.32420988866275241,0.33856388673422316,0.33138688769848779,0,18498.084140660016,378921.59890413343,0
2026-05-16,-22,0.38555270635198519,0.40262258298731357,0.39408764466964941,0,7748.0358532403143,2338.3926258201163,0
2026-05-16,-21,0.40262258298731357,0.42044820762685725,0.41153539530708538,0,133315.73661258008,4.4799198499972714,0
2026-05-16,-16,0.5,0.52213689121370688,0.51106844560685349,0,6573.5568415500484,741.55482006,0
2026-05-17,-46,0.13631346658315721,0.14234857934458645,0.13933102296387184,47517.735290860001,0,164513.29514970002,0
2026-05-17,-45,0.14234857934458645,0.14865088937534013,0.14549973435996327,79593.300158710001,0,264621.45361855999,0
2026-05-17,-44,0.14865088937534013,0.1552322265091855,0.15194155794226283,135425.94525461001,0,417770.11042919999,0
2026-05-17,-43,0.1552322265091855,0.16210494433137621,0.15866858542028084,60701.730865980171,420488.28301973001,299475.69301777001,0
2026-05-17,-42,0.16210494433137621,0.16928194336711158,0.16569344384924389,90488.335160660485,26801.472240010349,486343.23226974002,0
2026-05-17,-41,0.16928194336711158,0.17677669529663689,0.17302931933187424,73730.786524970215,281507.22857486003,339201.97376736003,0
2026-05-17,-40,0.17677669529663689,0.18460326824243742,0.18068998176953716,118729.6871249001,15734.788040439969,654008.7075575596,0
2026-05-17,-39,0.18460326824243742,0.19277635317599259,0.18868981070921501,58797.85467085991,4017879.7407535804,775091.16722539859,0
2026-05-17,-38,0.19277635317599259,0.20131129149365679,0.1970438223348247,298475.87278426008,2065233.1908368801,926568.85435155989,0
2026-05-17,-37,0.20131129149365679,0.21022410381342863,0.20576769765354269,35493.551653910014,128717.31866210002,384937.82442361012,0
2026-05-17,-36,0.21022410381342863,0.21953152004666243,0.21487781193004551,94222.018719369866,49656.314600730104,214254.58759831029,0
2026-05-17,-35,0.21953152004666243,0.2292510108011678,0.22439126542391513,8566.6319372100043,100091.54011244008,457261.0496929803,0
2026-05-17,-34,0.2292510108011678,0.23940082017464343,0.2343259154879056,49755.117711330182,33923.067705780006,317056.05722976493,0
2026-05-17,-33,0.23940082017464343,0.25,0.24470041008732171,87574.020777090031,165077.08367971025,945457.38016846986,0
2026-05-17,-32,0.25,0.26106844560685344,0.25553422280342675,21140.197700180001,80382.988346210142,169612.16828300996,0
2026-05-17,-31,0.26106844560685344,0.27262693316631442,0.26684768938658393,0,554306.43821191008,8440.6189439600821,0
2026-05-17,-30,0.27262693316631442,0.28469715868917289,0.27866204592774368,0,62780.867804810034,20110.106080509973,0
2026-05-17,-29,0.28469715868917289,0.29730177875068026,0.29099946871992655,0,14181.370209159997,33.05316589011656,0
2026-05-17,-28,0.29730177875068026,0.310464453018371,0.30388311588452566,0,27192.295185320098,155353.59682697014,0
2026-05-17,-27,0.310464453018371,0.32420988866275241,0.31733717084056168,0,55737.470551909988,157914.06814771,0
2026-05-17,-26,0.32420988866275241,0.33856388673422316,0.33138688769848779,0,18498.084140660016,311905.41519410344,0
2026-05-17,-22,0.38555270635198519,0.40262258298731357,0.39408764466964941,0,7748.0358532403143,2338.3926258201163,0
2026-05-17,-21,0.40262258298731357,0.42044820762685725,0.41153539530708538,0,133296.40576058006,4.4799198499972714,0
2026-05-17,-16,0.5,0.52213689121370688,0.51106844560685349,0,6573.5568415500484,741.55482006,0
2026-05-18,-46,0.13631346658315721,0.14234857934458645,0.13933102296387184,47517.735290860001,0,164513.29514970002,0
2026-05-18,-45,0.14234857934458645,0.14865088937534013,0.14549973435996327,79593.300158710001,0,264621.45361855999,0
2026-05-18,-44,0.14865088937534013,0.1552322265091855,0.15194155794226283,135425.94525461001,0,417770.11042919999,0
2026-05-18,-43,0.1552322265091855,0.16210494433137621,0.15866858542028084,60220.871704080171,419529.34790838999,299475.69301777001,0
2026-05-18,-42,0.16210494433137621,0.16928194336711158,0.16569344384924389,86126.335093150497,30755.879833080347,486343.23226974002,0
2026-05-18,-41,0.16928194336711158,0.17677669529663689,0.17302931933187424,73730.786524970215,281507.22857486003,339201.97376736003,0
2026-05-18,-40,0.17677669529663689,0.18460326824243742,0.18068998176953716,118729.6871249001,15734.788040439969,654008.7075575596,0
2026-05-18,-39,0.18460326824243742,0.19277635317599259,0.18868981070921501,58566.137178299912,4017879.7407535804,767392.40005741862,0
2026-05-18,-38,0.19277635317599259,0.20131129149365679,0.1970438223348247,297147.48679372011,2064900.4484643301,926568.85435155989,0
2026-05-18,-37,0.20131129149365679,0.21022410381342863,0.20576769765354269,239440.53985384011,128717.31866210002,478701.3201743103,0
2026-05-18,-36,0.21022410381342863,0.21953152004666243,0.21487781193004551,28714.484110029814,49656.314600730104,175500.43006159525,0
2026-05-18,-35,0.21953152004666243,0.2292510108011678,0.22439126542391513,8566.6319365900035,100091.54011244008,457199.69087584032,0
2026-05-18,-34,0.2292510108011678,0.23940082017464343,0.2343259154879056,30472.300559260155,33459.172900450008,280791.4933661198,0
2026-05-18,-33,0.23940082017464343,0.25,0.24470041008732171,83403.935419640009,163652.20454445027,945457.38016846986,0
2026-05-18,-32,0.25,0.26106844560685344,0.25553422280342675,3829.6652004700009,80344.46935375013,164377.68253507995,0
2026-05-18,-31,0.26106844560685344,0.27262693316631442,0.26684768938658393,0,554254.94821191009,8440.6189439600821,0
2026-05-18,-30,0.27262693316631442,0.28469715868917289,0.27866204592774368,0,62780.867804810034,20110.106080509973,0
2026-05-18,-29,0.28469715868917289,0.29730177875068026,0.29099946871992655,0,14181.370209159997,33.05316589011656,0
2026-05-18,-28,0.29730177875068026,0.310464453018371,0.30388311588452566,0,27192.295185320098,155353.59682697014,0
2026-05-18,-27,0.310464453018371,0.32420988866275241,0.31733717084056168,0,55737.470551909988,157914.06814771,0
2026-05-18,-26,0.32420988866275241,0.33856388673422316,0.33138688769848779,0,18498.084140660016,190703.09889810343,0
2026-05-18,-22,0.38555270635198519,0.40262258298731357,0.39408764466964941,0,7748.0358532403143,2338.3926258201163,0
2026-05-18,-21,0.40262258298731357,0.42044820762685725,0.41153539530708538,0,133288.15758245008,4.4799198499972714,0
2026-05-18,-16,0.5,0.52213689121370688,0.51106844560685349,0,6573.5568415500484,741.55482006,0
2026-05-19,-46,0.13631346658315721,0.14234857934458645,0.13933102296387184,47517.735290860001,0,164513.29514970002,0
2026-05-19,-45,0.14234857934458645,0.14865088937534013,0.14549973435996327,79593.300158710001,0,264621.45361855999,0
2026-05-19,-44,0.14865088937534013,0.1552322265091855,0.15194155794226283,135386.42275678,0,417770.11042919999,0
2026-05-19,-43,0.1552322265091855,0.16210494433137621,0.15866858542028084,59115.886130060171,419529.34790838999,299475.69301777001,0
2026-05-19,-42,0.16210494433137621,0.16928194336711158,0.16569344384924389,86119.035093150495,29493.67253390035,486343.23226974002,0
2026-05-19,-41,0.16928194336711158,0.17677669529663689,0.17302931933187424,73609.861078560221,281577.38179403002,339201.97376736003,0
2026-05-19,-40,0.17677669529663689,0.18460326824243742,0.18068998176953716,118628.31881762009,15734.788040439969,654008.7075575596,0
2026-05-19,-39,0.18460326824243742,0.19277635317599259,0.18868981070921501,58179.55009751991,4017879.7407535804,762432.15859495976,0
2026-05-19,-38,0.19277635317599259,0.20131129149365679,0.1970438223348247,422681.12080367014,2064884.6841999602,1080957.30361072,0
2026-05-19,-37,0.20131129149365679,0.21022410381342863,0.20576769765354269,156448.85099420004,128694.56509114002,450116.82764914411,0
2026-05-19,-36,0.21022410381342863,0.21953152004666243,0.21487781193004551,18902.995027969802,49656.314600730104,153984.72805738015,0
2026-05-19,-35,0.21953152004666243,0.2292510108011678,0.22439126542391513,8566.6319365900035,100091.54011244008,457199.69087584032,0
2026-05-19,-34,0.2292510108011678,0.23940082017464343,0.2343259154879056,21722.812802930155,33459.172900450008,280791.4933661198,0
2026-05-19,-33,0.23940082017464343,0.25,0.24470041008732171,58462.949743880003,163581.35454445027,945457.38016846986,0
2026-05-19,-32,0.25,0.26106844560685344,0.25553422280342675,3803.5776381300002,78676.359353750129,163951.38537053994,0
2026-05-19,-31,0.26106844560685344,0.27262693316631442,0.26684768938658393,0,554232.17995281005,8440.6189439600821,0
2026-05-19,-30,0.27262693316631442,0.28469715868917289,0.27866204592774368,0,62780.867804810034,20110.106080509973,0
2026-05-19,-29,0.28469715868917289,0.29730177875068026,0.29099946871992655,0,14181.370205649997,33.05316589011656,0
2026-05-19,-28,0.29730177875068026,0.310464453018371,0.30388311588452566,0,27192.295185320098,155353.59682697014,0
2026-05-19,-27,0.310464453018371,0.32420988866275241,0.31733717084056168,0,55737.470551909988,157914.06814771,0
2026-05-19,-26,0.32420988866275241,0.33856388673422316,0.33138688769848779,0,18498.084140660016,41395.525322833411,0
2026-05-19,-22,0.38555270635198519,0.40262258298731357,0.39408764466964941,0,7748.0358532403143,2338.3926258201163,0
2026-05-19,-21,0.40262258298731357,0.42044820762685725,0.41153539530708538,0,133288.15758245008,4.4799198499972714,0
2026-05-19,-16,0.5,0.52213689121370688,0.51106844560685349,0,6573.5568415500484,741.55482006,0
2026-05-20,-46,0.13631346658315721,0.14234857934458645,0.13933102296387184,47517.735290860001,0,164513.29514970002,0
2026-05-20,-45,0.14234857934458645,0.14865088937534013,0.14549973435996327,79593.300158710001,0,264621.45361855999,0
2026-05-20,-44,0.14865088937534013,0.1552322265091855,0.15194155794226283,135386.42275678,0,417770.11042919999,0
2026-05-20,-43,0.1552322265091855,0.16210494433137621,0.15866858542028084,59115.886130060171,419529.34790838999,299475.69301777001,0
2026-05-20,-42,0.16210494433137621,0.16928194336711158,0.16569344384924389,86119.035093150495,29493.67253390035,486343.23226974002,0
2026-05-20,-41,0.16928194336711158,0.17677669529663689,0.17302931933187424,73609.861076560221,281577.38179403002,339201.97376736003,0
2026-05-20,-40,0.17677669529663689,0.18460326824243742,0.18068998176953716,88015.643056910092,46347.46380114997,654008.7075575596,0
2026-05-20,-39,0.18460326824243742,0.19277635317599259,0.18868981070921501,58062.344284119907,4017879.7407535804,762410.64770213026,0
2026-05-20,-38,0.19277635317599259,0.20131129149365679,0.1970438223348247,474499.51035156019,2064884.6841999602,1141352.7167772094,0
2026-05-20,-37,0.20131129149365679,0.21022410381342863,0.20576769765354269,144982.71501092002,128694.56509114002,429998.64202287415,0
2026-05-20,-36,0.21022410381342863,0.21953152004666243,0.21487781193004551,18902.995027969802,49656.314600730104,153984.72805738015,0
2026-05-20,-35,0.21953152004666243,0.2292510108011678,0.22439126542391513,8565.9685132300037,100091.54011244008,457199.69087584032,0
2026-05-20,-34,0.2292510108011678,0.23940082017464343,0.2343259154879056,18421.138375260158,33459.172900450008,280791.4933661198,0
2026-05-20,-33,0.23940082017464343,0.25,0.24470041008732171,58462.949743880003,162802.19990951027,945457.38016846986,0
2026-05-20,-32,0.25,0.26106844560685344,0.25553422280342675,3803.5776381300002,77578.910780750142,163850.84774467995,0
2026-05-20,-31,0.26106844560685344,0.27262693316631442,0.26684768938658393,0,554232.17995281005,8440.6189439600821,0
2026-05-20,-30,0.27262693316631442,0.28469715868917289,0.27866204592774368,0,62780.867804810034,20110.106080509973,0
2026-05-20,-29,0.28469715868917289,0.29730177875068026,0.29099946871992655,0,14181.370205649997,33.05316589011656,0
2026-05-20,-28,0.29730177875068026,0.310464453018371,0.30388311588452566,0,27192.295185320098,155353.59682697014,0
2026-05-20,-27,0.310464453018371,0.32420988866275241,0.31733717084056168,0,55737.470551909988,115552.74353367332,0
2026-05-20,-26,0.32420988866275241,0.33856388673422316,0.33138688769848779,0,18498.084140660016,20.169788440101811,0
2026-05-20,-22,0.38555270635198519,0.40262258298731357,0.39408764466964941,0,7748.0358532403143,2338.3926258201163,0
2026-05-20,-21,0.40262258298731357,0.42044820762685725,0.41153539530708538,0,133288.15758245008,4.4799198499972714,0
2026-05-20,-16,0.5,0.52213689121370688,0.51106844560685349,0,6573.5568415500484,741.55482006,0
2026-05-21,-46,0.13631346658315721,0.14234857934458645,0.13933102296387184,47517.735290860001,0,164513.29514970002,0
2026-05-21,-45,0.14234857934458645,0.14865088937534013,0.14549973435996327,79593.300158710001,0,264621.45361855999,0
2026-05-21,-44,0.14865088937534013,0.1552322265091855,0.15194155794226283,135386.42275678,0,417770.11042919999,0
2026-05-21,-43,0.1552322265091855,0.16210494433137621,0.15866858542028084,59115.886130060171,419461.84968381998,299475.69301777001,0
2026-05-21,-42,0.16210494433137621,0.16928194336711158,0.16569344384924389,86116.335092680485,29493.67253390035,486343.23226974002,0
2026-05-21,-41,0.16928194336711158,0.17677669529663689,0.17302931933187424,73504.424491240221,281479.27487436001,339201.97376736003,0
2026-05-21,-40,0.17677669529663689,0.18460326824243742,0.18068998176953716,74289.770109890087,60055.334485089967,654008.7075575596,0
2026-05-21,-39,0.18460326824243742,0.19277635317599259,0.18868981070921501,56478.406960199907,4017879.7407535804,762410.64770213026,0
2026-05-21,-38,0.19277635317599259,0.20131129149365679,0.1970438223348247,488532.76900267001,2064472.28339379,1223850.0507119752,0
2026-05-21,-37,0.20131129149365679,0.21022410381342863,0.20576769765354269,141787.34302527003,128694.56509114002,418823.22253039846,0
2026-05-21,-36,0.21022410381342863,0.21953152004666243,0.21487781193004551,8614.266768500027,49656.314600730104,153984.72805738015,0
2026-05-21,-35,0.21953152004666243,0.2292510108011678,0.22439126542391513,8482.6912569700035,100091.54011244008,457199.69087584032,0
2026-05-21,-34,0.2292510108011678,0.23940082017464343,0.2343259154879056,12529.627709620127,33459.172900450008,278779.78598095977,0
2026-05-21,-33,0.23940082017464343,0.25,0.24470041008732171,56321.707533930006,162760.57299658027,945457.38016846986,0
2026-05-21,-32,0.25,0.26106844560685344,0.25553422280342675,3706.3138632999999,77527.759689230137,161724.61078489994,0
2026-05-21,-31,0.26106844560685344,0.27262693316631442,0.26684768938658393,0,553896.79964762006,8440.6189439600821,0
2026-05-21,-30,0.27262693316631442,0.28469715868917289,0.27866204592774368,0,62708.949762710035,20110.106080509973,0
2026-05-21,-29,0.28469715868917289,0.29730177875068026,0.29099946871992655,0,14181.370205649997,33.05316589011656,0
2026-05-21,-28,0.29730177875068026,0.310464453018371,0.30388311588452566,0,23522.254244460095,155353.59682697014,0
2026-05-21,-27,0.310464453018371,0.32420988866275241,0.31733717084056168,0,55708.120872049993,65878.91673373332,0
2026-05-21,-26,0.32420988866275241,0.33856388673422316,0.33138688769848779,0,18498.084140660016,20.169788440101811,0
2026-05-21,-22,0.38555270635198519,0.40262258298731357,0.39408764466964941,0,7748.0358532403143,2338.3926258201163,0
2026-05-21,-21,0.40262258298731357,0.42044820762685725,0.41153539530708538,0,133288.15758245008,4.4799198499972714,0
2026-05-21,-16,0.5,0.52213689121370688,0.51106844560685349,0,6553.0023405500488,741.55482006,0
2026-05-22,-46,0.13631346658315721,0.14234857934458645,0.13933102296387184,47517.735290860001,0,139288.09419388001,0
2026-05-22,-45,0.14234857934458645,0.14865088937534013,0.14549973435996327,79593.300158710001,0,229193.27588276999,0
2026-05-22,-44,0.14865088937534013,0.1552322265091855,0.15194155794226283,135386.42275678,0,392127.30855972,0
2026-05-22,-43,0.1552322265091855,0.16210494433137621,0.15866858542028084,59115.886130060171,419461.84968381998,299475.69301777001,0
2026-05-22,-42,0.16210494433137621,0.16928194336711158,0.16569344384924389,86116.335092680485,29493.67253390035,435095.84529877,0
2026-05-22,-41,0.16928194336711158,0.17677669529663689,0.17302931933187424,73504.424491240221,281479.27487436001,289286.91647564003,0
2026-05-22,-40,0.17677669529663689,0.18460326824243742,0.18068998176953716,73996.985020880093,60329.146669089969,573778.73913201957,0
2026-05-22,-39,0.18460326824243742,0.19277635317599259,0.18868981070921501,838453.70966322988,4017879.7407535804,743050.17935500038,0
2026-05-22,-38,0.19277635317599259,0.20131129149365679,0.1970438223348247,402946.77731595008,2064437.56339379,1035284.375893765,0
2026-05-22,-37,0.20131129149365679,0.21022410381342863,0.20576769765354269,138309.32831619005,119062.56509114002,357479.96671598015,0
2026-05-22,-36,0.21022410381342863,0.21953152004666243,0.21487781193004551,3714.1041836700028,49656.314600730104,149826.34615206017,0
2026-05-22,-35,0.21953152004666243,0.2292510108011678,0.22439126542391513,6944.173010690005,100091.54011244008,371275.26809168974,0
2026-05-22,-34,0.2292510108011678,0.23940082017464343,0.2343259154879056,10170.440990360004,33459.172900450008,269431.30371296976,0
2026-05-22,-33,0.23940082017464343,0.25,0.24470041008732171,52854.254383200001,162760.57299658027,905081.58063669887,0
2026-05-22,-32,0.25,0.26106844560685344,0.25553422280342675,3706.3138632999999,77527.759689230137,161724.61078489994,0
2026-05-22,-31,0.26106844560685344,0.27262693316631442,0.26684768938658393,0,553740.73470691999,8440.6189439600821,0
2026-05-22,-30,0.27262693316631442,0.28469715868917289,0.27866204592774368,0,61704.278503790032,20110.106080509973,0
2026-05-22,-29,0.28469715868917289,0.29730177875068026,0.29099946871992655,0,14181.370205649997,33.05316589011656,0
2026-05-22,-28,0.29730177875068026,0.310464453018371,0.30388311588452566,0,23522.254244460095,155353.59682697014,0
2026-05-22,-27,0.310464453018371,0.32420988866275241,0.31733717084056168,0,55708.120872049993,47795.898027673327,0
2026-05-22,-26,0.32420988866275241,0.33856388673422316,0.33138688769848779,0,18498.084140660016,20.169788440101811,0
2026-05-22,-22,0.38555270635198519,0.40262258298731357,0.39408764466964941,0,7672.5932033503141,2338.3926258201163,0
2026-05-22,-21,0.40262258298731357,0.42044820762685725,0.41153539530708538,0,133288.15758245008,4.4799198499972714,0
2026-05-22,-16,0.5,0.52213689121370688,0.51106844560685349,0,6534.509931140049,741.55482006,0
2026-05-23,-46,0.13631346658315721,0.14234857934458645,0.13933102296387184,47517.735290860001,0,139288.09419388001,0
2026-05-23,-45,0.14234857934458645,0.14865088937534013,0.14549973435996327,79593.300158710001,0,229193.27588276999,0
2026-05-23,-44,0.14865088937534013,0.1552322265091855,0.15194155794226283,135136.2284656,0,392127.30855972,0
2026-05-23,-43,0.1552322265091855,0.16210494433137621,0.15866858542028084,59115.886130060171,419461.84968381998,299475.69301777001,0
2026-05-23,-42,0.16210494433137621,0.16928194336711158,0.16569344384924389,86116.335092680485,29493.67253390035,435095.84529877,0
2026-05-23,-41,0.16928194336711158,0.17677669529663689,0.17302931933187424,68504.424491240221,281479.27487436001,289286.91647564003,0
2026-05-23,-40,0.17677669529663689,0.18460326824243742,0.18068998176953716,73994.397492290096,60331.734197679973,573778.73913201957,0
2026-05-23,-39,0.18460326824243742,0.19277635317599259,0.18868981070921501,872094.57137259969,4017879.7407535804,783786.9271726904,0
2026-05-23,-38,0.19277635317599259,0.20131129149365679,0.1970438223348247,383086.00313268026,2064430.56339379,1023057.240238445,0
2026-05-23,-37,0.20131129149365679,0.21022410381342863,0.20576769765354269,133005.71454951004,119062.56509114002,357479.96671598015,0
2026-05-23,-36,0.21022410381342863,0.21953152004666243,0.21487781193004551,3714.1041836700028,49656.314600730104,149826.34615206017,0
2026-05-23,-35,0.21953152004666243,0.2292510108011678,0.22439126542391513,6916.474037210005,100091.54011244008,371266.38970782975,0
2026-05-23,-34,0.2292510108011678,0.23940082017464343,0.2343259154879056,10170.440989890003,33459.172900450008,269431.30371296976,0
2026-05-23,-33,0.23940082017464343,0.25,0.24470041008732171,52651.595586970005,162721.63299658027,903972.73063669878,0
2026-05-23,-32,0.25,0.26106844560685344,0.25553422280342675,3706.3138632999999,77527.759689230137,161724.61078489994,0
2026-05-23,-31,0.26106844560685344,0.27262693316631442,0.26684768938658393,0,553687.95776410005,8440.6189439600821,0
2026-05-23,-30,0.27262693316631442,0.28469715868917289,0.27866204592774368,0,61704.278503790032,20110.106080509973,0
2026-05-23,-29,0.28469715868917289,0.29730177875068026,0.29099946871992655,0,14181.370205649997,33.05316589011656,0
2026-05-23,-28,0.29730177875068026,0.310464453018371,0.30388311588452566,0,23522.254244460095,155353.59682697014,0
2026-05-23,-27,0.310464453018371,0.32420988866275241,0.31733717084056168,0,55708.120872049993,27674.500328573322,0
2026-05-23,-26,0.32420988866275241,0.33856388673422316,0.33138688769848779,0,18498.084140660016,20.169788440101811,0
2026-05-23,-22,0.38555270635198519,0.40262258298731357,0.39408764466964941,0,7672.5932033503141,2338.3926258201163,0
2026-05-23,-21,0.40262258298731357,0.42044820762685725,0.41153539530708538,0,133288.15758245008,4.4799198499972714,0
2026-05-23,-16,0.5,0.52213689121370688,0.51106844560685349,0,6534.509931140049,741.55482006,0
2026-05-24,-46,0.13631346658315721,0.14234857934458645,0.13933102296387184,47517.735290860001,0,139288.09419388001,0
2026-05-24,-45,0.14234857934458645,0.14865088937534013,0.14549973435996327,79593.300158710001,0,229193.27588276999,0
2026-05-24,-44,0.14865088937534013,0.1552322265091855,0.15194155794226283,135136.2284656,0,392127.30855972,0
2026-05-24,-43,0.1552322265091855,0.16210494433137621,0.15866858542028084,59115.886130060171,419461.84968381998,299475.69301777001,0
2026-05-24,-42,0.16210494433137621,0.16928194336711158,0.16569344384924389,86116.335092680485,29493.67253390035,435095.84529877,0
2026-05-24,-41,0.16928194336711158,0.17677669529663689,0.17302931933187424,64996.680898710212,284987.01846689003,289286.91647564003,0
2026-05-24,-40,0.17677669529663689,0.18460326824243742,0.18068998176953716,139077.24783004049,60331.734197679973,643487.37648048974,0
2026-05-24,-39,0.18460326824243742,0.19277635317599259,0.18868981070921501,810791.09672399936,4017879.7407535804,753463.58608375024,0
2026-05-24,-38,0.19277635317599259,0.20131129149365679,0.1970438223348247,362554.89697000023,2064430.56339379,1013971.517151435,0
2026-05-24,-37,0.20131129149365679,0.21022410381342863,0.20576769765354269,129630.19340746001,119062.56509114002,357479.96671598015,0
2026-05-24,-36,0.21022410381342863,0.21953152004666243,0.21487781193004551,3714.1041836700028,49656.314600730104,149826.34615206017,0
2026-05-24,-35,0.21953152004666243,0.2292510108011678,0.22439126542391513,6895.2470311000052,100091.54011244008,371207.34279117029,0
2026-05-24,-34,0.2292510108011678,0.23940082017464343,0.2343259154879056,9870.1569155200032,33459.172900450008,269431.30371296976,0
2026-05-24,-33,0.23940082017464343,0.25,0.24470041008732171,52308.7544672,162683.06488041027,903862.72405373829,0
2026-05-24,-32,0.25,0.26106844560685344,0.25553422280342675,3706.3138632999999,77527.759689230137,161724.61078489994,0
2026-05-24,-31,0.26106844560685344,0.27262693316631442,0.26684768938658393,0,553634.93776410003,8440.6189439600821,0
2026-05-24,-30,0.27262693316631442,0.28469715868917289,0.27866204592774368,0,61704.278503790032,20110.106080509973,0
2026-05-24,-29,0.28469715868917289,0.29730177875068026,0.29099946871992655,0,14181.370205649997,33.05316589011656,0
2026-05-24,-28,0.29730177875068026,0.310464453018371,0.30388311588452566,0,23522.254244460095,155353.59682697014,0
2026-05-24,-27,0.310464453018371,0.32420988866275241,0.31733717084056168,0,55708.120872049993,2759.5060272433225,0
2026-05-24,-26,0.32420988866275241,0.33856388673422316,0.33138688769848779,0,18498.084140660016,20.169788440101811,0
2026-05-24,-22,0.38555270635198519,0.40262258298731357,0.39408764466964941,0,7672.5932033503141,2338.3926258201163,0
2026-05-24,-21,0.40262258298731357,0.42044820762685725,0.41153539530708538,0,133288.15758245008,4.4799198499972714,0
2026-05-24,-16,0.5,0.52213689121370688,0.51106844560685349,0,6534.509931140049,741.55482006,0
2026-05-25,-46,0.13631346658315721,0.14234857934458645,0.13933102296387184,47517.735290860001,0,139288.09419388001,0
2026-05-25,-45,0.14234857934458645,0.14865088937534013,0.14549973435996327,79593.300158710001,0,229193.27588276999,0
2026-05-25,-44,0.14865088937534013,0.1552322265091855,0.15194155794226283,135136.2284656,0,392127.30855972,0
2026-05-25,-43,0.1552322265091855,0.16210494433137621,0.15866858542028084,59115.886130060171,419461.84968381998,299475.69301777001,0
2026-05-25,-42,0.16210494433137621,0.16928194336711158,0.16569344384924389,86116.335092680485,29493.67253390035,435095.84529877,0
2026-05-25,-41,0.16928194336711158,0.17677669529663689,0.17302931933187424,64996.680898710212,284987.01846689003,289286.91647564003,0
2026-05-25,-40,0.17677669529663689,0.18460326824243742,0.18068998176953716,207163.90925788021,60331.734197679973,720815.97298239975,0
2026-05-25,-39,0.18460326824243742,0.19277635317599259,0.18868981070921501,794829.66457271972,4021592.2952491604,748375.08851075033,0
2026-05-25,-38,0.19277635317599259,0.20131129149365679,0.1970438223348247,345654.21608895023,2064423.56339379,991244.72635894502,0
2026-05-25,-37,0.20131129149365679,0.21022410381342863,0.20576769765354269,129261.24415856002,119050.42894074002,357479.96671598015,0
2026-05-25,-36,0.21022410381342863,0.21953152004666243,0.21487781193004551,3714.1041836700028,49656.314600730104,149826.34615206017,0
2026-05-25,-35,0.21953152004666243,0.2292510108011678,0.22439126542391513,6895.2470311000052,100091.54011244008,371207.34279117029,0
2026-05-25,-34,0.2292510108011678,0.23940082017464343,0.2343259154879056,3642.3718960400024,33459.172900450008,269431.15096912975,0
2026-05-25,-33,0.23940082017464343,0.25,0.24470041008732171,9486.9624663600043,162683.06488041027,898776.70233225822,0
2026-05-25,-32,0.25,0.26106844560685344,0.25553422280342675,3681.0132316700001,77527.759689230137,161724.61078489994,0
2026-05-25,-31,0.26106844560685344,0.27262693316631442,0.26684768938658393,0,553356.81776410004,8440.6189439600821,0
2026-05-25,-30,0.27262693316631442,0.28469715868917289,0.27866204592774368,0,61704.278503790032,20110.106080509973,0
2026-05-25,-29,0.28469715868917289,0.29730177875068026,0.29099946871992655,0,14181.370205649997,33.05316589011656,0
2026-05-25,-28,0.29730177875068026,0.310464453018371,0.30388311588452566,0,23522.254244460095,123269.93995983346,0
2026-05-25,-27,0.310464453018371,0.32420988866275241,0.31733717084056168,0,55708.120872049993,953.943092110007,0
2026-05-25,-26,0.32420988866275241,0.33856388673422316,0.33138688769848779,0,18498.084140660016,20.169788440101811,0
2026-05-25,-22,0.38555270635198519,0.40262258298731357,0.39408764466964941,0,7672.5932033503141,2338.3926258201163,0
2026-05-25,-21,0.40262258298731357,0.42044820762685725,0.41153539530708538,0,133288.15758245008,4.4799198499972714,0
2026-05-25,-16,0.5,0.52213689121370688,0.51106844560685349,0,6534.509931140049,741.55482006,0
2026-05-26,-46,0.13631346658315721,0.14234857934458645,0.13933102296387184,47517.735290860001,0,139288.09419388001,0
2026-05-26,-45,0.14234857934458645,0.14865088937534013,0.14549973435996327,79593.300158710001,0,229193.27588276999,0
2026-05-26,-44,0.14865088937534013,0.1552322265091855,0.15194155794226283,135136.2284656,0,392127.30855972,0
2026-05-26,-43,0.1552322265091855,0.16210494433137621,0.15866858542028084,59115.886130060171,419461.84968381998,299475.69301777001,0
2026-05-26,-42,0.16210494433137621,0.16928194336711158,0.16569344384924389,86116.335092680485,29493.67253390035,435095.84529877,0
2026-05-26,-41,0.16928194336711158,0.17677669529663689,0.17302931933187424,175886.28994004021,283061.40390288999,445246.12994788011,0
2026-05-26,-40,0.17677669529663689,0.18460326824243742,0.18068998176953716,98443.413849920209,75284.268194289965,677583.62509197963,0
2026-05-26,-39,0.18460326824243742,0.19277635317599259,0.18868981070921501,790364.67856683966,4021592.2952491604,732335.9645236003,0
2026-05-26,-38,0.19277635317599259,0.20131129149365679,0.1970438223348247,343217.42227245023,2064423.56339379,978351.64741575497,0
2026-05-26,-37,0.20131129149365679,0.21022410381342863,0.20576769765354269,129260.34386752002,119050.42894074002,357479.96671598015,0
2026-05-26,-36,0.21022410381342863,0.21953152004666243,0.21487781193004551,3714.1041836700028,49656.314600730104,149826.34615206017,0
2026-05-26,-35,0.21953152004666243,0.2292510108011678,0.22439126542391513,6895.2470311000052,100091.54011244008,371207.34279117029,0
2026-05-26,-34,0.2292510108011678,0.23940082017464343,0.2343259154879056,3642.3718960400024,33459.172900450008,269431.15096912975,0
2026-05-26,-33,0.23940082017464343,0.25,0.24470041008732171,9486.9624663600043,162683.06488041027,882756.91235950822,0
2026-05-26,-32,0.25,0.26106844560685344,0.25553422280342675,3681.0132316700001,77527.759689230137,161724.61078489994,0
2026-05-26,-31,0.26106844560685344,0.27262693316631442,0.26684768938658393,0,553297.98879543005,8440.6189439600821,0
2026-05-26,-30,0.27262693316631442,0.28469715868917289,0.27866204592774368,0,61704.278503790032,20110.106080509973,0
2026-05-26,-29,0.28469715868917289,0.29730177875068026,0.29099946871992655,0,14181.370205649997,33.05316589011656,0
2026-05-26,-28,0.29730177875068026,0.310464453018371,0.30388311588452566,0,23522.254244460095,41701.605117723462,0
2026-05-26,-27,0.310464453018371,0.32420988866275241,0.31733717084056168,0,55708.120872049993,953.943092110007,0
2026-05-26,-26,0.32420988866275241,0.33856388673422316,0.33138688769848779,0,18498.084140660016,20.169788440101811,0
2026-05-26,-22,0.38555270635198519,0.40262258298731357,0.39408764466964941,0,7672.5932033503141,2338.3926258201163,0
2026-05-26,-21,0.40262258298731357,0.42044820762685725,0.41153539530708538,0,133288.15758245008,4.4799198499972714,0
2026-05-26,-16,0.5,0.52213689121370688,0.51106844560685349,0,6534.509931140049,741.55482006,0
2026-05-27,-46,0.13631346658315721,0.14234857934458645,0.13933102296387184,47517.735290860001,0,139288.09419388001,0
2026-05-27,-45,0.14234857934458645,0.14865088937534013,0.14549973435996327,79593.300158710001,0,229193.27588276999,0
2026-05-27,-44,0.14865088937534013,0.1552322265091855,0.15194155794226283,135136.2284656,0,392127.30855972,0
2026-05-27,-43,0.1552322265091855,0.16210494433137621,0.15866858542028084,59115.886130060171,419461.84968381998,299475.69301777001,0
2026-05-27,-42,0.16210494433137621,0.16928194336711158,0.16569344384924389,86062.538550950485,29493.67253390035,435095.84529877,0
2026-05-27,-41,0.16928194336711158,0.17677669529663689,0.17302931933187424,187401.86998158024,283061.40390288999,466769.51261231012,0
2026-05-27,-40,0.17677669529663689,0.18460326824243742,0.18068998176953716,93931.982059400209,75284.268194289965,676537.1486973596,0
2026-05-27,-39,0.18460326824243742,0.19277635317599259,0.18868981070921501,788146.08363155962,4021816.0334799006,732335.9645236003,0
2026-05-27,-38,0.19277635317599259,0.20131129149365679,0.1970438223348247,337044.29398128024,2064423.56339379,977017.20909973502,0
2026-05-27,-37,0.20131129149365679,0.21022410381342863,0.20576769765354269,129260.34386752002,119050.42894074002,357479.96671598015,0
2026-05-27,-36,0.21022410381342863,0.21953152004666243,0.21487781193004551,3714.1041836700028,49656.314600730104,149826.34615206017,0
2026-05-27,-35,0.21953152004666243,0.2292510108011678,0.22439126542391513,6895.2470311000052,100091.54011244008,371207.34279117029,0
2026-05-27,-34,0.2292510108011678,0.23940082017464343,0.2343259154879056,3642.3718960400024,33459.172900450008,269431.15096912975,0
2026-05-27,-33,0.23940082017464343,0.25,0.24470041008732171,9372.0144119300039,162683.06488041027,882746.23613935825,0
2026-05-27,-32,0.25,0.26106844560685344,0.25553422280342675,3681.0132316700001,77527.759689230137,161724.61078489994,0
2026-05-27,-31,0.26106844560685344,0.27262693316631442,0.26684768938658393,0,553297.98879543005,8440.6189439600821,0
2026-05-27,-30,0.27262693316631442,0.28469715868917289,0.27866204592774368,0,61704.278503790032,20110.106080509973,0
2026-05-27,-29,0.28469715868917289,0.29730177875068026,0.29099946871992655,0,14181.370205649997,33.05316589011656,0
2026-05-27,-28,0.29730177875068026,0.310464453018371,0.30388311588452566,0,23522.254244460095,25165.553221283459,0
2026-05-27,-27,0.310464453018371,0.32420988866275241,0.31733717084056168,0,55708.120872049993,953.943092110007,0
2026-05-27,-26,0.32420988866275241,0.33856388673422316,0.33138688769848779,0,18498.084140660016,20.169788440101811,0
2026-05-27,-22,0.38555270635198519,0.40262258298731357,0.39408764466964941,0,7672.5932033503141,2338.3926258201163,0
2026-05-27,-21,0.40262258298731357,0.42044820762685725,0.41153539530708538,0,133264.40834962006,4.4799198499972714,0
2026-05-27,-16,0.5,0.52213689121370688,0.51106844560685349,0,6534.509931140049,741.55482006,0
2026-05-28,-46,0.13631346658315721,0.14234857934458645,0.13933102296387184,47517.734701860005,0,139288.09419388001,0
2026-05-28,-45,0.14234857934458645,0.14865088937534013,0.14549973435996327,79593.300158710001,0,229193.27588276999,0
2026-05-28,-44,0.14865088937534013,0.1552322265091855,0.15194155794226283,135130.25096775999,0,392127.30855972,0
2026-05-28,-43,0.1552322265091855,0.16210494433137621,0.15866858542028084,59115.886130060171,419461.84968381998,299475.69301777001,0
2026-05-28,-42,0.16210494433137621,0.16928194336711158,0.16569344384924389,86062.538550950485,29493.67253390035,435095.84529877,0
2026-05-28,-41,0.16928194336711158,0.17677669529663689,0.17302931933187424,209013.98095312007,285314.41007062013,479514.71299468016,0
2026-05-28,-40,0.17677669529663689,0.18460326824243742,0.18068998176953716,86027.097035990198,75284.268194289965,676537.1486973596,0
2026-05-28,-39,0.18460326824243742,0.19277635317599259,0.18868981070921501,786352.1172700196,4021816.0334799006,732335.9645236003,0
2026-05-28,-38,0.19277635317599259,0.20131129149365679,0.1970438223348247,335351.93757067027,2064423.56339379,975195.05680948496,0
2026-05-28,-37,0.20131129149365679,0.21022410381342863,0.20576769765354269,129218.44781770001,119050.42894074002,357479.96671598015,0
2026-05-28,-36,0.21022410381342863,0.21953152004666243,0.21487781193004551,3714.1041836700028,49656.314600730104,149816.93321103018,0
2026-05-28,-35,0.21953152004666243,0.2292510108011678,0.22439126542391513,6895.2470311000052,100091.54011244008,371207.34279117029,0
2026-05-28,-34,0.2292510108011678,0.23940082017464343,0.2343259154879056,3642.3718954000024,33459.172900450008,269431.15096912975,0
2026-05-28,-33,0.23940082017464343,0.25,0.24470041008732171,9367.4054482400043,162642.32902441025,867133.01188999822,0
2026-05-28,-32,0.25,0.26106844560685344,0.25553422280342675,3681.0132316700001,77527.759689230137,161724.61078489994,0
2026-05-28,-31,0.26106844560685344,0.27262693316631442,0.26684768938658393,0,549040.65567781008,8440.6189439600821,0
2026-05-28,-30,0.27262693316631442,0.28469715868917289,0.27866204592774368,0,61704.278503790032,17415.10584563329,0
2026-05-28,-29,0.28469715868917289,0.29730177875068026,0.29099946871992655,0,14181.370205649997,33.05316589011656,0
2026-05-28,-28,0.29730177875068026,0.310464453018371,0.30388311588452566,0,23490.637362070083,393.73258132014359,0
2026-05-28,-27,0.310464453018371,0.32420988866275241,0.31733717084056168,0,55708.120872049993,953.943092110007,0
2026-05-28,-26,0.32420988866275241,0.33856388673422316,0.33138688769848779,0,18498.084140660016,20.169788440101811,0
2026-05-28,-22,0.38555270635198519,0.40262258298731357,0.39408764466964941,0,7672.5932033503141,2338.3926258201163,0
2026-05-28,-21,0.40262258298731357,0.42044820762685725,0.41153539530708538,0,133264.40834962006,4.4799198499972714,0
2026-05-28,-16,0.5,0.52213689121370688,0.51106844560685349,0,6534.509931140049,741.55482006,0
2026-05-29,-46,0.13631346658315721,0.14234857934458645,0.13933102296387184,47517.734701860005,0,139288.09419388001,0
2026-05-29,-45,0.14234857934458645,0.14865088937534013,0.14549973435996327,79593.300158710001,0,229193.27588276999,0
2026-05-29,-44,0.14865088937534013,0.1552322265091855,0.15194155794226283,135129.25096775999,0,392127.30855972,0
2026-05-29,-43,0.1552322265091855,0.16210494433137621,0.15866858542028084,59115.886130060171,419461.84968381998,299475.69301777001,0
2026-05-29,-42,0.16210494433137621,0.16928194336711158,0.16569344384924389,86062.538550950485,29493.67253390035,435095.84529877,0
2026-05-29,-41,0.16928194336711158,0.17677669529663689,0.17302931933187424,238703.92951890008,285314.23623205017,477809.43211442017,0
2026-05-29,-40,0.17677669529663689,0.18460326824243742,0.18068998176953716,75737.166475330203,78283.981815309962,676537.1486973596,0
2026-05-29,-39,0.18460326824243742,0.19277635317599259,0.18868981070921501,786000.49982981966,4021816.0334799006,732335.9645236003,0
2026-05-29,-38,0.19277635317599259,0.20131129149365679,0.1970438223348247,331351.93757067027,2064355.3233937901,974186.76217687491,0
2026-05-29,-37,0.20131129149365679,0.21022410381342863,0.20576769765354269,129218.44781770001,119050.42894074002,357479.66671198013,0
2026-05-29,-36,0.21022410381342863,0.21953152004666243,0.21487781193004551,3714.1041836700028,49656.314600730104,149816.93321103018,0
2026-05-29,-35,0.21953152004666243,0.2292510108011678,0.22439126542391513,6895.2470311000052,100091.54011244008,371207.34279117029,0
2026-05-29,-34,0.2292510108011678,0.23940082017464343,0.2343259154879056,3642.3718954000024,33459.172900450008,269431.15096912975,0
2026-05-29,-33,0.23940082017464343,0.25,0.24470041008732171,9367.4044449200046,162642.32902441025,867133.01188999822,0
2026-05-29,-32,0.25,0.26106844560685344,0.25553422280342675,3681.0132316700001,77527.759689230137,161724.61078489994,0
2026-05-29,-31,0.26106844560685344,0.27262693316631442,0.26684768938658393,0,547447.40044413006,8440.6189439600821,0
2026-05-29,-30,0.27262693316631442,0.28469715868917289,0.27866204592774368,0,59666.828503790035,3346.7013853532908,0
2026-05-29,-29,0.28469715868917289,0.29730177875068026,0.29099946871992655,0,14181.370205649997,33.05316589011656,0
2026-05-29,-28,0.29730177875068026,0.310464453018371,0.30388311588452566,0,23487.864637050083,393.73258132014359,0
2026-05-29,-27,0.310464453018371,0.32420988866275241,0.31733717084056168,0,55706.893597069989,953.943092110007,0
2026-05-29,-26,0.32420988866275241,0.33856388673422316,0.33138688769848779,0,18498.084140660016,20.169788440101811,0
2026-05-29,-22,0.38555270635198519,0.40262258298731357,0.39408764466964941,0,7672.5932033503141,2338.3926258201163,0
2026-05-29,-21,0.40262258298731357,0.42044820762685725,0.41153539530708538,0,133264.40834962006,4.4799198499972714,0
2026-05-29,-16,0.5,0.52213689121370688,0.51106844560685349,0,6534.509931140049,741.55482006,0
2026-05-30,-46,0.13631346658315721,0.14234857934458645,0.13933102296387184,47517.734701860005,0,139288.09419388001,0
2026-05-30,-45,0.14234857934458645,0.14865088937534013,0.14549973435996327,79593.300158710001,0,229193.27588276999,0
2026-05-30,-44,0.14865088937534013,0.1552322265091855,0.15194155794226283,135129.25096775999,0,392127.30855972,0
2026-05-30,-43,0.1552322265091855,0.16210494433137621,0.15866858542028084,59115.886130060171,419461.84968381998,299475.69301777001,0
2026-05-30,-42,0.16210494433137621,0.16928194336711158,0.16569344384924389,86062.538550950485,29493.67253390035,435095.84529877,0
2026-05-30,-41,0.16928194336711158,0.17677669529663689,0.17302931933187424,242030.04931188008,285314.23623205017,497510.03856420016,0
2026-05-30,-40,0.17677669529663689,0.18460326824243742,0.18068998176953716,74859.166475320206,78283.981815309962,676537.1486973596,0
2026-05-30,-39,0.18460326824243742,0.19277635317599259,0.18868981070921501,785590.04171045963,4022070.3929510103,732335.9645236003,0
2026-05-30,-38,0.19277635317599259,0.20131129149365679,0.1970438223348247,331292.22764917027,2064355.3233937901,973393.57982754498,0
2026-05-30,-37,0.20131129149365679,0.21022410381342863,0.20576769765354269,129198.27083995001,119050.42894074002,357479.66671198013,0
2026-05-30,-36,0.21022410381342863,0.21953152004666243,0.21487781193004551,3714.1041836700028,49656.314600730104,149816.93321103018,0
2026-05-30,-35,0.21953152004666243,0.2292510108011678,0.22439126542391513,6895.2470311000052,100091.54011244008,371207.34279117029,0
2026-05-30,-34,0.2292510108011678,0.23940082017464343,0.2343259154879056,3642.371895390002,33459.172900450008,269431.15096912975,0
2026-05-30,-33,0.23940082017464343,0.25,0.24470041008732171,9312.2904579300048,162642.32902441025,867129.48245109827,0
2026-05-30,-32,0.25,0.26106844560685344,0.25553422280342675,3681.0132316700001,77527.759689230137,149438.37972933328,0
2026-05-30,-31,0.26106844560685344,0.27262693316631442,0.26684768938658393,0,547447.40044413006,8440.6189439600821,0
2026-05-30,-30,0.27262693316631442,0.28469715868917289,0.27866204592774368,0,59666.828503790035,1423.7357333899754,0
2026-05-30,-29,0.28469715868917289,0.29730177875068026,0.29099946871992655,0,14181.370205649997,33.05316589011656,0
2026-05-30,-28,0.29730177875068026,0.310464453018371,0.30388311588452566,0,23487.864637050083,393.73258132014359,0
2026-05-30,-27,0.310464453018371,0.32420988866275241,0.31733717084056168,0,55706.893597069989,953.943092110007,0
2026-05-30,-26,0.32420988866275241,0.33856388673422316,0.33138688769848779,0,18498.084140660016,20.169788440101811,0
2026-05-30,-22,0.38555270635198519,0.40262258298731357,0.39408764466964941,0,7672.5932033503141,2338.3926258201163,0
2026-05-30,-21,0.40262258298731357,0.42044820762685725,0.41153539530708538,0,133264.40834962006,4.4799198499972714,0
2026-05-30,-16,0.5,0.52213689121370688,0.51106844560685349,0,6264.5910899300488,741.55482006,0
2026-05-31,-46,0.13631346658315721,0.14234857934458645,0.13933102296387184,47517.734701860005,0,139288.09419388001,0
2026-05-31,-45,0.14234857934458645,0.14865088937534013,0.14549973435996327,79593.300158710001,0,229193.27588276999,0
2026-05-31,-44,0.14865088937534013,0.1552322265091855,0.15194155794226283,135129.25096775999,0,392127.30855972,0
2026-05-31,-43,0.1552322265091855,0.16210494433137621,0.15866858542028084,59115.886130060171,419461.84968381998,299475.69301777001,0
2026-05-31,-42,0.16210494433137621,0.16928194336711158,0.16569344384924389,86062.538550950485,29493.67253390035,435095.84529877,0
2026-05-31,-41,0.16928194336711158,0.17677669529663689,0.17302931933187424,308020.90711347008,285212.43623205012,493986.26101993019,0
2026-05-31,-40,0.17677669529663689,0.18460326824243742,0.18068998176953716,72157.456515860205,78283.981815309962,676514.26296394959,0
2026-05-31,-39,0.18460326824243742,0.19277635317599259,0.18868981070921501,784872.80683005962,4022070.3929510103,732304.12778662029,0
2026-05-31,-38,0.19277635317599259,0.20131129149365679,0.1970438223348247,331121.55908273027,2064525.99196022,970529.40270239499,0
2026-05-31,-37,0.20131129149365679,0.21022410381342863,0.20576769765354269,129160.32267837001,119050.42894074002,355260.37671198015,0
2026-05-31,-36,0.21022410381342863,0.21953152004666243,0.21487781193004551,3714.1041836700028,49656.314600730104,148877.44569614017,0
2026-05-31,-35,0.21953152004666243,0.2292510108011678,0.22439126542391513,6895.2470311000052,100091.54011244008,371207.34279117029,0
2026-05-31,-34,0.2292510108011678,0.23940082017464343,0.2343259154879056,3642.371895390002,33459.172900450008,269431.15096912975,0
2026-05-31,-33,0.23940082017464343,0.25,0.24470041008732171,9312.2904579300048,162611.12902441027,827988.52125301829,0
2026-05-31,-32,0.25,0.26106844560685344,0.25553422280342675,3681.0132316700001,77527.759689230137,108980.17029784326,0
2026-05-31,-31,0.26106844560685344,0.27262693316631442,0.26684768938658393,0,547422.18044413009,8440.6189439600821,0
2026-05-31,-30,0.27262693316631442,0.28469715868917289,0.27866204592774368,0,59666.828503790035,1423.7357333899754,0
2026-05-31,-29,0.28469715868917289,0.29730177875068026,0.29099946871992655,0,14181.370205649997,33.05316589011656,0
2026-05-31,-28,0.29730177875068026,0.310464453018371,0.30388311588452566,0,23487.864637050083,393.73258132014359,0
2026-05-31,-27,0.310464453018371,0.32420988866275241,0.31733717084056168,0,55706.893597069989,953.943092110007,0
2026-05-31,-26,0.32420988866275241,0.33856388673422316,0.33138688769848779,0,18498.084140660016,20.169788440101811,0
2026-05-31,-22,0.38555270635198519,0.40262258298731357,0.39408764466964941,0,7672.5932033503141,2338.3926258201163,0
2026-05-31,-21,0.40262258298731357,0.42044820762685725,0.41153539530708538,0,133264.40834962006,4.4799198499972714,0
2026-05-31,-16,0.5,0.52213689121370688,0.51106844560685349,0,6264.5910899300488,741.55482006,0
2026-06-01,-46,0.13631346658315721,0.14234857934458645,0.13933102296387184,47517.734701860005,0,139288.09419388001,0
2026-06-01,-45,0.14234857934458645,0.14865088937534013,0.14549973435996327,79593.17338126,0,229193.27588276999,0
2026-06-01,-44,0.14865088937534013,0.1552322265091855,0.15194155794226283,135129.25096775999,0,392127.30855972,0
2026-06-01,-43,0.1552322265091855,0.16210494433137621,0.15866858542028084,59115.886130060171,419461.84968381998,299475.69301777001,0
2026-06-01,-42,0.16210494433137621,0.16928194336711158,0.16569344384924389,79842.785204270491,29493.67253390035,435095.84529877,0
2026-06-01,-41,0.16928194336711158,0.17677669529663689,0.17302931933187424,249406.03709612016,285212.43623205012,466386.48986527004,0
2026-06-01,-40,0.17677669529663689,0.18460326824243742,0.18068998176953716,194934.84314600014,78283.981815309962,737617.66338659974,0
2026-06-01,-39,0.18460326824243742,0.19277635317599259,0.18868981070921501,775006.39520243963,4020189.2417510105,732304.12778662029,0
2026-06-01,-38,0.19277635317599259,0.20131129149365679,0.1970438223348247,326206.68348744023,2064525.9919601101,967244.566326865,0
2026-06-01,-37,0.20131129149365679,0.21022410381342863,0.20576769765354269,126977.98582729002,120977.24699004002,355260.37671198015,0
2026-06-01,-36,0.21022410381342863,0.21953152004666243,0.21487781193004551,3714.1041836700028,49496.314600730104,148877.44569614017,0
2026-06-01,-35,0.21953152004666243,0.2292510108011678,0.22439126542391513,6842.6666434500057,100091.54011244008,371207.34279117029,0
2026-06-01,-34,0.2292510108011678,0.23940082017464343,0.2343259154879056,3642.371895390002,33459.172900450008,269431.15096912975,0
2026-06-01,-33,0.23940082017464343,0.25,0.24470041008732171,9067.3961857500053,162607.99020434025,821620.87192413828,0
2026-06-01,-32,0.25,0.26106844560685344,0.25553422280342675,3681.0132316700001,77527.759689230137,71271.631409333262,0
2026-06-01,-31,0.26106844560685344,0.27262693316631442,0.26684768938658393,0,547393.79044413008,8440.6189439600821,0
2026-06-01,-30,0.27262693316631442,0.28469715868917289,0.27866204592774368,0,59666.828503790035,1423.7357333899754,0
2026-06-01,-29,0.28469715868917289,0.29730177875068026,0.29099946871992655,0,14181.370205649997,33.05316589011656,0
2026-06-01,-28,0.29730177875068026,0.310464453018371,0.30388311588452566,0,23487.864637050083,393.73258132014359,0
2026-06-01,-27,0.310464453018371,0.32420988866275241,0.31733717084056168,0,55606.284597069993,953.943092110007,0
2026-06-01,-26,0.32420988866275241,0.33856388673422316,0.33138688769848779,0,18498.084140660016,20.169788440101811,0
2026-06-01,-22,0.38555270635198519,0.40262258298731357,0.39408764466964941,0,7672.5932033503141,2338.3926258201163,0
2026-06-01,-21,0.40262258298731357,0.42044820762685725,0.41153539530708538,0,133264.40834962006,4.4799198499972714,0
2026-06-01,-16,0.5,0.52213689121370688,0.51106844560685349,0,6233.4010899300492,741.55482006,0
2026-06-02,-46,0.13631346658315721,0.14234857934458645,0.13933102296387184,47517.734701860005,0,139288.09419388001,0
2026-06-02,-45,0.14234857934458645,0.14865088937534013,0.14549973435996327,79422.244847260008,0,229193.27588276999,0
2026-06-02,-44,0.14865088937534013,0.1552322265091855,0.15194155794226283,132538.25096774998,0,392127.30855972,0
2026-06-02,-43,0.1552322265091855,0.16210494433137621,0.15866858542028084,59115.886130060171,419461.84968381998,270311.44471885002,0
2026-06-02,-42,0.16210494433137621,0.16928194336711158,0.16569344384924389,79842.785204270491,29406.712607330348,415630.67500638322,0
2026-06-02,-41,0.16928194336711158,0.17677669529663689,0.17302931933187424,194056.91783271014,285212.43623205012,304003.44215849001,0
2026-06-02,-40,0.17677669529663689,0.18460326824243742,0.18068998176953716,133835.33207404011,78283.981815309962,709292.10326273961,0
2026-06-02,-39,0.18460326824243742,0.19277635317599259,0.18868981070921501,766505.90588409989,4014522.5364105706,713625.47738887032,0
2026-06-02,-38,0.19277635317599259,0.20131129149365679,0.1970438223348247,301398.13733337022,2064525.9919601101,946491.96909993992,0
2026-06-02,-37,0.20131129149365679,0.21022410381342863,0.20576769765354269,275302.21400619001,120946.34600173002,787272.60911566543,0
2026-06-02,-36,0.21022410381342863,0.21953152004666243,0.21487781193004551,3714.1041836700028,49454.774219470099,109952.21610084016,0
2026-06-02,-35,0.21953152004666243,0.2292510108011678,0.22439126542391513,6254.6789334400055,100582.52770451008,355429.6872088603,0
2026-06-02,-34,0.2292510108011678,0.23940082017464343,0.2343259154879056,3642.3718953800012,33459.172900450008,269431.15096912975,0
2026-06-02,-33,0.23940082017464343,0.25,0.24470041008732171,9067.3961857500053,162607.99020434025,796585.49389161821,0
2026-06-02,-32,0.25,0.26106844560685344,0.25553422280342675,3253.0264636699999,77429.25999706013,68499.46938025995,0
2026-06-02,-31,0.26106844560685344,0.27262693316631442,0.26684768938658393,0,547204.61655313009,8440.6189439600821,0
2026-06-02,-30,0.27262693316631442,0.28469715868917289,0.27866204592774368,0,59666.828503790035,1423.7357333899754,0
2026-06-02,-29,0.28469715868917289,0.29730177875068026,0.29099946871992655,0,14181.370205649997,33.05316589011656,0
2026-06-02,-28,0.29730177875068026,0.310464453018371,0.30388311588452566,0,23476.774729050081,393.73258132014359,0
2026-06-02,-27,0.310464453018371,0.32420988866275241,0.31733717084056168,0,55560.253237069992,953.943092110007,0
2026-06-02,-26,0.32420988866275241,0.33856388673422316,0.33138688769848779,0,18498.084140660016,20.169788440101811,0
2026-06-02,-22,0.38555270635198519,0.40262258298731357,0.39408764466964941,0,7672.5932033503141,2338.3926258201163,0
2026-06-02,-21,0.40262258298731357,0.42044820762685725,0.41153539530708538,0,133264.40834962006,4.4799198499972714,0
2026-06-02,-16,0.5,0.52213689121370688,0.51106844560685349,0,6233.4010899300492,741.55482006,0
2026-06-03,-46,0.13631346658315721,0.14234857934458645,0.13933102296387184,47517.734701860005,0,139288.09419388001,0
2026-06-03,-45,0.14234857934458645,0.14865088937534013,0.14549973435996327,79422.244847260008,0,229193.27588276999,0
2026-06-03,-44,0.14865088937534013,0.1552322265091855,0.15194155794226283,132538.25096774998,0,392127.30855972,0
2026-06-03,-43,0.1552322265091855,0.16210494433137621,0.15866858542028084,59115.886130060171,419461.84968381998,270311.44471885002,0
2026-06-03,-42,0.16210494433137621,0.16928194336711158,0.16569344384924389,79758.296439870493,29406.712607330348,413667.88962362002,0
2026-06-03,-41,0.16928194336711158,0.17677669529663689,0.17302931933187424,165509.96232837014,285212.43623205012,300453.06632414,0
2026-06-03,-40,0.17677669529663689,0.18460326824243742,0.18068998176953716,129944.14690077012,77019.021187699967,539408.12510982959,0
2026-06-03,-39,0.18460326824243742,0.19277635317599259,0.18868981070921501,765602.31551793986,4005623.7146016504,683729.0833961335,0
2026-06-03,-38,0.19277635317599259,0.20131129149365679,0.1970438223348247,285478.90208927024,2064525.9919601101,946491.96909993992,0
2026-06-03,-37,0.20131129149365679,0.21022410381342863,0.20576769765354269,313894.73151895998,120945.89565434003,1013268.5233324055,0
2026-06-03,-36,0.21022410381342863,0.21953152004666243,0.21487781193004551,3714.1041836700028,49454.774219470099,109952.21610084016,0
2026-06-03,-35,0.21953152004666243,0.2292510108011678,0.22439126542391513,6254.6789334400055,100582.52765197009,355178.84410259029,0
2026-06-03,-34,0.2292510108011678,0.23940082017464343,0.2343259154879056,2266.4475976300014,34579.541647460006,269431.15096912975,0
2026-06-03,-33,0.23940082017464343,0.25,0.24470041008732171,9062.4260655800044,162580.19020434027,784344.79498962825,0
2026-06-03,-32,0.25,0.26106844560685344,0.25553422280342675,3253.0264636699999,77429.25999706013,68499.46938025995,0
2026-06-03,-31,0.26106844560685344,0.27262693316631442,0.26684768938658393,0,547169.11853217008,8440.6189439600821,0
2026-06-03,-30,0.27262693316631442,0.28469715868917289,0.27866204592774368,0,59655.624247790038,1423.7357333899754,0
2026-06-03,-29,0.28469715868917289,0.29730177875068026,0.29099946871992655,0,14181.370205649997,33.05316589011656,0
2026-06-03,-28,0.29730177875068026,0.310464453018371,0.30388311588452566,0,23476.774729050081,393.73258132014359,0
2026-06-03,-27,0.310464453018371,0.32420988866275241,0.31733717084056168,0,55560.253237069992,953.943092110007,0
2026-06-03,-26,0.32420988866275241,0.33856388673422316,0.33138688769848779,0,18498.084140660016,20.169788440101811,0
2026-06-03,-22,0.38555270635198519,0.40262258298731357,0.39408764466964941,0,7672.5932033503141,2338.3926258201163,0
2026-06-03,-21,0.40262258298731357,0.42044820762685725,0.41153539530708538,0,133264.40834962006,4.4799198499972714,0
2026-06-03,-16,0.5,0.52213689121370688,0.51106844560685349,0,6233.4010899300492,741.55482006,0
2026-06-04,-46,0.13631346658315721,0.14234857934458645,0.13933102296387184,47517.734701860005,0,139288.09419388001,0
2026-06-04,-45,0.14234857934458645,0.14865088937534013,0.14549973435996327,79422.244847260008,0,229193.27588276999,0
2026-06-04,-44,0.14865088937534013,0.1552322265091855,0.15194155794226283,130479.96503376999,0,392127.30855972,0
2026-06-04,-43,0.1552322265091855,0.16210494433137621,0.15866858542028084,57054.518735620171,419461.84968381998,270311.44471885002,0
2026-06-04,-42,0.16210494433137621,0.16928194336711158,0.16569344384924389,79758.296439870493,28141.704884720348,413667.88962362002,0
2026-06-04,-41,0.16928194336711158,0.17677669529663689,0.17302931933187424,112190.73513898013,285212.43623205012,296164.11630954,0
2026-06-04,-40,0.17677669529663689,0.18460326824243742,0.18068998176953716,115338.21207969011,76791.698482479973,512166.31097748957,0
2026-06-04,-39,0.18460326824243742,0.19277635317599259,0.18868981070921501,764079.11121807981,4002195.8623938905,641258.14631180034,0
2026-06-04,-38,0.19277635317599259,0.20131129149365679,0.1970438223348247,436871.06388990034,2064522.4405742302,1218941.1453998752,0
2026-06-04,-37,0.20131129149365679,0.21022410381342863,0.20576769765354269,215070.94506524986,120945.89565434003,937401.71264834341,0
2026-06-04,-36,0.21022410381342863,0.21953152004666243,0.21487781193004551,3714.1041836700028,49454.774219470099,109952.21610084016,0
2026-06-04,-35,0.21953152004666243,0.2292510108011678,0.22439126542391513,924.26956477000465,105912.93702064008,355178.84410259029,0
2026-06-04,-34,0.2292510108011678,0.23940082017464343,0.2343259154879056,2266.4475976300014,34579.541647460006,266295.70526912814,0
2026-06-04,-33,0.23940082017464343,0.25,0.24470041008732171,9062.4260655800044,162580.19020434027,742855.71243119985,0
2026-06-04,-32,0.25,0.26106844560685344,0.25553422280342675,3253.0264636699999,77429.25999706013,58953.067265929953,0
2026-06-04,-31,0.26106844560685344,0.27262693316631442,0.26684768938658393,0,547136.40991805005,8440.6189439600821,0
2026-06-04,-30,0.27262693316631442,0.28469715868917289,0.27866204592774368,0,59655.624247790038,1423.7357333899754,0
2026-06-04,-29,0.28469715868917289,0.29730177875068026,0.29099946871992655,0,14181.370205649997,33.05316589011656,0
2026-06-04,-28,0.29730177875068026,0.310464453018371,0.30388311588452566,0,21723.604729050083,393.73258132014359,0
2026-06-04,-27,0.310464453018371,0.32420988866275241,0.31733717084056168,0,55560.253237069992,953.943092110007,0
2026-06-04,-26,0.32420988866275241,0.33856388673422316,0.33138688769848779,0,18498.084140660016,20.169788440101811,0
2026-06-04,-22,0.38555270635198519,0.40262258298731357,0.39408764466964941,0,7672.5932033503141,2338.3926258201163,0
2026-06-04,-21,0.40262258298731357,0.42044820762685725,0.41153539530708538,0,133264.40834962006,4.4799198499972714,0
2026-06-04,-16,0.5,0.52213689121370688,0.51106844560685349,0,6233.4010899300492,741.55482006,0
2026-06-05,-46,0.13631346658315721,0.14234857934458645,0.13933102296387184,47517.734701860005,0,139288.09419388001,0
2026-06-05,-45,0.14234857934458645,0.14865088937534013,0.14549973435996327,79422.244847260008,0,229193.27588276999,0
2026-06-05,-44,0.14865088937534013,0.1552322265091855,0.15194155794226283,129792.80510380998,0,392127.30855972,0
2026-06-05,-43,0.1552322265091855,0.16210494433137621,0.15866858542028084,56663.035372670172,419349.84968381998,270311.44471885002,0
2026-06-05,-42,0.16210494433137621,0.16928194336711158,0.16569344384924389,79746.673762250488,28141.704884720348,413667.88962362002,0
2026-06-05,-41,0.16928194336711158,0.17677669529663689,0.17302931933187424,112168.36521710014,285212.43623205012,296164.11630954,0
2026-06-05,-40,0.17677669529663689,0.18460326824243742,0.18068998176953716,115247.70355140012,76791.698482479973,512166.31097748957,0
2026-06-05,-39,0.18460326824243742,0.19277635317599259,0.18868981070921501,763515.00278365985,3988569.6991247605,641258.14631180034,0
2026-06-05,-38,0.19277635317599259,0.20131129149365679,0.1970438223348247,483638.07296170038,2062419.98921196,1336523.7182043351,0
2026-06-05,-37,0.20131129149365679,0.21022410381342863,0.20576769765354269,188102.98284471984,120772.65043723003,905307.21301491011,0
2026-06-05,-36,0.21022410381342863,0.21953152004666243,0.21487781193004551,1665.2680953900037,51502.520195930098,109952.21610084016,0
2026-06-05,-35,0.21953152004666243,0.2292510108011678,0.22439126542391513,924.26956477000465,105912.93702064008,276780.95311277354,0
2026-06-05,-34,0.2292510108011678,0.23940082017464343,0.2343259154879056,2266.4475976300014,34579.541647460006,264489.04608966812,0
2026-06-05,-33,0.23940082017464343,0.25,0.24470041008732171,9056.3701113300049,160951.19005654028,742855.71243119985,0
2026-06-05,-32,0.25,0.26106844560685344,0.25553422280342675,3253.0264636699999,77429.25999706013,58953.067265929953,0
2026-06-05,-31,0.26106844560685344,0.27262693316631442,0.26684768938658393,0,547101.86991805001,8440.6189439600821,0
2026-06-05,-30,0.27262693316631442,0.28469715868917289,0.27866204592774368,0,59655.624247790038,1423.7357333899754,0
2026-06-05,-29,0.28469715868917289,0.29730177875068026,0.29099946871992655,0,14076.421648199997,33.05316589011656,0
2026-06-05,-28,0.29730177875068026,0.310464453018371,0.30388311588452566,0,21723.604729050083,393.73258132014359,0
2026-06-05,-27,0.310464453018371,0.32420988866275241,0.31733717084056168,0,55560.253237069992,953.943092110007,0
2026-06-05,-26,0.32420988866275241,0.33856388673422316,0.33138688769848779,0,18498.084140660016,20.169788440101811,0
2026-06-05,-22,0.38555270635198519,0.40262258298731357,0.39408764466964941,0,7561.222696820314,2338.3926258201163,0
2026-06-05,-21,0.40262258298731357,0.42044820762685725,0.41153539530708538,0,133264.40834962006,4.4799198499972714,0
2026-06-05,-16,0.5,0.52213689121370688,0.51106844560685349,0,6233.4010899300492,741.55482006,0
2026-06-06,-46,0.13631346658315721,0.14234857934458645,0.13933102296387184,47517.734701860005,0,139288.09419388001,0
2026-06-06,-45,0.14234857934458645,0.14865088937534013,0.14549973435996327,79072.244847260008,0,229193.27588276999,0
2026-06-06,-44,0.14865088937534013,0.1552322265091855,0.15194155794226283,129783.68437910998,0,392127.30855972,0
2026-06-06,-43,0.1552322265091855,0.16210494433137621,0.15866858542028084,56663.035372670172,419349.84968381998,270311.44471885002,0
2026-06-06,-42,0.16210494433137621,0.16928194336711158,0.16569344384924389,79746.673762250488,28141.704884720348,413667.88962362002,0
2026-06-06,-41,0.16928194336711158,0.17677669529663689,0.17302931933187424,112138.41538231014,285212.43623205012,296164.11630954,0
2026-06-06,-40,0.17677669529663689,0.18460326824243742,0.18068998176953716,115247.70355140012,76771.590033479966,512166.31097748957,0
2026-06-06,-39,0.18460326824243742,0.19277635317599259,0.18868981070921501,63607.394610129901,3987126.0557158804,641069.25084095029,0
2026-06-06,-38,0.19277635317599259,0.20131129149365679,0.1970438223348247,521270.10246007016,2062339.6810554201,1362804.4047853251,0
2026-06-06,-37,0.20131129149365679,0.21022410381342863,0.20576769765354269,183919.64699250003,120772.74399060002,905307.21301491011,0
2026-06-06,-36,0.21022410381342863,0.21953152004666243,0.21487781193004551,1657.9130680500036,51502.520195930098,109915.42490158961,0
2026-06-06,-35,0.21953152004666243,0.2292510108011678,0.22439126542391513,893.26956477000465,105912.93702064008,239204.85089461031,0
2026-06-06,-34,0.2292510108011678,0.23940082017464343,0.2343259154879056,2106.4148475700013,34579.541647460006,237945.34041703193,0
2026-06-06,-33,0.23940082017464343,0.25,0.24470041008732171,8926.7120672700039,160951.19005654028,742855.71243119985,0
2026-06-06,-32,0.25,0.26106844560685344,0.25553422280342675,3253.0264636699999,77429.017722640143,58953.067265929953,0
2026-06-06,-31,0.26106844560685344,0.27262693316631442,0.26684768938658393,0,547101.86991805001,8440.6189439600821,0
2026-06-06,-30,0.27262693316631442,0.28469715868917289,0.27866204592774368,0,59643.263347790038,1423.7357333899754,0
2026-06-06,-29,0.28469715868917289,0.29730177875068026,0.29099946871992655,0,14076.421648199997,33.05316589011656,0
2026-06-06,-28,0.29730177875068026,0.310464453018371,0.30388311588452566,0,21723.604729050083,393.73258132014359,0
2026-06-06,-27,0.310464453018371,0.32420988866275241,0.31733717084056168,0,55560.253237069992,953.943092110007,0
2026-06-06,-26,0.32420988866275241,0.33856388673422316,0.33138688769848779,0,18465.623784660016,20.169788440101811,0
2026-06-06,-22,0.38555270635198519,0.40262258298731357,0.39408764466964941,0,7561.222696820314,2338.3926258201163,0
2026-06-06,-21,0.40262258298731357,0.42044820762685725,0.41153539530708538,0,133215.65062404008,4.4799198499972714,0
2026-06-06,-16,0.5,0.52213689121370688,0.51106844560685349,0,6233.4010899300492,741.55482006,0
2026-06-07,-46,0.13631346658315721,0.14234857934458645,0.13933102296387184,47517.734701860005,0,139288.09419388001,0
2026-06-07,-45,0.14234857934458645,0.14865088937534013,0.14549973435996327,79072.244847260008,0,229193.27588276999,0
2026-06-07,-44,0.14865088937534013,0.1552322265091855,0.15194155794226283,129771.10035025998,0,392127.30855972,0
2026-06-07,-43,0.1552322265091855,0.16210494433137621,0.15866858542028084,56663.035372670172,419349.84968381998,270311.44471885002,0
2026-06-07,-42,0.16210494433137621,0.16928194336711158,0.16569344384924389,79746.673762250488,28141.704884720348,413667.88962362002,0
2026-06-07,-41,0.16928194336711158,0.17677669529663689,0.17302931933187424,100522.84766123015,285212.43623205012,296164.11630954,0
2026-06-07,-40,0.17677669529663689,0.18460326824243742,0.18068998176953716,115211.72744747011,76771.590033479966,512166.31097748957,0
2026-06-07,-39,0.18460326824243742,0.19277635317599259,0.18868981070921501,63075.574025849906,3987024.6521192007,641069.25084095029,0
2026-06-07,-38,0.19277635317599259,0.20131129149365679,0.1970438223348247,402928.24177026009,2064530.74226876,1300536.9029424549,0
2026-06-07,-37,0.20131129149365679,0.21022410381342863,0.20576769765354269,178611.76993947002,120772.74399060002,899914.0818395128,0
2026-06-07,-36,0.21022410381342863,0.21953152004666243,0.21487781193004551,104534.49366439004,51062.520195930098,346040.59578573034,0
2026-06-07,-35,0.21953152004666243,0.2292510108011678,0.22439126542391513,893.26956477000465,105912.93702064008,185699.82601840032,0
2026-06-07,-34,0.2292510108011678,0.23940082017464343,0.2343259154879056,2106.3667788000012,34579.541647460006,196566.14827301871,0
2026-06-07,-33,0.23940082017464343,0.25,0.24470041008732171,8926.7120672700039,160873.23531139025,742855.71243119985,0
2026-06-07,-32,0.25,0.26106844560685344,0.25553422280342675,3253.0264636699999,77429.017722640143,58953.067265929953,0
2026-06-07,-31,0.26106844560685344,0.27262693316631442,0.26684768938658393,0,547101.86991805001,8440.6189439600821,0
2026-06-07,-30,0.27262693316631442,0.28469715868917289,0.27866204592774368,0,59643.263347790038,1423.7357333899754,0
2026-06-07,-29,0.28469715868917289,0.29730177875068026,0.29099946871992655,0,14076.421648199997,33.05316589011656,0
2026-06-07,-28,0.29730177875068026,0.310464453018371,0.30388311588452566,0,21723.604729050083,393.73258132014359,0
2026-06-07,-27,0.310464453018371,0.32420988866275241,0.31733717084056168,0,55349.461003069991,953.943092110007,0
2026-06-07,-26,0.32420988866275241,0.33856388673422316,0.33138688769848779,0,18465.623784660016,20.169788440101811,0
2026-06-07,-22,0.38555270635198519,0.40262258298731357,0.39408764466964941,0,7561.222696820314,2338.3926258201163,0
2026-06-07,-21,0.40262258298731357,0.42044820762685725,0.41153539530708538,0,133215.65062404008,4.4799198499972714,0
2026-06-07,-16,0.5,0.52213689121370688,0.51106844560685349,0,6233.4010899300492,741.55482006,0
2026-06-08,-46,0.13631346658315721,0.14234857934458645,0.13933102296387184,47517.734701860005,0,139288.09419388001,0
2026-06-08,-45,0.14234857934458645,0.14865088937534013,0.14549973435996327,79072.244847260008,0,229193.27588276999,0
2026-06-08,-44,0.14865088937534013,0.1552322265091855,0.15194155794226283,129771.10035025998,0,392127.30855972,0
2026-06-08,-43,0.1552322265091855,0.16210494433137621,0.15866858542028084,56663.035372670172,419349.84968381998,270311.44471885002,0
2026-06-08,-42,0.16210494433137621,0.16928194336711158,0.16569344384924389,79741.356201990493,28086.087275970352,413667.88962362002,0
2026-06-08,-41,0.16928194336711158,0.17677669529663689,0.17302931933187424,100045.84766123015,283858.05384080013,296164.11630954,0
2026-06-08,-40,0.17677669529663689,0.18460326824243742,0.18068998176953716,115198.29880955012,76771.590033479966,512166.31097748957,0
2026-06-08,-39,0.18460326824243742,0.19277635317599259,0.18868981070921501,131055.64808057985,3987024.6521191904,749244.60064879048,0
2026-06-08,-38,0.19277635317599259,0.20131129149365679,0.1970438223348247,369535.21902275999,2064530.74226876,1234483.377126073,0
2026-06-08,-37,0.20131129149365679,0.21022410381342863,0.20576769765354269,175377.17219569004,120772.74399060002,898927.81483641965,0
2026-06-08,-36,0.21022410381342863,0.21953152004666243,0.21487781193004551,58510.915992840259,51259.199908750103,257838.08698875527,0
2026-06-08,-35,0.21953152004666243,0.2292510108011678,0.22439126542391513,873.26956477000465,105912.93702064008,185650.88772506031,0
2026-06-08,-34,0.2292510108011678,0.23940082017464343,0.2343259154879056,2106.3667788000012,34579.541647460006,196566.14827301871,0
2026-06-08,-33,0.23940082017464343,0.25,0.24470041008732171,8926.7120672700039,160873.23531139025,742855.71243119985,0
2026-06-08,-32,0.25,0.26106844560685344,0.25553422280342675,2778.0264636699999,77429.017722640143,58953.067265929953,0
2026-06-08,-31,0.26106844560685344,0.27262693316631442,0.26684768938658393,0,547079.22991805,8440.6189439600821,0
2026-06-08,-30,0.27262693316631442,0.28469715868917289,0.27866204592774368,0,59643.263347790038,1423.7357333899754,0
2026-06-08,-29,0.28469715868917289,0.29730177875068026,0.29099946871992655,0,13557.357799199997,33.05316589011656,0
2026-06-08,-28,0.29730177875068026,0.310464453018371,0.30388311588452566,0,21723.604729050083,393.73258132014359,0
2026-06-08,-27,0.310464453018371,0.32420988866275241,0.31733717084056168,0,55344.922610069989,953.943092110007,0
2026-06-08,-26,0.32420988866275241,0.33856388673422316,0.33138688769848779,0,18465.623784660016,20.169788440101811,0
2026-06-08,-22,0.38555270635198519,0.40262258298731357,0.39408764466964941,0,7561.222696820314,2338.3926258201163,0
2026-06-08,-21,0.40262258298731357,0.42044820762685725,0.41153539530708538,0,133215.65062404008,4.4799198499972714,0
2026-06-08,-16,0.5,0.52213689121370688,0.51106844560685349,0,6233.4010899300492,741.55482006,0
2026-06-09,-46,0.13631346658315721,0.14234857934458645,0.13933102296387184,47517.734701860005,0,31.737659149999999,0
2026-06-09,-45,0.14234857934458645,0.14865088937534013,0.14549973435996327,79072.244847260008,0,777.0505814000004,0
2026-06-09,-44,0.14865088937534013,0.1552322265091855,0.15194155794226283,129769.75572404999,0,235898.10293163348,0
2026-06-09,-43,0.1552322265091855,0.16210494433137621,0.15866858542028084,946566.02762614016,419349.84968381998,3431804.7600197853,0
2026-06-09,-42,0.16210494433137621,0.16928194336711158,0.16569344384924389,79741.356201990493,28086.087275970352,191800.28605570999,0
2026-06-09,-41,0.16928194336711158,0.17677669529663689,0.17302931933187424,98991.789858910139,283858.05384080013,296164.11630954,0
2026-06-09,-40,0.17677669529663689,0.18460326824243742,0.18068998176953716,112772.04372044011,76769.993187269967,320101.8383590196,0
2026-06-09,-39,0.18460326824243742,0.19277635317599259,0.18868981070921501,80491.548381689907,3987024.6521191904,583316.9925292203,0
2026-06-09,-38,0.19277635317599259,0.20131129149365679,0.1970438223348247,301943.67795801995,2064521.8520122101,889542.20178144821,0
2026-06-09,-37,0.20131129149365679,0.21022410381342863,0.20576769765354269,167449.67004749001,120746.74399060002,722285.93941817014,0
2026-06-09,-36,0.21022410381342863,0.21953152004666243,0.21487781193004551,37239.95785249013,51259.199907780101,215935.45348651015,0
2026-06-09,-35,0.21953152004666243,0.2292510108011678,0.22439126542391513,873.26956477000465,105912.93702064008,185650.88772506031,0
2026-06-09,-34,0.2292510108011678,0.23940082017464343,0.2343259154879056,1905.8058842000012,34579.541647460006,186037.48441348979,0
2026-06-09,-33,0.23940082017464343,0.25,0.24470041008732171,8922.5440930500044,160800.62531139026,742855.71243119985,0
2026-06-09,-32,0.25,0.26106844560685344,0.25553422280342675,1229.3835538800001,77429.017722640143,58953.067265929953,0
2026-06-09,-31,0.26106844560685344,0.27262693316631442,0.26684768938658393,0,546708.99810683005,8440.6189439600821,0
2026-06-09,-30,0.27262693316631442,0.28469715868917289,0.27866204592774368,0,59643.263347790038,1423.7357333899754,0
2026-06-09,-29,0.28469715868917289,0.29730177875068026,0.29099946871992655,0,13519.727965419997,33.05316589011656,0
2026-06-09,-28,0.29730177875068026,0.310464453018371,0.30388311588452566,0,21551.606540270081,393.73258132014359,0
2026-06-09,-27,0.310464453018371,0.32420988866275241,0.31733717084056168,0,55343.922610069989,953.943092110007,0
2026-06-09,-26,0.32420988866275241,0.33856388673422316,0.33138688769848779,0,18465.623784660016,20.169788440101811,0
2026-06-09,-22,0.38555270635198519,0.40262258298731357,0.39408764466964941,0,7532.1641822903139,2338.3926258201163,0
2026-06-09,-21,0.40262258298731357,0.42044820762685725,0.41153539530708538,0,133215.65062404008,4.4799198499972714,0
2026-06-09,-16,0.5,0.52213689121370688,0.51106844560685349,0,6233.4010899300492,741.55482006,0
2026-06-10,-46,0.13631346658315721,0.14234857934458645,0.13933102296387184,47517.734701860005,0,31.737659149999999,0
2026-06-10,-45,0.14234857934458645,0.14865088937534013,0.14549973435996327,79072.244847260008,0,777.0505814000004,0
2026-06-10,-44,0.14865088937534013,0.1552322265091855,0.15194155794226283,129769.43724651998,0,172633.0046668,0
2026-06-10,-43,0.1552322265091855,0.16210494433137621,0.15866858542028084,867398.60537369025,419349.84968381998,3581970.8610649952,0
2026-06-10,-42,0.16210494433137621,0.16928194336711158,0.16569344384924389,79740.474679520499,28086.087275970352,121611.63154274349,0
2026-06-10,-41,0.16928194336711158,0.17677669529663689,0.17302931933187424,98991.789858910139,283858.05384080013,296164.11630954,0
2026-06-10,-40,0.17677669529663689,0.18460326824243742,0.18068998176953716,112772.04372044011,76769.993187269967,320066.56543376902,0
2026-06-10,-39,0.18460326824243742,0.19277635317599259,0.18868981070921501,71551.262935559906,3987024.6521191904,578839.98327039031,0
2026-06-10,-38,0.19277635317599259,0.20131129149365679,0.1970438223348247,99076.213742779917,2262971.6320665902,889310.91933720885,0
2026-06-10,-37,0.20131129149365679,0.21022410381342863,0.20576769765354269,166373.93479332002,120746.74399060002,722285.93941817014,0
2026-06-10,-36,0.21022410381342863,0.21953152004666243,0.21487781193004551,19242.866174670125,51259.199907780101,195774.87871584017,0
2026-06-10,-35,0.21953152004666243,0.2292510108011678,0.22439126542391513,873.26956477000465,105912.93702064008,185650.88772506031,0
2026-06-10,-34,0.2292510108011678,0.23940082017464343,0.2343259154879056,1905.8058842000012,34579.541647460006,186037.48441348979,0
2026-06-10,-33,0.23940082017464343,0.25,0.24470041008732171,8922.5440930500044,160800.62531139026,742855.71243119985,0
2026-06-10,-32,0.25,0.26106844560685344,0.25553422280342675,1229.3835538800001,77429.017722640143,58953.067265929953,0
2026-06-10,-31,0.26106844560685344,0.27262693316631442,0.26684768938658393,0,546708.99810683005,8440.6189439600821,0
2026-06-10,-30,0.27262693316631442,0.28469715868917289,0.27866204592774368,0,59643.263347790038,1423.7357333899754,0
2026-06-10,-29,0.28469715868917289,0.29730177875068026,0.29099946871992655,0,13519.727965419997,33.05316589011656,0
2026-06-10,-28,0.29730177875068026,0.310464453018371,0.30388311588452566,0,21551.606540270081,393.73258132014359,0
2026-06-10,-27,0.310464453018371,0.32420988866275241,0.31733717084056168,0,55343.922610069989,953.943092110007,0
2026-06-10,-26,0.32420988866275241,0.33856388673422316,0.33138688769848779,0,18465.623784660016,20.169788440101811,0
2026-06-10,-22,0.38555270635198519,0.40262258298731357,0.39408764466964941,0,7504.7192092903142,2338.3926258201163,0
2026-06-10,-21,0.40262258298731357,0.42044820762685725,0.41153539530708538,0,133215.65062404008,4.4799198499972714,0
2026-06-10,-16,0.5,0.52213689121370688,0.51106844560685349,0,6233.4010899300492,741.55482006,0
2026-06-11,-46,0.13631346658315721,0.14234857934458645,0.13933102296387184,47517.734701860005,0,31.737659149999999,0
2026-06-11,-45,0.14234857934458645,0.14865088937534013,0.14549973435996327,79072.244847260008,0,770.30468660000042,0
2026-06-11,-44,0.14865088937534013,0.1552322265091855,0.15194155794226283,129743.59340143998,0,48334.407523303489,0
2026-06-11,-43,0.1552322265091855,0.16210494433137621,0.15866858542028084,644175.90982494038,419349.84968381998,3501021.5975158652,0
2026-06-11,-42,0.16210494433137621,0.16928194336711158,0.16569344384924389,79740.474679520499,28086.087275970352,33972.508350630007,0
2026-06-11,-41,0.16928194336711158,0.17677669529663689,0.17302931933187424,98991.789858910139,283858.05384080013,256733.69620040001,0
2026-06-11,-40,0.17677669529663689,0.18460326824243742,0.18068998176953716,360314.04848018999,76756.435439939974,709162.56933818909,0
2026-06-11,-39,0.18460326824243742,0.19277635317599259,0.18868981070921501,70734.121093159905,3987610.6309504504,574450.33343505033,0
2026-06-11,-38,0.19277635317599259,0.20131129149365679,0.1970438223348247,98456.732410299912,2262971.6320665902,889147.45528115903,0
2026-06-11,-37,0.20131129149365679,0.21022410381342863,0.20576769765354269,166318.08284900003,120746.74399060002,722265.93941817014,0
2026-06-11,-36,0.21022410381342863,0.21953152004666243,0.21487781193004551,19197.288655960125,51259.199907780101,195774.87871584017,0
2026-06-11,-35,0.21953152004666243,0.2292510108011678,0.22439126542391513,873.26956477000465,105912.93702064008,185649.7043949803,0
2026-06-11,-34,0.2292510108011678,0.23940082017464343,0.2343259154879056,1905.8058842000012,34579.541647460006,186037.48441348979,0
2026-06-11,-33,0.23940082017464343,0.25,0.24470041008732171,8922.5440930500044,160800.62531139026,742853.65865878994,0
2026-06-11,-32,0.25,0.26106844560685344,0.25553422280342675,1229.3835538800001,77429.017722640143,58927.266944449955,0
2026-06-11,-31,0.26106844560685344,0.27262693316631442,0.26684768938658393,0,546676.47398726002,8382.9035200200815,0
2026-06-11,-30,0.27262693316631442,0.28469715868917289,0.27866204592774368,0,59643.263347790038,1396.7153028199755,0
2026-06-11,-29,0.28469715868917289,0.29730177875068026,0.29099946871992655,0,13519.727965419997,33.05316589011656,0
2026-06-11,-28,0.29730177875068026,0.310464453018371,0.30388311588452566,0,21551.606540270081,340.1744694601436,0
2026-06-11,-27,0.310464453018371,0.32420988866275241,0.31733717084056168,0,55343.922610069989,940.68112946000701,0
2026-06-11,-26,0.32420988866275241,0.33856388673422316,0.33138688769848779,0,18465.623784660016,2.8997281801018122,0
2026-06-11,-22,0.38555270635198519,0.40262258298731357,0.39408764466964941,0,7504.7192092903142,2338.3926258201163,0
2026-06-11,-21,0.40262258298731357,0.42044820762685725,0.41153539530708538,0,133215.65062404008,4.4799198499972714,0
2026-06-11,-16,0.5,0.52213689121370688,0.51106844560685349,0,6233.4010899200493,741.55482006,0
2026-06-12,-46,0.13631346658315721,0.14234857934458645,0.13933102296387184,47517.734701860005,0,31.737659149999999,0
2026-06-12,-45,0.14234857934458645,0.14865088937534013,0.14549973435996327,79072.244847260008,0,770.30468660000042,0
2026-06-12,-44,0.14865088937534013,0.1552322265091855,0.15194155794226283,129743.59340143998,0,497.82826164000028,0
2026-06-12,-43,0.1552322265091855,0.16210494433137621,0.15866858542028084,516638.81064384035,419349.84968381998,3419198.6052944451,0
2026-06-12,-42,0.16210494433137621,0.16928194336711158,0.16569344384924389,272253.90368166036,28086.087275970352,218739.12348827001,0
2026-06-12,-41,0.16928194336711158,0.17677669529663689,0.17302931933187424,98991.789858910139,283858.05384080013,256733.69620040001,0
2026-06-12,-40,0.17677669529663689,0.18460326824243742,0.18068998176953716,190639.92172626016,76967.879731309964,687071.19635082898,0
2026-06-12,-39,0.18460326824243742,0.19277635317599259,0.18868981070921501,64077.313027779906,3987610.6309504504,505072.2436561138,0
2026-06-12,-38,0.19277635317599259,0.20131129149365679,0.1970438223348247,97620.479010859912,2262971.6320665902,887957.78528115898,0
2026-06-12,-37,0.20131129149365679,0.21022410381342863,0.20576769765354269,165987.44953781003,120746.74399060002,722265.93941817014,0
2026-06-12,-36,0.21022410381342863,0.21953152004666243,0.21487781193004551,19172.942381020126,51259.199907780101,195774.87871584017,0
2026-06-12,-35,0.21953152004666243,0.2292510108011678,0.22439126542391513,873.26956477000465,105912.93702064008,185649.7043949803,0
2026-06-12,-34,0.2292510108011678,0.23940082017464343,0.2343259154879056,1905.8058842000012,34579.541647460006,186037.48441348979,0
2026-06-12,-33,0.23940082017464343,0.25,0.24470041008732171,8922.5440930500044,160800.62531139026,742853.65865878994,0
2026-06-12,-32,0.25,0.26106844560685344,0.25553422280342675,1229.3835538800001,77429.017722640143,58927.266944449955,0
2026-06-12,-31,0.26106844560685344,0.27262693316631442,0.26684768938658393,0,546646.7561923,8382.9035200200815,0
2026-06-12,-30,0.27262693316631442,0.28469715868917289,0.27866204592774368,0,59643.263347790038,1396.7153028199755,0
2026-06-12,-29,0.28469715868917289,0.29730177875068026,0.29099946871992655,0,13519.727965419997,33.05316589011656,0
2026-06-12,-28,0.29730177875068026,0.310464453018371,0.30388311588452566,0,21551.606540270081,340.1744694601436,0
2026-06-12,-27,0.310464453018371,0.32420988866275241,0.31733717084056168,0,55343.922610069989,940.68112946000701,0
2026-06-12,-26,0.32420988866275241,0.33856388673422316,0.33138688769848779,0,18465.623784660016,2.8997281801018122,0
2026-06-12,-22,0.38555270635198519,0.40262258298731357,0.39408764466964941,0,7504.7192092903142,2338.3926258201163,0
2026-06-12,-21,0.40262258298731357,0.42044820762685725,0.41153539530708538,0,133215.65062404008,4.4799198499972714,0
2026-06-12,-16,0.5,0.52213689121370688,0.51106844560685349,0,6233.4010899200493,741.55482006,0
2026-06-13,-46,0.13631346658315721,0.14234857934458645,0.13933102296387184,47517.734701860005,0,31.737659149999999,0
2026-06-13,-45,0.14234857934458645,0.14865088937534013,0.14549973435996327,79072.244847260008,0,770.30468660000042,0
2026-06-13,-44,0.14865088937534013,0.1552322265091855,0.15194155794226283,129743.59340143998,0,497.82826164000028,0
2026-06-13,-43,0.1552322265091855,0.16210494433137621,0.15866858542028084,492503.8221851202,419349.84968381998,3361859.2427670802,0
2026-06-13,-42,0.16210494433137621,0.16928194336711158,0.16569344384924389,176712.93211071056,28086.087275970352,135356.09338053002,0
2026-06-13,-41,0.16928194336711158,0.17677669529663689,0.17302931933187424,294052.13556230004,283858.05384080013,506272.14447765803,0
2026-06-13,-40,0.17677669529663689,0.18460326824243742,0.18068998176953716,130087.96209768014,76503.457139509963,597043.01222407958,0
2026-06-13,-39,0.18460326824243742,0.19277635317599259,0.18868981070921501,63934.507722709903,3987610.6309504504,476712.41598842031,0
2026-06-13,-38,0.19277635317599259,0.20131129149365679,0.1970438223348247,97620.479010859912,2260971.6320665902,887957.78528115898,0
2026-06-13,-37,0.20131129149365679,0.21022410381342863,0.20576769765354269,165982.68063202003,120746.74399060002,722265.93941817014,0
2026-06-13,-36,0.21022410381342863,0.21953152004666243,0.21487781193004551,19172.942381020126,51259.199907780101,195774.87871584017,0
2026-06-13,-35,0.21953152004666243,0.2292510108011678,0.22439126542391513,873.26956477000442,105912.93702064008,185649.7043949803,0
2026-06-13,-34,0.2292510108011678,0.23940082017464343,0.2343259154879056,1905.8058842000012,34579.541647460006,186037.48441348979,0
2026-06-13,-33,0.23940082017464343,0.25,0.24470041008732171,8922.5440930500044,160800.62531139026,742853.65865878994,0
2026-06-13,-32,0.25,0.26106844560685344,0.25553422280342675,1229.3835538800001,77317.224137640136,58927.266944449955,0
2026-06-13,-31,0.26106844560685344,0.27262693316631442,0.26684768938658393,0,546619.87091020006,8382.9035200200815,0
2026-06-13,-30,0.27262693316631442,0.28469715868917289,0.27866204592774368,0,59643.263347790038,1396.7153028199755,0
2026-06-13,-29,0.28469715868917289,0.29730177875068026,0.29099946871992655,0,13519.727965419997,33.05316589011656,0
2026-06-13,-28,0.29730177875068026,0.310464453018371,0.30388311588452566,0,21551.606540270081,340.1744694601436,0
2026-06-13,-27,0.310464453018371,0.32420988866275241,0.31733717084056168,0,55343.922610069989,886.26442946000702,0
2026-06-13,-26,0.32420988866275241,0.33856388673422316,0.33138688769848779,0,18465.623784660016,2.8997281801018122,0
2026-06-13,-22,0.38555270635198519,0.40262258298731357,0.39408764466964941,0,7504.7192092903142,2338.3926258201163,0
2026-06-13,-21,0.40262258298731357,0.42044820762685725,0.41153539530708538,0,133215.65062404008,4.4799198499972714,0
2026-06-13,-16,0.5,0.52213689121370688,0.51106844560685349,0,6233.4010899200493,741.55482006,0
2026-06-14,-46,0.13631346658315721,0.14234857934458645,0.13933102296387184,47517.734701860005,0,31.737659149999999,0
2026-06-14,-45,0.14234857934458645,0.14865088937534013,0.14549973435996327,79072.244847260008,0,770.30468660000042,0
2026-06-14,-44,0.14865088937534013,0.1552322265091855,0.15194155794226283,129743.59340143998,0,497.82826164000028,0
2026-06-14,-43,0.1552322265091855,0.16210494433137621,0.15866858542028084,489346.57110607019,419349.84968381998,3346440.13753364,0
2026-06-14,-42,0.16210494433137621,0.16928194336711158,0.16569344384924389,157453.71328531051,28086.087275970352,135338.32152722002,0
2026-06-14,-41,0.16928194336711158,0.17677669529663689,0.17302931933187424,364751.88706818019,283858.05384080013,569122.8842600045,0
2026-06-14,-40,0.17677669529663689,0.18460326824243742,0.18068998176953716,95549.286893150027,111042.13234377997,541827.28810113308,0
2026-06-14,-39,0.18460326824243742,0.19277635317599259,0.18868981070921501,63934.507722709903,3987610.6309504504,449820.31550835026,0
2026-06-14,-38,0.19277635317599259,0.20131129149365679,0.1970438223348247,97313.940251559907,2256387.2136265901,887957.78528115898,0
2026-06-14,-37,0.20131129149365679,0.21022410381342863,0.20576769765354269,165692.74281712002,120683.80549360003,722265.93941817014,0
2026-06-14,-36,0.21022410381342863,0.21953152004666243,0.21487781193004551,19172.942381020126,51259.199907780101,195774.87871584017,0
2026-06-14,-35,0.21953152004666243,0.2292510108011678,0.22439126542391513,770.60956477000445,105912.93702064008,185649.7043949803,0
2026-06-14,-34,0.2292510108011678,0.23940082017464343,0.2343259154879056,1905.8058842000012,34470.72233568001,186037.48441348979,0
2026-06-14,-33,0.23940082017464343,0.25,0.24470041008732171,8809.0733810400052,160763.35229476026,742853.65865878994,0
2026-06-14,-32,0.25,0.26106844560685344,0.25553422280342675,609.30089695000004,77317.224137640136,58927.266944449955,0
2026-06-14,-31,0.26106844560685344,0.27262693316631442,0.26684768938658393,0,546342.1800088801,8382.9035200200815,0
2026-06-14,-30,0.27262693316631442,0.28469715868917289,0.27866204592774368,0,59643.197297880033,1396.7153028199755,0
2026-06-14,-29,0.28469715868917289,0.29730177875068026,0.29099946871992655,0,13519.727965419997,33.05316589011656,0
2026-06-14,-28,0.29730177875068026,0.310464453018371,0.30388311588452566,0,21489.476540270083,340.1744694601436,0
2026-06-14,-27,0.310464453018371,0.32420988866275241,0.31733717084056168,0,55343.922610069989,886.26442946000702,0
2026-06-14,-26,0.32420988866275241,0.33856388673422316,0.33138688769848779,0,18465.623784660016,2.8997281801018122,0
2026-06-14,-22,0.38555270635198519,0.40262258298731357,0.39408764466964941,0,7504.7192092903142,2338.3926258201163,0
2026-06-14,-21,0.40262258298731357,0.42044820762685725,0.41153539530708538,0,133215.65062404008,4.4799198499972714,0
2026-06-14,-16,0.5,0.52213689121370688,0.51106844560685349,0,6233.4010899200493,741.55482006,0
2026-06-15,-46,0.13631346658315721,0.14234857934458645,0.13933102296387184,47517.734701860005,0,31.737659149999999,0
2026-06-15,-45,0.14234857934458645,0.14865088937534013,0.14549973435996327,79072.244847260008,0,770.30468660000042,0
2026-06-15,-44,0.14865088937534013,0.1552322265091855,0.15194155794226283,129743.59340143998,0,497.82826164000028,0
2026-06-15,-43,0.1552322265091855,0.16210494433137621,0.15866858542028084,488360.23704528023,419349.84968381998,3346027.3491547899,0
2026-06-15,-42,0.16210494433137621,0.16928194336711158,0.16569344384924389,143824.69670305052,28086.087275970352,135255.76206507001,0
2026-06-15,-41,0.16928194336711158,0.17677669529663689,0.17302931933187424,443655.56527910026,283858.05384080013,719329.41850032459,0
2026-06-15,-40,0.17677669529663689,0.18460326824243742,0.18068998176953716,94255.684185040023,111042.13234377997,485771.21443940961,0
2026-06-15,-39,0.18460326824243742,0.19277635317599259,0.18868981070921501,62508.243918389904,3989036.8947547707,299204.06932570378,0
2026-06-15,-38,0.19277635317599259,0.20131129149365679,0.1970438223348247,96417.61897298992,2256387.2136265901,887957.78528115898,0
2026-06-15,-37,0.20131129149365679,0.21022410381342863,0.20576769765354269,164855.19732452004,120683.80549360003,722265.93941817014,0
2026-06-15,-36,0.21022410381342863,0.21953152004666243,0.21487781193004551,19172.942381020126,51259.199907780101,195774.87871584017,0
2026-06-15,-35,0.21953152004666243,0.2292510108011678,0.22439126542391513,770.60956477000445,105912.93702064008,185649.7043949803,0
2026-06-15,-34,0.2292510108011678,0.23940082017464343,0.2343259154879056,1905.8058842000012,34470.72233568001,186037.48441348979,0
2026-06-15,-33,0.23940082017464343,0.25,0.24470041008732171,8809.0733810400052,160763.35229476026,742853.65865878994,0
2026-06-15,-32,0.25,0.26106844560685344,0.25553422280342675,609.30089695000004,77317.224137640136,58927.266944449955,0
2026-06-15,-31,0.26106844560685344,0.27262693316631442,0.26684768938658393,0,546342.1800088801,8382.9035200200815,0
2026-06-15,-30,0.27262693316631442,0.28469715868917289,0.27866204592774368,0,59643.197297880033,1396.7153028199755,0
2026-06-15,-29,0.28469715868917289,0.29730177875068026,0.29099946871992655,0,13519.727965419997,33.05316589011656,0
2026-06-15,-28,0.29730177875068026,0.310464453018371,0.30388311588452566,0,21489.476540270083,340.1744694601436,0
2026-06-15,-27,0.310464453018371,0.32420988866275241,0.31733717084056168,0,55343.922610069989,886.26442946000702,0
2026-06-15,-26,0.32420988866275241,0.33856388673422316,0.33138688769848779,0,18155.379593660015,2.8997281801018122,0
2026-06-15,-22,0.38555270635198519,0.40262258298731357,0.39408764466964941,0,7504.7192092903142,2338.3926258201163,0
2026-06-15,-21,0.40262258298731357,0.42044820762685725,0.41153539530708538,0,133215.65062404008,4.4799198499972714,0
2026-06-15,-16,0.5,0.52213689121370688,0.51106844560685349,0,6233.4010899200493,741.55482006,0
2026-06-16,-46,0.13631346658315721,0.14234857934458645,0.13933102296387184,47517.734701860005,0,31.737659149999999,0
2026-06-16,-45,0.14234857934458645,0.14865088937534013,0.14549973435996327,79072.244847260008,0,770.30468660000042,0
2026-06-16,-44,0.14865088937534013,0.1552322265091855,0.15194155794226283,129742.61592942999,0,497.82826164000028,0
2026-06-16,-43,0.1552322265091855,0.16210494433137621,0.15866858542028084,461477.0856047502,419349.84968381998,3342308.1329983599,0
2026-06-16,-42,0.16210494433137621,0.16928194336711158,0.16569344384924389,294077.98216393037,28086.087275970352,249278.88075352993,0
2026-06-16,-41,0.16928194336711158,0.17677669529663689,0.17302931933187424,333240.7481680304,283858.02734833013,665275.63680596522,0
2026-06-16,-40,0.17677669529663689,0.18460326824243742,0.18068998176953716,90754.836406990027,111042.13234377997,485750.72579498903,0
2026-06-16,-39,0.18460326824243742,0.19277635317599259,0.18868981070921501,62432.647812899901,3989036.8947547707,279936.79739384027,0
2026-06-16,-38,0.19277635317599259,0.20131129149365679,0.1970438223348247,95628.717206109897,2256625.19437921,832161.64621279249,0
2026-06-16,-37,0.20131129149365679,0.21022410381342863,0.20576769765354269,163889.10112821002,120683.80549360003,722265.93941817014,0
2026-06-16,-36,0.21022410381342863,0.21953152004666243,0.21487781193004551,19172.942381020126,51259.199907780101,195774.87871584017,0
2026-06-16,-35,0.21953152004666243,0.2292510108011678,0.22439126542391513,770.60956477000445,105912.93702064008,185649.7043949803,0
2026-06-16,-34,0.2292510108011678,0.23940082017464343,0.2343259154879056,1905.8058842000012,34470.72233568001,186037.48441348979,0
2026-06-16,-33,0.23940082017464343,0.25,0.24470041008732171,8809.0733810400052,159263.35229476026,742853.65865878994,0
2026-06-16,-32,0.25,0.26106844560685344,0.25553422280342675,609.30089695000004,77317.224137640136,58927.266944449955,0
2026-06-16,-31,0.26106844560685344,0.27262693316631442,0.26684768938658393,0,546211.28000888007,8382.9035200200815,0
2026-06-16,-30,0.27262693316631442,0.28469715868917289,0.27866204592774368,0,59643.197297880033,1396.7153028199755,0
2026-06-16,-29,0.28469715868917289,0.29730177875068026,0.29099946871992655,0,13519.727965419997,33.05316589011656,0
2026-06-16,-28,0.29730177875068026,0.310464453018371,0.30388311588452566,0,21489.476540270083,340.1744694601436,0
2026-06-16,-27,0.310464453018371,0.32420988866275241,0.31733717084056168,0,55343.900082079992,886.26442946000702,0
2026-06-16,-26,0.32420988866275241,0.33856388673422316,0.33138688769848779,0,18155.379593660015,2.8997281801018122,0
2026-06-16,-22,0.38555270635198519,0.40262258298731357,0.39408764466964941,0,7504.7192092903142,2338.3926258201163,0
2026-06-16,-21,0.40262258298731357,0.42044820762685725,0.41153539530708538,0,132445.65062404008,4.4799198499972714,0
2026-06-16,-16,0.5,0.52213689121370688,0.51106844560685349,0,6233.4010899200493,741.55482006,0
2026-06-17,-46,0.13631346658315721,0.14234857934458645,0.13933102296387184,47517.734701860005,0,31.737659149999999,0
2026-06-17,-45,0.14234857934458645,0.14865088937534013,0.14549973435996327,79072.244847260008,0,770.30468660000042,0
2026-06-17,-44,0.14865088937534013,0.1552322265091855,0.15194155794226283,129742.61592942999,0,497.82826164000028,0
2026-06-17,-43,0.1552322265091855,0.16210494433137621,0.15866858542028084,453209.3794940802,419349.84968381998,3341565.9647094999,0
2026-06-17,-42,0.16210494433137621,0.16928194336711158,0.16569344384924389,217515.94652892053,28086.087275970352,201500.15230042001,0
2026-06-17,-41,0.16928194336711158,0.17677669529663689,0.17302931933187424,250884.25744920026,283818.44019804016,612085.2367071301,0
2026-06-17,-40,0.17677669529663689,0.18460326824243742,0.18068998176953716,88680.837807650023,109992.13234377997,485645.97807845956,0
2026-06-17,-39,0.18460326824243742,0.19277635317599259,0.18868981070921501,376080.20960413985,3989036.8947547707,512036.27188225876,0
2026-06-17,-38,0.19277635317599259,0.20131129149365679,0.1970438223348247,88527.204972329899,2263687.2975266702,673505.36620629893,0
2026-06-17,-37,0.20131129149365679,0.21022410381342863,0.20576769765354269,163889.10112820004,120672.15089020002,722146.97460737964,0
2026-06-17,-36,0.21022410381342863,0.21953152004666243,0.21487781193004551,19172.942381020126,51234.650640680098,195774.87871584017,0
2026-06-17,-35,0.21953152004666243,0.2292510108011678,0.22439126542391513,770.60956477000445,105912.93702064008,185649.7043949803,0
2026-06-17,-34,0.2292510108011678,0.23940082017464343,0.2343259154879056,1905.8058842000012,34470.72233568001,186037.48441348979,0
2026-06-17,-33,0.23940082017464343,0.25,0.24470041008732171,8790.3052215200041,159229.92229476027,742853.65865878994,0
2026-06-17,-32,0.25,0.26106844560685344,0.25553422280342675,609.30089695000004,77317.224137640136,58927.266944449955,0
2026-06-17,-31,0.26106844560685344,0.27262693316631442,0.26684768938658393,0,546211.28000888007,8382.9035200200815,0
2026-06-17,-30,0.27262693316631442,0.28469715868917289,0.27866204592774368,0,59643.197297880033,1396.7153028199755,0
2026-06-17,-29,0.28469715868917289,0.29730177875068026,0.29099946871992655,0,13519.727965419997,33.05316589011656,0
2026-06-17,-28,0.29730177875068026,0.310464453018371,0.30388311588452566,0,21489.476540270083,340.1744694601436,0
2026-06-17,-27,0.310464453018371,0.32420988866275241,0.31733717084056168,0,55343.900082079992,886.26442946000702,0
2026-06-17,-26,0.32420988866275241,0.33856388673422316,0.33138688769848779,0,18155.379593660015,2.8997281801018122,0
2026-06-17,-22,0.38555270635198519,0.40262258298731357,0.39408764466964941,0,7504.7192092903142,2338.3926258201163,0
2026-06-17,-21,0.40262258298731357,0.42044820762685725,0.41153539530708538,0,132445.65062404008,4.4799198499972714,0
2026-06-17,-16,0.5,0.52213689121370688,0.51106844560685349,0,6233.4010899200493,741.55482006,0
2026-06-18,-46,0.13631346658315721,0.14234857934458645,0.13933102296387184,47517.734701860005,0,17.874821800000444,0
2026-06-18,-45,0.14234857934458645,0.14865088937534013,0.14549973435996327,79072.244847260008,0,265.83405623000044,0
2026-06-18,-44,0.14865088937534013,0.1552322265091855,0.15194155794226283,129742.61592942999,0,1.131699999999785,0
2026-06-18,-43,0.1552322265091855,0.16210494433137621,0.15866858542028084,449911.2712163502,419336.94968382001,3331951.0378821301,0
2026-06-18,-42,0.16210494433137621,0.16928194336711158,0.16569344384924389,183855.64232970055,28086.087275970352,187747.68808239,0
2026-06-18,-41,0.16928194336711158,0.17677669529663689,0.17302931933187424,373316.64732392004,283818.44019804016,749835.87475398998,0
2026-06-18,-40,0.17677669529663689,0.18460326824243742,0.18068998176953716,88508.350614830022,109992.13234377997,483802.21270014957,0
2026-06-18,-39,0.18460326824243742,0.19277635317599259,0.18868981070921501,202972.21471323012,3989036.8947547707,343768.96806677536,0
2026-06-18,-38,0.19277635317599259,0.20131129149365679,0.1970438223348247,88390.433297829892,2263719.7916138703,657262.43134145252,0
2026-06-18,-37,0.20131129149365679,0.21022410381342863,0.20576769765354269,163580.25566396004,120672.15089020002,722003.5162252296,0
2026-06-18,-36,0.21022410381342863,0.21953152004666243,0.21487781193004551,19172.942380950124,51234.650640680098,195774.87871584017,0
2026-06-18,-35,0.21953152004666243,0.2292510108011678,0.22439126542391513,770.60956477000445,105912.93702064008,185649.7043949803,0
2026-06-18,-34,0.2292510108011678,0.23940082017464343,0.2343259154879056,1905.8058842000012,34470.72233568001,186037.48441348979,0
2026-06-18,-33,0.23940082017464343,0.25,0.24470041008732171,8564.0362872000023,159211.07226076027,742853.65865878994,0
2026-06-18,-32,0.25,0.26106844560685344,0.25553422280342675,609.30089695000004,77178.267931750132,58927.266944449955,0
2026-06-18,-31,0.26106844560685344,0.27262693316631442,0.26684768938658393,0,545371.70071607002,8382.9035200200815,0
2026-06-18,-30,0.27262693316631442,0.28469715868917289,0.27866204592774368,0,59643.197297880033,1396.7153028199755,0
2026-06-18,-29,0.28469715868917289,0.29730177875068026,0.29099946871992655,0,13519.727965419997,33.05316589011656,0
2026-06-18,-28,0.29730177875068026,0.310464453018371,0.30388311588452566,0,21489.476540270083,340.1744694601436,0
2026-06-18,-27,0.310464453018371,0.32420988866275241,0.31733717084056168,0,53800.363788899987,767.55516768999996,0
2026-06-18,-26,0.32420988866275241,0.33856388673422316,0.33138688769848779,0,18155.379593660015,2.8997281801018122,0
2026-06-18,-22,0.38555270635198519,0.40262258298731357,0.39408764466964941,0,7504.7192092903142,2338.3926258201163,0
2026-06-18,-21,0.40262258298731357,0.42044820762685725,0.41153539530708538,0,132445.65062404008,4.4799198499972714,0
2026-06-18,-16,0.5,0.52213689121370688,0.51106844560685349,0,5067.8354077900494,741.55482006,0
2026-06-19,-46,0.13631346658315721,0.14234857934458645,0.13933102296387184,47517.734701860005,0,17.874821800000444,0
2026-06-19,-45,0.14234857934458645,0.14865088937534013,0.14549973435996327,79065.450700400004,0,265.83405623000044,0
2026-06-19,-44,0.14865088937534013,0.1552322265091855,0.15194155794226283,129742.61592942999,0,1.131699999999785,0
2026-06-19,-43,0.1552322265091855,0.16210494433137621,0.15866858542028084,449488.52215439017,419329.65408382,3331950.88513829,0
2026-06-19,-42,0.16210494433137621,0.16928194336711158,0.16569344384924389,155106.0266955905,28086.087275970352,180853.762785,0
2026-06-19,-41,0.16928194336711158,0.17677669529663689,0.17302931933187424,436249.78359054006,283818.44019804016,957904.96349816513,0
2026-06-19,-40,0.17677669529663689,0.18460326824243742,0.18068998176953716,87200.778494890023,109969.99067879998,481028.64488005853,0
2026-06-19,-39,0.18460326824243742,0.19277635317599259,0.18868981070921501,149833.11732575999,3989313.7103177905,312472.7394430103,0
2026-06-19,-38,0.19277635317599259,0.20131129149365679,0.1970438223348247,87772.780754410094,2263713.0189136299,525161.69188825355,0
2026-06-19,-37,0.20131129149365679,0.21022410381342863,0.20576769765354269,163124.68407251002,120672.15089020002,721924.09932505956,0
2026-06-19,-36,0.21022410381342863,0.21953152004666243,0.21487781193004551,19172.942380140124,51232.491564500102,195774.87871584017,0
2026-06-19,-35,0.21953152004666243,0.2292510108011678,0.22439126542391513,770.60956477000445,105908.24193423009,185649.7043949803,0
2026-06-19,-34,0.2292510108011678,0.23940082017464343,0.2343259154879056,1905.8058842000012,34470.72233568001,186037.48441348979,0
2026-06-19,-33,0.23940082017464343,0.25,0.24470041008732171,8564.0362872000023,157934.88819725026,742853.65865878994,0
2026-06-19,-32,0.25,0.26106844560685344,0.25553422280342675,609.30089695000004,77178.267931750132,58927.266944449955,0
2026-06-19,-31,0.26106844560685344,0.27262693316631442,0.26684768938658393,0,545206.08661330002,8382.9035200200815,0
2026-06-19,-30,0.27262693316631442,0.28469715868917289,0.27866204592774368,0,59641.352084880033,1396.7153028199755,0
2026-06-19,-29,0.28469715868917289,0.29730177875068026,0.29099946871992655,0,13519.727965419997,33.05316589011656,0
2026-06-19,-28,0.29730177875068026,0.310464453018371,0.30388311588452566,0,21489.476540270083,340.1744694601436,0
2026-06-19,-27,0.310464453018371,0.32420988866275241,0.31733717084056168,0,53800.363788899987,767.55516768999996,0
2026-06-19,-26,0.32420988866275241,0.33856388673422316,0.33138688769848779,0,18155.379593660015,2.8997281801018122,0
2026-06-19,-22,0.38555270635198519,0.40262258298731357,0.39408764466964941,0,7504.7192092903142,2338.3926258201163,0
2026-06-19,-21,0.40262258298731357,0.42044820762685725,0.41153539530708538,0,132445.65062404008,4.4799198499972714,0
2026-06-19,-16,0.5,0.52213689121370688,0.51106844560685349,0,5067.8354077900494,741.55482006,0
2026-06-20,-46,0.13631346658315721,0.14234857934458645,0.13933102296387184,47517.734701860005,0,17.874821800000444,0
2026-06-20,-45,0.14234857934458645,0.14865088937534013,0.14549973435996327,79065.450700400004,0,265.83405623000044,0
2026-06-20,-44,0.14865088937534013,0.1552322265091855,0.15194155794226283,129742.61592942999,0,1.131699999999785,0
2026-06-20,-43,0.1552322265091855,0.16210494433137621,0.15866858542028084,449443.42215439019,419316.75408381998,3331820.2659641798,0
2026-06-20,-42,0.16210494433137621,0.16928194336711158,0.16569344384924389,140203.85827303049,28086.087275970352,180853.762785,0
2026-06-20,-41,0.16928194336711158,0.17677669529663689,0.17302931933187424,475656.90987538005,282802.83846347017,1021685.8008448351,0
2026-06-20,-40,0.17677669529663689,0.18460326824243742,0.18068998176953716,87148.365011250018,109959.38533193998,481028.64488005853,0
2026-06-20,-39,0.18460326824243742,0.19277635317599259,0.18868981070921501,138869.42548997997,3989313.7103177905,312303.35861712031,0
2026-06-20,-38,0.19277635317599259,0.20131129149365679,0.1970438223348247,87168.735576340099,2263673.0855941302,488276.08214727946,0
2026-06-20,-37,0.20131129149365679,0.21022410381342863,0.20576769765354269,163060.47162304004,120672.09179820002,682223.07818055374,0
2026-06-20,-36,0.21022410381342863,0.21953152004666243,0.21487781193004551,19172.942380140124,51232.491564500102,195774.87871584017,0
2026-06-20,-35,0.21953152004666243,0.2292510108011678,0.22439126542391513,770.60956477000445,105908.24193423009,185649.7043949803,0
2026-06-20,-34,0.2292510108011678,0.23940082017464343,0.2343259154879056,1905.8058842000012,34470.72233568001,186037.48441348979,0
2026-06-20,-33,0.23940082017464343,0.25,0.24470041008732171,8564.0362872000023,157923.34786396025,742853.65865878994,0
2026-06-20,-32,0.25,0.26106844560685344,0.25553422280342675,609.30089695000004,77178.267931740134,58927.266944449955,0
2026-06-20,-31,0.26106844560685344,0.27262693316631442,0.26684768938658393,0,544886.76069111004,8382.9035200200815,0
2026-06-20,-30,0.27262693316631442,0.28469715868917289,0.27866204592774368,0,59641.352084880033,1396.7153028199755,0
2026-06-20,-29,0.28469715868917289,0.29730177875068026,0.29099946871992655,0,13519.727965419997,33.05316589011656,0
2026-06-20,-28,0.29730177875068026,0.310464453018371,0.30388311588452566,0,21489.476540270083,340.1744694601436,0
2026-06-20,-27,0.310464453018371,0.32420988866275241,0.31733717084056168,0,53565.363788899987,767.55516768999996,0
2026-06-20,-26,0.32420988866275241,0.33856388673422316,0.33138688769848779,0,18155.379593660015,2.8997281801018122,0
2026-06-20,-22,0.38555270635198519,0.40262258298731357,0.39408764466964941,0,7504.7192092903142,2338.3926258201163,0
2026-06-20,-21,0.40262258298731357,0.42044820762685725,0.41153539530708538,0,132006.70988693007,4.4799198499972714,0
2026-06-20,-16,0.5,0.52213689121370688,0.51106844560685349,0,5067.8354077900494,741.55482006,0
2026-06-21,-46,0.13631346658315721,0.14234857934458645,0.13933102296387184,47517.734701860005,0,17.874821800000444,0
2026-06-21,-45,0.14234857934458645,0.14865088937534013,0.14549973435996327,79065.450700400004,0,265.83405623000044,0
2026-06-21,-44,0.14865088937534013,0.1552322265091855,0.15194155794226283,129742.61592942999,0,1.131699999999785,0
2026-06-21,-43,0.1552322265091855,0.16210494433137621,0.15866858542028084,449074.6823631202,419316.75408381998,3331820.2659641798,0
2026-06-21,-42,0.16210494433137621,0.16928194336711158,0.16569344384924389,263553.78939522029,28061.568839550353,273075.36546491995,0
2026-06-21,-41,0.16928194336711158,0.17677669529663689,0.17302931933187424,363887.54188118025,282802.83846347017,984316.28695618524,0
2026-06-21,-40,0.17677669529663689,0.18460326824243742,0.18068998176953716,66248.336652920014,109958.58025630999,481028.64488005853,0
2026-06-21,-39,0.18460326824243742,0.19277635317599259,0.18868981070921501,134842.35427548998,3989313.7103177905,312290.83025694027,0
2026-06-21,-38,0.19277635317599259,0.20131129149365679,0.1970438223348247,84659.041033100104,2263716.4687334201,488272.64108368946,0
2026-06-21,-37,0.20131129149365679,0.21022410381342863,0.20576769765354269,148753.59324756003,120672.09179760002,675381.33025059011,0
2026-06-21,-36,0.21022410381342863,0.21953152004666243,0.21487781193004551,19172.942380140124,51232.491564500102,195774.87871584017,0
2026-06-21,-35,0.21953152004666243,0.2292510108011678,0.22439126542391513,770.60956477000445,105908.24193423009,143605.89059340386,0
2026-06-21,-34,0.2292510108011678,0.23940082017464343,0.2343259154879056,1905.8058842000012,34470.72233568001,186037.48441348979,0
2026-06-21,-33,0.23940082017464343,0.25,0.24470041008732171,8564.0362872000023,157904.77314357026,742853.65865878994,0
2026-06-21,-32,0.25,0.26106844560685344,0.25553422280342675,609.30089695000004,77178.267931740134,58927.266944449955,0
2026-06-21,-31,0.26106844560685344,0.27262693316631442,0.26684768938658393,0,544752.76721280999,8382.9035200200815,0
2026-06-21,-30,0.27262693316631442,0.28469715868917289,0.27866204592774368,0,59641.352084880033,1396.7153028199755,0
2026-06-21,-29,0.28469715868917289,0.29730177875068026,0.29099946871992655,0,13519.727965419997,33.05316589011656,0
2026-06-21,-28,0.29730177875068026,0.310464453018371,0.30388311588452566,0,21489.476540270083,340.1744694601436,0
2026-06-21,-27,0.310464453018371,0.32420988866275241,0.31733717084056168,0,53565.363788899987,767.55516768999996,0
2026-06-21,-26,0.32420988866275241,0.33856388673422316,0.33138688769848779,0,18155.379593660015,2.8997281801018122,0
2026-06-21,-22,0.38555270635198519,0.40262258298731357,0.39408764466964941,0,7504.7192092903142,2338.3926258201163,0
2026-06-21,-21,0.40262258298731357,0.42044820762685725,0.41153539530708538,0,132006.70988693007,4.4799198499972714,0
2026-06-21,-16,0.5,0.52213689121370688,0.51106844560685349,0,5067.8354077900494,741.55482006,0
2026-06-22,-46,0.13631346658315721,0.14234857934458645,0.13933102296387184,47517.734701860005,0,17.874821800000444,0
2026-06-22,-45,0.14234857934458645,0.14865088937534013,0.14549973435996327,79065.450700400004,0,265.83405623000044,0
2026-06-22,-44,0.14865088937534013,0.1552322265091855,0.15194155794226283,129742.61592942999,0,1.131699999999785,0
2026-06-22,-43,0.1552322265091855,0.16210494433137621,0.15866858542028084,449029.58144912019,419316.75408381998,3331820.2659641798,0
2026-06-22,-42,0.16210494433137621,0.16928194336711158,0.16569344384924389,194185.50281296051,28061.568839550353,258453.23507424002,0
2026-06-22,-41,0.16928194336711158,0.17677669529663689,0.17302931933187424,278735.21725365025,282802.83846347017,939065.63251194521,0
2026-06-22,-40,0.17677669529663689,0.18460326824243742,0.18068998176953716,340309.97941777989,109958.58025630999,597469.65816077846,0
2026-06-22,-39,0.18460326824243742,0.19277635317599259,0.18868981070921501,134592.35427548998,3989313.7103177905,312290.83025694027,0
2026-06-22,-38,0.19277635317599259,0.20131129149365679,0.1970438223348247,84448.041033100104,2263716.4687334201,488229.42841744947,0
2026-06-22,-37,0.20131129149365679,0.21022410381342863,0.20576769765354269,137987.06587262003,131427.61917254003,675381.33025059011,0
2026-06-22,-36,0.21022410381342863,0.21953152004666243,0.21487781193004551,19172.942380140124,51232.491564500102,195774.87871584017,0
2026-06-22,-35,0.21953152004666243,0.2292510108011678,0.22439126542391513,770.60956477000445,105908.24193423009,18004.139939293851,0
2026-06-22,-34,0.2292510108011678,0.23940082017464343,0.2343259154879056,1905.8058842000012,34470.72233568001,186037.48441348979,0
2026-06-22,-33,0.23940082017464343,0.25,0.24470041008732171,8564.0362872000023,157899.36093991026,742853.65865878994,0
2026-06-22,-32,0.25,0.26106844560685344,0.25553422280342675,609.30089695000004,77178.267931740134,58927.266944449955,0
2026-06-22,-31,0.26106844560685344,0.27262693316631442,0.26684768938658393,0,544477.76721280999,8382.9035200200815,0
2026-06-22,-30,0.27262693316631442,0.28469715868917289,0.27866204592774368,0,59641.352084880033,1396.7153028199755,0
2026-06-22,-29,0.28469715868917289,0.29730177875068026,0.29099946871992655,0,13519.727965419997,33.05316589011656,0
2026-06-22,-28,0.29730177875068026,0.310464453018371,0.30388311588452566,0,21489.476540270083,340.1744694601436,0
2026-06-22,-27,0.310464453018371,0.32420988866275241,0.31733717084056168,0,53565.363788899987,767.55516768999996,0
2026-06-22,-26,0.32420988866275241,0.33856388673422316,0.33138688769848779,0,18155.379593660015,2.8997281801018122,0
2026-06-22,-22,0.38555270635198519,0.40262258298731357,0.39408764466964941,0,7501.7192092903142,2338.3926258201163,0
2026-06-22,-21,0.40262258298731357,0.42044820762685725,0.41153539530708538,0,132006.70988693007,4.4799198499972714,0
2026-06-22,-16,0.5,0.52213689121370688,0.51106844560685349,0,5067.8354077900494,741.55482006,0
2026-06-23,-46,0.13631346658315721,0.14234857934458645,0.13933102296387184,47517.734701860005,0,17.874821800000444,0
2026-06-23,-45,0.14234857934458645,0.14865088937534013,0.14549973435996327,79065.450700400004,0,265.83405623000044,0
2026-06-23,-44,0.14865088937534013,0.1552322265091855,0.15194155794226283,129718.25033742998,0,1.131699999999785,0
2026-06-23,-43,0.1552322265091855,0.16210494433137621,0.15866858542028084,448833.74681478017,419316.75408381998,3331809.2638858501,0
2026-06-23,-42,0.16210494433137621,0.16928194336711158,0.16569344384924389,172851.6793965105,28061.568839550353,234809.39108279001,0
2026-06-23,-41,0.16928194336711158,0.17677669529663689,0.17302931933187424,351880.74239635008,282802.83846347017,1070446.4229709001,0
2026-06-23,-40,0.17677669529663689,0.18460326824243742,0.18068998176953716,161396.21848764003,109954.59987579998,573754.13842813356,0
2026-06-23,-39,0.18460326824243742,0.19277635317599259,0.18868981070921501,133964.81105186997,3989292.0379914003,312290.83025694027,0
2026-06-23,-38,0.19277635317599259,0.20131129149365679,0.1970438223348247,84408.840937650093,2263716.4687322304,488212.59231144947,0
2026-06-23,-37,0.20131129149365679,0.21022410381342863,0.20576769765354269,137676.04528238002,131685.70350602001,675381.33025059011,0
2026-06-23,-36,0.21022410381342863,0.21953152004666243,0.21487781193004551,19172.942380140124,51232.491564500102,195774.87871584017,0
2026-06-23,-35,0.21953152004666243,0.2292510108011678,0.22439126542391513,770.60956477000445,105908.24193423009,7813.664237960319,0
2026-06-23,-34,0.2292510108011678,0.23940082017464343,0.2343259154879056,1854.8222423800012,33926.376561660007,186037.48441348979,0
2026-06-23,-33,0.23940082017464343,0.25,0.24470041008732171,8552.8273872000027,157854.56008088027,663003.2431705934,0
2026-06-23,-32,0.25,0.26106844560685344,0.25553422280342675,609.30089695000004,77178.267931740134,58927.266944449955,0
2026-06-23,-31,0.26106844560685344,0.27262693316631442,0.26684768938658393,0,544169.33887739002,8382.9035200200815,0
2026-06-23,-30,0.27262693316631442,0.28469715868917289,0.27866204592774368,0,59641.352084880033,1396.7153028199755,0
2026-06-23,-29,0.28469715868917289,0.29730177875068026,0.29099946871992655,0,13519.727965419997,33.05316589011656,0
2026-06-23,-28,0.29730177875068026,0.310464453018371,0.30388311588452566,0,21489.476540270083,340.1744694601436,0
2026-06-23,-27,0.310464453018371,0.32420988866275241,0.31733717084056168,0,53565.363788899987,767.55516768999996,0
2026-06-23,-26,0.32420988866275241,0.33856388673422316,0.33138688769848779,0,18155.379593660015,2.8997281801018122,0
2026-06-23,-22,0.38555270635198519,0.40262258298731357,0.39408764466964941,0,7501.7192092903142,2338.3926258201163,0
2026-06-23,-21,0.40262258298731357,0.42044820762685725,0.41153539530708538,0,131963.85485540007,4.4799198499972714,0
2026-06-23,-16,0.5,0.52213689121370688,0.51106844560685349,0,5067.8354077900494,741.55482006,0
2026-06-24,-46,0.13631346658315721,0.14234857934458645,0.13933102296387184,47517.734701860005,0,17.874821800000444,0
2026-06-24,-45,0.14234857934458645,0.14865088937534013,0.14549973435996327,79065.450700400004,0,265.83405623000044,0
2026-06-24,-44,0.14865088937534013,0.1552322265091855,0.15194155794226283,129718.25033742998,0,1.131699999999785,0
2026-06-24,-43,0.1552322265091855,0.16210494433137621,0.15866858542028084,433009.74681478017,344618.05282768002,3331809.2514483598,0
2026-06-24,-42,0.16210494433137621,0.16928194336711158,0.16569344384924389,354383.24240047007,28061.568839550353,369195.57852417999,0
2026-06-24,-41,0.16928194336711158,0.17677669529663689,0.17302931933187424,278190.91444431047,282802.83846347017,1036685.3047409152,0
2026-06-24,-40,0.17677669529663689,0.18460326824243742,0.18068998176953716,150348.43631243001,109954.59987579998,545394.96046116855,0
2026-06-24,-39,0.18460326824243742,0.19277635317599259,0.18868981070921501,125992.60602526997,3989292.0379914003,312290.83025694027,0
2026-06-24,-38,0.19277635317599259,0.20131129149365679,0.1970438223348247,78441.973565579989,2263969.3361043003,488127.60833936947,0
2026-06-24,-37,0.20131129149365679,0.21022410381342863,0.20576769765354269,137676.04528238002,131681.70350602001,675381.33025059011,0
2026-06-24,-36,0.21022410381342863,0.21953152004666243,0.21487781193004551,19172.942380140124,51232.491564500102,195774.87871584017,0
2026-06-24,-35,0.21953152004666243,0.2292510108011678,0.22439126542391513,770.60956477000445,105908.24193423009,7813.664237960319,0
2026-06-24,-34,0.2292510108011678,0.23940082017464343,0.2343259154879056,1854.8222423800012,33926.376561660007,186037.48441348979,0
2026-06-24,-33,0.23940082017464343,0.25,0.24470041008732171,8552.8273872000027,157767.86330132026,575735.61687279341,0
2026-06-24,-32,0.25,0.26106844560685344,0.25553422280342675,609.30089695000004,77178.267931740134,58927.266944449955,0
2026-06-24,-31,0.26106844560685344,0.27262693316631442,0.26684768938658393,0,543999.74644447002,8382.9035200200815,0
2026-06-24,-30,0.27262693316631442,0.28469715868917289,0.27866204592774368,0,59641.352084880033,1396.7153028199755,0
2026-06-24,-29,0.28469715868917289,0.29730177875068026,0.29099946871992655,0,13519.727965419997,33.05316589011656,0
2026-06-24,-28,0.29730177875068026,0.310464453018371,0.30388311588452566,0,21489.476540270083,340.1744694601436,0
2026-06-24,-27,0.310464453018371,0.32420988866275241,0.31733717084056168,0,53565.363788899987,767.55516768999996,0
2026-06-24,-26,0.32420988866275241,0.33856388673422316,0.33138688769848779,0,18155.379593660015,2.8997281801018122,0
2026-06-24,-22,0.38555270635198519,0.40262258298731357,0.39408764466964941,0,7463.4792092903144,2338.3926258201163,0
2026-06-24,-21,0.40262258298731357,0.42044820762685725,0.41153539530708538,0,131963.85485540007,4.4799198499972714,0
2026-06-24,-16,0.5,0.52213689121370688,0.51106844560685349,0,5067.8354077900494,741.55482006,0
2026-06-25,-46,0.13631346658315721,0.14234857934458645,0.13933102296387184,47517.734701860005,0,17.874821800000444,0
2026-06-25,-45,0.14234857934458645,0.14865088937534013,0.14549973435996327,79065.450700400004,0,265.83405623000044,0
2026-06-25,-44,0.14865088937534013,0.1552322265091855,0.15194155794226283,129714.35433151998,0,1.131699999999785,0
2026-06-25,-43,0.1552322265091855,0.16210494433137621,0.15866858542028084,431206.22194315022,344618.05282768002,3331809.2287558299,0
2026-06-25,-42,0.16210494433137621,0.16928194336711158,0.16569344384924389,175257.55096008026,28033.606865200352,310829.80442522507,0
2026-06-25,-41,0.16928194336711158,0.17677669529663689,0.17302931933187424,339823.75442007039,281752.75160211016,1443860.1239439701,0
2026-06-25,-40,0.17677669529663689,0.18460326824243742,0.18068998176953716,110519.76303868002,109940.77217867998,545361.59006342851,0
2026-06-25,-39,0.18460326824243742,0.19277635317599259,0.18868981070921501,113012.69839402995,3989330.8692923905,312290.83025694027,0
2026-06-25,-38,0.19277635317599259,0.20131129149365679,0.1970438223348247,77884.211495349999,2263957.9328665803,488049.53455629945,0
2026-06-25,-37,0.20131129149365679,0.21022410381342863,0.20576769765354269,137519.58770284004,131681.70350544003,675381.33025059011,0
2026-06-25,-36,0.21022410381342863,0.21953152004666243,0.21487781193004551,19172.942380140124,50660.540400210099,195774.87871584017,0
2026-06-25,-35,0.21953152004666243,0.2292510108011678,0.22439126542391513,770.60956477000445,105896.90666928008,7813.664237960319,0
2026-06-25,-34,0.2292510108011678,0.23940082017464343,0.2343259154879056,1854.8222423800012,33926.376561660007,186037.48441348979,0
2026-06-25,-33,0.23940082017464343,0.25,0.24470041008732171,8552.8273872000027,157767.86330132026,260068.18449774347,0
2026-06-25,-32,0.25,0.26106844560685344,0.25553422280342675,609.30089695000004,77178.267931740134,58927.266944449955,0
2026-06-25,-31,0.26106844560685344,0.27262693316631442,0.26684768938658393,0,543999.72292976,8382.9035200200815,0
2026-06-25,-30,0.27262693316631442,0.28469715868917289,0.27866204592774368,0,59641.352084880033,1396.7153028199755,0
2026-06-25,-29,0.28469715868917289,0.29730177875068026,0.29099946871992655,0,13519.727965419997,33.05316589011656,0
2026-06-25,-28,0.29730177875068026,0.310464453018371,0.30388311588452566,0,21489.476540270083,340.1744694601436,0
2026-06-25,-27,0.310464453018371,0.32420988866275241,0.31733717084056168,0,53555.935219899991,767.55516768999996,0
2026-06-25,-26,0.32420988866275241,0.33856388673422316,0.33138688769848779,0,18155.379593660015,2.8997281801018122,0
2026-06-25,-22,0.38555270635198519,0.40262258298731357,0.39408764466964941,0,7463.4792092903144,2338.3926258201163,0
2026-06-25,-21,0.40262258298731357,0.42044820762685725,0.41153539530708538,0,131963.85485540007,4.4799198499972714,0
2026-06-25,-16,0.5,0.52213689121370688,0.51106844560685349,0,5067.8354077900494,741.55482006,0
2026-06-26,-46,0.13631346658315721,0.14234857934458645,0.13933102296387184,47517.734701860005,0,17.874821800000444,0
2026-06-26,-45,0.14234857934458645,0.14865088937534013,0.14549973435996327,79065.450700400004,0,265.83405623000044,0
2026-06-26,-44,0.14865088937534013,0.1552322265091855,0.15194155794226283,129714.35433151998,0,1.131699999999785,0
2026-06-26,-43,0.1552322265091855,0.16210494433137621,0.15866858542028084,428457.36988984019,344618.05282768002,3331807.68232169,0
2026-06-26,-42,0.16210494433137621,0.16928194336711158,0.16569344384924389,136832.12528759046,28033.606865200352,296693.26667009998,0
2026-06-26,-41,0.16928194336711158,0.17677669529663689,0.17302931933187424,214097.34590818043,281752.75160211016,1329242.6853763352,0
2026-06-26,-40,0.17677669529663689,0.18460326824243742,0.18068998176953716,266165.21843467967,109940.77217867998,1117417.5400584587,0
2026-06-26,-39,0.18460326824243742,0.19277635317599259,0.18868981070921501,107416.32659339995,3989330.8692923905,297345.71901904972,0
2026-06-26,-38,0.19277635317599259,0.20131129149365679,0.1970438223348247,55240.479716089991,2285716.4085816401,488002.34690671001,0
2026-06-26,-37,0.20131129149365679,0.21022410381342863,0.20576769765354269,137359.78615683003,131681.70350544003,675381.33025059011,0
2026-06-26,-36,0.21022410381342863,0.21953152004666243,0.21487781193004551,19172.942380140124,50660.540400210099,195759.55031141016,0
2026-06-26,-35,0.21953152004666243,0.2292510108011678,0.22439126542391513,770.60956477000445,105896.90666928008,7813.664237960319,0
2026-06-26,-34,0.2292510108011678,0.23940082017464343,0.2343259154879056,1365.8222423800012,33926.376561660007,111915.86651225339,0
2026-06-26,-33,0.23940082017464343,0.25,0.24470041008732171,8552.8273872000027,157754.49330131026,3767.0442486298712,0
2026-06-26,-32,0.25,0.26106844560685344,0.25553422280342675,609.30089695000004,77178.267931740134,289.49320211995541,0
2026-06-26,-31,0.26106844560685344,0.27262693316631442,0.26684768938658393,0,543890.38881112006,8382.9035200200815,0
2026-06-26,-30,0.27262693316631442,0.28469715868917289,0.27866204592774368,0,59641.352084880033,1396.7153028199755,0
2026-06-26,-29,0.28469715868917289,0.29730177875068026,0.29099946871992655,0,13519.727965419997,33.05316589011656,0
2026-06-26,-28,0.29730177875068026,0.310464453018371,0.30388311588452566,0,21489.476540270083,340.1744694601436,0
2026-06-26,-27,0.310464453018371,0.32420988866275241,0.31733717084056168,0,53555.935219899991,767.55516768999996,0
2026-06-26,-26,0.32420988866275241,0.33856388673422316,0.33138688769848779,0,18155.379593660015,2.8997281801018122,0
2026-06-26,-22,0.38555270635198519,0.40262258298731357,0.39408764466964941,0,7463.4792092903144,2338.3926258201163,0
2026-06-26,-21,0.40262258298731357,0.42044820762685725,0.41153539530708538,0,131963.85485540007,4.4799198499972714,0
2026-06-26,-16,0.5,0.52213689121370688,0.51106844560685349,0,5067.8354077900494,741.55482006,0
2026-06-27,-46,0.13631346658315721,0.14234857934458645,0.13933102296387184,47517.734701860005,0,17.874821800000444,0
2026-06-27,-45,0.14234857934458645,0.14865088937534013,0.14549973435996327,78965.401929679996,0,265.83405623000044,0
2026-06-27,-44,0.14865088937534013,0.1552322265091855,0.15194155794226283,121535.09353495999,0,1.131699999999785,0
2026-06-27,-43,0.1552322265091855,0.16210494433137621,0.15866858542028084,300852.76433057029,344253.29677646997,3331687.6174554694,0
2026-06-27,-42,0.16210494433137621,0.16928194336711158,0.16569344384924389,134657.45925000045,28033.606865200352,289330.90507512999,0
2026-06-27,-41,0.16928194336711158,0.17677669529663689,0.17302931933187424,209986.07664744041,281683.81162527017,1134638.8176278591,0
2026-06-27,-40,0.17677669529663689,0.18460326824243742,0.18068998176953716,126621.62550624003,109940.77217867998,874008.80689343961,0
2026-06-27,-39,0.18460326824243742,0.19277635317599259,0.18868981070921501,91780.382739899957,3981800.6156686605,248436.65356469029,0
2026-06-27,-38,0.19277635317599259,0.20131129149365679,0.1970438223348247,53441.707114879988,2285716.4085816401,10443.099074013806,0
2026-06-27,-37,0.20131129149365679,0.21022410381342863,0.20576769765354269,136355.4536758,131472.28902492003,15376.328995040152,0
2026-06-27,-36,0.21022410381342863,0.21953152004666243,0.21487781193004551,19031.291870569999,50206.471428210098,176950.75422580016,0
2026-06-27,-35,0.21953152004666243,0.2292510108011678,0.22439126542391513,140140.09764503961,105896.90666928008,2013689.6893658757,0
2026-06-27,-34,0.2292510108011678,0.23940082017464343,0.2343259154879056,1365.8222423800012,33926.376561660007,44112.839490099774,0
2026-06-27,-33,0.23940082017464343,0.25,0.24470041008732171,8552.8273872000027,157730.68330131026,3767.0442486298712,0
2026-06-27,-32,0.25,0.26106844560685344,0.25553422280342675,609.30089695000004,77178.267931740134,289.49320211995541,0
2026-06-27,-31,0.26106844560685344,0.27262693316631442,0.26684768938658393,0,543411.38414943009,8382.9035200200815,0
2026-06-27,-30,0.27262693316631442,0.28469715868917289,0.27866204592774368,0,59641.352084880033,1396.7153028199755,0
2026-06-27,-29,0.28469715868917289,0.29730177875068026,0.29099946871992655,0,13407.972600519997,33.05316589011656,0
2026-06-27,-28,0.29730177875068026,0.310464453018371,0.30388311588452566,0,21479.876540270081,340.1744694601436,0
2026-06-27,-27,0.310464453018371,0.32420988866275241,0.31733717084056168,0,53555.935219899991,767.55516768999996,0
2026-06-27,-26,0.32420988866275241,0.33856388673422316,0.33138688769848779,0,18155.379593640017,2.8997281801018122,0
2026-06-27,-22,0.38555270635198519,0.40262258298731357,0.39408764466964941,0,7463.4792092903144,2338.3926258201163,0
2026-06-27,-21,0.40262258298731357,0.42044820762685725,0.41153539530708538,0,131963.85485540007,4.4799198499972714,0
2026-06-27,-16,0.5,0.52213689121370688,0.51106844560685349,0,5067.8354077900494,741.55482006,0
2026-06-28,-46,0.13631346658315721,0.14234857934458645,0.13933102296387184,47517.734701860005,0,17.874821800000444,0
2026-06-28,-45,0.14234857934458645,0.14865088937534013,0.14549973435996327,75101.219386500001,0,265.83405623000044,0
2026-06-28,-44,0.14865088937534013,0.1552322265091855,0.15194155794226283,119936.27463172999,0,1.131699999999785,0
2026-06-28,-43,0.1552322265091855,0.16210494433137621,0.15866858542028084,238089.83005248031,344248.08677647001,2870201.1369321132,0
2026-06-28,-42,0.16210494433137621,0.16928194336711158,0.16569344384924389,111775.29066064046,26285.58688238035,289330.90507512999,0
2026-06-28,-41,0.16928194336711158,0.17677669529663689,0.17302931933187424,195228.77450368041,281677.88157469017,1133931.717627859,0
2026-06-28,-40,0.17677669529663689,0.18460326824243742,0.18068998176953716,121062.29351186003,109709.91795312997,874008.80689343961,0
2026-06-28,-39,0.18460326824243742,0.19277635317599259,0.18868981070921501,151566.5653323798,3970554.5221808907,1043118.6405419656,0
2026-06-28,-38,0.19277635317599259,0.20131129149365679,0.1970438223348247,50212.473830009985,2281147.4842525404,5381.412392350021,0
2026-06-28,-37,0.20131129149365679,0.21022410381342863,0.20576769765354269,135053.40775439001,131383.89653638002,15376.328995040152,0
2026-06-28,-36,0.21022410381342863,0.21953152004666243,0.21487781193004551,19031.291870569999,50076.471428210098,10496.567058200158,0
2026-06-28,-35,0.21953152004666243,0.2292510108011678,0.22439126542391513,56238.939867309804,105896.90666928008,1919068.6788214305,0
2026-06-28,-34,0.2292510108011678,0.23940082017464343,0.2343259154879056,1365.8222423800012,33926.376561660007,44112.839490099774,0
2026-06-28,-33,0.23940082017464343,0.25,0.24470041008732171,8552.8273872000027,157690.55607019027,3767.0442486298712,0
2026-06-28,-32,0.25,0.26106844560685344,0.25553422280342675,609.30089695000004,77178.267931740134,289.49320211995541,0
2026-06-28,-31,0.26106844560685344,0.27262693316631442,0.26684768938658393,0,542873.56448005,8382.9035200200815,0
2026-06-28,-30,0.27262693316631442,0.28469715868917289,0.27866204592774368,0,59641.352084880033,1396.7153028199755,0
2026-06-28,-29,0.28469715868917289,0.29730177875068026,0.29099946871992655,0,13407.972600519997,33.05316589011656,0
2026-06-28,-28,0.29730177875068026,0.310464453018371,0.30388311588452566,0,21479.876540270081,340.1744694601436,0
2026-06-28,-27,0.310464453018371,0.32420988866275241,0.31733717084056168,0,53555.935219899991,767.55516768999996,0
2026-06-28,-26,0.32420988866275241,0.33856388673422316,0.33138688769848779,0,18155.379593640017,2.8997281801018122,0
2026-06-28,-22,0.38555270635198519,0.40262258298731357,0.39408764466964941,0,7405.8722345203141,2338.3926258201163,0
2026-06-28,-21,0.40262258298731357,0.42044820762685725,0.41153539530708538,0,131963.85485540007,4.4799198499972714,0
2026-06-28,-16,0.5,0.52213689121370688,0.51106844560685349,0,5067.8354077900494,741.55482006,0
2026-06-29,-46,0.13631346658315721,0.14234857934458645,0.13933102296387184,47517.734701860005,0,17.874821800000444,0
2026-06-29,-45,0.14234857934458645,0.14865088937534013,0.14549973435996327,75101.219386480007,0,265.83405623000044,0
2026-06-29,-44,0.14865088937534013,0.1552322265091855,0.15194155794226283,119936.27463172999,0,1.131699999999785,0
2026-06-29,-43,0.1552322265091855,0.16210494433137621,0.15866858542028084,232665.90492968031,344248.08677647001,2508073.8090382633,0
2026-06-29,-42,0.16210494433137621,0.16928194336711158,0.16569344384924389,104941.26195849046,26285.58688238035,289330.90507512999,0
2026-06-29,-41,0.16928194336711158,0.17677669529663689,0.17302931933187424,184318.08457710041,281677.88157469017,1128935.1777270401,0
2026-06-29,-40,0.17677669529663689,0.18460326824243742,0.18068998176953716,119992.08043794004,109875.63152663998,874008.80689343961,0
2026-06-29,-39,0.18460326824243742,0.19277635317599259,0.18868981070921501,89275.247096909981,3944428.6589776203,945335.80002498033,0
2026-06-29,-38,0.19277635317599259,0.20131129149365679,0.1970438223348247,138030.85297615963,2274879.4017775101,1733290.2530870242,0
2026-06-29,-37,0.20131129149365679,0.21022410381342863,0.20576769765354269,135048.96096479002,130936.09863692003,15376.328995040152,0
2026-06-29,-36,0.21022410381342863,0.21953152004666243,0.21487781193004551,18896.802134490001,50076.471428210098,3936.8890582001582,0
2026-06-29,-35,0.21953152004666243,0.2292510108011678,0.22439126542391513,51479.390915100012,105896.90666928008,1917763.4946629603,0
2026-06-29,-34,0.2292510108011678,0.23940082017464343,0.2343259154879056,1365.8222423800012,33926.376561660007,44112.839490099774,0
2026-06-29,-33,0.23940082017464343,0.25,0.24470041008732171,8552.8273872000027,157615.71607019028,3767.0442486298712,0
2026-06-29,-32,0.25,0.26106844560685344,0.25553422280342675,605.94399145,77178.267931740134,289.49320211995541,0
2026-06-29,-31,0.26106844560685344,0.27262693316631442,0.26684768938658393,0,542873.56448005,8382.9035200200815,0
2026-06-29,-30,0.27262693316631442,0.28469715868917289,0.27866204592774368,0,59641.352084880033,1396.7153028199755,0
2026-06-29,-29,0.28469715868917289,0.29730177875068026,0.29099946871992655,0,13407.972600519997,33.05316589011656,0
2026-06-29,-28,0.29730177875068026,0.310464453018371,0.30388311588452566,0,21479.876540270081,340.1744694601436,0
2026-06-29,-27,0.310464453018371,0.32420988866275241,0.31733717084056168,0,53555.935219899991,767.55516768999996,0
2026-06-29,-26,0.32420988866275241,0.33856388673422316,0.33138688769848779,0,18155.379593640017,2.8997281801018122,0
2026-06-29,-22,0.38555270635198519,0.40262258298731357,0.39408764466964941,0,7405.8722345203141,2338.3926258201163,0
2026-06-29,-21,0.40262258298731357,0.42044820762685725,0.41153539530708538,0,131963.85485540007,4.4799198499972714,0
2026-06-29,-16,0.5,0.52213689121370688,0.51106844560685349,0,5067.8354077900494,741.55482006,0
2026-06-30,-46,0.13631346658315721,0.14234857934458645,0.13933102296387184,47517.734701860005,0,0,0
2026-06-30,-45,0.14234857934458645,0.14865088937534013,0.14549973435996327,75101.219386480007,0,265.83405623000044,0
2026-06-30,-44,0.14865088937534013,0.1552322265091855,0.15194155794226283,35531.592146009985,72047.88248575,1.131699999999785,0
2026-06-30,-43,0.1552322265091855,0.16210494433137621,0.15866858542028084,226468.75558683017,331221.91274577001,1604284.9300021539,0
2026-06-30,-42,0.16210494433137621,0.16928194336711158,0.16569344384924389,103604.37907455045,26285.58688238035,289231.08065528999,0
2026-06-30,-41,0.16928194336711158,0.17677669529663689,0.17302931933187424,184038.48895345043,256988.19246446015,1128930.7612313696,0
2026-06-30,-40,0.17677669529663689,0.18460326824243742,0.18068998176953716,118772.87828719003,86037.042223420067,873972.53294215957,0
2026-06-30,-39,0.18460326824243742,0.19277635317599259,0.18868981070921501,88206.20127816996,3925424.5617456203,945335.80002498033,0
2026-06-30,-38,0.19277635317599259,0.20131129149365679,0.1970438223348247,228234.5130911798,2172170.6693199701,2833954.2973456043,0
2026-06-30,-37,0.20131129149365679,0.21022410381342863,0.20576769765354269,50548.962186569996,111320.15054952003,15376.328995040152,0
2026-06-30,-36,0.21022410381342863,0.21953152004666243,0.21487781193004551,18896.802134490001,48302.906239110103,3936.8890582001582,0
2026-06-30,-35,0.21953152004666243,0.2292510108011678,0.22439126542391513,50893.234205340006,105869.92666928009,1917291.2723557104,0
2026-06-30,-34,0.2292510108011678,0.23940082017464343,0.2343259154879056,1365.8222423800012,33926.376561660007,44112.839490099774,0
2026-06-30,-33,0.23940082017464343,0.25,0.24470041008732171,8552.8273872000027,157572.08987898027,3767.0442486298712,0
2026-06-30,-32,0.25,0.26106844560685344,0.25553422280342675,605.94399145,77167.538597880135,289.49320211995541,0
2026-06-30,-31,0.26106844560685344,0.27262693316631442,0.26684768938658393,0,542848.34448005003,8382.9035200200815,0
2026-06-30,-30,0.27262693316631442,0.28469715868917289,0.27866204592774368,0,59641.352084880033,1396.7153028199755,0
2026-06-30,-29,0.28469715868917289,0.29730177875068026,0.29099946871992655,0,13407.972600519997,33.05316589011656,0
2026-06-30,-28,0.29730177875068026,0.310464453018371,0.30388311588452566,0,10843.864543290081,340.1744694601436,0
2026-06-30,-27,0.310464453018371,0.32420988866275241,0.31733717084056168,0,53555.935219899991,767.55516768999996,0
2026-06-30,-26,0.32420988866275241,0.33856388673422316,0.33138688769848779,0,18146.108927500016,2.8997281801018122,0
2026-06-30,-22,0.38555270635198519,0.40262258298731357,0.39408764466964941,0,7209.6303945203135,2338.3926258201163,0
2026-06-30,-21,0.40262258298731357,0.42044820762685725,0.41153539530708538,0,131963.85485540007,4.4799198499972714,0
2026-06-30,-16,0.5,0.52213689121370688,0.51106844560685349,0,5046.6390506000489,741.55482006,0
2026-07-01,-46,0.13631346658315721,0.14234857934458645,0.13933102296387184,47517.734701860005,0,0,0
2026-07-01,-45,0.14234857934458645,0.14865088937534013,0.14549973435996327,66033.069453579999,9068.1499328999998,265.83405623000044,0
2026-07-01,-44,0.14865088937534013,0.1552322265091855,0.15194155794226283,35017.592146019982,72047.88248575,1.131699999999785,0
2026-07-01,-43,0.1552322265091855,0.16210494433137621,0.15866858542028084,224916.29414703019,331221.91274577001,1254695.5995946741,0
2026-07-01,-42,0.16210494433137621,0.16928194336711158,0.16569344384924389,97803.500038190439,26285.58688238035,288856.00377478002,0
2026-07-01,-41,0.16928194336711158,0.17677669529663689,0.17302931933187424,752407.58562201029,256830.51199061016,12153145.451465486,0
2026-07-01,-40,0.17677669529663689,0.18460326824243742,0.18068998176953716,102538.13064405003,73216.242714370077,873891.00420727965,0
2026-07-01,-39,0.18460326824243742,0.19277635317599259,0.18868981070921501,88027.946284359961,3925424.5617456203,945262.53768801037,0
2026-07-01,-38,0.19277635317599259,0.20131129149365679,0.1970438223348247,146985.84066485002,2171110.4431737303,2770686.9620486288,0
2026-07-01,-37,0.20131129149365679,0.21022410381342863,0.20576769765354269,50215.152955009995,111310.15054952003,15374.328995040152,0
2026-07-01,-36,0.21022410381342863,0.21953152004666243,0.21487781193004551,18896.802134490001,48302.906239110103,3936.8890582001582,0
2026-07-01,-35,0.21953152004666243,0.2292510108011678,0.22439126542391513,44388.226565850004,105869.03234575008,1917286.8440619498,0
2026-07-01,-34,0.2292510108011678,0.23940082017464343,0.2343259154879056,1365.8222423800012,33926.376561660007,44112.839490099774,0
2026-07-01,-33,0.23940082017464343,0.25,0.24470041008732171,8552.8273872000027,157572.08987898027,3767.0442486298712,0
2026-07-01,-32,0.25,0.26106844560685344,0.25553422280342675,605.94399145,77067.475308890134,289.49320211995541,0
2026-07-01,-31,0.26106844560685344,0.27262693316631442,0.26684768938658393,0,542848.34448005003,8382.9035200200815,0
2026-07-01,-30,0.27262693316631442,0.28469715868917289,0.27866204592774368,0,59641.352084880033,1396.7153028199755,0
2026-07-01,-29,0.28469715868917289,0.29730177875068026,0.29099946871992655,0,13407.972600519997,33.05316589011656,0
2026-07-01,-28,0.29730177875068026,0.310464453018371,0.30388311588452566,0,10843.864543290081,340.1744694601436,0
2026-07-01,-27,0.310464453018371,0.32420988866275241,0.31733717084056168,0,53555.935219899991,767.55516768999996,0
2026-07-01,-26,0.32420988866275241,0.33856388673422316,0.33138688769848779,0,18146.108927500016,2.8997281801018122,0
2026-07-01,-22,0.38555270635198519,0.40262258298731357,0.39408764466964941,0,7209.6303945203135,2338.3926258201163,0
2026-07-01,-21,0.40262258298731357,0.42044820762685725,0.41153539530708538,0,131963.85485540007,4.4799198499972714,0
2026-07-01,-16,0.5,0.52213689121370688,0.51106844560685349,0,5046.6390506000489,741.55482006,0
2026-07-02,-46,0.13631346658315721,0.14234857934458645,0.13933102296387184,37911.342637150003,9606.3920647099985,0,0
2026-07-02,-45,0.14234857934458645,0.14865088937534013,0.14549973435996327,66033.069453579999,9068.1499328999998,265.83405623000044,0
2026-07-02,-44,0.14865088937534013,0.1552322265091855,0.15194155794226283,35010.926132709981,72047.88248575,1.131699999999785,0
2026-07-02,-43,0.1552322265091855,0.16210494433137621,0.15866858542028084,224916.29414703019,331221.91274577001,992811.15842815395,0
2026-07-02,-42,0.16210494433137621,0.16928194336711158,0.16569344384924389,97761.70735424044,26285.58688238035,288856.00377478002,0
2026-07-02,-41,0.16928194336711158,0.17677669529663689,0.17302931933187424,523929.56756649067,256660.88316262016,11992707.947352126,0
2026-07-02,-40,0.17677669529663689,0.18460326824243742,0.18068998176953716,203938.65897430963,73216.242714370077,1443293.8635872197,0
2026-07-02,-39,0.18460326824243742,0.19277635317599259,0.18868981070921501,87540.60408528996,3925424.5617456203,945262.53768801037,0
2026-07-02,-38,0.19277635317599259,0.20131129149365679,0.1970438223348247,145559.44028989002,2170015.5666484302,2770686.9620486288,0
2026-07-02,-37,0.20131129149365679,0.21022410381342863,0.20576769765354269,50209.121812400001,111310.15054952003,15374.328995040152,0
2026-07-02,-36,0.21022410381342863,0.21953152004666243,0.21487781193004551,18896.802134490001,48132.906239110103,3936.8890582001582,0
2026-07-02,-35,0.21953152004666243,0.2292510108011678,0.22439126542391513,44174.179373970008,105869.03234575008,1917224.7266219698,0
2026-07-02,-34,0.2292510108011678,0.23940082017464343,0.2343259154879056,1365.8222423800012,33926.376561660007,44112.839490099774,0
2026-07-02,-33,0.23940082017464343,0.25,0.24470041008732171,8552.8273872000027,157541.70987898027,3767.0442486298712,0
2026-07-02,-32,0.25,0.26106844560685344,0.25553422280342675,605.94399145,77067.475308890134,289.49320211995541,0
2026-07-02,-31,0.26106844560685344,0.27262693316631442,0.26684768938658393,0,542653.51270977,8382.9035200200815,0
2026-07-02,-30,0.27262693316631442,0.28469715868917289,0.27866204592774368,0,59641.352084880033,1396.7153028199755,0
2026-07-02,-29,0.28469715868917289,0.29730177875068026,0.29099946871992655,0,13407.972600519997,33.05316589011656,0
2026-07-02,-28,0.29730177875068026,0.310464453018371,0.30388311588452566,0,10843.864543290081,340.1744694601436,0
2026-07-02,-27,0.310464453018371,0.32420988866275241,0.31733717084056168,0,53555.935219899991,767.55516768999996,0
2026-07-02,-26,0.32420988866275241,0.33856388673422316,0.33138688769848779,0,18146.108927500016,2.8997281801018122,0
2026-07-02,-22,0.38555270635198519,0.40262258298731357,0.39408764466964941,0,7209.6303945203135,2338.3926258201163,0
2026-07-02,-21,0.40262258298731357,0.42044820762685725,0.41153539530708538,0,131963.85485540007,4.4799198499972714,0
2026-07-02,-16,0.5,0.52213689121370688,0.51106844560685349,0,5046.6390506000489,741.55482006,0
2026-07-03,-46,0.13631346658315721,0.14234857934458645,0.13933102296387184,0,47517.734701859998,0,0
2026-07-03,-45,0.14234857934458645,0.14865088937534013,0.14549973435996327,66033.069453579999,9068.1499328999998,265.83405623000044,0
2026-07-03,-44,0.14865088937534013,0.1552322265091855,0.15194155794226283,35010.926132709981,72047.88248575,1.131699999999785,0
2026-07-03,-43,0.1552322265091855,0.16210494433137621,0.15866858542028084,224846.29414703019,331221.91274577001,841612.46560276404,0
2026-07-03,-42,0.16210494433137621,0.16928194336711158,0.16569344384924389,96383.459222820442,26285.58688238035,288856.00377478002,0
2026-07-03,-41,0.16928194336711158,0.17677669529663689,0.17302931933187424,512006.22373071039,256660.88316262016,12234189.300272832,0
2026-07-03,-40,0.17677669529663689,0.18460326824243742,0.18068998176953716,150759.91545599996,73016.242714370077,1393970.0484081449,0
2026-07-03,-39,0.18460326824243742,0.19277635317599259,0.18868981070921501,86991.423594749955,3925424.5617456203,945262.53768801037,0
2026-07-03,-38,0.19277635317599259,0.20131129149365679,0.1970438223348247,143674.38697568001,2170008.7194476202,2770686.9620486288,0
2026-07-03,-37,0.20131129149365679,0.21022410381342863,0.20576769765354269,50209.121812400001,111310.15054952003,15374.328995040152,0
2026-07-03,-36,0.21022410381342863,0.21953152004666243,0.21487781193004551,18896.802134490001,48132.906239110103,3936.8890582001582,0
2026-07-03,-35,0.21953152004666243,0.2292510108011678,0.22439126542391513,44154.028412740008,105869.03234575008,1917219.1240939398,0
2026-07-03,-34,0.2292510108011678,0.23940082017464343,0.2343259154879056,1365.8222423800012,33926.376561660007,44112.839490099774,0
2026-07-03,-33,0.23940082017464343,0.25,0.24470041008732171,8552.8273872000027,157541.70987898027,3767.0442486298712,0
2026-07-03,-32,0.25,0.26106844560685344,0.25553422280342675,605.94399145,77067.475308890134,289.49320211995541,0
2026-07-03,-31,0.26106844560685344,0.27262693316631442,0.26684768938658393,0,542653.51270977,8382.9035200200815,0
2026-07-03,-30,0.27262693316631442,0.28469715868917289,0.27866204592774368,0,59641.352084880033,1396.7153028199755,0
2026-07-03,-29,0.28469715868917289,0.29730177875068026,0.29099946871992655,0,13407.972600519997,33.05316589011656,0
2026-07-03,-28,0.29730177875068026,0.310464453018371,0.30388311588452566,0,10843.864543290081,340.1744694601436,0
2026-07-03,-27,0.310464453018371,0.32420988866275241,0.31733717084056168,0,53555.935219899991,767.55516768999996,0
2026-07-03,-26,0.32420988866275241,0.33856388673422316,0.33138688769848779,0,18146.108927500016,2.8997281801018122,0
2026-07-03,-22,0.38555270635198519,0.40262258298731357,0.39408764466964941,0,7209.6303945203135,2338.3926258201163,0
2026-07-03,-21,0.40262258298731357,0.42044820762685725,0.41153539530708538,0,131963.85485540007,4.4799198499972714,0
2026-07-03,-16,0.5,0.52213689121370688,0.51106844560685349,0,5046.6390506000489,741.55482006,0
2026-07-04,-46,0.13631346658315721,0.14234857934458645,0.13933102296387184,0,47517.734701859998,0,0
2026-07-04,-45,0.14234857934458645,0.14865088937534013,0.14549973435996327,65544.026042990008,9557.1933434900002,265.83405623000044,0
2026-07-04,-44,0.14865088937534013,0.1552322265091855,0.15194155794226283,35010.926132709981,72047.88248575,1.131699999999785,0
2026-07-04,-43,0.1552322265091855,0.16210494433137621,0.15866858542028084,224692.09550841019,331128.05744086998,542724.18478703406,0
2026-07-04,-42,0.16210494433137621,0.16928194336711158,0.16569344384924389,96381.099670000433,26285.58688238035,288856.00377478002,0
2026-07-04,-41,0.16928194336711158,0.17677669529663689,0.17302931933187424,577497.9764327805,256296.03954941014,12522309.243129391,0
2026-07-04,-40,0.17677669529663689,0.18460326824243742,0.18068998176953716,132816.89069480984,72751.662650510072,1368142.4593081146,0
2026-07-04,-39,0.18460326824243742,0.19277635317599259,0.18868981070921501,84440.60049007996,3925424.5617456203,945262.53768801037,0
2026-07-04,-38,0.19277635317599259,0.20131129149365679,0.1970438223348247,139320.83357112002,2170008.7194476202,2770686.9620486288,0
2026-07-04,-37,0.20131129149365679,0.21022410381342863,0.20576769765354269,50209.121812400001,111310.15054952003,15374.328995040152,0
2026-07-04,-36,0.21022410381342863,0.21953152004666243,0.21487781193004551,18896.802134490001,48050.326239110102,3936.8890582001582,0
2026-07-04,-35,0.21953152004666243,0.2292510108011678,0.22439126542391513,43598.274720310008,105869.03234575008,1917202.9431464497,0
2026-07-04,-34,0.2292510108011678,0.23940082017464343,0.2343259154879056,1365.8222423800012,33926.376561660007,44112.839490099774,0
2026-07-04,-33,0.23940082017464343,0.25,0.24470041008732171,8552.8273872000027,157541.70987898027,3767.0442486298712,0
2026-07-04,-32,0.25,0.26106844560685344,0.25553422280342675,605.94399145,77067.475308890134,289.49320211995541,0
2026-07-04,-31,0.26106844560685344,0.27262693316631442,0.26684768938658393,0,542642.50573262002,8382.9035200200815,0
2026-07-04,-30,0.27262693316631442,0.28469715868917289,0.27866204592774368,0,59641.352084880033,1396.7153028199755,0
2026-07-04,-29,0.28469715868917289,0.29730177875068026,0.29099946871992655,0,13407.972600519997,33.05316589011656,0
2026-07-04,-28,0.29730177875068026,0.310464453018371,0.30388311588452566,0,10843.86453855008,340.1744694601436,0
2026-07-04,-27,0.310464453018371,0.32420988866275241,0.31733717084056168,0,53555.935219899991,767.55516768999996,0
2026-07-04,-26,0.32420988866275241,0.33856388673422316,0.33138688769848779,0,18146.108927500016,2.8997281801018122,0
2026-07-04,-22,0.38555270635198519,0.40262258298731357,0.39408764466964941,0,7209.6303945203135,2338.3926258201163,0
2026-07-04,-21,0.40262258298731357,0.42044820762685725,0.41153539530708538,0,131963.85485540007,4.4799198499972714,0
2026-07-04,-16,0.5,0.52213689121370688,0.51106844560685349,0,5046.6390506000489,741.55482006,0
2026-07-05,-46,0.13631346658315721,0.14234857934458645,0.13933102296387184,0,47517.734701859998,0,0
2026-07-05,-45,0.14234857934458645,0.14865088937534013,0.14549973435996327,0,75101.219386480007,265.83405623000044,0
2026-07-05,-44,0.14865088937534013,0.1552322265091855,0.15194155794226283,35010.926132709981,72047.88248575,1.131699999999785,0
2026-07-05,-43,0.1552322265091855,0.16210494433137621,0.15866858542028084,224627.17930775019,331128.05744086998,412776.07177595398,0
2026-07-05,-42,0.16210494433137621,0.16928194336711158,0.16569344384924389,96381.099670000433,26285.58688238035,288856.00377478002,0
2026-07-05,-41,0.16928194336711158,0.17677669529663689,0.17302931933187424,594105.46248613042,256296.03954941014,12687989.336388936,0
2026-07-05,-40,0.17677669529663689,0.18460326824243742,0.18068998176953716,120869.34599859989,72751.662650510072,1346235.9546061696,0
2026-07-05,-39,0.18460326824243742,0.19277635317599259,0.18868981070921501,84267.538884419962,3925424.5617456203,945262.53768801037,0
2026-07-05,-38,0.19277635317599259,0.20131129149365679,0.1970438223348247,139310.58172165,2170000.7194476202,2770686.9620486288,0
2026-07-05,-37,0.20131129149365679,0.21022410381342863,0.20576769765354269,50209.121812400001,111310.15054952003,15374.328995040152,0
2026-07-05,-36,0.21022410381342863,0.21953152004666243,0.21487781193004551,18896.802134490001,48050.326239110102,3936.8890582001582,0
2026-07-05,-35,0.21953152004666243,0.2292510108011678,0.22439126542391513,43598.274720310008,105869.03234575008,1917179.4274784599,0
2026-07-05,-34,0.2292510108011678,0.23940082017464343,0.2343259154879056,1365.8222423800012,33926.376561660007,44112.839490099774,0
2026-07-05,-33,0.23940082017464343,0.25,0.24470041008732171,8304.5668640500026,157541.70987898027,3767.0442486298712,0
2026-07-05,-32,0.25,0.26106844560685344,0.25553422280342675,605.94399145,77067.475308890134,289.49320211995541,0
2026-07-05,-31,0.26106844560685344,0.27262693316631442,0.26684768938658393,0,542069.83587978,8382.9035200200815,0
2026-07-05,-30,0.27262693316631442,0.28469715868917289,0.27866204592774368,0,59641.352084880033,1396.7153028199755,0
2026-07-05,-29,0.28469715868917289,0.29730177875068026,0.29099946871992655,0,13407.972600519997,33.05316589011656,0
2026-07-05,-28,0.29730177875068026,0.310464453018371,0.30388311588452566,0,10842.630347550081,340.1744694601436,0
2026-07-05,-27,0.310464453018371,0.32420988866275241,0.31733717084056168,0,53555.935219899991,767.55516768999996,0
2026-07-05,-26,0.32420988866275241,0.33856388673422316,0.33138688769848779,0,18146.108927500016,2.8997281801018122,0
2026-07-05,-22,0.38555270635198519,0.40262258298731357,0.39408764466964941,0,7209.6303945203135,2338.3926258201163,0
2026-07-05,-21,0.40262258298731357,0.42044820762685725,0.41153539530708538,0,131963.85485540007,4.4799198499972714,0
2026-07-05,-16,0.5,0.52213689121370688,0.51106844560685349,0,5046.6390506000489,741.55482006,0
2026-07-06,-46,0.13631346658315721,0.14234857934458645,0.13933102296387184,0,47517.734701859998,0,0
2026-07-06,-45,0.14234857934458645,0.14865088937534013,0.14549973435996327,0,75101.219386480007,265.83405623000044,0
2026-07-06,-44,0.14865088937534013,0.1552322265091855,0.15194155794226283,31406.996254619979,75651.812363839999,1.131699999999785,0
2026-07-06,-43,0.1552322265091855,0.16210494433137621,0.15866858542028084,224266.24969168019,331128.05744086998,240096.267572654,0
2026-07-06,-42,0.16210494433137621,0.16928194336711158,0.16569344384924389,96381.099670000433,26285.58688238035,288856.00377478002,0
2026-07-06,-41,0.16928194336711158,0.17677669529663689,0.17302931933187424,576859.7979722704,256296.03954941014,12881767.455676736,0
2026-07-06,-40,0.17677669529663689,0.18460326824243742,0.18068998176953716,107527.77889294989,72692.072475820067,1346193.1824069296,0
2026-07-06,-39,0.18460326824243742,0.19277635317599259,0.18868981070921501,84170.080014239953,3925424.5617456203,945262.53768801037,0
2026-07-06,-38,0.19277635317599259,0.20131129149365679,0.1970438223348247,139099.17380913001,2169980.6143223504,2770686.9620486288,0
2026-07-06,-37,0.20131129149365679,0.21022410381342863,0.20576769765354269,50209.121812400001,111310.15054952003,15374.328995040152,0
2026-07-06,-36,0.21022410381342863,0.21953152004666243,0.21487781193004551,18896.802134490001,48045.985768590101,3936.8890582001582,0
2026-07-06,-35,0.21953152004666243,0.2292510108011678,0.22439126542391513,42423.868137900005,105869.03234575008,1917167.3653920698,0
2026-07-06,-34,0.2292510108011678,0.23940082017464343,0.2343259154879056,1365.8222423800012,33926.376561660007,44112.839490099774,0
2026-07-06,-33,0.23940082017464343,0.25,0.24470041008732171,8304.5668640500026,157541.70987898027,3767.0442486298712,0
2026-07-06,-32,0.25,0.26106844560685344,0.25553422280342675,605.94399145,77067.475308890134,289.49320211995541,0
2026-07-06,-31,0.26106844560685344,0.27262693316631442,0.26684768938658393,0,542069.83587978,8382.9035200200815,0
2026-07-06,-30,0.27262693316631442,0.28469715868917289,0.27866204592774368,0,59641.352084880033,1396.7153028199755,0
2026-07-06,-29,0.28469715868917289,0.29730177875068026,0.29099946871992655,0,13407.972600519997,33.05316589011656,0
2026-07-06,-28,0.29730177875068026,0.310464453018371,0.30388311588452566,0,10842.630347550081,340.1744694601436,0
2026-07-06,-27,0.310464453018371,0.32420988866275241,0.31733717084056168,0,53555.935219899991,767.55516768999996,0
2026-07-06,-26,0.32420988866275241,0.33856388673422316,0.33138688769848779,0,18146.108927500016,2.8997281801018122,0
2026-07-06,-22,0.38555270635198519,0.40262258298731357,0.39408764466964941,0,7209.6303945203135,2338.3926258201163,0
2026-07-06,-21,0.40262258298731357,0.42044820762685725,0.41153539530708538,0,131963.85485540007,4.4799198499972714,0
2026-07-06,-16,0.5,0.52213689121370688,0.51106844560685349,0,5046.6390506000489,741.55482006,0
2026-07-07,-46,0.13631346658315721,0.14234857934458645,0.13933102296387184,0,47517.734701859998,0,0
2026-07-07,-45,0.14234857934458645,0.14865088937534013,0.14549973435996327,0,75101.219386480007,265.83405623000044,0
2026-07-07,-44,0.14865088937534013,0.1552322265091855,0.15194155794226283,30406.996245599981,75651.812363839999,1.131699999999785,0
2026-07-07,-43,0.1552322265091855,0.16210494433137621,0.15866858542028084,181013.62480174002,374380.68233081017,172828.92952829399,0
2026-07-07,-42,0.16210494433137621,0.16928194336711158,0.16569344384924389,149958.57615362018,26285.58688238035,432155.19036671001,0
2026-07-07,-41,0.16928194336711158,0.17677669529663689,0.17302931933187424,504243.68633642077,256296.03954941014,12850276.792333417,0
2026-07-07,-40,0.17677669529663689,0.18460326824243742,0.18068998176953716,83382.890994059853,72692.072475820067,1346193.1824069296,0
2026-07-07,-39,0.18460326824243742,0.19277635317599259,0.18868981070921501,84170.080014239953,3925424.5617456203,945198.02976983972,0
2026-07-07,-38,0.19277635317599259,0.20131129149365679,0.1970438223348247,133441.77944849001,2169980.6143223504,2770686.9620486288,0
2026-07-07,-37,0.20131129149365679,0.21022410381342863,0.20576769765354269,50209.121812400001,111310.15054952003,15374.328995040152,0
2026-07-07,-36,0.21022410381342863,0.21953152004666243,0.21487781193004551,18896.802134490001,48045.985768590101,3936.8890582001582,0
2026-07-07,-35,0.21953152004666243,0.2292510108011678,0.22439126542391513,42284.342143850008,105869.03234575008,1917156.7832806404,0
2026-07-07,-34,0.2292510108011678,0.23940082017464343,0.2343259154879056,1365.8222423800012,33926.376561660007,44112.839490099774,0
2026-07-07,-33,0.23940082017464343,0.25,0.24470041008732171,8304.5668640500026,157528.21987898025,3767.0442486298712,0
2026-07-07,-32,0.25,0.26106844560685344,0.25553422280342675,605.94399145,77067.475308890134,289.49320211995541,0
2026-07-07,-31,0.26106844560685344,0.27262693316631442,0.26684768938658393,0,541767.33885941003,8382.9035200200815,0
2026-07-07,-30,0.27262693316631442,0.28469715868917289,0.27866204592774368,0,59641.352084880033,1396.7153028199755,0
2026-07-07,-29,0.28469715868917289,0.29730177875068026,0.29099946871992655,0,13407.972600519997,33.05316589011656,0
2026-07-07,-28,0.29730177875068026,0.310464453018371,0.30388311588452566,0,10842.630347550081,340.1744694601436,0
2026-07-07,-27,0.310464453018371,0.32420988866275241,0.31733717084056168,0,53555.935219899991,767.55516768999996,0
2026-07-07,-26,0.32420988866275241,0.33856388673422316,0.33138688769848779,0,18146.108927500016,2.8997281801018122,0
2026-07-07,-22,0.38555270635198519,0.40262258298731357,0.39408764466964941,0,7209.6303945203135,2338.3926258201163,0
2026-07-07,-21,0.40262258298731357,0.42044820762685725,0.41153539530708538,0,131963.85485540007,4.4799198499972714,0
2026-07-07,-16,0.5,0.52213689121370688,0.51106844560685349,0,5046.6390506000489,741.55482006,0
2026-07-08,-46,0.13631346658315721,0.14234857934458645,0.13933102296387184,0,47517.734701859998,0,0
2026-07-08,-45,0.14234857934458645,0.14865088937534013,0.14549973435996327,0,75101.219386480007,265.83405623000044,0
2026-07-08,-44,0.14865088937534013,0.1552322265091855,0.15194155794226283,30406.996245599981,75651.812363839999,1.131699999999785,0
2026-07-08,-43,0.1552322265091855,0.16210494433137621,0.15866858542028084,180983.06285174002,374380.68233081017,52124.765750933992,0
2026-07-08,-42,0.16210494433137621,0.16928194336711158,0.16569344384924389,169944.80926190974,51092.707907140822,576745.00274925004,0
2026-07-08,-41,0.16928194336711158,0.17677669529663689,0.17302931933187424,451744.10910238075,256296.03954941014,12818693.552470556,0
2026-07-08,-40,0.17677669529663689,0.18460326824243742,0.18068998176953716,83009.390218119835,72692.072475820067,1346193.1824069296,0
2026-07-08,-39,0.18460326824243742,0.19277635317599259,0.18868981070921501,83635.836900599956,3925424.5617456203,945174.62272936979,0
2026-07-08,-38,0.19277635317599259,0.20131129149365679,0.1970438223348247,133259.87432040001,2169980.6143223504,2770686.9620486288,0
2026-07-08,-37,0.20131129149365679,0.21022410381342863,0.20576769765354269,49711.15443499,111310.15054952003,15275.756590400153,0
2026-07-08,-36,0.21022410381342863,0.21953152004666243,0.21487781193004551,18735.063472630001,48045.985768590101,3936.8890582001582,0
2026-07-08,-35,0.21953152004666243,0.2292510108011678,0.22439126542391513,42184.342143850008,105869.03234575008,1917153.7291694304,0
2026-07-08,-34,0.2292510108011678,0.23940082017464343,0.2343259154879056,1365.8222423800012,33926.376561660007,44112.839490099774,0
2026-07-08,-33,0.23940082017464343,0.25,0.24470041008732171,8304.5668640500026,157528.21987898025,3767.0442486298712,0
2026-07-08,-32,0.25,0.26106844560685344,0.25553422280342675,605.94399145,77067.475308890134,289.49320211995541,0
2026-07-08,-31,0.26106844560685344,0.27262693316631442,0.26684768938658393,0,541767.33885941003,8382.9035200200815,0
2026-07-08,-30,0.27262693316631442,0.28469715868917289,0.27866204592774368,0,59641.352084880033,1396.7153028199755,0
2026-07-08,-29,0.28469715868917289,0.29730177875068026,0.29099946871992655,0,13407.972600519997,33.05316589011656,0
2026-07-08,-28,0.29730177875068026,0.310464453018371,0.30388311588452566,0,10842.630347550081,340.1744694601436,0
2026-07-08,-27,0.310464453018371,0.32420988866275241,0.31733717084056168,0,53512.419604899987,767.55516768999996,0
2026-07-08,-26,0.32420988866275241,0.33856388673422316,0.33138688769848779,0,18146.108927500016,2.8997281801018122,0
2026-07-08,-22,0.38555270635198519,0.40262258298731357,0.39408764466964941,0,7209.6303945203135,2338.3926258201163,0
2026-07-08,-21,0.40262258298731357,0.42044820762685725,0.41153539530708538,0,131963.85485540007,4.4799198499972714,0
2026-07-08,-16,0.5,0.52213689121370688,0.51106844560685349,0,5043.4490506000493,741.55482006,0
2026-07-09,-46,0.13631346658315721,0.14234857934458645,0.13933102296387184,0,47517.734701859998,0,0
2026-07-09,-45,0.14234857934458645,0.14865088937534013,0.14549973435996327,0,75101.219386480007,265.83405623000044,0
2026-07-09,-44,0.14865088937534013,0.1552322265091855,0.15194155794226283,30406.996245599981,75651.812363839999,1.131699999999785,0
2026-07-09,-43,0.1552322265091855,0.16210494433137621,0.15866858542028084,180983.06285174002,374355.93233081017,16395.165235780034,0
2026-07-09,-42,0.16210494433137621,0.16928194336711158,0.16569344384924389,106976.73389174,79420.202929170817,562721.82476502005,0
2026-07-09,-41,0.16928194336711158,0.17677669529663689,0.17302931933187424,572085.67580632039,256296.03954941014,12890047.126543116,0
2026-07-09,-40,0.17677669529663689,0.18460326824243742,0.18068998176953716,82782.328899580025,72692.072475820067,1280467.1593441335,0
2026-07-09,-39,0.18460326824243742,0.19277635317599259,0.18868981070921501,83635.836900599956,3925424.5617456203,945139.40967742982,0
2026-07-09,-38,0.19277635317599259,0.20131129149365679,0.1970438223348247,132911.47758249001,2169980.6143223504,2770686.9620486288,0
2026-07-09,-37,0.20131129149365679,0.21022410381342863,0.20576769765354269,49685.26746915,111303.15054952003,15275.756590400153,0
2026-07-09,-36,0.21022410381342863,0.21953152004666243,0.21487781193004551,18735.063472630001,48045.985768590101,3936.8890582001582,0
2026-07-09,-35,0.21953152004666243,0.2292510108011678,0.22439126542391513,42184.342143850008,105869.03234575008,1917153.7291694304,0
2026-07-09,-34,0.2292510108011678,0.23940082017464343,0.2343259154879056,1365.8222423800012,33926.376561660007,44112.839490099774,0
2026-07-09,-33,0.23940082017464343,0.25,0.24470041008732171,8304.5668640500026,157528.21987898025,3767.0442486298712,0
2026-07-09,-32,0.25,0.26106844560685344,0.25553422280342675,605.94399145,77067.475308890134,289.49320211995541,0
2026-07-09,-31,0.26106844560685344,0.27262693316631442,0.26684768938658393,0,541757.34885940002,8382.9035200200815,0
2026-07-09,-30,0.27262693316631442,0.28469715868917289,0.27866204592774368,0,59641.352084880033,1396.7153028199755,0
2026-07-09,-29,0.28469715868917289,0.29730177875068026,0.29099946871992655,0,13407.972600519997,33.05316589011656,0
2026-07-09,-28,0.29730177875068026,0.310464453018371,0.30388311588452566,0,10842.630347550081,340.1744694601436,0
2026-07-09,-27,0.310464453018371,0.32420988866275241,0.31733717084056168,0,53512.419604899987,767.55516768999996,0
2026-07-09,-26,0.32420988866275241,0.33856388673422316,0.33138688769848779,0,18146.108927500016,2.8997281801018122,0
2026-07-09,-22,0.38555270635198519,0.40262258298731357,0.39408764466964941,0,7209.6303945203135,2338.3926258201163,0
2026-07-09,-21,0.40262258298731357,0.42044820762685725,0.41153539530708538,0,131963.85485540007,4.4799198499972714,0
2026-07-09,-16,0.5,0.52213689121370688,0.51106844560685349,0,5043.4490506000493,741.55482006,0
2026-07-10,-46,0.13631346658315721,0.14234857934458645,0.13933102296387184,0,47517.734701859998,0,0
2026-07-10,-45,0.14234857934458645,0.14865088937534013,0.14549973435996327,0,75101.219386480007,265.83405623000044,0
2026-07-10,-44,0.14865088937534013,0.1552322265091855,0.15194155794226283,30406.996245599981,75651.812363839999,1.131699999999785,0
2026-07-10,-43,0.1552322265091855,0.16210494433137621,0.15866858542028084,178216.42526750002,377122.56991505018,16395.165235780034,0
2026-07-10,-42,0.16210494433137621,0.16928194336711158,0.16569344384924389,269379.51833716978,79420.202929170817,539931.87352935516,0
2026-07-10,-41,0.16928194336711158,0.17677669529663689,0.17302931933187424,466386.53211085056,256264.63954941015,12859430.888254724,0
2026-07-10,-40,0.17677669529663689,0.18460326824243742,0.18068998176953716,48397.030043630031,72684.350987060068,1030942.0244043896,0
2026-07-10,-39,0.18460326824243742,0.19277635317599259,0.18868981070921501,83631.088374669955,3925424.5617456203,945102.83199641027,0
2026-07-10,-38,0.19277635317599259,0.20131129149365679,0.1970438223348247,132746.81322823002,2169980.6143223504,2770641.7212291183,0
2026-07-10,-37,0.20131129149365679,0.21022410381342863,0.20576769765354269,49656.007585109997,111303.15054952003,15275.756590400153,0
2026-07-10,-36,0.21022410381342863,0.21953152004666243,0.21487781193004551,18735.063472630001,47578.186734590105,3936.8890582001582,0
2026-07-10,-35,0.21953152004666243,0.2292510108011678,0.22439126542391513,25389.556633430006,105843.20025583009,1917153.7291694304,0
2026-07-10,-34,0.2292510108011678,0.23940082017464343,0.2343259154879056,1365.8222423800012,33926.376561660007,44112.839490099774,0
2026-07-10,-33,0.23940082017464343,0.25,0.24470041008732171,8304.5668640500026,157528.21987898025,3767.0442486298712,0
2026-07-10,-32,0.25,0.26106844560685344,0.25553422280342675,605.94399145,77060.287099940135,289.49320211995541,0
2026-07-10,-31,0.26106844560685344,0.27262693316631442,0.26684768938658393,0,541711.2726983201,8382.9035200200815,0
2026-07-10,-30,0.27262693316631442,0.28469715868917289,0.27866204592774368,0,59641.352084880033,1396.7153028199755,0
2026-07-10,-29,0.28469715868917289,0.29730177875068026,0.29099946871992655,0,13407.972600519997,33.05316589011656,0
2026-07-10,-28,0.29730177875068026,0.310464453018371,0.30388311588452566,0,10842.630347550081,340.1744694601436,0
2026-07-10,-27,0.310464453018371,0.32420988866275241,0.31733717084056168,0,53512.419456899988,767.55516768999996,0
2026-07-10,-26,0.32420988866275241,0.33856388673422316,0.33138688769848779,0,18146.108927500016,2.8997281801018122,0
2026-07-10,-22,0.38555270635198519,0.40262258298731357,0.39408764466964941,0,7209.6303945203135,2338.3926258201163,0
2026-07-10,-21,0.40262258298731357,0.42044820762685725,0.41153539530708538,0,131710.83715940008,4.4799198499972714,0
2026-07-10,-16,0.5,0.52213689121370688,0.51106844560685349,0,5043.4490506000493,741.55482006,0
2026-07-11,-46,0.13631346658315721,0.14234857934458645,0.13933102296387184,0,47517.734701859998,0,0
2026-07-11,-45,0.14234857934458645,0.14865088937534013,0.14549973435996327,0,75101.219386480007,265.83405623000044,0
2026-07-11,-44,0.14865088937534013,0.1552322265091855,0.15194155794226283,30406.996245599981,75651.812363839999,1.131699999999785,0
2026-07-11,-43,0.1552322265091855,0.16210494433137621,0.15866858542028084,178216.42526750002,377122.56991505018,16395.165235780034,0
2026-07-11,-42,0.16210494433137621,0.16928194336711158,0.16569344384924389,420006.53055925982,78847.248431130822,595781.54034900514,0
2026-07-11,-41,0.16928194336711158,0.17677669529663689,0.17302931933187424,463168.93091001053,255605.92205790014,12639934.762312016,0
2026-07-11,-40,0.17677669529663689,0.18460326824243742,0.18068998176953716,48297.019345650027,72684.350987060068,1030942.0244043896,0
2026-07-11,-39,0.18460326824243742,0.19277635317599259,0.18868981070921501,83333.353374669954,3925424.5617456203,945102.83199641027,0
2026-07-11,-38,0.19277635317599259,0.20131129149365679,0.1970438223348247,131893.15097201001,2169891.6043223501,2770609.3106432883,0
2026-07-11,-37,0.20131129149365679,0.21022410381342863,0.20576769765354269,49656.007585109997,110904.08789760002,15275.756590400153,0
2026-07-11,-36,0.21022410381342863,0.21953152004666243,0.21487781193004551,18735.063472630001,46902.012536590104,3936.8890582001582,0
2026-07-11,-35,0.21953152004666243,0.2292510108011678,0.22439126542391513,25388.380306520005,105843.20025583009,1917153.7291694304,0
2026-07-11,-34,0.2292510108011678,0.23940082017464343,0.2343259154879056,1365.8222423800012,33926.376561660007,44112.839490099774,0
2026-07-11,-33,0.23940082017464343,0.25,0.24470041008732171,8304.5668640500026,157528.21987898025,3767.0442486298712,0
2026-07-11,-32,0.25,0.26106844560685344,0.25553422280342675,605.94399145,77060.287099940135,289.49320211995541,0
2026-07-11,-31,0.26106844560685344,0.27262693316631442,0.26684768938658393,0,541711.2726983201,8382.9035200200815,0
2026-07-11,-30,0.27262693316631442,0.28469715868917289,0.27866204592774368,0,59641.352084880033,1396.7153028199755,0
2026-07-11,-29,0.28469715868917289,0.29730177875068026,0.29099946871992655,0,13407.972600519997,33.05316589011656,0
2026-07-11,-28,0.29730177875068026,0.310464453018371,0.30388311588452566,0,10842.630347550081,340.1744694601436,0
2026-07-11,-27,0.310464453018371,0.32420988866275241,0.31733717084056168,0,53490.933456899991,767.55516768999996,0
2026-07-11,-26,0.32420988866275241,0.33856388673422316,0.33138688769848779,0,18146.108927500016,2.8997281801018122,0
2026-07-11,-22,0.38555270635198519,0.40262258298731357,0.39408764466964941,0,7209.6303945203135,2338.3926258201163,0
2026-07-11,-21,0.40262258298731357,0.42044820762685725,0.41153539530708538,0,131710.83715940008,4.4799198499972714,0
2026-07-11,-16,0.5,0.52213689121370688,0.51106844560685349,0,5043.4490506000493,741.55482006,0
2026-07-12,-46,0.13631346658315721,0.14234857934458645,0.13933102296387184,0,47517.734701859998,0,0
2026-07-12,-45,0.14234857934458645,0.14865088937534013,0.14549973435996327,0,75101.219386480007,265.83405623000044,0
2026-07-12,-44,0.14865088937534013,0.1552322265091855,0.15194155794226283,22945.92491153998,83112.883697900004,1.131699999999785,0
2026-07-12,-43,0.1552322265091855,0.16210494433137621,0.15866858542028084,274595.36339235993,377122.56991505018,72124.633863260096,0
2026-07-12,-42,0.16210494433137621,0.16928194336711158,0.16569344384924389,252704.52916052,78847.248431130822,579291.59443095513,0
2026-07-12,-41,0.16928194336711158,0.17677669529663689,0.17302931933187424,439999.02259549045,255605.92205790014,12560327.170967504,0
2026-07-12,-40,0.17677669529663689,0.18460326824243742,0.18068998176953716,47859.76660111003,72684.350987060068,1030942.0244043896,0
2026-07-12,-39,0.18460326824243742,0.19277635317599259,0.18868981070921501,83313.797207359952,3925424.5617456203,945102.83199641027,0
2026-07-12,-38,0.19277635317599259,0.20131129149365679,0.1970438223348247,129435.19988510001,2169891.6043223501,2770593.2812965284,0
2026-07-12,-37,0.20131129149365679,0.21022410381342863,0.20576769765354269,49608.290136999996,110900.81905244003,15275.756590400153,0
2026-07-12,-36,0.21022410381342863,0.21953152004666243,0.21487781193004551,18735.063472630001,46902.012536590104,3936.8890582001582,0
2026-07-12,-35,0.21953152004666243,0.2292510108011678,0.22439126542391513,25388.380306520005,105843.20025583009,1917153.7291694304,0
2026-07-12,-34,0.2292510108011678,0.23940082017464343,0.2343259154879056,1365.8222423800012,33926.376561660007,44112.839490099774,0
2026-07-12,-33,0.23940082017464343,0.25,0.24470041008732171,8304.5668640500026,157528.21987898025,3767.0442486298712,0
2026-07-12,-32,0.25,0.26106844560685344,0.25553422280342675,605.94399145,77060.287099940135,289.49320211995541,0
2026-07-12,-31,0.26106844560685344,0.27262693316631442,0.26684768938658393,0,541691.27448984003,8382.9035200200815,0
2026-07-12,-30,0.27262693316631442,0.28469715868917289,0.27866204592774368,0,59641.352084880033,1396.7153028199755,0
2026-07-12,-29,0.28469715868917289,0.29730177875068026,0.29099946871992655,0,13387.970808999997,33.05316589011656,0
2026-07-12,-28,0.29730177875068026,0.310464453018371,0.30388311588452566,0,10842.630347550081,340.1744694601436,0
2026-07-12,-27,0.310464453018371,0.32420988866275241,0.31733717084056168,0,53490.933456899991,767.55516768999996,0
2026-07-12,-26,0.32420988866275241,0.33856388673422316,0.33138688769848779,0,18146.108927500016,2.8997281801018122,0
2026-07-12,-22,0.38555270635198519,0.40262258298731357,0.39408764466964941,0,7209.6303945203135,2338.3926258201163,0
2026-07-12,-21,0.40262258298731357,0.42044820762685725,0.41153539530708538,0,131710.83715940008,4.4799198499972714,0
2026-07-12,-16,0.5,0.52213689121370688,0.51106844560685349,0,5043.4490506000493,741.55482006,0
2026-07-13,-46,0.13631346658315721,0.14234857934458645,0.13933102296387184,0,47517.734701859998,0,0
2026-07-13,-45,0.14234857934458645,0.14865088937534013,0.14549973435996327,0,75101.219386480007,265.83405623000044,0
2026-07-13,-44,0.14865088937534013,0.1552322265091855,0.15194155794226283,22945.92491153998,83112.883697900004,1.131699999999785,0
2026-07-13,-43,0.1552322265091855,0.16210494433137621,0.15866858542028084,201147.59494345009,377984.36868616019,57334.823815980038,0
2026-07-13,-42,0.16210494433137621,0.16928194336711158,0.16569344384924389,312197.90579035983,78808.072446500824,608263.51892074919,0
2026-07-13,-41,0.16928194336711158,0.17677669529663689,0.17302931933187424,431474.55403235042,255605.92205790014,12478091.753680822,0
2026-07-13,-40,0.17677669529663689,0.18460326824243742,0.18068998176953716,47707.74452110003,72684.350987060068,1030942.0244043896,0
2026-07-13,-39,0.18460326824243742,0.19277635317599259,0.18868981070921501,83261.840013959954,3925424.5617456203,945102.83199641027,0
2026-07-13,-38,0.19277635317599259,0.20131129149365679,0.1970438223348247,129226.29565410002,2169891.6043223501,2770504.4719422082,0
2026-07-13,-37,0.20131129149365679,0.21022410381342863,0.20576769765354269,49608.290136999996,110825.11265827002,15275.756590400153,0
2026-07-13,-36,0.21022410381342863,0.21953152004666243,0.21487781193004551,18735.063472630001,46798.2998020901,3936.8890582001582,0
2026-07-13,-35,0.21953152004666243,0.2292510108011678,0.22439126542391513,25388.380306520005,105843.19974046008,1917153.7291694304,0
2026-07-13,-34,0.2292510108011678,0.23940082017464343,0.2343259154879056,1365.8222423800012,33926.376561660007,44112.839490099774,0
2026-07-13,-33,0.23940082017464343,0.25,0.24470041008732171,8304.5668640500026,157489.72126613025,3767.0442486298712,0
2026-07-13,-32,0.25,0.26106844560685344,0.25553422280342675,605.94399145,77060.287099940135,289.49320211995541,0
2026-07-13,-31,0.26106844560685344,0.27262693316631442,0.26684768938658393,0,541663.77310269,8382.9035200200815,0
2026-07-13,-30,0.27262693316631442,0.28469715868917289,0.27866204592774368,0,59641.352084880033,1396.7153028199755,0
2026-07-13,-29,0.28469715868917289,0.29730177875068026,0.29099946871992655,0,13386.644816999997,33.05316589011656,0
2026-07-13,-28,0.29730177875068026,0.310464453018371,0.30388311588452566,0,10842.630347550081,340.1744694601436,0
2026-07-13,-27,0.310464453018371,0.32420988866275241,0.31733717084056168,0,53443.933456899991,767.55516768999996,0
2026-07-13,-26,0.32420988866275241,0.33856388673422316,0.33138688769848779,0,18146.108927500016,2.8997281801018122,0
2026-07-13,-22,0.38555270635198519,0.40262258298731357,0.39408764466964941,0,7209.6303945203135,2338.3926258201163,0
2026-07-13,-21,0.40262258298731357,0.42044820762685725,0.41153539530708538,0,131710.83715940008,4.4799198499972714,0
2026-07-13,-16,0.5,0.52213689121370688,0.51106844560685349,0,5043.4490506000493,741.55482006,0
2026-07-14,-46,0.13631346658315721,0.14234857934458645,0.13933102296387184,0,47517.734701859998,0,0
2026-07-14,-45,0.14234857934458645,0.14865088937534013,0.14549973435996327,0,75101.219386480007,265.83405623000044,0
2026-07-14,-44,0.14865088937534013,0.1552322265091855,0.15194155794226283,22945.92491153998,83112.588605010009,1.131699999999785,0
2026-07-14,-43,0.1552322265091855,0.16210494433137621,0.15866858542028084,201134.59494345009,377984.36868616019,57334.823815980038,0
2026-07-14,-42,0.16210494433137621,0.16928194336711158,0.16569344384924389,390714.90451232984,79411.495963500827,594636.57669789006,0
2026-07-14,-41,0.16928194336711158,0.17677669529663689,0.17302931933187424,416672.78093664045,255605.92205790014,12475902.124806596,0
2026-07-14,-40,0.17677669529663689,0.18460326824243742,0.18068998176953716,47209.333820070031,72684.350987050071,1030942.0244043896,0
2026-07-14,-39,0.18460326824243742,0.19277635317599259,0.18868981070921501,83261.840013959954,3925424.5617456203,885748.19287934434,0
2026-07-14,-38,0.19277635317599259,0.20131129149365679,0.1970438223348247,128997.31876719001,2169891.6043223501,2770497.2377132792,0
2026-07-14,-37,0.20131129149365679,0.21022410381342863,0.20576769765354269,48798.117358079995,110825.11265827002,15275.756590400153,0
2026-07-14,-36,0.21022410381342863,0.21953152004666243,0.21487781193004551,18369.79916083,46798.2998020901,3936.8890582001582,0
2026-07-14,-35,0.21953152004666243,0.2292510108011678,0.22439126542391513,25388.380306520005,105843.19974046008,1917153.7291694304,0
2026-07-14,-34,0.2292510108011678,0.23940082017464343,0.2343259154879056,1365.8222423800012,33926.376561660007,44112.839490099774,0
2026-07-14,-33,0.23940082017464343,0.25,0.24470041008732171,8299.496483570003,157489.72126613025,3767.0442486298712,0
2026-07-14,-32,0.25,0.26106844560685344,0.25553422280342675,605.94399145,77060.287099940135,289.49320211995541,0
2026-07-14,-31,0.26106844560685344,0.27262693316631442,0.26684768938658393,0,541661.47129055008,8382.9035200200815,0
2026-07-14,-30,0.27262693316631442,0.28469715868917289,0.27866204592774368,0,59641.352084880033,1396.7153028199755,0
2026-07-14,-29,0.28469715868917289,0.29730177875068026,0.29099946871992655,0,13386.644816999997,33.05316589011656,0
2026-07-14,-28,0.29730177875068026,0.310464453018371,0.30388311588452566,0,10842.630347550081,340.1744694601436,0
2026-07-14,-27,0.310464453018371,0.32420988866275241,0.31733717084056168,0,53443.933456899991,767.55516768999996,0
2026-07-14,-26,0.32420988866275241,0.33856388673422316,0.33138688769848779,0,18146.108927500016,2.8997281801018122,0
2026-07-14,-22,0.38555270635198519,0.40262258298731357,0.39408764466964941,0,7209.6303945203135,2338.3926258201163,0
2026-07-14,-21,0.40262258298731357,0.42044820762685725,0.41153539530708538,0,131710.83715940008,4.4799198499972714,0
2026-07-14,-16,0.5,0.52213689121370688,0.51106844560685349,0,5043.4490506000493,741.55482006,0
2026-07-15,-46,0.13631346658315721,0.14234857934458645,0.13933102296387184,0,47517.734701859998,0,0
2026-07-15,-45,0.14234857934458645,0.14865088937534013,0.14549973435996327,0,75101.219386480007,265.83405623000044,0
2026-07-15,-44,0.14865088937534013,0.1552322265091855,0.15194155794226283,22945.92491153998,83112.588605010009,1.131699999999785,0
2026-07-15,-43,0.1552322265091855,0.16210494433137621,0.15866858542028084,298399.64330017992,377984.36868616019,116570.62575173008,0
2026-07-15,-42,0.16210494433137621,0.16928194336711158,0.16569344384924389,258660.85397475,80245.67406188084,557161.97331630997,0
2026-07-15,-41,0.16928194336711158,0.17677669529663689,0.17302931933187424,413619.39037520043,255605.92205790014,12470487.798441516,0
2026-07-15,-40,0.17677669529663689,0.18460326824243742,0.18068998176953716,45167.079259030026,72634.350987050071,1030942.0244043896,0
2026-07-15,-39,0.18460326824243742,0.19277635317599259,0.18868981070921501,83129.536044829962,3925424.5617456203,796964.71578821435,0
2026-07-15,-38,0.19277635317599259,0.20131129149365679,0.1970438223348247,128747.71823039002,2169834.5876839804,2770497.2377132792,0
2026-07-15,-37,0.20131129149365679,0.21022410381342863,0.20576769765354269,48798.117358079995,110825.11265827002,15275.756590400153,0
2026-07-15,-36,0.21022410381342863,0.21953152004666243,0.21487781193004551,18369.79916083,46798.2998020901,3936.8890582001582,0
2026-07-15,-35,0.21953152004666243,0.2292510108011678,0.22439126542391513,25215.331588310004,105843.19974046008,1917153.7291694304,0
2026-07-15,-34,0.2292510108011678,0.23940082017464343,0.2343259154879056,1365.8222423800012,33926.376561660007,44112.839490099774,0
2026-07-15,-33,0.23940082017464343,0.25,0.24470041008732171,8299.496483570003,157022.79198351025,3767.0442486298712,0
2026-07-15,-32,0.25,0.26106844560685344,0.25553422280342675,605.94399145,72270.665130430134,289.49320211995541,0
2026-07-15,-31,0.26106844560685344,0.27262693316631442,0.26684768938658393,0,540742.42298450007,8382.9035200200815,0
2026-07-15,-30,0.27262693316631442,0.28469715868917289,0.27866204592774368,0,59641.352084880033,1396.7153028199755,0
2026-07-15,-29,0.28469715868917289,0.29730177875068026,0.29099946871992655,0,13116.779709449997,33.05316589011656,0
2026-07-15,-28,0.29730177875068026,0.310464453018371,0.30388311588452566,0,10842.630347550081,340.1744694601436,0
2026-07-15,-27,0.310464453018371,0.32420988866275241,0.31733717084056168,0,51943.933456899991,767.55516768999996,0
2026-07-15,-26,0.32420988866275241,0.33856388673422316,0.33138688769848779,0,18146.108927500016,2.8997281801018122,0
2026-07-15,-22,0.38555270635198519,0.40262258298731357,0.39408764466964941,0,7209.6303945203135,2338.3926258201163,0
2026-07-15,-21,0.40262258298731357,0.42044820762685725,0.41153539530708538,0,131710.83715940008,4.4799198499972714,0
2026-07-15,-16,0.5,0.52213689121370688,0.51106844560685349,0,5043.4490506000493,741.55482006,0
2026-07-16,-46,0.13631346658315721,0.14234857934458645,0.13933102296387184,0,47517.734701859998,0,0
2026-07-16,-45,0.14234857934458645,0.14865088937534013,0.14549973435996327,0,75101.219386480007,265.83405623000044,0
2026-07-16,-44,0.14865088937534013,0.1552322265091855,0.15194155794226283,22945.92491153998,83112.588605010009,1.131699999999785,0
2026-07-16,-43,0.1552322265091855,0.16210494433137621,0.15866858542028084,435418.26112483995,377984.36868616019,180462.64206504007,0
2026-07-16,-42,0.16210494433137621,0.16928194336711158,0.16569344384924389,255209.27449728997,80245.67406188084,557118.88346864004,0
2026-07-16,-41,0.16928194336711158,0.17677669529663689,0.17302931933187424,383000.98445235047,266566.26937405014,12346236.30778775,0
2026-07-16,-40,0.17677669529663689,0.18460326824243742,0.18068998176953716,45165.146674350028,72634.350987050071,1030942.0244043896,0
2026-07-16,-39,0.18460326824243742,0.19277635317599259,0.18868981070921501,82779.536094409952,3925424.5617456203,752182.26242805028,0
2026-07-16,-38,0.19277635317599259,0.20131129149365679,0.1970438223348247,123747.71823039002,2169781.4734012303,2770497.2377132792,0
2026-07-16,-37,0.20131129149365679,0.21022410381342863,0.20576769765354269,48798.117358079995,110761.56705193002,15275.756590400153,0
2026-07-16,-36,0.21022410381342863,0.21953152004666243,0.21487781193004551,18369.79916083,46798.2998020901,3936.8890582001582,0
2026-07-16,-35,0.21953152004666243,0.2292510108011678,0.22439126542391513,25215.331588310004,105794.38974046009,1917153.7291694304,0
2026-07-16,-34,0.2292510108011678,0.23940082017464343,0.2343259154879056,1365.8222423800012,33926.376561660007,44112.839490099774,0
2026-07-16,-33,0.23940082017464343,0.25,0.24470041008732171,8299.496483570003,157022.79198351025,3767.0442486298712,0
2026-07-16,-32,0.25,0.26106844560685344,0.25553422280342675,605.94399145,72202.353512860136,289.49320211995541,0
2026-07-16,-31,0.26106844560685344,0.27262693316631442,0.26684768938658393,0,540330.78264146007,8382.9035200200815,0
2026-07-16,-30,0.27262693316631442,0.28469715868917289,0.27866204592774368,0,59641.352084880033,1396.7153028199755,0
2026-07-16,-29,0.28469715868917289,0.29730177875068026,0.29099946871992655,0,13116.779709449997,33.05316589011656,0
2026-07-16,-28,0.29730177875068026,0.310464453018371,0.30388311588452566,0,10796.971848730082,340.1744694601436,0
2026-07-16,-27,0.310464453018371,0.32420988866275241,0.31733717084056168,0,51943.933456899991,767.55516768999996,0
2026-07-16,-26,0.32420988866275241,0.33856388673422316,0.33138688769848779,0,18102.714484260017,2.8997281801018122,0
2026-07-16,-22,0.38555270635198519,0.40262258298731357,0.39408764466964941,0,7147.3003585403139,2338.3926258201163,0
2026-07-16,-21,0.40262258298731357,0.42044820762685725,0.41153539530708538,0,131710.83715940008,4.4799198499972714,0
2026-07-16,-16,0.5,0.52213689121370688,0.51106844560685349,0,5043.4490506000493,741.55482006,0
2026-07-17,-46,0.13631346658315721,0.14234857934458645,0.13933102296387184,0,47517.734701859998,0,0
2026-07-17,-45,0.14234857934458645,0.14865088937534013,0.14549973435996327,0,75101.219386480007,265.83405623000044,0
2026-07-17,-44,0.14865088937534013,0.1552322265091855,0.15194155794226283,22945.92491153998,83112.588605010009,1.131699999999785,0
2026-07-17,-43,0.1552322265091855,0.16210494433137621,0.15866858542028084,350028.27901354013,377984.36868616019,130788.57329863004,0
2026-07-17,-42,0.16210494433137621,0.16928194336711158,0.16569344384924389,273722.83957503986,92299.961282280841,791572.65469717002,0
2026-07-17,-41,0.16928194336711158,0.17677669529663689,0.17302931933187424,360479.76097086043,266566.26937405014,12264704.595948679,0
2026-07-17,-40,0.17677669529663689,0.18460326824243742,0.18068998176953716,44210.08960826003,72634.350987050071,1030942.0244043896,0
2026-07-17,-39,0.18460326824243742,0.19277635317599259,0.18868981070921501,82109.763258699953,3925424.5617456203,752182.26242805028,0
2026-07-17,-38,0.19277635317599259,0.20131129149365679,0.1970438223348247,108931.77529648002,2169781.4734012303,2770497.2377132792,0
2026-07-17,-37,0.20131129149365679,0.21022410381342863,0.20576769765354269,48729.899262139996,110761.56705193002,15275.756590400153,0
2026-07-17,-36,0.21022410381342863,0.21953152004666243,0.21487781193004551,18369.79916083,46798.2998020901,3936.8890582001582,0
2026-07-17,-35,0.21953152004666243,0.2292510108011678,0.22439126542391513,25215.331588310004,105794.38974046009,1917153.7291694304,0
2026-07-17,-34,0.2292510108011678,0.23940082017464343,0.2343259154879056,1365.8222423800012,33926.376561660007,44112.839490099774,0
2026-07-17,-33,0.23940082017464343,0.25,0.24470041008732171,8263.5601690700023,157022.79198351025,3767.0442486298712,0
2026-07-17,-32,0.25,0.26106844560685344,0.25553422280342675,605.94399145,72202.353512860136,289.49320211995541,0
2026-07-17,-31,0.26106844560685344,0.27262693316631442,0.26684768938658393,0,540330.78264146007,8382.9035200200815,0
2026-07-17,-30,0.27262693316631442,0.28469715868917289,0.27866204592774368,0,59641.352084880033,1396.7153028199755,0
2026-07-17,-29,0.28469715868917289,0.29730177875068026,0.29099946871992655,0,13116.779709449997,33.05316589011656,0
2026-07-17,-28,0.29730177875068026,0.310464453018371,0.30388311588452566,0,10796.971848730082,340.1744694601436,0
2026-07-17,-27,0.310464453018371,0.32420988866275241,0.31733717084056168,0,51943.933456899991,767.55516768999996,0
2026-07-17,-26,0.32420988866275241,0.33856388673422316,0.33138688769848779,0,18102.714484260017,2.8997281801018122,0
2026-07-17,-22,0.38555270635198519,0.40262258298731357,0.39408764466964941,0,7147.3003585403139,2338.3926258201163,0
2026-07-17,-21,0.40262258298731357,0.42044820762685725,0.41153539530708538,0,131710.83715940008,4.4799198499972714,0
2026-07-17,-16,0.5,0.52213689121370688,0.51106844560685349,0,5043.4490506000493,741.55482006,0
2026-07-18,-46,0.13631346658315721,0.14234857934458645,0.13933102296387184,0,47517.734701859998,0,0
2026-07-18,-45,0.14234857934458645,0.14865088937534013,0.14549973435996327,0,75101.219386480007,265.83405623000044,0
2026-07-18,-44,0.14865088937534013,0.1552322265091855,0.15194155794226283,22147.774941589996,83910.738574959993,1.131699999999785,0
2026-07-18,-43,0.1552322265091855,0.16210494433137621,0.15866858542028084,350026.99524810014,377984.36868616019,130369.12669863005,0
2026-07-18,-42,0.16210494433137621,0.16928194336711158,0.16569344384924389,540863.51202530984,92299.961282280841,805947.2160397151,0
2026-07-18,-41,0.16928194336711158,0.17677669529663689,0.17302931933187424,360373.41241180041,266566.26937405014,12057311.697113624,0
2026-07-18,-40,0.17677669529663689,0.18460326824243742,0.18068998176953716,44210.08960826003,72634.350987050071,966320.49551763956,0
2026-07-18,-39,0.18460326824243742,0.19277635317599259,0.18868981070921501,81659.763258699953,3925324.5617456203,752182.26242805028,0
2026-07-18,-38,0.19277635317599259,0.20131129149365679,0.1970438223348247,108132.46024448001,2168762.4734012303,2770444.2937132791,0
2026-07-18,-37,0.20131129149365679,0.21022410381342863,0.20576769765354269,48729.899262139996,110761.56705193002,15275.756590400153,0
2026-07-18,-36,0.21022410381342863,0.21953152004666243,0.21487781193004551,18369.79916083,46798.2998020901,3936.8890582001582,0
2026-07-18,-35,0.21953152004666243,0.2292510108011678,0.22439126542391513,25215.331588310004,105794.38974046009,1917153.7291694304,0
2026-07-18,-34,0.2292510108011678,0.23940082017464343,0.2343259154879056,1365.8222423800012,33926.376561660007,44112.839490099774,0
2026-07-18,-33,0.23940082017464343,0.25,0.24470041008732171,8263.5601690700023,157022.79198351025,3767.0442486298712,0
2026-07-18,-32,0.25,0.26106844560685344,0.25553422280342675,605.94399145,72190.000714860129,289.49320211995541,0
2026-07-18,-31,0.26106844560685344,0.27262693316631442,0.26684768938658393,0,540330.78264146007,8382.9035200200815,0
2026-07-18,-30,0.27262693316631442,0.28469715868917289,0.27866204592774368,0,59641.352084880033,1396.7153028199755,0
2026-07-18,-29,0.28469715868917289,0.29730177875068026,0.29099946871992655,0,13116.779709449997,33.05316589011656,0
2026-07-18,-28,0.29730177875068026,0.310464453018371,0.30388311588452566,0,10784.619050730082,340.1744694601436,0
2026-07-18,-27,0.310464453018371,0.32420988866275241,0.31733717084056168,0,51907.151456899992,767.55516768999996,0
2026-07-18,-26,0.32420988866275241,0.33856388673422316,0.33138688769848779,0,18102.714484260017,2.8997281801018122,0
2026-07-18,-22,0.38555270635198519,0.40262258298731357,0.39408764466964941,0,7147.3003585403139,2338.3926258201163,0
2026-07-18,-21,0.40262258298731357,0.42044820762685725,0.41153539530708538,0,131710.83715940008,4.4799198499972714,0
2026-07-18,-16,0.5,0.52213689121370688,0.51106844560685349,0,5043.4490506000493,741.55482006,0
2026-07-19,-46,0.13631346658315721,0.14234857934458645,0.13933102296387184,0,47517.734701859998,0,0
2026-07-19,-45,0.14234857934458645,0.14865088937534013,0.14549973435996327,0,75101.219386480007,265.83405623000044,0
2026-07-19,-44,0.14865088937534013,0.1552322265091855,0.15194155794226283,22146.587143549994,83911.926372999995,1.131699999999785,0
2026-07-19,-43,0.1552322265091855,0.16210494433137621,0.15866858542028084,347302.74191510008,377963.17681305017,118048.42870991516,0
2026-07-19,-42,0.16210494433137621,0.16928194336711158,0.16569344384924389,303014.33776715002,92299.961282280841,660398.4922943,0
2026-07-19,-41,0.16928194336711158,0.17677669529663689,0.17302931933187424,354800.33462510043,266566.26937405014,11950686.714638595,0
2026-07-19,-40,0.17677669529663689,0.18460326824243742,0.18068998176953716,43531.237852680031,72634.350987050071,966320.49551763956,0
2026-07-19,-39,0.18460326824243742,0.19277635317599259,0.18868981070921501,227925.71596553989,3925324.5617456203,1252673.2695691204,0
2026-07-19,-38,0.19277635317599259,0.20131129149365679,0.1970438223348247,106895.15110748001,2150111.2032232801,2770444.2937132791,0
2026-07-19,-37,0.20131129149365679,0.21022410381342863,0.20576769765354269,48729.899262139996,110761.56705193002,15275.756590400153,0
2026-07-19,-36,0.21022410381342863,0.21953152004666243,0.21487781193004551,18369.79916083,46798.2998020901,3936.8890582001582,0
2026-07-19,-35,0.21953152004666243,0.2292510108011678,0.22439126542391513,25215.331588310004,105794.38974046009,1917153.7291694304,0
2026-07-19,-34,0.2292510108011678,0.23940082017464343,0.2343259154879056,1365.8222423800012,33926.376561660007,44112.839490099774,0
2026-07-19,-33,0.23940082017464343,0.25,0.24470041008732171,8263.5601690700023,157004.61198351026,3767.0442486298712,0
2026-07-19,-32,0.25,0.26106844560685344,0.25553422280342675,605.94399145,72190.000714860129,289.49320211995541,0
2026-07-19,-31,0.26106844560685344,0.27262693316631442,0.26684768938658393,0,480230.78264146007,8382.9035200200815,0
2026-07-19,-30,0.27262693316631442,0.28469715868917289,0.27866204592774368,0,59641.352084880033,1396.7153028199755,0
2026-07-19,-29,0.28469715868917289,0.29730177875068026,0.29099946871992655,0,13116.779709449997,33.05316589011656,0
2026-07-19,-28,0.29730177875068026,0.310464453018371,0.30388311588452566,0,10784.619050730082,340.1744694601436,0
2026-07-19,-27,0.310464453018371,0.32420988866275241,0.31733717084056168,0,51558.646456899987,767.55516768999996,0
2026-07-19,-26,0.32420988866275241,0.33856388673422316,0.33138688769848779,0,18102.714484260017,2.8997281801018122,0
2026-07-19,-22,0.38555270635198519,0.40262258298731357,0.39408764466964941,0,7147.3003585403139,2338.3926258201163,0
2026-07-19,-21,0.40262258298731357,0.42044820762685725,0.41153539530708538,0,131710.83715940008,4.4799198499972714,0
2026-07-19,-16,0.5,0.52213689121370688,0.51106844560685349,0,5043.4490506000493,741.55482006,0
2026-07-20,-46,0.13631346658315721,0.14234857934458645,0.13933102296387184,0,9618.984859799999,0,0
2026-07-20,-45,0.14234857934458645,0.14865088937534013,0.14549973435996327,0,2471.0938814600054,265.83405623000044,0
2026-07-20,-44,0.14865088937534013,0.1552322265091855,0.15194155794226283,829.51488207999182,92559.991093129996,1.131699999999785,0
2026-07-20,-43,0.1552322265091855,0.16210494433137621,0.15866858542028084,206043.79526257011,332572.31133112015,116591.16322813004,0
2026-07-20,-42,0.16210494433137621,0.16928194336711158,0.16569344384924389,251031.58577029008,28973.095365060835,648173.93913555995,0
2026-07-20,-41,0.16928194336711158,0.17677669529663689,0.17302931933187424,339602.86257582059,256216.25795178014,11787540.761180194,0
2026-07-20,-40,0.17677669529663689,0.18460326824243742,0.18068998176953716,242995.34819440977,54839.624849399981,1574473.6244119948,0
2026-07-20,-39,0.18460326824243742,0.19277635317599259,0.18868981070921501,142983.70256154999,3925324.5617456203,1169949.2810002503,0
2026-07-20,-38,0.19277635317599259,0.20131129149365679,0.1970438223348247,106895.15053948,2003866.7335681901,2770076.785813279,0
2026-07-20,-37,0.20131129149365679,0.21022410381342863,0.20576769765354269,48729.899262139996,110761.56705193002,15275.756590400153,0
2026-07-20,-36,0.21022410381342863,0.21953152004666243,0.21487781193004551,18369.79916083,46798.2998020901,3936.8890582001582,0
2026-07-20,-35,0.21953152004666243,0.2292510108011678,0.22439126542391513,25185.331588310004,105794.38974046009,1917153.7291694304,0
2026-07-20,-34,0.2292510108011678,0.23940082017464343,0.2343259154879056,1365.8222423800012,33926.376561660007,44112.839490099774,0
2026-07-20,-33,0.23940082017464343,0.25,0.24470041008732171,8263.5601690700023,156837.61683842028,3767.0442486298712,0
2026-07-20,-32,0.25,0.26106844560685344,0.25553422280342675,605.94399145,72185.633173290131,289.49320211995541,0
2026-07-20,-31,0.26106844560685344,0.27262693316631442,0.26684768938658393,0,480230.78264146007,8382.9035200200815,0
2026-07-20,-30,0.27262693316631442,0.28469715868917289,0.27866204592774368,0,59641.352084880033,1396.7153028199755,0
2026-07-20,-29,0.28469715868917289,0.29730177875068026,0.29099946871992655,0,13116.779709449997,33.05316589011656,0
2026-07-20,-28,0.29730177875068026,0.310464453018371,0.30388311588452566,0,9179.1568633700808,340.1744694601436,0
2026-07-20,-27,0.310464453018371,0.32420988866275241,0.31733717084056168,0,51558.646456899987,767.55516768999996,0
2026-07-20,-26,0.32420988866275241,0.33856388673422316,0.33138688769848779,0,18102.714484260017,2.8997281801018122,0
2026-07-20,-22,0.38555270635198519,0.40262258298731357,0.39408764466964941,0,7147.3003585403139,2338.3926258201163,0
2026-07-20,-21,0.40262258298731357,0.42044820762685725,0.41153539530708538,0,131710.83715940008,4.4799198499972714,0
2026-07-20,-16,0.5,0.52213689121370688,0.51106844560685349,0,5043.4490506000493,741.55482006,0
2026-07-21,-46,0.13631346658315721,0.14234857934458645,0.13933102296387184,0,9618.984859799999,0,0
2026-07-21,-45,0.14234857934458645,0.14865088937534013,0.14549973435996327,0,2471.0938814600054,265.83405623000044,0
2026-07-21,-44,0.14865088937534013,0.1552322265091855,0.15194155794226283,0,93389.505975209991,1.131699999999785,0
2026-07-21,-43,0.1552322265091855,0.16210494433137621,0.15866858542028084,206014.96009320003,332572.31133112015,116427.57522813004,0
2026-07-21,-42,0.16210494433137621,0.16928194336711158,0.16569344384924389,232299.51398902023,28973.095365060835,648173.93913555995,0
2026-07-21,-41,0.16928194336711158,0.17677669529663689,0.17302931933187424,334101.83423520048,256216.25795178014,11686486.245822905,0
2026-07-21,-40,0.17677669529663689,0.18460326824243742,0.18068998176953716,239983.38643351983,54839.624849399981,1757297.3034138947,0
2026-07-21,-39,0.18460326824243742,0.19277635317599259,0.18868981070921501,131688.92681802998,3925324.5617456203,1169913.7815466505,0
2026-07-21,-38,0.19277635317599259,0.20131129149365679,0.1970438223348247,106865.39606131001,2003866.7335681901,2770076.785813279,0
2026-07-21,-37,0.20131129149365679,0.21022410381342863,0.20576769765354269,48729.899262139996,110761.56705193002,15275.756590400153,0
2026-07-21,-36,0.21022410381342863,0.21953152004666243,0.21487781193004551,18369.79916083,46798.2998020901,3936.8890582001582,0
2026-07-21,-35,0.21953152004666243,0.2292510108011678,0.22439126542391513,24864.902997310004,105794.38974046009,1917153.2168495604,0
2026-07-21,-34,0.2292510108011678,0.23940082017464343,0.2343259154879056,1365.8222423800012,33926.376561660007,44112.839490099774,0
2026-07-21,-33,0.23940082017464343,0.25,0.24470041008732171,8263.5601690700023,156837.61683842028,3767.0442486298712,0
2026-07-21,-32,0.25,0.26106844560685344,0.25553422280342675,605.94399145,72185.633173290131,289.49320211995541,0
2026-07-21,-31,0.26106844560685344,0.27262693316631442,0.26684768938658393,0,331190.19264146005,8382.9035200200815,0
2026-07-21,-30,0.27262693316631442,0.28469715868917289,0.27866204592774368,0,59286.830344470036,1396.7153028199755,0
2026-07-21,-29,0.28469715868917289,0.29730177875068026,0.29099946871992655,0,13116.779709449997,33.05316589011656,0
2026-07-21,-28,0.29730177875068026,0.310464453018371,0.30388311588452566,0,9179.1568633700808,340.1744694601436,0
2026-07-21,-27,0.310464453018371,0.32420988866275241,0.31733717084056168,0,51558.646456899987,767.55516768999996,0
2026-07-21,-26,0.32420988866275241,0.33856388673422316,0.33138688769848779,0,17781.600888620018,2.8997281801018122,0
2026-07-21,-22,0.38555270635198519,0.40262258298731357,0.39408764466964941,0,7144.1201855503141,2338.3926258201163,0
2026-07-21,-21,0.40262258298731357,0.42044820762685725,0.41153539530708538,0,131710.83715940008,4.4799198499972714,0
2026-07-21,-16,0.5,0.52213689121370688,0.51106844560685349,0,5043.4490506000493,741.55482006,0
2026-07-22,-46,0.13631346658315721,0.14234857934458645,0.13933102296387184,0,9618.984859799999,0,0
2026-07-22,-45,0.14234857934458645,0.14865088937534013,0.14549973435996327,0,2471.0938814600054,265.83405623000044,0
2026-07-22,-44,0.14865088937534013,0.1552322265091855,0.15194155794226283,0,93389.505975209991,1.131699999999785,0
2026-07-22,-43,0.1552322265091855,0.16210494433137621,0.15866858542028084,194684.15123441003,336394.10189868015,116427.57522813004,0
2026-07-22,-42,0.16210494433137621,0.16928194336711158,0.16569344384924389,214795.92761933012,28973.095365060835,648173.93913555995,0
2026-07-22,-41,0.16928194336711158,0.17677669529663689,0.17302931933187424,365429.06625851046,256216.25795178014,11779275.0080123,0
2026-07-22,-40,0.17677669529663689,0.18460326824243742,0.18068998176953716,105165.00182692998,54839.624849399981,1652988.6931107687,0
2026-07-22,-39,0.18460326824243742,0.19277635317599259,0.18868981070921501,131579.10105812998,3925324.5617456203,1169913.7815466505,0
2026-07-22,-38,0.19277635317599259,0.20131129149365679,0.1970438223348247,106846.92719068001,2003866.7335681901,2770076.785813279,0
2026-07-22,-37,0.20131129149365679,0.21022410381342863,0.20576769765354269,48729.899262139996,110761.56705193002,15275.756590400153,0
2026-07-22,-36,0.21022410381342863,0.21953152004666243,0.21487781193004551,18369.79916083,46798.2998020901,3936.8890582001582,0
2026-07-22,-35,0.21953152004666243,0.2292510108011678,0.22439126542391513,24855.937019310004,105794.38974046009,1917153.2168495604,0
2026-07-22,-34,0.2292510108011678,0.23940082017464343,0.2343259154879056,1365.8222423800012,33926.376561660007,44112.839490099774,0
2026-07-22,-33,0.23940082017464343,0.25,0.24470041008732171,8263.5601690700023,156837.61683842028,3767.0442486298712,0
2026-07-22,-32,0.25,0.26106844560685344,0.25553422280342675,605.94399145,72185.633173290131,289.49320211995541,0
2026-07-22,-31,0.26106844560685344,0.27262693316631442,0.26684768938658393,0,331164.06524924003,8382.9035200200815,0
2026-07-22,-30,0.27262693316631442,0.28469715868917289,0.27866204592774368,0,59286.830344470036,1396.7153028199755,0
2026-07-22,-29,0.28469715868917289,0.29730177875068026,0.29099946871992655,0,12826.009625449997,33.05316589011656,0
2026-07-22,-28,0.29730177875068026,0.310464453018371,0.30388311588452566,0,9179.1568633700808,340.1744694601436,0
2026-07-22,-27,0.310464453018371,0.32420988866275241,0.31733717084056168,0,51433.646456899987,767.55516768999996,0
2026-07-22,-26,0.32420988866275241,0.33856388673422316,0.33138688769848779,0,17781.600888620018,2.8997281801018122,0
2026-07-22,-22,0.38555270635198519,0.40262258298731357,0.39408764466964941,0,7144.1201855503141,2338.3926258201163,0
2026-07-22,-21,0.40262258298731357,0.42044820762685725,0.41153539530708538,0,131710.83715940008,4.4799198499972714,0
2026-07-22,-16,0.5,0.52213689121370688,0.51106844560685349,0,5043.4490506000493,741.55482006,0
2026-07-23,-46,0.13631346658315721,0.14234857934458645,0.13933102296387184,0,9618.984859799999,0,0
2026-07-23,-45,0.14234857934458645,0.14865088937534013,0.14549973435996327,0,2471.0938814600054,265.83405623000044,0
2026-07-23,-44,0.14865088937534013,0.1552322265091855,0.15194155794226283,0,93389.505975209991,1.131699999999785,0
2026-07-23,-43,0.1552322265091855,0.16210494433137621,0.15866858542028084,193749.12076325002,336394.10189868015,116335.67022813004,0
2026-07-23,-42,0.16210494433137621,0.16928194336711158,0.16569344384924389,211377.57483484011,28973.095365060835,648173.93913555995,0
2026-07-23,-41,0.16928194336711158,0.17677669529663689,0.17302931933187424,403399.84534074046,256216.25795178014,11811710.681984581,0
2026-07-23,-40,0.17677669529663689,0.18460326824243742,0.18068998176953716,94197.514554549969,54839.624849399981,1604189.5588092587,0
2026-07-23,-39,0.18460326824243742,0.19277635317599259,0.18868981070921501,129189.51864840998,3926516.1911122701,1169913.7815466505,0
2026-07-23,-38,0.19277635317599259,0.20131129149365679,0.1970438223348247,106801.42984995,2003829.5971995103,2770076.785813279,0
2026-07-23,-37,0.20131129149365679,0.21022410381342863,0.20576769765354269,48729.899262139996,110761.56705193002,15275.756590400153,0
2026-07-23,-36,0.21022410381342863,0.21953152004666243,0.21487781193004551,12869.79916083,46798.2998020901,3936.8890582001582,0
2026-07-23,-35,0.21953152004666243,0.2292510108011678,0.22439126542391513,24840.937019310004,105794.38974046009,1917153.2168495604,0
2026-07-23,-34,0.2292510108011678,0.23940082017464343,0.2343259154879056,1365.8222423800012,33882.114949260009,44112.839490099774,0
2026-07-23,-33,0.23940082017464343,0.25,0.24470041008732171,8263.5601690700023,156837.61683842028,3767.0442486298712,0
2026-07-23,-32,0.25,0.26106844560685344,0.25553422280342675,605.94399145,72185.633173290131,289.49320211995541,0
2026-07-23,-31,0.26106844560685344,0.27262693316631442,0.26684768938658393,0,329853.28086765006,8382.9035200200815,0
2026-07-23,-30,0.27262693316631442,0.28469715868917289,0.27866204592774368,0,59286.830344470036,1396.7153028199755,0
2026-07-23,-29,0.28469715868917289,0.29730177875068026,0.29099946871992655,0,12826.009625449997,33.05316589011656,0
2026-07-23,-28,0.29730177875068026,0.310464453018371,0.30388311588452566,0,9179.1568633700808,340.1744694601436,0
2026-07-23,-27,0.310464453018371,0.32420988866275241,0.31733717084056168,0,51433.645549899993,767.55516768999996,0
2026-07-23,-26,0.32420988866275241,0.33856388673422316,0.33138688769848779,0,17781.600888620018,2.8997281801018122,0
2026-07-23,-22,0.38555270635198519,0.40262258298731357,0.39408764466964941,0,7144.1201855503141,2338.3926258201163,0
2026-07-23,-21,0.40262258298731357,0.42044820762685725,0.41153539530708538,0,131710.83715940008,4.4799198499972714,0
2026-07-23,-16,0.5,0.52213689121370688,0.51106844560685349,0,5043.4490506000493,741.55482006,0
2026-07-24,-46,0.13631346658315721,0.14234857934458645,0.13933102296387184,0,9618.984859799999,0,0
2026-07-24,-45,0.14234857934458645,0.14865088937534013,0.14549973435996327,0,2471.0938814600054,265.83405623000044,0
2026-07-24,-44,0.14865088937534013,0.1552322265091855,0.15194155794226283,0,91067.630420199988,1.131699999999785,0
2026-07-24,-43,0.1552322265091855,0.16210494433137621,0.15866858542028084,193749.12076324003,335598.29611536016,115428.10922813004,0
2026-07-24,-42,0.16210494433137621,0.16928194336711158,0.16569344384924389,198428.85839802009,28260.449618890838,648173.93913555995,0
2026-07-24,-41,0.16928194336711158,0.17677669529663689,0.17302931933187424,417975.33889499045,256216.25795178014,11881674.05128612,0
2026-07-24,-40,0.17677669529663689,0.18460326824243742,0.18068998176953716,92820.116144969987,56012.851050289974,1548919.3386218487,0
2026-07-24,-39,0.18460326824243742,0.19277635317599259,0.18868981070921501,129175.16982739998,3926516.1911122701,1169913.7815466505,0
2026-07-24,-38,0.19277635317599259,0.20131129149365679,0.1970438223348247,97417.079046530009,2003764.6769815502,2770076.785813279,0
2026-07-24,-37,0.20131129149365679,0.21022410381342863,0.20576769765354269,48729.899262139996,110761.56705193002,15275.756590400153,0
2026-07-24,-36,0.21022410381342863,0.21953152004666243,0.21487781193004551,12869.79916083,46798.2998020901,3936.8890582001582,0
2026-07-24,-35,0.21953152004666243,0.2292510108011678,0.22439126542391513,24605.262662590005,105794.38974046009,1917153.2168495604,0
2026-07-24,-34,0.2292510108011678,0.23940082017464343,0.2343259154879056,1365.8222423800012,33882.114949260009,44112.839490099774,0
2026-07-24,-33,0.23940082017464343,0.25,0.24470041008732171,8263.5601690700023,156824.94683842026,3767.0442486298712,0
2026-07-24,-32,0.25,0.26106844560685344,0.25553422280342675,605.94399145,72185.633173290131,289.49320211995541,0
2026-07-24,-31,0.26106844560685344,0.27262693316631442,0.26684768938658393,0,329715.28086765006,8382.9035200200815,0
2026-07-24,-30,0.27262693316631442,0.28469715868917289,0.27866204592774368,0,59286.830344470036,1396.7153028199755,0
2026-07-24,-29,0.28469715868917289,0.29730177875068026,0.29099946871992655,0,12826.009625449997,33.05316589011656,0
2026-07-24,-28,0.29730177875068026,0.310464453018371,0.30388311588452566,0,9179.1568633700808,340.1744694601436,0
2026-07-24,-27,0.310464453018371,0.32420988866275241,0.31733717084056168,0,51233.645549899993,767.55516768999996,0
2026-07-24,-26,0.32420988866275241,0.33856388673422316,0.33138688769848779,0,17781.600888620018,2.8997281801018122,0
2026-07-24,-22,0.38555270635198519,0.40262258298731357,0.39408764466964941,0,7144.1201855503141,2338.3926258201163,0
2026-07-24,-21,0.40262258298731357,0.42044820762685725,0.41153539530708538,0,131710.83715940008,4.4799198499972714,0
2026-07-24,-16,0.5,0.52213689121370688,0.51106844560685349,0,5043.4490506000493,741.55482006,0
2026-07-25,-46,0.13631346658315721,0.14234857934458645,0.13933102296387184,0,9618.984859799999,0,0
2026-07-25,-45,0.14234857934458645,0.14865088937534013,0.14549973435996327,0,2471.0938814600054,265.83405623000044,0
2026-07-25,-44,0.14865088937534013,0.1552322265091855,0.15194155794226283,0,91067.630420199988,1.131699999999785,0
2026-07-25,-43,0.1552322265091855,0.16210494433137621,0.15866858542028084,193749.12076324003,335598.29611536016,105010.95207354004,0
2026-07-25,-42,0.16210494433137621,0.16928194336711158,0.16569344384924389,173899.85700551994,28366.750129030956,633571.03475940996,0
2026-07-25,-41,0.16928194336711158,0.17677669529663689,0.17302931933187424,357699.80387451063,256216.25795178014,11806578.232664596,0
2026-07-25,-40,0.17677669529663689,0.18460326824243742,0.18068998176953716,411055.57717918989,56012.851050289974,1566066.9416056336,0
2026-07-25,-39,0.18460326824243742,0.19277635317599259,0.18868981070921501,124477.37177598999,3926437.5957361502,1164808.0884999004,0
2026-07-25,-38,0.19277635317599259,0.20131129149365679,0.1970438223348247,97371.816114120011,2003764.6769815502,2770076.785813279,0
2026-07-25,-37,0.20131129149365679,0.21022410381342863,0.20576769765354269,48717.804143879999,110733.48390520002,15275.756590400153,0
2026-07-25,-36,0.21022410381342863,0.21953152004666243,0.21487781193004551,12869.79916083,46798.2998020901,3936.8890582001582,0
2026-07-25,-35,0.21953152004666243,0.2292510108011678,0.22439126542391513,24603.718692150007,105794.38974046009,1917153.2168495604,0
2026-07-25,-34,0.2292510108011678,0.23940082017464343,0.2343259154879056,1365.8222423800012,33882.114949260009,44112.839490099774,0
2026-07-25,-33,0.23940082017464343,0.25,0.24470041008732171,8263.5601690700023,156824.94683842026,3767.0442486298712,0
2026-07-25,-32,0.25,0.26106844560685344,0.25553422280342675,605.94399145,72185.633173290131,289.49320211995541,0
2026-07-25,-31,0.26106844560685344,0.27262693316631442,0.26684768938658393,0,329715.28086632007,8382.9035200200815,0
2026-07-25,-30,0.27262693316631442,0.28469715868917289,0.27866204592774368,0,59286.830344470036,1396.7153028199755,0
2026-07-25,-29,0.28469715868917289,0.29730177875068026,0.29099946871992655,0,12826.009625449997,33.05316589011656,0
2026-07-25,-28,0.29730177875068026,0.310464453018371,0.30388311588452566,0,9179.1568633700808,340.1744694601436,0
2026-07-25,-27,0.310464453018371,0.32420988866275241,0.31733717084056168,0,51233.645549899993,767.55516768999996,0
2026-07-25,-26,0.32420988866275241,0.33856388673422316,0.33138688769848779,0,17781.600888620018,2.8997281801018122,0
2026-07-25,-22,0.38555270635198519,0.40262258298731357,0.39408764466964941,0,7144.1201855503141,2338.3926258201163,0
2026-07-25,-21,0.40262258298731357,0.42044820762685725,0.41153539530708538,0,131710.83715940008,4.4799198499972714,0
2026-07-25,-16,0.5,0.52213689121370688,0.51106844560685349,0,5043.4490506000493,741.55482006,0
2026-07-26,-46,0.13631346658315721,0.14234857934458645,0.13933102296387184,0,9618.984859799999,0,0
2026-07-26,-45,0.14234857934458645,0.14865088937534013,0.14549973435996327,0,2471.0938814600054,265.83405623000044,0
2026-07-26,-44,0.14865088937534013,0.1552322265091855,0.15194155794226283,0,91067.630420199988,1.131699999999785,0
2026-07-26,-43,0.1552322265091855,0.16210494433137621,0.15866858542028084,193749.12076324003,335598.29611536016,104900.06607354005,0
2026-07-26,-42,0.16210494433137621,0.16928194336711158,0.16569344384924389,173834.02965232995,28366.750129030956,633571.03475940996,0
2026-07-26,-41,0.16928194336711158,0.17677669529663689,0.17302931933187424,346127.37679811061,264729.01322438015,11794090.242207475,0
2026-07-26,-40,0.17677669529663689,0.18460326824243742,0.18068998176953716,420427.33691122988,55912.851050289966,1579816.9977343737,0
2026-07-26,-39,0.18460326824243742,0.19277635317599259,0.18868981070921501,124342.00562176999,3926437.5957361502,1162632.7701570604,0
2026-07-26,-38,0.19277635317599259,0.20131129149365679,0.1970438223348247,97371.816114120011,2000764.6769815502,2770076.785813279,0
2026-07-26,-37,0.20131129149365679,0.21022410381342863,0.20576769765354269,48717.804143879999,110733.48390520002,15275.756590400153,0
2026-07-26,-36,0.21022410381342863,0.21953152004666243,0.21487781193004551,12869.79916083,46798.2998020901,3936.8890582001582,0
2026-07-26,-35,0.21953152004666243,0.2292510108011678,0.22439126542391513,24603.718692150007,105794.38974046009,1917153.2168495604,0
2026-07-26,-34,0.2292510108011678,0.23940082017464343,0.2343259154879056,1365.8222423800012,33882.114949260009,44112.839490099774,0
2026-07-26,-33,0.23940082017464343,0.25,0.24470041008732171,8263.5601690700023,156798.20683842027,3767.0442486298712,0
2026-07-26,-32,0.25,0.26106844560685344,0.25553422280342675,605.94399145,72185.633173290131,289.49320211995541,0
2026-07-26,-31,0.26106844560685344,0.27262693316631442,0.26684768938658393,0,329357.66605889006,8382.9035200200815,0
2026-07-26,-30,0.27262693316631442,0.28469715868917289,0.27866204592774368,0,59088.334686000038,1396.7153028199755,0
2026-07-26,-29,0.28469715868917289,0.29730177875068026,0.29099946871992655,0,12826.009625449997,33.05316589011656,0
2026-07-26,-28,0.29730177875068026,0.310464453018371,0.30388311588452566,0,9179.1568633700808,340.1744694601436,0
2026-07-26,-27,0.310464453018371,0.32420988866275241,0.31733717084056168,0,51233.645549899993,767.55516768999996,0
2026-07-26,-26,0.32420988866275241,0.33856388673422316,0.33138688769848779,0,17781.600888620018,2.8997281801018122,0
2026-07-26,-22,0.38555270635198519,0.40262258298731357,0.39408764466964941,0,7144.1201855503141,2338.3926258201163,0
2026-07-26,-21,0.40262258298731357,0.42044820762685725,0.41153539530708538,0,131710.83715940008,4.4799198499972714,0
2026-07-26,-16,0.5,0.52213689121370688,0.51106844560685349,0,5021.4490452400487,741.55482006,0
2026-07-27,-46,0.13631346658315721,0.14234857934458645,0.13933102296387184,0,9618.984859799999,0,0
2026-07-27,-45,0.14234857934458645,0.14865088937534013,0.14549973435996327,0,2471.0938814600054,265.83405623000044,0
2026-07-27,-44,0.14865088937534013,0.1552322265091855,0.15194155794226283,0,91067.630420199988,1.131699999999785,0
2026-07-27,-43,0.1552322265091855,0.16210494433137621,0.15866858542028084,193749.12076324003,335598.29611536016,104900.06607354005,0
2026-07-27,-42,0.16210494433137621,0.16928194336711158,0.16569344384924389,171080.74881622996,28366.750129030956,633571.03475940996,0
2026-07-27,-41,0.16928194336711158,0.17677669529663689,0.17302931933187424,280254.69566664065,264729.01322438015,11777977.553854819,0
2026-07-27,-40,0.17677669529663689,0.18460326824243742,0.18068998176953716,384807.32784784009,55912.851050289966,1382250.8204608588,0
2026-07-27,-39,0.18460326824243742,0.19277635317599259,0.18868981070921501,855260.17212658981,3926578.6972404504,1324084.5057727003,0
2026-07-27,-38,0.19277635317599259,0.20131129149365679,0.1970438223348247,53173.276759089989,1997064.6769815502,2770076.785813279,0
2026-07-27,-37,0.20131129149365679,0.21022410381342863,0.20576769765354269,48667.693195369997,110733.48390520002,15275.756590400153,0
2026-07-27,-36,0.21022410381342863,0.21953152004666243,0.21487781193004551,11380.545294090001,46798.2998020901,3936.8890582001582,0
2026-07-27,-35,0.21953152004666243,0.2292510108011678,0.22439126542391513,24602.286630550007,105388.50793825008,1916210.6219401003,0
2026-07-27,-34,0.2292510108011678,0.23940082017464343,0.2343259154879056,1365.8222423800012,33882.114949260009,44112.839490099774,0
2026-07-27,-33,0.23940082017464343,0.25,0.24470041008732171,8069.0243566800018,156798.20683842027,3767.0442486298712,0
2026-07-27,-32,0.25,0.26106844560685344,0.25553422280342675,605.94399145,72185.633173290131,289.49320211995541,0
2026-07-27,-31,0.26106844560685344,0.27262693316631442,0.26684768938658393,0,329357.66605889006,8382.9035200200815,0
2026-07-27,-30,0.27262693316631442,0.28469715868917289,0.27866204592774368,0,59088.334686000038,1396.7153028199755,0
2026-07-27,-29,0.28469715868917289,0.29730177875068026,0.29099946871992655,0,12826.009625449997,33.05316589011656,0
2026-07-27,-28,0.29730177875068026,0.310464453018371,0.30388311588452566,0,9179.1568633700808,340.1744694601436,0
2026-07-27,-27,0.310464453018371,0.32420988866275241,0.31733717084056168,0,51233.645549899993,767.55516768999996,0
2026-07-27,-26,0.32420988866275241,0.33856388673422316,0.33138688769848779,0,17781.600888620018,2.8997281801018122,0
2026-07-27,-22,0.38555270635198519,0.40262258298731357,0.39408764466964941,0,7144.1201855503141,2338.3926258201163,0
2026-07-27,-21,0.40262258298731357,0.42044820762685725,0.41153539530708538,0,131710.83715940008,4.4799198499972714,0
2026-07-27,-16,0.5,0.52213689121370688,0.51106844560685349,0,5021.4490452400487,741.55482006,0
2026-07-28,-46,0.13631346658315721,0.14234857934458645,0.13933102296387184,0,9618.984859799999,0,0
2026-07-28,-45,0.14234857934458645,0.14865088937534013,0.14549973435996327,0,2471.0938814600054,265.83405623000044,0
2026-07-28,-44,0.14865088937534013,0.1552322265091855,0.15194155794226283,0,91067.630419980007,1.131699999999785,0
2026-07-28,-43,0.1552322265091855,0.16210494433137621,0.15866858542028084,188954.98773939002,335598.29611536016,104900.06607354005,0
2026-07-28,-42,0.16210494433137621,0.16928194336711158,0.16569344384924389,123078.98816522997,28212.670129030957,633571.03475940996,0
2026-07-28,-41,0.16928194336711158,0.17677669529663689,0.17302931933187424,207714.02529659055,264968.2551882902,11768631.07857625,0
2026-07-28,-40,0.17677669529663689,0.18460326824243742,0.18068998176953716,621773.15832391998,55912.851050289966,1676393.9988149849,0
2026-07-28,-39,0.18460326824243742,0.19277635317599259,0.18868981070921501,621542.81940824992,3926566.4013217902,1230517.2040706803,0
2026-07-28,-38,0.19277635317599259,0.20131129149365679,0.1970438223348247,51971.243450719987,1995564.6769815502,2770024.0518453289,0
2026-07-28,-37,0.20131129149365679,0.21022410381342863,0.20576769765354269,48660.999248989996,110733.48390520002,15275.756590400153,0
2026-07-28,-36,0.21022410381342863,0.21953152004666243,0.21487781193004551,11380.545294090001,46798.2998020901,3936.8890582001582,0
2026-07-28,-35,0.21953152004666243,0.2292510108011678,0.22439126542391513,24602.286630550007,105388.50793825008,1674183.8679986645,0
2026-07-28,-34,0.2292510108011678,0.23940082017464343,0.2343259154879056,1365.8222423800012,33882.114949260009,44112.839490099774,0
2026-07-28,-33,0.23940082017464343,0.25,0.24470041008732171,7468.6067420700019,156798.20683842027,3767.0442486298712,0
2026-07-28,-32,0.25,0.26106844560685344,0.25553422280342675,605.94399145,72182.14501162013,289.49320211995541,0
2026-07-28,-31,0.26106844560685344,0.27262693316631442,0.26684768938658393,0,329321.89605888003,8382.9035200200815,0
2026-07-28,-30,0.27262693316631442,0.28469715868917289,0.27866204592774368,0,59088.334686000038,1396.7153028199755,0
2026-07-28,-29,0.28469715868917289,0.29730177875068026,0.29099946871992655,0,12826.009625449997,33.05316589011656,0
2026-07-28,-28,0.29730177875068026,0.310464453018371,0.30388311588452566,0,9179.1568633700808,340.1744694601436,0
2026-07-28,-27,0.310464453018371,0.32420988866275241,0.31733717084056168,0,49733.645549899993,767.55516768999996,0
2026-07-28,-26,0.32420988866275241,0.33856388673422316,0.33138688769848779,0,17781.600888620018,2.8997281801018122,0
2026-07-28,-22,0.38555270635198519,0.40262258298731357,0.39408764466964941,0,7144.1201855503141,2338.3926258201163,0
2026-07-28,-21,0.40262258298731357,0.42044820762685725,0.41153539530708538,0,131677.77419139005,4.4799198499972714,0
2026-07-28,-16,0.5,0.52213689121370688,0.51106844560685349,0,5021.4490452400487,741.55482006,0
2026-07-29,-46,0.13631346658315721,0.14234857934458645,0.13933102296387184,0,9618.984859799999,0,0
2026-07-29,-45,0.14234857934458645,0.14865088937534013,0.14549973435996327,0,2471.0938814600054,265.83405623000044,0
2026-07-29,-44,0.14865088937534013,0.1552322265091855,0.15194155794226283,0,91067.630419980007,1.131699999999785,0
2026-07-29,-43,0.1552322265091855,0.16210494433137621,0.15866858542028084,188294.95209641004,335598.29611536016,104900.06607354005,0
2026-07-29,-42,0.16210494433137621,0.16928194336711158,0.16569344384924389,119459.44351011996,28212.670129030957,633571.03475940996,0
2026-07-29,-41,0.16928194336711158,0.17677669529663689,0.17302931933187424,207649.81824913056,264968.2551882902,11768452.861406151,0
2026-07-29,-40,0.17677669529663689,0.18460326824243742,0.18068998176953716,532933.53926411027,58765.857448829964,1590052.5632226649,0
2026-07-29,-39,0.18460326824243742,0.19277635317599259,0.18868981070921501,815366.99397586961,3926566.4013217902,1422214.5137926603,0
2026-07-29,-38,0.19277635317599259,0.20131129149365679,0.1970438223348247,51798.736481859989,1995553.3580424204,2770024.0518453289,0
2026-07-29,-37,0.20131129149365679,0.21022410381342863,0.20576769765354269,48660.999248989996,110733.48390520002,15275.756590400153,0
2026-07-29,-36,0.21022410381342863,0.21953152004666243,0.21487781193004551,11380.545294090001,46798.2998020901,3936.8890582001582,0
2026-07-29,-35,0.21953152004666243,0.2292510108011678,0.22439126542391513,24597.363016200004,105388.50793825008,1485492.8633773844,0
2026-07-29,-34,0.2292510108011678,0.23940082017464343,0.2343259154879056,1365.8222423800012,33882.114949260009,44112.839490099774,0
2026-07-29,-33,0.23940082017464343,0.25,0.24470041008732171,7468.6067420700019,156798.20683842027,3767.0442486298712,0
2026-07-29,-32,0.25,0.26106844560685344,0.25553422280342675,605.94399145,72182.14501162013,289.49320211995541,0
2026-07-29,-31,0.26106844560685344,0.27262693316631442,0.26684768938658393,0,329288.13701568003,8382.9035200200815,0
2026-07-29,-30,0.27262693316631442,0.28469715868917289,0.27866204592774368,0,59088.334686000038,1396.7153028199755,0
2026-07-29,-29,0.28469715868917289,0.29730177875068026,0.29099946871992655,0,12810.047134359997,33.05316589011656,0
2026-07-29,-28,0.29730177875068026,0.310464453018371,0.30388311588452566,0,9179.1568633700808,340.1744694601436,0
2026-07-29,-27,0.310464453018371,0.32420988866275241,0.31733717084056168,0,49685.233941489991,767.55516768999996,0
2026-07-29,-26,0.32420988866275241,0.33856388673422316,0.33138688769848779,0,17781.600888620018,2.8997281801018122,0
2026-07-29,-22,0.38555270635198519,0.40262258298731357,0.39408764466964941,0,7144.1201855503141,2338.3926258201163,0
2026-07-29,-21,0.40262258298731357,0.42044820762685725,0.41153539530708538,0,131677.77419139005,4.4799198499972714,0
2026-07-29,-16,0.5,0.52213689121370688,0.51106844560685349,0,5021.4490452400487,741.55482006,0
2026-07-30,-46,0.13631346658315721,0.14234857934458645,0.13933102296387184,0,9618.984859799999,0,0
2026-07-30,-45,0.14234857934458645,0.14865088937534013,0.14549973435996327,0,2471.0938814600054,265.83405623000044,0
2026-07-30,-44,0.14865088937534013,0.1552322265091855,0.15194155794226283,0,91067.630419980007,1.131699999999785,0
2026-07-30,-43,0.1552322265091855,0.16210494433137621,0.15866858542028084,188294.95209641004,335598.29611536016,104793.17607354005,0
2026-07-30,-42,0.16210494433137621,0.16928194336711158,0.16569344384924389,116184.47130577997,28212.670129030957,633571.03475940996,0
2026-07-30,-41,0.16928194336711158,0.17677669529663689,0.17302931933187424,164207.96202913055,305634.0401733602,11618016.39417468,0
2026-07-30,-40,0.17677669529663689,0.18460326824243742,0.18068998176953716,433144.07037006028,58765.857448829964,1580533.8251999896,0
2026-07-30,-39,0.18460326824243742,0.19277635317599259,0.18868981070921501,905958.61179725965,3926566.4013217902,1517136.0102561654,0
2026-07-30,-38,0.19277635317599259,0.20131129149365679,0.1970438223348247,51396.207739809986,1995489.3476308903,2770024.0518453289,0
2026-07-30,-37,0.20131129149365679,0.21022410381342863,0.20576769765354269,48660.999248989996,110535.29398113002,15275.756590400153,0
2026-07-30,-36,0.21022410381342863,0.21953152004666243,0.21487781193004551,11380.545294090001,46798.2998020901,3936.8890582001582,0
2026-07-30,-35,0.21953152004666243,0.2292510108011678,0.22439126542391513,24397.363015870007,105388.50793825008,1421575.2225919943,0
2026-07-30,-34,0.2292510108011678,0.23940082017464343,0.2343259154879056,1365.8222423800012,33882.114949260009,44112.839490099774,0
2026-07-30,-33,0.23940082017464343,0.25,0.24470041008732171,7468.6067420700019,156798.20683842027,3767.0442486298712,0
2026-07-30,-32,0.25,0.26106844560685344,0.25553422280342675,605.94399145,72182.14501162013,289.49320211995541,0
2026-07-30,-31,0.26106844560685344,0.27262693316631442,0.26684768938658393,0,329212.10580568004,8382.9035200200815,0
2026-07-30,-30,0.27262693316631442,0.28469715868917289,0.27866204592774368,0,59088.334686000038,1396.7153028199755,0
2026-07-30,-29,0.28469715868917289,0.29730177875068026,0.29099946871992655,0,12810.047134359997,33.05316589011656,0
2026-07-30,-28,0.29730177875068026,0.310464453018371,0.30388311588452566,0,9179.1568633700808,340.1744694601436,0
2026-07-30,-27,0.310464453018371,0.32420988866275241,0.31733717084056168,0,49685.233941489991,767.55516768999996,0
2026-07-30,-26,0.32420988866275241,0.33856388673422316,0.33138688769848779,0,17781.600888620018,2.8997281801018122,0
2026-07-30,-22,0.38555270635198519,0.40262258298731357,0.39408764466964941,0,7144.1201855503141,2338.3926258201163,0
2026-07-30,-21,0.40262258298731357,0.42044820762685725,0.41153539530708538,0,131677.77419139005,4.4799198499972714,0
2026-07-30,-16,0.5,0.52213689121370688,0.51106844560685349,0,5021.4490452400487,741.55482006,0
2026-07-31,-46,0.13631346658315721,0.14234857934458645,0.13933102296387184,0,9618.984859799999,0,0
2026-07-31,-45,0.14234857934458645,0.14865088937534013,0.14549973435996327,0,2471.0938814600054,265.83405623000044,0
2026-07-31,-44,0.14865088937534013,0.1552322265091855,0.15194155794226283,0,91014.129318980005,1.131699999999785,0
2026-07-31,-43,0.1552322265091855,0.16210494433137621,0.15866858542028084,188294.95209641004,335598.29611536016,104793.17607354005,0
2026-07-31,-42,0.16210494433137621,0.16928194336711158,0.16569344384924389,116184.47130577997,28212.670129030957,633571.03475940996,0
2026-07-31,-41,0.16928194336711158,0.17677669529663689,0.17302931933187424,164180.83367278054,305634.0401733602,11617784.730240161,0
2026-07-31,-40,0.17677669529663689,0.18460326824243742,0.18068998176953716,430044.31411222008,58715.857448829964,2237730.8907032995,0
2026-07-31,-39,0.18460326824243742,0.19277635317599259,0.18868981070921501,234024.57147994981,3927140.7181738503,1466331.5992304755,0
2026-07-31,-38,0.19277635317599259,0.20131129149365679,0.1970438223348247,51396.207739809986,1995489.3476308903,2770024.0518453289,0
2026-07-31,-37,0.20131129149365679,0.21022410381342863,0.20576769765354269,48660.999248989996,110535.29398113002,15275.756590400153,0
2026-07-31,-36,0.21022410381342863,0.21953152004666243,0.21487781193004551,11380.545294090001,46798.2998020901,3936.8890582001582,0
2026-07-31,-35,0.21953152004666243,0.2292510108011678,0.22439126542391513,24397.363015870007,105388.50793825008,1372799.1398756343,0
2026-07-31,-34,0.2292510108011678,0.23940082017464343,0.2343259154879056,1365.8222423800012,33882.114949260009,44112.839490099774,0
2026-07-31,-33,0.23940082017464343,0.25,0.24470041008732171,7468.6067390700018,156770.75683842026,3767.0442486298712,0
2026-07-31,-32,0.25,0.26106844560685344,0.25553422280342675,605.94399145,72182.14501162013,289.49320211995541,0
2026-07-31,-31,0.26106844560685344,0.27262693316631442,0.26684768938658393,0,329212.10580568004,8382.9035200200815,0
2026-07-31,-30,0.27262693316631442,0.28469715868917289,0.27866204592774368,0,59088.334686000038,1396.7153028199755,0
2026-07-31,-29,0.28469715868917289,0.29730177875068026,0.29099946871992655,0,12810.047134359997,33.05316589011656,0
2026-07-31,-28,0.29730177875068026,0.310464453018371,0.30388311588452566,0,9179.1568633700808,340.1744694601436,0
2026-07-31,-27,0.310464453018371,0.32420988866275241,0.31733717084056168,0,49685.233941489991,767.55516768999996,0
2026-07-31,-26,0.32420988866275241,0.33856388673422316,0.33138688769848779,0,17781.600888620018,2.8997281801018122,0
2026-07-31,-22,0.38555270635198519,0.40262258298731357,0.39408764466964941,0,7144.1201855503141,2338.3926258201163,0
2026-07-31,-21,0.40262258298731357,0.42044820762685725,0.41153539530708538,0,131677.77419139005,4.4799198499972714,0
2026-07-31,-16,0.5,0.52213689121370688,0.51106844560685349,0,5021.4490452400487,741.55482006,0
2026-08-01,-46,0.13631346658315721,0.14234857934458645,0.13933102296387184,0,9618.984859799999,0,0
2026-08-01,-45,0.14234857934458645,0.14865088937534013,0.14549973435996327,0,2471.0938814600054,265.83405623000044,0
2026-08-01,-44,0.14865088937534013,0.1552322265091855,0.15194155794226283,0,91014.129318980005,1.131699999999785,0
2026-08-01,-43,0.1552322265091855,0.16210494433137621,0.15866858542028084,188294.95209641004,335598.29611536016,104793.17607354005,0
2026-08-01,-42,0.16210494433137621,0.16928194336711158,0.16569344384924389,116184.47130577997,28212.670129030957,633571.03475940996,0
2026-08-01,-41,0.16928194336711158,0.17677669529663689,0.17302931933187424,158542.83367193054,305634.0401733602,11617656.930666121,0
2026-08-01,-40,0.17677669529663689,0.18460326824243742,0.18068998176953716,412025.52432255016,58192.857448829964,2184397.0379124149,0
2026-08-01,-39,0.18460326824243742,0.19277635317599259,0.18868981070921501,283395.96797841979,3927150.6800880302,1684205.9018465304,0
2026-08-01,-38,0.19277635317599259,0.20131129149365679,0.1970438223348247,51396.207739809986,1995475.2776308903,2770024.0518453289,0
2026-08-01,-37,0.20131129149365679,0.21022410381342863,0.20576769765354269,48660.999248989996,110535.29398113002,15275.756590400153,0
2026-08-01,-36,0.21022410381342863,0.21953152004666243,0.21487781193004551,11380.545294090001,46798.2998020901,3936.8890582001582,0
2026-08-01,-35,0.21953152004666243,0.2292510108011678,0.22439126542391513,24397.363015870007,105388.50793825008,1211604.2529750045,0
2026-08-01,-34,0.2292510108011678,0.23940082017464343,0.2343259154879056,1365.8222423800012,33882.114949260009,44112.839490099774,0
2026-08-01,-33,0.23940082017464343,0.25,0.24470041008732171,7468.6067390700018,156770.75683842026,3767.0442486298712,0
2026-08-01,-32,0.25,0.26106844560685344,0.25553422280342675,605.94399145,72182.14501162013,289.49320211995541,0
2026-08-01,-31,0.26106844560685344,0.27262693316631442,0.26684768938658393,0,328976.42001531005,8382.9035200200815,0
2026-08-01,-30,0.27262693316631442,0.28469715868917289,0.27866204592774368,0,59088.334686000038,1396.7153028199755,0
2026-08-01,-29,0.28469715868917289,0.29730177875068026,0.29099946871992655,0,12810.047134359997,33.05316589011656,0
2026-08-01,-28,0.29730177875068026,0.310464453018371,0.30388311588452566,0,9179.1568633700808,340.1744694601436,0
2026-08-01,-27,0.310464453018371,0.32420988866275241,0.31733717084056168,0,49685.233941489991,767.55516768999996,0
2026-08-01,-26,0.32420988866275241,0.33856388673422316,0.33138688769848779,0,17781.600888620018,2.8997281801018122,0
2026-08-01,-22,0.38555270635198519,0.40262258298731357,0.39408764466964941,0,7144.1201855503141,2338.3926258201163,0
2026-08-01,-21,0.40262258298731357,0.42044820762685725,0.41153539530708538,0,131677.77419139005,4.4799198499972714,0
2026-08-01,-16,0.5,0.52213689121370688,0.51106844560685349,0,5021.4490452400487,741.55482006,0
2026-08-02,-46,0.13631346658315721,0.14234857934458645,0.13933102296387184,0,9618.984859799999,0,0
2026-08-02,-45,0.14234857934458645,0.14865088937534013,0.14549973435996327,0,2471.0938814600054,265.83405623000044,0
2026-08-02,-44,0.14865088937534013,0.1552322265091855,0.15194155794226283,0,91014.129318980005,1.131699999999785,0
2026-08-02,-43,0.1552322265091855,0.16210494433137621,0.15866858542028084,187426.90945188003,335598.29611536016,104793.17607354005,0
2026-08-02,-42,0.16210494433137621,0.16928194336711158,0.16569344384924389,116184.47130577997,28212.670129030957,633571.03475940996,0
2026-08-02,-41,0.16928194336711158,0.17677669529663689,0.17302931933187424,154629.99598546055,305634.0401733602,11606843.92614359,0
2026-08-02,-40,0.17677669529663689,0.18460326824243742,0.18068998176953716,410334.0557514801,58192.857448829964,2148487.8018753198,0
2026-08-02,-39,0.18460326824243742,0.19277635317599259,0.18868981070921501,213398.52713152979,3927150.6800880302,1627895.5207544556,0
2026-08-02,-38,0.19277635317599259,0.20131129149365679,0.1970438223348247,128127.25915079001,1995904.4845396501,2943095.2942883591,0
2026-08-02,-37,0.20131129149365679,0.21022410381342863,0.20576769765354269,48660.999248989996,110535.29398113002,15275.756590400153,0
2026-08-02,-36,0.21022410381342863,0.21953152004666243,0.21487781193004551,11380.545294090001,46798.2998020901,3936.8890582001582,0
2026-08-02,-35,0.21953152004666243,0.2292510108011678,0.22439126542391513,24397.363015870007,105388.50793825008,1158953.3162927544,0
2026-08-02,-34,0.2292510108011678,0.23940082017464343,0.2343259154879056,1365.8222423800012,33882.114949260009,44112.839490099774,0
2026-08-02,-33,0.23940082017464343,0.25,0.24470041008732171,7389.3811272800021,156770.75683842026,3767.0442486298712,0
2026-08-02,-32,0.25,0.26106844560685344,0.25553422280342675,605.94399145,72182.14501162013,289.49320211995541,0
2026-08-02,-31,0.26106844560685344,0.27262693316631442,0.26684768938658393,0,328976.42001531005,8382.9035200200815,0
2026-08-02,-30,0.27262693316631442,0.28469715868917289,0.27866204592774368,0,59088.334686000038,1396.7153028199755,0
2026-08-02,-29,0.28469715868917289,0.29730177875068026,0.29099946871992655,0,12810.047134359997,33.05316589011656,0
2026-08-02,-28,0.29730177875068026,0.310464453018371,0.30388311588452566,0,9179.1568633700808,340.1744694601436,0
2026-08-02,-27,0.310464453018371,0.32420988866275241,0.31733717084056168,0,49685.233941489991,767.55516768999996,0
2026-08-02,-26,0.32420988866275241,0.33856388673422316,0.33138688769848779,0,17781.600888620018,2.8997281801018122,0
2026-08-02,-22,0.38555270635198519,0.40262258298731357,0.39408764466964941,0,7144.1201855503141,2338.3926258201163,0
2026-08-02,-21,0.40262258298731357,0.42044820762685725,0.41153539530708538,0,131677.77419139005,4.4799198499972714,0
2026-08-02,-16,0.5,0.52213689121370688,0.51106844560685349,0,5021.4490452400487,741.55482006,0
2026-08-03,-46,0.13631346658315721,0.14234857934458645,0.13933102296387184,0,9618.984859799999,0,0
2026-08-03,-45,0.14234857934458645,0.14865088937534013,0.14549973435996327,0,2471.0938814600054,265.83405623000044,0
2026-08-03,-44,0.14865088937534013,0.1552322265091855,0.15194155794226283,0,91014.129318980005,1.131699999999785,0
2026-08-03,-43,0.1552322265091855,0.16210494433137621,0.15866858542028084,187426.90945187001,335598.29611536016,100476.04489492004,0
2026-08-03,-42,0.16210494433137621,0.16928194336711158,0.16569344384924389,111558.58313905996,28212.670129030957,627220.89566011005,0
2026-08-03,-41,0.16928194336711158,0.17677669529663689,0.17302931933187424,113626.47542060055,305596.79750761023,11572363.38867357,0
2026-08-03,-40,0.17677669529663689,0.18460326824243742,0.18068998176953716,397558.79473199014,56159.982497969962,2126132.2222159794,0
2026-08-03,-39,0.18460326824243742,0.19277635317599259,0.18868981070921501,297887.30769922963,3929459.5558997905,1907931.9208975057,0
2026-08-03,-38,0.19277635317599259,0.20131129149365679,0.1970438223348247,88048.911426570034,1995604.4845396501,2876133.6889584591,0
2026-08-03,-37,0.20131129149365679,0.21022410381342863,0.20576769765354269,48660.999248989996,110535.29398113002,15275.756590400153,0
2026-08-03,-36,0.21022410381342863,0.21953152004666243,0.21487781193004551,11380.545294090001,46798.2998020901,3936.8890582001582,0
2026-08-03,-35,0.21953152004666243,0.2292510108011678,0.22439126542391513,24013.702822170006,105388.50793825008,1017251.9453298644,0
2026-08-03,-34,0.2292510108011678,0.23940082017464343,0.2343259154879056,1365.8222423800012,33882.114949260009,44112.839490099774,0
2026-08-03,-33,0.23940082017464343,0.25,0.24470041008732171,7162.4477046500024,156698.38683842027,3767.0442486298712,0
2026-08-03,-32,0.25,0.26106844560685344,0.25553422280342675,605.94399145,72182.14501162013,289.49320211995541,0
2026-08-03,-31,0.26106844560685344,0.27262693316631442,0.26684768938658393,0,328976.41853646003,8382.9035200200815,0
2026-08-03,-30,0.27262693316631442,0.28469715868917289,0.27866204592774368,0,59088.334686000038,1396.7153028199755,0
2026-08-03,-29,0.28469715868917289,0.29730177875068026,0.29099946871992655,0,12806.886458309997,33.05316589011656,0
2026-08-03,-28,0.29730177875068026,0.310464453018371,0.30388311588452566,0,9179.1568633700808,340.1744694601436,0
2026-08-03,-27,0.310464453018371,0.32420988866275241,0.31733717084056168,0,49685.233941489991,767.55516768999996,0
2026-08-03,-26,0.32420988866275241,0.33856388673422316,0.33138688769848779,0,17781.600888620018,2.8997281801018122,0
2026-08-03,-22,0.38555270635198519,0.40262258298731357,0.39408764466964941,0,7144.1201855503141,2338.3926258201163,0
2026-08-03,-21,0.40262258298731357,0.42044820762685725,0.41153539530708538,0,131677.77419139005,4.4799198499972714,0
2026-08-03,-16,0.5,0.52213689121370688,0.51106844560685349,0,5021.4490452400487,741.55482006,0
2026-08-04,-46,0.13631346658315721,0.14234857934458645,0.13933102296387184,0,9618.984859799999,0,0
2026-08-04,-45,0.14234857934458645,0.14865088937534013,0.14549973435996327,0,2471.0938814600054,265.83405623000044,0
2026-08-04,-44,0.14865088937534013,0.1552322265091855,0.15194155794226283,0,91014.129318980005,1.131699999999785,0
2026-08-04,-43,0.1552322265091855,0.16210494433137621,0.15866858542028084,187426.90945187001,335598.29611536016,100363.27789492004,0
2026-08-04,-42,0.16210494433137621,0.16928194336711158,0.16569344384924389,101147.94561233996,28212.670129030957,627176.1634210794,0
2026-08-04,-41,0.16928194336711158,0.17677669529663689,0.17302931933187424,93446.544497080555,289044.9136744602,11572245.37455387,0
2026-08-04,-40,0.17677669529663689,0.18460326824243742,0.18068998176953716,393789.04856501013,56159.982497969962,2122046.8602098585,0
2026-08-04,-39,0.18460326824243742,0.19277635317599259,0.18868981070921501,415059.90699519968,3929877.8662967002,2033958.6861533956,0
2026-08-04,-38,0.19277635317599259,0.20131129149365679,0.1970438223348247,85837.178485100027,1995604.4845396501,2875837.5310563501,0
2026-08-04,-37,0.20131129149365679,0.21022410381342863,0.20576769765354269,48660.999248989996,110535.29398113002,15275.756590400153,0
2026-08-04,-36,0.21022410381342863,0.21953152004666243,0.21487781193004551,11380.545294090001,46798.2998020901,3936.8890582001582,0
2026-08-04,-35,0.21953152004666243,0.2292510108011678,0.22439126542391513,24013.702822170006,105388.50793825008,902587.86940525437,0
2026-08-04,-34,0.2292510108011678,0.23940082017464343,0.2343259154879056,1365.8222423800012,33882.114949260009,44112.839490099774,0
2026-08-04,-33,0.23940082017464343,0.25,0.24470041008732171,7162.4477046500024,156694.64563801026,3767.0442486298712,0
2026-08-04,-32,0.25,0.26106844560685344,0.25553422280342675,605.94399145,72182.14501162013,289.49320211995541,0
2026-08-04,-31,0.26106844560685344,0.27262693316631442,0.26684768938658393,0,285456.26085266005,8382.9035200200815,0
2026-08-04,-30,0.27262693316631442,0.28469715868917289,0.27866204592774368,0,59088.334686000038,1396.7153028199755,0
2026-08-04,-29,0.28469715868917289,0.29730177875068026,0.29099946871992655,0,12806.886458309997,33.05316589011656,0
2026-08-04,-28,0.29730177875068026,0.310464453018371,0.30388311588452566,0,9179.1568633700808,340.1744694601436,0
2026-08-04,-27,0.310464453018371,0.32420988866275241,0.31733717084056168,0,49685.233941489991,767.55516768999996,0
2026-08-04,-26,0.32420988866275241,0.33856388673422316,0.33138688769848779,0,17781.600888620018,2.8997281801018122,0
2026-08-04,-22,0.38555270635198519,0.40262258298731357,0.39408764466964941,0,7144.1201855503141,2338.3926258201163,0
2026-08-04,-21,0.40262258298731357,0.42044820762685725,0.41153539530708538,0,131677.77419139005,4.4799198499972714,0
2026-08-04,-16,0.5,0.52213689121370688,0.51106844560685349,0,5021.4490452400487,741.55482006,0
2026-08-05,-46,0.13631346658315721,0.14234857934458645,0.13933102296387184,0,9618.984859799999,0,0
2026-08-05,-45,0.14234857934458645,0.14865088937534013,0.14549973435996327,0,2471.0938814600054,265.83405623000044,0
2026-08-05,-44,0.14865088937534013,0.1552322265091855,0.15194155794226283,0,91014.129318980005,1.131699999999785,0
2026-08-05,-43,0.1552322265091855,0.16210494433137621,0.15866858542028084,187426.90945187001,335598.29611536016,100363.27789492004,0
2026-08-05,-42,0.16210494433137621,0.16928194336711158,0.16569344384924389,95773.717810499962,28212.670129030957,627165.78650036943,0
2026-08-05,-41,0.16928194336711158,0.17677669529663689,0.17302931933187424,92087.94008280056,289044.9136744602,11572245.37455387,0
2026-08-05,-40,0.17677669529663689,0.18460326824243742,0.18068998176953716,392299.97870940011,56159.982497969962,2122046.8602098585,0
2026-08-05,-39,0.18460326824243742,0.19277635317599259,0.18868981070921501,406421.23267475964,3930082.9219066105,2102133.2441410255,0
2026-08-05,-38,0.19277635317599259,0.20131129149365679,0.1970438223348247,73210.271672010014,1995604.4845396501,2874122.5279617803,0
2026-08-05,-37,0.20131129149365679,0.21022410381342863,0.20576769765354269,48507.30844642,110535.29398113002,15275.756590400153,0
2026-08-05,-36,0.21022410381342863,0.21953152004666243,0.21487781193004551,11380.545294090001,46798.2998020901,3936.8890582001582,0
2026-08-05,-35,0.21953152004666243,0.2292510108011678,0.22439126542391513,24013.702822170006,105296.85965256009,849549.26406048436,0
2026-08-05,-34,0.2292510108011678,0.23940082017464343,0.2343259154879056,1365.8222423800012,33882.114949260009,44112.839490099774,0
2026-08-05,-33,0.23940082017464343,0.25,0.24470041008732171,7162.4477046500024,156626.86325025026,3767.0442486298712,0
2026-08-05,-32,0.25,0.26106844560685344,0.25553422280342675,605.94399145,72182.14501162013,289.49320211995541,0
2026-08-05,-31,0.26106844560685344,0.27262693316631442,0.26684768938658393,0,285442.77085266006,8382.9035200200815,0
2026-08-05,-30,0.27262693316631442,0.28469715868917289,0.27866204592774368,0,59088.334686000038,1396.7153028199755,0
2026-08-05,-29,0.28469715868917289,0.29730177875068026,0.29099946871992655,0,12806.886458309997,33.05316589011656,0
2026-08-05,-28,0.29730177875068026,0.310464453018371,0.30388311588452566,0,9179.1568633700808,340.1744694601436,0
2026-08-05,-27,0.310464453018371,0.32420988866275241,0.31733717084056168,0,49685.233941489991,767.55516768999996,0
2026-08-05,-26,0.32420988866275241,0.33856388673422316,0.33138688769848779,0,17781.600888620018,2.8997281801018122,0
2026-08-05,-22,0.38555270635198519,0.40262258298731357,0.39408764466964941,0,7027.6437877903136,2338.3926258201163,0
2026-08-05,-21,0.40262258298731357,0.42044820762685725,0.41153539530708538,0,131498.33654810005,4.4799198499972714,0
2026-08-05,-16,0.5,0.52213689121370688,0.51106844560685349,0,5021.4490452400487,741.55482006,0
2026-08-06,-46,0.13631346658315721,0.14234857934458645,0.13933102296387184,0,9618.984859799999,0,0
2026-08-06,-45,0.14234857934458645,0.14865088937534013,0.14549973435996327,0,2471.0938814600054,265.83405623000044,0
2026-08-06,-44,0.14865088937534013,0.1552322265091855,0.15194155794226283,0,91014.129318980005,1.131699999999785,0
2026-08-06,-43,0.1552322265091855,0.16210494433137621,0.15866858542028084,187426.90945187001,335598.29611536016,100363.27789492004,0
2026-08-06,-42,0.16210494433137621,0.16928194336711158,0.16569344384924389,86275.717810499962,28212.670129030957,627124.89858142938,0
2026-08-06,-41,0.16928194336711158,0.17677669529663689,0.17302931933187424,91172.907666550425,289044.9136744602,11572232.830534261,0
2026-08-06,-40,0.17677669529663689,0.18460326824243742,0.18068998176953716,391392.82823546015,56159.982497969962,2118320.9002098585,0
2026-08-06,-39,0.18460326824243742,0.19277635317599259,0.18868981070921501,448980.39459650981,3930082.9219066105,2158347.4615440057,0
2026-08-06,-38,0.19277635317599259,0.20131129149365679,0.1970438223348247,68030.971338600022,1998106.6978618803,2871753.08283357,0
2026-08-06,-37,0.20131129149365679,0.21022410381342863,0.20576769765354269,48507.30844642,110535.29398113002,15275.756590400153,0
2026-08-06,-36,0.21022410381342863,0.21953152004666243,0.21487781193004551,11380.545294090001,46638.2998020901,3936.8890582001582,0
2026-08-06,-35,0.21953152004666243,0.2292510108011678,0.22439126542391513,24013.702822170006,105296.85965256009,776498.40242327435,0
2026-08-06,-34,0.2292510108011678,0.23940082017464343,0.2343259154879056,1365.8222423800012,33882.114949260009,44112.839490099774,0
2026-08-06,-33,0.23940082017464343,0.25,0.24470041008732171,7162.4477046500024,156574.33325025026,3767.0442486298712,0
2026-08-06,-32,0.25,0.26106844560685344,0.25553422280342675,605.94399145,72182.14501162013,289.49320211995541,0
2026-08-06,-31,0.26106844560685344,0.27262693316631442,0.26684768938658393,0,285416.97085266007,8382.9035200200815,0
2026-08-06,-30,0.27262693316631442,0.28469715868917289,0.27866204592774368,0,59071.849340020031,1396.7153028199755,0
2026-08-06,-29,0.28469715868917289,0.29730177875068026,0.29099946871992655,0,12806.886458309997,33.05316589011656,0
2026-08-06,-28,0.29730177875068026,0.310464453018371,0.30388311588452566,0,9179.1568633700808,340.1744694601436,0
2026-08-06,-27,0.310464453018371,0.32420988866275241,0.31733717084056168,0,49685.233941489991,767.55516768999996,0
2026-08-06,-26,0.32420988866275241,0.33856388673422316,0.33138688769848779,0,17781.600888620018,2.8997281801018122,0
2026-08-06,-22,0.38555270635198519,0.40262258298731357,0.39408764466964941,0,7012.6947650403135,2338.3926258201163,0
2026-08-06,-21,0.40262258298731357,0.42044820762685725,0.41153539530708538,0,131498.33654810005,4.4799198499972714,0
2026-08-06,-16,0.5,0.52213689121370688,0.51106844560685349,0,5021.4490452400487,741.55482006,0
2026-08-07,-46,0.13631346658315721,0.14234857934458645,0.13933102296387184,0,9618.984859799999,0,0
2026-08-07,-45,0.14234857934458645,0.14865088937534013,0.14549973435996327,0,2471.0938067600055,265.83405623000044,0
2026-08-07,-44,0.14865088937534013,0.1552322265091855,0.15194155794226283,0,91014.129318980005,1.131699999999785,0
2026-08-07,-43,0.1552322265091855,0.16210494433137621,0.15866858542028084,155211.35245568003,335598.29611536016,100308.05092132004,0
2026-08-07,-42,0.16210494433137621,0.16928194336711158,0.16569344384924389,40285.540302039954,28212.670129030957,626858.52846822003,0
2026-08-07,-41,0.16928194336711158,0.17677669529663689,0.17302931933187424,67606.494587950423,267171.4453657202,11571079.061903181,0
2026-08-07,-40,0.17677669529663689,0.18460326824243742,0.18068998176953716,359433.38253656006,56141.792497529997,1985045.4509647584,0
2026-08-07,-39,0.18460326824243742,0.19277635317599259,0.18868981070921501,272055.91703727999,1930065.9219066105,1853217.1253653639,0
2026-08-07,-38,0.19277635317599259,0.20131129149365679,0.1970438223348247,39440.975259010018,1997418.8601841803,2870173.8617244102,0
2026-08-07,-37,0.20131129149365679,0.21022410381342863,0.20576769765354269,2677146.3421421493,102342.25267412003,3041815.7569001857,0
2026-08-07,-36,0.21022410381342863,0.21953152004666243,0.21487781193004551,11380.545294090001,46488.2998020901,3936.8890582001582,0
2026-08-07,-35,0.21953152004666243,0.2292510108011678,0.22439126542391513,23849.341134830007,100796.20291518008,6016.9425883302756,0
2026-08-07,-34,0.2292510108011678,0.23940082017464343,0.2343259154879056,1365.8222423800012,22744.461712410008,44112.839490099774,0
2026-08-07,-33,0.23940082017464343,0.25,0.24470041008732171,7063.765419180002,156574.33325025026,3767.0442486298712,0
2026-08-07,-32,0.25,0.26106844560685344,0.25553422280342675,605.94399145,72182.14501162013,289.49320211995541,0
2026-08-07,-31,0.26106844560685344,0.27262693316631442,0.26684768938658393,0,281293.60785118007,8382.9035200200815,0
2026-08-07,-30,0.27262693316631442,0.28469715868917289,0.27866204592774368,0,57479.745650220037,1396.7153028199755,0
2026-08-07,-29,0.28469715868917289,0.29730177875068026,0.29099946871992655,0,12806.322284430022,33.05316589011656,0
2026-08-07,-28,0.29730177875068026,0.310464453018371,0.30388311588452566,0,9134.8968633700806,340.1744694601436,0
2026-08-07,-27,0.310464453018371,0.32420988866275241,0.31733717084056168,0,49685.233940940008,767.55516768999996,0
2026-08-07,-26,0.32420988866275241,0.33856388673422316,0.33138688769848779,0,17781.600888620018,2.8997281801018122,0
2026-08-07,-22,0.38555270635198519,0.40262258298731357,0.39408764466964941,0,7012.6947650403135,2234.2678303801167,0
2026-08-07,-21,0.40262258298731357,0.42044820762685725,0.41153539530708538,0,131498.33654810005,4.4799198499972714,0
2026-08-07,-16,0.5,0.52213689121370688,0.51106844560685349,0,5021.4490452400487,741.55482006,0
2026-08-08,-46,0.13631346658315721,0.14234857934458645,0.13933102296387184,0,9618.984859799999,0,0
2026-08-08,-45,0.14234857934458645,0.14865088937534013,0.14549973435996327,0,2471.0938067600055,265.83405623000044,0
2026-08-08,-44,0.14865088937534013,0.1552322265091855,0.15194155794226283,0,91014.129318980005,1.131699999999785,0
2026-08-08,-43,0.1552322265091855,0.16210494433137621,0.15866858542028084,154814.96528769002,335598.29611536016,100308.05092132004,0
2026-08-08,-42,0.16210494433137621,0.16928194336711158,0.16569344384924389,37323.966927929956,28212.670129030957,626858.52846822003,0
2026-08-08,-41,0.16928194336711158,0.17677669529663689,0.17302931933187424,60798.257447870419,252171.4453657202,11571079.061903181,0
2026-08-08,-40,0.17677669529663689,0.18460326824243742,0.18068998176953716,358417.76768479007,56141.792497529997,1910200.5303499384,0
2026-08-08,-39,0.18460326824243742,0.19277635317599259,0.18868981070921501,242866.95222604985,13206.750542760246,1448040.4402590445,0
2026-08-08,-38,0.19277635317599259,0.20131129149365679,0.1970438223348247,4533191.8006278295,57354.908951440506,3882233.1497484059,0
2026-08-08,-37,0.20131129149365679,0.21022410381342863,0.20576769765354269,975495.66026191995,119040.19047032003,2902521.3328153193,0
2026-08-08,-36,0.21022410381342863,0.21953152004666243,0.21487781193004551,11380.545294090001,46488.2998020901,3936.8890582001582,0
2026-08-08,-35,0.21953152004666243,0.2292510108011678,0.22439126542391513,23846.069946180007,100796.20291518008,6016.9425883302756,0
2026-08-08,-34,0.2292510108011678,0.23940082017464343,0.2343259154879056,1365.8222423800012,22740.18367707001,44112.839490099774,0
2026-08-08,-33,0.23940082017464343,0.25,0.24470041008732171,7063.765419180002,156574.33325025026,3767.0442486298712,0
2026-08-08,-32,0.25,0.26106844560685344,0.25553422280342675,605.94399145,69747.799649980137,289.49320211995541,0
2026-08-08,-31,0.26106844560685344,0.27262693316631442,0.26684768938658393,0,276280.00785118004,8382.9035200200815,0
2026-08-08,-30,0.27262693316631442,0.28469715868917289,0.27866204592774368,0,57479.745650220037,1396.7153028199755,0
2026-08-08,-29,0.28469715868917289,0.29730177875068026,0.29099946871992655,0,12806.322284240021,33.05316589011656,0
2026-08-08,-28,0.29730177875068026,0.310464453018371,0.30388311588452566,0,9134.8968633700806,340.1744694601436,0
2026-08-08,-27,0.310464453018371,0.32420988866275241,0.31733717084056168,0,48841.173799840006,767.55516768999996,0
2026-08-08,-26,0.32420988866275241,0.33856388673422316,0.33138688769848779,0,17781.600888620018,2.8997281801018122,0
2026-08-08,-22,0.38555270635198519,0.40262258298731357,0.39408764466964941,0,7012.6947650403135,2234.2678303801167,0
2026-08-08,-21,0.40262258298731357,0.42044820762685725,0.41153539530708538,0,131498.33654810005,4.4799198499972714,0
2026-08-08,-16,0.5,0.52213689121370688,0.51106844560685349,0,5021.4490452400487,741.55482006,0
2026-08-09,-46,0.13631346658315721,0.14234857934458645,0.13933102296387184,0,9618.984859799999,0,0
2026-08-09,-45,0.14234857934458645,0.14865088937534013,0.14549973435996327,0,2471.0938067600055,265.83405623000044,0
2026-08-09,-44,0.14865088937534013,0.1552322265091855,0.15194155794226283,0,91014.129318980005,1.131699999999785,0
2026-08-09,-43,0.1552322265091855,0.16210494433137621,0.15866858542028084,145417.47363250004,335598.29611536016,99164.983351580042,0
2026-08-09,-42,0.16210494433137621,0.16928194336711158,0.16569344384924389,37167.357214529955,28212.670129030957,626503.09903795994,0
2026-08-09,-41,0.16928194336711158,0.17677669529663689,0.17302931933187424,60785.103325690419,252171.4453657202,11571079.061903181,0
2026-08-09,-40,0.17677669529663689,0.18460326824243742,0.18068998176953716,349233.99231629004,56131.792497529997,1896626.3862149685,0
2026-08-09,-39,0.18460326824243742,0.19277635317599259,0.18868981070921501,239275.98547146984,13206.750542760246,1241439.6349503044,0
2026-08-09,-38,0.19277635317599259,0.20131129149365679,0.1970438223348247,4402821.2968971999,57354.908951440506,4116986.1540301461,0
2026-08-09,-37,0.20131129149365679,0.21022410381342863,0.20576769765354269,800604.77286247013,119040.19047032003,2899711.0490312092,0
2026-08-09,-36,0.21022410381342863,0.21953152004666243,0.21487781193004551,11380.545294090001,46188.2998020901,3936.8890582001582,0
2026-08-09,-35,0.21953152004666243,0.2292510108011678,0.22439126542391513,23458.161783290005,101184.11107807008,6016.9425883302756,0
2026-08-09,-34,0.2292510108011678,0.23940082017464343,0.2343259154879056,1365.8222423800012,22740.18367707001,44112.839490099774,0
2026-08-09,-33,0.23940082017464343,0.25,0.24470041008732171,7063.7654191700021,156559.91325025028,3767.0442486298712,0
2026-08-09,-32,0.25,0.26106844560685344,0.25553422280342675,605.94399145,69747.799649980137,289.49320211995541,0
2026-08-09,-31,0.26106844560685344,0.27262693316631442,0.26684768938658393,0,276280.00785118004,8382.9035200200815,0
2026-08-09,-30,0.27262693316631442,0.28469715868917289,0.27866204592774368,0,57479.745650220037,1396.7153028199755,0
2026-08-09,-29,0.28469715868917289,0.29730177875068026,0.29099946871992655,0,12806.322284240021,33.05316589011656,0
2026-08-09,-28,0.29730177875068026,0.310464453018371,0.30388311588452566,0,9134.8968633700806,340.1744694601436,0
2026-08-09,-27,0.310464453018371,0.32420988866275241,0.31733717084056168,0,48841.173799840006,767.55516768999996,0
2026-08-09,-26,0.32420988866275241,0.33856388673422316,0.33138688769848779,0,17781.600888620018,2.8997281801018122,0
2026-08-09,-22,0.38555270635198519,0.40262258298731357,0.39408764466964941,0,7010.3198210503133,2234.2678303801167,0
2026-08-09,-21,0.40262258298731357,0.42044820762685725,0.41153539530708538,0,131498.33654810005,4.4799198499972714,0
2026-08-09,-16,0.5,0.52213689121370688,0.51106844560685349,0,5021.4490452400487,741.55482006,0
2026-08-10,-46,0.13631346658315721,0.14234857934458645,0.13933102296387184,0,9618.984859799999,0,0
2026-08-10,-45,0.14234857934458645,0.14865088937534013,0.14549973435996327,0,2471.0938067600055,265.83405623000044,0
2026-08-10,-44,0.14865088937534013,0.1552322265091855,0.15194155794226283,0,91014.129318980005,1.131699999999785,0
2026-08-10,-43,0.1552322265091855,0.16210494433137621,0.15866858542028084,145097.47363250004,335598.29611536016,99164.983351580042,0
2026-08-10,-42,0.16210494433137621,0.16928194336711158,0.16569344384924389,37167.357214529955,28212.670129030957,626503.09903795994,0
2026-08-10,-41,0.16928194336711158,0.17677669529663689,0.17302931933187424,60782.145947580422,252171.4453657202,11571079.061903181,0
2026-08-10,-40,0.17677669529663689,0.18460326824243742,0.18068998176953716,73497.868654720049,56131.792497529997,1895591.8662149685,0
2026-08-10,-39,0.18460326824243742,0.19277635317599259,0.18868981070921501,229759.89923962983,13206.750542760246,1215587.9099500102,0
2026-08-10,-38,0.19277635317599259,0.20131129149365679,0.1970438223348247,4380351.8778716596,57354.908951440506,4285140.6877677003,0
2026-08-10,-37,0.20131129149365679,0.21022410381342863,0.20576769765354269,692845.15382645011,118768.19047032003,2899060.5178583595,0
2026-08-10,-36,0.21022410381342863,0.21953152004666243,0.21487781193004551,11380.545294090001,46188.2998020901,3936.8890582001582,0
2026-08-10,-35,0.21953152004666243,0.2292510108011678,0.22439126542391513,23458.161783280004,101184.11107807008,5913.7450267302756,0
2026-08-10,-34,0.2292510108011678,0.23940082017464343,0.2343259154879056,1365.8222423800012,22740.18367707001,44112.839490099774,0
2026-08-10,-33,0.23940082017464343,0.25,0.24470041008732171,5101.8460326800023,158478.43263674027,3767.0442486298712,0
2026-08-10,-32,0.25,0.26106844560685344,0.25553422280342675,605.94399145,69747.799649980137,289.49320211995541,0
2026-08-10,-31,0.26106844560685344,0.27262693316631442,0.26684768938658393,0,276280.00785118004,8382.9035200200815,0
2026-08-10,-30,0.27262693316631442,0.28469715868917289,0.27866204592774368,0,57208.614425220032,1396.7153028199755,0
2026-08-10,-29,0.28469715868917289,0.29730177875068026,0.29099946871992655,0,12806.322284240021,33.05316589011656,0
2026-08-10,-28,0.29730177875068026,0.310464453018371,0.30388311588452566,0,9134.8968633700806,340.1744694601436,0
2026-08-10,-27,0.310464453018371,0.32420988866275241,0.31733717084056168,0,48841.173799840006,767.55516768999996,0
2026-08-10,-26,0.32420988866275241,0.33856388673422316,0.33138688769848779,0,17781.600888620018,2.8997281801018122,0
2026-08-10,-22,0.38555270635198519,0.40262258298731357,0.39408764466964941,0,7010.3198210503133,2234.2678303801167,0
2026-08-10,-21,0.40262258298731357,0.42044820762685725,0.41153539530708538,0,131498.33654810005,4.4799198499972714,0
2026-08-10,-16,0.5,0.52213689121370688,0.51106844560685349,0,5021.4490452400487,741.55482006,0
2026-08-11,-46,0.13631346658315721,0.14234857934458645,0.13933102296387184,0,9618.984859799999,0,0
2026-08-11,-45,0.14234857934458645,0.14865088937534013,0.14549973435996327,0,2471.0938067600055,265.83405623000044,0
2026-08-11,-44,0.14865088937534013,0.1552322265091855,0.15194155794226283,0,91014.129318980005,1.131699999999785,0
2026-08-11,-43,0.1552322265091855,0.16210494433137621,0.15866858542028084,145097.47363250004,335598.29611536016,99164.983351580042,0
2026-08-11,-42,0.16210494433137621,0.16928194336711158,0.16569344384924389,37167.357214529955,28212.670129030957,626456.09903795994,0
2026-08-11,-41,0.16928194336711158,0.17677669529663689,0.17302931933187424,60782.145947580422,221288.69076572021,11571079.061903181,0
2026-08-11,-40,0.17677669529663689,0.18460326824243742,0.18068998176953716,72765.958984190045,56131.792497529997,1895558.8103970785,0
2026-08-11,-39,0.18460326824243742,0.19277635317599259,0.18868981070921501,211979.55544951983,13206.750542760246,1215174.9138523703,0
2026-08-11,-38,0.19277635317599259,0.20131129149365679,0.1970438223348247,4431757.2490076292,57354.908951440506,4281113.69877409,0
2026-08-11,-37,0.20131129149365679,0.21022410381342863,0.20576769765354269,589365.86526676011,118768.19047032003,2896248.5326601695,0
2026-08-11,-36,0.21022410381342863,0.21953152004666243,0.21487781193004551,11380.545294090001,46188.2998020901,3936.8890582001582,0
2026-08-11,-35,0.21953152004666243,0.2292510108011678,0.22439126542391513,23458.161783280004,101184.11107807008,5913.7450267302756,0
2026-08-11,-34,0.2292510108011678,0.23940082017464343,0.2343259154879056,1365.8222423800012,22740.18367707001,44112.839490099774,0
2026-08-11,-33,0.23940082017464343,0.25,0.24470041008732171,222.44174306000227,163357.83692636027,3767.0442486298712,0
2026-08-11,-32,0.25,0.26106844560685344,0.25553422280342675,605.94399145,69747.799649980137,289.49320211995541,0
2026-08-11,-31,0.26106844560685344,0.27262693316631442,0.26684768938658393,0,276239.53785118007,8382.9035200200815,0
2026-08-11,-30,0.27262693316631442,0.28469715868917289,0.27866204592774368,0,57208.614425220032,1396.7153028199755,0
2026-08-11,-29,0.28469715868917289,0.29730177875068026,0.29099946871992655,0,12806.322284240021,33.05316589011656,0
2026-08-11,-28,0.29730177875068026,0.310464453018371,0.30388311588452566,0,9134.8968633700806,340.1744694601436,0
2026-08-11,-27,0.310464453018371,0.32420988866275241,0.31733717084056168,0,48841.173799840006,767.55516768999996,0
2026-08-11,-26,0.32420988866275241,0.33856388673422316,0.33138688769848779,0,17781.600888620018,2.8997281801018122,0
2026-08-11,-22,0.38555270635198519,0.40262258298731357,0.39408764466964941,0,7010.3198210503133,2234.2678303801167,0
2026-08-11,-21,0.40262258298731357,0.42044820762685725,0.41153539530708538,0,131498.33654810005,4.4799198499972714,0
2026-08-11,-16,0.5,0.52213689121370688,0.51106844560685349,0,5021.4490452400487,741.55482006,0
2026-08-12,-46,0.13631346658315721,0.14234857934458645,0.13933102296387184,0,9618.984859799999,0,0
2026-08-12,-45,0.14234857934458645,0.14865088937534013,0.14549973435996327,0,2471.0938067600055,265.83405623000044,0
2026-08-12,-44,0.14865088937534013,0.1552322265091855,0.15194155794226283,0,91014.129318980005,1.131699999999785,0
2026-08-12,-43,0.1552322265091855,0.16210494433137621,0.15866858542028084,145097.47363250004,335598.29611536016,99164.983351580042,0
2026-08-12,-42,0.16210494433137621,0.16928194336711158,0.16569344384924389,37167.357214529955,28212.670129030957,626456.09903795994,0
2026-08-12,-41,0.16928194336711158,0.17677669529663689,0.17302931933187424,60650.990904630424,162288.69076572021,11571069.061903181,0
2026-08-12,-40,0.17677669529663689,0.18460326824243742,0.18068998176953716,72510.958984190045,56131.792497529997,1892979.2203996086,0
2026-08-12,-39,0.18460326824243742,0.19277635317599259,0.18868981070921501,211550.53552437984,13206.750542760246,1215174.9138523703,0
2026-08-12,-38,0.19277635317599259,0.20131129149365679,0.1970438223348247,4488038.6341698794,57354.908951440506,4314859.8417035099,0
2026-08-12,-37,0.20131129149365679,0.21022410381342863,0.20576769765354269,547992.79752047011,118768.19047032003,2892980.6153032193,0
2026-08-12,-36,0.21022410381342863,0.21953152004666243,0.21487781193004551,11380.545294090001,46038.2998020901,3936.8890582001582,0
2026-08-12,-35,0.21953152004666243,0.2292510108011678,0.22439126542391513,23458.161783280004,101184.11107807008,5913.7450267302756,0
2026-08-12,-34,0.2292510108011678,0.23940082017464343,0.2343259154879056,1365.8222423800012,22740.18367707001,44112.839490099774,0
2026-08-12,-33,0.23940082017464343,0.25,0.24470041008732171,0,163288.04152642027,3767.0442486298712,0
2026-08-12,-32,0.25,0.26106844560685344,0.25553422280342675,605.94399145,69747.799649980137,289.49320211995541,0
2026-08-12,-31,0.26106844560685344,0.27262693316631442,0.26684768938658393,0,276239.53785118007,8382.9035200200815,0
2026-08-12,-30,0.27262693316631442,0.28469715868917289,0.27866204592774368,0,57208.614425220032,1396.7153028199755,0
2026-08-12,-29,0.28469715868917289,0.29730177875068026,0.29099946871992655,0,12806.322284240021,33.05316589011656,0
2026-08-12,-28,0.29730177875068026,0.310464453018371,0.30388311588452566,0,9134.8968633700806,340.1744694601436,0
2026-08-12,-27,0.310464453018371,0.32420988866275241,0.31733717084056168,0,48841.173799840006,767.55516768999996,0
2026-08-12,-26,0.32420988866275241,0.33856388673422316,0.33138688769848779,0,17781.600888620018,2.8997281801018122,0
2026-08-12,-22,0.38555270635198519,0.40262258298731357,0.39408764466964941,0,7010.3198210503133,2234.2678303801167,0
2026-08-12,-21,0.40262258298731357,0.42044820762685725,0.41153539530708538,0,131498.33654810005,4.4799198499972714,0
2026-08-12,-16,0.5,0.52213689121370688,0.51106844560685349,0,5021.4490452400487,741.55482006,0
2026-08-13,-46,0.13631346658315721,0.14234857934458645,0.13933102296387184,0,9618.984859799999,0,0
2026-08-13,-45,0.14234857934458645,0.14865088937534013,0.14549973435996327,0,2471.0938067600055,265.83405623000044,0
2026-08-13,-44,0.14865088937534013,0.1552322265091855,0.15194155794226283,0,91014.129318980005,1.131699999999785,0
2026-08-13,-43,0.1552322265091855,0.16210494433137621,0.15866858542028084,145097.47363250004,335598.29611536016,99164.983351580042,0
2026-08-13,-42,0.16210494433137621,0.16928194336711158,0.16569344384924389,37167.357214529955,28212.670129030957,626456.09903795994,0
2026-08-13,-41,0.16928194336711158,0.17677669529663689,0.17302931933187424,59434.762531220425,162288.69076572021,11571069.061903181,0
2026-08-13,-40,0.17677669529663689,0.18460326824243742,0.18068998176953716,72258.611860990044,56131.792497529997,1877546.6438766886,0
2026-08-13,-39,0.18460326824243742,0.19277635317599259,0.18868981070921501,325658.39948556962,13206.750542760246,1352253.1378454803,0
2026-08-13,-38,0.19277635317599259,0.20131129149365679,0.1970438223348247,4398263.1628914895,57341.778951440501,4089776.4956420199,0
2026-08-13,-37,0.20131129149365679,0.21022410381342863,0.20576769765354269,535289.76747089007,118761.06105032002,2877532.5922311894,0
2026-08-13,-36,0.21022410381342863,0.21953152004666243,0.21487781193004551,11380.545294090001,46038.2998020901,3936.8890582001582,0
2026-08-13,-35,0.21953152004666243,0.2292510108011678,0.22439126542391513,23458.161783280004,101184.11107807008,5913.7450267302756,0
2026-08-13,-34,0.2292510108011678,0.23940082017464343,0.2343259154879056,1365.8222423800012,22740.18367707001,44112.839490099774,0
2026-08-13,-33,0.23940082017464343,0.25,0.24470041008732171,0,163288.04152642027,3767.0442486298712,0
2026-08-13,-32,0.25,0.26106844560685344,0.25553422280342675,0,70353.743641430134,289.49320211995541,0
2026-08-13,-31,0.26106844560685344,0.27262693316631442,0.26684768938658393,0,276226.98785118008,8382.9035200200815,0
2026-08-13,-30,0.27262693316631442,0.28469715868917289,0.27866204592774368,0,57208.614425220032,1396.7153028199755,0
2026-08-13,-29,0.28469715868917289,0.29730177875068026,0.29099946871992655,0,12806.322284240021,33.05316589011656,0
2026-08-13,-28,0.29730177875068026,0.310464453018371,0.30388311588452566,0,8784.8968633700806,340.1744694601436,0
2026-08-13,-27,0.310464453018371,0.32420988866275241,0.31733717084056168,0,48841.173799840006,767.55516768999996,0
2026-08-13,-26,0.32420988866275241,0.33856388673422316,0.33138688769848779,0,17781.600888620018,2.8997281801018122,0
2026-08-13,-22,0.38555270635198519,0.40262258298731357,0.39408764466964941,0,7010.3198210503133,2234.2678303801167,0
2026-08-13,-21,0.40262258298731357,0.42044820762685725,0.41153539530708538,0,131498.33654810005,4.4799198499972714,0
2026-08-13,-16,0.5,0.52213689121370688,0.51106844560685349,0,5021.4490452400487,741.55482006,0
2026-08-14,-46,0.13631346658315721,0.14234857934458645,0.13933102296387184,0,9618.984859799999,0,0
2026-08-14,-45,0.14234857934458645,0.14865088937534013,0.14549973435996327,0,2471.0938067600055,265.83405623000044,0
2026-08-14,-44,0.14865088937534013,0.1552322265091855,0.15194155794226283,0,91014.129318980005,1.131699999999785,0
2026-08-14,-43,0.1552322265091855,0.16210494433137621,0.15866858542028084,145097.47363250004,335598.29611536016,99164.983351580042,0
2026-08-14,-42,0.16210494433137621,0.16928194336711158,0.16569344384924389,32303.447614529952,28212.670129030957,626456.09903795994,0
2026-08-14,-41,0.16928194336711158,0.17677669529663689,0.17302931933187424,58482.816517000421,162288.69076572021,11571069.061903181,0
2026-08-14,-40,0.17677669529663689,0.18460326824243742,0.18068998176953716,187563.58243421972,56131.792497529997,2055140.9055001042,0
2026-08-14,-39,0.18460326824243742,0.19277635317599259,0.18868981070921501,286323.66153077985,13206.750542760246,1263401.2402338802,0
2026-08-14,-38,0.19277635317599259,0.20131129149365679,0.1970438223348247,4310432.37299647,57341.778951440501,3777756.3693070235,0
2026-08-14,-37,0.20131129149365679,0.21022410381342863,0.20576769765354269,532918.92013530014,118761.06105032002,2873812.1392807201,0
2026-08-14,-36,0.21022410381342863,0.21953152004666243,0.21487781193004551,11380.545294090001,45878.2998020901,3936.8890582001582,0
2026-08-14,-35,0.21953152004666243,0.2292510108011678,0.22439126542391513,23458.161783280004,101184.11107807008,5913.7450267302756,0
2026-08-14,-34,0.2292510108011678,0.23940082017464343,0.2343259154879056,0,24106.00591945001,44112.839490099774,0
2026-08-14,-33,0.23940082017464343,0.25,0.24470041008732171,0,162797.51864403024,3767.0442486298712,0
2026-08-14,-32,0.25,0.26106844560685344,0.25553422280342675,0,70353.743641430134,289.49320211995541,0
2026-08-14,-31,0.26106844560685344,0.27262693316631442,0.26684768938658393,0,276190.50785118004,8382.9035200200815,0
2026-08-14,-30,0.27262693316631442,0.28469715868917289,0.27866204592774368,0,57208.614425220032,1396.7153028199755,0
2026-08-14,-29,0.28469715868917289,0.29730177875068026,0.29099946871992655,0,12806.322284240021,33.05316589011656,0
2026-08-14,-28,0.29730177875068026,0.310464453018371,0.30388311588452566,0,8711.6097457600954,340.1744694601436,0
2026-08-14,-27,0.310464453018371,0.32420988866275241,0.31733717084056168,0,48841.173799840006,767.55516768999996,0
2026-08-14,-26,0.32420988866275241,0.33856388673422316,0.33138688769848779,0,17781.600888620018,2.8997281801018122,0
2026-08-14,-22,0.38555270635198519,0.40262258298731357,0.39408764466964941,0,7010.3198210503133,2234.2678303801167,0
2026-08-14,-21,0.40262258298731357,0.42044820762685725,0.41153539530708538,0,131498.33654810005,4.4799198499972714,0
2026-08-14,-16,0.5,0.52213689121370688,0.51106844560685349,0,5021.4490452400487,741.55482006,0
2026-08-15,-46,0.13631346658315721,0.14234857934458645,0.13933102296387184,0,9618.984859799999,0,0
2026-08-15,-45,0.14234857934458645,0.14865088937534013,0.14549973435996327,0,2471.0938067600055,265.83405623000044,0
2026-08-15,-44,0.14865088937534013,0.1552322265091855,0.15194155794226283,0,91014.129318980005,1.131699999999785,0
2026-08-15,-43,0.1552322265091855,0.16210494433137621,0.15866858542028084,145097.47363250004,335598.29611536016,99164.983351580042,0
2026-08-15,-42,0.16210494433137621,0.16928194336711158,0.16569344384924389,32283.971067979954,28212.670129030957,626456.09903795994,0
2026-08-15,-41,0.16928194336711158,0.17677669529663689,0.17302931933187424,136209.88108253037,162288.69076572021,11664773.619673211,0
2026-08-15,-40,0.17677669529663689,0.18460326824243742,0.18068998176953716,147664.01674728983,56131.792497529997,1978058.5934230941,0
2026-08-15,-39,0.18460326824243742,0.19277635317599259,0.18868981070921501,263188.51335816988,13206.750542760246,1263387.2596018703,0
2026-08-15,-38,0.19277635317599259,0.20131129149365679,0.1970438223348247,4187932.8657752802,57335.430489440507,3602310.5745582939,0
2026-08-15,-37,0.20131129149365679,0.21022410381342863,0.20576769765354269,518146.86813133012,118761.06105032002,2873795.9704398299,0
2026-08-15,-36,0.21022410381342863,0.21953152004666243,0.21487781193004551,10080.831774999999,47007.794495390102,3936.8890582001582,0
2026-08-15,-35,0.21953152004666243,0.2292510108011678,0.22439126542391513,23458.161783280004,101184.11107807008,5913.7450267302756,0
2026-08-15,-34,0.2292510108011678,0.23940082017464343,0.2343259154879056,0,24106.00591945001,44112.839490099774,0
2026-08-15,-33,0.23940082017464343,0.25,0.24470041008732171,0,162797.51864403024,3767.0442486298712,0
2026-08-15,-32,0.25,0.26106844560685344,0.25553422280342675,0,70353.743641430134,289.49320211995541,0
2026-08-15,-31,0.26106844560685344,0.27262693316631442,0.26684768938658393,0,276177.69647643005,8382.9035200200815,0
2026-08-15,-30,0.27262693316631442,0.28469715868917289,0.27866204592774368,0,57208.614425220032,1396.7153028199755,0
2026-08-15,-29,0.28469715868917289,0.29730177875068026,0.29099946871992655,0,12806.322284240021,33.05316589011656,0
2026-08-15,-28,0.29730177875068026,0.310464453018371,0.30388311588452566,0,8711.6097457600954,340.1744694601436,0
2026-08-15,-27,0.310464453018371,0.32420988866275241,0.31733717084056168,0,48841.173799840006,767.55516768999996,0
2026-08-15,-26,0.32420988866275241,0.33856388673422316,0.33138688769848779,0,17781.600888620018,2.8997281801018122,0
2026-08-15,-22,0.38555270635198519,0.40262258298731357,0.39408764466964941,0,7010.3198210503133,2234.2678303801167,0
2026-08-15,-21,0.40262258298731357,0.42044820762685725,0.41153539530708538,0,131498.33654810005,4.4799198499972714,0
2026-08-15,-16,0.5,0.52213689121370688,0.51106844560685349,0,5021.4490452400487,741.55482006,0
2026-08-16,-46,0.13631346658315721,0.14234857934458645,0.13933102296387184,0,9618.984859799999,0,0
2026-08-16,-45,0.14234857934458645,0.14865088937534013,0.14549973435996327,0,2471.0938067600055,265.83405623000044,0
2026-08-16,-44,0.14865088937534013,0.1552322265091855,0.15194155794226283,0,91014.129318980005,1.131699999999785,0
2026-08-16,-43,0.1552322265091855,0.16210494433137621,0.15866858542028084,145097.47363250004,335598.29611536016,99164.983351580042,0
2026-08-16,-42,0.16210494433137621,0.16928194336711158,0.16569344384924389,31942.246993849956,28212.670129030957,626456.09903795994,0
2026-08-16,-41,0.16928194336711158,0.17677669529663689,0.17302931933187424,245130.51739654038,161706.23076572019,11738470.468463467,0
2026-08-16,-40,0.17677669529663689,0.18460326824243742,0.18068998176953716,136095.66141688984,56131.792497529997,1932629.7853865086,0
2026-08-16,-39,0.18460326824243742,0.19277635317599259,0.18868981070921501,229802.01392021985,13206.750542760246,1260249.3473080804,0
2026-08-16,-38,0.19277635317599259,0.20131129149365679,0.1970438223348247,4178371.4674759102,57335.430489440507,3508392.4254764537,0
2026-08-16,-37,0.20131129149365679,0.21022410381342863,0.20576769765354269,500534.14084905008,125553.08642649002,2854193.3533464498,0
2026-08-16,-36,0.21022410381342863,0.21953152004666243,0.21487781193004551,10080.831774999999,47007.794495390102,3936.8890582001582,0
2026-08-16,-35,0.21953152004666243,0.2292510108011678,0.22439126542391513,23458.161783280004,101184.11107807008,5913.7450267302756,0
2026-08-16,-34,0.2292510108011678,0.23940082017464343,0.2343259154879056,0,24106.00591945001,44112.839490099774,0
2026-08-16,-33,0.23940082017464343,0.25,0.24470041008732171,0,162797.51864403024,3767.0442486298712,0
2026-08-16,-32,0.25,0.26106844560685344,0.25553422280342675,0,70353.743641430134,289.49320211995541,0
2026-08-16,-31,0.26106844560685344,0.27262693316631442,0.26684768938658393,0,276104.14647643006,8382.9035200200815,0
2026-08-16,-30,0.27262693316631442,0.28469715868917289,0.27866204592774368,0,57208.614425220032,1396.7153028199755,0
2026-08-16,-29,0.28469715868917289,0.29730177875068026,0.29099946871992655,0,12806.322284240021,33.05316589011656,0
2026-08-16,-28,0.29730177875068026,0.310464453018371,0.30388311588452566,0,8711.6097457600954,340.1744694601436,0
2026-08-16,-27,0.310464453018371,0.32420988866275241,0.31733717084056168,0,48791.173799840006,767.55516768999996,0
2026-08-16,-26,0.32420988866275241,0.33856388673422316,0.33138688769848779,0,17781.600888620018,2.8997281801018122,0
2026-08-16,-22,0.38555270635198519,0.40262258298731357,0.39408764466964941,0,7010.3198210503133,2234.2678303801167,0
2026-08-16,-21,0.40262258298731357,0.42044820762685725,0.41153539530708538,0,131498.33654810005,4.4799198499972714,0
2026-08-16,-16,0.5,0.52213689121370688,0.51106844560685349,0,5021.4490452400487,741.55482006,0
2026-08-17,-46,0.13631346658315721,0.14234857934458645,0.13933102296387184,0,9618.984859799999,0,0
2026-08-17,-45,0.14234857934458645,0.14865088937534013,0.14549973435996327,0,2471.0938067600055,265.83405623000044,0
2026-08-17,-44,0.14865088937534013,0.1552322265091855,0.15194155794226283,0,91014.129318980005,1.131699999999785,0
2026-08-17,-43,0.1552322265091855,0.16210494433137621,0.15866858542028084,145097.47363250004,335545.27084184019,99164.983351580042,0
2026-08-17,-42,0.16210494433137621,0.16928194336711158,0.16569344384924389,27155.904824799956,28165.151346630955,626456.09903795994,0
2026-08-17,-41,0.16928194336711158,0.17677669529663689,0.17302931933187424,324988.99129802041,125448.3474657202,11771220.649148647,0
2026-08-17,-40,0.17677669529663689,0.18460326824243742,0.18068998176953716,103366.29118643983,56131.792497529997,1925270.5153865085,0
2026-08-17,-39,0.18460326824243742,0.19277635317599259,0.18868981070921501,217840.34165636986,13206.750542760246,1260209.5392334203,0
2026-08-17,-38,0.19277635317599259,0.20131129149365679,0.1970438223348247,4171907.9096123199,57845.939540590509,3397103.6808093637,0
2026-08-17,-37,0.20131129149365679,0.21022410381342863,0.20576769765354269,496122.43454689009,125553.08642649002,2853730.2188992701,0
2026-08-17,-36,0.21022410381342863,0.21953152004666243,0.21487781193004551,10080.831774999999,47007.794495390102,3936.8890582001582,0
2026-08-17,-35,0.21953152004666243,0.2292510108011678,0.22439126542391513,23458.161783280004,101184.11107807008,5913.7450267302756,0
2026-08-17,-34,0.2292510108011678,0.23940082017464343,0.2343259154879056,0,24106.00591945001,44112.839490099774,0
2026-08-17,-33,0.23940082017464343,0.25,0.24470041008732171,0,162784.84864403025,3767.0442486298712,0
2026-08-17,-32,0.25,0.26106844560685344,0.25553422280342675,0,70353.743641430134,289.49320211995541,0
2026-08-17,-31,0.26106844560685344,0.27262693316631442,0.26684768938658393,0,276104.14647643006,8382.9035200200815,0
2026-08-17,-30,0.27262693316631442,0.28469715868917289,0.27866204592774368,0,57208.614425220032,1396.7153028199755,0
2026-08-17,-29,0.28469715868917289,0.29730177875068026,0.29099946871992655,0,12806.322284240021,33.05316589011656,0
2026-08-17,-28,0.29730177875068026,0.310464453018371,0.30388311588452566,0,8711.6097457600954,340.1744694601436,0
2026-08-17,-27,0.310464453018371,0.32420988866275241,0.31733717084056168,0,48791.173799840006,767.55516768999996,0
2026-08-17,-26,0.32420988866275241,0.33856388673422316,0.33138688769848779,0,17781.600888620018,2.8997281801018122,0
2026-08-17,-22,0.38555270635198519,0.40262258298731357,0.39408764466964941,0,7010.3198210503133,2234.2678303801167,0
2026-08-17,-21,0.40262258298731357,0.42044820762685725,0.41153539530708538,0,131498.33654810005,4.4799198499972714,0
2026-08-17,-16,0.5,0.52213689121370688,0.51106844560685349,0,5021.4490452400487,741.55482006,0
2026-08-18,-46,0.13631346658315721,0.14234857934458645,0.13933102296387184,0,9618.984859799999,0,0
2026-08-18,-45,0.14234857934458645,0.14865088937534013,0.14549973435996327,0,2471.0938067600055,265.83405623000044,0
2026-08-18,-44,0.14865088937534013,0.1552322265091855,0.15194155794226283,0,91014.129318980005,1.131699999999785,0
2026-08-18,-43,0.1552322265091855,0.16210494433137621,0.15866858542028084,145097.47363250004,335545.27084184019,99164.983351580042,0
2026-08-18,-42,0.16210494433137621,0.16928194336711158,0.16569344384924389,27155.904824799956,28165.151346630955,626389.17203796003,0
2026-08-18,-41,0.16928194336711158,0.17677669529663689,0.17302931933187424,365627.37734460039,125448.3474657202,11823198.129856316,0
2026-08-18,-40,0.17677669529663689,0.18460326824243742,0.18068998176953716,81455.748838379834,56131.792497529997,1922417.5085740786,0
2026-08-18,-39,0.18460326824243742,0.19277635317599259,0.18868981070921501,215343.63198974985,13206.750542760246,1257707.5011794204,0
2026-08-18,-38,0.19277635317599259,0.20131129149365679,0.1970438223348247,4169392.16308446,59473.350054490504,3325665.9183582035,0
2026-08-18,-37,0.20131129149365679,0.21022410381342863,0.20576769765354269,491580.84458991012,125553.08642649002,2853725.7939943797,0
2026-08-18,-36,0.21022410381342863,0.21953152004666243,0.21487781193004551,10080.831774999999,47007.794495390102,3936.8890582001582,0
2026-08-18,-35,0.21953152004666243,0.2292510108011678,0.22439126542391513,23458.161783280004,100771.34228403008,5913.7450267302756,0
2026-08-18,-34,0.2292510108011678,0.23940082017464343,0.2343259154879056,0,24057.95728847001,44112.839490099774,0
2026-08-18,-33,0.23940082017464343,0.25,0.24470041008732171,0,161919.79864403026,3767.0442486298712,0
2026-08-18,-32,0.25,0.26106844560685344,0.25553422280342675,0,70353.743641430134,289.49320211995541,0
2026-08-18,-31,0.26106844560685344,0.27262693316631442,0.26684768938658393,0,276083.85647643008,8382.9035200200815,0
2026-08-18,-30,0.27262693316631442,0.28469715868917289,0.27866204592774368,0,57208.614425220032,1396.7153028199755,0
2026-08-18,-29,0.28469715868917289,0.29730177875068026,0.29099946871992655,0,12806.322284240021,33.05316589011656,0
2026-08-18,-28,0.29730177875068026,0.310464453018371,0.30388311588452566,0,8711.6097457600954,340.1744694601436,0
2026-08-18,-27,0.310464453018371,0.32420988866275241,0.31733717084056168,0,48791.173799840006,767.55516768999996,0
2026-08-18,-26,0.32420988866275241,0.33856388673422316,0.33138688769848779,0,17781.600888620018,2.8997281801018122,0
2026-08-18,-22,0.38555270635198519,0.40262258298731357,0.39408764466964941,0,7010.3198210503133,2234.2678303801167,0
2026-08-18,-21,0.40262258298731357,0.42044820762685725,0.41153539530708538,0,131498.33654810005,4.4799198499972714,0
2026-08-18,-16,0.5,0.52213689121370688,0.51106844560685349,0,5021.4490452400487,741.55482006,0
2026-08-19,-46,0.13631346658315721,0.14234857934458645,0.13933102296387184,0,9618.984859799999,0,0
2026-08-19,-45,0.14234857934458645,0.14865088937534013,0.14549973435996327,0,2471.0938067600055,265.83405623000044,0
2026-08-19,-44,0.14865088937534013,0.1552322265091855,0.15194155794226283,0,91014.129318980005,1.131699999999785,0
2026-08-19,-43,0.1552322265091855,0.16210494433137621,0.15866858542028084,145091.31254715004,335545.27084184019,99164.983351580042,0
2026-08-19,-42,0.16210494433137621,0.16928194336711158,0.16569344384924389,27152.035649109956,28165.151346630955,626389.17203796003,0
2026-08-19,-41,0.16928194336711158,0.17677669529663689,0.17302931933187424,306758.59196949028,125448.3474657202,11749968.435621627,0
2026-08-19,-40,0.17677669529663689,0.18460326824243742,0.18068998176953716,166246.36501351991,56131.792497529997,2034298.1489589086,0
2026-08-19,-39,0.18460326824243742,0.19277635317599259,0.18868981070921501,213570.85757358983,13206.750542760246,1257693.8389819299,0
2026-08-19,-38,0.19277635317599259,0.20131129149365679,0.1970438223348247,4163637.4947329401,61476.138087440508,3242951.3445734843,0
2026-08-19,-37,0.20131129149365679,0.21022410381342863,0.20576769765354269,491429.14987777011,125532.78801775002,2853709.7112239897,0
2026-08-19,-36,0.21022410381342863,0.21953152004666243,0.21487781193004551,10080.831774999999,47007.794495390102,3936.8890582001582,0
2026-08-19,-35,0.21953152004666243,0.2292510108011678,0.22439126542391513,23458.161783280004,100771.34228403008,5913.7450267302756,0
2026-08-19,-34,0.2292510108011678,0.23940082017464343,0.2343259154879056,0,24057.95728847001,44112.839490099774,0
2026-08-19,-33,0.23940082017464343,0.25,0.24470041008732171,0,160498.22152642027,3767.0442486298712,0
2026-08-19,-32,0.25,0.26106844560685344,0.25553422280342675,0,70269.770759040126,289.49320211995541,0
2026-08-19,-31,0.26106844560685344,0.27262693316631442,0.26684768938658393,0,276083.85647643008,8382.9035200200815,0
2026-08-19,-30,0.27262693316631442,0.28469715868917289,0.27866204592774368,0,57208.614425220032,1396.7153028199755,0
2026-08-19,-29,0.28469715868917289,0.29730177875068026,0.29099946871992655,0,12806.322284240021,33.05316589011656,0
2026-08-19,-28,0.29730177875068026,0.310464453018371,0.30388311588452566,0,8711.6097457600954,340.1744694601436,0
2026-08-19,-27,0.310464453018371,0.32420988866275241,0.31733717084056168,0,48791.173799840006,767.55516768999996,0
2026-08-19,-26,0.32420988866275241,0.33856388673422316,0.33138688769848779,0,17781.600888620018,2.8997281801018122,0
2026-08-19,-22,0.38555270635198519,0.40262258298731357,0.39408764466964941,0,6992.403220680314,2234.2678303801167,0
2026-08-19,-21,0.40262258298731357,0.42044820762685725,0.41153539530708538,0,131498.33654810005,4.4799198499972714,0
2026-08-19,-16,0.5,0.52213689121370688,0.51106844560685349,0,5021.4490452400487,741.55482006,0
2026-08-20,-46,0.13631346658315721,0.14234857934458645,0.13933102296387184,0,9618.984859799999,0,0
2026-08-20,-45,0.14234857934458645,0.14865088937534013,0.14549973435996327,0,2471.0938067600055,265.83405623000044,0
2026-08-20,-44,0.14865088937534013,0.1552322265091855,0.15194155794226283,0,91014.129318980005,1.131699999999785,0
2026-08-20,-43,0.1552322265091855,0.16210494433137621,0.15866858542028084,145091.31254715004,335545.27084184019,99164.983351580042,0
2026-08-20,-42,0.16210494433137621,0.16928194336711158,0.16569344384924389,27152.035648289955,28141.164105910957,626301.26303796005,0
2026-08-20,-41,0.16928194336711158,0.17677669529663689,0.17302931933187424,273641.18669962027,125447.47873261019,11720067.122748241,0
2026-08-20,-40,0.17677669529663689,0.18460326824243742,0.18068998176953716,119469.13367832989,56131.792497529997,1937574.397492328,0
2026-08-20,-39,0.18460326824243742,0.19277635317599259,0.18868981070921501,313335.1176953399,14288.199219760247,2650482.5067612263,0
2026-08-20,-38,0.19277635317599259,0.20131129149365679,0.1970438223348247,4150254.84516552,61473.08350778051,3062532.3521098443,0
2026-08-20,-37,0.20131129149365679,0.21022410381342863,0.20576769765354269,467441.66706923011,125532.78801775002,2853706.5433028899,0
2026-08-20,-36,0.21022410381342863,0.21953152004666243,0.21487781193004551,10080.831774999999,47007.794495390102,3936.8890582001582,0
2026-08-20,-35,0.21953152004666243,0.2292510108011678,0.22439126542391513,23458.161783280004,100771.34228403008,5913.7450267302756,0
2026-08-20,-34,0.2292510108011678,0.23940082017464343,0.2343259154879056,0,24057.95728847001,44112.839490099774,0
2026-08-20,-33,0.23940082017464343,0.25,0.24470041008732171,0,160354.83110133026,3767.0442486298712,0
2026-08-20,-32,0.25,0.26106844560685344,0.25553422280342675,0,70269.770759040126,289.49320211995541,0
2026-08-20,-31,0.26106844560685344,0.27262693316631442,0.26684768938658393,0,276083.85647643008,8382.9035200200815,0
2026-08-20,-30,0.27262693316631442,0.28469715868917289,0.27866204592774368,0,57206.383509930034,1396.7153028199755,0
2026-08-20,-29,0.28469715868917289,0.29730177875068026,0.29099946871992655,0,12806.322284240021,33.05316589011656,0
2026-08-20,-28,0.29730177875068026,0.310464453018371,0.30388311588452566,0,8711.6097457600954,340.1744694601436,0
2026-08-20,-27,0.310464453018371,0.32420988866275241,0.31733717084056168,0,48791.173799840006,767.55516768999996,0
2026-08-20,-26,0.32420988866275241,0.33856388673422316,0.33138688769848779,0,17781.600888620018,2.8997281801018122,0
2026-08-20,-22,0.38555270635198519,0.40262258298731357,0.39408764466964941,0,6930.8136176803137,2234.2678303801167,0
2026-08-20,-21,0.40262258298731357,0.42044820762685725,0.41153539530708538,0,131498.33654810005,4.4799198499972714,0
2026-08-20,-16,0.5,0.52213689121370688,0.51106844560685349,0,5021.4490452400487,741.55482006,0
2026-08-21,-46,0.13631346658315721,0.14234857934458645,0.13933102296387184,0,9618.984859799999,0,0
2026-08-21,-45,0.14234857934458645,0.14865088937534013,0.14549973435996327,0,1676.9054629400055,265.83405623000044,0
2026-08-21,-44,0.14865088937534013,0.1552322265091855,0.15194155794226283,0,91014.129318980005,1.131699999999785,0
2026-08-21,-43,0.1552322265091855,0.16210494433137621,0.15866858542028084,145080.14117003002,335535.79145252018,99164.983351580042,0
2026-08-21,-42,0.16210494433137621,0.16928194336711158,0.16569344384924389,27010.838899609953,27832.589943650957,626301.26303796005,0
2026-08-21,-41,0.16928194336711158,0.17677669529663689,0.17302931933187424,260266.46046781028,125322.2008952802,11720067.122748241,0
2026-08-21,-40,0.17677669529663689,0.18460326824243742,0.18068998176953716,118278.94865668988,55911.092653039996,1934566.0343121181,0
2026-08-21,-39,0.18460326824243742,0.19277635317599259,0.18868981070921501,353323.59978587989,14723.575580860246,2707955.3658806463,0
2026-08-21,-38,0.19277635317599259,0.20131129149365679,0.1970438223348247,4149395.1523825401,61215.576914830512,2954315.9512302941,0
2026-08-21,-37,0.20131129149365679,0.21022410381342863,0.20576769765354269,435701.52943253011,125412.22392133002,2853597.8191144597,0
2026-08-21,-36,0.21022410381342863,0.21953152004666243,0.21487781193004551,10075.856226979999,46124.446223470106,3936.8890582001582,0
2026-08-21,-35,0.21953152004666243,0.2292510108011678,0.22439126542391513,23358.161783280004,100294.25108103009,5913.7450267302756,0
2026-08-21,-34,0.2292510108011678,0.23940082017464343,0.2343259154879056,0,24012.439956500013,44112.839490099774,0
2026-08-21,-33,0.23940082017464343,0.25,0.24470041008732171,0,160185.97615374025,3767.0442486298712,0
2026-08-21,-32,0.25,0.26106844560685344,0.25553422280342675,0,70074.212059530124,289.49320211995541,0
2026-08-21,-31,0.26106844560685344,0.27262693316631442,0.26684768938658393,0,276043.27647643007,8382.9035200200815,0
2026-08-21,-30,0.27262693316631442,0.28469715868917289,0.27866204592774368,0,57206.383509930034,1396.7153028199755,0
2026-08-21,-29,0.28469715868917289,0.29730177875068026,0.29099946871992655,0,12692.833084790022,33.05316589011656,0
2026-08-21,-28,0.29730177875068026,0.310464453018371,0.30388311588452566,0,8711.6097457600954,340.1744694601436,0
2026-08-21,-27,0.310464453018371,0.32420988866275241,0.31733717084056168,0,48785.821181060004,767.55516768999996,0
2026-08-21,-26,0.32420988866275241,0.33856388673422316,0.33138688769848779,0,17735.873534070015,2.8997281801018122,0
2026-08-21,-22,0.38555270635198519,0.40262258298731357,0.39408764466964941,0,6902.9591056803138,2234.2678303801167,0
2026-08-21,-21,0.40262258298731357,0.42044820762685725,0.41153539530708538,0,131498.33654810005,4.4799198499972714,0
2026-08-21,-16,0.5,0.52213689121370688,0.51106844560685349,0,5021.4490452400487,741.55482006,0
2026-08-22,-46,0.13631346658315721,0.14234857934458645,0.13933102296387184,0,9618.984859799999,0,0
2026-08-22,-45,0.14234857934458645,0.14865088937534013,0.14549973435996327,0,1676.9054629400055,265.83405623000044,0
2026-08-22,-44,0.14865088937534013,0.1552322265091855,0.15194155794226283,0,91014.129318980005,1.131699999999785,0
2026-08-22,-43,0.1552322265091855,0.16210494433137621,0.15866858542028084,145080.14117003002,335535.79145252018,99164.983351580042,0
2026-08-22,-42,0.16210494433137621,0.16928194336711158,0.16569344384924389,27010.838899609953,27832.589943650957,626301.26303796005,0
2026-08-22,-41,0.16928194336711158,0.17677669529663689,0.17302931933187424,365939.70917207026,125322.2008952802,12204684.835855486,0
2026-08-22,-40,0.17677669529663689,0.18460326824243742,0.18068998176953716,85867.080279130038,61661.000267389994,1839034.3746672585,0
2026-08-22,-39,0.18460326824243742,0.19277635317599259,0.18868981070921501,271591.60850514984,13122.779756110245,2601689.8046233403,0
2026-08-22,-38,0.19277635317599259,0.20131129149365679,0.1970438223348247,4133704.30062054,61215.576914830512,2683258.389036804,0
2026-08-22,-37,0.20131129149365679,0.21022410381342863,0.20576769765354269,393246.55484991008,125351.13514553002,2853490.05387537,0
2026-08-22,-36,0.21022410381342863,0.21953152004666243,0.21487781193004551,10075.856226979999,45824.446223470106,3936.8890582001582,0
2026-08-22,-35,0.21953152004666243,0.2292510108011678,0.22439126542391513,23326.234388280005,100294.25108103009,5913.7450267302756,0
2026-08-22,-34,0.2292510108011678,0.23940082017464343,0.2343259154879056,0,24012.439956500013,44112.839490099774,0
2026-08-22,-33,0.23940082017464343,0.25,0.24470041008732171,0,159407.69475111028,3767.0442486298712,0
2026-08-22,-32,0.25,0.26106844560685344,0.25553422280342675,0,69889.388281530119,289.49320211995541,0
2026-08-22,-31,0.26106844560685344,0.27262693316631442,0.26684768938658393,0,275763.62599386007,8382.9035200200815,0
2026-08-22,-30,0.27262693316631442,0.28469715868917289,0.27866204592774368,0,57206.383509930034,1396.7153028199755,0
2026-08-22,-29,0.28469715868917289,0.29730177875068026,0.29099946871992655,0,12692.833084790022,33.05316589011656,0
2026-08-22,-28,0.29730177875068026,0.310464453018371,0.30388311588452566,0,8711.6097457600954,340.1744694601436,0
2026-08-22,-27,0.310464453018371,0.32420988866275241,0.31733717084056168,0,48785.821181060004,767.55516768999996,0
2026-08-22,-26,0.32420988866275241,0.33856388673422316,0.33138688769848779,0,17735.873534070015,2.8997281801018122,0
2026-08-22,-22,0.38555270635198519,0.40262258298731357,0.39408764466964941,0,6902.9591056803138,2234.2678303801167,0
2026-08-22,-21,0.40262258298731357,0.42044820762685725,0.41153539530708538,0,131498.33654810005,4.4799198499972714,0
2026-08-22,-16,0.5,0.52213689121370688,0.51106844560685349,0,5021.4490452400487,741.55482006,0
2026-08-23,-46,0.13631346658315721,0.14234857934458645,0.13933102296387184,0,9618.984859799999,0,0
2026-08-23,-45,0.14234857934458645,0.14865088937534013,0.14549973435996327,0,1676.9054629400055,265.83405623000044,0
2026-08-23,-44,0.14865088937534013,0.1552322265091855,0.15194155794226283,0,91014.129318980005,1.131699999999785,0
2026-08-23,-43,0.1552322265091855,0.16210494433137621,0.15866858542028084,145080.14117003002,335491.92300936015,99164.983351580042,0
2026-08-23,-42,0.16210494433137621,0.16928194336711158,0.16569344384924389,27010.838899609953,27832.589943650957,626301.26303796005,0
2026-08-23,-41,0.16928194336711158,0.17677669529663689,0.17302931933187424,380477.42060657026,96845.423617180204,12360697.759390846,0
2026-08-23,-40,0.17677669529663689,0.18460326824243742,0.18068998176953716,84301.895618620023,61916.319724480018,1839034.3746672585,0
2026-08-23,-39,0.18460326824243742,0.19277635317599259,0.18868981070921501,270077.16880973987,13122.779756110245,2601689.8046233403,0
2026-08-23,-38,0.19277635317599259,0.20131129149365679,0.1970438223348247,4125633.83109857,61215.576914830512,2567836.1720152041,0
2026-08-23,-37,0.20131129149365679,0.21022410381342863,0.20576769765354269,389864.39024002012,125351.13514553002,2853413.0852372497,0
2026-08-23,-36,0.21022410381342863,0.21953152004666243,0.21487781193004551,10075.856226979999,45824.446223470106,3936.8890582001582,0
2026-08-23,-35,0.21953152004666243,0.2292510108011678,0.22439126542391513,23326.234388280005,100294.25108103009,5913.7450267302756,0
2026-08-23,-34,0.2292510108011678,0.23940082017464343,0.2343259154879056,0,24012.439956500013,44112.839490099774,0
2026-08-23,-33,0.23940082017464343,0.25,0.24470041008732171,0,159342.83475111026,3767.0442486298712,0
2026-08-23,-32,0.25,0.26106844560685344,0.25553422280342675,0,69889.388281530119,289.49320211995541,0
2026-08-23,-31,0.26106844560685344,0.27262693316631442,0.26684768938658393,0,275719.64599386003,8382.9035200200815,0
2026-08-23,-30,0.27262693316631442,0.28469715868917289,0.27866204592774368,0,57206.383509930034,1396.7153028199755,0
2026-08-23,-29,0.28469715868917289,0.29730177875068026,0.29099946871992655,0,12692.833084790022,33.05316589011656,0
2026-08-23,-28,0.29730177875068026,0.310464453018371,0.30388311588452566,0,8711.6097457600954,340.1744694601436,0
2026-08-23,-27,0.310464453018371,0.32420988866275241,0.31733717084056168,0,48785.821181060004,767.55516768999996,0
2026-08-23,-26,0.32420988866275241,0.33856388673422316,0.33138688769848779,0,17735.873534070015,2.8997281801018122,0
2026-08-23,-22,0.38555270635198519,0.40262258298731357,0.39408764466964941,0,6902.9591056803138,2234.2678303801167,0
2026-08-23,-21,0.40262258298731357,0.42044820762685725,0.41153539530708538,0,131498.33654810005,4.4799198499972714,0
2026-08-23,-16,0.5,0.52213689121370688,0.51106844560685349,0,5021.4490452400487,741.55482006,0
2026-08-24,-46,0.13631346658315721,0.14234857934458645,0.13933102296387184,0,9618.984859799999,0,0
2026-08-24,-45,0.14234857934458645,0.14865088937534013,0.14549973435996327,0,1676.9054629400055,265.83405623000044,0
2026-08-24,-44,0.14865088937534013,0.1552322265091855,0.15194155794226283,0,91014.129318980005,1.131699999999785,0
2026-08-24,-43,0.1552322265091855,0.16210494433137621,0.15866858542028084,145080.14117003002,335491.92300936015,99164.983351580042,0
2026-08-24,-42,0.16210494433137621,0.16928194336711158,0.16569344384924389,26109.030417469956,27832.589943650957,626301.26303796005,0
2026-08-24,-41,0.16928194336711158,0.17677669529663689,0.17302931933187424,392486.0733660002,114887.74314740027,12413408.414411947,0
2026-08-24,-40,0.17677669529663689,0.18460326824243742,0.18068998176953716,84293.826187020022,61916.31972448001,1839031.1410895979,0
2026-08-24,-39,0.18460326824243742,0.19277635317599259,0.18868981070921501,260613.70570563985,13122.779756110245,2601689.8046233403,0
2026-08-24,-38,0.19277635317599259,0.20131129149365679,0.1970438223348247,4122183.52191165,61215.576914830512,2508482.3488740441,0
2026-08-24,-37,0.20131129149365679,0.21022410381342863,0.20576769765354269,389122.8035632401,125351.13514553002,2853371.5120784501,0
2026-08-24,-36,0.21022410381342863,0.21953152004666243,0.21487781193004551,10075.856226979999,45782.756158240103,3936.8890582001582,0
2026-08-24,-35,0.21953152004666243,0.2292510108011678,0.22439126542391513,20724.954854280004,100294.25108103009,5913.7450267302756,0
2026-08-24,-34,0.2292510108011678,0.23940082017464343,0.2343259154879056,0,24012.439956500013,44112.839490099774,0
2026-08-24,-33,0.23940082017464343,0.25,0.24470041008732171,0,159246.94176497025,3767.0442486298712,0
2026-08-24,-32,0.25,0.26106844560685344,0.25553422280342675,0,69889.388281530119,289.49320211995541,0
2026-08-24,-31,0.26106844560685344,0.27262693316631442,0.26684768938658393,0,274792.92334442004,8382.9035200200815,0
2026-08-24,-30,0.27262693316631442,0.28469715868917289,0.27866204592774368,0,57206.383509930034,1396.7153028199755,0
2026-08-24,-29,0.28469715868917289,0.29730177875068026,0.29099946871992655,0,12692.833084790022,33.05316589011656,0
2026-08-24,-28,0.29730177875068026,0.310464453018371,0.30388311588452566,0,8711.6097457600954,340.1744694601436,0
2026-08-24,-27,0.310464453018371,0.32420988866275241,0.31733717084056168,0,48785.821181060004,767.55516768999996,0
2026-08-24,-26,0.32420988866275241,0.33856388673422316,0.33138688769848779,0,16517.752101410017,2.8997281801018122,0
2026-08-24,-22,0.38555270635198519,0.40262258298731357,0.39408764466964941,0,6902.9591056803138,2234.2678303801167,0
2026-08-24,-21,0.40262258298731357,0.42044820762685725,0.41153539530708538,0,131498.33654810005,4.4799198499972714,0
2026-08-24,-16,0.5,0.52213689121370688,0.51106844560685349,0,5021.4490452400487,741.55482006,0
2026-08-25,-46,0.13631346658315721,0.14234857934458645,0.13933102296387184,0,9618.984859799999,0,0
2026-08-25,-45,0.14234857934458645,0.14865088937534013,0.14549973435996327,0,1676.9054629400055,265.83405623000044,0
2026-08-25,-44,0.14865088937534013,0.1552322265091855,0.15194155794226283,0,91014.129318980005,1.131699999999785,0
2026-08-25,-43,0.1552322265091855,0.16210494433137621,0.15866858542028084,145080.14117003002,335475.92130085017,99164.983351580042,0
2026-08-25,-42,0.16210494433137621,0.16928194336711158,0.16569344384924389,26109.030417469956,27078.906109900956,626301.26303796005,0
2026-08-25,-41,0.16928194336711158,0.17677669529663689,0.17302931933187424,337696.02306851011,114968.71798995027,12326557.384487767,0
2026-08-25,-40,0.17677669529663689,0.18460326824243742,0.18068998176953716,179207.80856665008,61916.31972448001,2024744.3388027786,0
2026-08-25,-39,0.18460326824243742,0.19277635317599259,0.18868981070921501,260378.27118146984,13122.779756110245,2601661.7885458097,0
2026-08-25,-38,0.19277635317599259,0.20131129149365679,0.1970438223348247,4112184.1846383899,61215.576914830512,2441411.2335538538,0
2026-08-25,-37,0.20131129149365679,0.21022410381342863,0.20576769765354269,389122.8035632401,111576.00514553001,2853371.5120784501,0
2026-08-25,-36,0.21022410381342863,0.21953152004666243,0.21487781193004551,10075.856226979999,45782.756158240103,3936.8890582001582,0
2026-08-25,-35,0.21953152004666243,0.2292510108011678,0.22439126542391513,20724.954854280004,100294.25108103009,5913.7450267302756,0
2026-08-25,-34,0.2292510108011678,0.23940082017464343,0.2343259154879056,0,23985.22995650001,44112.839490099774,0
2026-08-25,-33,0.23940082017464343,0.25,0.24470041008732171,0,159122.98700104025,3767.0442486298712,0
2026-08-25,-32,0.25,0.26106844560685344,0.25553422280342675,0,69889.388281530119,289.49320211995541,0
2026-08-25,-31,0.26106844560685344,0.27262693316631442,0.26684768938658393,0,274778.60624993005,8382.9035200200815,0
2026-08-25,-30,0.27262693316631442,0.28469715868917289,0.27866204592774368,0,34206.383509930034,1396.7153028199755,0
2026-08-25,-29,0.28469715868917289,0.29730177875068026,0.29099946871992655,0,12692.833084790022,33.05316589011656,0
2026-08-25,-28,0.29730177875068026,0.310464453018371,0.30388311588452566,0,8711.6097457600954,340.1744694601436,0
2026-08-25,-27,0.310464453018371,0.32420988866275241,0.31733717084056168,0,48785.821181060004,767.55516768999996,0
2026-08-25,-26,0.32420988866275241,0.33856388673422316,0.33138688769848779,0,16517.752101410017,2.8997281801018122,0
2026-08-25,-22,0.38555270635198519,0.40262258298731357,0.39408764466964941,0,6902.9591056803138,2234.2678303801167,0
2026-08-25,-21,0.40262258298731357,0.42044820762685725,0.41153539530708538,0,131498.33654810005,4.4799198499972714,0
2026-08-25,-16,0.5,0.52213689121370688,0.51106844560685349,0,5021.4490452400487,741.55482006,0
2026-08-26,-46,0.13631346658315721,0.14234857934458645,0.13933102296387184,0,9618.984859799999,0,0
2026-08-26,-45,0.14234857934458645,0.14865088937534013,0.14549973435996327,0,1676.9054629400055,265.83405623000044,0
2026-08-26,-44,0.14865088937534013,0.1552322265091855,0.15194155794226283,0,91014.129318980005,1.131699999999785,0
2026-08-26,-43,0.1552322265091855,0.16210494433137621,0.15866858542028084,145080.14117003002,335475.92130085017,99164.983351580042,0
2026-08-26,-42,0.16210494433137621,0.16928194336711158,0.16569344384924389,26109.030417469956,27078.906109900956,626301.26303796005,0
2026-08-26,-41,0.16928194336711158,0.17677669529663689,0.17302931933187424,272693.09064795007,127274.31693201028,12299656.848270571,0
2026-08-26,-40,0.17677669529663689,0.18460326824243742,0.18068998176953716,253780.80929609013,61916.31972448001,2099208.3601992042,0
2026-08-26,-39,0.18460326824243742,0.19277635317599259,0.18868981070921501,259376.58866735984,13122.779756110245,2601650.9840526804,0
2026-08-26,-38,0.19277635317599259,0.20131129149365679,0.1970438223348247,4108746.4747649799,61197.74691483051,2382384.960397474,0
2026-08-26,-37,0.20131129149365679,0.21022410381342863,0.20576769765354269,387847.28150425007,111576.00514553001,2853371.5120784501,0
2026-08-26,-36,0.21022410381342863,0.21953152004666243,0.21487781193004551,10075.856226979999,45782.756158240103,3936.8890582001582,0
2026-08-26,-35,0.21953152004666243,0.2292510108011678,0.22439126542391513,20724.954854280004,100294.25108103009,5913.7450267302756,0
2026-08-26,-34,0.2292510108011678,0.23940082017464343,0.2343259154879056,0,23985.22995650001,44112.839490099774,0
2026-08-26,-33,0.23940082017464343,0.25,0.24470041008732171,0,159122.98700104025,3767.0442486298712,0
2026-08-26,-32,0.25,0.26106844560685344,0.25553422280342675,0,69806.018281530123,289.49320211995541,0
2026-08-26,-31,0.26106844560685344,0.27262693316631442,0.26684768938658393,0,274778.60624993005,8382.9035200200815,0
2026-08-26,-30,0.27262693316631442,0.28469715868917289,0.27866204592774368,0,34206.383509930034,1396.7153028199755,0
2026-08-26,-29,0.28469715868917289,0.29730177875068026,0.29099946871992655,0,12692.833084790022,33.05316589011656,0
2026-08-26,-28,0.29730177875068026,0.310464453018371,0.30388311588452566,0,8711.6097457600954,340.1744694601436,0
2026-08-26,-27,0.310464453018371,0.32420988866275241,0.31733717084056168,0,48785.821181060004,767.55516768999996,0
2026-08-26,-26,0.32420988866275241,0.33856388673422316,0.33138688769848779,0,16517.752101410017,2.8997281801018122,0
2026-08-26,-22,0.38555270635198519,0.40262258298731357,0.39408764466964941,0,6902.9591056803138,2234.2678303801167,0
2026-08-26,-21,0.40262258298731357,0.42044820762685725,0.41153539530708538,0,131498.33654810005,4.4799198499972714,0
2026-08-26,-16,0.5,0.52213689121370688,0.51106844560685349,0,5021.4490452400487,741.55482006,0
2026-08-27,-46,0.13631346658315721,0.14234857934458645,0.13933102296387184,0,9618.984859799999,0,0
2026-08-27,-45,0.14234857934458645,0.14865088937534013,0.14549973435996327,0,1676.9054629400055,265.83405623000044,0
2026-08-27,-44,0.14865088937534013,0.1552322265091855,0.15194155794226283,0,91014.129318980005,1.131699999999785,0
2026-08-27,-43,0.1552322265091855,0.16210494433137621,0.15866858542028084,145080.14117003002,335444.84130085015,99164.983351580042,0
2026-08-27,-42,0.16210494433137621,0.16928194336711158,0.16569344384924389,26109.030417469956,27078.906109900956,626301.26303796005,0
2026-08-27,-41,0.16928194336711158,0.17677669529663689,0.17302931933187424,259041.14925394009,127288.87603066026,12277631.513199991,0
2026-08-27,-40,0.17677669529663689,0.18460326824243742,0.18068998176953716,430947.41790253005,61916.31972448001,2321162.7763546943,0
2026-08-27,-39,0.18460326824243742,0.19277635317599259,0.18868981070921501,254363.26050628984,13016.613823250245,2601612.1998606701,0
2026-08-27,-38,0.19277635317599259,0.20131129149365679,0.1970438223348247,4105787.9955637399,61197.74691483051,2034335.362754964,0
2026-08-27,-37,0.20131129149365679,0.21022410381342863,0.20576769765354269,387502.66103790008,111576.00514553001,2853371.5120784501,0
2026-08-27,-36,0.21022410381342863,0.21953152004666243,0.21487781193004551,10075.856226979999,45594.344448580101,3936.8890582001582,0
2026-08-27,-35,0.21953152004666243,0.2292510108011678,0.22439126542391513,20402.771364730004,100294.25108103009,5913.7450267302756,0
2026-08-27,-34,0.2292510108011678,0.23940082017464343,0.2343259154879056,0,23985.22995650001,44112.839490099774,0
2026-08-27,-33,0.23940082017464343,0.25,0.24470041008732171,0,159122.98700104025,3767.0442486298712,0
2026-08-27,-32,0.25,0.26106844560685344,0.25553422280342675,0,69806.018281530123,289.49320211995541,0
2026-08-27,-31,0.26106844560685344,0.27262693316631442,0.26684768938658393,0,274503.34632986004,8382.9035200200815,0
2026-08-27,-30,0.27262693316631442,0.28469715868917289,0.27866204592774368,0,34206.383509930034,1396.7153028199755,0
2026-08-27,-29,0.28469715868917289,0.29730177875068026,0.29099946871992655,0,12692.833084790022,33.05316589011656,0
2026-08-27,-28,0.29730177875068026,0.310464453018371,0.30388311588452566,0,8711.6097457600954,340.1744694601436,0
2026-08-27,-27,0.310464453018371,0.32420988866275241,0.31733717084056168,0,48785.821181060004,767.55516768999996,0
2026-08-27,-26,0.32420988866275241,0.33856388673422316,0.33138688769848779,0,16517.752101410017,2.8997281801018122,0
2026-08-27,-22,0.38555270635198519,0.40262258298731357,0.39408764466964941,0,6902.9591056803138,2234.2678303801167,0
2026-08-27,-21,0.40262258298731357,0.42044820762685725,0.41153539530708538,0,131498.33654810005,4.4799198499972714,0
2026-08-27,-16,0.5,0.52213689121370688,0.51106844560685349,0,5021.4490452400487,741.55482006,0
2026-08-28,-46,0.13631346658315721,0.14234857934458645,0.13933102296387184,0,9618.984859799999,0,0
2026-08-28,-45,0.14234857934458645,0.14865088937534013,0.14549973435996327,0,1676.9054629400055,265.83405623000044,0
2026-08-28,-44,0.14865088937534013,0.1552322265091855,0.15194155794226283,0,91014.129318980005,1.131699999999785,0
2026-08-28,-43,0.1552322265091855,0.16210494433137621,0.15866858542028084,145080.14117003002,335444.84130085015,99164.983351580042,0
2026-08-28,-42,0.16210494433137621,0.16928194336711158,0.16569344384924389,26109.030417469956,27078.906109900956,626301.26303796005,0
2026-08-28,-41,0.16928194336711158,0.17677669529663689,0.17302931933187424,252755.01401897008,127279.18627568027,12263423.71651569,0
2026-08-28,-40,0.17677669529663689,0.18460326824243742,0.18068998176953716,449733.69723897008,61916.31972448001,2415652.7837781641,0
2026-08-28,-39,0.18460326824243742,0.19277635317599259,0.18868981070921501,254363.26050627985,13016.613823250245,2601594.9351800303,0
2026-08-28,-38,0.19277635317599259,0.20131129149365679,0.1970438223348247,4105396.5625793999,59736.29331203051,1923522.6791046041,0
2026-08-28,-37,0.20131129149365679,0.21022410381342863,0.20576769765354269,387502.66103790008,111576.00514553001,2853371.5120784501,0
2026-08-28,-36,0.21022410381342863,0.21953152004666243,0.21487781193004551,10075.856226979999,45424.344448580101,3936.8890582001582,0
2026-08-28,-35,0.21953152004666243,0.2292510108011678,0.22439126542391513,20402.771364730004,100294.25108103009,5913.7450267302756,0
2026-08-28,-34,0.2292510108011678,0.23940082017464343,0.2343259154879056,0,23985.22995650001,44112.839490099774,0
2026-08-28,-33,0.23940082017464343,0.25,0.24470041008732171,0,159110.78700104027,3767.0442486298712,0
2026-08-28,-32,0.25,0.26106844560685344,0.25553422280342675,0,69806.018281530123,289.49320211995541,0
2026-08-28,-31,0.26106844560685344,0.27262693316631442,0.26684768938658393,0,274480.94632986007,8382.9035200200815,0
2026-08-28,-30,0.27262693316631442,0.28469715868917289,0.27866204592774368,0,34206.383509930034,1396.7153028199755,0
2026-08-28,-29,0.28469715868917289,0.29730177875068026,0.29099946871992655,0,12692.833084790022,33.05316589011656,0
2026-08-28,-28,0.29730177875068026,0.310464453018371,0.30388311588452566,0,8711.6097457600954,340.1744694601436,0
2026-08-28,-27,0.310464453018371,0.32420988866275241,0.31733717084056168,0,48785.821181060004,767.55516768999996,0
2026-08-28,-26,0.32420988866275241,0.33856388673422316,0.33138688769848779,0,16517.752101410017,2.8997281801018122,0
2026-08-28,-22,0.38555270635198519,0.40262258298731357,0.39408764466964941,0,6902.9591056803138,2234.2678303801167,0
2026-08-28,-21,0.40262258298731357,0.42044820762685725,0.41153539530708538,0,131498.33654810005,4.4799198499972714,0
2026-08-28,-16,0.5,0.52213689121370688,0.51106844560685349,0,5021.4490452400487,741.55482006,0
2026-08-29,-46,0.13631346658315721,0.14234857934458645,0.13933102296387184,0,9618.984859799999,0,0
2026-08-29,-45,0.14234857934458645,0.14865088937534013,0.14549973435996327,0,1676.9054629400055,265.83405623000044,0
2026-08-29,-44,0.14865088937534013,0.1552322265091855,0.15194155794226283,0,91014.129318980005,1.131699999999785,0
2026-08-29,-43,0.1552322265091855,0.16210494433137621,0.15866858542028084,145080.14117003002,288944.84130085015,99164.983351580042,0
2026-08-29,-42,0.16210494433137621,0.16928194336711158,0.16569344384924389,26109.030417469956,27078.906109900956,626301.26303796005,0
2026-08-29,-41,0.16928194336711158,0.17677669529663689,0.17302931933187424,367204.35101662012,127356.60181047027,12297495.843633261,0
2026-08-29,-40,0.17677669529663689,0.18460326824243742,0.18068998176953716,417683.90603568003,61916.31972448001,2347051.7725775139,0
2026-08-29,-39,0.18460326824243742,0.19277635317599259,0.18868981070921501,254339.26050624985,13016.613823250245,2601594.5472981003,0
2026-08-29,-38,0.19277635317599259,0.20131129149365679,0.1970438223348247,4100921.7317059301,59736.29331203051,1864590.294529784,0
2026-08-29,-37,0.20131129149365679,0.21022410381342863,0.20576769765354269,387059.27422395011,111576.00514553001,2853371.5120784501,0
2026-08-29,-36,0.21022410381342863,0.21953152004666243,0.21487781193004551,10075.856226979999,45424.344448580101,3936.8890582001582,0
2026-08-29,-35,0.21953152004666243,0.2292510108011678,0.22439126542391513,20402.771364730004,100294.25108103009,5913.7450267302756,0
2026-08-29,-34,0.2292510108011678,0.23940082017464343,0.2343259154879056,0,23985.22995650001,44112.839490099774,0
2026-08-29,-33,0.23940082017464343,0.25,0.24470041008732171,0,159046.22520590026,3767.0442486298712,0
2026-08-29,-32,0.25,0.26106844560685344,0.25553422280342675,0,69806.018281530123,289.49320211995541,0
2026-08-29,-31,0.26106844560685344,0.27262693316631442,0.26684768938658393,0,274409.36812500004,8382.9035200200815,0
2026-08-29,-30,0.27262693316631442,0.28469715868917289,0.27866204592774368,0,34206.383509930034,1396.7153028199755,0
2026-08-29,-29,0.28469715868917289,0.29730177875068026,0.29099946871992655,0,12692.833084790022,33.05316589011656,0
2026-08-29,-28,0.29730177875068026,0.310464453018371,0.30388311588452566,0,8711.6097457600954,340.1744694601436,0
2026-08-29,-27,0.310464453018371,0.32420988866275241,0.31733717084056168,0,48785.821181060004,767.55516768999996,0
2026-08-29,-26,0.32420988866275241,0.33856388673422316,0.33138688769848779,0,16517.752101410017,2.8997281801018122,0
2026-08-29,-22,0.38555270635198519,0.40262258298731357,0.39408764466964941,0,6902.9591056803138,2234.2678303801167,0
2026-08-29,-21,0.40262258298731357,0.42044820762685725,0.41153539530708538,0,131498.33654810005,4.4799198499972714,0
2026-08-29,-16,0.5,0.52213689121370688,0.51106844560685349,0,5021.4490452400487,741.55482006,0
2026-08-30,-46,0.13631346658315721,0.14234857934458645,0.13933102296387184,0,9618.984859799999,0,0
2026-08-30,-45,0.14234857934458645,0.14865088937534013,0.14549973435996327,0,1676.9054629400055,265.83405623000044,0
2026-08-30,-44,0.14865088937534013,0.1552322265091855,0.15194155794226283,0,91014.129318980005,1.131699999999785,0
2026-08-30,-43,0.1552322265091855,0.16210494433137621,0.15866858542028084,145080.14117003002,273944.84130085015,99164.983351580042,0
2026-08-30,-42,0.16210494433137621,0.16928194336711158,0.16569344384924389,26109.030417369955,27078.906109900956,626203.26303796005,0
2026-08-30,-41,0.16928194336711158,0.17677669529663689,0.17302931933187424,370736.00640859012,127356.60181047027,12445286.630611086,0
2026-08-30,-40,0.17677669529663689,0.18460326824243742,0.18068998176953716,387963.93077390001,56690.589581740016,2328309.5540435584,0
2026-08-30,-39,0.18460326824243742,0.19277635317599259,0.18868981070921501,253186.52380524986,13016.613823250245,2601548.7538231402,0
2026-08-30,-38,0.19277635317599259,0.20131129149365679,0.1970438223348247,4099333.82131419,59733.848724020507,1754795.0844702341,0
2026-08-30,-37,0.20131129149365679,0.21022410381342863,0.20576769765354269,386443.75878645008,111576.00514553001,2853371.5120784501,0
2026-08-30,-36,0.21022410381342863,0.21953152004666243,0.21487781193004551,10075.856226979999,45224.344448580101,3936.8890582001582,0
2026-08-30,-35,0.21953152004666243,0.2292510108011678,0.22439126542391513,20402.771364730004,100293.92966904008,5913.7450267302756,0
2026-08-30,-34,0.2292510108011678,0.23940082017464343,0.2343259154879056,0,23985.22995650001,44112.839490099774,0
2026-08-30,-33,0.23940082017464343,0.25,0.24470041008732171,0,159023.00520590026,3767.0442486298712,0
2026-08-30,-32,0.25,0.26106844560685344,0.25553422280342675,0,69806.018281530123,289.49320211995541,0
2026-08-30,-31,0.26106844560685344,0.27262693316631442,0.26684768938658393,0,274409.36812500004,8382.9035200200815,0
2026-08-30,-30,0.27262693316631442,0.28469715868917289,0.27866204592774368,0,34206.383509930034,1396.7153028199755,0
2026-08-30,-29,0.28469715868917289,0.29730177875068026,0.29099946871992655,0,12692.833084790022,33.05316589011656,0
2026-08-30,-28,0.29730177875068026,0.310464453018371,0.30388311588452566,0,8711.6097457600954,340.1744694601436,0
2026-08-30,-27,0.310464453018371,0.32420988866275241,0.31733717084056168,0,48785.821181060004,767.55516768999996,0
2026-08-30,-26,0.32420988866275241,0.33856388673422316,0.33138688769848779,0,16517.752101410017,2.8997281801018122,0
2026-08-30,-22,0.38555270635198519,0.40262258298731357,0.39408764466964941,0,6902.9591056803138,2234.2678303801167,0
2026-08-30,-21,0.40262258298731357,0.42044820762685725,0.41153539530708538,0,131498.33654810005,4.4799198499972714,0
2026-08-30,-16,0.5,0.52213689121370688,0.51106844560685349,0,5021.4490452400487,741.55482006,0
2026-08-31,-46,0.13631346658315721,0.14234857934458645,0.13933102296387184,0,9618.984859799999,0,0
2026-08-31,-45,0.14234857934458645,0.14865088937534013,0.14549973435996327,0,1676.9054629400055,265.83405623000044,0
2026-08-31,-44,0.14865088937534013,0.1552322265091855,0.15194155794226283,0,91014.129318980005,1.131699999999785,0
2026-08-31,-43,0.1552322265091855,0.16210494433137621,0.15866858542028084,145080.14117003002,247944.84130085018,99164.983351580042,0
2026-08-31,-42,0.16210494433137621,0.16928194336711158,0.16569344384924389,26109.030417369955,27078.906109900956,626203.26303796005,0
2026-08-31,-41,0.16928194336711158,0.17677669529663689,0.17302931933187424,384141.86160083016,127356.60181047027,12557024.987606516,0
2026-08-31,-40,0.17677669529663689,0.18460326824243742,0.18068998176953716,379504.07244349003,56690.589581740016,2321222.2140435586,0
2026-08-31,-39,0.18460326824243742,0.19277635317599259,0.18868981070921501,252852.51192629983,13016.613823250245,2601548.7538231402,0
2026-08-31,-38,0.19277635317599259,0.20131129149365679,0.1970438223348247,4098678.4591810601,59733.848724020507,1658710.8647902641,0
2026-08-31,-37,0.20131129149365679,0.21022410381342863,0.20576769765354269,362484.36891500012,132511.62129187002,2853371.5120784501,0
2026-08-31,-36,0.21022410381342863,0.21953152004666243,0.21487781193004551,10075.856226979999,45224.344448580101,3936.8890582001582,0
2026-08-31,-35,0.21953152004666243,0.2292510108011678,0.22439126542391513,20402.771364730004,100293.92966904008,5913.7450267302756,0
2026-08-31,-34,0.2292510108011678,0.23940082017464343,0.2343259154879056,0,23985.22995650001,44112.839490099774,0
2026-08-31,-33,0.23940082017464343,0.25,0.24470041008732171,0,159000.95520590027,3767.0442486298712,0
2026-08-31,-32,0.25,0.26106844560685344,0.25553422280342675,0,69385.927703170135,289.49320211995541,0
2026-08-31,-31,0.26106844560685344,0.27262693316631442,0.26684768938658393,0,274364.65829710005,8087.9035200200815,0
2026-08-31,-30,0.27262693316631442,0.28469715868917289,0.27866204592774368,0,33998.229492640021,1396.7153028199755,0
2026-08-31,-29,0.28469715868917289,0.29730177875068026,0.29099946871992655,0,12692.833084790022,33.05316589011656,0
2026-08-31,-28,0.29730177875068026,0.310464453018371,0.30388311588452566,0,8711.6097457600954,340.1744694601436,0
2026-08-31,-27,0.310464453018371,0.32420988866275241,0.31733717084056168,0,48782.621181060007,767.55516768999996,0
2026-08-31,-26,0.32420988866275241,0.33856388673422316,0.33138688769848779,0,16517.752101410017,2.8997281801018122,0
2026-08-31,-22,0.38555270635198519,0.40262258298731357,0.39408764466964941,0,6902.9591056803138,2234.2678303801167,0
2026-08-31,-21,0.40262258298731357,0.42044820762685725,0.41153539530708538,0,131498.33654810005,4.4799198499972714,0
2026-08-31,-16,0.5,0.52213689121370688,0.51106844560685349,0,5021.4490452400487,741.55482006,0
2026-09-01,-46,0.13631346658315721,0.14234857934458645,0.13933102296387184,0,9618.984859799999,0,0
2026-09-01,-45,0.14234857934458645,0.14865088937534013,0.14549973435996327,0,1676.9054629400055,265.83405623000044,0
2026-09-01,-44,0.14865088937534013,0.1552322265091855,0.15194155794226283,0,91014.129318980005,1.131699999999785,0
2026-09-01,-43,0.1552322265091855,0.16210494433137621,0.15866858542028084,145066.14117003002,242873.48382278017,99164.983351580042,0
2026-09-01,-42,0.16210494433137621,0.16928194336711158,0.16569344384924389,26103.630837479956,27078.906109900956,626203.26303796005,0
2026-09-01,-41,0.16928194336711158,0.17677669529663689,0.17302931933187424,404837.23149355012,127356.60181047027,12551742.09947644,0
2026-09-01,-40,0.17677669529663689,0.18460326824243742,0.18068998176953716,370897.94982458005,56690.589581740016,2318247.9140435583,0
2026-09-01,-39,0.18460326824243742,0.19277635317599259,0.18868981070921501,252814.31192629985,13016.613823250245,2601548.7538231402,0
2026-09-01,-38,0.19277635317599259,0.20131129149365679,0.1970438223348247,4097277.0852926797,59733.848724020507,1647093.1132547902,0
2026-09-01,-37,0.20131129149365679,0.21022410381342863,0.20576769765354269,361089.69827206008,133640.44493481002,2853371.5120784501,0
2026-09-01,-36,0.21022410381342863,0.21953152004666243,0.21487781193004551,10075.856226979999,45054.344448580101,3936.8890582001582,0
2026-09-01,-35,0.21953152004666243,0.2292510108011678,0.22439126542391513,20402.771364730004,100293.92966904008,5913.7450267302756,0
2026-09-01,-34,0.2292510108011678,0.23940082017464343,0.2343259154879056,0,23985.22995650001,44112.839490099774,0
2026-09-01,-33,0.23940082017464343,0.25,0.24470041008732171,0,158581.42254240025,3767.0442486298712,0
2026-09-01,-32,0.25,0.26106844560685344,0.25553422280342675,0,69385.927703170135,289.49320211995541,0
2026-09-01,-31,0.26106844560685344,0.27262693316631442,0.26684768938658393,0,274276.75942246005,8087.9035200200815,0
2026-09-01,-30,0.27262693316631442,0.28469715868917289,0.27866204592774368,0,33998.229492640021,1396.7153028199755,0
2026-09-01,-29,0.28469715868917289,0.29730177875068026,0.29099946871992655,0,12692.833084790022,33.05316589011656,0
2026-09-01,-28,0.29730177875068026,0.310464453018371,0.30388311588452566,0,8711.6097457600954,340.1744694601436,0
2026-09-01,-27,0.310464453018371,0.32420988866275241,0.31733717084056168,0,48782.621181060007,767.55516768999996,0
2026-09-01,-26,0.32420988866275241,0.33856388673422316,0.33138688769848779,0,16517.752101410017,2.8997281801018122,0
2026-09-01,-22,0.38555270635198519,0.40262258298731357,0.39408764466964941,0,6902.9591056803138,2234.2678303801167,0
2026-09-01,-21,0.40262258298731357,0.42044820762685725,0.41153539530708538,0,131498.33654810005,4.4799198499972714,0
2026-09-01,-16,0.5,0.52213689121370688,0.51106844560685349,0,5021.4490452400487,741.55482006,0
2026-09-02,-46,0.13631346658315721,0.14234857934458645,0.13933102296387184,0,9618.984859799999,0,0
2026-09-02,-45,0.14234857934458645,0.14865088937534013,0.14549973435996327,0,1676.9054629400055,265.83405623000044,0
2026-09-02,-44,0.14865088937534013,0.1552322265091855,0.15194155794226283,0,91014.129318980005,1.131699999999785,0
2026-09-02,-43,0.1552322265091855,0.16210494433137621,0.15866858542028084,145066.14117003002,242873.48382278017,99164.983351580042,0
2026-09-02,-42,0.16210494433137621,0.16928194336711158,0.16569344384924389,26103.630837479956,27078.906109900956,626203.26303796005,0
2026-09-02,-41,0.16928194336711158,0.17677669529663689,0.17302931933187424,611023.71430399013,127356.60181047027,12516967.06358796,0
2026-09-02,-40,0.17677669529663689,0.18460326824243742,0.18068998176953716,345749.68063191004,56690.589580860011,2147145.7273435583,0
2026-09-02,-39,0.18460326824243742,0.19277635317599259,0.18868981070921501,252809.57341529985,13015.113823250245,2601548.7538231402,0
2026-09-02,-38,0.19277635317599259,0.20131129149365679,0.1970438223348247,4082756.5514703598,74201.679338540518,1646902.12608235,0
2026-09-02,-37,0.20131129149365679,0.21022410381342863,0.20576769765354269,360742.7623004301,133640.44493481002,2853371.5120784501,0
2026-09-02,-36,0.21022410381342863,0.21953152004666243,0.21487781193004551,10075.856226979999,45054.344448580101,3936.8890582001582,0
2026-09-02,-35,0.21953152004666243,0.2292510108011678,0.22439126542391513,20402.771364730004,100231.88573904008,5913.7450267302756,0
2026-09-02,-34,0.2292510108011678,0.23940082017464343,0.2343259154879056,0,23985.22995650001,44112.839490099774,0
2026-09-02,-33,0.23940082017464343,0.25,0.24470041008732171,0,158581.42254240025,3767.0442486298712,0
2026-09-02,-32,0.25,0.26106844560685344,0.25553422280342675,0,69385.927703170135,289.49320211995541,0
2026-09-02,-31,0.26106844560685344,0.27262693316631442,0.26684768938658393,0,274256.46942246007,8087.9035200200815,0
2026-09-02,-30,0.27262693316631442,0.28469715868917289,0.27866204592774368,0,33703.649492640019,1396.7153028199755,0
2026-09-02,-29,0.28469715868917289,0.29730177875068026,0.29099946871992655,0,12692.833084790022,33.05316589011656,0
2026-09-02,-28,0.29730177875068026,0.310464453018371,0.30388311588452566,0,8711.6097457600954,340.1744694601436,0
2026-09-02,-27,0.310464453018371,0.32420988866275241,0.31733717084056168,0,48782.621181060007,767.55516768999996,0
2026-09-02,-26,0.32420988866275241,0.33856388673422316,0.33138688769848779,0,16517.752101410017,2.8997281801018122,0
2026-09-02,-22,0.38555270635198519,0.40262258298731357,0.39408764466964941,0,6902.9591056803138,2234.2678303801167,0
2026-09-02,-21,0.40262258298731357,0.42044820762685725,0.41153539530708538,0,131498.33654810005,4.4799198499972714,0
2026-09-02,-16,0.5,0.52213689121370688,0.51106844560685349,0,5021.4490452400487,741.55482006,0
2026-09-03,-46,0.13631346658315721,0.14234857934458645,0.13933102296387184,0,9618.984859799999,0,0
2026-09-03,-45,0.14234857934458645,0.14865088937534013,0.14549973435996327,0,1676.9054629400055,265.83405623000044,0
2026-09-03,-44,0.14865088937534013,0.1552322265091855,0.15194155794226283,0,91014.129318980005,1.131699999999785,0
2026-09-03,-43,0.1552322265091855,0.16210494433137621,0.15866858542028084,144474.56040435002,223906.48382278017,99164.983351580042,0
2026-09-03,-42,0.16210494433137621,0.16928194336711158,0.16569344384924389,26103.630837479956,27078.906109900956,626203.26303796005,0
2026-09-03,-41,0.16928194336711158,0.17677669529663689,0.17302931933187424,818008.71827358019,127356.60181047027,12597437.387942189,0
2026-09-03,-40,0.17677669529663689,0.18460326824243742,0.18068998176953716,335226.10688327003,56690.589580860011,2141220.6136244587,0
2026-09-03,-39,0.18460326824243742,0.19277635317599259,0.18868981070921501,252806.57341529985,12913.716221530247,2601445.6886013201,0
2026-09-03,-38,0.19277635317599259,0.20131129149365679,0.1970438223348247,4075693.79390065,75830.007463900503,1646559.0871525502,0
2026-09-03,-37,0.20131129149365679,0.21022410381342863,0.20576769765354269,96942.762300430215,133527.77012941003,2853371.5120784501,0
2026-09-03,-36,0.21022410381342863,0.21953152004666243,0.21487781193004551,10075.856226979999,44834.1244485801,3936.8890582001582,0
2026-09-03,-35,0.21953152004666243,0.2292510108011678,0.22439126542391513,20025.584632160007,100231.88573904008,5913.7450267302756,0
2026-09-03,-34,0.2292510108011678,0.23940082017464343,0.2343259154879056,0,23985.22995650001,44112.839490099774,0
2026-09-03,-33,0.23940082017464343,0.25,0.24470041008732171,0,158581.42254240025,3767.0442486298712,0
2026-09-03,-32,0.25,0.26106844560685344,0.25553422280342675,0,68928.782667770138,289.49320211995541,0
2026-09-03,-31,0.26106844560685344,0.27262693316631442,0.26684768938658393,0,274079.41426989005,8087.9035200200815,0
2026-09-03,-30,0.27262693316631442,0.28469715868917289,0.27866204592774368,0,33642.725536570018,1396.7153028199755,0
2026-09-03,-29,0.28469715868917289,0.29730177875068026,0.29099946871992655,0,12692.833084790022,33.05316589011656,0
2026-09-03,-28,0.29730177875068026,0.310464453018371,0.30388311588452566,0,8711.6097457600954,340.1744694601436,0
2026-09-03,-27,0.310464453018371,0.32420988866275241,0.31733717084056168,0,48776.788484640005,767.55516768999996,0
2026-09-03,-26,0.32420988866275241,0.33856388673422316,0.33138688769848779,0,16517.752101410017,2.8997281801018122,0
2026-09-03,-22,0.38555270635198519,0.40262258298731357,0.39408764466964941,0,6790.7448329403132,1946.2440828001165,0
2026-09-03,-21,0.40262258298731357,0.42044820762685725,0.41153539530708538,0,131432.13669449007,4.4799198499972714,0
2026-09-03,-16,0.5,0.52213689121370688,0.51106844560685349,0,5021.4490452400487,741.55482006,0
2026-09-04,-46,0.13631346658315721,0.14234857934458645,0.13933102296387184,0,9618.984859799999,0,0
2026-09-04,-45,0.14234857934458645,0.14865088937534013,0.14549973435996327,0,1676.9054629400055,265.83405623000044,0
2026-09-04,-44,0.14865088937534013,0.1552322265091855,0.15194155794226283,0,91014.129318980005,1.131699999999785,0
2026-09-04,-43,0.1552322265091855,0.16210494433137621,0.15866858542028084,107102.00745938002,183906.48382278017,99164.983351580042,0
2026-09-04,-42,0.16210494433137621,0.16928194336711158,0.16569344384924389,26103.630837479956,27078.906109900956,626203.26303796005,0
2026-09-04,-41,0.16928194336711158,0.17677669529663689,0.17302931933187424,662673.61669215001,127355.52952837027,12321492.674224434,0
2026-09-04,-40,0.17677669529663689,0.18460326824243742,0.18068998176953716,568748.8128415402,56690.589580860011,2471896.5932871043,0
2026-09-04,-39,0.18460326824243742,0.19277635317599259,0.18868981070921501,250588.44468575984,12913.716221530247,2601291.2158534005,0
2026-09-04,-38,0.19277635317599259,0.20131129149365679,0.1970438223348247,3748052.9937527496,77555.703509380503,1646559.0871525502,0
2026-09-04,-37,0.20131129149365679,0.21022410381342863,0.20576769765354269,96873.589678430217,133506.58034214002,2853371.5120784501,0
2026-09-04,-36,0.21022410381342863,0.21953152004666243,0.21487781193004551,10075.856226979999,43984.1244485801,3936.8890582001582,0
2026-09-04,-35,0.21953152004666243,0.2292510108011678,0.22439126542391513,17831.596180160006,100227.19424070009,5913.7450267302756,0
2026-09-04,-34,0.2292510108011678,0.23940082017464343,0.2343259154879056,0,23985.22995650001,44112.839490099774,0
2026-09-04,-33,0.23940082017464343,0.25,0.24470041008732171,0,158442.73235000027,3767.0442486298712,0
2026-09-04,-32,0.25,0.26106844560685344,0.25553422280342675,0,68928.782667770138,289.49320211995541,0
2026-09-04,-31,0.26106844560685344,0.27262693316631442,0.26684768938658393,0,274030.03426989005,8087.9035200200815,0
2026-09-04,-30,0.27262693316631442,0.28469715868917289,0.27866204592774368,0,32642.515536570019,1396.7153028199755,0
2026-09-04,-29,0.28469715868917289,0.29730177875068026,0.29099946871992655,0,12630.874060790022,33.05316589011656,0
2026-09-04,-28,0.29730177875068026,0.310464453018371,0.30388311588452566,0,8711.6097457600954,340.1744694601436,0
2026-09-04,-27,0.310464453018371,0.32420988866275241,0.31733717084056168,0,48151.788484640005,767.55516768999996,0
2026-09-04,-26,0.32420988866275241,0.33856388673422316,0.33138688769848779,0,16517.752101410017,2.8997281801018122,0
2026-09-04,-22,0.38555270635198519,0.40262258298731357,0.39408764466964941,0,6594.5982389303135,1946.2440828001165,0
2026-09-04,-21,0.40262258298731357,0.42044820762685725,0.41153539530708538,0,131432.13669449007,4.4799198499972714,0
2026-09-04,-16,0.5,0.52213689121370688,0.51106844560685349,0,5021.4490452400487,741.55482006,0
2026-09-05,-46,0.13631346658315721,0.14234857934458645,0.13933102296387184,0,9618.984859799999,0,0
2026-09-05,-45,0.14234857934458645,0.14865088937534013,0.14549973435996327,0,1676.9054629400055,265.83405623000044,0
2026-09-05,-44,0.14865088937534013,0.1552322265091855,0.15194155794226283,0,91014.129318980005,1.131699999999785,0
2026-09-05,-43,0.1552322265091855,0.16210494433137621,0.15866858542028084,105857.71932840002,161906.48382278017,99164.983351580042,0
2026-09-05,-42,0.16210494433137621,0.16928194336711158,0.16569344384924389,26103.630837479956,27078.906109900956,626169.30003795994,0
2026-09-05,-41,0.16928194336711158,0.17677669529663689,0.17302931933187424,748866.64718337008,127355.52952837027,12198454.886414021,0
2026-09-05,-40,0.17677669529663689,0.18460326824243742,0.18068998176953716,503248.7851451101,56629.561204860016,2317299.9170521372,0
2026-09-05,-39,0.18460326824243742,0.19277635317599259,0.18868981070921501,250523.24468575986,12913.716221530247,2601291.2158534005,0
2026-09-05,-38,0.19277635317599259,0.20131129149365679,0.1970438223348247,3747359.94337775,76594.081911660513,1646559.0871525502,0
2026-09-05,-37,0.20131129149365679,0.21022410381342863,0.20576769765354269,96384.453544500211,133495.58034214002,2853371.5120784501,0
2026-09-05,-36,0.21022410381342863,0.21953152004666243,0.21487781193004551,0,54059.980675560102,3936.8890582001582,0
2026-09-05,-35,0.21953152004666243,0.2292510108011678,0.22439126542391513,17831.596180160006,100227.19424070009,5913.7450267302756,0
2026-09-05,-34,0.2292510108011678,0.23940082017464343,0.2343259154879056,0,23985.22995650001,44112.839490099774,0
2026-09-05,-33,0.23940082017464343,0.25,0.24470041008732171,0,158442.73235000027,3767.0442486298712,0
2026-09-05,-32,0.25,0.26106844560685344,0.25553422280342675,0,68928.782667770138,289.49320211995541,0
2026-09-05,-31,0.26106844560685344,0.27262693316631442,0.26684768938658393,0,274030.03426989005,7792.9035200200815,0
2026-09-05,-30,0.27262693316631442,0.28469715868917289,0.27866204592774368,0,28610.315536570022,1396.7153028199755,0
2026-09-05,-29,0.28469715868917289,0.29730177875068026,0.29099946871992655,0,12630.874060790022,33.05316589011656,0
2026-09-05,-28,0.29730177875068026,0.310464453018371,0.30388311588452566,0,8711.6097457600954,340.1744694601436,0
2026-09-05,-27,0.310464453018371,0.32420988866275241,0.31733717084056168,0,48151.788484640005,767.55516768999996,0
2026-09-05,-26,0.32420988866275241,0.33856388673422316,0.33138688769848779,0,16517.752101410017,2.8997281801018122,0
2026-09-05,-22,0.38555270635198519,0.40262258298731357,0.39408764466964941,0,6594.5982389303135,1946.2440828001165,0
2026-09-05,-21,0.40262258298731357,0.42044820762685725,0.41153539530708538,0,131432.13669449007,4.4799198499972714,0
2026-09-05,-16,0.5,0.52213689121370688,0.51106844560685349,0,5021.4490452400487,741.55482006,0
2026-09-06,-46,0.13631346658315721,0.14234857934458645,0.13933102296387184,0,9618.984859799999,0,0
2026-09-06,-45,0.14234857934458645,0.14865088937534013,0.14549973435996327,0,1676.9054629400055,265.83405623000044,0
2026-09-06,-44,0.14865088937534013,0.1552322265091855,0.15194155794226283,0,91014.129318980005,1.131699999999785,0
2026-09-06,-43,0.1552322265091855,0.16210494433137621,0.15866858542028084,105857.71932840002,143906.48382278017,99164.983351580042,0
2026-09-06,-42,0.16210494433137621,0.16928194336711158,0.16569344384924389,25782.982516739954,27078.906109900956,626064.40803795995,0
2026-09-06,-41,0.16928194336711158,0.17677669529663689,0.17302931933187424,850179.42409456999,127355.52952837027,12268913.619424896,0
2026-09-06,-40,0.17677669529663689,0.18460326824243742,0.18068998176953716,480073.8781989601,56629.561204860016,2153204.434740663,0
2026-09-06,-39,0.18460326824243742,0.19277635317599259,0.18868981070921501,249908.71731277986,13186.978587610247,2598206.7320832005,0
2026-09-06,-38,0.19277635317599259,0.20131129149365679,0.1970438223348247,3745714.6245832997,76594.081911660513,1645919.1888281603,0
2026-09-06,-37,0.20131129149365679,0.21022410381342863,0.20576769765354269,95838.307366130219,133239.58034214002,2837523.4706254289,0
2026-09-06,-36,0.21022410381342863,0.21953152004666243,0.21487781193004551,0,53719.980675560102,3936.8890582001582,0
2026-09-06,-35,0.21953152004666243,0.2292510108011678,0.22439126542391513,17831.596180160006,100227.19424070009,5913.7450267302756,0
2026-09-06,-34,0.2292510108011678,0.23940082017464343,0.2343259154879056,0,23985.22995650001,44112.839490099774,0
2026-09-06,-33,0.23940082017464343,0.25,0.24470041008732171,0,158442.73235000027,3767.0442486298712,0
2026-09-06,-32,0.25,0.26106844560685344,0.25553422280342675,0,68928.782667770138,289.49320211995541,0
2026-09-06,-31,0.26106844560685344,0.27262693316631442,0.26684768938658393,0,273970.94426989008,7792.9035200200815,0
2026-09-06,-30,0.27262693316631442,0.28469715868917289,0.27866204592774368,0,27610.105536570019,1396.7153028199755,0
2026-09-06,-29,0.28469715868917289,0.29730177875068026,0.29099946871992655,0,12630.874060790022,33.05316589011656,0
2026-09-06,-28,0.29730177875068026,0.310464453018371,0.30388311588452566,0,8711.6097457600954,340.1744694601436,0
2026-09-06,-27,0.310464453018371,0.32420988866275241,0.31733717084056168,0,48151.788484640005,767.55516768999996,0
2026-09-06,-26,0.32420988866275241,0.33856388673422316,0.33138688769848779,0,16517.752101410017,2.8997281801018122,0
2026-09-06,-22,0.38555270635198519,0.40262258298731357,0.39408764466964941,0,6594.5982389303135,1946.2440828001165,0
2026-09-06,-21,0.40262258298731357,0.42044820762685725,0.41153539530708538,0,131432.13669449007,4.4799198499972714,0
2026-09-06,-16,0.5,0.52213689121370688,0.51106844560685349,0,5021.4490452400487,741.55482006,0
2026-09-07,-46,0.13631346658315721,0.14234857934458645,0.13933102296387184,0,9618.984859799999,0,0
2026-09-07,-45,0.14234857934458645,0.14865088937534013,0.14549973435996327,0,1676.9054629400055,265.83405623000044,0
2026-09-07,-44,0.14865088937534013,0.1552322265091855,0.15194155794226283,0,91014.129318980005,1.131699999999785,0
2026-09-07,-43,0.1552322265091855,0.16210494433137621,0.15866858542028084,74935.660717820065,172828.54243336013,99164.983351580042,0
2026-09-07,-42,0.16210494433137621,0.16928194336711158,0.16569344384924389,25782.982516739954,27078.906109900956,626064.40803795995,0
2026-09-07,-41,0.16928194336711158,0.17677669529663689,0.17302931933187424,979379.21001764003,127355.52952837027,12405845.254629837,0
2026-09-07,-40,0.17677669529663689,0.18460326824243742,0.18068998176953716,478352.88681314007,56629.561204860016,2043880.4628900429,0
2026-09-07,-39,0.18460326824243742,0.19277635317599259,0.18868981070921501,249094.16908157984,13186.978587610247,2598206.7320832005,0
2026-09-07,-38,0.19277635317599259,0.20131129149365679,0.1970438223348247,3564322.4707285198,76594.081911660513,1645919.1888281603,0
2026-09-07,-37,0.20131129149365679,0.21022410381342863,0.20576769765354269,95836.307366130219,133239.58034214002,2828647.070625429,0
2026-09-07,-36,0.21022410381342863,0.21953152004666243,0.21487781193004551,0,52439.980675560102,3936.8890582001582,0
2026-09-07,-35,0.21953152004666243,0.2292510108011678,0.22439126542391513,15417.596180160006,100227.19424070009,5913.7450267302756,0
2026-09-07,-34,0.2292510108011678,0.23940082017464343,0.2343259154879056,0,23985.22995650001,44112.839490099774,0
2026-09-07,-33,0.23940082017464343,0.25,0.24470041008732171,0,158392.73235000027,3767.0442486298712,0
2026-09-07,-32,0.25,0.26106844560685344,0.25553422280342675,0,68928.782667770138,289.49320211995541,0
2026-09-07,-31,0.26106844560685344,0.27262693316631442,0.26684768938658393,0,273769.29566483008,7792.9035200200815,0
2026-09-07,-30,0.27262693316631442,0.28469715868917289,0.27866204592774368,0,27610.105536570019,1396.7153028199755,0
2026-09-07,-29,0.28469715868917289,0.29730177875068026,0.29099946871992655,0,12630.874060790022,33.05316589011656,0
2026-09-07,-28,0.29730177875068026,0.310464453018371,0.30388311588452566,0,8711.6097457600954,340.1744694601436,0
2026-09-07,-27,0.310464453018371,0.32420988866275241,0.31733717084056168,0,48151.788484640005,767.55516768999996,0
2026-09-07,-26,0.32420988866275241,0.33856388673422316,0.33138688769848779,0,16517.752101410017,2.8997281801018122,0
2026-09-07,-22,0.38555270635198519,0.40262258298731357,0.39408764466964941,0,6594.5982389303135,1946.2440828001165,0
2026-09-07,-21,0.40262258298731357,0.42044820762685725,0.41153539530708538,0,131432.13669449007,4.4799198499972714,0
2026-09-07,-16,0.5,0.52213689121370688,0.51106844560685349,0,5021.4490452400487,741.55482006,0
2026-09-08,-46,0.13631346658315721,0.14234857934458645,0.13933102296387184,0,9618.984859799999,0,0
2026-09-08,-45,0.14234857934458645,0.14865088937534013,0.14549973435996327,0,1676.9054629400055,265.83405623000044,0
2026-09-08,-44,0.14865088937534013,0.1552322265091855,0.15194155794226283,0,91014.129318980005,1.131699999999785,0
2026-09-08,-43,0.1552322265091855,0.16210494433137621,0.15866858542028084,12485.527574520003,189278.6755766602,99164.983351580042,0
2026-09-08,-42,0.16210494433137621,0.16928194336711158,0.16569344384924389,92450.097217539966,27078.906109900956,762743.12006509013,0
2026-09-08,-41,0.16928194336711158,0.17677669529663689,0.17302931933187424,907871.78802156006,127323.93250185027,12334375.295757156,0
2026-09-08,-40,0.17677669529663689,0.18460326824243742,0.18068998176953716,473670.16912326007,56629.561204860016,1919456.3271654029,0
2026-09-08,-39,0.18460326824243742,0.19277635317599259,0.18868981070921501,249094.16908157984,13186.978587610247,2598206.7320832005,0
2026-09-08,-38,0.19277635317599259,0.20131129149365679,0.1970438223348247,3561619.6263973597,76594.081911660513,1645919.1888281603,0
2026-09-08,-37,0.20131129149365679,0.21022410381342863,0.20576769765354269,92890.606538630222,133233.30722214002,2828647.070625429,0
2026-09-08,-36,0.21022410381342863,0.21953152004666243,0.21487781193004551,0,52069.980675560102,3936.8890582001582,0
2026-09-08,-35,0.21953152004666243,0.2292510108011678,0.22439126542391513,15417.596180160006,100203.82566170009,5913.7450267302756,0
2026-09-08,-34,0.2292510108011678,0.23940082017464343,0.2343259154879056,0,23985.22995650001,44112.839490099774,0
2026-09-08,-33,0.23940082017464343,0.25,0.24470041008732171,0,158342.73234063026,3767.0442486298712,0
2026-09-08,-32,0.25,0.26106844560685344,0.25553422280342675,0,68928.782667770138,289.49320211995541,0
2026-09-08,-31,0.26106844560685344,0.27262693316631442,0.26684768938658393,0,273739.97566483007,7792.9035200200815,0
2026-09-08,-30,0.27262693316631442,0.28469715868917289,0.27866204592774368,0,27610.105536570019,1396.7153028199755,0
2026-09-08,-29,0.28469715868917289,0.29730177875068026,0.29099946871992655,0,12630.874060790022,33.05316589011656,0
2026-09-08,-28,0.29730177875068026,0.310464453018371,0.30388311588452566,0,8711.6097457600954,340.1744694601436,0
2026-09-08,-27,0.310464453018371,0.32420988866275241,0.31733717084056168,0,48151.788484640005,767.55516768999996,0
2026-09-08,-26,0.32420988866275241,0.33856388673422316,0.33138688769848779,0,16517.752101410017,2.8997281801018122,0
2026-09-08,-22,0.38555270635198519,0.40262258298731357,0.39408764466964941,0,6594.5982389303135,1946.2440828001165,0
2026-09-08,-21,0.40262258298731357,0.42044820762685725,0.41153539530708538,0,131432.13669449007,4.4799198499972714,0
2026-09-08,-16,0.5,0.52213689121370688,0.51106844560685349,0,5021.4490452400487,741.55482006,0
2026-09-09,-46,0.13631346658315721,0.14234857934458645,0.13933102296387184,0,9618.984859799999,0,0
2026-09-09,-45,0.14234857934458645,0.14865088937534013,0.14549973435996327,157818.73177952005,1676.9054629400055,244001.64027230575,0
2026-09-09,-44,0.14865088937534013,0.1552322265091855,0.15194155794226283,0,91014.129318980005,1.131699999999785,0
2026-09-09,-43,0.1552322265091855,0.16210494433137621,0.15866858542028084,12485.527574520003,147278.6755766602,99164.983351580042,0
2026-09-09,-42,0.16210494433137621,0.16928194336711158,0.16569344384924389,56755.691919819954,27078.906109900956,686796.68094909005,0
2026-09-09,-41,0.16928194336711158,0.17677669529663689,0.17302931933187424,863746.46289806999,127323.93250185027,12291383.364016864,0
2026-09-09,-40,0.17677669529663689,0.18460326824243742,0.18068998176953716,358120.09204893006,60173.029113700017,1790908.721179649,0
2026-09-09,-39,0.18460326824243742,0.19277635317599259,0.18868981070921501,247928.50343333985,13186.978587610247,2598206.7320832005,0
2026-09-09,-38,0.19277635317599259,0.20131129149365679,0.1970438223348247,3561519.6263973597,76594.081911660513,1645919.1888281603,0
2026-09-09,-37,0.20131129149365679,0.21022410381342863,0.20576769765354269,91627.498001050204,132920.17659525003,2762116.320625429,0
2026-09-09,-36,0.21022410381342863,0.21953152004666243,0.21487781193004551,0,51869.980675560102,3936.8890582001582,0
2026-09-09,-35,0.21953152004666243,0.2292510108011678,0.22439126542391513,15417.596180160006,99955.64993870008,5913.7450267302756,0
2026-09-09,-34,0.2292510108011678,0.23940082017464343,0.2343259154879056,0,23985.22995650001,44112.839490099774,0
2026-09-09,-33,0.23940082017464343,0.25,0.24470041008732171,0,158342.73234063026,3767.0442486298712,0
2026-09-09,-32,0.25,0.26106844560685344,0.25553422280342675,0,68928.782667770138,289.49320211995541,0
2026-09-09,-31,0.26106844560685344,0.27262693316631442,0.26684768938658393,0,273569.94943371008,7792.9035200200815,0
2026-09-09,-30,0.27262693316631442,0.28469715868917289,0.27866204592774368,0,27600.105536570019,1396.7153028199755,0
2026-09-09,-29,0.28469715868917289,0.29730177875068026,0.29099946871992655,0,12630.874060790022,33.05316589011656,0
2026-09-09,-28,0.29730177875068026,0.310464453018371,0.30388311588452566,0,8711.6097457600954,340.1744694601436,0
2026-09-09,-27,0.310464453018371,0.32420988866275241,0.31733717084056168,0,48151.788484640005,767.55516768999996,0
2026-09-09,-26,0.32420988866275241,0.33856388673422316,0.33138688769848779,0,16517.752101410017,2.8997281801018122,0
2026-09-09,-22,0.38555270635198519,0.40262258298731357,0.39408764466964941,0,6594.5982389303135,1946.2440828001165,0
2026-09-09,-21,0.40262258298731357,0.42044820762685725,0.41153539530708538,0,131319.25722095006,4.4799198499972714,0
2026-09-09,-16,0.5,0.52213689121370688,0.51106844560685349,0,5021.4490452400487,741.55482006,0
2026-09-10,-46,0.13631346658315721,0.14234857934458645,0.13933102296387184,0,9618.984859799999,0,0
2026-09-10,-45,0.14234857934458645,0.14865088937534013,0.14549973435996327,106529.83731803004,1676.9054629400055,165364.49615456566,0
2026-09-10,-44,0.14865088937534013,0.1552322265091855,0.15194155794226283,0,91014.129318980005,1.131699999999785,0
2026-09-10,-43,0.1552322265091855,0.16210494433137621,0.15866858542028084,97220.003463150148,118319.46475070022,299904.87843276013,0
2026-09-10,-42,0.16210494433137621,0.16928194336711158,0.16569344384924389,54176.657802149952,29140.840419660955,686796.68094909005,0
2026-09-10,-41,0.16928194336711158,0.17677669529663689,0.17302931933187424,846989.90584288002,127323.93250185027,12094650.478826234,0
2026-09-10,-40,0.17677669529663689,0.18460326824243742,0.18068998176953716,350359.87465141003,60173.029113700017,1790868.1408509195,0
2026-09-10,-39,0.18460326824243742,0.19277635317599259,0.18868981070921501,240124.65898580986,13186.978587610247,2598206.7320832005,0
2026-09-10,-38,0.19277635317599259,0.20131129149365679,0.1970438223348247,3541756.5856457297,76594.081911660513,1645919.1888281603,0
2026-09-10,-37,0.20131129149365679,0.21022410381342863,0.20576769765354269,91380.249609240127,132920.17659525003,2762116.320625429,0
2026-09-10,-36,0.21022410381342863,0.21953152004666243,0.21487781193004551,0,51269.980675560102,3936.8890582001582,0
2026-09-10,-35,0.21953152004666243,0.2292510108011678,0.22439126542391513,15417.596180160006,99894.819893020089,5913.7450267302756,0
2026-09-10,-34,0.2292510108011678,0.23940082017464343,0.2343259154879056,0,23985.22995650001,44112.839490099774,0
2026-09-10,-33,0.23940082017464343,0.25,0.24470041008732171,0,158242.20234063026,3767.0442486298712,0
2026-09-10,-32,0.25,0.26106844560685344,0.25553422280342675,0,68928.782667770138,289.49320211995541,0
2026-09-10,-31,0.26106844560685344,0.27262693316631442,0.26684768938658393,0,212447.15700449003,7792.9035200200815,0
2026-09-10,-30,0.27262693316631442,0.28469715868917289,0.27866204592774368,0,27600.105536570019,1396.7153028199755,0
2026-09-10,-29,0.28469715868917289,0.29730177875068026,0.29099946871992655,0,12630.874060790022,33.05316589011656,0
2026-09-10,-28,0.29730177875068026,0.310464453018371,0.30388311588452566,0,8711.6097457600954,340.1744694601436,0
2026-09-10,-27,0.310464453018371,0.32420988866275241,0.31733717084056168,0,48151.788484640005,767.55516768999996,0
2026-09-10,-26,0.32420988866275241,0.33856388673422316,0.33138688769848779,0,16517.752101410017,2.8997281801018122,0
2026-09-10,-22,0.38555270635198519,0.40262258298731357,0.39408764466964941,0,6433.1332207903133,1946.2440828001165,0
2026-09-10,-21,0.40262258298731357,0.42044820762685725,0.41153539530708538,0,131319.25722095006,4.4799198499972714,0
2026-09-10,-16,0.5,0.52213689121370688,0.51106844560685349,0,5021.4490452400487,741.55482006,0
2026-09-11,-46,0.13631346658315721,0.14234857934458645,0.13933102296387184,0,9618.984859799999,0,0
2026-09-11,-45,0.14234857934458645,0.14865088937534013,0.14549973435996327,104534.01429134002,1676.9054629400055,135725.38315081,0
2026-09-11,-44,0.14865088937534013,0.1552322265091855,0.15194155794226283,0,91014.129318980005,1.131699999999785,0
2026-09-11,-43,0.1552322265091855,0.16210494433137621,0.15866858542028084,152270.65614540016,118095.58585691021,375363.95559431578,0
2026-09-11,-42,0.16210494433137621,0.16928194336711158,0.16569344384924389,53876.657802139955,29140.840419650955,686796.68094909005,0
2026-09-11,-41,0.16928194336711158,0.17677669529663689,0.17302931933187424,785522.08973341994,127412.56020502027,12074963.876126515,0
2026-09-11,-40,0.17677669529663689,0.18460326824243742,0.18068998176953716,334790.84663305007,60173.029113700017,1782309.8248268897,0
2026-09-11,-39,0.18460326824243742,0.19277635317599259,0.18868981070921501,234836.23419697984,13186.978587610247,2598206.7320832005,0
2026-09-11,-38,0.19277635317599259,0.20131129149365679,0.1970438223348247,3541033.5151019897,76594.081911660513,1645919.1888281603,0
2026-09-11,-37,0.20131129149365679,0.21022410381342863,0.20576769765354269,89930.147908220126,132883.73325769001,2761691.9206254291,0
2026-09-11,-36,0.21022410381342863,0.21953152004666243,0.21487781193004551,0,51069.980675560102,3936.8890582001582,0
2026-09-11,-35,0.21953152004666243,0.2292510108011678,0.22439126542391513,15317.909894220005,99894.819893020089,5913.7450267302756,0
2026-09-11,-34,0.2292510108011678,0.23940082017464343,0.2343259154879056,0,23985.22995650001,44112.839490099774,0
2026-09-11,-33,0.23940082017464343,0.25,0.24470041008732171,0,158242.20234063026,3767.0442486298712,0
2026-09-11,-32,0.25,0.26106844560685344,0.25553422280342675,0,68801.739279090136,289.49320211995541,0
2026-09-11,-31,0.26106844560685344,0.27262693316631442,0.26684768938658393,0,209195.07699667005,7792.9035200200815,0
2026-09-11,-30,0.27262693316631442,0.28469715868917289,0.27866204592774368,0,27600.105536570019,1396.7153028199755,0
2026-09-11,-29,0.28469715868917289,0.29730177875068026,0.29099946871992655,0,12630.874060790022,33.05316589011656,0
2026-09-11,-28,0.29730177875068026,0.310464453018371,0.30388311588452566,0,8711.6097457600954,340.1744694601436,0
2026-09-11,-27,0.310464453018371,0.32420988866275241,0.31733717084056168,0,48151.788484640005,767.55516768999996,0
2026-09-11,-26,0.32420988866275241,0.33856388673422316,0.33138688769848779,0,16517.752101410017,2.8997281801018122,0
2026-09-11,-22,0.38555270635198519,0.40262258298731357,0.39408764466964941,0,6433.1332207903133,1946.2440828001165,0
2026-09-11,-21,0.40262258298731357,0.42044820762685725,0.41153539530708538,0,131319.25722095006,4.4799198499972714,0
2026-09-11,-16,0.5,0.52213689121370688,0.51106844560685349,0,5021.4490452400487,741.55482006,0
2026-09-12,-46,0.13631346658315721,0.14234857934458645,0.13933102296387184,0,9618.984859799999,0,0
2026-09-12,-45,0.14234857934458645,0.14865088937534013,0.14549973435996327,98477.525578299988,1676.9054629400055,135725.38315081,0
2026-09-12,-44,0.14865088937534013,0.1552322265091855,0.15194155794226283,0,91014.129318980005,1.131699999999785,0
2026-09-12,-43,0.1552322265091855,0.16210494433137621,0.15866858542028084,148137.9808615302,118095.58585691021,423322.3882001958,0
2026-09-12,-42,0.16210494433137621,0.16928194336711158,0.16569344384924389,53876.657802139955,29140.840419650955,686796.68094909005,0
2026-09-12,-41,0.16928194336711158,0.17677669529663689,0.17302931933187424,735003.14542512991,131376.37502817027,12054544.126556564,0
2026-09-12,-40,0.17677669529663689,0.18460326824243742,0.18068998176953716,332190.61119477003,59990.359245230014,1778385.1548268897,0
2026-09-12,-39,0.18460326824243742,0.19277635317599259,0.18868981070921501,234286.80982614984,13186.978587610247,2598206.7320832005,0
2026-09-12,-38,0.19277635317599259,0.20131129149365679,0.1970438223348247,3539297.2337205498,76594.081911660513,1645919.1888281603,0
2026-09-12,-37,0.20131129149365679,0.21022410381342863,0.20576769765354269,89930.147908220126,132883.73325769001,2761691.9206254291,0
2026-09-12,-36,0.21022410381342863,0.21953152004666243,0.21487781193004551,0,51069.980675560102,3936.8890582001582,0
2026-09-12,-35,0.21953152004666243,0.2292510108011678,0.22439126542391513,15317.909894220005,99748.608208290083,5913.7450267302756,0
2026-09-12,-34,0.2292510108011678,0.23940082017464343,0.2343259154879056,0,23985.22995650001,44112.839490099774,0
2026-09-12,-33,0.23940082017464343,0.25,0.24470041008732171,0,158218.98234063026,3767.0442486298712,0
2026-09-12,-32,0.25,0.26106844560685344,0.25553422280342675,0,68801.739279090136,289.49320211995541,0
2026-09-12,-31,0.26106844560685344,0.27262693316631442,0.26684768938658393,0,209195.07699667005,7792.9035200200815,0
2026-09-12,-30,0.27262693316631442,0.28469715868917289,0.27866204592774368,0,22550.875634580036,1396.7153028199755,0
2026-09-12,-29,0.28469715868917289,0.29730177875068026,0.29099946871992655,0,12630.874060790022,33.05316589011656,0
2026-09-12,-28,0.29730177875068026,0.310464453018371,0.30388311588452566,0,8711.6097457600954,340.1744694601436,0
2026-09-12,-27,0.310464453018371,0.32420988866275241,0.31733717084056168,0,48151.788484640005,767.55516768999996,0
2026-09-12,-26,0.32420988866275241,0.33856388673422316,0.33138688769848779,0,16517.752101410017,2.8997281801018122,0
2026-09-12,-22,0.38555270635198519,0.40262258298731357,0.39408764466964941,0,6433.1332207903133,1946.2440828001165,0
2026-09-12,-21,0.40262258298731357,0.42044820762685725,0.41153539530708538,0,131319.25722095006,4.4799198499972714,0
2026-09-12,-16,0.5,0.52213689121370688,0.51106844560685349,0,5021.4490452400487,741.55482006,0
2026-09-13,-46,0.13631346658315721,0.14234857934458645,0.13933102296387184,0,9618.984859799999,0,0
2026-09-13,-45,0.14234857934458645,0.14865088937534013,0.14549973435996327,78062.385397929989,1676.9054629400055,135644.24455663,0
2026-09-13,-44,0.14865088937534013,0.1552322265091855,0.15194155794226283,62793.1278984604,91014.129318980005,38361.129153400085,0
2026-09-13,-43,0.1552322265091855,0.16210494433137621,0.15866858542028084,108967.31704617977,118095.58585691021,402686.62857440568,0
2026-09-13,-42,0.16210494433137621,0.16928194336711158,0.16569344384924389,42759.842736229955,29140.840419650955,686748.49084136996,0
2026-09-13,-41,0.16928194336711158,0.17677669529663689,0.17302931933187424,733733.18299209001,131682.74253398029,12008494.915595604,0
2026-09-13,-40,0.17677669529663689,0.18460326824243742,0.18068998176953716,327156.49337093002,59972.409824820017,1770929.6996314595,0
2026-09-13,-39,0.18460326824243742,0.19277635317599259,0.18868981070921501,207887.88739767985,13186.978587610247,2598206.7320832005,0
2026-09-13,-38,0.19277635317599259,0.20131129149365679,0.1970438223348247,3539297.2337205298,76594.081911660513,1645919.1888281603,0
2026-09-13,-37,0.20131129149365679,0.21022410381342863,0.20576769765354269,89459.173226440122,132835.56860410003,2761496.1906254292,0
2026-09-13,-36,0.21022410381342863,0.21953152004666243,0.21487781193004551,0,50869.980675560102,3936.8890582001582,0
2026-09-13,-35,0.21953152004666243,0.2292510108011678,0.22439126542391513,15317.909894220005,99748.608208290083,5913.7450267302756,0
2026-09-13,-34,0.2292510108011678,0.23940082017464343,0.2343259154879056,0,23919.693738140013,44112.839490099774,0
2026-09-13,-33,0.23940082017464343,0.25,0.24470041008732171,0,158218.98233965028,3767.0442486298712,0
2026-09-13,-32,0.25,0.26106844560685344,0.25553422280342675,0,68801.739279090136,289.49320211995541,0
2026-09-13,-31,0.26106844560685344,0.27262693316631442,0.26684768938658393,0,209171.14699647005,7792.9035200200815,0
2026-09-13,-30,0.27262693316631442,0.28469715868917289,0.27866204592774368,0,22550.875634580036,1396.7153028199755,0
2026-09-13,-29,0.28469715868917289,0.29730177875068026,0.29099946871992655,0,12630.874060790022,33.05316589011656,0
2026-09-13,-28,0.29730177875068026,0.310464453018371,0.30388311588452566,0,8711.6097457600954,340.1744694601436,0
2026-09-13,-27,0.310464453018371,0.32420988866275241,0.31733717084056168,0,46151.788484640005,767.55516768999996,0
2026-09-13,-26,0.32420988866275241,0.33856388673422316,0.33138688769848779,0,16517.752101410017,2.8997281801018122,0
2026-09-13,-22,0.38555270635198519,0.40262258298731357,0.39408764466964941,0,6433.1332207903133,1946.2440828001165,0
2026-09-13,-21,0.40262258298731357,0.42044820762685725,0.41153539530708538,0,130296.66598550006,4.4799198499972714,0
2026-09-13,-16,0.5,0.52213689121370688,0.51106844560685349,0,5021.4490452400487,741.55482006,0
2026-09-14,-46,0.13631346658315721,0.14234857934458645,0.13933102296387184,0,9618.984859799999,0,0
2026-09-14,-45,0.14234857934458645,0.14865088937534013,0.14549973435996327,76142.489074099984,1676.9054629400055,135644.24455663,0
2026-09-14,-44,0.14865088937534013,0.1552322265091855,0.15194155794226283,46408.47197620001,91014.129318980005,33913.854379969998,0
2026-09-14,-43,0.1552322265091855,0.16210494433137621,0.15866858542028084,212573.29966403017,118095.58585691021,427237.33613914577,0
2026-09-14,-42,0.16210494433137621,0.16928194336711158,0.16569344384924389,41897.337288669958,29893.534254450955,686748.49084136996,0
2026-09-14,-41,0.16928194336711158,0.17677669529663689,0.17302931933187424,728791.20873651002,131682.74253398029,11919138.181118535,0
2026-09-14,-40,0.17677669529663689,0.18460326824243742,0.18068998176953716,321576.87913463003,59972.409824820017,1770929.6996314595,0
2026-09-14,-39,0.18460326824243742,0.19277635317599259,0.18868981070921501,207839.88739767985,13186.978587610247,2598206.7320832005,0
2026-09-14,-38,0.19277635317599259,0.20131129149365679,0.1970438223348247,3539297.2337205298,76594.081911660513,1645919.1888281603,0
2026-09-14,-37,0.20131129149365679,0.21022410381342863,0.20576769765354269,89394.173226440122,132835.56860410003,2761496.1906254292,0
2026-09-14,-36,0.21022410381342863,0.21953152004666243,0.21487781193004551,0,50869.980675560102,3936.8890582001582,0
2026-09-14,-35,0.21953152004666243,0.2292510108011678,0.22439126542391513,15317.909894220005,99725.513098290088,5913.7450267302756,0
2026-09-14,-34,0.2292510108011678,0.23940082017464343,0.2343259154879056,0,23919.693738140013,44112.839490099774,0
2026-09-14,-33,0.23940082017464343,0.25,0.24470041008732171,0,158218.98233965028,3767.0442486298712,0
2026-09-14,-32,0.25,0.26106844560685344,0.25553422280342675,0,68801.739279090136,289.49320211995541,0
2026-09-14,-31,0.26106844560685344,0.27262693316631442,0.26684768938658393,0,209171.14699647005,7792.9035200200815,0
2026-09-14,-30,0.27262693316631442,0.28469715868917289,0.27866204592774368,0,22550.875634580036,1396.7153028199755,0
2026-09-14,-29,0.28469715868917289,0.29730177875068026,0.29099946871992655,0,12630.874060790022,33.05316589011656,0
2026-09-14,-28,0.29730177875068026,0.310464453018371,0.30388311588452566,0,8711.6097457600954,340.1744694601436,0
2026-09-14,-27,0.310464453018371,0.32420988866275241,0.31733717084056168,0,45151.788484640005,767.55516768999996,0
2026-09-14,-26,0.32420988866275241,0.33856388673422316,0.33138688769848779,0,16517.752101410017,2.8997281801018122,0
2026-09-14,-22,0.38555270635198519,0.40262258298731357,0.39408764466964941,0,6433.1332207903133,1946.2440828001165,0
2026-09-14,-21,0.40262258298731357,0.42044820762685725,0.41153539530708538,0,130296.66598550006,4.4799198499972714,0
2026-09-14,-16,0.5,0.52213689121370688,0.51106844560685349,0,5021.4490452400487,741.55482006,0
2026-09-15,-46,0.13631346658315721,0.14234857934458645,0.13933102296387184,0,9618.984859799999,0,0
2026-09-15,-45,0.14234857934458645,0.14865088937534013,0.14549973435996327,75858.991080639986,1676.9054629400055,135644.24455663,0
2026-09-15,-44,0.14865088937534013,0.1552322265091855,0.15194155794226283,46259.53498247001,91014.129318980005,33913.854379969998,0
2026-09-15,-43,0.1552322265091855,0.16210494433137621,0.15866858542028084,174256.91971307018,118044.84182068023,457816.10517984576,0
2026-09-15,-42,0.16210494433137621,0.16928194336711158,0.16569344384924389,41736.006399069956,29893.534254450955,686309.92299945012,0
2026-09-15,-41,0.16928194336711158,0.17677669529663689,0.17302931933187424,725060.14059215994,131662.93402194028,11901883.916952364,0
2026-09-15,-40,0.17677669529663689,0.18460326824243742,0.18068998176953716,321576.12044967007,59972.409824820017,1770929.6996314595,0
2026-09-15,-39,0.18460326824243742,0.19277635317599259,0.18868981070921501,197969.22123842983,23049.675648900247,2598206.7320832005,0
2026-09-15,-38,0.19277635317599259,0.20131129149365679,0.1970438223348247,3539054.10939844,76552.321911270512,1645919.1888281603,0
2026-09-15,-37,0.20131129149365679,0.21022410381342863,0.20576769765354269,88663.238202790133,132813.36436114,2761496.1906254292,0
2026-09-15,-36,0.21022410381342863,0.21953152004666243,0.21487781193004551,0,50869.980675560102,3936.8890582001582,0
2026-09-15,-35,0.21953152004666243,0.2292510108011678,0.22439126542391513,15235.866294460006,99620.472394860088,5913.7450267302756,0
2026-09-15,-34,0.2292510108011678,0.23940082017464343,0.2343259154879056,0,23894.478735810011,44112.839490099774,0
2026-09-15,-33,0.23940082017464343,0.25,0.24470041008732171,0,158218.98233965028,3767.0442486298712,0
2026-09-15,-32,0.25,0.26106844560685344,0.25553422280342675,0,68801.739279090136,289.49320211995541,0
2026-09-15,-31,0.26106844560685344,0.27262693316631442,0.26684768938658393,0,209171.14699647005,7792.9035200200815,0
2026-09-15,-30,0.27262693316631442,0.28469715868917289,0.27866204592774368,0,22550.875634580036,1396.7153028199755,0
2026-09-15,-29,0.28469715868917289,0.29730177875068026,0.29099946871992655,0,12630.874060790022,33.05316589011656,0
2026-09-15,-28,0.29730177875068026,0.310464453018371,0.30388311588452566,0,8711.6097457600954,340.1744694601436,0
2026-09-15,-27,0.310464453018371,0.32420988866275241,0.31733717084056168,0,45151.788484640005,767.55516768999996,0
2026-09-15,-26,0.32420988866275241,0.33856388673422316,0.33138688769848779,0,16517.752101410017,2.8997281801018122,0
2026-09-15,-22,0.38555270635198519,0.40262258298731357,0.39408764466964941,0,6433.1332207903133,1946.2440828001165,0
2026-09-15,-21,0.40262258298731357,0.42044820762685725,0.41153539530708538,0,130296.66598550006,4.4799198499972714,0
2026-09-15,-16,0.5,0.52213689121370688,0.51106844560685349,0,5021.4490452400487,741.55482006,0
2026-09-16,-46,0.13631346658315721,0.14234857934458645,0.13933102296387184,0,9618.984859799999,0,0
2026-09-16,-45,0.14234857934458645,0.14865088937534013,0.14549973435996327,75858.991080639986,1676.9054629400055,127770.57455663,0
2026-09-16,-44,0.14865088937534013,0.1552322265091855,0.15194155794226283,46143.610310279997,91014.129318980005,26468.241388080067,0
2026-09-16,-43,0.1552322265091855,0.16210494433137621,0.15866858542028084,171526.13855508016,118044.84182068023,513589.61261574581,0
2026-09-16,-42,0.16210494433137621,0.16928194336711158,0.16569344384924389,41724.439193439954,29893.534254450955,675929.80599137,0
2026-09-16,-41,0.16928194336711158,0.17677669529663689,0.17302931933187424,724573.20691557997,131794.2349793303,11856498.748158924,0
2026-09-16,-40,0.17677669529663689,0.18460326824243742,0.18068998176953716,316832.12044967007,59972.409824820017,1766557.3843836095,0
2026-09-16,-39,0.18460326824243742,0.19277635317599259,0.18868981070921501,195277.95666377986,23049.675648900247,2598206.7320832005,0
2026-09-16,-38,0.19277635317599259,0.20131129149365679,0.1970438223348247,3538879.34423844,76552.321911270512,1645919.1888281603,0
2026-09-16,-37,0.20131129149365679,0.21022410381342863,0.20576769765354269,88166.855123050133,132812.07606114002,2761496.1906254292,0
2026-09-16,-36,0.21022410381342863,0.21953152004666243,0.21487781193004551,0,50869.980675560102,3936.8890582001582,0
2026-09-16,-35,0.21953152004666243,0.2292510108011678,0.22439126542391513,15235.866294460006,99620.472394860088,5913.7450267302756,0
2026-09-16,-34,0.2292510108011678,0.23940082017464343,0.2343259154879056,0,23894.478735810011,44112.839490099774,0
2026-09-16,-33,0.23940082017464343,0.25,0.24470041008732171,0,158173.70233965028,3767.0442486298712,0
2026-09-16,-32,0.25,0.26106844560685344,0.25553422280342675,0,68689.217576830139,289.49320211995541,0
2026-09-16,-31,0.26106844560685344,0.27262693316631442,0.26684768938658393,0,209143.35699647007,7792.9035200200815,0
2026-09-16,-30,0.27262693316631442,0.28469715868917289,0.27866204592774368,0,22550.875634580036,1396.7153028199755,0
2026-09-16,-29,0.28469715868917289,0.29730177875068026,0.29099946871992655,0,12630.874060790022,33.05316589011656,0
2026-09-16,-28,0.29730177875068026,0.310464453018371,0.30388311588452566,0,8711.6097457600954,340.1744694601436,0
2026-09-16,-27,0.310464453018371,0.32420988866275241,0.31733717084056168,0,45151.788484640005,767.55516768999996,0
2026-09-16,-26,0.32420988866275241,0.33856388673422316,0.33138688769848779,0,16517.752101410017,2.8997281801018122,0
2026-09-16,-22,0.38555270635198519,0.40262258298731357,0.39408764466964941,0,6433.1332207903133,1946.2440828001165,0
2026-09-16,-21,0.40262258298731357,0.42044820762685725,0.41153539530708538,0,130296.66598550006,4.4799198499972714,0
2026-09-16,-16,0.5,0.52213689121370688,0.51106844560685349,0,5021.4490452400487,741.55482006,0
2026-09-17,-46,0.13631346658315721,0.14234857934458645,0.13933102296387184,0,9618.984859799999,0,0
2026-09-17,-45,0.14234857934458645,0.14865088937534013,0.14549973435996327,73137.666350269981,1491.4712233000055,127770.57455663,0
2026-09-17,-44,0.14865088937534013,0.1552322265091855,0.15194155794226283,41836.243310759979,91014.129318980005,23478.676373990067,0
2026-09-17,-43,0.1552322265091855,0.16210494433137621,0.15866858542028084,129247.42873551986,118044.84182068023,503115.62860766571,0
2026-09-17,-42,0.16210494433137621,0.16928194336711158,0.16569344384924389,158904.10334398027,29893.534254450955,781181.13912784948,0
2026-09-17,-41,0.16928194336711158,0.17677669529663689,0.17302931933187424,715326.41801749985,132024.73206813043,11833098.849837795,0
2026-09-17,-40,0.17677669529663689,0.18460326824243742,0.18068998176953716,311463.46152467007,59972.409824820017,1765658.8843836095,0
2026-09-17,-39,0.18460326824243742,0.19277635317599259,0.18868981070921501,195277.95666377986,23049.675648900247,2598206.7320832005,0
2026-09-17,-38,0.19277635317599259,0.20131129149365679,0.1970438223348247,3538365.3023615098,76552.321911270512,1645919.1888281603,0
2026-09-17,-37,0.20131129149365679,0.21022410381342863,0.20576769765354269,88108.276544310123,132812.07606114002,2717496.1906254292,0
2026-09-17,-36,0.21022410381342863,0.21953152004666243,0.21487781193004551,0,50869.980675560102,3936.8890582001582,0
2026-09-17,-35,0.21953152004666243,0.2292510108011678,0.22439126542391513,15235.866294460006,99620.472394860088,5913.7450267302756,0
2026-09-17,-34,0.2292510108011678,0.23940082017464343,0.2343259154879056,0,23894.478735810011,44112.839490099774,0
2026-09-17,-33,0.23940082017464343,0.25,0.24470041008732171,0,158153.53233965026,3767.0442486298712,0
2026-09-17,-32,0.25,0.26106844560685344,0.25553422280342675,0,68689.217576830139,289.49320211995541,0
2026-09-17,-31,0.26106844560685344,0.27262693316631442,0.26684768938658393,0,209100.31699647006,7792.9035200200815,0
2026-09-17,-30,0.27262693316631442,0.28469715868917289,0.27866204592774368,0,22550.875634580036,1396.7153028199755,0
2026-09-17,-29,0.28469715868917289,0.29730177875068026,0.29099946871992655,0,12630.874060790022,33.05316589011656,0
2026-09-17,-28,0.29730177875068026,0.310464453018371,0.30388311588452566,0,8711.6097457600954,340.1744694601436,0
2026-09-17,-27,0.310464453018371,0.32420988866275241,0.31733717084056168,0,45151.788484640005,767.55516768999996,0
2026-09-17,-26,0.32420988866275241,0.33856388673422316,0.33138688769848779,0,16517.752101410017,2.8997281801018122,0
2026-09-17,-22,0.38555270635198519,0.40262258298731357,0.39408764466964941,0,6433.1332207903133,1946.2440828001165,0
2026-09-17,-21,0.40262258298731357,0.42044820762685725,0.41153539530708538,0,130296.66598550006,4.4799198499972714,0
2026-09-17,-16,0.5,0.52213689121370688,0.51106844560685349,0,5021.4490452400487,741.55482006,0
2026-09-18,-46,0.13631346658315721,0.14234857934458645,0.13933102296387184,0,9618.984859799999,0,0
2026-09-18,-45,0.14234857934458645,0.14865088937534013,0.14549973435996327,72085.041013069989,1491.4712233000055,127673.48799328001,0
2026-09-18,-44,0.14865088937534013,0.1552322265091855,0.15194155794226283,34107.025440879981,91014.129318980005,23451.864160850069,0
2026-09-18,-43,0.1552322265091855,0.16210494433137621,0.15866858542028084,128050.18191723984,118044.84182068023,484621.4724907357,0
2026-09-18,-42,0.16210494433137621,0.16928194336711158,0.16569344384924389,250036.95181261032,29893.534254450955,1088891.7563185196,0
2026-09-18,-41,0.16928194336711158,0.17677669529663689,0.17302931933187424,708381.38738593983,131958.69522600045,11826568.121187335,0
2026-09-18,-40,0.17677669529663689,0.18460326824243742,0.18068998176953716,304382.07687650004,59968.937864100015,1765658.8843836095,0
2026-09-18,-39,0.18460326824243742,0.19277635317599259,0.18868981070921501,193400.99356309985,23049.675648900247,2598206.7320832005,0
2026-09-18,-38,0.19277635317599259,0.20131129149365679,0.1970438223348247,3033365.3023615098,76398.213911270504,1645919.1888281603,0
2026-09-18,-37,0.20131129149365679,0.21022410381342863,0.20576769765354269,87777.076544310126,132812.07606114002,2717496.1906254292,0
2026-09-18,-36,0.21022410381342863,0.21953152004666243,0.21487781193004551,0,50869.980675560102,3936.8890582001582,0
2026-09-18,-35,0.21953152004666243,0.2292510108011678,0.22439126542391513,15235.866294460006,99434.06232486009,5913.7450267302756,0
2026-09-18,-34,0.2292510108011678,0.23940082017464343,0.2343259154879056,0,23740.363735810013,44112.839490099774,0
2026-09-18,-33,0.23940082017464343,0.25,0.24470041008732171,0,158111.58140565027,3767.0442486298712,0
2026-09-18,-32,0.25,0.26106844560685344,0.25553422280342675,0,68689.217576830139,289.49320211995541,0
2026-09-18,-31,0.26106844560685344,0.27262693316631442,0.26684768938658393,0,209100.31699647006,7792.9035200200815,0
2026-09-18,-30,0.27262693316631442,0.28469715868917289,0.27866204592774368,0,22550.875634580036,1396.7153028199755,0
2026-09-18,-29,0.28469715868917289,0.29730177875068026,0.29099946871992655,0,12630.874060790022,33.05316589011656,0
2026-09-18,-28,0.29730177875068026,0.310464453018371,0.30388311588452566,0,8711.6097457600954,340.1744694601436,0
2026-09-18,-27,0.310464453018371,0.32420988866275241,0.31733717084056168,0,45151.788484640005,767.55516768999996,0
2026-09-18,-26,0.32420988866275241,0.33856388673422316,0.33138688769848779,0,16517.752101410017,2.8997281801018122,0
2026-09-18,-22,0.38555270635198519,0.40262258298731357,0.39408764466964941,0,6433.1332207903133,1946.2440828001165,0
2026-09-18,-21,0.40262258298731357,0.42044820762685725,0.41153539530708538,0,130296.66598550006,4.4799198499972714,0
2026-09-18,-16,0.5,0.52213689121370688,0.51106844560685349,0,5021.4490452400487,741.55482006,0
2026-09-19,-46,0.13631346658315721,0.14234857934458645,0.13933102296387184,0,9618.984859799999,0,0
2026-09-19,-45,0.14234857934458645,0.14865088937534013,0.14549973435996327,70975.858594179983,1491.4712233000055,127673.48799328001,0
2026-09-19,-44,0.14865088937534013,0.1552322265091855,0.15194155794226283,29082.158026309982,91014.129318980005,23403.674053130071,0
2026-09-19,-43,0.1552322265091855,0.16210494433137621,0.15866858542028084,222861.02376534019,118044.84182068023,558786.86398707563,0
2026-09-19,-42,0.16210494433137621,0.16928194336711158,0.16569344384924389,183400.12037754001,30066.938474400959,1083353.5443849193,0
2026-09-19,-41,0.16928194336711158,0.17677669529663689,0.17302931933187424,697792.74761043978,131958.69522600045,11809707.743263666,0
2026-09-19,-40,0.17677669529663689,0.18460326824243742,0.18068998176953716,304361.68174412003,59968.937864100015,1765449.2842635897,0
2026-09-19,-39,0.18460326824243742,0.19277635317599259,0.18868981070921501,192364.33497837983,23049.675648900247,2598114.7283535302,0
2026-09-19,-38,0.19277635317599259,0.20131129149365679,0.1970438223348247,2834236.2480258797,76398.213911270504,1645919.1888281603,0
2026-09-19,-37,0.20131129149365679,0.21022410381342863,0.20576769765354269,87777.076544310126,132812.07606114002,2717392.098625429,0
2026-09-19,-36,0.21022410381342863,0.21953152004666243,0.21487781193004551,0,50869.980675560102,3936.8890582001582,0
2026-09-19,-35,0.21953152004666243,0.2292510108011678,0.22439126542391513,15235.866294460006,99434.06232486009,5913.7450267302756,0
2026-09-19,-34,0.2292510108011678,0.23940082017464343,0.2343259154879056,0,23740.363735810013,44112.839490099774,0
2026-09-19,-33,0.23940082017464343,0.25,0.24470041008732171,0,158003.56277308025,3767.0442486298712,0
2026-09-19,-32,0.25,0.26106844560685344,0.25553422280342675,0,68689.217576830139,289.49320211995541,0
2026-09-19,-31,0.26106844560685344,0.27262693316631442,0.26684768938658393,0,209047.68126374006,7792.9035200200815,0
2026-09-19,-30,0.27262693316631442,0.28469715868917289,0.27866204592774368,0,22450.549563010038,1396.7153028199755,0
2026-09-19,-29,0.28469715868917289,0.29730177875068026,0.29099946871992655,0,12630.874060790022,33.05316589011656,0
2026-09-19,-28,0.29730177875068026,0.310464453018371,0.30388311588452566,0,8711.6097457600954,340.1744694601436,0
2026-09-19,-27,0.310464453018371,0.32420988866275241,0.31733717084056168,0,45151.788484640005,767.55516768999996,0
2026-09-19,-26,0.32420988866275241,0.33856388673422316,0.33138688769848779,0,16517.752101410017,2.8997281801018122,0
2026-09-19,-22,0.38555270635198519,0.40262258298731357,0.39408764466964941,0,6433.1332207903133,1946.2440828001165,0
2026-09-19,-21,0.40262258298731357,0.42044820762685725,0.41153539530708538,0,130296.66598550006,4.4799198499972714,0
2026-09-19,-16,0.5,0.52213689121370688,0.51106844560685349,0,5007.7433351600494,741.55482006,0
2026-09-20,-46,0.13631346658315721,0.14234857934458645,0.13933102296387184,0,9618.984859799999,0,0
2026-09-20,-45,0.14234857934458645,0.14865088937534013,0.14549973435996327,68564.476104469984,1491.4712233000055,127673.48799328001,0
2026-09-20,-44,0.14865088937534013,0.1552322265091855,0.15194155794226283,20673.83024867998,91014.129318980005,23403.674053130071,0
2026-09-20,-43,0.1552322265091855,0.16210494433137621,0.15866858542028084,195686.43376293016,118044.84182068023,582640.03220199561,0
2026-09-20,-42,0.16210494433137621,0.16928194336711158,0.16569344384924389,178938.66594582002,30066.938474400959,1080631.7957178394,0
2026-09-20,-41,0.16928194336711158,0.17677669529663689,0.17302931933187424,675688.82612402982,131946.87602475044,11716345.189441266,0
2026-09-20,-40,0.17677669529663689,0.18460326824243742,0.18068998176953716,301060.60848362005,60265.272662740019,1765449.2842635897,0
2026-09-20,-39,0.18460326824243742,0.19277635317599259,0.18868981070921501,192164.33497738984,23049.675648900247,2598114.7283535302,0
2026-09-20,-38,0.19277635317599259,0.20131129149365679,0.1970438223348247,2834236.2480258797,76398.213911270504,1645919.1888281603,0
2026-09-20,-37,0.20131129149365679,0.21022410381342863,0.20576769765354269,87777.076544310126,132812.07606114002,2717392.098625429,0
2026-09-20,-36,0.21022410381342863,0.21953152004666243,0.21487781193004551,0,50758.510675560101,3936.8890582001582,0
2026-09-20,-35,0.21953152004666243,0.2292510108011678,0.22439126542391513,14886.929308100007,99434.06232486009,5913.7450267302756,0
2026-09-20,-34,0.2292510108011678,0.23940082017464343,0.2343259154879056,0,23740.363735810013,44112.839490099774,0
2026-09-20,-33,0.23940082017464343,0.25,0.24470041008732171,0,158003.56277308025,3767.0442486298712,0
2026-09-20,-32,0.25,0.26106844560685344,0.25553422280342675,0,68689.217576830139,289.49320211995541,0
2026-09-20,-31,0.26106844560685344,0.27262693316631442,0.26684768938658393,0,209027.27126374005,7792.9035200200815,0
2026-09-20,-30,0.27262693316631442,0.28469715868917289,0.27866204592774368,0,22447.145093250037,1396.7153028199755,0
2026-09-20,-29,0.28469715868917289,0.29730177875068026,0.29099946871992655,0,12630.874060790022,33.05316589011656,0
2026-09-20,-28,0.29730177875068026,0.310464453018371,0.30388311588452566,0,8711.6097457600954,340.1744694601436,0
2026-09-20,-27,0.310464453018371,0.32420988866275241,0.31733717084056168,0,45151.788484640005,767.55516768999996,0
2026-09-20,-26,0.32420988866275241,0.33856388673422316,0.33138688769848779,0,16517.752101410017,2.8997281801018122,0
2026-09-20,-22,0.38555270635198519,0.40262258298731357,0.39408764466964941,0,6351.8226862903139,1946.2440828001165,0
2026-09-20,-21,0.40262258298731357,0.42044820762685725,0.41153539530708538,0,130296.66598550006,4.4799198499972714,0
2026-09-20,-16,0.5,0.52213689121370688,0.51106844560685349,0,5007.7433351600494,741.55482006,0
2026-09-21,-46,0.13631346658315721,0.14234857934458645,0.13933102296387184,0,9618.984859799999,0,0
2026-09-21,-45,0.14234857934458645,0.14865088937534013,0.14549973435996327,68540.546104469991,1491.4712233000055,127641.41399382999,0
2026-09-21,-44,0.14865088937534013,0.1552322265091855,0.15194155794226283,19230.604081169997,91014.129318980005,23322.535458950071,0
2026-09-21,-43,0.1552322265091855,0.16210494433137621,0.15866858542028084,249766.62467136013,118041.84182068023,691314.2735097151,0
2026-09-21,-42,0.16210494433137621,0.16928194336711158,0.16569344384924389,175869.19129509002,30066.938474400959,1080540.41625757,0
2026-09-21,-41,0.16928194336711158,0.17677669529663689,0.17302931933187424,634957.28153581975,132430.78182467044,11674965.840412864,0
2026-09-21,-40,0.17677669529663689,0.18460326824243742,0.18068998176953716,297991.06203137001,60265.272662740019,1765449.2842635897,0
2026-09-21,-39,0.18460326824243742,0.19277635317599259,0.18868981070921501,182243.34070428985,22948.078620770248,2598114.7283535302,0
2026-09-21,-38,0.19277635317599259,0.20131129149365679,0.1970438223348247,2582229.7368171597,76357.579862850514,1645919.1888281603,0
2026-09-21,-37,0.20131129149365679,0.21022410381342863,0.20576769765354269,87777.076544310126,132812.07606114002,2717392.098625429,0
2026-09-21,-36,0.21022410381342863,0.21953152004666243,0.21487781193004551,0,50758.510675560101,3936.8890582001582,0
2026-09-21,-35,0.21953152004666243,0.2292510108011678,0.22439126542391513,14886.929308100007,99434.06232486009,5913.7450267302756,0
2026-09-21,-34,0.2292510108011678,0.23940082017464343,0.2343259154879056,0,23740.363735810013,44112.839490099774,0
2026-09-21,-33,0.23940082017464343,0.25,0.24470041008732171,0,157953.82688241027,3767.0442486298712,0
2026-09-21,-32,0.25,0.26106844560685344,0.25553422280342675,0,67956.683601320139,289.49320211995541,0
2026-09-21,-31,0.26106844560685344,0.27262693316631442,0.26684768938658393,0,205500.73429340005,7792.9035200200815,0
2026-09-21,-30,0.27262693316631442,0.28469715868917289,0.27866204592774368,0,14769.997504230036,1396.7153028199755,0
2026-09-21,-29,0.28469715868917289,0.29730177875068026,0.29099946871992655,0,12630.874060790022,33.05316589011656,0
2026-09-21,-28,0.29730177875068026,0.310464453018371,0.30388311588452566,0,8711.6097457600954,340.1744694601436,0
2026-09-21,-27,0.310464453018371,0.32420988866275241,0.31733717084056168,0,45151.788484640005,767.55516768999996,0
2026-09-21,-26,0.32420988866275241,0.33856388673422316,0.33138688769848779,0,16517.752101410017,2.8997281801018122,0
2026-09-21,-22,0.38555270635198519,0.40262258298731357,0.39408764466964941,0,6351.8226862903139,1946.2440828001165,0
2026-09-21,-21,0.40262258298731357,0.42044820762685725,0.41153539530708538,0,129962.76548397007,4.4799198499972714,0
2026-09-21,-16,0.5,0.52213689121370688,0.51106844560685349,0,5007.7433351600494,741.55482006,0
2026-09-22,-46,0.13631346658315721,0.14234857934458645,0.13933102296387184,0,9618.984859799999,0,0
2026-09-22,-45,0.14234857934458645,0.14865088937534013,0.14549973435996327,68510.718433889982,1491.4712233000055,127641.41399382999,0
2026-09-22,-44,0.14865088937534013,0.1552322265091855,0.15194155794226283,19230.604081169997,91014.129318980005,23322.535458950071,0
2026-09-22,-43,0.1552322265091855,0.16210494433137621,0.15866858542028084,182848.59183358983,118041.84182068023,668689.87766625499,0
2026-09-22,-42,0.16210494433137621,0.16928194336711158,0.16569344384924389,173833.96395821005,31852.495850570904,1080540.41625757,0
2026-09-22,-41,0.16928194336711158,0.17677669529663689,0.17302931933187424,671089.28076612006,131396.07833365045,11671661.893882975,0
2026-09-22,-40,0.17677669529663689,0.18460326824243742,0.18068998176953716,296061.96695943002,60265.272662740019,1745449.2842635897,0
2026-09-22,-39,0.18460326824243742,0.19277635317599259,0.18868981070921501,178267.95355579985,22948.078620770248,2598114.7283535302,0
2026-09-22,-38,0.19277635317599259,0.20131129149365679,0.1970438223348247,2582125.3724711598,76357.579862850514,1645849.6762638702,0
2026-09-22,-37,0.20131129149365679,0.21022410381342863,0.20576769765354269,87720.647438690125,132812.07606114002,2717392.098625429,0
2026-09-22,-36,0.21022410381342863,0.21953152004666243,0.21487781193004551,0,50558.510675560101,3936.8890582001582,0
2026-09-22,-35,0.21953152004666243,0.2292510108011678,0.22439126542391513,14886.929308100007,99434.06232486009,5913.7450267302756,0
2026-09-22,-34,0.2292510108011678,0.23940082017464343,0.2343259154879056,0,23740.363735810013,44112.839490099774,0
2026-09-22,-33,0.23940082017464343,0.25,0.24470041008732171,0,157953.82688241027,3767.0442486298712,0
2026-09-22,-32,0.25,0.26106844560685344,0.25553422280342675,0,67956.683601320139,289.49320211995541,0
2026-09-22,-31,0.26106844560685344,0.27262693316631442,0.26684768938658393,0,204500.73429340005,7792.9035200200815,0
2026-09-22,-30,0.27262693316631442,0.28469715868917289,0.27866204592774368,0,14769.997504230036,1396.7153028199755,0
2026-09-22,-29,0.28469715868917289,0.29730177875068026,0.29099946871992655,0,12630.874060790022,33.05316589011656,0
2026-09-22,-28,0.29730177875068026,0.310464453018371,0.30388311588452566,0,8711.6097457600954,340.1744694601436,0
2026-09-22,-27,0.310464453018371,0.32420988866275241,0.31733717084056168,0,45151.788484640005,767.55516768999996,0
2026-09-22,-26,0.32420988866275241,0.33856388673422316,0.33138688769848779,0,16517.752101410017,2.8997281801018122,0
2026-09-22,-22,0.38555270635198519,0.40262258298731357,0.39408764466964941,0,6351.8226862903139,1946.2440828001165,0
2026-09-22,-21,0.40262258298731357,0.42044820762685725,0.41153539530708538,0,129962.76548397007,4.4799198499972714,0
2026-09-22,-16,0.5,0.52213689121370688,0.51106844560685349,0,5007.7433351600494,741.55482006,0
2026-09-23,-46,0.13631346658315721,0.14234857934458645,0.13933102296387184,0,9618.984859799999,0,0
2026-09-23,-45,0.14234857934458645,0.14865088937534013,0.14549973435996327,68345.748562869994,1491.4712233000055,127641.41399382999,0
2026-09-23,-44,0.14865088937534013,0.1552322265091855,0.15194155794226283,19228.825623749995,91014.129318980005,7279.1015270999997,0
2026-09-23,-43,0.1552322265091855,0.16210494433137621,0.15866858542028084,184965.68876713995,118041.84182068023,708099.61669145513,0
2026-09-23,-42,0.16210494433137621,0.16928194336711158,0.16569344384924389,170709.95358733006,31852.495850570904,1026570.646619544,0
2026-09-23,-41,0.16928194336711158,0.17677669529663689,0.17302931933187424,640315.82471296994,133177.46711522044,11596961.71978881,0
2026-09-23,-40,0.17677669529663689,0.18460326824243742,0.18068998176953716,280122.58317279001,60265.272662740019,1738369.3721666296,0
2026-09-23,-39,0.18460326824243742,0.19277635317599259,0.18868981070921501,178227.95355579985,22948.078620770248,2598114.7283535302,0
2026-09-23,-38,0.19277635317599259,0.20131129149365679,0.1970438223348247,2582070.7124711596,76352.35558658051,1645849.6762638702,0
2026-09-23,-37,0.20131129149365679,0.21022410381342863,0.20576769765354269,87320.391270080116,132812.07606114002,2717392.098625429,0
2026-09-23,-36,0.21022410381342863,0.21953152004666243,0.21487781193004551,0,50358.510675560101,3936.8890582001582,0
2026-09-23,-35,0.21953152004666243,0.2292510108011678,0.22439126542391513,14886.929308100007,99434.06232486009,5913.7450267302756,0
2026-09-23,-34,0.2292510108011678,0.23940082017464343,0.2343259154879056,0,23740.363735810013,44112.839490099774,0
2026-09-23,-33,0.23940082017464343,0.25,0.24470041008732171,0,157883.02056497027,3767.0442486298712,0
2026-09-23,-32,0.25,0.26106844560685344,0.25553422280342675,0,67956.683601320139,289.49320211995541,0
2026-09-23,-31,0.26106844560685344,0.27262693316631442,0.26684768938658393,0,204497.47029503007,7792.9035200200815,0
2026-09-23,-30,0.27262693316631442,0.28469715868917289,0.27866204592774368,0,14769.997504230036,1396.7153028199755,0
2026-09-23,-29,0.28469715868917289,0.29730177875068026,0.29099946871992655,0,12630.874060790022,33.05316589011656,0
2026-09-23,-28,0.29730177875068026,0.310464453018371,0.30388311588452566,0,8711.6097457600954,340.1744694601436,0
2026-09-23,-27,0.310464453018371,0.32420988866275241,0.31733717084056168,0,45151.788484640005,767.55516768999996,0
2026-09-23,-26,0.32420988866275241,0.33856388673422316,0.33138688769848779,0,16517.752101410017,2.8997281801018122,0
2026-09-23,-22,0.38555270635198519,0.40262258298731357,0.39408764466964941,0,6351.8226862903139,1946.2440828001165,0
2026-09-23,-21,0.40262258298731357,0.42044820762685725,0.41153539530708538,0,129962.76548397007,4.4799198499972714,0
2026-09-23,-16,0.5,0.52213689121370688,0.51106844560685349,0,5007.7433351600494,741.55482006,0
2026-09-24,-46,0.13631346658315721,0.14234857934458645,0.13933102296387184,0,9618.984859799999,0,0
2026-09-24,-45,0.14234857934458645,0.14865088937534013,0.14549973435996327,68330.737535569991,1491.4712233000055,127641.41399382999,0
2026-09-24,-44,0.14865088937534013,0.1552322265091855,0.15194155794226283,19228.825623749995,91014.129318980005,7279.1015270999997,0
2026-09-24,-43,0.1552322265091855,0.16210494433137621,0.15866858542028084,163036.11875468993,118041.84182068023,762794.80302609503,0
2026-09-24,-42,0.16210494433137621,0.16928194336711158,0.16569344384924389,146894.28900509005,31852.495850570904,963587.12518218404,0
2026-09-24,-41,0.16928194336711158,0.17677669529663689,0.17302931933187424,622083.05136606994,132870.35484809044,11596961.71978881,0
2026-09-24,-40,0.17677669529663689,0.18460326824243742,0.18068998176953716,270160.35182673001,60682.462318260026,1737931.5721666296,0
2026-09-24,-39,0.18460326824243742,0.19277635317599259,0.18868981070921501,175748.90427952984,22948.078620770248,2598114.7283535302,0
2026-09-24,-38,0.19277635317599259,0.20131129149365679,0.1970438223348247,2582070.7124711596,76154.136962820514,1645849.6762638702,0
2026-09-24,-37,0.20131129149365679,0.21022410381342863,0.20576769765354269,87218.725020590122,132812.07606114002,2711256.178625429,0
2026-09-24,-36,0.21022410381342863,0.21953152004666243,0.21487781193004551,0,50358.510675560101,3936.8890582001582,0
2026-09-24,-35,0.21953152004666243,0.2292510108011678,0.22439126542391513,14886.929308100007,99434.06232486009,5913.7450267302756,0
2026-09-24,-34,0.2292510108011678,0.23940082017464343,0.2343259154879056,0,23740.363735810013,44112.839490099774,0
2026-09-24,-33,0.23940082017464343,0.25,0.24470041008732171,0,157865.19056497025,3767.0442486298712,0
2026-09-24,-32,0.25,0.26106844560685344,0.25553422280342675,0,67956.683601320139,289.49320211995541,0
2026-09-24,-31,0.26106844560685344,0.27262693316631442,0.26684768938658393,0,204474.60029503008,7792.9035200200815,0
2026-09-24,-30,0.27262693316631442,0.28469715868917289,0.27866204592774368,0,14769.997504230036,1396.7153028199755,0
2026-09-24,-29,0.28469715868917289,0.29730177875068026,0.29099946871992655,0,12630.874060790022,33.05316589011656,0
2026-09-24,-28,0.29730177875068026,0.310464453018371,0.30388311588452566,0,8711.6097457600954,340.1744694601436,0
2026-09-24,-27,0.310464453018371,0.32420988866275241,0.31733717084056168,0,45151.788484640005,767.55516768999996,0
2026-09-24,-26,0.32420988866275241,0.33856388673422316,0.33138688769848779,0,16517.752101410017,2.8997281801018122,0
2026-09-24,-22,0.38555270635198519,0.40262258298731357,0.39408764466964941,0,6351.8226862903139,1946.2440828001165,0
2026-09-24,-21,0.40262258298731357,0.42044820762685725,0.41153539530708538,0,129962.76548397007,4.4799198499972714,0
2026-09-24,-16,0.5,0.52213689121370688,0.51106844560685349,0,5007.7433351600494,741.55482006,0
2026-09-25,-46,0.13631346658315721,0.14234857934458645,0.13933102296387184,0,9618.984859799999,0,0
2026-09-25,-45,0.14234857934458645,0.14865088937534013,0.14549973435996327,64546.077535569988,1491.4712233000055,127641.41399382999,0
2026-09-25,-44,0.14865088937534013,0.1552322265091855,0.15194155794226283,19052.778869759997,91014.129318980005,7279.1015270999997,0
2026-09-25,-43,0.1552322265091855,0.16210494433137621,0.15866858542028084,133064.84703281964,118041.84182068023,730686.69748334936,0
2026-09-25,-42,0.16210494433137621,0.16928194336711158,0.16569344384924389,186401.01530057035,31852.495850570904,1046339.1638244798,0
2026-09-25,-41,0.16928194336711158,0.17677669529663689,0.17302931933187424,617881.28784731997,132255.35484809044,11596961.71978881,0
2026-09-25,-40,0.17677669529663689,0.18460326824243742,0.18068998176953716,268048.23233149003,58462.899425450021,1737931.5721666296,0
2026-09-25,-39,0.18460326824243742,0.19277635317599259,0.18868981070921501,175748.90427952984,22948.078620770248,2598114.7283535302,0
2026-09-25,-38,0.19277635317599259,0.20131129149365679,0.1970438223348247,2581954.56618792,75644.136962820514,1645849.6762638702,0
2026-09-25,-37,0.20131129149365679,0.21022410381342863,0.20576769765354269,87218.725020590122,132812.07606114002,2710956.6686254288,0
2026-09-25,-36,0.21022410381342863,0.21953152004666243,0.21487781193004551,0,50358.510675560101,3936.8890582001582,0
2026-09-25,-35,0.21953152004666243,0.2292510108011678,0.22439126542391513,0,114320.99163296008,5913.7450267302756,0
2026-09-25,-34,0.2292510108011678,0.23940082017464343,0.2343259154879056,0,23740.363735810013,44112.839490099774,0
2026-09-25,-33,0.23940082017464343,0.25,0.24470041008732171,0,157826.96056497027,3767.0442486298712,0
2026-09-25,-32,0.25,0.26106844560685344,0.25553422280342675,0,67956.683601320139,289.49320211995541,0
2026-09-25,-31,0.26106844560685344,0.27262693316631442,0.26684768938658393,0,204402.25198103007,7792.9035200200815,0
2026-09-25,-30,0.27262693316631442,0.28469715868917289,0.27866204592774368,0,14769.997504230036,1396.7153028199755,0
2026-09-25,-29,0.28469715868917289,0.29730177875068026,0.29099946871992655,0,12630.874060790022,33.05316589011656,0
2026-09-25,-28,0.29730177875068026,0.310464453018371,0.30388311588452566,0,8711.6097457600954,340.1744694601436,0
2026-09-25,-27,0.310464453018371,0.32420988866275241,0.31733717084056168,0,45151.788484640005,767.55516768999996,0
2026-09-25,-26,0.32420988866275241,0.33856388673422316,0.33138688769848779,0,16517.752101410017,2.8997281801018122,0
2026-09-25,-22,0.38555270635198519,0.40262258298731357,0.39408764466964941,0,6351.8226862903139,1946.2440828001165,0
2026-09-25,-21,0.40262258298731357,0.42044820762685725,0.41153539530708538,0,129962.76548397007,4.4799198499972714,0
2026-09-25,-16,0.5,0.52213689121370688,0.51106844560685349,0,5007.7433351600494,741.55482006,0
2026-09-26,-46,0.13631346658315721,0.14234857934458645,0.13933102296387184,0,9618.984859799999,0,0
2026-09-26,-45,0.14234857934458645,0.14865088937534013,0.14549973435996327,64461.896495399989,1491.4712233000055,127166.54906544999,0
2026-09-26,-44,0.14865088937534013,0.1552322265091855,0.15194155794226283,18810.778869759997,91014.129318980005,7279.1015270999997,0
2026-09-26,-43,0.1552322265091855,0.16210494433137621,0.15866858542028084,114109.9402241096,117930.29151003023,722909.96962008497,0
2026-09-26,-42,0.16210494433137621,0.16928194336711158,0.16569344384924389,220591.78326938039,31852.495850570904,1123298.6484883041,0
2026-09-26,-41,0.16928194336711158,0.17677669529663689,0.17302931933187424,592252.51758022001,131857.88700322044,11596833.642161481,0
2026-09-26,-40,0.17677669529663689,0.18460326824243742,0.18068998176953716,266263.15594317002,58462.899425450021,1734886.0721666296,0
2026-09-26,-39,0.18460326824243742,0.19277635317599259,0.18868981070921501,174141.33277567985,24066.156650450244,2598114.7283535302,0
2026-09-26,-38,0.19277635317599259,0.20131129149365679,0.1970438223348247,2581947.25216003,75644.136962820514,1645849.6762638702,0
2026-09-26,-37,0.20131129149365679,0.21022410381342863,0.20576769765354269,86158.191457400128,132812.07606114002,2667737.9686283991,0
2026-09-26,-36,0.21022410381342863,0.21953152004666243,0.21487781193004551,0,50358.510675560101,3936.8890582001582,0
2026-09-26,-35,0.21953152004666243,0.2292510108011678,0.22439126542391513,0,114320.99163296008,5913.7450267302756,0
2026-09-26,-34,0.2292510108011678,0.23940082017464343,0.2343259154879056,0,23740.363735810013,44112.839490099774,0
2026-09-26,-33,0.23940082017464343,0.25,0.24470041008732171,0,157759.68185685025,3767.0442486298712,0
2026-09-26,-32,0.25,0.26106844560685344,0.25553422280342675,0,67956.683601320139,289.49320211995541,0
2026-09-26,-31,0.26106844560685344,0.27262693316631442,0.26684768938658393,0,204381.14198103006,7792.9035200200815,0
2026-09-26,-30,0.27262693316631442,0.28469715868917289,0.27866204592774368,0,14769.997504230036,1396.7153028199755,0
2026-09-26,-29,0.28469715868917289,0.29730177875068026,0.29099946871992655,0,12630.874060790022,33.05316589011656,0
2026-09-26,-28,0.29730177875068026,0.310464453018371,0.30388311588452566,0,8711.6097457600954,340.1744694601436,0
2026-09-26,-27,0.310464453018371,0.32420988866275241,0.31733717084056168,0,45151.788484640005,767.55516768999996,0
2026-09-26,-26,0.32420988866275241,0.33856388673422316,0.33138688769848779,0,16517.752101410017,2.8997281801018122,0
2026-09-26,-22,0.38555270635198519,0.40262258298731357,0.39408764466964941,0,6351.8226862903139,1946.2440828001165,0
2026-09-26,-21,0.40262258298731357,0.42044820762685725,0.41153539530708538,0,129962.76548397007,4.4799198499972714,0
2026-09-26,-16,0.5,0.52213689121370688,0.51106844560685349,0,5007.7433351600494,741.55482006,0
2026-09-27,-46,0.13631346658315721,0.14234857934458645,0.13933102296387184,0,9618.984859799999,0,0
2026-09-27,-45,0.14234857934458645,0.14865088937534013,0.14549973435996327,64461.896495399989,964.56378905000543,127166.54906544999,0
2026-09-27,-44,0.14865088937534013,0.1552322265091855,0.15194155794226283,18810.778869759997,91014.129318980005,7279.1015270999997,0
2026-09-27,-43,0.1552322265091855,0.16210494433137621,0.15866858542028084,72177.697616799618,116816.40153347023,708846.10733572498,0
2026-09-27,-42,0.16210494433137621,0.16928194336711158,0.16569344384924389,245137.90361846038,26757.525727860906,1236046.6124352042,0
2026-09-27,-41,0.16928194336711158,0.17677669529663689,0.17302931933187424,544764.48468322004,129564.59628827045,11596805.879401721,0
2026-09-27,-40,0.17677669529663689,0.18460326824243742,0.18068998176953716,265365.73919456999,54198.013724010023,1730243.5618345595,0
2026-09-27,-39,0.18460326824243742,0.19277635317599259,0.18868981070921501,174141.33277567985,21851.201188050247,2598114.7283535302,0
2026-09-27,-38,0.19277635317599259,0.20131129149365679,0.1970438223348247,2577211.7360965,80379.653026350512,1645849.6762638702,0
2026-09-27,-37,0.20131129149365679,0.21022410381342863,0.20576769765354269,86158.191457400128,132565.90936523001,2651172.5386283989,0
2026-09-27,-36,0.21022410381342863,0.21953152004666243,0.21487781193004551,0,50200.271434210103,3936.8890582001582,0
2026-09-27,-35,0.21953152004666243,0.2292510108011678,0.22439126542391513,0,112091.23083553009,5913.7450267302756,0
2026-09-27,-34,0.2292510108011678,0.23940082017464343,0.2343259154879056,0,23722.963836890012,44112.839490099774,0
2026-09-27,-33,0.23940082017464343,0.25,0.24470041008732171,0,157538.55696362027,3767.0442486298712,0
2026-09-27,-32,0.25,0.26106844560685344,0.25553422280342675,0,67565.01178093013,289.49320211995541,0
2026-09-27,-31,0.26106844560685344,0.27262693316631442,0.26684768938658393,0,203760.83870527006,7792.9035200200815,0
2026-09-27,-30,0.27262693316631442,0.28469715868917289,0.27866204592774368,0,14623.886018170035,1396.7153028199755,0
2026-09-27,-29,0.28469715868917289,0.29730177875068026,0.29099946871992655,0,12559.318314010021,33.05316589011656,0
2026-09-27,-28,0.29730177875068026,0.310464453018371,0.30388311588452566,0,8711.6097457600954,340.1744694601436,0
2026-09-27,-27,0.310464453018371,0.32420988866275241,0.31733717084056168,0,45151.788484640005,767.55516768999996,0
2026-09-27,-26,0.32420988866275241,0.33856388673422316,0.33138688769848779,0,16378.373646410017,2.8997281801018122,0
2026-09-27,-22,0.38555270635198519,0.40262258298731357,0.39408764466964941,0,6351.8226862903139,1946.2440828001165,0
2026-09-27,-21,0.40262258298731357,0.42044820762685725,0.41153539530708538,0,129962.76548397007,4.4799198499972714,0
2026-09-27,-16,0.5,0.52213689121370688,0.51106844560685349,0,5007.7433351600494,741.55482006,0
2026-09-28,-46,0.13631346658315721,0.14234857934458645,0.13933102296387184,0,9618.984859799999,0,0
2026-09-28,-45,0.14234857934458645,0.14865088937534013,0.14549973435996327,64461.896495399989,964.56378905000543,127166.54906544999,0
2026-09-28,-44,0.14865088937534013,0.1552322265091855,0.15194155794226283,18810.778869759997,91014.129318980005,7279.1015270999997,0
2026-09-28,-43,0.1552322265091855,0.16210494433137621,0.15866858542028084,70858.740826259571,116816.40153347023,700715.09409166547,0
2026-09-28,-42,0.16210494433137621,0.16928194336711158,0.16569344384924389,404839.37045468047,26757.525727860906,1479847.7925305036,0
2026-09-28,-41,0.16928194336711158,0.17677669529663689,0.17302931933187424,543929.25442508003,129521.85311861045,11408087.348024901,0
2026-09-28,-40,0.17677669529663689,0.18460326824243742,0.18068998176953716,265362.60468846001,54198.013724010023,1725667.0771017696,0
2026-09-28,-39,0.18460326824243742,0.19277635317599259,0.18868981070921501,174141.33277567985,21851.201188050247,2598114.7283535302,0
2026-09-28,-38,0.19277635317599259,0.20131129149365679,0.1970438223348247,2414454.7001712397,81136.688951610515,1645849.6762638702,0
2026-09-28,-37,0.20131129149365679,0.21022410381342863,0.20576769765354269,85933.834745680128,132543.15936523001,2651172.5386283989,0
2026-09-28,-36,0.21022410381342863,0.21953152004666243,0.21487781193004551,0,50200.271434210103,3936.8890582001582,0
2026-09-28,-35,0.21953152004666243,0.2292510108011678,0.22439126542391513,0,112080.78106154008,5913.7450267302756,0
2026-09-28,-34,0.2292510108011678,0.23940082017464343,0.2343259154879056,0,23704.63158681001,44112.839490099774,0
2026-09-28,-33,0.23940082017464343,0.25,0.24470041008732171,0,157538.55696362027,3767.0442486298712,0
2026-09-28,-32,0.25,0.26106844560685344,0.25553422280342675,0,67565.01178093013,289.49320211995541,0
2026-09-28,-31,0.26106844560685344,0.27262693316631442,0.26684768938658393,0,203760.83870527006,7792.9035200200815,0
2026-09-28,-30,0.27262693316631442,0.28469715868917289,0.27866204592774368,0,14623.886018170035,1396.7153028199755,0
2026-09-28,-29,0.28469715868917289,0.29730177875068026,0.29099946871992655,0,12559.318314010021,33.05316589011656,0
2026-09-28,-28,0.29730177875068026,0.310464453018371,0.30388311588452566,0,8711.6097457600954,340.1744694601436,0
2026-09-28,-27,0.310464453018371,0.32420988866275241,0.31733717084056168,0,45151.788484640005,767.55516768999996,0
2026-09-28,-26,0.32420988866275241,0.33856388673422316,0.33138688769848779,0,16378.373646410017,2.8997281801018122,0
2026-09-28,-22,0.38555270635198519,0.40262258298731357,0.39408764466964941,0,6351.8226862903139,1946.2440828001165,0
2026-09-28,-21,0.40262258298731357,0.42044820762685725,0.41153539530708538,0,129951.36818797006,4.4799198499972714,0
2026-09-28,-16,0.5,0.52213689121370688,0.51106844560685349,0,5007.7433351600494,741.55482006,0
2026-09-29,-46,0.13631346658315721,0.14234857934458645,0.13933102296387184,0,9618.984859799999,0,0
2026-09-29,-45,0.14234857934458645,0.14865088937534013,0.14549973435996327,64319.015242819987,964.56378905000543,127166.54906544999,0
2026-09-29,-44,0.14865088937534013,0.1552322265091855,0.15194155794226283,18810.778869759997,91014.129318980005,7279.1015270999997,0
2026-09-29,-43,0.1552322265091855,0.16210494433137621,0.15866858542028084,70375.419497079565,116803.97153347023,688172.62801947549,0
2026-09-29,-42,0.16210494433137621,0.16928194336711158,0.16569344384924389,633491.04834359046,26757.525727860906,1683182.5721414897,0
2026-09-29,-41,0.16928194336711158,0.17677669529663689,0.17302931933187424,525194.35281956999,136293.82979593051,11379376.687216206,0
2026-09-29,-40,0.17677669529663689,0.18460326824243742,0.18068998176953716,245362.10930380001,54198.013724010023,1721667.0771017696,0
2026-09-29,-39,0.18460326824243742,0.19277635317599259,0.18868981070921501,174087.01033005986,21629.011517710245,2598114.7283535302,0
2026-09-29,-38,0.19277635317599259,0.20131129149365679,0.1970438223348247,2021454.7001712399,81136.688949610514,1645849.6762638702,0
2026-09-29,-37,0.20131129149365679,0.21022410381342863,0.20576769765354269,85933.834745680128,132543.15936523001,2645084.618628399,0
2026-09-29,-36,0.21022410381342863,0.21953152004666243,0.21487781193004551,0,50200.271434210103,3936.8890582001582,0
2026-09-29,-35,0.21953152004666243,0.2292510108011678,0.22439126542391513,0,112080.78106154008,5913.7450267302756,0
2026-09-29,-34,0.2292510108011678,0.23940082017464343,0.2343259154879056,0,23704.63158681001,44112.839490099774,0
2026-09-29,-33,0.23940082017464343,0.25,0.24470041008732171,0,157522.59243610027,3767.0442486298712,0
2026-09-29,-32,0.25,0.26106844560685344,0.25553422280342675,0,67565.01178093013,289.49320211995541,0
2026-09-29,-31,0.26106844560685344,0.27262693316631442,0.26684768938658393,0,203760.83870527006,7792.9035200200815,0
2026-09-29,-30,0.27262693316631442,0.28469715868917289,0.27866204592774368,0,14623.886018170035,1396.7153028199755,0
2026-09-29,-29,0.28469715868917289,0.29730177875068026,0.29099946871992655,0,12559.318314010021,33.05316589011656,0
2026-09-29,-28,0.29730177875068026,0.310464453018371,0.30388311588452566,0,8711.6097457600954,340.1744694601436,0
2026-09-29,-27,0.310464453018371,0.32420988866275241,0.31733717084056168,0,45151.788484640005,767.55516768999996,0
2026-09-29,-26,0.32420988866275241,0.33856388673422316,0.33138688769848779,0,16378.373646410017,2.8997281801018122,0
2026-09-29,-22,0.38555270635198519,0.40262258298731357,0.39408764466964941,0,6351.8226862903139,1946.2440828001165,0
2026-09-29,-21,0.40262258298731357,0.42044820762685725,0.41153539530708538,0,129951.36818797006,4.4799198499972714,0
2026-09-29,-16,0.5,0.52213689121370688,0.51106844560685349,0,5007.7433351600494,741.55482006,0
2026-09-30,-46,0.13631346658315721,0.14234857934458645,0.13933102296387184,0,9618.984859799999,0,0
2026-09-30,-45,0.14234857934458645,0.14865088937534013,0.14549973435996327,64019.015242819987,964.56378905000543,127166.54906544999,0
2026-09-30,-44,0.14865088937534013,0.1552322265091855,0.15194155794226283,18167.035954769995,91014.129318980005,7279.1015270999997,0
2026-09-30,-43,0.1552322265091855,0.16210494433137621,0.15866858542028084,70067.823772779608,116803.97153347023,678870.59613702993,0
2026-09-30,-42,0.16210494433137621,0.16928194336711158,0.16569344384924389,702380.31553378049,26757.525727860906,1927106.3278367152,0
2026-09-30,-41,0.16928194336711158,0.17677669529663689,0.17302931933187424,517139.79925695993,136043.76760412051,11372569.056108085,0
2026-09-30,-40,0.17677669529663689,0.18460326824243742,0.18068998176953716,86353.750900570012,57737.36335514002,1721667.0771017696,0
2026-09-30,-39,0.18460326824243742,0.19277635317599259,0.18868981070921501,173144.33923690984,21629.011517710245,2598114.7283535302,0
2026-09-30,-38,0.19277635317599259,0.20131129149365679,0.1970438223348247,1886157.1992930898,81136.688949610514,1645849.6762638702,0
2026-09-30,-37,0.20131129149365679,0.21022410381342863,0.20576769765354269,85933.834745680128,132539.13571874003,2645084.618628399,0
2026-09-30,-36,0.21022410381342863,0.21953152004666243,0.21487781193004551,0,50200.271434210103,3936.8890582001582,0
2026-09-30,-35,0.21953152004666243,0.2292510108011678,0.22439126542391513,0,112080.78106154008,5913.7450267302756,0
2026-09-30,-34,0.2292510108011678,0.23940082017464343,0.2343259154879056,0,23704.63158681001,44112.839490099774,0
2026-09-30,-33,0.23940082017464343,0.25,0.24470041008732171,0,157465.81243610027,3767.0442486298712,0
2026-09-30,-32,0.25,0.26106844560685344,0.25553422280342675,0,67565.01178093013,289.49320211995541,0
2026-09-30,-31,0.26106844560685344,0.27262693316631442,0.26684768938658393,0,203736.75310536005,7792.9035200200815,0
2026-09-30,-30,0.27262693316631442,0.28469715868917289,0.27866204592774368,0,14623.886018170035,1396.7153028199755,0
2026-09-30,-29,0.28469715868917289,0.29730177875068026,0.29099946871992655,0,12559.318314010021,33.05316589011656,0
2026-09-30,-28,0.29730177875068026,0.310464453018371,0.30388311588452566,0,8711.6097457600954,340.1744694601436,0
2026-09-30,-27,0.310464453018371,0.32420988866275241,0.31733717084056168,0,45151.788484640005,767.55516768999996,0
2026-09-30,-26,0.32420988866275241,0.33856388673422316,0.33138688769848779,0,16378.373646410017,2.8997281801018122,0
2026-09-30,-22,0.38555270635198519,0.40262258298731357,0.39408764466964941,0,6351.8226862903139,1946.2440828001165,0
2026-09-30,-21,0.40262258298731357,0.42044820762685725,0.41153539530708538,0,129951.36818797006,4.4799198499972714,0
2026-09-30,-16,0.5,0.52213689121370688,0.51106844560685349,0,5007.7433351600494,741.55482006,0
2026-10-01,-46,0.13631346658315721,0.14234857934458645,0.13933102296387184,0,9618.984859799999,0,0
2026-10-01,-45,0.14234857934458645,0.14865088937534013,0.14549973435996327,63865.630423799987,964.56378905000543,127166.54906544999,0
2026-10-01,-44,0.14865088937534013,0.1552322265091855,0.15194155794226283,18167.035954769995,91014.129318980005,7279.1015270999997,0
2026-10-01,-43,0.1552322265091855,0.16210494433137621,0.15866858542028084,245869.18482189006,116803.97153347023,957933.33054225007,0
2026-10-01,-42,0.16210494433137621,0.16928194336711158,0.16569344384924389,502627.99116556003,26757.525727860906,1894688.9934798952,0
2026-10-01,-41,0.16928194336711158,0.17677669529663689,0.17302931933187424,516297.30352674995,136544.8328167705,11371977.007933185,0
2026-10-01,-40,0.17677669529663689,0.18460326824243742,0.18068998176953716,86353.750900570012,57737.36335514002,1721667.0771017696,0
2026-10-01,-39,0.18460326824243742,0.19277635317599259,0.18868981070921501,173080.70806952985,21568.713066600245,2598114.7283535302,0
2026-10-01,-38,0.19277635317599259,0.20131129149365679,0.1970438223348247,1625157.1992930898,81136.688949610514,1645849.6762638702,0
2026-10-01,-37,0.20131129149365679,0.21022410381342863,0.20576769765354269,85933.834745680128,132539.13571874003,2636609.5886283992,0
2026-10-01,-36,0.21022410381342863,0.21953152004666243,0.21487781193004551,0,50200.271434210103,3936.8890582001582,0
2026-10-01,-35,0.21953152004666243,0.2292510108011678,0.22439126542391513,0,112080.78106154008,5913.7450267302756,0
2026-10-01,-34,0.2292510108011678,0.23940082017464343,0.2343259154879056,0,23278.099898370012,44112.839490099774,0
2026-10-01,-33,0.23940082017464343,0.25,0.24470041008732171,0,156997.50068503027,3767.0442486298712,0
2026-10-01,-32,0.25,0.26106844560685344,0.25553422280342675,0,67565.01178093013,289.49320211995541,0
2026-10-01,-31,0.26106844560685344,0.27262693316631442,0.26684768938658393,0,203597.50889163007,7792.9035200200815,0
2026-10-01,-30,0.27262693316631442,0.28469715868917289,0.27866204592774368,0,14623.886018170035,1396.7153028199755,0
2026-10-01,-29,0.28469715868917289,0.29730177875068026,0.29099946871992655,0,11854.113546690021,33.05316589011656,0
2026-10-01,-28,0.29730177875068026,0.310464453018371,0.30388311588452566,0,8711.6097457600954,340.1744694601436,0
2026-10-01,-27,0.310464453018371,0.32420988866275241,0.31733717084056168,0,45151.788484640005,767.55516768999996,0
2026-10-01,-26,0.32420988866275241,0.33856388673422316,0.33138688769848779,0,16378.373646410017,2.8997281801018122,0
2026-10-01,-22,0.38555270635198519,0.40262258298731357,0.39408764466964941,0,6351.8226862903139,1946.2440828001165,0
2026-10-01,-21,0.40262258298731357,0.42044820762685725,0.41153539530708538,0,129951.36818797006,4.4799198499972714,0
2026-10-01,-16,0.5,0.52213689121370688,0.51106844560685349,0,5007.7433351600494,741.55482006,0
2026-10-02,-46,0.13631346658315721,0.14234857934458645,0.13933102296387184,0,9618.984859799999,0,0
2026-10-02,-45,0.14234857934458645,0.14865088937534013,0.14549973435996327,61785.960423799988,964.56378905000543,127166.54906544999,0
2026-10-02,-44,0.14865088937534013,0.1552322265091855,0.15194155794226283,17167.035954769995,91014.129318980005,7279.1015270999997,0
2026-10-02,-43,0.1552322265091855,0.16210494433137621,0.15866858542028084,213267.66900572972,116801.97153347023,951868.73980579991,0
2026-10-02,-42,0.16210494433137621,0.16928194336711158,0.16569344384924389,443194.70812810038,26757.525727860906,1989697.7400174553,0
2026-10-02,-41,0.16928194336711158,0.17677669529663689,0.17302931933187424,511687.41929339996,139359.29730609051,11369956.593270015,0
2026-10-02,-40,0.17677669529663689,0.18460326824243742,0.18068998176953716,85440.221307060012,57737.36335514002,1721667.0771017696,0
2026-10-02,-39,0.18460326824243742,0.19277635317599259,0.18868981070921501,173080.70806952985,21568.713066600245,2598114.7283535302,0
2026-10-02,-38,0.19277635317599259,0.20131129149365679,0.1970438223348247,1625157.1992930898,81136.688949610514,1645849.6762638702,0
2026-10-02,-37,0.20131129149365679,0.21022410381342863,0.20576769765354269,85933.834745680128,131742.07425377003,2636010.388628399,0
2026-10-02,-36,0.21022410381342863,0.21953152004666243,0.21487781193004551,0,50200.271434210103,3936.8890582001582,0
2026-10-02,-35,0.21953152004666243,0.2292510108011678,0.22439126542391513,0,112080.78106154008,5913.7450267302756,0
2026-10-02,-34,0.2292510108011678,0.23940082017464343,0.2343259154879056,0,23278.099898370012,44112.839490099774,0
2026-10-02,-33,0.23940082017464343,0.25,0.24470041008732171,0,156997.50068503027,3767.0442486298712,0
2026-10-02,-32,0.25,0.26106844560685344,0.25553422280342675,0,67565.01178093013,289.49320211995541,0
2026-10-02,-31,0.26106844560685344,0.27262693316631442,0.26684768938658393,0,203597.50889163007,7792.9035200200815,0
2026-10-02,-30,0.27262693316631442,0.28469715868917289,0.27866204592774368,0,14623.886018170035,1396.7153028199755,0
2026-10-02,-29,0.28469715868917289,0.29730177875068026,0.29099946871992655,0,11854.113546690021,33.05316589011656,0
2026-10-02,-28,0.29730177875068026,0.310464453018371,0.30388311588452566,0,8711.6097457600954,340.1744694601436,0
2026-10-02,-27,0.310464453018371,0.32420988866275241,0.31733717084056168,0,45151.788484640005,767.55516768999996,0
2026-10-02,-26,0.32420988866275241,0.33856388673422316,0.33138688769848779,0,16373.312735220017,2.8997281801018122,0
2026-10-02,-22,0.38555270635198519,0.40262258298731357,0.39408764466964941,0,6351.8226862903139,1946.2440828001165,0
2026-10-02,-21,0.40262258298731357,0.42044820762685725,0.41153539530708538,0,129951.36818797006,4.4799198499972714,0
2026-10-02,-16,0.5,0.52213689121370688,0.51106844560685349,0,5007.7433351600494,741.55482006,0
2026-10-03,-46,0.13631346658315721,0.14234857934458645,0.13933102296387184,0,9618.984859799999,0,0
2026-10-03,-45,0.14234857934458645,0.14865088937534013,0.14549973435996327,61785.960423799988,964.56378905000543,127166.54906544999,0
2026-10-03,-44,0.14865088937534013,0.1552322265091855,0.15194155794226283,17167.035954769995,91014.129318980005,7279.1015270999997,0
2026-10-03,-43,0.1552322265091855,0.16210494433137621,0.15866858542028084,251561.28733502005,116801.97153347023,970387.25826377992,0
2026-10-03,-42,0.16210494433137621,0.16928194336711158,0.16569344384924389,407037.27675589005,26757.525727860906,1972975.9376383452,0
2026-10-03,-41,0.16928194336711158,0.17677669529663689,0.17302931933187424,510442.55284281995,140558.2871222705,11369660.770149015,0
2026-10-03,-40,0.17677669529663689,0.18460326824243742,0.18068998176953716,84935.68248718002,57737.36335514002,1719387.2671017696,0
2026-10-03,-39,0.18460326824243742,0.19277635317599259,0.18868981070921501,173080.70806952985,21490.479700630247,2598114.7283535302,0
2026-10-03,-38,0.19277635317599259,0.20131129149365679,0.1970438223348247,1624889.9384042199,81136.688949610514,1645849.6762638702,0
2026-10-03,-37,0.20131129149365679,0.21022410381342863,0.20576769765354269,84681.147721910122,131742.07425377003,2633607.7086283988,0
2026-10-03,-36,0.21022410381342863,0.21953152004666243,0.21487781193004551,0,50200.271434210103,3936.8890582001582,0
2026-10-03,-35,0.21953152004666243,0.2292510108011678,0.22439126542391513,0,112068.35106154009,5913.7450267302756,0
2026-10-03,-34,0.2292510108011678,0.23940082017464343,0.2343259154879056,0,23278.099898370012,44112.839490099774,0
2026-10-03,-33,0.23940082017464343,0.25,0.24470041008732171,0,156997.50068503027,3767.0442486298712,0
2026-10-03,-32,0.25,0.26106844560685344,0.25553422280342675,0,67565.01178093013,289.49320211995541,0
2026-10-03,-31,0.26106844560685344,0.27262693316631442,0.26684768938658393,0,203597.50889163007,7792.9035200200815,0
2026-10-03,-30,0.27262693316631442,0.28469715868917289,0.27866204592774368,0,14623.886018170035,1396.7153028199755,0
2026-10-03,-29,0.28469715868917289,0.29730177875068026,0.29099946871992655,0,11854.113546690021,33.05316589011656,0
2026-10-03,-28,0.29730177875068026,0.310464453018371,0.30388311588452566,0,8711.6097457600954,340.1744694601436,0
2026-10-03,-27,0.310464453018371,0.32420988866275241,0.31733717084056168,0,45151.788484640005,767.55516768999996,0
2026-10-03,-26,0.32420988866275241,0.33856388673422316,0.33138688769848779,0,16373.312735220017,2.8997281801018122,0
2026-10-03,-22,0.38555270635198519,0.40262258298731357,0.39408764466964941,0,6351.8226862903139,1946.2440828001165,0
2026-10-03,-21,0.40262258298731357,0.42044820762685725,0.41153539530708538,0,129951.36818797006,4.4799198499972714,0
2026-10-03,-16,0.5,0.52213689121370688,0.51106844560685349,0,5007.7433351600494,741.55482006,0
2026-10-04,-46,0.13631346658315721,0.14234857934458645,0.13933102296387184,0,9618.984859799999,0,0
2026-10-04,-45,0.14234857934458645,0.14865088937534013,0.14549973435996327,61785.960423799988,964.56378905000543,127166.54906544999,0
2026-10-04,-44,0.14865088937534013,0.1552322265091855,0.15194155794226283,17167.035954769995,91014.129318980005,7279.1015270999997,0
2026-10-04,-43,0.1552322265091855,0.16210494433137621,0.15866858542028084,451993.60628991004,116801.97153347023,1095143.3572335695,0
2026-10-04,-42,0.16210494433137621,0.16928194336711158,0.16569344384924389,390374.32632845006,26757.525727860906,1962762.6571314756,0
2026-10-04,-41,0.16928194336711158,0.17677669529663689,0.17302931933187424,509243.08930069982,141642.25204162061,11368392.861408236,0
2026-10-04,-40,0.17677669529663689,0.18460326824243742,0.18068998176953716,84344.387026670011,57737.36335514002,1719387.2671017696,0
2026-10-04,-39,0.18460326824243742,0.19277635317599259,0.18868981070921501,172800.68722898985,21490.479700630247,2598114.7283535302,0
2026-10-04,-38,0.19277635317599259,0.20131129149365679,0.1970438223348247,1300889.9384042199,81136.688949610514,1645849.6762638702,0
2026-10-04,-37,0.20131129149365679,0.21022410381342863,0.20576769765354269,84631.616719250116,131742.07425377003,2631288.8986283992,0
2026-10-04,-36,0.21022410381342863,0.21953152004666243,0.21487781193004551,0,50200.271434210103,3936.8890582001582,0
2026-10-04,-35,0.21953152004666243,0.2292510108011678,0.22439126542391513,0,112045.36106154008,5913.7450267302756,0
2026-10-04,-34,0.2292510108011678,0.23940082017464343,0.2343259154879056,0,23278.099898370012,44112.839490099774,0
2026-10-04,-33,0.23940082017464343,0.25,0.24470041008732171,0,156997.50068503027,3767.0442486298712,0
2026-10-04,-32,0.25,0.26106844560685344,0.25553422280342675,0,67565.01178093013,289.49320211995541,0
2026-10-04,-31,0.26106844560685344,0.27262693316631442,0.26684768938658393,0,200839.88165508007,7792.9035200200815,0
2026-10-04,-30,0.27262693316631442,0.28469715868917289,0.27866204592774368,0,14623.886018170035,1396.7153028199755,0
2026-10-04,-29,0.28469715868917289,0.29730177875068026,0.29099946871992655,0,11854.113546690021,33.05316589011656,0
2026-10-04,-28,0.29730177875068026,0.310464453018371,0.30388311588452566,0,8711.6097457600954,340.1744694601436,0
2026-10-04,-27,0.310464453018371,0.32420988866275241,0.31733717084056168,0,45151.788484640005,767.55516768999996,0
2026-10-04,-26,0.32420988866275241,0.33856388673422316,0.33138688769848779,0,16373.312735220017,2.8997281801018122,0
2026-10-04,-22,0.38555270635198519,0.40262258298731357,0.39408764466964941,0,6351.8226862903139,1946.2440828001165,0
2026-10-04,-21,0.40262258298731357,0.42044820762685725,0.41153539530708538,0,129951.36818797006,4.4799198499972714,0
2026-10-04,-16,0.5,0.52213689121370688,0.51106844560685349,0,5007.7433351600494,741.55482006,0
2026-10-05,-46,0.13631346658315721,0.14234857934458645,0.13933102296387184,0,9618.984859799999,0,0
2026-10-05,-45,0.14234857934458645,0.14865088937534013,0.14549973435996327,61785.960423799988,964.56378905000543,127166.54906544999,0
2026-10-05,-44,0.14865088937534013,0.1552322265091855,0.15194155794226283,16869.565117809994,91014.129318980005,7279.1015270999997,0
2026-10-05,-43,0.1552322265091855,0.16210494433137621,0.15866858542028084,366165.3643344997,116801.97153347023,1078465.8587144795,0
2026-10-05,-42,0.16210494433137621,0.16928194336711158,0.16569344384924389,526576.39356885047,27951.344356750906,2038439.4540553195,0
2026-10-05,-41,0.16928194336711158,0.17677669529663689,0.17302931933187424,506421.71080333984,141642.25204162061,11341659.16121725,0
2026-10-05,-40,0.17677669529663689,0.18460326824243742,0.18068998176953716,82183.29669451002,57711.486670920021,1714198.2071017695,0
2026-10-05,-39,0.18460326824243742,0.19277635317599259,0.18868981070921501,172800.68722898985,21490.479700630247,2598114.7283535302,0
2026-10-05,-38,0.19277635317599259,0.20131129149365679,0.1970438223348247,1170839.9384042199,80415.942628850506,1645849.6762638702,0
2026-10-05,-37,0.20131129149365679,0.21022410381342863,0.20576769765354269,84393.003864470127,131665.60429603001,2631288.8986283992,0
2026-10-05,-36,0.21022410381342863,0.21953152004666243,0.21487781193004551,0,50200.271434210103,3936.8890582001582,0
2026-10-05,-35,0.21953152004666243,0.2292510108011678,0.22439126542391513,0,112045.36106154008,5913.7450267302756,0
2026-10-05,-34,0.2292510108011678,0.23940082017464343,0.2343259154879056,0,23270.65573825001,44112.839490099774,0
2026-10-05,-33,0.23940082017464343,0.25,0.24470041008732171,0,156965.48068503026,3767.0442486298712,0
2026-10-05,-32,0.25,0.26106844560685344,0.25553422280342675,0,67565.01178093013,289.49320211995541,0
2026-10-05,-31,0.26106844560685344,0.27262693316631442,0.26684768938658393,0,200513.84319316005,7792.9035200200815,0
2026-10-05,-30,0.27262693316631442,0.28469715868917289,0.27866204592774368,0,14623.886018170035,1396.7153028199755,0
2026-10-05,-29,0.28469715868917289,0.29730177875068026,0.29099946871992655,0,11854.113546690021,33.05316589011656,0
2026-10-05,-28,0.29730177875068026,0.310464453018371,0.30388311588452566,0,8711.6097457600954,340.1744694601436,0
2026-10-05,-27,0.310464453018371,0.32420988866275241,0.31733717084056168,0,45151.788484640005,767.55516768999996,0
2026-10-05,-26,0.32420988866275241,0.33856388673422316,0.33138688769848779,0,16364.710179820016,2.8997281801018122,0
2026-10-05,-22,0.38555270635198519,0.40262258298731357,0.39408764466964941,0,6351.8226862903139,1946.2440828001165,0
2026-10-05,-21,0.40262258298731357,0.42044820762685725,0.41153539530708538,0,129951.36818797006,4.4799198499972714,0
2026-10-05,-16,0.5,0.52213689121370688,0.51106844560685349,0,5007.7433351600494,741.55482006,0
2026-10-06,-46,0.13631346658315721,0.14234857934458645,0.13933102296387184,0,9618.984859799999,0,0
2026-10-06,-45,0.14234857934458645,0.14865088937534013,0.14549973435996327,61785.960423799988,964.56378905000543,127166.54906544999,0
2026-10-06,-44,0.14865088937534013,0.1552322265091855,0.15194155794226283,16825.086454759996,91014.129318980005,7279.1015270999997,0
2026-10-06,-43,0.1552322265091855,0.16210494433137621,0.15866858542028084,1865108.2884706401,116801.97153347023,1166977.9082656095,0
2026-10-06,-42,0.16210494433137621,0.16928194336711158,0.16569344384924389,473484.70055709005,28125.026335860912,2007327.2541261397,0
2026-10-06,-41,0.16928194336711158,0.17677669529663689,0.17302931933187424,506140.02973828983,141372.1355366206,11341659.16121725,0
2026-10-06,-40,0.17677669529663689,0.18460326824243742,0.18068998176953716,81971.766246000014,57711.486670920021,1714198.2071017695,0
2026-10-06,-39,0.18460326824243742,0.19277635317599259,0.18868981070921501,172800.68722898985,21490.479700630247,2598114.7283535302,0
2026-10-06,-38,0.19277635317599259,0.20131129149365679,0.1970438223348247,1035660.9803691298,80115.394359860511,1645849.6762638702,0
2026-10-06,-37,0.20131129149365679,0.21022410381342863,0.20576769765354269,84393.003864470127,131080.66182428002,2631288.8986283992,0
2026-10-06,-36,0.21022410381342863,0.21953152004666243,0.21487781193004551,0,50200.271434210103,3936.8890582001582,0
2026-10-06,-35,0.21953152004666243,0.2292510108011678,0.22439126542391513,0,112045.36106154008,5913.7450267302756,0
2026-10-06,-34,0.2292510108011678,0.23940082017464343,0.2343259154879056,0,23270.65573825001,44112.839490099774,0
2026-10-06,-33,0.23940082017464343,0.25,0.24470041008732171,0,156949.88068503025,3767.0442486298712,0
2026-10-06,-32,0.25,0.26106844560685344,0.25553422280342675,0,67565.01178093013,289.49320211995541,0
2026-10-06,-31,0.26106844560685344,0.27262693316631442,0.26684768938658393,0,200495.96694605006,7792.9035200200815,0
2026-10-06,-30,0.27262693316631442,0.28469715868917289,0.27866204592774368,0,14623.886018170035,1396.7153028199755,0
2026-10-06,-29,0.28469715868917289,0.29730177875068026,0.29099946871992655,0,11854.113546690021,33.05316589011656,0
2026-10-06,-28,0.29730177875068026,0.310464453018371,0.30388311588452566,0,8711.6097457600954,340.1744694601436,0
2026-10-06,-27,0.310464453018371,0.32420988866275241,0.31733717084056168,0,45151.788484640005,767.55516768999996,0
2026-10-06,-26,0.32420988866275241,0.33856388673422316,0.33138688769848779,0,16364.710179820016,2.8997281801018122,0
2026-10-06,-22,0.38555270635198519,0.40262258298731357,0.39408764466964941,0,6351.8226862903139,1946.2440828001165,0
2026-10-06,-21,0.40262258298731357,0.42044820762685725,0.41153539530708538,0,129951.36818797006,4.4799198499972714,0
2026-10-06,-16,0.5,0.52213689121370688,0.51106844560685349,0,5007.7433351600494,741.55482006,0
