day,price,market_cap,buyers,total_buy_qty,total_buy_usd,avg_buy_usd,ratio_pct,bucket
2024-01-10,0.219553283,313450259.4,7,50848.48484848485,11163.951784060604,1594.8502548658005,0.0005088048923355,Normal
2024-01-11,0.219553283,313450259.4,7,33090.90909090909,7265.217728363636,1037.8882469090909,0.0003311173673602,Retail Orders
2024-01-12,0.219553283,313450259.4,19,145757.57575757577,32001.554279696968,1684.2923305103668,0.0005373395873828,Normal
2024-01-13,0.219553283,313450259.4,18,112007.0,24591.504568981,1366.1946982767222,0.0004358569365652,Retail Orders
2024-01-14,0.219553283,313450259.4,14,94343.21212121211,20713.361949977512,1479.5258535698224,0.0004720129619295,Retail Orders
2024-01-15,0.219553283,313450259.4,6,10576011.727272728,2321998.095769228,386999.68262820464,0.1234644639851284,Big Whale Orders
2024-01-16,0.219553283,313450259.4,123,1547866.3333333333,339839.13512850564,2762.919797792729,0.0008814539835064,Normal
2024-01-17,0.219553283,313450259.4,270,5489935.787878788,1205333.4256879794,4464.197872918442,0.0014242125310292,Normal
2024-01-18,0.219553283,313450259.4,5156,866724831.291491,190292282.167668,36906.95930327153,0.0117744229575429,Small Whale Orders
2024-01-19,0.219553283,313450259.4,1400,805262084.0947908,176797934.2384334,126284.23874173814,0.0402884460786438,Small Whale Orders
2024-01-20,0.198706176,283687410.9,728,40729488.52013014,8093200.91427096,11117.03422289967,0.0039187619174325,Normal
2024-01-21,0.20392574,294593566.5,1315,44616045.352317885,9098360.064344984,6918.904991897327,0.002348627322076,Normal
2024-01-22,0.282148965,407463641.3,1208,135244988.72180033,38159233.58929262,31588.76952756012,0.0077525369936755,Small Whale Orders
2024-01-23,0.244220181,357133380.0,868,35317828.12642537,8625326.377562495,9937.01195571716,0.0027824371823538,Normal
2024-01-24,0.250577157,361380322.8,575,36034539.96672256,9029432.578664212,15703.361006372545,0.0043453835241226,Normal
2024-01-25,0.255335234,367469681.2,421,11395890.33825737,2909772.326157285,6911.573221276211,0.0018808553670893,Normal
2024-01-26,0.223746301,322727014.9,434,21478361.694254167,4805703.980629463,11073.050646611666,0.0034310888569532,Normal
2024-01-27,0.227666737,328656319.6,600,18811359.37259729,4282720.806893593,7137.868011489321,0.0021718334886049,Normal
2024-01-28,0.26391244,383831761.6,574,18126118.030891296,4783708.037260518,8333.986127631566,0.0021712601617154,Normal
2024-01-29,0.257031551,370508533.8,400,9860799.408923084,2534536.566175384,6336.34141543846,0.0017101742166237,Normal
2024-01-30,0.267687695,386952113.9,429,67951135.56190191,18189682.85119805,42400.19312633578,0.010957478096965,Small Whale Orders
2024-01-31,0.239605531,345716246.1,409,16871888.018315714,4042597.6876010746,9884.101925675,0.0028590215349081,Normal
2024-02-01,0.215622562,312184868.1,362,24017593.364032462,5178735.014226878,14305.897829356018,0.0045825084080543,Normal
2024-02-02,0.208403258,301173875.1,280,8248116.4993529,1718934.3508286993,6139.051252959641,0.0020383744277026,Normal
2024-02-03,0.221749938,320289431.1,289,9138779.76789249,2026523.846925814,7012.193241957833,0.0021893301998368,Normal
2024-02-04,0.207135454,299636769.9,259,4046159.008988714,838102.9832830674,3235.9188543747773,0.0010799471825352,Normal
2024-02-05,0.207006413,298653018.2,268,2917970.610846956,604038.629390847,2253.875482801668,0.0007546802963472,Normal
2024-02-06,0.213204445,307278417.3,242,11284914.941559937,2405994.026987493,9942.124078460716,0.0032355425954807,Normal
2024-02-07,0.223237307,322404175.6,232,48109488.14322229,10739832.574241374,46292.38178552316,0.0143584932482255,Small Whale Orders
2024-02-08,0.241042598,347204135.1,210,12523023.596592678,3018582.1425380027,14374.200678752391,0.0041399854510985,Normal
2024-02-09,0.228486539,331645390.1,226,13177307.40902616,3010837.363227444,13322.28921782055,0.0040170283126213,Normal
2024-02-10,0.223194811,322796196.5,204,3445751.60987836,769073.8793197462,3769.969996665424,0.0011679102906237,Normal
2024-02-11,0.22172222,320354623.0,245,6160216.983086583,1365856.9851716596,5574.926470088407,0.001740235997808,Normal
2024-02-12,0.239058154,344959743.6,222,6069507.610676058,1450965.285097169,6535.87966259986,0.001894678954243,Normal
2024-02-13,0.242697952,350958843.5,333,39042445.34832952,9475521.5271115,28455.01960093544,0.0081077938704044,Small Whale Orders
2024-02-14,0.250264277,361420336.4,452,15265032.021821192,3820292.202322928,8451.973898944532,0.0023385440850208,Normal
2024-02-15,0.287540796,412484509.9,359,12282736.44856483,3531787.815478544,9837.849068185358,0.0023850226692319,Normal
2024-02-16,0.260739604,376678762.1,261,13502005.348212227,3520507.5276987385,13488.534588884057,0.0035809118925858,Normal
2024-02-17,0.262119734,378596939.4,191,5779327.134362237,1514875.6911580116,7931.286341141422,0.002094915599083,Normal
2024-02-18,0.252693846,365734454.6,336,8164083.007693675,2063013.5342773625,6139.9212329683405,0.0016787921279343,Normal
2024-02-19,0.268699365,388349154.6,546,20060053.73023662,5390123.6991804615,9872.021427070442,0.0025420478737075,Normal
2024-02-20,0.349752436,506240057.1,381,14466124.871992022,5059562.413459398,13279.69137390918,0.0026232004337985,Normal
2024-02-21,0.344403366,498590689.4,275,12037795.553038044,4145857.307686133,15075.844755222302,0.0030236915922686,Normal
2024-02-22,0.370631667,535857524.4,572,22927534.54461273,8497670.348469904,14856.067042779552,0.0027723912357886,Normal
2024-02-23,0.430968565,620479946.3,475,23108032.912076555,9958835.784090403,20965.97007176928,0.0033789923746596,Normal
2024-02-24,0.411410993,595033929.2,353,10808439.561808923,4446710.852904294,12596.914597462588,0.002117007783808,Normal
2024-02-25,0.417478966,602816770.8,365,15503920.550949149,6472560.7205564,17733.043070017535,0.0029416970344876,Normal
2024-02-26,0.42068714,607925431.5,289,7992263.096552051,3362242.304216026,11634.056415972407,0.0019137308316361,Normal
2024-02-27,0.430276155,622366790.9,258,10468992.27308171,4504557.741986308,17459.526131729875,0.0028053434706054,Normal
2024-02-28,0.440088113,635508681.7,384,10195373.340998426,4486862.614970502,11684.538059819017,0.0018386118705038,Normal
2024-02-29,0.407124892,588539240.2,416,23552798.772151258,9588930.656409811,23050.31407790821,0.0039165296896898,Normal
2024-03-01,0.434073647,627772940.7,632,17560692.407318253,7622633.797089843,12061.129425775069,0.0019212566588687,Normal
2024-03-02,0.508831529,739983958.9,352,12291830.039565695,6254470.673240344,17768.382594432795,0.0024011848339044,Normal
2024-03-03,0.488721098,705972479.2,333,7769818.085815992,3797274.0261602495,11403.225303784537,0.0016152506846593,Normal
2024-03-04,0.501846754,724078071.0,331,11380297.360861557,5711165.290103138,17254.275800915828,0.0023829303070988,Normal
2024-03-05,0.490726697,707904305.8,326,14957916.931348816,7340249.16972118,22516.10174761098,0.0031806702633579,Normal
2024-03-06,0.517978918,750724356.4,428,24932764.365259107,12914646.308665868,30174.40726323801,0.0040193723576434,Normal
2024-03-07,0.576184532,830542653.1,531,19470132.9054731,11218389.41611782,21126.91038816915,0.0025437477905936,Normal
2024-03-08,0.600631716,866378603.1,486,12815688.974286094,7697509.260347736,15838.496420468591,0.001828126452315,Normal
2024-03-09,0.601160345,867667327.0,403,14276792.10106767,8582641.264971117,21296.87658801765,0.0024544979308662,Normal
2024-03-10,0.612775788,884556251.0,355,13154975.156739317,8061050.267791358,22707.1838529334,0.0025670706444347,Normal
2024-03-11,0.594935461,857431587.4,329,26307579.943922512,15651312.201731898,47572.37751286291,0.005548241773681,Small Whale Orders
2024-03-12,0.614869291,889506291.4,300,8492009.08306333,5221475.604068711,17404.918680229035,0.0019566942750719,Normal
2024-03-13,0.586211585,848320510.4,283,4229512.936770124,2479389.4824420195,8761.093577533638,0.0010327574861301,Normal
2024-03-14,0.569761285,821738973.2,298,9278578.266092297,5286574.675861818,17740.183476046368,0.0021588587196932,Normal
2024-03-15,0.551686895,796383454.0,385,7118982.472388792,3927449.335751596,10201.1671058483,0.0012809365958836,Normal
2024-03-16,0.517922622,749749329.7,318,6626662.760653029,3432098.552107176,10792.762742475394,0.0014395161575928,Normal
2024-03-17,0.468993634,678902726.0,341,4631079.574143026,2171946.83882051,6369.345568388592,0.0009381823528557,Normal
2024-03-18,0.490370583,708231827.1,279,5134666.039383424,2517889.179242751,9024.69239871954,0.0012742568257166,Normal
2024-03-19,0.445676187,643501822.3,459,14685715.08175218,6545073.501003706,14259.419392164937,0.0022159097143189,Normal
2024-03-20,0.511724705,740280132.3,717,27250313.571325857,13944658.67344422,19448.617396714395,0.0026271969958573,Normal
2024-03-21,0.657634315,954270500.6,1112,83497802.94054414,54911020.44080974,49380.41406547638,0.0051746767855056,Small Whale Orders
2024-03-22,0.74538891,1082492640.0,721,97837675.34876654,72927118.18515095,101147.18194889175,0.0093439140564403,Small Whale Orders
2024-03-23,0.735118137,1052692251.0,594,8690859.59883051,6388808.517220852,10755.569894311198,0.001021720249588,Normal
2024-03-24,0.704073919,1016512635.0,1041,9981560.026655052,7027756.085700767,6750.966460807654,0.0006641301080146,Normal
2024-03-25,0.881894666,1270519035.0,1444,37313670.10529555,32906726.6347438,22788.59185231565,0.0017936442685658,Normal
2024-03-26,0.930482705,1348775433.0,2226,359297607.9490821,334320210.14449143,150188.77364981646,0.0111351949312837,Small Whale Orders
2024-03-27,0.881893281,1271566239.0,1659,20049544.96669185,17681558.993232913,10657.96202123744,0.0008381759199284,Normal
2024-03-28,0.867596671,1244338268.0,1400,26856655.63376952,23300745.02205183,16643.38930146559,0.001337529330205,Normal
2024-03-29,0.909491579,1309499196.0,988,24537155.447771046,22316336.25236174,22587.38487081148,0.0017248872652848,Normal
2024-03-30,0.876730943,1266894060.0,1012,11963997.264065092,10489206.603373207,10364.82865945969,0.0008181290754066,Normal
2024-03-31,0.895135822,1291442764.0,1083,11531551.056994762,10322304.434337975,9531.213697449652,0.0007380283480723,Normal
2024-04-01,0.979182638,1411485084.0,1077,21491028.01405993,21043641.504139107,19539.128601800472,0.001384295790532,Normal
2024-04-02,0.9027016,1311360598.0,914,22061390.413268752,19914852.424282365,21788.678801184207,0.0016615322158081,Normal
2024-04-03,0.795862658,1152525559.0,834,17535661.587150514,13955978.24053811,16733.786859158405,0.0014519232765369,Normal
2024-04-04,0.802750445,1165036931.0,845,15747636.749978429,12641422.408743538,14960.263205613654,0.001284102057844,Normal
2024-04-05,0.807436349,1165864636.0,688,5375869.51670517,4340672.455268818,6309.1169407977,0.0005411534706502,Normal
2024-04-06,0.77687685,1124275289.0,725,3901367.348431729,3030881.976342494,4180.5268639206815,0.000371841923844,Retail Orders
2024-04-07,0.800775958,1156410897.0,820,3593007.6394055537,2877194.134546301,3508.773334812562,0.0003034192555531,Retail Orders
2024-04-08,0.806346474,1164858108.0,695,7213390.046795875,5816491.629820549,8369.052704777769,0.0007184611282095,Normal
2024-04-09,0.848224689,1225927399.0,672,6927184.891900724,5875809.25057799,8743.763765741056,0.000713236670693,Normal
2024-04-10,0.758936152,1096679086.0,694,18871448.37846952,14322224.415022297,20637.210972654608,0.0018817912401271,Normal
2024-04-11,0.774815282,1119289183.0,734,8296207.335110913,6428028.225884431,8757.53164289432,0.0007824190366444,Normal
2024-04-12,0.821970839,1186090928.0,1219,20491091.136995945,16843079.37390202,13817.128280477456,0.0011649299353276,Normal
2024-04-13,0.703691486,1015153693.0,1429,18857540.624632336,13269890.784452897,9286.137707804686,0.000914751901297,Normal
2024-04-14,0.790584921,1146480217.0,1398,11234636.741397304,8881934.400661284,6353.315021932249,0.0005541582774587,Normal
2024-04-15,0.894807486,1298964985.0,1309,33567808.61547879,30036726.43774572,22946.315078491763,0.0017665075920804,Normal
2024-04-16,0.862506219,1237960777.0,1087,13826843.453054933,11925738.467399312,10971.240540385752,0.0008862349069711,Normal
2024-04-17,0.825123237,1192449336.0,906,20625272.753391948,17018391.818286665,18784.09692967623,0.0015752532508162,Normal
2024-04-18,0.797940458,1154825469.0,985,19713228.721719123,15729982.754867312,15969.5256394592,0.0013828518739968,Normal
2024-04-19,0.764470716,1106371043.0,1034,13787859.75005069,10540415.015228832,10193.824966372178,0.000921374888729,Normal
2024-04-20,0.753501749,1087691994.0,891,5046954.383986966,3802888.955457396,4268.113305788324,0.0003924009121453,Retail Orders
2024-04-21,0.820608151,1185323164.0,790,6430710.686572625,5277093.606124302,6679.865324207978,0.0005635480286798,Normal
2024-04-22,0.810886219,1171218314.0,674,34661386.78707959,28106440.87707153,41700.950856189214,0.0035604763311606,Normal
2024-04-23,0.786915217,1135834940.0,854,39814099.21144072,31330320.520630404,36686.557986686654,0.003229919832074,Normal
2024-04-24,0.800334515,1155584010.0,824,48430707.89294291,38760767.11260513,47039.76591335575,0.00407064873746,Normal
2024-04-25,0.838455786,1210821498.0,628,13392726.217255782,11229208.787172005,17880.90571205733,0.0014767581961166,Normal
2024-04-26,0.813886263,1181279185.0,595,16050699.600034898,13063443.916007996,21955.36792606386,0.0018586095653639,Normal
2024-04-27,0.769702882,1111588551.0,553,3965113.3039475176,3051959.1375049464,5518.913449376033,0.0004964888712114,Retail Orders
2024-04-28,0.797261613,1149552513.0,570,3428632.16010534,2733516.806349257,4795.643519910978,0.0004171748106918,Retail Orders
2024-04-29,0.773393427,1114990114.0,583,6561218.125568693,5074402.971428088,8703.950208281454,0.0007806302584205,Normal
2024-04-30,0.781508543,1129422794.0,698,5759799.143149666,4501332.236335544,6448.900052056653,0.0005709907827534,Normal
2024-05-01,0.745254186,1076745745.0,890,9277504.792899694,6914099.2825435605,7768.650879262427,0.0007214935294926,Normal
2024-05-02,0.769530592,1111007612.0,679,5337471.113132204,4107347.305471524,6049.11237919223,0.0005444708311496,Normal
2024-05-03,0.804795983,1163092283.0,734,23552539.8780584,18954989.48330871,25824.23635328162,0.0022203084596754,Normal
2024-05-04,0.822137826,1189135971.0,597,3764772.102994456,3095161.55214131,5184.525212967019,0.0004359909496814,Retail Orders
2024-05-05,0.806142458,1164722027.0,615,16335189.171878496,13168489.550913114,21412.17813156604,0.0018383938515113,Normal
2024-05-06,0.853577341,1229648060.0,677,30433640.76414447,25977466.160407647,38371.44189129637,0.0031205222973552,Normal
2024-05-07,0.828719351,1197168122.0,651,26510775.907946944,21969993.004940227,33748.069132012635,0.0028189916279789,Normal
2024-05-08,0.797346305,1152812397.0,640,21428226.51472373,17085717.234217994,26696.433178465617,0.0023157656222242,Normal
2024-05-09,0.769513041,1109909860.0,725,26795210.339911133,20619263.792899657,28440.36385227539,0.00256240302724,Normal
2024-05-10,0.816918701,1179933521.0,652,4372848.710191583,3572261.8879992333,5478.929276072444,0.0004643422005189,Retail Orders
2024-05-11,0.802952276,1160927183.0,481,2362598.201189147,1897053.6029183315,3943.978384445595,0.0003397265945874,Retail Orders
2024-05-12,0.785923306,1135036221.0,522,17283047.458604265,13583149.79642116,26021.35976325893,0.0022925576542688,Normal
2024-05-13,0.785142429,1133134432.0,536,6910965.234806935,5426092.031190872,10123.30602834118,0.0008933896757927,Normal
2024-05-14,0.768668749,1109595894.0,532,5468844.154506291,4203729.594720314,7901.747358496831,0.0007121283884722,Normal
2024-05-15,0.733329341,1058951213.0,771,11403019.65181209,8362168.8866734095,10845.874042377964,0.0010242090390218,Normal
2024-05-16,0.841649472,1217399751.0,679,15547168.134488046,13085265.851487087,19271.37827906788,0.0015829950895946,Normal
2024-05-17,0.865301876,1246032256.0,962,12417537.627358338,10744918.604253758,11169.35405847584,0.000896393653109,Normal
2024-05-18,0.953596308,1373319252.0,1061,21845518.22408485,20831805.52483404,19634.1239630858,0.0014296838797309,Normal
2024-05-19,0.932220374,1343427928.0,776,9451186.690386549,8810588.79125597,11353.851535123673,0.000845140353158,Normal
2024-05-20,0.899418046,1296390986.0,799,23397424.308492124,21044065.65297689,26338.00457193603,0.0020316405202107,Normal
2024-05-21,0.971358097,1396308402.0,770,10845322.767854815,10534692.085134229,13681.418292382115,0.0009798278283497,Normal
2024-05-22,0.937402767,1351922401.0,693,38975834.43248783,36536055.043147966,52721.580148842666,0.0038997489878002,Normal
2024-05-23,0.933448689,1345483054.0,875,16094131.980007574,15023046.397331044,17169.19588266405,0.0012760618449724,Normal
2024-05-24,1.07143596,1538983242.0,1264,24770759.29009017,26540282.25990668,20997.05874992617,0.0013643461590029,Normal
2024-05-25,1.13960952,1644858878.0,1279,12739957.602020271,14518576.967658674,11351.506620530628,0.0006901203970964,Normal
2024-05-26,1.239188639,1792485912.0,1156,7517081.08409508,9315081.477852426,8058.028960079953,0.0004495448977386,Retail Orders
2024-05-27,1.223515503,1768835661.0,860,16000823.560854524,19577255.68747317,22764.250799387413,0.0012869624522674,Normal
2024-05-28,1.220417846,1764763330.0,729,6781111.944929623,8275790.033315881,11352.24970276527,0.0006432732089217,Normal
2024-05-29,1.253295193,1808460390.0,822,7530255.19539428,9437632.638450928,11481.304912957334,0.0006348662639471,Normal
2024-05-30,1.163090049,1677410658.0,886,16725948.819862995,19453784.632465944,21956.86753099993,0.0013089738893861,Normal
2024-05-31,1.180709598,1706405620.0,793,7840615.917264483,9257490.46774575,11674.0106781157,0.0006841287054666,Normal
2024-06-01,1.244189694,1798035959.0,986,8350165.894331039,10389190.34891697,10536.704207826542,0.0005860118734047,Normal
2024-06-02,1.408760473,2028983431.0,2145,7656158.70734499,10785693.761922397,5028.295460103682,0.0002478233869867,Retail Orders
2024-06-03,1.379835291,1988601759.0,967,6551671.900697213,9040228.103635062,9348.736405000063,0.0004701160683726,Retail Orders
2024-06-04,1.365894575,1964146983.0,980,70485572.67006959,96275861.32581632,98240.67482226154,0.0050016966995112,Small Whale Orders
2024-06-05,1.458689622,2112067256.0,943,9252218.947819496,13496115.75965606,14311.89370058967,0.0006776249032757,Normal
2024-06-06,1.382015995,1994042350.0,775,20090143.179129247,27764899.21539677,35825.676406963576,0.0017966356836384,Normal
2024-06-07,1.350973316,1951672196.0,856,22202247.4692602,29994643.886199053,35040.47182967179,0.0017954076458888,Normal
2024-06-08,1.325808883,1925640303.0,716,5384388.059099866,7138669.518273733,9970.208824404655,0.0005177607058219,Normal
2024-06-09,1.27019391,1833440723.0,648,2981105.5592877977,3786582.126474504,5843.490935917445,0.0003187171999952,Retail Orders
2024-06-10,1.301277875,1878480703.0,663,8705320.39093478,11328040.81950978,17086.03441856679,0.0009095666722197,Normal
2024-06-11,1.19243964,1718616368.0,749,8265343.412305976,9855923.123046508,13158.775865215632,0.0007656610346687,Normal
2024-06-12,1.271499528,1833737114.0,723,9485596.132214714,12060931.004909636,16681.785622281655,0.0009097152200782,Normal
2024-06-13,1.341913265,1936927085.0,602,4086139.1456550113,5483244.322190227,9108.37927274124,0.0004702489496521,Retail Orders
2024-06-14,1.228172047,1778319658.0,913,10093426.793040192,12396464.645652818,13577.726884614258,0.0007635144122449,Normal
2024-06-15,1.201400066,1730081218.0,605,4475769.409507024,5377189.66398252,8887.916799971108,0.0005137282982729,Normal
2024-06-16,1.207424073,1744158957.0,587,5507449.831009607,6649827.506800782,11328.496604430631,0.0006495105597437,Normal
2024-06-17,1.165093317,1681109633.0,838,8562088.608824082,9975632.217702763,11904.095725182297,0.0007081094231753,Normal
2024-06-18,1.103666341,1593611774.0,1009,23060559.663553134,25451163.50528588,25224.14618957966,0.0015828288044249,Normal
2024-06-19,1.160395072,1672997489.0,855,10271278.77087913,11918741.26886636,13940.048267679951,0.000833237847596,Normal
2024-06-20,1.199092375,1728344717.0,723,6576637.683554575,7885996.099487954,10907.325172182507,0.0006310850529352,Normal
2024-06-21,1.243373007,1794305261.0,660,5595751.667535656,6957606.577289073,10541.828147407688,0.0005875158690407,Normal
2024-06-22,1.205263778,1740278263.0,577,5035060.517337425,6068576.061584739,10517.46284503421,0.0006043552383917,Normal
2024-06-23,1.16266583,1677475949.0,614,15720671.167613734,18277887.19125069,29768.54591408907,0.0017746034410708,Normal
2024-06-24,1.094117653,1576237140.0,816,13105920.27137341,14339418.7277202,17572.81706828456,0.0011148587114426,Normal
2024-06-25,1.207104846,1741472714.0,719,8843578.121292984,10675126.006192338,14847.184987750124,0.0008525648934026,Normal
2024-06-26,1.226263756,1769632525.0,612,20687090.413689114,25367829.19140201,41450.70129314054,0.002342333829626,Normal
2024-06-27,1.18857145,1716665976.0,605,8630559.324214501,10258036.410292652,16955.43208312835,0.0009876954701832,Normal
2024-06-28,1.162919621,1681771916.0,602,6173800.689839495,7179633.958357684,11926.302256408111,0.0007091509938383,Normal
2024-06-29,1.113182251,1608071079.0,589,3003296.569107797,3343216.4352199943,5676.089024142605,0.0003529750082734,Retail Orders
2024-06-30,1.105525907,1599744641.0,616,2703171.986173404,2988426.661791344,4851.341983427506,0.0003032572736355,Retail Orders
2024-07-01,1.200441217,1719395308.0,660,5453669.076301457,6546809.143070588,9919.407792531194,0.0005769125777171,Normal
2024-07-02,1.189328119,1713368964.0,692,4709342.781789618,5600953.792392073,8093.863861838256,0.0004723946815834,Retail Orders
2024-07-03,1.164173675,1684020140.0,689,5311628.3587514525,6183657.906641897,8974.830053181273,0.0005329407790325,Normal
2024-07-04,1.119099044,1615214908.0,815,4063711.852455655,4547696.049174592,5579.995152361463,0.0003454645647909,Retail Orders
2024-07-05,1.038109547,1502012131.0,1177,18503826.317555863,19208998.756284595,16320.30480567935,0.0010865627826064,Normal
2024-07-06,0.990986103,1431087125.0,731,8147906.511360839,8074462.121301803,11045.77581573434,0.0007718450975327,Normal
2024-07-07,1.038391243,1497198465.0,688,8757670.207872443,9093888.052936736,13217.860542059208,0.0008828395734468,Normal
2024-07-08,0.899778763,1292458699.0,763,5043152.138240645,4537721.192566972,5947.209950939675,0.0004601470016443,Retail Orders
2024-07-09,0.927373588,1338631259.0,615,93227565.66432686,86456782.07063238,140580.13344818275,0.0105017817642478,Small Whale Orders
2024-07-10,0.93780189,1358313100.0,606,96219169.51016234,90234519.02086064,148901.84656907694,0.0109622624245527,Small Whale Orders
2024-07-11,0.983453717,1421813164.0,617,5039076.138761409,4955698.158910915,8031.925703259182,0.0005649072541052,Normal
2024-07-12,0.965588186,1393455478.0,604,28793675.90676998,27802833.287089925,46031.18093889061,0.0033033836864998,Normal
2024-07-13,0.983297565,1418176762.0,549,2244968.115586381,2207471.681558727,4020.895594824639,0.0002835257002204,Retail Orders
2024-07-14,0.984359365,1427740738.0,617,3264668.350711818,3213606.864642282,5208.439002661721,0.0003648028569919,Retail Orders
2024-07-15,1.013130081,1466922786.0,702,5907579.482023394,5985146.479136298,8525.849685379342,0.0005812064388629,Normal
2024-07-16,1.122561601,1615916131.0,639,6062930.201055142,6806012.633247712,10651.036984738204,0.0006591330317463,Normal
2024-07-17,1.084154035,1570790304.0,591,14266355.409275793,15466926.781710427,26170.77289629514,0.0016660895365633,Normal
2024-07-18,1.057975943,1530007475.0,512,10945872.046846692,11580469.300719967,22618.10410296869,0.0014783002352958,Normal
2024-07-19,1.053982703,1521000443.0,568,13269163.017963829,13985468.304221151,24622.303352502026,0.0016188228915921,Normal
2024-07-20,1.081133629,1560238481.0,621,5754446.668137681,6221325.809210649,10018.238018052574,0.0006420965858777,Normal
2024-07-21,1.093771707,1579149010.0,566,1850482.325409707,2024005.2118367043,3575.980939640821,0.0002264498737608,Retail Orders
2024-07-22,1.089763735,1571382502.0,533,2684953.4255061536,2925964.8732806304,5489.615146867975,0.000349349387554,Retail Orders
2024-07-23,1.031207501,1488493207.0,611,11738391.24505904,12104717.101577612,19811.32095184552,0.0013309648212486,Normal
2024-07-24,0.9766946,1413876855.0,617,3304188.585303604,3227183.148647669,5230.442704453272,0.0003699362278939,Retail Orders
2024-07-25,0.952147975,1373992399.0,681,7344406.216633213,6992961.506744726,10268.665942356423,0.0007473597342918,Normal
2024-07-26,0.95190185,1374448812.0,665,4374325.0085874135,4163928.068175625,6261.545967181392,0.0004555677819729,Retail Orders
2024-07-27,1.001873638,1446332897.0,534,1951573.0825976613,1955229.6240849933,3661.478696788378,0.0002531560130024,Retail Orders
2024-07-28,0.986756677,1426021204.0,511,1951972.745553275,1926122.1399967163,3769.319256353652,0.0002643242082081,Retail Orders
2024-07-29,0.990047562,1427109882.0,618,9805362.570064414,9707775.307018328,15708.37428320118,0.0011007123194457,Normal
2024-07-30,0.977641924,1412307955.0,491,2872802.613777774,2808572.274605932,5720.106465592529,0.0004050183563253,Retail Orders
2024-07-31,0.946121469,1365807242.0,607,8405875.98701881,7952979.737070063,13102.108298303234,0.0009592941006168,Normal
2024-08-01,0.927774201,1336279986.0,735,10633629.801307738,9865607.392638074,13422.59509202459,0.0010044747532441,Normal
2024-08-02,0.907515397,1310004851.0,905,8882025.6960175,8060575.075685522,8906.712790812731,0.0006798992220535,Normal
2024-08-03,0.796242601,1149259835.0,996,6554385.287323414,5218880.789134528,5239.840149733462,0.0004559317214573,Retail Orders
2024-08-04,0.734536735,1059016927.0,987,11980228.751647472,8799918.111788262,8915.823821467337,0.0008418962524729,Normal
2024-08-05,0.682213797,984984980.1,1574,21454463.470117744,14636530.986546822,9298.939635671424,0.0009440691811084,Normal
2024-08-06,0.697740361,1004341124.0,1186,17432703.402830604,12163500.765496954,10255.902837687145,0.0010211573132483,Normal
2024-08-07,0.705445584,1015530078.0,851,13016481.492140427,9182419.387848197,10790.152042124788,0.001062514274651,Normal
2024-08-08,0.652802892,943643025.6,891,6089214.641820881,3975056.928189415,4461.3433537479405,0.0004727787132121,Retail Orders
2024-08-09,0.771752068,1113573537.0,671,4838253.064082377,3733931.807712911,5564.72698615933,0.0004997179621519,Retail Orders
2024-08-10,0.775370242,1117279289.0,576,2908171.700333346,2254909.795065018,3914.773949765656,0.0003503845446978,Retail Orders
2024-08-11,0.782096977,1128614263.0,585,5464679.414916083,4273909.250679998,7305.827778940167,0.0006473272594943,Normal
2024-08-12,0.723175462,1044095224.0,577,7754267.861590446,5607696.243277423,9718.710993548391,0.0009308261133802,Normal
2024-08-13,0.751569264,1087083007.0,500,3689700.204025211,2773065.2667198773,5546.130533439755,0.000510184640706,Normal
2024-08-14,0.765744502,1105554903.0,541,5135831.638696224,3932734.840529285,7269.380481569842,0.0006575322909648,Normal
2024-08-15,0.731473731,1056075971.0,476,85163482.2685465,62294850.11992607,130871.5338653909,0.0123922461507639,Small Whale Orders
2024-08-16,0.719871797,1042356478.0,455,4895995.574776503,3524489.1325184098,7746.129961578922,0.0007431363573853,Normal
2024-08-17,0.696333456,1005620048.0,480,3777371.261698469,2630309.985253576,5479.812469278282,0.0005449187772436,Normal
2024-08-18,0.700501574,1011359464.0,516,9864994.897417102,6910444.453142649,13392.334211516762,0.0013241913175508,Normal
2024-08-19,0.687999016,994370493.0,562,8095637.897130355,5569790.9071179945,9910.65997707828,0.0009966767967116,Normal
2024-08-20,0.685468913,989881975.6,599,3810390.79291731,2611904.4349262365,4360.441460644803,0.0004405011474223,Retail Orders
2024-08-21,0.672345352,971005682.9,502,3149744.782869625,2117716.2647486413,4218.558296312034,0.0004344524826788,Retail Orders
2024-08-22,0.696996717,1006318864.0,536,10000721.873016788,6970470.313122791,13004.608793139536,0.0012922950426913,Normal
2024-08-23,0.722867922,1045035641.0,600,5634380.010508265,4072912.569954448,6788.187616590746,0.0006495651775182,Normal
2024-08-24,0.779656229,1125206193.0,587,13535345.607895758,10552916.51486372,17977.711268933082,0.0015977259439891,Normal
2024-08-25,0.772157796,1109124423.0,543,5674768.716082092,4381816.904619698,8069.644391564822,0.0007275689024805,Normal
2024-08-26,0.737443155,1067568346.0,524,4589608.698647683,3384575.518946192,6459.113585775174,0.000605030451678,Normal
2024-08-27,0.696003488,1005232249.0,563,10169739.320216443,7078174.038921394,12572.24518458507,0.0012506806458996,Normal
2024-08-28,0.670410249,968934993.5,654,15012505.30057023,10064537.41666911,15389.200942919128,0.0015882593823276,Normal
2024-08-29,0.664685265,962406952.3,575,3471777.341277119,2307639.2421077774,4013.285638448309,0.0004170050547595,Retail Orders
2024-08-30,0.654876724,946247187.5,588,2780890.069023484,1821140.1782062328,3097.177173820124,0.0003273116385162,Retail Orders
2024-08-31,0.650079043,939698320.0,489,5872993.408052892,3817909.934252333,7807.586777612132,0.0008308609913883,Normal
2024-09-01,0.6305302,910383937.4,518,2286858.1681882334,1441933.1381593605,2783.654706871352,0.0003057671156656,Retail Orders
2024-09-02,0.59119162,854765067.0,535,2288211.8131408747,1352771.648713891,2528.5451377829736,0.0002958175568238,Retail Orders
2024-09-03,0.619002121,893590412.4,506,4993508.4146531625,3090992.299901655,6108.680434588251,0.0006836107851897,Normal
2024-09-04,0.580168152,842031826.4,584,32709027.208760392,18976735.869424235,32494.410735315472,0.0038590478075206,Normal
2024-09-05,0.59725743,862299210.8,509,3940568.915183005,2353534.0630200896,4623.839023615107,0.0005362221101101,Normal
2024-09-06,0.569203431,822906130.1,514,11882248.852706924,6763416.814956596,13158.398472678202,0.0015990157311234,Normal
2024-09-07,0.571589485,826057978.7,453,3722701.526325612,2127857.04824117,4697.2561771328255,0.0005686351682632,Normal
2024-09-08,0.576770744,832734183.6,499,1699775.7114387809,980380.9017196748,1964.691185810972,0.0002359325730231,Retail Orders
2024-09-09,0.588802429,851852036.5,520,5192314.795256419,3057247.563579617,5879.322237653109,0.000690181156555,Normal
2024-09-10,0.62842674,907316349.5,463,2776680.4707841827,1744940.256276569,3768.769452001229,0.0004153754590753,Retail Orders
2024-09-11,0.638158775,921925665.8,434,3024369.30354786,1930027.8098997048,4447.068686404851,0.0004823673807308,Retail Orders
2024-09-12,0.621329215,898467118.0,522,6551884.800754895,4070877.44002347,7798.615785485575,0.0008679912296451,Normal
2024-09-13,0.635895255,919818120.4,452,1169911.7522420506,743941.3320194556,1645.8879026979107,0.0001789362338265,Retail Orders
2024-09-14,0.652972239,942773860.9,468,2246202.6358739035,1466707.9643942844,3133.9913769108643,0.0003324223874767,Retail Orders
2024-09-15,0.644399407,930304714.7,466,2330707.2680043047,1501906.3813925642,3222.9750673660174,0.0003464429467505,Retail Orders
2024-09-16,0.61237254,883628494.1,459,2190564.034088841,1341441.26158763,2922.5299816723964,0.0003307419352347,Retail Orders
2024-09-17,0.595158341,859385078.0,491,2073696.2747146888,1234177.6345970747,2513.600070462474,0.0002924882145163,Retail Orders
2024-09-18,0.596940637,861847282.0,478,3933913.983307706,2348313.1190989097,4912.788952089769,0.0005700301033251,Normal
2024-09-19,0.632070315,903348244.9,565,6125434.193336838,3871705.1200941857,6852.575433795019,0.0007585751643933,Normal
2024-09-20,0.654594531,945441064.4,661,10517063.591038454,6884412.308872992,10415.147214633877,0.0011016178169967,Normal
2024-09-21,0.688912937,994298584.1,472,4045267.2935580537,2786836.97215512,5904.315618972712,0.0005938171604978,Normal
2024-09-22,0.703520704,1016903254.0,493,4971700.5830952525,3497694.294296383,7094.714592893271,0.0006976784236834,Normal
2024-09-23,0.686281544,991001774.1,564,13867801.742243078,9517216.391552469,16874.497148142676,0.0017027716386751,Normal
2024-09-24,0.734114004,1058443010.0,529,96268563.2854282,70672100.45279309,133595.6530298546,0.0126219032831871,Small Whale Orders
2024-09-25,0.779071214,1124893588.0,538,29883771.221966177,23281585.924795453,43274.32328028895,0.0038469703927487,Normal
2024-09-26,0.766439965,1100848844.0,595,6266719.79005375,4803064.496553604,8072.377305132107,0.0007332866223305,Normal
2024-09-27,0.821990943,1172423295.0,634,10488171.416900214,8621181.913323453,13598.078727639517,0.0011598267268853,Normal
2024-09-28,0.837303743,1199149941.0,515,12556269.643525926,10513411.570641533,20414.391399303942,0.0017024052373533,Normal
2024-09-29,0.81827765,1170789251.0,536,3429815.9925771984,2806541.770338488,5236.085392422551,0.0004472269785488,Retail Orders
2024-09-30,0.806814824,1160541608.0,545,7254621.02053322,5853135.781868211,10739.698682326993,0.0009254040189765,Normal
2024-10-01,0.744931522,1069648817.0,624,11958599.460938051,8908337.697424965,14276.182207411804,0.001334660683069,Normal
2024-10-02,0.72426504,1041509348.0,575,10331181.95070636,7482513.908775621,13013.067667435862,0.0012494431943817,Normal
2024-10-03,0.703347273,1010427343.0,606,21017638.18364726,14782698.501368972,24393.89191645045,0.0024142153402167,Normal
2024-10-04,0.674793263,969139686.4,593,14444689.4200862,9747179.106801543,16437.064261048134,0.001696046967399,Normal
2024-10-05,0.707815943,1016459560.0,457,3991070.0148160127,2824942.98611602,6181.494499159781,0.0006081397374195,Normal
2024-10-06,0.711293132,1022393698.0,421,3347075.3357139323,2380751.6985799144,5654.992158147065,0.0005531129709826,Normal
2024-10-07,0.742759743,1067042777.0,465,3943755.4120192593,2929262.7562862844,6299.489798465128,0.0005903690024664,Normal
2024-10-08,0.707093106,1018403234.0,423,6354037.439195839,4492896.068521271,10621.503708088112,0.0010429565965113,Normal
2024-10-09,0.684578648,984240084.7,391,3058339.5739376424,2093673.970651128,5354.664886575773,0.0005440405211913,Normal
2024-10-10,0.661564783,951436981.8,456,6482706.977855084,4288730.6350572845,9405.11104179229,0.0009885164463545,Normal
2024-10-11,0.676811239,971919017.7,443,7544994.818244302,5106537.291184505,11527.172214863444,0.0011860218809322,Normal
2024-10-12,0.709220447,1019183840.0,429,9581045.395823674,6795073.298353358,15839.331697793375,0.0015541191957864,Normal
2024-10-13,0.712003634,1022812993.0,422,4097175.078764345,2917203.545214449,6912.804609512914,0.0006758620252991,Normal
2024-10-14,0.723620236,1033762866.0,521,6088166.236683166,4405520.288995905,8455.893069090029,0.0008179722204386,Normal
2024-10-15,0.760716426,1093536050.0,473,8331234.973874929,6337707.29349234,13398.958337193108,0.0012252872995995,Normal
2024-10-16,0.743622558,1068285258.0,462,3090764.0701735257,2298361.8840369284,4974.809272807204,0.0004656817301888,Retail Orders
2024-10-17,0.729348697,1047698569.0,346,2437095.2426242176,1777492.2396728722,5137.260808303099,0.0004903376753875,Retail Orders
2024-10-18,0.712257369,1023049843.0,483,7943450.373397794,5657781.063738381,11713.832430100168,0.0011449913716569,Normal
2024-10-19,0.803657117,1154538736.0,521,3152214.958448076,2533299.9856706555,4862.380010884176,0.0004211534753463,Retail Orders
2024-10-20,0.789838769,1134702513.0,516,3995293.163969918,3155637.434424116,6115.576423302549,0.0005389585687206,Normal
2024-10-21,0.831657632,1194058310.0,523,14556444.24448667,12105977.95070981,23147.18537420614,0.0019385305709405,Normal
2024-10-22,0.771810624,1108315536.0,494,4655736.093686459,3593346.5796474684,7273.980930460462,0.000656309570171,Normal
2024-10-23,0.766654731,1100279108.0,457,6795356.073513042,5209691.882588358,11399.76341923054,0.0010360792399259,Normal
2024-10-24,0.748534684,1074977675.0,449,3629797.25093014,2717029.138209061,6051.289840109268,0.0005629223732585,Normal
2024-10-25,0.759716294,1091143920.0,548,11999302.374430988,9116065.53048811,16635.156077533047,0.0015245611300783,Normal
2024-10-26,0.669905111,960590824.4,510,4347246.584338011,2912242.7056253264,5710.27981495162,0.0005944549614575,Normal
2024-10-27,0.685421864,985579883.6,0,0.0,0.0,,,Normal
2024-10-28,0.696819874,1001077143.0,493,7532190.736508283,5248580.199957669,10646.207302145373,0.0010634752153306,Normal
2024-10-29,0.677023081,973659195.8,597,13144420.547818623,8899076.097243873,14906.325121011514,0.0015309592088599,Normal
2024-10-30,0.734598114,1051996312.0,511,13830444.648163527,10159818.55432232,19882.228090650333,0.0018899522616054,Normal
2024-10-31,0.726638611,1045070378.0,439,3047040.490242844,2214097.2694908194,5043.501752826468,0.0004825992448928,Retail Orders
2024-11-01,0.694589482,996896262.2,550,10291344.0591772,7148259.33914767,12996.835162086672,0.0013037299521421,Normal
2024-11-02,0.668031671,960460081.7,516,9964728.110151852,6656753.970485413,12900.685989312817,0.0013431777369111,Normal
2024-11-03,0.636541301,914584328.5,635,17982449.131177094,11446571.565125788,18026.096952954,0.001970960620167,Normal
2024-11-04,0.621876348,896705536.9,509,17165643.92817884,10674907.957124231,20972.31425761145,0.0023388184185986,Normal
2024-11-05,0.596439686,856684693.4,486,5196578.39227283,3099445.584561591,6377.460050538253,0.0007444349245026,Normal
2024-11-06,0.625397738,900075562.5,645,12644786.432861688,7908020.832604787,12260.497414891142,0.0013621631255977,Normal
2024-11-07,0.736185417,1059225492.0,599,5896665.461738484,4341039.121859443,7247.143776059171,0.0006841927267418,Normal
2024-11-08,0.742297462,1069735157.0,615,5170290.545232479,3837893.549528666,6240.477316306774,0.0005833665721343,Normal
2024-11-09,0.723835915,1040734647.0,692,7902094.397796316,5719819.72884527,8265.635446308193,0.0007942116148563,Normal
2024-11-10,0.763861046,1101860316.0,935,12164152.870648788,9291722.535477689,9937.671160938702,0.0009018993620729,Normal
2024-11-11,0.843871919,1211428384.0,1105,12867486.19890647,10858510.27137722,9826.706127943184,0.0008111669049305,Normal
2024-11-12,0.951806518,1362597392.0,830,13052101.421063976,12423075.206165755,14967.560489356332,0.0010984580314943,Normal
2024-11-13,0.896683076,1286884525.0,817,13388474.70975438,12005218.685690764,14694.27011712456,0.0011418483812387,Normal
2024-11-14,0.876047401,1263403557.0,802,14934020.521654442,13082909.864476038,16312.855192613511,0.0012911832567061,Normal
2024-11-15,0.836170041,1197788384.0,700,10827992.366285156,9054042.820864346,12934.346886949066,0.0010798524229926,Normal
2024-11-16,0.879561809,1263322039.0,980,11605973.945149058,10208171.438402172,10416.501467757318,0.0008245325535524,Normal
2024-11-17,0.996223126,1427963316.0,826,11700383.388261115,11656192.51445196,14111.613213622228,0.0009882335950444,Normal
2024-11-18,0.92480724,1329243702.0,874,6636761.835794187,6137725.395898156,7022.569102858302,0.0005283131371841,Normal
2024-11-19,1.020529947,1460632842.0,897,22725368.03051769,23191918.63173971,25854.981752218184,0.001770121895713,Normal
2024-11-20,1.01986767,1467377492.0,724,10027257.611356104,10226475.856583515,14124.966652739662,0.000962599380851,Normal
2024-11-21,0.973798397,1401482193.0,773,9557781.30522991,9307352.113909451,12040.559008938491,0.0008591303599202,Normal
2024-11-22,1.015329349,1461477245.0,843,8164201.511983076,8289353.406266592,9833.159438038663,0.0006728233006486,Normal
2024-11-23,1.03624479,1489082766.0,1037,9902243.029595306,10261147.74873195,9895.031580262246,0.0006645051441191,Normal
2024-11-24,1.047923313,1503003186.0,944,10086904.853896938,10570302.752411462,11197.354610605362,0.0007449987275413,Normal
2024-11-25,1.058496732,1521635177.0,802,5918035.242596184,6264220.964148887,7810.749331856468,0.0005133128787976,Normal
2024-11-26,1.010019067,1448916386.0,806,5871864.387118905,5930694.989828363,7358.182369514098,0.0005078403723369,Normal
2024-11-27,1.018491131,1461749769.0,775,10669841.437619094,10867138.873391336,14022.11467534366,0.0009592691562343,Normal
2024-11-28,1.085819295,1560669508.0,746,12171492.78068356,13216041.710219411,17715.873606192243,0.0011351457509344,Normal
2024-11-29,1.101039415,1581587511.0,918,8018187.303500283,8828340.258006379,9616.928385627863,0.0006080554075409,Normal
2024-11-30,1.165717226,1677410140.0,1251,30558171.79551956,35622187.25710449,28474.96982981974,0.0016975556037725,Normal
2024-12-01,1.230138817,1768566074.0,1061,4019094.298219825,4944043.905423582,4659.796329334195,0.0002634787807952,Retail Orders
2024-12-02,1.273567193,1831118705.0,1165,16484931.762613725,20994668.271708503,18021.174482153223,0.0009841620006908,Normal
2024-12-03,1.467818734,2111190532.0,2195,41401771.26856019,60770295.4887756,27685.783821765646,0.0013113825304785,Normal
2024-12-04,1.64861875,2381518537.0,1642,14322568.0400992,23612454.21905829,14380.30098602819,0.0006038290595941,Normal
2024-12-05,1.737888819,2498474467.0,1391,15800518.099377677,27459543.739315595,19740.86537693429,0.0007901167547506,Normal
2024-12-06,1.682977567,2420026285.0,1283,9652290.52909611,16244588.430635314,12661.409532841242,0.0005231930583283,Normal
2024-12-07,1.770315056,2533776443.0,1122,6064525.845407727,10736121.411626428,9568.735660986122,0.0003776471948589,Retail Orders
2024-12-08,1.681482919,2421521297.0,1118,5101817.029560999,8578618.191070138,7673.182639597619,0.000316874464375,Retail Orders
2024-12-09,1.693567537,2428154460.0,1046,19830124.08570607,33583654.40623361,32106.74417421951,0.0013222694315014,Normal
2024-12-10,1.526919088,2194395147.0,1193,15464691.574966714,23613332.75584946,19793.237850670124,0.000901990595346,Normal
2024-12-11,1.726037381,2478443692.0,1246,11235330.5835367,19392600.57507689,15563.884891715,0.0006279700822718,Normal
2024-12-12,1.777177318,2555114736.0,1202,12442246.055934316,22112077.475581422,18396.07111113263,0.0007199704518917,Normal
2024-12-13,1.755850506,2522719618.0,1281,18050123.98047638,31693319.324482188,24741.07675603605,0.0009807303427421,Normal
2024-12-14,1.950068576,2794687417.0,1115,6021024.055011176,11741409.805017387,10530.412381181512,0.0003768010804043,Retail Orders
2024-12-15,1.89187324,2722710061.0,1165,11799874.218184223,22323866.268748656,19162.116968882965,0.0007037883777402,Normal
2024-12-16,2.046487779,2935950655.0,1845,16604142.053144194,33980173.79253957,18417.438369940144,0.0006273074902868,Normal
2024-12-17,2.026175688,2911812989.0,1353,23372842.810771465,47357485.862630725,35001.837296844584,0.0012020633683918,Normal
2024-12-18,1.935154766,2781760273.0,1198,11214618.0213384,21702021.512862496,18115.20994395868,0.0006512139137145,Normal
2024-12-19,1.820335916,2609299986.0,1261,193710034.78458813,352617333.6079951,279633.0956447225,0.010716786001804,Small Whale Orders
2024-12-20,1.755048303,2534725250.0,1455,16370881.164111031,28731687.205687728,19746.864058891908,0.000779053432276,Normal
2024-12-21,1.800405448,2585794110.0,1105,14211698.65030257,25586819.675338995,23155.492918858818,0.0008954886558566,Normal
2024-12-22,1.675049134,2398026954.0,1030,10586758.286710229,17733340.300021287,17216.835242739115,0.0007179583704854,Normal
2024-12-23,1.612120611,2326386611.0,1067,13650628.092501683,22006458.901017576,20624.61002906989,0.0008865512693182,Normal
2024-12-24,1.670171972,2410004782.0,980,8670076.007865561,14480517.943446713,14776.038717802769,0.0006131124231853,Normal
2024-12-25,1.718693713,2482962994.0,810,5958360.485756603,10240596.7066575,12642.711983527775,0.000509178429726,Normal
2024-12-26,1.61243494,2331204809.0,1106,10428246.712641664,16814869.362403557,15203.31768752582,0.0006521656796876,Normal
2024-12-27,1.449754616,2094808483.0,1017,10065958.295413354,14593169.503239004,14349.23254989086,0.0006849901872337,Normal
2024-12-28,1.434281643,2071469455.0,1174,19841572.435600188,28458403.11263616,24240.547796112565,0.0011702102455627,Normal
2024-12-29,1.499544723,2169175475.0,1087,6657228.616477243,9982812.04164304,9183.819725522577,0.0004233783680189,Retail Orders
2024-12-30,1.391881323,2011587889.0,1052,6947881.740306452,9670626.828745289,9192.611053940387,0.0004569828196027,Retail Orders
2024-12-31,1.362574377,1967662484.0,893,4524754.696055112,6165314.811055119,6904.04794071122,0.0003508756200238,Retail Orders
2025-01-01,1.3493868,1952363060.0,680,4513571.341707721,6090553.589358689,8956.696454939249,0.0004587618275741,Retail Orders
2025-01-02,1.462055762,2108558595.0,897,8623534.130761739,12608087.76468386,14055.83920254611,0.0006666088974656,Normal
2025-01-03,1.450166708,2086586208.0,933,5646234.1119438205,8187980.734714873,8775.970776757635,0.0004205898966987,Retail Orders
2025-01-04,1.597954912,2307860315.0,840,14550575.088664394,23251162.935356103,27679.955875423933,0.0011993774361263,Normal
2025-01-05,1.5800906,2288601427.0,748,2919457.522099649,4613007.387768948,6167.122176161694,0.0002694712195581,Retail Orders
2025-01-06,1.547029996,2235734134.0,795,4431467.796872937,6855613.6080704685,8623.413343484866,0.0003857083546895,Retail Orders
2025-01-07,1.523716058,2201569084.0,808,3658178.739215354,5574025.6879766295,6898.546643535433,0.0003133468167622,Retail Orders
2025-01-08,1.371565018,1983901062.0,1039,7542845.806547847,10345503.444429023,9957.173671250262,0.0005018987016022,Normal
2025-01-09,1.314677214,1902097450.0,834,6730666.093937492,8848653.348742004,10609.896101609118,0.0005577998173337,Normal
2025-01-10,1.211933294,1752014417.0,1058,8609701.657818645,10434384.090517413,9862.366815233849,0.0005629158481538,Normal
2025-01-11,1.270059642,1838924386.0,996,4106331.510876534,5215285.92863717,5236.230852045352,0.00028474421743,Retail Orders
2025-01-12,1.275020752,1845393370.0,831,2639579.40471805,3365518.5175673207,4049.962115002793,0.000219463350245,Retail Orders
2025-01-13,1.210367716,1749982987.0,988,14827868.943709904,17947173.86654549,18165.15573536993,0.001038018990488,Normal
2025-01-14,1.222176166,1766197511.0,973,108666520.07934745,132809630.88313884,136494.99576889913,0.0077281841310951,Small Whale Orders
2025-01-15,1.192588487,1723211770.0,1116,115165630.51493113,137345205.05020276,123069.18015251144,0.0071418488600801,Small Whale Orders
2025-01-16,1.296873022,1871059392.0,1042,36827570.60768866,47760682.78691157,45835.58808724719,0.0024497131562591,Normal
2025-01-17,1.215530715,1755922870.0,1315,41523751.02456665,50473394.77237348,38382.80971283154,0.0021859052221827,Normal
2025-01-18,1.315751598,1905672112.0,1742,170641110.05841243,224521313.24385005,128887.09141438003,0.0067633403775381,Small Whale Orders
2025-01-19,1.309045006,4155398857.0,1874,115338735.52083167,150983595.73189953,80567.55375234767,0.0019388645115649,Normal
2025-01-20,1.367305654,4319465585.0,1412,32775800.93802844,44814537.93694478,31738.3413151167,0.0007347747236448,Normal
2025-01-21,1.289732217,4080748944.0,1358,71501053.58803242,92217212.36192888,67906.63649626574,0.0016640728804478,Normal
2025-01-22,1.362274171,4298527496.0,1228,19128576.84744457,26058366.16726234,21220.16788865012,0.0004936613272427,Retail Orders
2025-01-23,1.28713549,4068698613.0,1510,18191145.63230345,23414469.14709626,15506.270958341896,0.0003811113192016,Retail Orders
2025-01-24,1.351671018,4274606882.0,1846,117282649.60198024,158527558.38124594,85876.25047738133,0.0020089859219335,Normal
2025-01-25,1.397807855,4399962913.0,1476,21675383.26426884,30298020.986930527,20527.11448979033,0.0004665292616249,Retail Orders
2025-01-26,1.436129646,4538606840.0,1673,44958243.12071353,64565865.77773226,38592.86657365945,0.000850324073756,Normal
2025-01-27,1.37008651,4346658774.0,1856,18778465.62626238,25728122.43304079,13862.134931595254,0.0003189147262838,Retail Orders
2025-01-28,1.329090198,4197442294.0,2117,29559031.295009226,39286618.75657201,18557.68481651961,0.0004421188789908,Retail Orders
2025-01-29,1.33482186,4211821383.0,2507,31232703.025876705,41690094.74582837,16629.475367302897,0.0003948285991999,Retail Orders
2025-01-30,1.461729023,4621264913.0,2535,51219612.12597551,74869193.59134114,29534.1986553614,0.0006390933913413,Normal
2025-01-31,1.564578008,4941511984.0,1017,6259793.489474216,9793935.228252936,9630.221463375552,0.0001948841062119,Retail Orders
2025-02-01,1.486927418,4698407827.0,1612,27961204.51649148,41576281.63587662,25791.73798751652,0.0005489463438933,Normal
2025-02-02,1.346239218,4256797916.0,1953,11714722.243378408,15770818.512012951,8075.175889407554,0.0001897007104578,Retail Orders
2025-02-03,1.238656691,3919313865.0,2593,73180322.97748059,90645296.7055974,34957.692520477205,0.0008919339895856,Normal
2025-02-04,1.400866419,4414354257.0,2136,41218818.86043025,57742059.17242058,27032.799238024618,0.0006123840014687,Normal
2025-02-05,1.362873114,4294135512.0,2043,33063588.74250593,45061476.14951441,22056.522833829866,0.0005136429153712,Normal
2025-02-06,1.309598869,4129108619.0,2896,35369281.17593812,46319570.62535156,15994.326873394872,0.0003873554403436,Retail Orders
2025-02-07,1.353018619,4270786605.0,3154,76911458.95426838,104062635.9795794,32993.860488135506,0.0007725476250559,Normal
2025-02-08,1.403891841,4434405614.0,2252,28937890.356225308,40625668.166857295,18039.817125602705,0.0004068147728446,Retail Orders
2025-02-09,1.350618599,4272380313.0,1896,30437121.90441113,41108942.94412797,21681.931932556945,0.0005074906807004,Normal
2025-02-10,1.328156313,4195384664.0,1645,46692709.59376348,62015217.01803263,37699.22007175236,0.0008985879267578,Normal
2025-02-11,1.327872989,4193377436.0,1809,33766868.88262265,44838113.11233924,24786.132179292003,0.0005910780166484,Normal
2025-02-12,1.332280809,4216518484.0,1791,118032369.56010444,157252260.80572292,87801.37398421158,0.0020823192004821,Normal
2025-02-13,1.394753089,4401188936.0,1899,58606041.99024656,81740958.0999601,43044.21174300164,0.0009780132679812,Normal
2025-02-14,1.329179538,4200210100.0,1838,38716466.12748312,51461134.56032065,27998.4410012626,0.0006665962019676,Normal
2025-02-15,1.328355554,4194087774.0,1677,18001156.49995373,23911936.215136737,14258.757432997458,0.0003399727950709,Retail Orders
2025-02-16,1.276280117,4031255457.0,1561,7423565.110137701,9474548.547323665,6069.537826600681,0.0001505619748324,Retail Orders
2025-02-17,1.276187505,4035777578.0,1709,20091873.12139656,25640997.42957164,15003.50932098984,0.0003717625421871,Retail Orders
2025-02-18,1.233192133,3893837189.0,1881,39073281.2148623,48184863.00466487,25616.62041715304,0.00065787600184,Normal
2025-02-19,1.197638667,3782302486.0,1488,11625909.432634722,13923638.675563376,9357.284056158183,0.0002473965022838,Retail Orders
2025-02-20,1.211531499,3829255622.0,1479,11398763.363479529,13809960.864502637,9337.363667682646,0.000243842787983,Retail Orders
2025-02-21,1.244014709,3933747169.0,3571,46780021.44502286,58195034.76494388,16296.565322022929,0.0004142758703571,Retail Orders
2025-02-22,1.125211323,3550407089.0,2638,31773507.90829717,35751910.86984602,13552.657645885529,0.0003817212310068,Retail Orders
2025-02-23,1.16032299,3672373021.0,1596,8972718.48166575,10411251.537074665,6523.340562076856,0.0001776328418919,Retail Orders
2025-02-24,1.132948267,3577854545.0,2229,28071259.80890697,31803285.153007902,14267.961037688605,0.0003987853854379,Retail Orders
2025-02-25,0.983434995,3101333891.0,2949,22826156.9280073,22448041.52436408,7612.085969604637,0.0002454455481783,Retail Orders
2025-02-26,1.00453702,3176906098.0,1877,17941779.961509317,18023182.17603028,9602.121564214322,0.0003022475725756,Retail Orders
2025-02-27,0.972492513,3070232690.0,1727,24132008.185548544,23468197.28410067,13588.996690272535,0.0004426047815376,Retail Orders
2025-02-28,0.970677811,3065692396.0,2258,15094200.154808791,14651605.16506566,6488.753394626067,0.0002116570274008,Retail Orders
2025-03-01,0.992494804,3139749009.0,1661,20933374.482222408,20776265.40379193,12508.287419501465,0.0003983849468109,Retail Orders
2025-03-02,1.024092647,3233181265.0,2177,49286482.71528193,50473924.54521283,23185.082473685263,0.0007170981325627,Normal
2025-03-03,1.192053927,3769556527.0,1930,32309881.4194576,38515121.02696876,19956.021257496766,0.0005293997082828,Normal
2025-03-04,0.982962644,3120598475.0,2220,22720938.798676644,22333834.075709376,10060.285619688908,0.0003223832127165,Retail Orders
2025-03-05,0.965543338,3050255229.0,2069,25330306.86452587,24457509.04253862,11820.932355021085,0.0003875391227145,Retail Orders
2025-03-06,1.122513492,3551240345.0,2266,32079819.152144607,36010029.81920232,15891.451817829797,0.0004474901801621,Retail Orders
2025-03-07,1.091719423,3425475064.0,2244,34422478.46237251,37579688.32517125,16746.7416778838,0.0004888881502563,Retail Orders
2025-03-08,0.97605996,3080015957.0,1457,12614476.710273225,12312485.633250214,8450.573530027601,0.0002743678489983,Retail Orders
2025-03-09,0.945269093,2986944324.0,1779,21586098.667084936,20404671.908443883,11469.742500530569,0.0003839958585224,Retail Orders
2025-03-10,0.851935574,2679085100.0,2175,18012750.620809317,15345703.03945804,7055.495650325535,0.0002633546672453,Retail Orders
2025-03-11,0.78948932,2491448150.0,2000,22828353.60307921,18022741.36281456,9011.37068140728,0.0003616920818282,Retail Orders
2025-03-12,0.828622467,2620155385.0,1548,34721216.951550245,28770780.447635785,18585.775482968853,0.0007093386746972,Normal
2025-03-13,0.878084094,2773962072.0,1308,9522731.711358065,8361759.247172914,6392.7822990618615,0.0002304567305944,Retail Orders
2025-03-14,0.82903343,2623945074.0,1384,28621165.40503695,23727902.92633512,17144.43853058896,0.0006533840475728,Normal
2025-03-15,0.871604432,2745382191.0,1127,8023083.368192367,6992955.022021955,6204.929034624627,0.0002260133053592,Retail Orders
2025-03-16,0.871730709,2754587533.0,1104,18843001.289874483,16426022.8741102,14878.643907708514,0.0005401405375382,Normal
2025-03-17,0.815428664,2578626740.0,1076,14227012.311262392,11601113.641684243,10781.704127959336,0.000418118061087,Retail Orders
2025-03-18,0.859652585,2713388427.0,1164,31038851.24655243,26682628.70952927,22923.220540832703,0.0008448189839954,Normal
2025-03-19,0.841556511,2651269081.0,1317,32702871.42214869,27521314.373705056,20896.973708204296,0.0007881875837484,Normal
2025-03-20,0.885328721,2802523314.0,1087,51237325.35692182,45361875.72570447,41731.25641739141,0.0014890600984092,Normal
2025-03-21,0.843573443,2666025766.0,1102,16227979.92383304,13689492.897282714,12422.407347806457,0.0004659522614608,Retail Orders
2025-03-22,0.827313929,2613573662.0,912,6916167.630924459,5721841.816362736,6273.94936004686,0.0002400525170293,Retail Orders
2025-03-23,0.829602082,2612415236.0,1022,17166321.62711835,14241216.162139008,13934.653779000986,0.000533401183203,Normal
2025-03-24,0.844939985,2674834585.0,1294,15337872.07932544,12959581.404637158,10015.13246107972,0.0003744206283724,Retail Orders
2025-03-25,0.883960427,2792635280.0,1153,19502415.24752872,17239363.309736792,14951.74614894778,0.0005353991713858,Normal
2025-03-26,0.921427982,2913818662.0,1092,12835481.439760692,11826971.761037149,10830.560220729987,0.0003716964395202,Retail Orders
2025-03-27,0.905170738,2848481847.0,874,4349886.2826725645,3937389.776702802,4505.02262780641,0.0001581552163497,Retail Orders
2025-03-28,0.91504243,2887117727.0,1109,13457270.979543332,12313973.93828981,11103.673524156728,0.000384593721978,Retail Orders
2025-03-29,0.84253604,2660719064.0,1140,4120037.2999888393,3471279.911384889,3044.982378407797,0.0001144420852094,Retail Orders
2025-03-30,0.801762378,2521722979.0,884,2932514.439471883,2351179.750510314,2659.7056001247897,0.0001054717596767,Retail Orders
2025-03-31,0.789526343,2488933535.0,1031,7999647.797498534,6315932.670847023,6126.025868910789,0.0002461305528156,Retail Orders
2025-04-01,0.778768026,2457194943.0,1075,3469698.406121309,2702090.1785504376,2513.572259116686,0.0001022943770203,Retail Orders
2025-04-02,0.823113763,2600433644.0,1146,7888858.198728789,6493427.757729055,5666.167327861305,0.0002178931710461,Retail Orders
2025-04-03,0.790015335,2497195399.0,1203,5975830.281805911,4720997.561984041,3924.353750610175,0.0001571504477455,Retail Orders
2025-04-04,0.813464848,2579968281.0,1019,5167911.870934367,4203914.644567021,4125.52958249953,0.0001599062133004,Retail Orders
2025-04-05,0.820502618,2592047210.0,790,2513421.7934917784,2062269.16169826,2610.4672932889366,0.000100710638418,Retail Orders
2025-04-06,0.812958513,2554228651.0,1165,7117891.525557602,5786550.510312609,4966.996146191081,0.0001944616878464,Retail Orders
2025-04-07,0.729222176,2304379422.0,1773,25237461.32685408,18403716.465484377,10379.986726161522,0.0004504460778925,Retail Orders
2025-04-08,0.757600205,2411634277.0,1154,7593931.025656619,5753163.701793316,4985.41048682263,0.0002067233217892,Retail Orders
2025-04-09,0.708515844,2238092568.0,1318,15598959.013459817,11052109.610942887,8385.515638044679,0.000374672422309,Retail Orders
2025-04-10,0.848962815,2681260102.0,1026,19739727.286152545,16758294.444184374,16333.620315969176,0.0006091770173205,Normal
2025-04-11,0.814386227,2575821745.0,1406,18995625.84822721,15469776.064041432,11002.685678550091,0.0004271524495011,Retail Orders
2025-04-12,0.894149547,2820855249.0,1130,16691846.009254262,14925006.547768457,13207.970396255272,0.0004682257411449,Retail Orders
2025-04-13,0.903831214,2856172925.0,1010,8706741.965120561,7869425.160319662,7791.510059722437,0.0002727954596699,Retail Orders
2025-04-14,0.847202875,2668229210.0,963,17234544.008270927,14601155.233121157,15162.154966896318,0.0005682478443033,Normal
2025-04-15,0.874718862,2763508334.0,911,12384556.92377004,10833005.538734352,11891.334290597531,0.0004302984776378,Retail Orders
2025-04-16,0.831339415,2624778301.0,850,5054803.377802335,4202257.283042217,4943.832097696725,0.0001883523684957,Retail Orders
2025-04-17,0.820467032,2592100870.0,782,5252337.622141437,4309369.859900323,5510.7031456525865,0.0002125960146625,Retail Orders
2025-04-18,0.828178993,2616475076.0,709,2956147.567128107,2448219.315303556,3453.059683079768,0.0001319737273537,Retail Orders
2025-04-19,0.830011714,2622085532.0,734,3303917.9321452044,2742290.585775177,3736.090716314955,0.0001424854632207,Retail Orders
2025-04-20,0.855915332,2704022308.0,693,4635019.461665803,3967184.221358147,5724.652556072362,0.0002117087769259,Retail Orders
2025-04-21,0.835736314,2639931743.0,835,8477992.225706253,7085365.9728324,8485.468230937006,0.0003214275616571,Retail Orders
2025-04-22,0.851693981,2690086544.0,993,8835165.486599613,7524857.266075827,7577.902584164982,0.0002816973528627,Retail Orders
2025-04-23,0.918157376,2904269359.0,1104,13839753.048444215,12707071.343447544,11510.028390803936,0.0003963140799986,Retail Orders
2025-04-24,0.916449927,2892705595.0,1137,31149364.813919146,28546833.10981257,25107.15313088177,0.000867947058777,Normal
2025-04-25,0.978507017,3093035687.0,1382,11985207.181604177,11727609.32739848,8485.969122574877,0.0002743572975326,Retail Orders
2025-04-26,0.99289839,3137782433.0,1014,6580868.243231487,6534133.483506671,6443.918622787644,0.0002053653738072,Retail Orders
2025-04-27,0.996742894,3148768653.0,1021,17687179.48563157,17629570.467205845,17266.964218614932,0.0005483719549279,Normal
2025-04-28,0.945852556,2988189270.0,965,26187201.765549995,24769231.724433176,25667.597641899665,0.0008589682688305,Normal
2025-04-29,0.972861598,3073418950.0,928,22970407.066333223,22347026.92526343,24080.84797980973,0.0007835198640852,Normal
2025-04-30,0.934478367,2949752790.0,972,20223250.782833155,18898190.3669734,19442.5826820714,0.0006591258341371,Normal
2025-05-01,0.909090765,2871909648.0,1107,13468931.416475186,12244481.16513596,11060.958595425438,0.0003851429867624,Retail Orders
2025-05-02,0.91283581,2882654942.0,876,9961651.26049117,9093351.997307977,10380.5388097123,0.0003601034122561,Retail Orders
2025-05-03,0.920954194,2908217991.0,752,6748311.775672608,6214886.032225275,8264.476106682547,0.0002841766377987,Retail Orders
2025-05-04,0.877055419,2770886605.0,863,3896666.40244043,3417592.384295614,3960.1302251397615,0.0001429192453416,Retail Orders
2025-05-05,0.859558832,2715116297.0,857,11133013.69614763,9569480.24930066,11166.254666628542,0.0004112624817937,Retail Orders
2025-05-06,0.866456247,2736574271.0,852,4455005.801860025,3860067.6074428633,4530.595783383642,0.0001655572016223,Retail Orders
2025-05-07,0.867360389,2739680297.0,789,5181835.001129537,4494518.422313531,5696.474552995604,0.0002079247917807,Retail Orders
2025-05-08,0.871774202,2754269917.0,1211,20165184.158454545,17579487.327919755,14516.504812485347,0.0005270545462115,Normal
2025-05-09,0.970921399,3067262553.0,1177,28096190.933539137,27279193.00776293,23176.884458592125,0.0007556211461559,Normal
2025-05-10,1.003946232,3171657848.0,1078,39722502.30080926,39879256.51050879,36993.744443885706,0.0011663850962742,Normal
2025-05-11,1.102070865,3481262743.0,956,13463421.932460427,14837645.054966634,15520.549220676396,0.0004458310207089,Retail Orders
2025-05-12,1.036611088,3275686565.0,1153,68304192.07541353,70804882.8622554,61409.26527515646,0.0018746990609938,Normal
2025-05-13,1.030510029,3260191344.0,1116,24289061.991542064,25030121.97728681,22428.42471083048,0.0006879481093067,Normal
2025-05-14,1.045476567,3302314398.0,1337,16434559.182692964,17181946.514480166,12851.119307763774,0.0003891549307221,Retail Orders
2025-05-15,1.01019448,3190330102.0,1547,25566842.90270784,25827483.57134264,16695.20592846971,0.0005233065355213,Normal
2025-05-16,0.968147588,3057066455.0,1281,31723359.198415447,30712893.691203527,23975.71716721587,0.0007842720307241,Normal
2025-05-17,0.944477645,2983706438.0,1295,23336833.878320843,22041117.90315269,17020.168264982767,0.0005704370928794,Normal
2025-05-18,0.916078783,2896480246.0,1152,11694205.62477399,10712813.656894712,9299.31741049888,0.0003210557856674,Retail Orders
2025-05-19,0.948534723,2993968010.0,1158,8968136.009015236,8506588.405137593,7345.931265231082,0.0002453577072532,Retail Orders
2025-05-20,0.929072092,2935038641.0,985,8318384.356953404,7728378.756574774,7846.069803629212,0.000267324242142,Retail Orders
2025-05-21,0.945162241,2988244902.0,1098,12690945.677629868,11995002.657077909,10924.410434497184,0.0003655794887221,Retail Orders
2025-05-22,0.981832856,3103134747.0,1335,9467367.249038102,9295372.224923944,6962.825636647149,0.0002243803832037,Retail Orders
2025-05-23,1.017168915,3213345977.0,1148,43738358.67947075,44489298.8418781,38753.74463578232,0.0012060246519723,Normal
2025-05-24,0.936510031,2957624203.0,925,6712183.846628697,6286027.50228394,6795.70540787453,0.0002297690626476,Retail Orders
2025-05-25,0.940098034,2969854704.0,893,3917601.468019069,3682929.438080241,4124.221095274626,0.0001388694568027,Retail Orders
2025-05-26,0.947695867,2993873395.0,977,27345997.68993392,25915688.989741925,26525.781975170856,0.0008860021275272,Normal
2025-05-27,0.938748405,2965563896.0,876,14137555.73514771,13271607.896968516,15150.237325306523,0.000510872058624,Normal
2025-05-28,0.948302965,2995504569.0,867,7099622.908843966,6732593.454838658,7765.390374669732,0.0002592348032125,Retail Orders
2025-05-29,0.93169836,2942547098.0,857,45105122.600992255,42024368.754943416,49036.602981264194,0.0016664679051218,Normal
2025-05-30,0.90065159,2847233101.0,1349,31351336.69061202,28236631.239025053,20931.527975556008,0.0007351532956049,Normal
2025-05-31,0.819876731,2587596617.0,1268,6419544.720140954,5263235.339657475,4150.816513925453,0.0001604120397536,Retail Orders
2025-06-01,0.833100157,2633095624.0,937,3502670.5744353747,2918075.4054813907,3114.2747123600752,0.0001182742732156,Retail Orders
2025-06-02,0.844734642,2669964060.0,881,10887858.277661446,9197351.06432708,10439.67203669362,0.0003910042158654,Retail Orders
2025-06-03,0.851524332,2690292463.0,904,6782776.283480966,5775699.043896572,6389.047614929836,0.0002374852438089,Retail Orders
2025-06-04,0.850070942,2684802103.0,769,6135501.522652056,5215611.559003267,6782.329725621934,0.0002526193538824,Retail Orders
2025-06-05,0.833903574,2635069198.0,1065,8453699.887930498,7049570.550068641,6619.315070486987,0.0002512008062448,Retail Orders
2025-06-06,0.778946568,2459752578.0,932,4408958.307542952,3434342.9421156705,3684.9173198666,0.0001498084544284,Retail Orders
2025-06-07,0.807010069,2549870714.0,694,6286401.707963509,5073189.476105349,7310.071291218082,0.0002866839973918,Retail Orders
2025-06-08,0.835147102,2637851375.0,736,3891736.4086656594,3250172.3834450133,4415.995086202463,0.0001674087906564,Retail Orders
2025-06-09,0.830993768,2625303839.0,918,13429261.522803525,11159632.63429192,12156.462564588148,0.0004630497386244,Retail Orders
2025-06-10,0.876954263,2771196300.0,960,91873484.0669366,80568843.50916263,83925.87865537775,0.003028507170545,Normal
2025-06-11,0.898426715,2838255557.0,884,8396268.64845746,7543432.060091127,8533.294185623447,0.0003006527782383,Retail Orders
2025-06-12,0.868587151,2738706108.0,1008,6195866.629513467,5381650.143705074,5338.938634628049,0.0001949438320173,Retail Orders
2025-06-13,0.817804213,2588829978.0,1351,6979835.808610006,5708139.130329525,4225.121488030736,0.0001632058313576,Retail Orders
2025-06-14,0.796278631,2516573761.0,774,7381365.373449839,5877623.514481441,7593.828830079381,0.000301752682467,Retail Orders
2025-06-15,0.786582119,2485371830.0,718,3982913.235540911,3132888.3326049154,4363.354223683727,0.0001755614259007,Retail Orders
2025-06-16,0.792382924,2503277993.0,862,5197038.466387871,4118044.536136897,4777.313847026562,0.0001908423219628,Retail Orders
2025-06-17,0.797287165,2529858559.0,1123,22858003.885749124,18224393.1156279,16228.310877673995,0.0006414710743389,Normal
2025-06-18,0.746392625,2358854003.0,1030,11095627.754781198,8281694.725913995,8040.480316421354,0.0003408638392285,Retail Orders
2025-06-19,0.774866228,2446824309.0,786,6400383.080292475,4959440.695181252,6309.72098623569,0.0002578738883305,Retail Orders
2025-06-20,0.770189769,2434781176.0,809,10083801.824894529,7766440.998157294,9600.05067757391,0.0003942880276964,Retail Orders
2025-06-21,0.734854134,2323940719.0,890,5817424.276738428,4274958.278993194,4803.323908981117,0.0002066887451005,Retail Orders
2025-06-22,0.685737964,2170058109.0,1339,11865034.97376816,8136304.925700571,6076.4039773716,0.0002800111182355,Retail Orders
2025-06-23,0.671826055,2122648392.0,1105,14078017.574159082,9457979.009067966,8559.257021780964,0.0004032348011116,Retail Orders
2025-06-24,0.756968183,2389435205.0,938,9457063.070800075,7158695.849219934,7631.871907483938,0.0003194006638687,Retail Orders
2025-06-25,0.782619574,2471187229.0,744,9331300.486561555,7302858.411658799,9815.669908143547,0.0003972046226588,Retail Orders
2025-06-26,0.757669815,2393080637.0,759,6161214.64523043,4668166.360427031,6150.416812156826,0.0002570083396716,Retail Orders
2025-06-27,0.733504867,2317960493.0,741,8527206.918673595,6254747.776763155,8440.955164322746,0.0003641544016739,Retail Orders
2025-06-28,0.747848706,2363747407.0,715,3637932.842756681,2720623.3689704854,3805.06764890977,0.0001609760686628,Retail Orders
2025-06-29,0.761708857,2405885004.0,743,4500216.963293353,3427855.119362191,4613.533135076973,0.0001917603346546,Retail Orders
2025-06-30,0.791942594,2503050236.0,756,5194853.44121226,4114025.709683464,5441.832949316751,0.0002174080596166,Retail Orders
2025-07-01,0.769175321,2429738814.0,701,5320805.827653108,4092632.53046375,5838.277504227889,0.0002402841601981,Retail Orders
2025-07-02,0.740067809,2337058098.0,822,6210406.4999552425,4596121.931421235,5591.3892109747385,0.0002392490463014,Retail Orders
2025-07-03,0.786498653,2485911299.0,805,7721611.592264066,6073037.1163048735,7544.145486093011,0.000303476052791,Retail Orders
2025-07-04,0.795552415,2512607655.0,774,1643539.925840462,1307522.1571513002,1689.3051125985792,6.723314359235204e-05,Retail Orders
2025-07-05,0.77430491,2446755393.0,691,2947207.06012602,2282036.897442242,3302.513599771696,0.0001349752251173,Retail Orders
2025-07-06,0.781770021,2470459504.0,770,4180894.128567774,3268497.690689205,4244.802195700267,0.0001718223751017,Retail Orders
2025-07-07,0.795660045,2510096287.0,748,5002920.187910014,3980623.70184389,5321.689440967767,0.0002120113665969,Retail Orders
2025-07-08,0.780185161,2464976093.0,781,2489289.548976861,1942106.7675441296,2486.692404025774,0.0001008809947929,Retail Orders
2025-07-09,0.802179385,2534960686.0,818,4279866.627752463,3433220.779332495,4197.091417276889,0.0001655683040946,Retail Orders
2025-07-10,0.833255722,2632140216.0,1034,9071507.120053109,7558885.214947991,7310.333863586065,0.0002777334512481,Retail Orders
2025-07-11,0.893500921,2818387984.0,1187,9349447.373358808,8353739.838937126,7037.691523957141,0.0002497062705315,Retail Orders
2025-07-12,0.885007769,2796107287.0,784,3789819.447703401,3354019.6543248,4278.086293781632,0.0001530015072623,Retail Orders
2025-07-13,0.87258465,2756727594.0,965,4421142.000126386,3857820.6447805823,3997.7416008088935,0.0001450176509826,Retail Orders
2025-07-14,0.903755775,2849295344.0,1164,27401098.84421188,24763901.32180231,21274.829314263152,0.0007466698515148,Normal
2025-07-15,0.922266607,2909755938.0,969,8491665.101504106,7831579.160944502,8082.125037094429,0.0002777595512924,Retail Orders
2025-07-16,0.932165617,2963670572.0,1153,25318230.62644336,23600784.073246863,20469.0234806998,0.0006906645993008,Normal
2025-07-17,0.958734006,3029448037.0,1415,15213889.546060065,14586073.271335687,10308.178990343242,0.0003402659119563,Retail Orders
2025-07-18,1.038115531,3286010610.0,1443,9407385.066502018,9765952.543633211,6767.811880549697,0.0002059583088366,Retail Orders
2025-07-19,1.00769754,3183424884.0,961,5979288.000073141,6025313.808625224,6269.837469953407,0.0001969525808969,Retail Orders
2025-07-20,1.032601626,3256849507.0,1164,10531350.372168958,10874689.518277371,9342.516768279527,0.0002868574905963,Retail Orders
2025-07-21,1.046986378,3309270227.0,1305,11927868.996326284,12488316.357722148,9569.59107871429,0.000289175268935,Retail Orders
2025-07-22,1.076777477,3401439620.0,1480,21706184.97869142,23372731.096650645,15792.3858761153,0.0004642853509219,Retail Orders
2025-07-23,1.142758224,3602556074.0,1705,14477591.99458822,16544387.315532254,9703.45297098666,0.0002693491168955,Retail Orders
2025-07-24,1.030443936,3258080278.0,1639,9084396.8099746,9360961.60505607,5711.385970137932,0.0001752991173576,Retail Orders
2025-07-25,1.017888365,3216639227.0,1712,13459390.057996618,13700156.540031431,8002.427885532378,0.0002487822637478,Retail Orders
2025-07-26,1.037221764,3277215266.0,980,6240117.859234281,6472386.053522885,6604.47556481927,0.0002015270596758,Retail Orders
2025-07-27,1.041964349,3292078223.0,942,14096016.00070843,14687546.13567174,15591.87487863242,0.0004736179951527,Retail Orders
2025-07-28,1.067641276,3366349307.0,1070,13042661.61287694,13924883.886808151,13013.91017458706,0.000386588229199,Retail Orders
2025-07-29,0.988719923,3123185721.0,1094,6080420.896684728,6011833.280777715,5495.277221917473,0.00017595102286,Retail Orders
2025-07-30,0.958486354,3027035308.0,1018,11574217.63963176,11093729.665813131,10897.57334559247,0.000360008134586,Retail Orders
2025-07-31,0.945872284,2989991003.0,1170,10109188.637478942,9562001.345919054,8172.650723007739,0.0002733336225696,Retail Orders
2025-08-01,0.919342019,2904746517.0,1426,17188474.710641697,15802087.04401178,11081.407464243886,0.0003814930975694,Retail Orders
2025-08-02,0.89164507,2816395092.0,1220,4303727.332110885,3837397.258300923,3145.4075887712484,0.0001116820433931,Retail Orders
2025-08-03,0.877869081,2774990254.0,1132,3875703.0814546025,3402359.9023454203,3005.6182882910075,0.0001083109493432,Retail Orders
2025-08-04,0.921429423,2910070708.0,958,4255479.338693103,3921123.871640408,4093.031181253035,0.0001406505749156,Retail Orders
2025-08-05,0.950302832,3002239765.0,965,13190106.503374351,12534595.564538268,12989.218201594058,0.0004326509279179,Retail Orders
2025-08-06,0.919048261,2904289584.0,983,7303464.557472596,6712236.400820324,6828.317803479476,0.0002351114655059,Retail Orders
2025-08-07,0.941522552,2974662267.0,1144,8382789.296940284,7892585.171733502,6899.11291235446,0.000231929284507,Retail Orders
2025-08-08,1.008920611,3187288697.0,1195,8723767.399055237,8801588.734476691,7365.346221319407,0.0002310850042624,Retail Orders
2025-08-09,1.021059429,3227227649.0,1318,13236131.060993353,13514876.423307031,10254.079228609282,0.0003177364705519,Retail Orders
2025-08-10,1.039898619,3284075926.0,1032,10422769.49972807,10838623.60892254,10502.54225670789,0.0003198020537089,Retail Orders
2025-08-11,1.025103577,3238211230.0,1146,36393267.00811502,37306868.18873481,32553.986203084474,0.0010053076804098,Normal
2025-08-12,0.985532385,3114481234.0,1241,25069206.710474305,24706515.079431742,19908.55364982413,0.000639225352604,Normal
2025-08-13,1.059606439,3348126731.0,1403,13815108.865441976,14638578.309308302,10433.769286748611,0.0003116300583888,Retail Orders
2025-08-14,1.081717006,3417847975.0,1245,14269109.895835465,15435138.83480811,12397.70187534788,0.0003627341521925,Retail Orders
2025-08-15,1.003059954,3166862219.0,1123,6419123.436985951,6438765.65942345,5733.540213199866,0.0001810479843044,Retail Orders
2025-08-16,0.989460783,3124874434.0,869,2806964.867438844,2777381.6555895293,3196.066347053544,0.0001022782327596,Retail Orders
2025-08-17,1.001523461,3163920675.0,918,6212296.050944837,6221760.241698905,6777.516603157848,0.0002142125956794,Retail Orders
2025-08-18,1.010246513,3192407161.0,1038,5862673.927288876,5922745.891899603,5705.920897783818,0.0001787341216211,Retail Orders
2025-08-19,0.961545077,3036497965.0,1017,5714613.109086923,5494858.102002195,5403.006983286327,0.0001779354719009,Retail Orders
2025-08-20,0.909611065,2874125891.0,1029,8254359.7290107235,7508256.943998555,7296.653978618615,0.0002538738474006,Retail Orders
2025-08-21,0.945202481,2987466812.0,806,18882581.626309272,17847863.00087254,22143.75062142995,0.0007412216441194,Normal
2025-08-22,0.915614437,2889849096.0,1152,7029918.921248724,6436695.2552347975,5587.40907572465,0.0001933460499186,Retail Orders
2025-08-23,1.009477034,3195230501.0,955,13226238.068871604,13351583.576742396,13980.715787164812,0.0004375495221014,Retail Orders
2025-08-24,1.000774718,3161463933.0,1021,5794189.104673032,5798677.967267825,5679.410349919515,0.000179644951525,Retail Orders
2025-08-25,0.972459949,3072105546.0,1135,7595927.627878722,7386735.393614633,6508.136910673686,0.0002118461365739,Retail Orders
2025-08-26,0.892454837,2819403515.0,1109,5398282.624294094,4817723.439544318,4344.205085251865,0.0001540824171545,Retail Orders
2025-08-27,0.941260524,2975608379.0,942,13088600.313844748,12319782.789836071,13078.3256792315,0.0004395177057414,Retail Orders
2025-08-28,0.926665728,2927536271.0,988,8432656.038960913,7814253.34731731,7909.163307001326,0.0002701644855897,Retail Orders
2025-08-29,0.946220341,2989207375.0,984,5728417.0762719065,5420344.759300226,5508.480446443319,0.0001842789661404,Retail Orders
2025-08-30,0.906639849,2865402507.0,850,2437389.8705116943,2209834.7841548524,2599.8056284174736,9.07309050671349e-05,Retail Orders
2025-08-31,0.907271973,2865443323.0,777,4505087.644049981,4087339.755355148,5260.411525553601,0.0001835810704518,Retail Orders
2025-09-01,0.897679482,2836535459.0,1019,6903714.187950707,6197322.576115642,6081.768965766086,0.0002144083532067,Retail Orders
2025-09-02,0.878721417,2774865701.0,1202,6410280.53900236,5632850.798599677,4686.2319455904135,0.0001688813964546,Retail Orders
2025-09-03,0.948048078,2991680891.0,1257,18847828.583863188,17868647.663404956,14215.312381388192,0.0004751613858333,Retail Orders
2025-09-04,0.939902315,2968577226.0,1053,8661146.244352411,8140631.405620388,7730.894022431517,0.0002604242178617,Retail Orders
2025-09-05,0.909610294,2875705822.0,1007,8007709.923505437,7283895.377786498,7233.262540006453,0.0002515299890785,Retail Orders
2025-09-06,0.912689059,2881519754.0,833,3915807.265925791,3573914.4487631726,4290.413503917374,0.000148894120818,Retail Orders
2025-09-07,0.901272434,2847898640.0,861,4124834.913299468,3717600.002157591,4317.770037349118,0.0001516124898795,Retail Orders
2025-09-08,0.912562038,2887275108.0,988,5962818.087776084,5441441.426404205,5507.531808101422,0.0001907518889641,Retail Orders
2025-09-09,0.933175032,2948445134.0,942,7263439.78651261,6778060.655208977,7195.393476867279,0.0002440402703748,Retail Orders
2025-09-10,0.950264273,3002231351.0,1280,20479622.56297104,19461053.64611607,15203.94816102818,0.0005064216039168,Normal
2025-09-11,1.02444507,3236716870.0,1104,24617119.15146353,25218886.3523194,22843.1941597096,0.0007057520035637,Normal
2025-09-12,1.07851688,3409726339.0,1510,15423004.027389027,16633970.183847051,11015.874293938445,0.0003230720943185,Retail Orders
2025-09-13,1.101540601,3480553555.0,1319,5165953.284746742,5690507.28601785,4314.258746033245,0.0001239532355373,Retail Orders
2025-09-14,1.08987296,3438808582.0,974,3259435.8754781336,3552371.0255375444,3647.1981781699633,0.0001060599359109,Retail Orders
2025-09-15,1.049486217,3315387727.0,1008,42450101.55910681,44550796.49653281,44197.21874656033,0.0013330935138181,Normal
2025-09-16,1.036189168,3266823238.0,1039,13909051.32888508,14412408.324146723,13871.422833634962,0.0004246150410674,Retail Orders
2025-09-17,1.020825843,3224066895.0,1031,30627405.76687761,31265247.310875893,30325.167129850528,0.0009405874045876,Normal
2025-09-18,1.065775558,3366266437.0,1074,7383791.226392777,7869464.214464266,7327.247871940657,0.0002176669021621,Retail Orders
2025-09-19,1.078725788,3407724653.0,907,7466430.6312728,8054231.266267089,8880.078573613107,0.0002605867397706,Retail Orders
2025-09-20,1.021999629,3227942916.0,870,4314966.11326351,4409893.766902879,5068.843410233194,0.0001570301440309,Retail Orders
2025-09-21,1.015244667,3206816927.0,843,3656789.697601391,3712536.2388303545,4403.957578683695,0.0001373311192667,Retail Orders
2025-09-22,0.991585526,3133633013.0,1366,11526372.642403478,11429384.279489662,8367.045592598583,0.0002670078326941,Retail Orders
2025-09-23,0.940097988,2970427489.0,1017,24417598.67919861,22954935.39010608,22571.224572375693,0.0007598645197016,Normal
2025-09-24,0.918405733,2901342466.0,913,6443666.8559457725,5917900.582042682,6481.8188193238575,0.0002234075740896,Retail Orders
2025-09-25,0.924693603,2917440786.0,1080,7775299.362477635,7189769.581893048,6657.194057308378,0.0002281860899886,Retail Orders
2025-09-26,0.871199959,2753116477.0,1008,6513012.879700161,5674136.553761252,5629.103723969496,0.0002044629702737,Retail Orders
2025-09-27,0.896783794,2831796087.0,821,5270728.145153816,4726703.583153621,5757.251623816835,0.0002033074221073,Retail Orders
2025-09-28,0.885191627,2798323689.0,819,5175199.306601143,4581043.094259538,5593.459211550107,0.0001998860687038,Retail Orders
2025-09-29,0.905703873,2862872631.0,867,5079370.968151982,4600405.95825901,5306.119905719735,0.0001853425069723,Retail Orders
2025-09-30,0.893925444,2825755769.0,839,8082450.856580747,7225108.470577124,8611.57147863781,0.0003047528584427,Retail Orders
2025-10-01,0.882989273,2785020669.0,946,7505503.616201484,6627279.181568619,7005.580530199386,0.000251545010354,Retail Orders
2025-10-02,0.935494298,2952253438.0,1011,9384285.829076303,8778945.883903082,8683.428173989201,0.0002941288190986,Retail Orders
2025-10-03,0.957610349,3021821736.0,943,21702277.734305285,20782325.75524301,22038.521479579016,0.0007293124282291,Normal
2025-10-04,0.944548462,2985766606.0,837,4901425.954749621,4629634.347165637,5531.223831739112,0.0001852530542951,Retail Orders
2025-10-05,0.922758427,2915132601.0,847,8679606.47037685,8009180.013583964,9455.938622885436,0.0003243742195343,Retail Orders
2025-10-06,0.918067947,2901334116.0,990,9567573.354044644,8783682.42691967,8872.406491838052,0.0003058043692006,Retail Orders
2025-10-07,0.962837586,3044286467.0,947,11189875.937843977,10774033.135633182,11377.014926750984,0.0003737169629099,Retail Orders
2025-10-08,0.91008585,2873413690.0,866,4774794.399387652,4345472.819541951,5017.8669971616055,0.0001746308585716,Retail Orders
2025-10-09,0.92350389,2917620844.0,997,9592076.270824932,8858319.749283519,8884.974673303428,0.0003045280777855,Retail Orders
2025-10-10,0.885112798,2797046708.0,1810,24058472.03321896,21294461.496927183,11764.895854655902,0.0004206184981111,Retail Orders
2025-10-11,0.708048654,2232024208.0,2630,20217060.061359167,14314662.164282518,5442.83732482225,0.0002438520740641,Retail Orders
2025-10-12,0.717134202,2265215347.0,1600,12916078.345873686,9262561.537537605,5789.100960961003,0.0002555651483038,Retail Orders
2025-10-13,0.81563745,2576636542.0,1195,13137758.816349328,10715648.099682184,8967.069539483,0.0003480145295355,Retail Orders
2025-10-14,0.832611404,2629163504.0,1045,10299532.519888705,8575508.23192819,8206.227973137024,0.0003121231509813,Retail Orders
2025-10-15,0.800602722,2527564427.0,991,10356727.129595509,8291623.930965411,8366.926267371757,0.0003310272204338,Retail Orders
2025-10-16,0.76326902,2410776977.0,1254,5556272.308166113,4240930.519507087,3381.922264359718,0.00014028349767,Retail Orders
2025-10-17,0.725827875,2293350507.0,1262,12599538.93754426,9145096.573017508,7246.510755164428,0.0003159792074105,Retail Orders
2025-10-18,0.704343895,2225571735.0,859,5241173.53965995,3691588.585295026,4297.542008492464,0.0001930983369759,Retail Orders
2025-10-19,0.713227367,2252660193.0,809,3654499.7614057255,2606489.242529534,3221.8655655494854,0.0001430249256217,Retail Orders
2025-10-20,0.731249944,2310835829.0,728,4142022.986013649,3028854.076569193,4160.5138414412,0.0001800436789679,Retail Orders
2025-10-21,0.752021342,2374959432.0,830,5069170.372947311,3812124.3066904778,4592.920851434311,0.000193389444449,Retail Orders
2025-10-22,0.725194573,2290337121.0,744,4133952.479584621,2997919.90323466,4029.462235530457,0.0001759331496915,Retail Orders
2025-10-23,0.70417148,2222570585.0,751,7064788.437535662,4974822.529946375,6624.264354123003,0.0002980451734055,Retail Orders
2025-10-24,0.721328136,2278456243.0,780,27212257.19761709,19628966.760709725,25165.342000909903,0.0011044909059905,Normal
2025-10-25,0.744188429,2350162425.0,661,45254815.68208578,33678110.18713598,50950.24234059906,0.0021679455768083,Normal
2025-10-26,0.735429077,2324777218.0,740,14785796.86600642,10873904.941876594,14694.466137671074,0.0006320806150325,Normal
2025-10-27,0.765585409,2418294869.0,692,4221080.610063033,3231597.725277077,4669.9389093599375,0.0001931087465479,Retail Orders
2025-10-28,0.746376944,2356838679.0,707,4273728.251801615,3189812.232066152,4511.757046769663,0.0001914325781807,Retail Orders
2025-10-29,0.730049017,2306476982.0,724,3456441.4061760213,2523371.650896902,3485.319959802351,0.0001511101123922,Retail Orders
2025-10-30,0.728079226,2299995709.0,1167,33311364.021584123,24253312.133839216,20782.61536747148,0.0009035936582902,Normal
2025-10-31,0.687958579,2172603464.0,1849,5660244.232722512,3894013.5791367246,2106.0105890409545,9.693488130427442e-05,Retail Orders
2025-11-01,0.687772006,2173996485.0,1231,5565248.827607036,3827622.350052439,3109.360154388659,0.000143025077356,Retail Orders
2025-11-02,0.702160412,2218136379.0,1059,3654237.91224262,2565861.198006298,2422.909535416712,0.0001092317658352,Retail Orders
2025-11-03,0.698597613,2204511804.0,1839,15184241.861184146,10607675.119437922,5768.175703881415,0.0002616532011039,Retail Orders
2025-11-04,0.613596867,1934884772.0,2182,16849377.51055017,10338725.251373846,4738.18755791652,0.0002448821566267,Retail Orders
2025-11-05,0.595158971,1879653657.0,1168,10850570.903070817,6457814.613434168,5528.950867666239,0.0002941473205489,Retail Orders
2025-11-06,0.617320619,1950068922.0,831,11242909.683904884,6940479.965429257,8351.961450576722,0.0004282905776484,Retail Orders
2025-11-07,0.593467091,1874752026.0,889,12407920.737118872,7363692.625216512,8283.118813516887,0.0004418247692837,Retail Orders
2025-11-08,0.66577516,2105019626.0,704,3221346.7162974984,2144692.6254584417,3046.4383884352865,0.0001447225646168,Retail Orders
2025-11-09,0.660008219,2085926478.0,675,1750796.879663464,1155540.3303774402,1711.911600559171,8.206960401598444e-05,Retail Orders
2025-11-10,0.670074318,2113446211.0,838,10876687.7065594,7288189.097071774,8697.12302753195,0.0004115138101109,Retail Orders
2025-11-11,0.690808455,2183808681.0,632,3329424.3387035024,2299994.483459163,3639.231777625258,0.0001666460898927,Retail Orders
2025-11-12,0.649194065,2051378934.0,668,4260889.565374111,2766144.2174613024,4140.934457277399,0.0002018610208306,Retail Orders
2025-11-13,0.636684076,2011348471.0,672,4117694.378334463,2621670.440520272,3901.295298393261,0.00019396416656,Retail Orders
2025-11-14,0.615119503,1949640143.0,845,21432439.971341487,13183511.823248908,15601.789139939536,0.0008002394285917,Normal
2025-11-15,0.575582141,1824255494.0,657,4216870.499887349,2427155.350644901,3694.300381499088,0.0002025100318266,Retail Orders
2025-11-16,0.583556611,1843732767.0,768,7295842.370891897,4257537.048347881,5543.66803170297,0.0003006763306985,Retail Orders
2025-11-17,0.559771211,1768338882.0,797,8303094.090688644,4647833.034191726,5831.660017806431,0.0003297818125907,Retail Orders
2025-11-18,0.529599398,1669057373.0,810,4512204.86877634,2389660.9821566185,2950.1987434032326,0.0001767583781796,Retail Orders
2025-11-19,0.545177474,1722017085.0,853,6643818.45478783,3622060.1628958127,4246.260448881375,0.000246586429709,Retail Orders
2025-11-20,0.528474555,1669507947.0,764,13198542.770075846,6975094.017064299,9129.704210817146,0.0005468500001585,Normal
2025-11-21,0.502983793,1592583036.0,1179,8905312.930196593,4479228.075482226,3799.175636541328,0.0002385543202873,Retail Orders
2025-11-22,0.466405707,1472997969.0,757,5703946.436956331,2660353.1706187488,3514.337081398611,0.0002385839733224,Retail Orders
2025-11-23,0.462445598,1461087340.0,721,3540853.022562363,1637451.8934489596,2271.08445693337,0.0001554379669687,Retail Orders
2025-11-24,0.475609036,1503763165.0,644,14975046.83407614,7122267.588809805,11059.421721754356,0.0007354497023974,Normal
2025-11-25,0.499681998,1581481746.0,593,2126977.0047847345,1062812.119450892,1792.2632705748597,0.0001133281035401,Retail Orders
2025-11-26,0.505497242,1598159094.0,662,5765405.146167419,2914396.400400237,4402.4114809671255,0.0002754676613545,Retail Orders
2025-11-27,0.517163521,1632446932.0,633,4851327.6274727145,2508929.677348365,3963.5539926514457,0.0002427983363474,Retail Orders
2025-11-28,0.52158157,1648741535.0,598,11310945.90327922,5899580.922417444,9865.519937152916,0.0005983666771124,Normal
2025-11-29,0.5163057,1631376148.0,531,3084048.289552365,1592311.7109711366,2998.703787139617,0.0001838143698996,Retail Orders
2025-11-30,0.510354988,1612154115.0,527,4962567.252587247,2532670.9506433574,4805.82723082231,0.0002980997403478,Retail Orders
2025-12-01,0.50617067,1602857678.0,776,6439693.92531747,3259584.188772874,4200.495088624838,0.0002620628859491,Retail Orders
2025-12-02,0.462956533,1463870644.0,702,12614471.116537057,5839951.813740634,8319.019677693212,0.0005682892618818,Normal
2025-12-03,0.502312242,1587026905.0,638,4474113.154903691,2247401.809801366,3522.573369594618,0.0002219605325213,Retail Orders
2025-12-04,0.514971057,1627597311.0,564,19615171.40293278,10101245.550604466,17910.00984149728,0.0011003956396618,Normal
2025-12-05,0.491276861,1551897807.0,604,7606182.888192181,3736741.6535029695,6186.6583667267705,0.0003986511443486,Retail Orders
2025-12-06,0.463560551,1464031540.0,589,386591602.0582124,179208616.06207767,304259.1104619316,0.0207822783969484,Small Whale Orders
2025-12-07,0.467581636,1475944290.0,620,9850329.127564823,4605833.008605213,7428.762917105182,0.0005033227180346,Normal
2025-12-08,0.454759335,1433970588.0,682,4099824.068072367,1864433.2668135844,2733.773118494992,0.0001906435976701,Retail Orders
2025-12-09,0.484220397,1528589241.0,711,12925138.190657005,6258615.545959796,8802.553510491978,0.0005758612761616,Normal
2025-12-10,0.499691469,1579206214.0,633,8966134.922497863,4480301.130675158,7077.884882583188,0.0004481925678759,Retail Orders
2025-12-11,0.490136703,1548371509.0,637,3818541.830506294,1871607.50307194,2938.159345481852,0.0001897580347096,Retail Orders
2025-12-12,0.474336235,1498842477.0,651,3505345.1549983453,1662712.2231974066,2554.089436555156,0.0001704041269011,Retail Orders
2025-12-13,0.458804022,1449532979.0,473,1133159.1956955013,519897.9965513811,1099.1500984172962,7.582787796767308e-05,Retail Orders
2025-12-14,0.463573659,1464474761.0,550,27404327.54367892,12703924.391857715,23098.044348832213,0.0015772237913516,Normal
2025-12-15,0.441702072,1394414550.0,823,3415436.589548983,1508605.4183883993,1833.056401443985,0.0001314570621372,Retail Orders
2025-12-16,0.416265463,1314548680.0,741,4165352.862739825,1733892.5379667687,2339.9359486731023,0.0001780029894878,Retail Orders
2025-12-17,0.414707166,1307294525.0,740,3573892.5674137664,1482118.858220627,2002.8633219197663,0.0001532067398446,Retail Orders
2025-12-18,0.3684637440141053,1164936606.758571,784,6318041.569420348,2327969.2515053754,2969.348535083387,0.0002548935725649,Retail Orders
2025-12-19,0.3977182406522652,1256505312.5292647,778,8270251.597492649,3289229.915106362,4227.801947437483,0.0003364730658342,Retail Orders
2025-12-20,0.3988744340425089,1260076315.309867,589,2217286.901963721,884419.0581306469,1501.5603703406568,0.0001191642404588,Retail Orders
2025-12-21,0.390515502475437,1233675935.9812973,540,4157860.809839,1623709.1033772042,3006.868709957785,0.0002437324602239,Retail Orders
2025-12-22,0.3931369901827033,1241854907.2770207,609,2893194.329041533,1137421.710533054,1867.6875378211068,0.000150394987923,Retail Orders
2025-12-23,0.386203814233017,1220065644.011732,581,3941542.402427096,1522238.7097785135,2620.032202716891,0.0002147451832265,Retail Orders
2025-12-24,0.3789251786029837,1197036697.2236905,585,3344140.530680432,1267179.047861559,2166.11803053258,0.0001809566937719,Retail Orders
2025-12-25,0.3679465451798401,1162072577.0200074,533,2338946.707155211,860607.360257523,1614.647955455015,0.0001389455346752,Retail Orders
2025-12-26,0.3754540261925207,1185879643.5218284,671,3539110.021355416,1328773.106656189,1980.287789353486,0.0001669889351901,Retail Orders
2025-12-27,0.3871303648362522,1223383242.301204,603,3780774.857765706,1463652.750050567,2427.284825954506,0.0001984075588111,Retail Orders
2025-12-28,0.3870692318051154,1223216929.2677753,622,1946168.089708113,753301.7874469482,1211.0961212973443,9.90091039716327e-05,Retail Orders
2025-12-29,0.3765210037110333,1189663203.0349286,742,4900013.213326024,1844957.89327884,2486.4661634485715,0.000209005889827,Retail Orders
2025-12-30,0.3742553541296061,1182299898.6138604,842,11145527.782230776,4171273.447100142,4954.006469240074,0.0004190143697929,Retail Orders
2025-12-31,0.3584791390751728,1133725649.8498151,1106,5713485.344698493,2048165.3074861327,1851.8673666239897,0.0001633435185019,Retail Orders
2026-01-01,0.3863747543618779,1220145688.2262137,694,4513026.755418118,1743719.604053258,2512.5642709701124,0.000205923300407,Retail Orders
2026-01-02,0.4226506898575405,1335352414.656896,885,6406807.140346534,2707841.457651679,3059.7078617533093,0.000229131113867,Retail Orders
2026-01-03,0.4278552403326902,1351574792.2357528,681,6949735.171219066,2973480.611930483,4366.344510911135,0.0003230560776949,Retail Orders
2026-01-04,0.4381380318458591,1383883190.8819635,735,4756043.176388639,2083803.396676846,2835.106662145369,0.000204866037887,Retail Orders
2026-01-05,0.455830033215068,1440607382.4932947,781,12719035.116490915,5797718.19961367,7423.454801041831,0.0005153003442335,Normal
2026-01-06,0.4582435191481357,1445309176.4440904,758,4190581.7508888687,1920306.928805272,2533.386449611176,0.0001752833574228,Retail Orders
2026-01-07,0.4219296717825659,1333920557.2226844,588,2871148.2312972285,1211422.6308703343,2060.242569507371,0.0001544501700908,Retail Orders
2026-01-08,0.4075224150584132,1286662705.9886808,593,5218339.496557949,2126590.314231999,3586.155673241145,0.0002787176201307,Retail Orders
2026-01-09,0.4021673800803738,1271636605.864539,574,62520955.04063904,25143888.688816644,43804.684126858265,0.0034447485960092,Normal
2026-01-10,0.3995280997140504,1262336040.1449945,481,1493272.8648547984,596604.4700499936,1240.3419335758704,9.825766627350688e-05,Retail Orders
2026-01-11,0.3976578772735444,1255322888.2499404,521,3420788.412221069,1360303.458605769,2610.947137439096,0.0002079900846131,Retail Orders
2026-01-12,0.3866132214314013,1222269609.5178988,588,7257082.743668552,2805684.137723931,4771.571662795801,0.000390386182037,Retail Orders
2026-01-13,0.4147835524254861,1308480249.7226405,581,3910065.066660754,1621830.678564343,2791.446951057389,0.0002133350466427,Retail Orders
2026-01-14,0.4013387720880866,1267802591.940494,636,9946720.186446296,3992004.46593214,6276.736581654309,0.0004950878489723,Retail Orders
2026-01-15,0.3801826413380614,1201746693.9604464,679,6471413.530814744,2460319.089336019,3623.444903293106,0.0003015148634486,Retail Orders
2026-01-16,0.3837428310219534,1212826261.740011,615,58008551.7878705,22260365.88656102,36195.71688871711,0.0029844107132696,Normal
2026-01-17,0.3848974244032454,1215853725.239504,510,1931160.458022652,743298.6864023105,1457.448404710413,0.000119870373751,Retail Orders
2026-01-18,0.3566225539420135,1737540032.2396307,726,22201082.55902051,7917406.762475386,10905.518956577667,0.0006276413063427,Normal
2026-01-19,0.3482114592265488,1696212671.9061956,1008,40466378.358221896,14090856.657730082,13979.02446203381,0.000824131589957,Normal
2026-01-20,0.3284607021205168,1599541891.5541022,759,83773880.46278241,27516427.59616576,36253.52779468479,0.0022664944248169,Normal
2026-01-21,0.3399265364049099,1655268197.7615333,749,9396050.48913872,3193966.898658584,4264.308275912662,0.0002576203833118,Retail Orders
2026-01-22,0.3410131424499857,1660505745.561492,665,5136635.001797542,1751660.043581568,2634.0752535061174,0.0001586309026961,Retail Orders
2026-01-23,0.3461155070711533,1685121352.8948612,704,8173922.248947855,2829121.243954769,4018.6381306175695,0.0002384776694992,Retail Orders
2026-01-24,0.3434186739994737,1672750752.6007955,637,29581366.66996358,10158793.71689112,15947.870827144614,0.0009533919385388,Normal
2026-01-25,0.3225484671089449,1570866402.7280354,768,4225979.422043442,1363083.1846140572,1774.847896632887,0.0001129852859256,Retail Orders
2026-01-26,0.3322082349381993,1619931533.4441302,643,6553932.944117911,2177270.495268727,3386.112745363495,0.0002090281394895,Retail Orders
2026-01-27,0.3408128364439247,1661078897.777612,611,7442293.212175339,2536429.059288845,4151.275056119222,0.0002499143816511,Retail Orders
2026-01-28,0.3458645640381274,1685908155.8259988,626,8188149.237194726,2831990.66620148,4523.946751120574,0.0002683388614905,Retail Orders
2026-01-29,0.3147473212732201,1532675769.7227285,820,7458046.075323161,2347400.024140217,2862.682956268557,0.0001867768129972,Retail Orders
2026-01-30,0.3111382044721109,1515463497.7755067,887,6825321.261017736,2123618.202098382,2394.158063245076,0.0001579819023526,Retail Orders
2026-01-31,0.2872515193437827,1397839146.0005355,1163,6904036.459425309,1983194.9625747893,1705.240724483912,0.0001219911982979,Retail Orders
2026-02-01,0.2760193157788244,1344000926.7472749,995,12731835.38896054,3514232.4926695107,3531.891952431669,0.0002627893985891,Retail Orders
2026-02-02,0.284125141887987,1383011169.3924856,945,19753629.715984263,5612502.845856785,5939.1564506421,0.0004294366222111,Retail Orders
2026-02-03,0.2776842256624794,1352135422.6293287,1019,7899592.417287557,2193592.2034436893,2152.6910730556324,0.0001592067656115,Retail Orders
2026-02-04,0.2708048463532783,1318944507.5115805,935,21402159.482683312,5795808.510336411,6198.725679504183,0.0004699762305541,Retail Orders
2026-02-05,0.2255915231494931,1100381674.41522,1473,9450115.081626303,2131865.8552020746,1447.295217380906,0.0001315266557987,Retail Orders
2026-02-06,0.2586183033860384,1259925767.1976929,1513,15529381.65284682,4016182.3356935177,2654.449660075028,0.0002106830203162,Retail Orders
2026-02-07,0.2631642137721593,1282323436.3739147,849,9443294.23621645,2485137.103093066,2927.134397047192,0.0002282680261482,Retail Orders
2026-02-08,0.2583964653649387,1256963694.828856,759,6456033.796632863,1668216.3133265174,2197.913456293172,0.0001748589450383,Retail Orders
2026-02-09,0.2509621528655575,1222301415.405332,664,9873365.321120536,2477841.0170165463,3731.688278639377,0.0003053001683223,Retail Orders
2026-02-10,0.2473377252963169,1204551056.7951307,645,4968642.90873189,1228932.8348554212,1905.3222245820484,0.0001581769584471,Retail Orders
2026-02-11,0.2408294973131685,1174102227.095457,754,5855871.134456784,1410266.501641921,1870.3799756524152,0.0001593029918935,Retail Orders
2026-02-12,0.2508086461074666,1221602718.1578856,859,7586416.388191636,1902738.823129841,2215.0626578927136,0.0001813243065824,Retail Orders
2026-02-13,0.2635548734788118,1283251949.8060205,831,6211110.022698688,1636968.316195333,1969.877636817488,0.0001535066934529,Retail Orders
2026-02-14,0.2945697028860353,1439349593.855058,844,4885417.448595755,1439095.966307104,1705.0900074728722,0.0001184625343802,Retail Orders
2026-02-15,0.2756234447117628,1341692170.0327897,720,3500136.782526935,964719.75696242,1339.8885513366945,9.986557134815423e-05,Retail Orders
2026-02-16,0.2780805744765124,1353401854.232519,588,2291960.791522979,637349.773584352,1083.9281863679455,8.008916073065489e-05,Retail Orders
2026-02-17,0.2747256937059573,1337073576.386462,573,5469917.244859831,1502726.8096082958,2622.5598771523487,0.0001961417773463,Retail Orders
2026-02-18,0.2645817259375761,1287064615.1714716,559,6906580.857590586,1827355.0836287416,3268.971527063939,0.0002539865899917,Retail Orders
2026-02-19,0.2617515038878312,1274594666.1682932,578,5429059.542625362,1421064.4999787696,2458.5891003092897,0.0001928918397015,Retail Orders
2026-02-20,0.2674484378334815,1301285769.0137682,573,4360696.930148251,1166261.5818334082,2035.3605267598748,0.0001564114950939,Retail Orders
2026-02-21,0.2672501216724541,1301485476.1823034,549,6816451.630010603,1821697.527494732,3318.21043259514,0.0002549556251928,Retail Orders
2026-02-22,0.2616695882108729,1273289209.964902,539,2547478.9056946672,666597.7562290085,1236.7305310371216,9.712880006822738e-05,Retail Orders
2026-02-23,0.2482201690929929,1209064866.0234742,602,13421347.980854606,3331449.265263629,5533.968879175463,0.000457706532932,Retail Orders
2026-02-24,0.2464493271084017,1200871505.6040854,605,4606846.846943164,1135354.3055206048,1876.618686810917,0.0001562713977351,Retail Orders
2026-02-25,0.2741810842910097,1332034150.5478864,719,12838994.924392698,3520209.54957676,4895.979902053908,0.0003675566350937,Retail Orders
2026-02-26,0.2661230602065962,1295864259.0873137,635,9431880.944799056,2510041.020534206,3952.820504778278,0.0003050335308701,Retail Orders
2026-02-27,0.2570883466942077,1250700119.9376829,632,5233704.601352506,1345524.4630475834,2128.9944035563026,0.0001702242103936,Retail Orders
2026-02-28,0.2614661006014415,1273060744.4376574,732,8273718.553859913,2163296.927751549,2955.323671791734,0.0002321431781401,Retail Orders
2026-03-01,0.2521489374718695,1227853825.238216,538,4770237.997626367,1202810.4425894269,2235.7071423595294,0.0001820825163716,Retail Orders
2026-03-02,0.2581197156359207,1256890909.1497035,531,14849263.966483342,3832887.792431404,7218.244430190968,0.0005742936302303,Normal
2026-03-03,0.2562021032642592,1248928047.487763,498,12651206.82752867,3241265.7980440008,6508.565859526106,0.0005211321719148,Normal
2026-03-04,0.2693657367534228,1312156127.5861084,650,30274856.344768323,8155008.984412556,12546.167668327009,0.0009561489981689,Normal
2026-03-05,0.2646588111884535,1288391125.9638486,553,13052649.353625571,3454498.660790281,6246.83302132058,0.0004848553281246,Retail Orders
2026-03-06,0.2555696998621145,1244515703.218736,663,6720198.816086158,1717479.1944408764,2590.46635662274,0.0002081505560695,Retail Orders
2026-03-07,0.2488055246541355,1211324916.992721,566,4168896.0146167832,1037244.3601452634,1832.5872087372145,0.0001512878322759,Retail Orders
2026-03-08,0.2436831478625265,1187583949.578522,554,6787673.133785325,1654041.555902708,2985.634577441712,0.0002514040862964,Retail Orders
2026-03-09,0.2505731002565982,1220173366.2616005,557,4033370.47901039,1010654.1454090738,1814.459866084513,0.0001487050870192,Retail Orders
2026-03-10,0.2548613497824476,1240502005.448558,576,31897717.90219597,8129495.439533409,14113.707360301058,0.0011377415996355,Normal
2026-03-11,0.255715780696705,1245210893.1635408,596,23906613.72023065,6113298.391283341,10257.212065911646,0.0008237329212445,Normal
2026-03-12,0.2598391308178452,1265612879.919873,531,14323674.33869417,3721851.090284167,7009.135763247019,0.0005538135613546,Normal
2026-03-13,0.2631974076494986,1281469348.0410812,659,6971788.018582578,1834956.533172769,2784.456044268238,0.0002172861995118,Retail Orders
2026-03-14,0.2626202291220277,1278307402.8654015,532,6772002.852420517,1778464.9407177016,3342.979211875379,0.0002615160644757,Retail Orders
2026-03-15,0.269673906098612,1312942515.4592807,590,4914111.787008599,1325207.7206078395,2246.1147806912536,0.0001710748760318,Retail Orders
2026-03-16,0.28932435872864,1409968119.9299445,678,8157269.628276817,2360096.8041778016,3480.968737725372,0.0002468827974563,Retail Orders
2026-03-17,0.2811972790909519,1369993704.7571614,570,11109029.474731391,3123828.8616356542,5480.4015116414985,0.0004000311455893,Retail Orders
2026-03-18,0.2668023168429826,1299335087.8597634,518,10521859.354063282,2807256.453160092,5419.41400223956,0.0004170913302407,Retail Orders
2026-03-19,0.2573291857588679,1252470774.5063894,553,3368806.2973555555,866892.1814778517,1567.6169646977428,0.0001251619595926,Retail Orders
2026-03-20,0.2603271891796405,1267052062.1329403,220,6939082.559113242,1806431.8580994168,8211.053900451894,0.0006480439238328,Normal
2026-03-21,0.2557543752393663,1253423006.858832,476,5837158.369514009,1492878.7919682933,3136.2999831266666,0.0002502187981203,Retail Orders
2026-03-22,0.245741316384022,1196617042.124227,245,1399009.639956589,343794.47055686894,1403.242736966812,0.0001172674872217,Retail Orders
2026-03-23,0.253591366053996,1234161522.3567538,566,34792613.17461005,8823106.30353762,15588.527038052333,0.0012630864563241,Normal
2026-03-24,0.2565813669150633,1250230469.442522,559,10006856.156273762,2567572.8310991377,4593.153544005613,0.000367384546791,Retail Orders
2026-03-25,0.2652672273744422,1291676719.6423492,605,8267788.231181811,2193173.260604643,3625.07976959445,0.0002806491527228,Retail Orders
2026-03-26,0.2694790526991137,1311118095.0967464,698,11436644.982240625,3081936.255870275,4415.381455401541,0.0003367645883245,Retail Orders
2026-03-27,0.2691491294046476,1310439827.6533542,772,18064705.91925916,4862099.871119584,6298.056827875109,0.0004806063349855,Retail Orders
2026-03-28,0.2681861356401401,1305081271.753259,634,36562305.725554965,9805503.482629957,15466.093821182894,0.001185067486288,Normal
2026-03-29,0.2562463792348356,1245544143.08415,609,3934701.286434013,1008252.9580193656,1655.5877799989582,0.0001329208434074,Retail Orders
2026-03-30,0.2637834363179756,1284790640.4466517,610,7821931.445752706,2063295.95540428,3382.452385908656,0.0002632687598605,Retail Orders
2026-03-31,0.2725765556609702,1327575195.3441207,599,9435083.659361802,2571782.606241943,4293.460110587551,0.0003234061713148,Retail Orders
2026-04-01,0.2701263639525851,1314664160.246374,0,0.0,0.0,,,Normal
2026-04-02,0.2577859161540269,1255252985.629486,606,10184512.070866317,2625423.774770018,4332.382466617192,0.0003451401841872,Retail Orders
2026-04-03,0.2592155564052165,1262939929.008783,515,9241138.172178213,2395446.7731186603,4651.352957511962,0.0003682956608365,Retail Orders
2026-04-04,0.2552734318757217,1243010745.1973183,495,2930220.0255000493,748007.3220603623,1511.125903152247,0.0001215698182007,Retail Orders
2026-04-05,0.2579460483683905,1256295697.8544605,530,3613062.691249153,931975.2437149812,1758.4438560660024,0.000139970538709,Retail Orders
2026-04-06,0.2560577923153775,1246450419.5927277,529,10251523.493864443,2624982.473708155,4962.159685648687,0.0003981032544615,Retail Orders
2026-04-07,0.2707212865130355,1318587156.9418702,542,8173406.495357105,2212715.121617076,4082.500224385749,0.0003096117084784,Retail Orders
2026-04-08,0.2559589547409077,1246715845.1498976,575,4998740.51698608,1279472.3977487816,2225.169387389185,0.000178482482279,Retail Orders
2026-04-09,0.255148319152103,1242518281.74858,628,23737570.493368708,6056601.212137583,9644.269446078952,0.0007761873276026,Normal
2026-04-10,0.256575675265579,1249174319.2322094,595,18164234.003354218,4660500.6050926,7832.774126206051,0.0006270361154254,Normal
2026-04-11,0.2564326982366935,1249356360.2063837,481,4660081.217788127,1194997.200679546,2484.4016646144405,0.0001988545257178,Retail Orders
2026-04-12,0.2432831537274165,1183737427.9526937,605,9043549.627433056,2200143.2742523164,3636.600453309614,0.0003072134383381,Retail Orders
2026-04-13,0.2571605371034025,1252845223.7640097,600,20849076.6343576,5361559.745401397,8935.93290900233,0.0007132511454332,Normal
2026-04-14,0.2511312998866236,1222845778.669211,574,11444004.247284884,2873947.6625286937,5006.877460851383,0.0004094447188835,Retail Orders
2026-04-15,0.25864215499761,1259412827.5680418,540,3706873.647426032,958753.7884741196,1775.4699786557771,0.0001409760119788,Retail Orders
2026-04-16,0.2697046687421453,1313467180.7687216,674,35457532.58156171,9563062.079323923,14188.519405525112,0.0010802340258872,Normal
2026-04-17,0.270560878027256,1316470274.7946954,663,9305346.16292761,2517662.628189252,3797.379529697212,0.0002884515968497,Retail Orders
2026-04-18,0.2591928352380917,1262308232.265908,512,25450644.68961497,6596624.755738587,12884.032726051928,0.0010206724789336,Normal
2026-04-19,0.2504708704294849,1219938837.3750043,486,4671439.569536547,1170059.5351405572,2407.52990769662,0.0001973484107512,Retail Orders
2026-04-20,0.2553995198828798,1243065826.055015,488,21192928.86648244,5412663.857411638,11091.524297974667,0.000892271677452,Normal
2026-04-21,0.2578710982135049,1255908749.2189806,518,10531947.16528858,2715884.781839576,5243.020814362115,0.0004174682927897,Retail Orders
2026-04-22,0.2614865467514847,1273407705.9818203,521,138367883.085411,36181339.92931729,69445.94996030189,0.0054535518855493,Small Whale Orders
2026-04-23,0.2624738808276553,1277997326.8440242,519,51628175.49864231,13551047.583179915,26109.91827202296,0.0020430338721052,Normal
2026-04-24,0.2621648144175558,1276525755.6569595,459,8551724.576741865,2241961.2866115817,4884.447247519785,0.0003826360123071,Retail Orders
2026-04-25,0.2611078774159974,1271296103.438633,479,5805139.9261289565,1515767.7642143918,3164.442096480985,0.0002489146382122,Retail Orders
2026-04-26,0.2672454103167894,1301306266.725633,478,3472720.5696016187,928068.6335387392,1941.5661789513367,0.000149201323977,Retail Orders
2026-04-27,0.2651458477323402,1290473992.1207442,479,8220451.875033896,2179618.681148768,4550.352152711415,0.0003526109150974,Retail Orders
2026-04-28,0.2646615621619765,1287842278.1709802,430,23559533.814627104,6235303.023187119,14500.704705086322,0.0011259689909917,Normal
2026-04-29,0.2633707107229713,1282498390.5996876,616,3194414.8276635176,841315.3035057385,1365.771596600225,0.0001064930456529,Retail Orders
2026-04-30,0.2623758142127294,1277589546.405052,521,88779981.27695023,23293719.873330683,44709.63507357136,0.0034995304399114,Normal
2026-05-01,0.2678974595916978,1304628152.4383202,539,6881870.613636216,1843635.6546319008,3420.4743128606697,0.0002621800170775,Retail Orders
2026-05-02,0.2829288378601351,1377050792.2949667,557,3805138.6829654058,1076583.4654680474,1932.8248931203725,0.0001403597386483,Retail Orders
2026-05-03,0.2875167437951024,1399903837.246911,493,5609618.288255003,1612859.1841725346,3271.5196433519973,0.0002336960265632,Retail Orders
2026-05-04,0.317329243254386,1543597403.0967777,929,54255250.43437472,17216777.562917326,18532.59156395837,0.0012006104394046,Normal
2026-05-05,0.3222678889877846,1566997827.239201,790,19575794.280948885,6308649.898180543,7985.632782507017,0.0005096135197951,Normal
2026-05-06,0.3236032815072684,1575533718.9626763,828,7608393.566287013,2462101.125049266,2973.552083392833,0.0001887330018776,Retail Orders
2026-05-07,0.3525473014335268,1716645018.693909,1173,41465700.52050278,14618620.820554044,12462.59234488836,0.0007259854081171,Normal
2026-05-08,0.4515568854801731,2195160635.9585314,321,6398201.556470347,2889151.9675141457,9000.473419047183,0.0004100143411653,Retail Orders
2026-05-09,0.419416753316448,2045028962.801369,1309,21847266.38822176,9163109.537387531,7000.083680204379,0.0003422975325794,Retail Orders
2026-05-10,0.4261018818182934,2079622077.8839865,1080,7866390.506827912,3351883.7980769323,3103.5961093304927,0.0001492384670434,Retail Orders
2026-05-11,0.429454790376468,2090649549.385182,1075,165808468.63608208,71207241.14075181,66239.29408442028,0.003168359522709,Normal
2026-05-12,0.3891249530362227,1895211003.3432736,998,50326520.24654274,19583304.827412456,19622.54992726699,0.0010353754749551,Normal
2026-05-13,0.3849177031395554,1873600006.196652,838,14385093.535400882,5537077.163094175,6607.490648083741,0.0003526628216391,Retail Orders
2026-05-14,0.3875925630072968,1887471392.976828,958,12145123.18340524,4707359.422695376,4913.736349368868,0.000260334348253,Retail Orders
2026-05-15,0.3626561221273144,1765101446.5099046,857,7697859.310493055,2791675.806225053,3257.498023599829,0.0001845501871884,Retail Orders
2026-05-16,0.3440051683088901,1675724728.0812285,778,6877772.620592417,2365989.327937171,3041.11738809405,0.0001814807251532,Retail Orders
2026-05-17,0.3419080218021869,1663407105.209379,682,9048409.225436002,3093723.698725482,4536.251757661997,0.0002727084514341,Retail Orders
2026-05-18,0.3842729414015389,1874181419.204624,777,32593013.857948083,12524613.30433483,16119.193441872369,0.0008600658013519,Normal
2026-05-19,0.3689425376572833,1796284827.7886724,937,14558406.824155264,5371215.557950955,5732.353850534637,0.0003191227672724,Retail Orders
2026-05-20,0.4016801196221808,1955397746.5115063,960,28696352.428513803,11526754.276205683,12007.03570438092,0.0006140456961148,Normal
2026-05-21,0.4152574510066623,2022131232.6511123,965,55791772.778463766,23167949.35112775,24008.23766956244,0.0011872739653047,Normal
2026-05-22,0.3819368154862386,1859627315.570083,1085,21773289.75176912,8316020.950449853,7664.53543820263,0.0004121543802906,Retail Orders
2026-05-23,0.4249334445120265,2072567220.087221,911,11576812.42359456,4919374.7796276575,5399.972315727396,0.0002605450990149,Retail Orders
2026-05-24,0.4402253914315866,2141485268.8632884,870,11843188.166028485,5213672.146187824,5992.726604813591,0.0002798397304873,Retail Orders
2026-05-25,0.4265877006088711,2073546901.62482,507,10819858.011102332,4615618.349870617,9103.783727555458,0.0004390440226079,Retail Orders
2026-05-26,0.4057056068100297,1980520235.9704983,809,9962706.841485526,4041926.02459532,4996.200277620915,0.0002522670653336,Retail Orders
2026-05-27,0.3844824702443246,1875254716.0970173,744,9176109.815467598,3528053.369084176,4742.007216510989,0.0002528726991488,Retail Orders
2026-05-28,0.3678888955970782,1790794184.9757774,1069,19408849.096562907,7140300.058944877,6679.420073849277,0.0003729864732579,Retail Orders
2026-05-29,0.355142353977983,1728861241.4315596,838,13486215.820865856,4789526.432877416,5715.4253375625485,0.000330589014352,Retail Orders
2026-05-30,0.3744404544866989,1825687929.2942183,825,36183757.646800846,13548662.658304676,16422.621404005666,0.0008995305901131,Normal
2026-05-31,0.362526608741008,1765081719.9584506,783,8432305.362608764,3056935.066975171,3904.131630875059,0.0002211870185232,Retail Orders
2026-06-01,0.3563863109161698,1735911548.270341,767,10577595.153178882,3769710.11500618,4914.876290751212,0.0002831294195633,Retail Orders
2026-06-02,0.3868904706127075,1883558270.5042355,1042,27460431.373165984,10624179.217192143,10195.949344714149,0.000541313189211,Normal
2026-06-03,0.415452733110997,2027051546.413268,1121,60520229.28971146,25143294.66691484,22429.34403828264,0.0011065009213983,Normal
2026-06-04,0.3707327250434449,1801919931.2397168,1128,41196483.536867976,15272884.60383048,13539.791315452552,0.0007514091542423423,Normal
2026-06-05,0.3434944895738608,1664503484.0021122,1130,25307529.295750126,8692996.85781922,7692.917573291345,0.0004621749156568052,Retail Orders
2026-06-06,0.3243171294105235,1579118638.7208986,939,6192225.325453063,2008244.7422140818,2138.7057957551456,0.00013543667608708097,Retail Orders
2026-06-07,0.3473064871672355,1691689692.725609,831,14197291.55988243,4930811.4589518085,5933.587796572573,0.0003507491842083947,Retail Orders
