day,price,market_cap,buyers,total_buy_qty,total_buy_usd,avg_buy_usd,ratio_pct,bucket
2021-04-28,1.821439129,2022035.97,849,8759223.088129014,15954391.6723584,18791.98076838445,0.9293593708120064,Mega Whale Orders
2021-04-29,1.399062886,22055631.21,240,1621677.7167266472,2268829.1065254738,9453.454610522807,0.0428618638048165,Small Whale Orders
2021-04-30,1.44305788,23192514.9,83,653639.836338364,943240.1165099868,11364.33875313237,0.049000027819891,Small Whale Orders
2021-05-01,2.333288854,23948690.67,190,1658395.4039110972,3869515.511470592,20365.871113003115,0.0850396015115556,Big Whale Orders
2021-05-02,1.876869547,38692637.41,229,727526.5429014699,1365472.413005958,5962.761628846978,0.0154105846175942,Small Whale Orders
2021-05-03,1.879224152,31089922.94,90,289606.2530892611,544235.065375564,6047.056281950711,0.019450213156272,Small Whale Orders
2021-05-04,1.69947537,31162939.22,58,245722.28071672912,417598.9639383071,7199.982136867364,0.0231043101744603,Small Whale Orders
2021-05-05,2.270862949,28364099.07,174,396522.4472593092,900448.1339279717,5174.989275448113,0.0182448568617558,Small Whale Orders
2021-05-06,1.861690902,37657436.42,103,190005.05006029745,353730.67303131026,3434.27837894476,0.0091197880297576,Small Whale Orders
2021-05-07,1.987836649,30976072.47,47,143519.00386551747,285292.3357118483,6070.049695996772,0.0195959307038539,Small Whale Orders
2021-05-08,2.177950519,32951882.13,37,182535.52276019333,397553.33653149934,10744.684771121603,0.0326071959371918,Small Whale Orders
2021-05-09,1.928860042,36116681.22,37,97138.43315876594,187366.44226243143,5063.957898984633,0.0140211052841156,Small Whale Orders
2021-05-10,1.661403445,31957009.44,24,98140.02589142218,163050.177108398,6793.757379516584,0.0212590523912195,Small Whale Orders
2021-05-11,1.675496266,27528576.67,22,198140.2617538717,331983.26871287473,15090.148577857944,0.0548163051027001,Big Whale Orders
2021-05-12,1.659318655,27753641.19,26,174252.41669666878,289140.285703616,11120.780219369846,0.0400696259753362,Small Whale Orders
2021-05-13,1.578782475,28729033.38,27,164596.114873228,259861.46161493924,9624.498578331082,0.0335009481559211,Small Whale Orders
2021-05-14,1.679187112,25933152.43,21,108058.43152544634,181450.325560464,8640.491693355427,0.0333183237814155,Small Whale Orders
2021-05-15,1.443053271,27845749.97,21,104027.19583441466,150116.78522180964,7148.418343895697,0.0256714879347733,Small Whale Orders
2021-05-16,1.385976756,24622415.54,28,73348.81530169018,101659.75308827971,3630.705467438561,0.0147455291766169,Small Whale Orders
2021-05-17,1.252367037,22781937.73,34,357257.5985716552,447417.6401689192,13159.342357909389,0.0577621733228633,Big Whale Orders
2021-05-18,1.281437891,21280002.14,22,193489.4412624845,247944.7015421665,11270.213706462113,0.0529615252494618,Big Whale Orders
2021-05-19,0.821869428,21138806.12,42,507861.6184763122,417395.93788028095,9937.99852095907,0.0470130548742601,Small Whale Orders
2021-05-20,1.026868755,13628957.99,49,290284.3397122934,298083.9185163598,6083.345275844078,0.0446354393366508,Small Whale Orders
2021-05-21,0.924432454,17028436.2,36,284146.53914644045,262674.28247875103,7296.507846631973,0.0428489601801014,Small Whale Orders
2021-05-22,0.804751036,15329747.83,29,118497.69896835048,95361.14600839616,3288.315379599868,0.0214505510205764,Small Whale Orders
2021-05-23,0.65770292,13439662.58,27,728458.8770928533,479109.5305638908,17744.79742829225,0.1320330575463915,Big Whale Orders
2021-05-24,0.953864276,10906605.32,26,388604.1911599969,370675.6554513961,14256.75597889985,0.1307167130432097,Big Whale Orders
2021-05-25,1.158464182,15674290.69,36,305819.5365547763,354280.979254548,9841.138312626332,0.0627852226761677,Big Whale Orders
2021-05-26,0.986152092,19210666.73,33,165757.09087391538,163461.70192914575,4953.384906943811,0.025784554885898,Small Whale Orders
2021-05-27,0.811230875,16194595.87,10,41736.34777293464,33857.813923142065,3385.781392314206,0.0209068594208409,Small Whale Orders
2021-05-28,0.788402309,15248279.35,13,194803.21303628327,153583.3029584246,11814.100227571123,0.0774782515220061,Big Whale Orders
2021-05-29,0.73908802,13015899.34,9,20110.312031866924,14863.2907012147,1651.4767445794112,0.012688149327524,Small Whale Orders
2021-05-30,0.88496776,12256204.25,12,117837.27684760188,104282.19093632208,8690.182578026841,0.0709043550577809,Big Whale Orders
2021-05-31,0.971648494,14667416.79,10,157898.8577991838,153422.18738489712,15342.218738489712,0.1046006870749713,Big Whale Orders
2021-06-01,0.816818802,16128692.46,14,68918.76539547864,56294.14338565392,4021.010241832423,0.0249307887282539,Small Whale Orders
2021-06-02,0.981998083,13542717.9,11,26021.44274947737,25553.006896881023,2323.000626989184,0.017153134578615,Small Whale Orders
2021-06-03,1.038279966,16271078.98,13,74096.26893122916,76932.67158664347,5917.897814357189,0.0363706538554162,Small Whale Orders
2021-06-04,0.97157266,17220996.16,12,90042.29198406058,87482.6291354504,7290.2190946208675,0.0423333181593419,Small Whale Orders
2021-06-05,0.954762148,16134100.06,14,336692.76984285505,321461.5121512339,22961.536582231,0.1423168103386052,Big Whale Orders
2021-06-06,1.075060971,15767342.1,14,97322.1350142521,104627.22896821496,7473.37349772964,0.0473978014197436,Small Whale Orders
2021-06-07,0.933937728,17764940.91,19,184148.1068494039,171982.86452643352,9051.729711917556,0.05095277129136,Big Whale Orders
2021-06-08,0.821525687,15542922.49,14,76742.866757038,63046.2363349251,4503.302595351793,0.0289733323848788,Small Whale Orders
2021-06-09,0.929457281,13689261.9,13,110160.6163867408,102389.58698010416,7876.122075392627,0.0575350382871455,Big Whale Orders
2021-06-10,0.756473352,15426427.44,17,187013.35577456345,141470.62011155253,8321.801183032501,0.0539450965908961,Big Whale Orders
2021-06-11,0.688633547,12544503.03,11,38781.939234194986,26706.54437438216,2427.867670398378,0.0193540363025316,Small Whale Orders
2021-06-12,0.707305015,11377123.02,23,147131.8301658914,104067.08134246328,4524.6557105418815,0.0397697704647117,Small Whale Orders
2021-06-13,0.762184276,11729150.65,11,76693.92379216466,58454.9027791302,5314.082070830018,0.0453066230403479,Small Whale Orders
2021-06-14,1.155104177,12639206.57,33,277428.6765509151,320459.023103544,9710.879487986182,0.076831401039331,Big Whale Orders
2021-06-15,0.945111603,19098602.02,9,31576.86881864297,29843.66510690837,3315.962789656486,0.0173623325214275,Small Whale Orders
2021-06-16,0.961559291,15854338.69,89,190999.37480363896,183657.2234176304,2063.564308063262,0.0130157703100214,Small Whale Orders
2021-06-17,0.733951743,17145124.56,53,274865.6393007903,201738.1150556244,3806.379529351402,0.0222009441578032,Small Whale Orders
2021-06-18,0.669010985,13126214.94,17,27100.89520598433,18130.79659613736,1066.5174468316093,0.0081250950994377,Small Whale Orders
2021-06-19,0.652626993,12017760.01,12,16790.33973523256,10957.82893285324,913.1524110711034,0.007598357849643,Small Whale Orders
2021-06-20,0.673176971,11749137.36,11,29828.776753035392,20080.045583243576,1825.45868938578,0.0155369592971188,Small Whale Orders
2021-06-21,0.594672828,12158547.66,29,279443.44923643715,166177.4262235065,5730.256076672638,0.0471294453656205,Small Whale Orders
2021-06-22,0.497806893,10754093.72,20,137888.41389956183,68641.8029040389,3432.090145201945,0.0319142666463757,Small Whale Orders
2021-06-23,0.623391741,8902019.311,25,137729.2188177261,85859.25750535225,3434.3703002140896,0.0385796770399085,Small Whale Orders
2021-06-24,0.697707057,11147787.22,29,168675.183320503,117685.86574348364,4058.133301499436,0.0364030387503165,Small Whale Orders
2021-06-25,0.537966838,12444207.37,12,26497.70502356296,14254.88658578288,1187.9072154819066,0.0095458648362423,Small Whale Orders
2021-06-26,0.584334214,9706171.3,11,38560.71030660108,22532.34234828944,2048.3947589354034,0.021104045000065,Small Whale Orders
2021-06-27,0.611518007,10385012.13,6,20214.880700289832,12361.763557584,2060.293926264,0.0198391094827156,Small Whale Orders
2021-06-28,0.678234745,10636025.57,14,86765.24153354345,58847.20146636625,4203.371533311875,0.0395201337722233,Small Whale Orders
2021-06-29,0.732381255,12730700.24,15,37009.75751072025,27105.25265294697,1807.0168435297976,0.0141941669308348,Small Whale Orders
2021-06-30,0.664862007,13907685.47,15,48730.25833785874,32398.89736013725,2159.9264906758167,0.0155304525352903,Small Whale Orders
2021-07-01,0.593135978,12253318.82,12,53768.78421737889,31892.200412645987,2657.683367720499,0.0216894982229842,Small Whale Orders
2021-07-02,0.578641973,11281182.52,14,63840.50975487,36940.79852188372,2638.628465848837,0.0233896443140682,Small Whale Orders
2021-07-03,0.606663196,10932394.48,24,44181.14909096624,26803.07711047807,1116.7948796032529,0.0102154645228576,Small Whale Orders
2021-07-04,0.626709075,11431702.61,6,11943.157039876673,7484.884901040847,1247.4808168401412,0.0109124673672747,Small Whale Orders
2021-07-05,0.593628192,11879301.92,6,7974.65436430731,4733.979652108658,788.9966086847763,0.0066417758720015,Small Whale Orders
2021-07-06,0.603858684,11224775.53,9,560769.9763889721,338625.81996895577,37625.09110766175,0.3351968242670217,Big Whale Orders
2021-07-07,0.588324995,13129789.79,4,13718.356858406669,8070.852230130319,2017.71305753258,0.0153674437276164,Small Whale Orders
2021-07-08,0.518398435,13039491.12,13,53520.13262620752,27744.75299441842,2134.211768801417,0.0163672933948162,Small Whale Orders
2021-07-09,0.532707996,11321253.76,4,5127.957214669117,2731.703811400127,682.9259528500318,0.0060322466692066,Small Whale Orders
2021-07-10,0.521004228,11645089.86,11,9501.24958000287,4950.19120246472,450.0173820422473,0.0038644388961567,Normal
2021-07-11,0.531299203,11430165.39,4,2026.306276967819,1076.5749099868997,269.14372749672486,0.0023546792046613,Normal
2021-07-12,0.499570602,11638249.98,2,4280.567834730273,2138.4458500980386,1069.2229250490193,0.0091871452055631,Small Whale Orders
2021-07-13,0.472290337,11030524.95,8,15156.917427646138,7158.465639784168,894.808204973021,0.0081121089796639,Small Whale Orders
2021-07-14,0.501362833,10339258.03,5,43523.89755080111,21821.264579271407,4364.252915854281,0.042210503918087,Small Whale Orders
2021-07-15,0.413146687,10968184.27,5,9292.414799350692,3839.1303885815087,767.8260777163017,0.0070004848461239,Small Whale Orders
2021-07-16,0.420264318,9148319.103,13,121717.46309731436,51153.50661728298,3934.885124406384,0.0430121105320432,Small Whale Orders
2021-07-17,0.41917064,9209338.0,10,37329.42856988678,15647.400464473729,1564.7400464473726,0.0169907983228259,Small Whale Orders
2021-07-18,0.40851795,9176567.906,9,7544.3353372893425,3081.9964061020014,342.4440451224446,0.0037317224547375,Normal
2021-07-19,0.365961349,8909391.527,9,16108.67472505007,5895.152332981528,655.0169258868365,0.0073519827240928,Small Whale Orders
2021-07-20,0.341627703,7927975.545,6,2005433.267473582,685111.5606867843,114185.26011446404,1.4402826984813064,Mega Whale Orders
2021-07-21,0.369285052,8198385.16,11,48231.48323390981,17811.165794071512,1619.1968903701377,0.0197501929803226,Small Whale Orders
2021-07-22,0.347301343,8965457.556,21,40255.697956743046,13980.857963779215,665.7551411323436,0.0074257798553381,Small Whale Orders
2021-07-23,0.453870176,8266405.665,10,178221.3396331436,80889.35078625065,8088.935078625065,0.0978531106073544,Big Whale Orders
2021-07-24,0.42823823,10818349.75,8,60766.35567437771,26022.476597545967,3252.809574693246,0.0300675209238196,Small Whale Orders
2021-07-25,0.44455102,10191434.31,3,14477.469904472297,6435.974013052462,2145.324671017488,0.0210502722753406,Small Whale Orders
2021-07-26,0.409315386,10589856.27,25,92016.10020233472,37663.60557253331,1506.5442229013324,0.014226295281922,Small Whale Orders
2021-07-27,0.404198761,9849646.935,6,30137.94549423237,12181.72022785426,2030.2867046423764,0.0206127866109383,Small Whale Orders
2021-07-28,0.319211169,9621393.019,79,8281622.578216312,2643586.424409224,33463.11929631928,0.3477991100689624,Big Whale Orders
2021-07-29,0.319612274,11115737.05,26,386731.9287627839,123604.27118027936,4754.010430010744,0.0427682879563145,Small Whale Orders
2021-07-30,0.338664361,10834618.38,27,230408.2809210232,78031.07322722684,2890.039749156549,0.0266741259156056,Small Whale Orders
2021-07-31,0.416655077,11374759.54,48,429260.13166310097,178853.41321111948,3726.112775231656,0.0327577278634204,Small Whale Orders
2021-08-01,0.463807324,14187002.82,21,462464.0177918827,214494.1985383415,10214.009454206738,0.0719955411569216,Big Whale Orders
2021-08-02,0.427287006,15944575.03,25,351148.24171924463,150041.08086638033,6001.643234655214,0.037640659743913,Small Whale Orders
2021-08-03,0.390127303,14522178.8,8,148173.83983071594,57806.66050831118,7225.832563538897,0.0497572207521566,Small Whale Orders
2021-08-04,0.357802758,13286103.17,5,72429.550264191,25915.492845227167,5183.098569045434,0.0390114279764804,Small Whale Orders
2021-08-05,0.401590159,15024336.87,30,286991.78926090494,115253.07828098132,3841.7692760327104,0.0255703084220895,Small Whale Orders
2021-08-06,0.407635033,13651508.33,22,219795.22046854885,89596.23194893918,4072.5559976790537,0.0298322785968592,Small Whale Orders
2021-08-07,0.430270519,14025768.22,10,93761.39870237504,40342.765681836834,4034.276568183684,0.0287633198046936,Small Whale Orders
2021-08-08,0.4049962,14509888.24,18,246223.02255582155,99719.388487622,5539.966027090111,0.038180625070687,Small Whale Orders
2021-08-09,0.441121366,13656877.18,20,210301.38665875085,92768.43495460236,4638.421747730118,0.0339639998705042,Small Whale Orders
2021-08-10,0.440959114,14690516.69,10,54995.82148084116,24250.908713893885,2425.0908713893887,0.0165078664186139,Small Whale Orders
2021-08-11,0.449858918,16915511.8,13,179818.8149890895,80893.09754703398,6222.54596515646,0.0367860342549993,Small Whale Orders
2021-08-12,0.422305662,17933117.74,16,123341.97407032964,52088.01401215739,3255.500875759837,0.0181535688493162,Small Whale Orders
2021-08-13,0.447238126,16644079.08,17,93153.39500058572,41661.74981059974,2450.6911653293964,0.014724101907652,Small Whale Orders
2021-08-14,0.419762237,17663640.41,8,44324.2764490067,18605.65743564147,2325.707179455184,0.0131666356734624,Small Whale Orders
2021-08-15,0.425853579,16240745.35,257,1745931.5065390111,743511.1807484997,2893.039613807392,0.0178134657705681,Small Whale Orders
2021-08-16,0.432471589,16296618.65,46,509816.2235078027,220481.0322783985,4793.065919095621,0.0294114136314751,Small Whale Orders
2021-08-17,0.440358837,16983774.61,10,282670.4507691161,124476.43095495371,12447.643095495372,0.0732913818119455,Big Whale Orders
2021-08-18,0.594165199,17214180.15,41,1883837.6341477537,1119310.7627770891,27300.26250675827,0.1585917090960516,Big Whale Orders
2021-08-19,0.982841329,23001277.98,114,1380009.704513655,1356330.572017098,11897.63659664121,0.0517259806476249,Big Whale Orders
2021-08-20,0.875256598,37695464.09,37,301494.1861627889,263884.7756976212,7132.020964800574,0.0189201038824524,Small Whale Orders
2021-08-21,0.993790735,34474813.82,29,486971.4244267876,483947.6898050942,16687.851372589455,0.0484059216671049,Small Whale Orders
2021-08-22,1.054264259,39157512.41,24,117670.18606265027,124055.47151573212,5168.977979822172,0.0132004758772728,Small Whale Orders
2021-08-23,1.262398755,39834646.09,35,1575564.059105532,1988990.10663757,56828.28876107343,0.1426604585181427,Big Whale Orders
2021-08-24,1.105648623,49595643.42,33,837669.0559748582,926167.638268312,28065.686008130662,0.0565890148262757,Big Whale Orders
2021-08-25,0.979572561,52176947.51,23,124708.12072412028,122160.65319522368,5311.332747618421,0.0101794623892102,Small Whale Orders
2021-08-26,0.868097389,47164426.55,27,279028.30030864984,242223.7389550468,8971.24959092766,0.0190212205409029,Small Whale Orders
2021-08-27,0.79218611,41158981.07,18,156318.56373821694,123833.39492856516,6879.633051586952,0.0167147797946858,Small Whale Orders
2021-08-28,0.771942797,37362776.07,14,143722.5712727141,110945.60366029076,7924.685975735054,0.0212101101933324,Small Whale Orders
2021-08-29,0.691438692,35928585.07,140,234764.90943585715,162325.54190782752,1159.4681564844825,0.0032271467251645,Normal
2021-08-30,0.684959626,32829409.88,28,239851.31945048936,164288.47006641375,5867.445359514777,0.0178725276542033,Small Whale Orders
2021-08-31,0.732342541,31662220.71,33,200143.1521784351,146573.34463010484,4441.6165039425705,0.0140281269106931,Small Whale Orders
2021-09-01,0.874536473,34712055.15,25,142770.9002246645,124858.359529513,4994.334381180521,0.0143878959617881,Small Whale Orders
2021-09-02,0.746856471,41031491.64,37,213106.5712793044,159160.02177257117,4301.622210069491,0.0104837090686608,Small Whale Orders
2021-09-03,0.733583195,35238173.21,24,220665.3674151813,161876.40525427763,6744.850218928234,0.019140748808778,Small Whale Orders
2021-09-04,0.742023149,34435188.61,11,54520.51375089485,40455.4832985368,3677.771208957891,0.010680270262524,Small Whale Orders
2021-09-05,0.76788014,35011323.88,6,116270.8415387608,89282.07007870146,14880.34501311691,0.0425015205483766,Small Whale Orders
2021-09-06,0.738080076,36170666.9,15,55494.65687137756,40959.50056122027,2730.633370748018,0.0075493033576,Small Whale Orders
2021-09-07,0.647785925,34830926.01,15,107468.23778869532,69616.41182406995,4641.094121604663,0.0133246360440494,Small Whale Orders
2021-09-08,0.639036868,30569831.6,16,397129.0488321919,253780.10355754296,15861.256472346437,0.051885324982773,Big Whale Orders
2021-09-09,0.563340387,30156952.59,31,224240.7485482965,126323.87006836705,4074.963550592485,0.0135125176803963,Small Whale Orders
2021-09-10,0.547690674,26584740.57,20,157259.54628699535,86129.58689885867,4306.4793449429335,0.016199064774033,Small Whale Orders
2021-09-11,0.559057469,25894902.5,14,166821.07415130228,93262.56749088838,6661.611963634884,0.0257255726822485,Small Whale Orders
2021-09-12,0.626402291,26560490.29,19,95811.1065934733,60016.296673396886,3158.752456494573,0.0118926737496402,Small Whale Orders
2021-09-13,0.592133174,29602212.7,16,672252.8425929848,398063.20941510645,24878.95058844416,0.0840442261549054,Big Whale Orders
2021-09-14,0.650282221,27971401.46,15,77633.33339520499,50483.57646386737,3365.5717642578247,0.0120321885518346,Small Whale Orders
2021-09-15,0.669793291,30687634.94,14,39050.412367825935,26155.70421475324,1868.264586768088,0.0060880044696207,Small Whale Orders
2021-09-16,0.614601455,31572278.82,27,258861.9286194176,159096.91797360015,5892.478443466673,0.0186634562460977,Small Whale Orders
2021-09-17,0.560790172,29009679.98,6,35751.812567639965,20049.265119118576,3341.5441865197627,0.0115187212986268,Small Whale Orders
2021-09-18,0.547218717,26464392.69,13,106364.44285722972,58204.61395475306,4477.277996519466,0.0169181210729663,Small Whale Orders
2021-09-19,0.523909394,25855535.87,9,46447.72997341389,24334.40206304691,2703.8224514496565,0.010457421826584,Small Whale Orders
2021-09-20,0.476090848,24701482.48,8,79873.3334328821,38026.96304664759,4753.370380830948,0.0192432595277615,Small Whale Orders
2021-09-21,0.442957673,22493617.0,10,153259.15754673549,67887.31979284233,6788.731979284234,0.0301807040605529,Small Whale Orders
2021-09-22,0.503803263,20691760.03,13,43843.02972002561,22088.26143275488,1699.0970332888369,0.0082114669357531,Small Whale Orders
2021-09-23,0.443134452,23795119.33,18,76361.45875427804,33838.3931789976,1879.9107321665333,0.00790040472626,Small Whale Orders
2021-09-24,0.431075861,20890637.8,5,37611.25895343339,16213.305836645255,3242.661167329051,0.0155220783509493,Small Whale Orders
2021-09-25,0.453363196,20363833.56,24,270093.8785280473,122450.62398951132,5102.109332896304,0.0250547585643118,Small Whale Orders
2021-09-26,0.492935093,21350585.99,17,395783.8843293643,195095.7658297964,11476.221519399787,0.053751318698114,Big Whale Orders
2021-09-27,0.495825724,23326748.91,24,462406.4412399901,229273.0085100816,9553.0420212534,0.0409531652186562,Small Whale Orders
2021-09-28,0.467000959,23527951.22,17,2990362.234579266,1396502.0313059,82147.17831211176,0.3491471804917818,Big Whale Orders
2021-09-29,0.445730267,23574839.95,15,176460.1922632191,78653.64861235599,5243.576574157066,0.0222422573611451,Small Whale Orders
2021-09-30,0.434528049,22285799.4,27,292944.4137329925,127292.56456484603,4714.539428327632,0.021154903818831,Small Whale Orders
2021-10-01,0.471970359,21809508.65,13,168747.85057407743,79643.98361592568,6126.460278148129,0.0280907762594098,Small Whale Orders
2021-10-02,0.473266025,23670402.79,6,31782.6989288753,15041.671585840571,2506.945264306762,0.0105910545187928,Small Whale Orders
2021-10-03,0.464082307,23664513.47,13,147267.02759144484,68344.02190967038,5257.232454590029,0.0222156794444759,Small Whale Orders
2021-10-04,0.437328673,23321302.87,15,158736.12532827831,69419.85904697765,4627.990603131843,0.0198444770814463,Small Whale Orders
2021-10-05,0.463962848,21992772.27,20,246947.6311401774,114574.5262506502,5728.72631253251,0.0260482227624708,Small Whale Orders
2021-10-06,0.468560473,23249048.92,13,211132.0262139141,98928.12206824,7609.855543710768,0.0327319004312661,Small Whale Orders
2021-10-07,0.430824462,23510044.0,12,56600.393377992856,24384.834026062133,2032.0695021718443,0.0086434100343318,Small Whale Orders
2021-10-08,0.482777285,21735632.41,30,508731.3916057504,245603.960033696,8186.798667789864,0.0376653345684265,Small Whale Orders
2021-10-09,0.495169582,24285738.85,20,247501.7543601034,122555.34025075908,6127.767012537954,0.025231956294951,Small Whale Orders
2021-10-10,0.548961942,24869983.35,26,300114.1205542945,164751.23044110765,6336.585786196448,0.0254788501343988,Small Whale Orders
2021-10-11,0.569309544,27652507.3,31,347190.5113352716,197658.8716894103,6376.092635142268,0.0230579186399573,Small Whale Orders
2021-10-12,0.542454896,28509942.77,16,308329.1703668705,167254.668045127,10453.416752820438,0.0366658636853532,Small Whale Orders
2021-10-13,0.987655379,27226492.71,148,1957888.7093878232,1933719.3153102512,13065.67104939359,0.0479888143822311,Small Whale Orders
2021-10-14,0.889930376,49784883.72,106,693450.1289154564,617122.3339629805,5821.908810971515,0.0116941295749831,Small Whale Orders
2021-10-15,0.775908812,44448978.88,29,451470.1836294505,350299.69383334875,12079.299787356853,0.0271756519310997,Small Whale Orders
2021-10-16,0.823252755,39134209.52,28,128393.02960903331,105699.91534843323,3774.9969767297584,0.0096462839623744,Small Whale Orders
2021-10-17,0.777202656,41357843.34,43,357077.6571042368,277521.7034996701,6453.99310464349,0.015605245785148,Small Whale Orders
2021-10-18,0.757628591,39008777.66,31,217435.92506519865,164735.67353992802,5314.053985158968,0.0136227134094695,Small Whale Orders
2021-10-19,0.74439529,37895978.64,28,161395.41596476367,120141.9874717609,4290.785266848604,0.0113225345296125,Small Whale Orders
2021-10-20,0.995150454,37169170.17,65,856147.3316052351,851995.4057378384,13107.621626735974,0.0352647679966646,Small Whale Orders
2021-10-21,0.86523056,49880610.04,56,593775.0391935507,513752.3096754579,9174.148387061749,0.0183922136872521,Small Whale Orders
2021-10-22,0.974468118,44061691.92,24,698411.2321657692,680579.4789986382,28357.478291609925,0.0643585778392186,Big Whale Orders
2021-10-23,0.947851615,49183077.86,23,83950.46095661608,79572.57999772299,3459.6773912053472,0.0070342840296683,Small Whale Orders
2021-10-24,0.829230652,47859926.33,47,315624.0455214597,261725.13305463773,5568.619852226335,0.0116352453487496,Small Whale Orders
2021-10-25,0.820355718,41566515.25,19,409363.49835632887,335823.686617098,17674.930874584104,0.0425220415237577,Small Whale Orders
2021-10-26,0.827864232,41686183.22,49,937746.6637732676,776326.9216152184,15843.406563575883,0.0380063736705321,Small Whale Orders
2021-10-27,0.846935337,41620677.42,70,1332992.4377047098,1128958.39944589,16127.977134941286,0.0387499150294735,Small Whale Orders
2021-10-28,0.899430734,42544106.95,107,7989093.040528201,7185635.817436571,67155.47492931374,0.1578490647558738,Big Whale Orders
2021-10-29,0.820463716,45245063.06,46,489939.3221201022,401977.43684118,8738.63993133,0.0193140186803178,Small Whale Orders
2021-10-30,0.770361447,41180104.61,24,293753.6262752856,226296.46859892624,9429.01952495526,0.0228970266449142,Small Whale Orders
2021-10-31,0.758004488,38651447.92,35,320041.0729602565,242592.56964820984,6931.216275663139,0.0179326174015763,Small Whale Orders
2021-11-01,0.726103419,38194780.96,16,1940390.371433013,1408924.082892191,88057.75518076193,0.2305491822900662,Big Whale Orders
2021-11-02,0.762973552,36471024.19,16,376095.3399763092,286950.79743237223,17934.424839523264,0.0491744480387822,Small Whale Orders
2021-11-03,0.793884004,38175288.36,24,281860.27415089344,223764.363011449,9323.51512547704,0.0244229068751349,Small Whale Orders
2021-11-04,0.788755708,39845888.31,34,456449.4111387619,360027.0784489373,10589.03171908639,0.0265749671250995,Small Whale Orders
2021-11-05,0.746251927,39389219.75,30,238049.7362900976,177645.0744283271,5921.502480944237,0.0150333073834097,Small Whale Orders
2021-11-06,0.703614862,37421587.92,25,271799.2954644655,191242.02376992712,7649.680950797085,0.0204418929713795,Small Whale Orders
2021-11-07,0.700647592,35354542.37,29,681991.1475486474,477835.4552952765,16477.084665354363,0.0466052833972925,Small Whale Orders
2021-11-08,0.722107183,35080429.74,25,332804.246655221,240320.3370426388,9612.81348170555,0.0274022112982973,Small Whale Orders
2021-11-09,0.696541088,36282143.75,23,414037.5266466605,288394.1492832939,12538.876055795388,0.0345593582953471,Small Whale Orders
2021-11-10,0.655233046,34984673.2,24,4803371.741725875,3147327.8974013706,131138.66239172377,0.3748460408420329,Big Whale Orders
2021-11-11,0.73264628,32930011.76,43,2348535.880175083,1720646.0760568003,40015.02502457675,0.1215153681578179,Big Whale Orders
2021-11-12,0.808465893,36793775.35,112,2411156.745964848,1949337.991789445,17404.803498120044,0.0473036630042914,Small Whale Orders
2021-11-13,0.771286635,40369147.02,31,3824482.5215367214,2949772.254652373,95153.94369846364,0.2357095720930682,Big Whale Orders
2021-11-14,0.760232553,38476833.08,34,745271.4555413064,566579.6213241934,16664.1065095351,0.0433094544836565,Small Whale Orders
2021-11-15,0.719754162,37903734.71,22,1771004.3462431617,1274687.7491286043,57940.35223311839,0.1528618556361735,Big Whale Orders
2021-11-16,0.681868186,36205313.92,25,584226.9960766818,398365.8020270361,15934.632081081443,0.0440118600167117,Small Whale Orders
2021-11-17,0.692840834,34223820.83,19,872738.4902061828,604668.8634183526,31824.67702201856,0.0929898423092538,Big Whale Orders
2021-11-18,0.562525234,34640063.52,33,485249.95552428,272965.3447797852,8271.677114538945,0.0238789317166325,Small Whale Orders
2021-11-19,0.64038131,39532191.81,30,1109025.16898478,710198.9905374447,23673.29968458149,0.0598836001766872,Big Whale Orders
2021-11-20,0.677694593,44743542.29,27,693061.3839389422,469683.9525125182,17395.701944908084,0.0388786874140627,Small Whale Orders
2021-11-21,0.648024777,47654493.89,16,78303.18038141892,50742.40100505977,3171.400062816236,0.0066549863484789,Small Whale Orders
2021-11-22,0.575030897,45946408.17,31,618542.7511626192,355681.1930338887,11473.586872060923,0.0249716731493114,Small Whale Orders
2021-11-23,0.572827524,40519517.87,28,1866059.0609743465,1068929.9915356997,38176.07112627499,0.0942164989444258,Big Whale Orders
2021-11-24,0.536133468,41695055.31,20,113703.56510025324,60960.286681162535,3048.0143340581267,0.0073102537252831,Small Whale Orders
2021-11-25,0.526803687,39057727.98,30,322733.4218362728,170017.1565414748,5667.238551382494,0.014509903275184,Small Whale Orders
2021-11-26,0.46595074,38458307.49,36,289511.32042879926,134898.0139921761,3747.167055338225,0.0097434528451689,Small Whale Orders
2021-11-27,0.460602812,34007302.8,28,399076.3411002626,183815.6849134521,6564.845889766147,0.0193042239438234,Small Whale Orders
2021-11-28,0.457953556,33379708.12,37,273525.4188722009,125261.9382289139,3385.457789970646,0.0101422630114078,Small Whale Orders
2021-11-29,0.491356693,33293208.67,30,204494.0385635997,100479.51452682485,3349.3171508941614,0.0100600611496848,Small Whale Orders
2021-11-30,0.561210412,36065183.89,85,753131.0648429241,422664.99519049615,4972.529355182308,0.0137876168061382,Small Whale Orders
2021-12-01,0.57449044,40786695.99,84,665032.1857881703,382054.63302760775,4548.269440804854,0.0111513554368806,Small Whale Orders
2021-12-02,0.510755785,41751839.24,26,152705.9881173201,77995.4668350625,2999.825647502404,0.0071848946108904,Small Whale Orders
2021-12-03,0.452983684,37142262.26,38,561575.4413058977,254384.5122466713,6694.329269649245,0.0180234828530049,Small Whale Orders
2021-12-04,0.40160873,32902772.13,28,277247.043229396,111344.83292761282,3976.601175986172,0.0120859153152034,Small Whale Orders
2021-12-05,0.377856042,29113927.24,25,233425.60618232,88201.27565350218,3528.051026140087,0.0121180869796667,Small Whale Orders
2021-12-06,0.382597925,27423985.24,19,279776.50563566794,107041.91051995735,5633.7847642082825,0.0205432752202293,Small Whale Orders
2021-12-07,0.384383131,27584512.66,18,182240.0647232101,70050.00667195013,3891.667037330563,0.0141081594781039,Small Whale Orders
2021-12-08,0.366593603,27889863.87,20,565569.7226052198,207334.2423575581,10366.712117877903,0.0371701782633258,Small Whale Orders
2021-12-09,0.326915146,27114105.89,22,251493.33733369023,82216.98109247058,3737.135504203208,0.0137829936910496,Small Whale Orders
2021-12-10,0.310719668,24189071.7,17,97207.68094437516,30204.33835008617,1776.7257852991868,0.0073451590343551,Small Whale Orders
2021-12-11,0.305815636,22896321.77,15,70530.81075988397,21569.42475012956,1437.9616500086372,0.0062803172686572,Small Whale Orders
2021-12-12,0.298549243,22442935.84,25,397950.2585404239,118807.74843889783,4752.309937555914,0.0211750814217713,Small Whale Orders
2021-12-13,0.266485357,22020546.1,8,125409.20015787454,33419.71547515565,4177.4644343944565,0.0189707576525291,Small Whale Orders
2021-12-14,0.260936391,19585518.65,15,1041598.8364953436,271791.04126489407,18119.402750992936,0.0925142860640708,Big Whale Orders
2021-12-15,0.298161571,19299455.53,22,499800.5307710152,149021.31144131973,6773.695974605443,0.0350978604763024,Small Whale Orders
2021-12-16,0.299701944,22024013.23,23,128983.07062256116,38656.47700867087,1680.716391681342,0.0076312903290121,Small Whale Orders
2021-12-17,0.285559915,22198839.79,13,92370.13309940368,26377.2073564044,2029.015950492646,0.009140189170637,Small Whale Orders
2021-12-18,0.319133387,21120667.96,14,186809.2942575873,59617.08279950348,4258.363057107391,0.0201620662053502,Small Whale Orders
2021-12-19,0.305803885,23603839.18,19,189411.4775529643,57922.76569928677,3048.5666157519354,0.0129155540863667,Small Whale Orders
2021-12-20,0.293265743,22600903.16,12,102948.5325606083,30191.27789214649,2515.939824345541,0.0111320322313417,Small Whale Orders
2021-12-21,0.29499324,21690608.72,12,245013.9994077536,72277.4735306513,6023.122794220942,0.0277683437656006,Small Whale Orders
2021-12-22,0.296806139,21818378.39,14,1960571.4588391995,581909.6449316603,41564.97463797573,0.1905044173999025,Big Whale Orders
2021-12-23,0.297109077,22880409.41,11,182052.8859639891,54089.56491394706,4917.233173995188,0.0214910191766327,Small Whale Orders
2021-12-24,0.283138423,22815986.6,10,60727.42828189538,17194.268276581457,1719.4268276581456,0.0075360617000807,Small Whale Orders
2021-12-25,0.285411892,21589752.16,9,126681.3421505787,36156.361544296014,4017.3735049217794,0.0186077796315091,Small Whale Orders
2021-12-26,0.277449144,21996002.52,9,64877.55732959166,18000.222745906132,2000.0247495451256,0.009092673760728,Small Whale Orders
2021-12-27,0.26976522,21486379.98,18,281682.8067727019,75988.22433925541,4221.568018847523,0.0196476466616389,Small Whale Orders
2021-12-28,0.251602754,20767502.2,12,73824.96233771648,18574.563838115744,1547.880319842979,0.0074533774208194,Small Whale Orders
2021-12-29,0.252750244,19370469.48,13,3541304.2478710087,895065.5127276339,68851.19328674107,0.3554441122752852,Big Whale Orders
2021-12-30,0.241344439,19529450.81,12,226577.49251273816,54683.21782051349,4556.934818376124,0.0233336557321046,Small Whale Orders
2021-12-31,0.240234163,18519680.18,24,1290326.7592215475,309980.568998091,12915.857041587124,0.0697412531752863,Big Whale Orders
2022-01-01,0.26653205,18448374.23,14,275815.7375241292,73513.7339445681,5250.980996040578,0.0284631097059037,Small Whale Orders
2022-01-02,0.333617893,20467875.79,41,595018.9535155593,198508.96956692584,4841.682184559167,0.0236550301273797,Small Whale Orders
2022-01-03,0.363132309,25565100.65,38,730458.4314308185,265253.05683399126,6980.343600894506,0.0273041897877077,Small Whale Orders
2022-01-04,0.578966701,27345644.83,70,3256117.5923622013,1885183.660518007,26931.19515025724,0.0984844033398397,Big Whale Orders
2022-01-05,0.604165284,45255847.31,81,3397929.061023061,2052910.7761648512,25344.57748351668,0.0560028791636752,Big Whale Orders
2022-01-06,0.574439107,47715386.61,33,1018255.6306870772,584925.8551896064,17725.02591483656,0.0371474008158236,Small Whale Orders
2022-01-07,0.488835142,45404411.31,25,410226.8192137517,200533.28542256265,8021.331416902506,0.0176664143096947,Small Whale Orders
2022-01-08,0.43460338,38639142.98,12,125766.50480726616,54658.54808002411,4554.879006668676,0.0117882506064545,Small Whale Orders
2022-01-09,0.46864961,34373506.27,15,248905.9502696613,116649.67652055615,7776.64510137041,0.0226239506679526,Small Whale Orders
2022-01-10,0.431591505,37043611.98,16,193805.8088292384,83644.94071035329,5227.80879439708,0.0141125784311195,Small Whale Orders
2022-01-11,0.436507502,34114416.97,8,407699.5279168026,177963.90249754276,22245.487812192845,0.065208465475917,Big Whale Orders
2022-01-12,0.511165347,34502993.61,14,574184.459682446,293503.19857558503,20964.51418397036,0.0607614354306178,Big Whale Orders
2022-01-13,0.474590232,40404196.14,7,187591.4158464134,89029.05356775782,12718.436223965402,0.031478008323433,Small Whale Orders
2022-01-14,0.452763658,37513178.28,6,55634.06956889056,25189.08484743737,4198.180807906229,0.0111912159950053,Small Whale Orders
2022-01-15,0.474399279,35787933.9,9,353663.2467707554,167777.58927684542,18641.954364093937,0.0520900547547226,Big Whale Orders
2022-01-16,0.453315356,37687494.58,9,272935.8367690548,123726.006010122,13747.334001124666,0.036477176724876,Small Whale Orders
2022-01-17,0.431409165,36094663.76,7,251986.1213965735,108709.1222232844,15529.874603326343,0.0430254031637122,Small Whale Orders
2022-01-18,0.409191042,34194956.4,9,79936.21707490816,32709.18395841986,3634.353773157762,0.0106283328179876,Small Whale Orders
2022-01-19,0.3918997,32232454.81,9,1711378.9786829257,670688.908332145,74520.98981468278,0.2311986172134891,Big Whale Orders
2022-01-20,0.370638896,31795268.04,7,135248.4236255699,50128.32641832155,7161.18948833165,0.0225228152796904,Small Whale Orders
2022-01-21,0.309960138,30135960.67,7,585890.6243245194,181602.7387685342,25943.24839550489,0.08608734488206,Big Whale Orders
2022-01-22,0.273401661,24579239.8,11,144668.2762299755,39552.54701528212,3595.6860922983747,0.014628955661592,Small Whale Orders
2022-01-23,0.286059519,22367928.96,10,298315.55259804794,85336.00348641678,8533.600348641678,0.0381510526249528,Small Whale Orders
2022-01-24,0.278625735,23995691.22,12,94628.40583212684,26365.909126854625,2197.1590939045523,0.0091564734425039,Small Whale Orders
2022-01-25,0.296928343,22578817.57,4,101133.87126222136,30029.5128150667,7507.378203766675,0.0332496517166672,Small Whale Orders
2022-01-26,0.271190059,23944123.17,13,1082145.6594919437,293467.1452442141,22574.39578801647,0.0942794840627127,Big Whale Orders
2022-01-27,0.240470256,22177583.2,6,141845.99384848698,34109.74245332009,5684.957075553349,0.0256337988873077,Small Whale Orders
2022-01-28,0.248120208,19985808.09,73,9071814.240558911,2250900.43630484,30834.25255212109,0.1542807396792185,Big Whale Orders
2022-01-29,0.260836805,22763297.62,10,173608.97781310228,45283.611092085484,4528.361109208548,0.0198932561740522,Small Whale Orders
2022-01-30,0.247708023,24253601.23,9,207312.0834708148,51352.86634056651,5705.874037840723,0.0235258837800258,Small Whale Orders
2022-01-31,0.255521533,22790577.45,15,1326661.23438742,338990.51238234586,22599.36749215639,0.0991610131061264,Big Whale Orders
2022-02-01,0.245501423,23409117.35,8,196192.53648851308,48165.54688990939,6020.693361238674,0.0257194377353944,Small Whale Orders
2022-02-02,0.229525011,22598203.77,6,320959.6333825132,73668.2633826773,12278.043897112882,0.0543319461231359,Big Whale Orders
2022-02-03,0.222620015,21020995.45,5,255692.3197966656,56922.22806851848,11384.445613703696,0.0541575000136527,Big Whale Orders
2022-02-04,0.282340455,20242723.6,18,928749.0459163006,262223.4282048242,14567.968233601345,0.0719664434562617,Big Whale Orders
2022-02-05,0.285086723,26558945.1,11,82549.28626722352,23533.70550791165,2139.427773446514,0.0080553943893144,Small Whale Orders
2022-02-06,0.277178372,26310530.16,10,256528.54565533777,71104.1646562742,7110.41646562742,0.0270249836182982,Small Whale Orders
2022-02-07,0.320075742,25595608.72,11,468917.2029585705,150089.02167352906,13644.45651577537,0.0533078023853123,Big Whale Orders
2022-02-08,0.320790184,29508609.04,7,180307.55572494847,57840.89397759647,8262.984853942353,0.0280019462887646,Small Whale Orders
2022-02-09,0.325453255,29603093.11,8,1354812.871829191,440928.259052708,55116.0323815885,0.1861833565053043,Big Whale Orders
2022-02-10,0.304747775,30522026.86,9,135991.13841242756,41442.99685090433,4604.777427878259,0.0150867353894932,Small Whale Orders
2022-02-11,0.272332803,28412372.55,4,132537.5351549567,36094.3184514604,9023.5796128651,0.0317593315974772,Small Whale Orders
2022-02-12,0.279147246,25543151.32,10,282007.0077844849,78721.47957573952,7872.147957573952,0.0308190162558765,Small Whale Orders
2022-02-13,0.268745833,25917776.04,13,579935.6008503374,155855.27613687943,11988.86739514457,0.046257315352373,Small Whale Orders
2022-02-14,0.266224845,25113183.29,7,198392.1563429756,52816.92107162442,7545.274438803489,0.0300450737434309,Small Whale Orders
2022-02-15,0.287394325,24854373.93,6,25288.46014667578,7267.759934143288,1211.2933223572147,0.0048735619966477,Normal
2022-02-16,0.290133427,27081426.13,6,189349.0779135906,54936.49687436005,9156.08281239334,0.0338094558552457,Small Whale Orders
2022-02-17,0.262459253,27092998.78,9,466500.9583686805,122437.49305722798,13604.165895247554,0.0502128465206668,Big Whale Orders
2022-02-18,0.252683652,24561475.93,2,779496.4478667758,196966.0091680045,98483.00458400224,0.4009653363856389,Big Whale Orders
2022-02-19,0.255882122,23605348.38,2,3154.860057706865,807.2722861790751,403.6361430895376,0.0017099351239887,Normal
2022-02-20,0.229816019,23956008.54,2,56604.95398069494,13008.725179521514,6504.362589760757,0.0271512784732074,Small Whale Orders
2022-02-21,0.220315274,21539214.78,5,58409.91897799002,12868.597303953671,2573.7194607907345,0.0119489939028814,Small Whale Orders
2022-02-22,0.20850714,20437526.06,6,265584.50265800627,55376.26507754329,9229.377512923882,0.0451589761198517,Small Whale Orders
2022-02-23,0.200495667,19508787.91,9,956417.3768782504,191757.5399075952,21306.39332306613,0.1092143367458759,Big Whale Orders
2022-02-24,0.19090215,18831764.62,4,15633.245711041704,2984.42021771614,746.105054429035,0.0039619497667077,Normal
2022-02-25,0.209872507,18022596.71,8,129712.25508265436,27223.036162820164,3402.879520352521,0.0188811833006527,Small Whale Orders
2022-02-26,0.211382967,19631149.35,4,38975.856419648415,8238.83217135128,2059.70804283782,0.0104920400029345,Small Whale Orders
2022-02-27,0.19194638,19867204.22,4,60641.80350159877,11639.974658803209,2909.9936647008017,0.0146472227922807,Small Whale Orders
2022-02-28,0.213980158,18076173.38,7,161419.82417465758,34540.639481225444,4934.377068746492,0.0272976861032215,Small Whale Orders
2022-03-01,0.193669325,19920363.59,16,2117890.0650283173,410170.3393182403,25635.64620739002,0.1286906541216902,Big Whale Orders
2022-03-02,0.19555614,18182126.3,6,89242.42546695996,17451.904248556388,2908.650708092732,0.0159973077961334,Small Whale Orders
2022-03-03,0.189414794,18375959.13,9,411103.2076834287,77869.02939609585,8652.114377343984,0.0470838790842695,Small Whale Orders
2022-03-04,0.177612096,17852421.4,3,219995.1986524656,39073.8083426008,13024.602780866931,0.0729570655377143,Big Whale Orders
2022-03-05,0.178403929,16673559.02,7,159463.04302580573,28448.833406099788,4064.119058014255,0.0243746344325127,Small Whale Orders
2022-03-06,0.163136726,16791789.75,12,201425.8072686708,32859.94672971796,2738.328894143164,0.0163075463361084,Small Whale Orders
2022-03-07,0.163987979,15404636.39,11,3092978.671063972,507211.32135788654,46110.12012344424,0.2993262479949015,Big Whale Orders
2022-03-08,0.155424119,15473460.91,4,20382.45908835009,3167.925746860356,791.981436715089,0.0051183212425557,Small Whale Orders
2022-03-09,0.155771493,14696547.15,10,727632.6230029758,113344.42004067967,11334.442004067969,0.0771231629333286,Big Whale Orders
2022-03-10,0.145836392,14742366.86,10,65394.78207100996,9536.93907286238,953.693907286238,0.0064690691551969,Small Whale Orders
2022-03-11,0.137962221,13855704.99,8,27878.471869932622,3846.175897261928,480.77198715774097,0.0034698486111296,Normal
2022-03-12,0.13421338,13171422.35,8,60180.10924883245,8076.975871055064,1009.621983881883,0.00766524644836,Small Whale Orders
2022-03-13,0.127610869,12783368.57,8,227701.0324186284,29057.126619138333,3632.140827392292,0.0284130181141471,Small Whale Orders
2022-03-14,0.123514084,12027076.64,7,106449.61624501666,13148.02684265475,1878.2895489506784,0.0156171745235563,Small Whale Orders
2022-03-15,0.129229788,11772020.54,11,953907.423959895,123273.25416996334,11206.659469996668,0.0951974168913289,Big Whale Orders
2022-03-16,0.174532957,12253955.06,23,690726.3628113212,120554.51457931472,5241.500633883248,0.0427739501917452,Small Whale Orders
2022-03-17,0.170061419,15985362.36,17,697084.9534462166,118547.25634661256,6973.368020388974,0.0436234591581005,Small Whale Orders
2022-03-18,0.167535277,16238693.92,10,201422.6281181868,33745.39579584842,3374.5395795848417,0.0207808558755373,Small Whale Orders
2022-03-19,0.177969747,16089982.27,9,129289.3802373007,23009.59829061921,2556.6220322910235,0.0158895267215917,Small Whale Orders
2022-03-20,0.158771095,16962265.64,18,487673.054964504,77428.38493870948,4301.576941039416,0.0253596838555313,Small Whale Orders
2022-03-21,0.160657416,15134953.75,6,167541.55234822657,26916.79287289481,4486.132145482468,0.0296408711885391,Small Whale Orders
2022-03-22,0.163595321,15252734.92,7,302391.8273554417,49469.88806399006,7067.126866284294,0.0463335061112062,Small Whale Orders
2022-03-23,0.161084023,15589226.55,8,924377.978021366,148902.52347228723,18612.815434035903,0.1193953745834549,Big Whale Orders
2022-03-24,0.166820525,15420300.89,9,140633.86376519385,23460.614986088112,2606.7349984542348,0.0169045663703273,Small Whale Orders
2022-03-25,0.160889437,16098490.4,8,1277747.3957650713,205576.05913285847,25697.00739160731,0.1596237085162178,Big Whale Orders
2022-03-26,0.161836484,15472837.48,6,32546.369915381714,5267.190074068754,877.8650123447924,0.005673587753245,Small Whale Orders
2022-03-27,0.164816176,15563915.59,2,31194.711702937515,5141.39309430061,2570.696547150305,0.0165170296143343,Small Whale Orders
2022-03-28,0.177952818,15811776.44,4,28018.52358266032,4985.975227733858,1246.4938069334646,0.0078833255179356,Small Whale Orders
2022-03-29,0.176874032,17126106.26,3,34620.74158139051,6123.510154330595,2041.1700514435315,0.0119184712535091,Small Whale Orders
2022-03-30,0.175309987,17030630.71,5,1413424.032753914,247787.34880757623,49557.46976151525,0.2909902199477334,Big Whale Orders
2022-03-31,0.183361115,16787173.47,6,356465.86819184315,65361.97905109939,10893.663175183232,0.0648927777785287,Big Whale Orders
2022-04-01,0.198971433,17705872.45,10,352821.4916648556,70201.39778975387,7020.139778975387,0.0396486521565074,Small Whale Orders
2022-04-02,0.228610736,19130266.39,23,736922.0977042418,168468.3031308306,7324.708831775244,0.0382885877407546,Small Whale Orders
2022-04-03,0.223524575,21911878.89,14,154531.62089983065,34541.614885695766,2467.258206121126,0.0112599116602781,Small Whale Orders
2022-04-04,0.202616963,21475578.73,9,132854.51389936605,26918.57812713084,2990.95312523676,0.0139272294490419,Small Whale Orders
2022-04-05,0.198099669,19648265.6,4,81141.39997897489,16074.084478031536,4018.521119507884,0.0204522943720176,Small Whale Orders
2022-04-06,0.182572498,19000069.2,5,468890.6152146,85606.53090848633,17121.306181697266,0.0901118096017106,Big Whale Orders
2022-04-07,0.172860609,17670392.98,11,583016.6833782041,100780.61894591656,9161.874449628776,0.0518487305856667,Big Whale Orders
2022-04-08,0.177818853,16782146.98,6,29015.82315099316,5159.56039156045,859.9267319267416,0.0051240567309507,Small Whale Orders
2022-04-09,0.176059452,17258629.05,10,158908.0628093477,27977.26645659533,2797.726645659533,0.016210596088219,Small Whale Orders
2022-04-10,0.174895225,17069639.03,8,271061.12297009566,47407.29609060754,5925.912011325942,0.0347160944699012,Small Whale Orders
2022-04-11,0.161344468,16899084.38,6,10104784.95007058,1630351.1520235443,271725.19200392405,1.6079284882766178,Mega Whale Orders
2022-04-12,0.159691979,15631916.13,5,31013.162998782063,4952.553374325083,990.5106748650164,0.0063364635955542,Small Whale Orders
2022-04-13,0.163771557,15530557.77,3,1246974.9580626476,204219.03042192952,68073.01014064318,0.4383165830150554,Big Whale Orders
2022-04-14,0.149768312,15910795.45,12,738407.8898367665,110590.10322833448,9215.84193569454,0.0579219434041215,Big Whale Orders
2022-04-15,0.151656753,14517342.83,3,45113.12645219964,6841.710275419007,2280.570091806336,0.015709280400085,Small Whale Orders
2022-04-16,0.153740486,14698036.05,5,1657442.295127283,254815.98396982395,50963.19679396479,0.3467347380330094,Big Whale Orders
2022-04-17,0.148313313,14897857.24,4,159332.46729807297,23631.12609344136,5907.7815233603405,0.039655243221812,Small Whale Orders
2022-04-18,0.147516207,14379082.93,6,516782.925441516,76233.85700349625,12705.64283391604,0.0883619831373769,Big Whale Orders
2022-04-19,0.151868856,14284291.88,3,1145023.8733112772,173893.46573247263,57964.48857749088,0.4057918240850933,Big Whale Orders
2022-04-20,0.142955921,14727638.58,7,1120531.526268596,160186.6163472629,22883.80233532327,0.1553799830911064,Big Whale Orders
2022-04-21,0.142581983,13837968.32,8,156667.96968951865,22338.029790915465,2792.253723864433,0.0201782057834949,Small Whale Orders
2022-04-22,0.138952243,13783952.13,2,18664.962599762923,2593.538418748169,1296.7692093740848,0.009407818578764,Small Whale Orders
2022-04-23,0.137990183,13471520.44,1,34529.11598473523,4764.67903356184,4764.67903356184,0.0353685321176845,Small Whale Orders
2022-04-24,0.136764407,13378248.07,5,38385.15463302175,5249.722910988523,1049.944582197705,0.0078481470571034,Small Whale Orders
2022-04-25,0.131181318,13259408.16,10,272305.82670698845,35721.43724650234,3572.143724650234,0.0269404462216225,Small Whale Orders
2022-04-26,0.126238986,12718123.7,3,92975.49373893754,11737.132052452824,3912.377350817608,0.0307622212450851,Small Whale Orders
2022-04-27,0.126805113,12238961.03,2,595950.2705545815,75569.54140005428,37784.77070002714,0.3087253126095389,Big Whale Orders
2022-04-28,0.122905631,12293847.43,138,29993967.36545189,3686427.485244272,26713.242646697625,0.2172895246894862,Big Whale Orders
2022-04-29,0.113312409,11915789.79,9,1670153.8545782482,189249.15666289697,21027.68407365522,0.1764690754388947,Big Whale Orders
2022-04-30,0.106753175,10985720.0,3,79104.06004892969,8444.6095656139,2814.869855204633,0.0256229892551843,Small Whale Orders
2022-05-01,0.095299356,10349797.52,6,556898.9131696164,53072.10778216436,8845.351297027393,0.0854640033289017,Big Whale Orders
2022-05-02,0.094538859,9239341.502,9,365785.234263076,34580.918686278914,3842.324298475434,0.0415865600123526,Small Whale Orders
2022-05-03,0.097215571,9165610.777,10,596207.3782349097,57960.64070951972,5796.064070951972,0.0632370740147126,Big Whale Orders
2022-05-04,0.09935699,9425119.924,6,52957.665449793385,5261.714236518467,876.9523727530778,0.0093044160692323,Small Whale Orders
2022-05-05,0.090612372,9632732.084,3,156531.28092041358,14183.670656397018,4727.890218799006,0.0490815085229251,Small Whale Orders
2022-05-06,0.090372055,8784935.01,2,24262.79903713917,2192.6790090382888,1096.3395045191444,0.0124797679581142,Small Whale Orders
2022-05-07,0.08834027,8761636.072,3,62217.82428036239,5496.339395739769,1832.1131319132564,0.0209106280705749,Small Whale Orders
2022-05-08,0.084102037,8564653.036,5,252001.91803220464,21193.87463441544,4238.774926883088,0.049491496141947,Small Whale Orders
2022-05-09,0.069147081,8153753.307,8,436860.1651533234,30207.60522553023,3775.950653191279,0.0463093560845117,Small Whale Orders
2022-05-10,0.071020036,6703859.481,13,459612.77185935713,32641.71560351133,2510.9012002701024,0.0374545619189434,Small Whale Orders
2022-05-11,0.057922482,6885443.896,12,425966.2664359519,24673.02340024363,2056.085283353636,0.0298613323179946,Small Whale Orders
2022-05-12,0.052402826,5615626.488,8,4404498.555801472,230808.1714369158,28851.02142961448,0.5137631837029414,Mega Whale Orders
2022-05-13,0.059609229,5080491.839,38,2608500.671865036,155490.71389585678,4091.860891996231,0.08054064491523,Big Whale Orders
2022-05-14,0.057258959,5779157.916,14,2333293.7424,133601.97073103816,9542.997909359869,0.1651278274113156,Big Whale Orders
2022-05-15,0.061458603,5551297.447,12,204030.3124481348,12539.417972715872,1044.9514977263227,0.0188235544519602,Small Whale Orders
2022-05-16,0.060676015,5958455.988,7,101617.35522726648,6165.73617002995,880.8194528614214,0.0147826795168973,Small Whale Orders
2022-05-17,0.061530776,5882583.512,3,1109968.042782609,68297.19500761513,22765.73166920504,0.3870022690330663,Big Whale Orders
2022-05-18,0.056090193,5965453.238,6,110725.277463487,6210.602182905537,1035.1003638175896,0.0173515795451046,Small Whale Orders
2022-05-19,0.053394546,5437984.745,12,5534726.607453716,295524.2144391113,24627.017869925945,0.4528703007592924,Big Whale Orders
2022-05-20,0.047758885,5176639.82,21,2043517.8568813289,97596.13432224184,4647.4349677258015,0.0897770586582128,Big Whale Orders
2022-05-21,0.048605853,4630258.466,6,104539.45509143076,5081.229386874184,846.8715644790306,0.0182899414945755,Small Whale Orders
2022-05-22,0.051100113,4712372.635,10,222903.12768249767,11390.375012629063,1139.0375012629063,0.0241712103326248,Small Whale Orders
2022-05-23,0.048826311,4960718.381,8,1097308.4120183692,53577.52178812503,6697.1902235156285,0.1350044430896636,Big Whale Orders
2022-05-24,0.04963926,4724751.275,6,252599.869948402,12538.870620334914,2089.811770055819,0.0442311488673193,Small Whale Orders
2022-05-25,0.049619154,4811714.957,13,355854.1582887821,17657.182281671456,1358.2447908978045,0.0282278730771832,Small Whale Orders
2022-05-26,0.046897189,4806923.976,7,327110.14143844054,15340.54612685528,2191.506589550754,0.0455906230365303,Small Whale Orders
2022-05-27,0.044592788,4527034.941,4,118532.82278996988,5285.709037714696,1321.427259428674,0.0291896854486565,Small Whale Orders
2022-05-28,0.046047,4336702.56,5,124894.11654464406,5750.999384531225,1150.199876906245,0.0265224525083925,Small Whale Orders
2022-05-29,0.048143947,4462642.541,4,93264.27268089433,4490.110200942523,1122.5275502356308,0.025153875532771,Small Whale Orders
2022-05-30,0.048518592,4658051.785,1,85658.8412,4156.04636737559,4156.04636737559,0.0892228459279696,Big Whale Orders
2022-05-31,0.051467268,4712227.126,9,386771.7861765319,19906.08717398626,2211.787463776251,0.0469371998555116,Small Whale Orders
2022-06-01,0.047914371,5001809.568,3,121415.0,5817.523354965,1939.174451655,0.0387694578390434,Small Whale Orders
2022-06-02,0.049018434,4626647.429,7,195691.88606026064,9592.509801180408,1370.3585430257724,0.0296188236526585,Small Whale Orders
2022-06-03,0.04764245,4722694.088,2,31578.16,1504.460908892,752.2304544460001,0.0159279944969833,Small Whale Orders
2022-06-04,0.048022614,4618970.028,2,65670.59207179223,3153.673494215139,1576.8367471075694,0.0341382762293076,Small Whale Orders
2022-06-05,0.050789512,4626328.877,4,40979.1000508626,2081.308493782487,520.3271234456217,0.0112470846167563,Small Whale Orders
2022-06-06,0.051072403,4918635.932,3,43069.29319411337,2199.6522989349155,733.2174329783052,0.0149069262924724,Small Whale Orders
2022-06-07,0.050040983,4937952.002,10,1638732.680465617,82003.79420472437,8200.379420472436,0.1660684311461729,Big Whale Orders
2022-06-08,0.050490713,4804677.512,2,48903.22739802873,2469.158819327605,1234.5794096638026,0.0256953647061714,Small Whale Orders
2022-06-09,0.04985546,4895111.133,1,28719.084446545374,1431.803165861365,1431.803165861365,0.0292496559722409,Small Whale Orders
2022-06-10,0.0461835,4837571.213,3,322867.6715957874,14911.159111144048,4970.386370381349,0.1027454925526353,Big Whale Orders
2022-06-11,0.04741445,4482490.024,3,450123.1524793458,21342.34170707432,7114.113902358105,0.1587089734560021,Big Whale Orders
2022-06-12,0.045779145,4583205.442,8,314747.9510024198,14408.892087392673,1801.111510924084,0.0392980749764977,Small Whale Orders
2022-06-13,0.036959555,4379549.587,9,514526.2354404211,19016.66069770319,2112.962299744799,0.0482461097373299,Small Whale Orders
2022-06-14,0.037741273,3583911.519,7,357874.2086185532,13506.628207131767,1929.5183153045384,0.0538383357143516,Big Whale Orders
2022-06-15,0.039404402,3652246.71,6,200590.0922662799,7904.132632877584,1317.3554388129307,0.0360697275790805,Small Whale Orders
2022-06-16,0.035362176,3821086.267,4,443331.5924329578,15677.169797974526,3919.292449493632,0.1025701116287734,Big Whale Orders
2022-06-17,0.039709449,3429857.857,7,336568.32916512864,13364.942901997889,1909.2775574282696,0.0556663756059634,Big Whale Orders
2022-06-18,0.037594901,3852357.257,10,881383.632562605,33135.53040921151,3313.553040921151,0.0860136487834869,Big Whale Orders
2022-06-19,0.040559313,3636099.555,6,2872394.899003444,116502.36376828406,19417.060628047344,0.5340079481967689,Mega Whale Orders
2022-06-20,0.042077744,3942054.027,5,172931.79079481872,7276.579622525938,1455.3159245051877,0.0369177062145117,Small Whale Orders
2022-06-21,0.043369387,4076158.919,3,137289.1,5954.1441087817,1984.7147029272328,0.0486908077522684,Small Whale Orders
2022-06-22,0.040954013,4179666.624,5,248234.0757526609,10166.18156541746,2033.236313083492,0.0486458968140778,Small Whale Orders
2022-06-23,0.042399031,3998653.821,6,347800.5167128559,14746.404889924394,2457.7341483207324,0.0614640391076938,Big Whale Orders
2022-06-24,0.044455851,4103087.818,5,206870.54420011668,9196.6060892493,1839.32121784986,0.0448277321723621,Small Whale Orders
2022-06-25,0.044561528,4298915.427,4,144218.49961047288,6426.596708510077,1606.6491771275194,0.0373733608955577,Small Whale Orders
2022-06-26,0.043033514,4310919.805,4,173460.77471081985,7464.626676968912,1866.156669242228,0.0432890601926246,Small Whale Orders
2022-06-27,0.043205351,4172130.355,2,44466.84213646466,1921.2055223675457,960.6027611837728,0.0230242748775229,Small Whale Orders
2022-06-28,0.042694276,4198045.261,3,52046.855162618376,2222.102799244853,740.7009330816178,0.0176439482433111,Small Whale Orders
2022-06-29,0.041923768,4119506.179,5,64908.84004275294,2721.2231511014843,544.2446302202968,0.0132114046337566,Small Whale Orders
2022-06-30,0.039337094,4064539.641,3,85989.24797067509,3382.5671304117554,1127.5223768039184,0.0277404694354638,Small Whale Orders
2022-07-01,0.040518473,3722000.353,3,194269.68735347845,7871.511081750358,2623.83702725012,0.0704953460075644,Big Whale Orders
2022-07-02,0.041488659,3928295.223,4,123582.8122393532,5127.285155259551,1281.8212888148878,0.0326304724072131,Small Whale Orders
2022-07-03,0.04185435,4022355.523,3,120808.62642956928,5056.366533602443,1685.4555112008145,0.041902201373382,Small Whale Orders
2022-07-04,0.043702046,4066316.014,1,17498.869883550484,764.7364165989379,764.7364165989379,0.0188066154712524,Small Whale Orders
2022-07-05,0.04373362,4236774.07,3,63315.48783731952,2769.0154851919538,923.0051617306513,0.02178556483024,Small Whale Orders
2022-07-06,0.044845829,4240771.866,4,1310836.7184920465,58785.55932441544,14696.38983110386,0.3465498804340506,Big Whale Orders
2022-07-07,0.046127592,4331972.576,3,47969.93625463833,2212.737647819965,737.5792159399883,0.0170264054769489,Small Whale Orders
2022-07-08,0.046291593,4477993.785,5,54944.570889967705,2543.4717131980333,508.69434263960665,0.01135987156444,Small Whale Orders
2022-07-09,0.046618383,4445021.651,2,87378.81706097817,4073.459159835615,2036.7295799178075,0.0458204647768049,Small Whale Orders
2022-07-10,0.045905001,4529456.512,8,268488.2997662568,12324.955669258316,1540.6194586572897,0.0340133403329006,Small Whale Orders
2022-07-11,0.043444424,4456714.515,2,98250.57460462768,4268.439621367078,2134.219810683539,0.0478877389049798,Small Whale Orders
2022-07-12,0.041994751,4201720.105,5,139115.84668367275,5842.135341635012,1168.4270683270024,0.0278083032455347,Small Whale Orders
2022-07-13,0.043168575,4067681.073,2,68132.75909329878,2941.1941208760004,1470.5970604380002,0.0361532045911702,Small Whale Orders
2022-07-14,0.044954765,4192881.92,9,227511.83902273787,10227.74125798501,1136.4156953316678,0.0271034509679601,Small Whale Orders
2022-07-15,0.046983428,4370672.246,2,125018.29830846952,5873.7882172585,2936.89410862925,0.0671954780255387,Big Whale Orders
2022-07-16,0.048352803,4581050.599,6,93830.60565830034,4536.972790766481,756.1621317944135,0.0165063038587584,Small Whale Orders
2022-07-17,0.048727727,4690683.446,0,0.0,0.0,,,Normal
2022-07-18,0.053563651,4724188.371,5,241145.78514983653,12916.648675886823,2583.329735177365,0.0546830382767005,Big Whale Orders
2022-07-19,0.054693623,5200189.488,4,112869.283129278,6173.23001975299,1543.3075049382476,0.0296779090165771,Small Whale Orders
2022-07-20,0.054232473,5299319.602,1,28241.18140382519,1531.5891079710518,1531.5891079710518,0.0289016180000356,Small Whale Orders
2022-07-21,0.053976435,5246879.17,5,95029.22532903503,5129.338804073014,1025.867760814603,0.0195519608433178,Small Whale Orders
2022-07-22,0.054338175,5247035.639,4,128989.88472679853,7009.074929514605,1752.2687323786513,0.0333954036704924,Small Whale Orders
2022-07-23,0.052964202,5264794.82,8,74630.97258376384,3952.7699073829294,494.0962384228663,0.009384909674844,Small Whale Orders
2022-07-24,0.054433476,5143826.29,4,63589.099689070754,3461.37573178664,865.3439329466601,0.0168229618218048,Small Whale Orders
2022-07-25,0.050777434,5277941.734,3,164793.15379789512,8367.77349062447,2789.2578302081565,0.0528474540035184,Big Whale Orders
2022-07-26,0.04882681,4931179.05,5,3753097.630663831,183251.78492387303,36650.35698477461,0.7432371976996983,Mega Whale Orders
2022-07-27,0.054330949,4743781.704,2,60592.416,3292.043463482784,1646.021731741392,0.0346985134318775,Small Whale Orders
2022-07-28,0.056681999,5243331.806,2,38794.676019159335,2198.9597873233133,1099.479893661657,0.0209691077036839,Small Whale Orders
2022-07-29,0.056432107,5495766.942,3,67860.29848348309,3829.499625071855,1276.4998750239515,0.0232269651987719,Small Whale Orders
2022-07-30,0.057280537,5472299.135,4,251086.184566635,14382.351485257965,3595.5878713144907,0.0657052508024945,Big Whale Orders
2022-07-31,0.060078819,5564663.076,7,180042.27810274076,10816.727438482225,1545.2467769260322,0.0277689189052715,Small Whale Orders
2022-08-01,0.059317255,5824425.969,3,38871.33494261445,2305.7408869814712,768.5802956604904,0.0131958119092111,Small Whale Orders
2022-08-02,0.057262945,5750850.774,4,146860.39141060953,8409.658516024207,2102.414629006052,0.0365583234833916,Small Whale Orders
2022-08-03,0.055690338,5537624.026,68,5065988.071180313,282126.58798799966,4148.92041158823,0.0749223925659887,Big Whale Orders
2022-08-04,0.055004922,5403119.687,7,125636.64513225268,6910.633865841238,987.2334094058912,0.0182715443409701,Small Whale Orders
2022-08-05,0.057977092,5335477.258,4,67270.93575346765,3900.173231104884,975.0433077762208,0.0182747158431655,Small Whale Orders
2022-08-06,0.061104376,5661998.715,6,159703.9722779346,9758.611570764491,1626.4352617940822,0.0287254615138866,Small Whale Orders
2022-08-07,0.059017756,5924147.987,8,269768.0508002892,15921.104998727073,1990.138124840884,0.0335936598681879,Small Whale Orders
2022-08-08,0.061492462,5708567.838,5,76953.89575134606,4732.084510241609,946.4169020483216,0.0165788850882763,Small Whale Orders
2022-08-09,0.058035619,5963485.687,1,3547.447011070883,205.87828315719847,205.87828315719847,0.00345231453487,Normal
2022-08-10,0.061057141,5610799.439,2,1122990.3486235717,68566.58005754856,34283.29002877428,0.6110232668534755,Mega Whale Orders
2022-08-11,0.061165024,5913784.133,3,6388.170636850877,390.7326103190791,130.24420343969302,0.0022023834571997,Normal
2022-08-12,0.063059544,5956935.836,2,5530.948734929792,348.7791051120495,174.38955255602474,0.0029275042967917,Normal
2022-08-13,0.062345307,6123264.86,5,11749.58385697362,732.5314126852644,146.50628253705287,0.0023926171068329,Normal
2022-08-14,0.061422081,6038252.897,5,102181.8110945757,6276.219477777728,1255.2438955555456,0.0207881968007532,Small Whale Orders
2022-08-15,0.058650792,5908115.086,0,0.0,0.0,,,Normal
2022-08-16,0.059264547,5684044.906,6,292476.04750896327,17333.46046396919,2888.9100773281984,0.0508248989074436,Big Whale Orders
2022-08-17,0.055570936,5745351.093,4,16101.42623785069,894.7713269723215,223.6928317430804,0.0038934579997316,Normal
2022-08-18,0.056911246,5359300.35,5,147684.1974369135,8404.891690644754,1680.9783381289508,0.0313656303686907,Small Whale Orders
2022-08-19,0.052028201,5490164.211,8,345421.7689413337,17971.673224255268,2246.4591530319085,0.040917886363598,Small Whale Orders
2022-08-20,0.051332142,5045396.032,1,5508.414495440192,282.7587150747943,282.7587150747943,0.0056042917797021,Small Whale Orders
2022-08-21,0.054155699,4975972.577,5,306988.06623862113,16625.15331181083,3325.0306623621664,0.0668217240129329,Big Whale Orders
2022-08-22,0.05660564,5278863.731,6,252057.80442513345,14267.89333647951,2377.982222746585,0.0450472363736525,Small Whale Orders
2022-08-23,0.056691469,5484926.455,3,15086.776025213125,855.2914953433129,285.09716511443764,0.0051978302253177,Small Whale Orders
2022-08-24,0.055899302,5491879.99,2,48064.45670660438,2686.7695809084034,1343.3847904542015,0.0244612918144666,Small Whale Orders
2022-08-25,0.056180523,5413492.104,0,0.0,0.0,,,Normal
2022-08-26,0.052370287,5524956.42,3,444025.948428618,23253.76635465393,7751.255451551308,0.1402953229367066,Big Whale Orders
2022-08-27,0.053145089,5085721.432,2,199925.5495153693,10625.06112236821,5312.530561184105,0.1044597238015632,Big Whale Orders
2022-08-28,0.052329182,5175058.993,4,192035.54172114344,10049.062813194309,2512.265703298577,0.0485456437636125,Small Whale Orders
2022-08-29,0.055713437,5055816.572,2,150751.78369291584,8398.900003412893,4199.450001706447,0.0830617555423932,Big Whale Orders
2022-08-30,0.054444291,5404173.172,3,1005.9462830767636,54.7680321661997,18.256010722066566,0.0003378132073312,Retail Orders
2022-08-31,0.059445405,5300769.088,6,471563.2422343229,28032.26791773243,4672.044652955406,0.0881389959719634,Big Whale Orders
2022-09-01,0.060703888,5765145.731,5,266369.0732531761,16169.638389424596,3233.9276778849194,0.0560944654095322,Big Whale Orders
2022-09-02,0.064126096,5882347.243,5,296812.95928314584,19033.456321035104,3806.691264207021,0.064713814179144,Big Whale Orders
2022-09-03,0.06305065,6246514.133,2,14154.934044013513,892.4777921821806,446.2388960910903,0.0071438067150706,Small Whale Orders
2022-09-04,0.065026443,6112806.169,3,37839.55347086722,2460.5715669188,820.1905223062664,0.0134175777806552,Small Whale Orders
2022-09-05,0.063090971,6304360.679,6,115443.62585765,7283.450451119847,1213.9084085199745,0.0192550596377446,Small Whale Orders
2022-09-06,0.062306502,6089805.669,2,29628.38022085817,1846.04073148766,923.02036574383,0.0151568114963411,Small Whale Orders
2022-09-07,0.066246464,6036407.221,6,604226.9762896211,40027.90063259924,6671.316772099873,0.1105180039691671,Big Whale Orders
2022-09-08,0.063947243,6422642.57,3,19751642.81156822,1263063.1025205562,421021.0341735187,6.555261788038731,Mega Whale Orders
2022-09-09,0.066985952,6216140.995,3,689555.671733476,46190.54312806638,15396.84770935546,0.247691416937615,Big Whale Orders
2022-09-10,0.068640034,6474499.731,2,31576.534233901533,2167.414383417165,1083.7071917085827,0.0167380838170365,Small Whale Orders
2022-09-11,0.066324387,6634571.398,2,33114.89,2196.32477982243,1098.162389911215,0.0165521225718101,Small Whale Orders
2022-09-12,0.066883832,6430358.217,0,0.0,0.0,,,Normal
2022-09-13,0.061276592,6486915.327,3,144781.38331552435,8871.709754620993,2957.2365848736645,0.0455877167467406,Small Whale Orders
2022-09-14,0.060694382,5957448.078,3,45374.13740089768,2753.9552283305707,917.9850761101902,0.0154090319225807,Small Whale Orders
2022-09-15,0.059503452,5873921.045,2,25298.700206548256,1505.3599934027343,752.6799967013671,0.0128139277143002,Small Whale Orders
2022-09-16,0.059348981,5768187.151,0,0.0,0.0,,,Normal
2022-09-17,0.06048649,5768716.777,1,13194.9361735996,798.1153749150704,798.1153749150704,0.0138352324402053,Small Whale Orders
2022-09-18,0.05733906,5871117.326,3,171577.8613994205,9838.113289453056,3279.371096484352,0.0558559966424413,Big Whale Orders
2022-09-19,0.059271541,5557898.666,4,107184.33979212202,6352.980990546692,1588.245247636673,0.0285763620944123,Small Whale Orders
2022-09-20,0.057980934,5751618.595,3,18183.550701642525,1054.2992531175892,351.4330843725297,0.0061101597501273,Small Whale Orders
2022-09-21,0.056931875,5606661.519,2,56902.659554639744,3239.5751009323053,1619.7875504661529,0.0288904108974114,Small Whale Orders
2022-09-22,0.057129144,5509188.415,10,155205.64330277554,8866.765545856899,886.6765545856899,0.0160945040865096,Small Whale Orders
2022-09-23,0.058816162,5560536.448,2,64505.7098011462,3793.978277589202,1896.989138794601,0.0341152181364966,Small Whale Orders
2022-09-24,0.058062097,5703279.266,3,40897.60787213968,2374.600875340137,791.5336251133791,0.013878570348678,Small Whale Orders
2022-09-25,0.055583154,5623355.882,6,149950.55548048244,8334.7248176572,1389.1208029428665,0.024702701235562,Small Whale Orders
2022-09-26,0.055734527,5375158.814,8,282980.1749985245,15771.766203919986,1971.4707754899985,0.0366774423549152,Small Whale Orders
2022-09-27,0.054671457,5403502.689,2,7336.197451754981,401.080603527132,200.540301763566,0.0037113019703276,Normal
2022-09-28,0.055418964,5291762.143,0,0.0,0.0,,,Normal
2022-09-29,0.055262083,5372110.157,1,57983.014298483606,3204.262148752988,3204.262148752988,0.0596462480311903,Big Whale Orders
2022-09-30,0.054380681,5357698.886,2,27135.313878972665,1475.636847887285,737.8184239436425,0.0137711812411034,Small Whale Orders
2022-10-01,0.053738815,5272261.263,11,989131.5557960812,53154.757687587786,4832.250698871617,0.0916542344512341,Big Whale Orders
2022-10-02,0.053255336,5210016.988,3,142104.76161117293,7567.836826802916,2522.612275600972,0.0484185038438683,Small Whale Orders
2022-10-03,0.053167608,5159486.09,7,1226499.3734874085,65210.03790182412,9315.719700260588,0.1805551858801617,Big Whale Orders
2022-10-04,0.054374865,5155155.009,3,198036.38386954635,10768.20163799476,3589.400545998253,0.0696274028565928,Big Whale Orders
2022-10-05,0.054362127,5241880.6,4,231564.2386894557,12588.324552294504,3147.0811380736263,0.0600372533871455,Big Whale Orders
2022-10-06,0.054332355,5270610.206,4,33616.177061338385,1826.446065839494,456.6115164598735,0.0086633520335097,Small Whale Orders
2022-10-07,0.053382312,5273391.014,0,0.0,0.0,,,Normal
2022-10-08,0.052919604,5182227.917,3,21812.02006462641,1154.283464260084,384.7611547533613,0.0074246281891843,Small Whale Orders
2022-10-09,0.052479139,5117774.156,1,20084.0,1053.991027676,1053.991027676,0.0205947155061603,Small Whale Orders
2022-10-10,0.052181426,5088549.605,2,21892.91728322629,1142.4036431387935,571.2018215693968,0.0112252383470554,Small Whale Orders
2022-10-11,0.053004533,5061466.412,1,100.0,5.3004533,5.3004533,0.0001047216926587,Retail Orders
2022-10-12,0.051774127,5127164.483,1,10629.51571316388,550.3338964818423,550.3338964818423,0.0107336891240093,Small Whale Orders
2022-10-13,0.051896132,5021036.258,3,49944.27801993206,2591.9148447670927,863.9716149223642,0.0172070379604568,Small Whale Orders
2022-10-14,0.051830301,5033935.036,3,53573.33085456303,2776.721863764589,925.5739545881964,0.0183866885044997,Small Whale Orders
2022-10-15,0.050960087,5047953.157,3,92764.4501035664,4727.284447784902,1575.7614825949674,0.0312158499412748,Small Whale Orders
2022-10-16,0.05141583,4940617.303,1,12863.078335743136,661.365848987252,661.365848987252,0.0133862998979026,Small Whale Orders
2022-10-17,0.051430152,4985009.273,2,15588.253306398958,801.7062369626009,400.8531184813005,0.0080411709693784,Small Whale Orders
2022-10-18,0.051413658,4964543.498,0,0.0,0.0,,,Normal
2022-10-19,0.04975299,4998890.171,0,0.0,0.0,,,Normal
2022-10-20,0.049794316,4831526.137,2,200643.99,9990.93024156084,4995.46512078042,0.1033931097365896,Big Whale Orders
2022-10-21,0.050709284,4827309.212,6,215374.1364225321,10921.468250104925,1820.2447083508205,0.0377072325059673,Small Whale Orders
2022-10-22,0.053799591,4941015.508,6,411684.9433731599,22148.48157433416,3691.41359572236,0.0747096136360145,Big Whale Orders
2022-10-23,0.052673485,5236880.077,7,469444.4263045428,24727.27394728594,3532.4677067551343,0.0674536681156683,Big Whale Orders
2022-10-24,0.0520271,5106896.837,6,221420.44445740408,11519.863605829809,1919.9772676383016,0.037595771540319,Small Whale Orders
2022-10-25,0.054386939,5041802.503,2,26531.46303409592,1442.9650616161296,721.4825308080648,0.0143100117543034,Small Whale Orders
2022-10-26,0.059622435,5271802.695,7,393990.3977370713,23490.666879702683,3355.8095542432407,0.0636558260692501,Big Whale Orders
2022-10-27,0.05760585,5771976.934,5,27543.105496327167,1586.6440037555983,317.32880075111973,0.0054977489407811,Small Whale Orders
2022-10-28,0.059352922,5585996.584,5,6462893.245763856,383591.59871014894,76718.3197420298,1.3734043440301145,Mega Whale Orders
2022-10-29,0.0619928,5754389.674,65,5013001.822489674,310770.01938123786,4781.077221249813,0.0830857396198263,Big Whale Orders
2022-10-30,0.058961519,6000819.618,4,32772.96539183994,1932.343821637313,483.0859554093283,0.0080503328905316,Small Whale Orders
2022-10-31,0.059005133,5713789.998,3,89063.05031559427,5255.177129257332,1751.725709752444,0.0306578595007097,Small Whale Orders
2022-11-01,0.055672651,5681264.03,3,29236.881025584906,1627.6946736659102,542.56489122197,0.0095500735110522,Small Whale Orders
2022-11-02,0.053566474,5400351.801,5,65123.6238563516,3488.4429040870377,697.6885808174076,0.0129193172320405,Small Whale Orders
2022-11-03,0.056330607,5208060.059,4,248812.28638165945,14015.74712093671,3503.9367802341776,0.0672791162263779,Big Whale Orders
2022-11-04,0.06223736,5455610.998,6,322957.4005887073,20100.016005103585,3350.0026675172644,0.0614047201815774,Big Whale Orders
2022-11-05,0.062166968,6024982.471,2,61380.25518774629,3815.824360088458,1907.912180044229,0.031666684330246,Small Whale Orders
2022-11-06,0.061711174,6034737.873,4,174908.3446577005,10793.799291223328,2698.449822805832,0.04471527810477,Small Whale Orders
2022-11-07,0.060412462,5982942.927,6,155167.65562544434,9374.060099101242,1562.343349850207,0.0261132918851627,Small Whale Orders
2022-11-08,0.050593808,5860747.032,7,662454.7651297953,33516.10919566196,4788.015599380279,0.0816963362048805,Big Whale Orders
2022-11-09,0.034922248,4932731.435,15,1412226.303591333,49318.11720613983,3287.874480409322,0.0666542365773319,Big Whale Orders
2022-11-10,0.042396477,3370868.847,5,2528892.0768490825,107216.11477161436,21443.22295432287,0.6361334103344565,Mega Whale Orders
2022-11-11,0.03913916,4099431.373,12,212629.03008203284,8322.121629025496,693.5101357521247,0.0169172276018517,Small Whale Orders
2022-11-12,0.038196596,3782410.446,7,24693.70426202088,943.2154454398898,134.74506363426997,0.0035624125292051,Normal
2022-11-13,0.034682025,3695616.973,34,234923.4678014593,8147.621583376906,239.63592892285016,0.0064843280749498,Small Whale Orders
2022-11-14,0.034359745,3362669.532,30,228618.8985241769,7855.287055471595,261.84290184905313,0.0077867569012444,Small Whale Orders
2022-11-15,0.043587662,3331202.121,21,1356868.8057905782,59142.73888514336,2816.320899292541,0.0845436811395612,Big Whale Orders
2022-11-16,0.040071281,4236326.13,10,148538.7147744838,5952.136579107193,595.2136579107193,0.0140502321975555,Small Whale Orders
2022-11-17,0.040107765,3884939.722,9,79835.90025236369,3202.039525885243,355.7821695428048,0.0091579842932452,Small Whale Orders
2022-11-18,0.040978102,3890403.651,4,158399.76808077656,6490.921853190406,1622.7304632976015,0.041711107866159,Small Whale Orders
2022-11-19,0.039640518,3991730.889,3,36293.977673942136,1438.712075275501,479.57069175850046,0.0120141037834001,Small Whale Orders
2022-11-20,0.037914865,3853839.122,6,150204.1369759809,5694.969575885823,949.1615959809706,0.0246289885470982,Small Whale Orders
2022-11-21,0.036144276,3636917.561,2,295298.39897553046,10673.34683492969,5336.673417464845,0.1467361667663834,Big Whale Orders
2022-11-22,0.038165448,3497106.012,6,207216.06408295545,7908.493918522703,1318.0823197537838,0.0376906595119194,Small Whale Orders
2022-11-23,0.039202427,3700491.357,8,139940.39447935997,5486.003098928311,685.7503873660389,0.0185313333070984,Small Whale Orders
2022-11-24,0.050638455,3820164.827,22,1180253.0424368763,59766.19057805285,2716.6450262751296,0.0711132935174561,Big Whale Orders
2022-11-25,0.051894375,4882496.574,21,1133829.6009635308,58839.37849850183,2801.875166595325,0.0573861163879912,Big Whale Orders
2022-11-26,0.044846976,5027787.524,10,154505.26971864837,6929.094122945749,692.909412294575,0.0137815969546642,Small Whale Orders
2022-11-27,0.044753862,4338812.663,8,223556.82594002303,10005.031337277813,1250.6289171597266,0.0288242202256089,Small Whale Orders
2022-11-28,0.040245831,4323071.095,14,427315.3017572253,17197.659418235293,1228.4042441596637,0.0284150831010023,Small Whale Orders
2022-11-29,0.039833482,3914685.572,29,1193890.5053050015,47556.81595303769,1639.8902052771616,0.0418907259629372,Small Whale Orders
2022-11-30,0.047559902,3867784.185,30,1310027.471114541,62304.7781435154,2076.82593811718,0.0536954969248673,Big Whale Orders
2022-12-01,0.049119012,4612854.077,18,607031.5467795078,29816.789830641203,1656.4883239245112,0.0359102693532811,Small Whale Orders
2022-12-02,0.050156528,4754321.747,11,200634.98877353017,10063.154432199251,914.8322211090228,0.019242118430169,Small Whale Orders
2022-12-03,0.049025198,4847195.08,14,149169.61746409847,7313.070031761685,522.3621451258347,0.010776585974044,Small Whale Orders
2022-12-04,0.050320851,4771968.556,3,54361.53018550286,2735.5184605966915,911.8394868655638,0.019108245919162,Small Whale Orders
2022-12-05,0.051720493,4877978.427,15,250684.5223723221,12965.527084566029,864.3684723044018,0.0177198092455688,Small Whale Orders
2022-12-06,0.051201388,5016051.705,8,7959250.304309727,407524.6630200804,50940.582877510045,1.0155513912811638,Mega Whale Orders
2022-12-07,0.049854649,4968393.05,14,837250.3202468319,41740.820841043394,2981.487202931671,0.060009084887752,Big Whale Orders
2022-12-08,0.056789967,4830946.577,14,1143529.2401872454,64940.987813768734,4638.641986697767,0.0960193186317193,Big Whale Orders
2022-12-09,0.055628059,5497496.238,10,191457.4549818773,10650.406601721716,1065.0406601721718,0.0193731948884358,Small Whale Orders
2022-12-10,0.054311477,5302900.331,12,102635.06555852224,5574.262002475172,464.5218335395977,0.0087597692686032,Small Whale Orders
2022-12-11,0.054252442,5265536.967,14,1119500.8267867954,60735.653674202666,4338.260976728762,0.0823897164509027,Big Whale Orders
2022-12-12,0.053417252,5313848.157,17,171692.88566183596,9171.362140005478,539.4918905885576,0.0101525650460651,Small Whale Orders
2022-12-13,0.052501635,5072941.247,19,287146.6332349658,15075.667729581042,793.456196293739,0.01564094984863,Small Whale Orders
2022-12-14,0.052406895,5092284.25,9,428240.7896577566,22442.77009831114,2493.641122034571,0.0489690087907911,Small Whale Orders
2022-12-15,0.050758284,5131745.119,11,1218088.900204477,61828.10233382649,5620.736575802409,0.1095287557246743,Big Whale Orders
2022-12-16,0.047119886,4904067.839,7,247830.9788100731,11677.76746879906,1668.252495542723,0.0340177287572534,Small Whale Orders
2022-12-17,0.046780042,4586002.774,16,427536.1913374787,20000.16098728729,1250.0100617054557,0.0272570716440097,Small Whale Orders
2022-12-18,0.047460097,4535358.929,10,83108.31766706782,3944.3288179858528,394.4328817985853,0.0086968393896346,Small Whale Orders
2022-12-19,0.046770095,4611832.629,8,691620.1555588532,32347.14037940234,4043.392547425293,0.087674312419747,Big Whale Orders
2022-12-20,0.046966122,4534394.562,6,102143.49382535488,4797.283792507864,799.5472987513107,0.0176329449900948,Small Whale Orders
2022-12-21,0.046677238,4562140.598,9,146087.10925358988,6818.9427673618175,757.6603074846464,0.0166075615428598,Small Whale Orders
2022-12-22,0.046465813,4529644.778,8,155522.91922252186,7226.498881807806,903.3123602259758,0.0199422339829663,Small Whale Orders
2022-12-23,0.048248742,4490911.89,19,126795.20733345309,6117.709245468284,321.9846971299097,0.0071696952649389,Small Whale Orders
2022-12-24,0.048608731,4683303.964,9,125360.55069693956,6093.617286839397,677.0685874265996,0.0144570711752033,Small Whale Orders
2022-12-25,0.047152972,4716656.138,13,260061.38175496616,12262.667052173229,943.2820809364022,0.0199989580189405,Small Whale Orders
2022-12-26,0.047656468,4569524.819,12,189816.8299230283,9045.99968108824,753.8333067573534,0.0164969736814411,Small Whale Orders
2022-12-27,0.045657761,4623081.25,4,46991.068988324696,2145.506997003441,536.3767492508603,0.0116021484426833,Small Whale Orders
2022-12-28,0.046210713,4418489.951,16,256349.7203415752,11846.103354334791,740.3814596459246,0.016756436426394,Small Whale Orders
2022-12-29,0.046212831,4475797.967,15,404312.8172532142,18684.43989485668,1245.6293263237783,0.0278303295972648,Small Whale Orders
2022-12-30,0.045374892,4476646.96,5,127641.90553027544,5791.73767811045,1158.3475356220902,0.025875338081654,Small Whale Orders
2022-12-31,0.045413775,4388627.295,10,215961.7767090377,9807.63953606448,980.763953606448,0.022347852475963,Small Whale Orders
2023-01-01,0.045869969,4397768.305,7,86319.60800054598,3959.477743077195,565.6396775824564,0.0128619708532474,Small Whale Orders
2023-01-02,0.046480054,4442779.611,17,1081385.8809207452,50262.87414003381,2956.6396552961064,0.0665493207895273,Big Whale Orders
2023-01-03,0.047257377,4539261.414,7,906017.8106817808,42816.02524810355,6116.575035443364,0.1347482437688785,Big Whale Orders
2023-01-04,0.050174605,4559758.168,13,2579495.014777728,129425.14346594168,9955.780266610898,0.218340093921641,Big Whale Orders
2023-01-05,0.047044045,4879753.346,11,2267548.100688502,106674.63488845444,9697.694080768584,0.1987332841058025,Big Whale Orders
2023-01-06,0.048131184,4574561.612,7,268796.7265309012,12937.504703256487,1848.2149576080697,0.0404020125723048,Small Whale Orders
2023-01-07,0.0482693,4670683.37,6,205133.28205048648,9901.639931279547,1650.2733218799249,0.0353325882135299,Small Whale Orders
2023-01-08,0.048773258,4684577.952,6,112292.4420538709,5476.868247743495,912.811374623916,0.0194854559786801,Small Whale Orders
2023-01-09,0.050859954,4723635.571,5,115747.07699137767,5886.891011415927,1177.3782022831854,0.024925254808214,Small Whale Orders
2023-01-10,0.054666371,4932198.718,23,1004416.7400407164,54907.81814967636,2387.296441290277,0.048402276100066,Small Whale Orders
2023-01-11,0.060039934,5303253.734,25,743997.1896871738,44669.5421650034,1786.7816866001358,0.0336921779764146,Small Whale Orders
2023-01-12,0.066091779,5817871.431,29,1272660.2663916163,84112.38106843583,2900.426933394339,0.0498537475053105,Small Whale Orders
2023-01-13,0.096294957,6379147.108,53,1457905.279850331,140388.92623326057,2648.847664778501,0.0415235394314173,Small Whale Orders
2023-01-14,0.092308194,9306881.029,49,1146086.2746254622,105793.15417886444,2159.043962833968,0.0231983621162282,Small Whale Orders
2023-01-15,0.09883464,9009931.796,39,2633649.531595813,260295.8033414409,6674.251367729253,0.0740766025630994,Big Whale Orders
2023-01-16,0.09238111,9612683.039,41,2250474.0196135268,207901.28795805937,5070.763120928277,0.0527507575185354,Big Whale Orders
2023-01-17,0.083758352,8893243.833,24,467510.7558591787,39157.930453039146,1631.5804355432977,0.0183462914790328,Small Whale Orders
2023-01-18,0.074592019,8125769.238,24,329111.4215936145,24549.085412627905,1022.878558859496,0.0125880827882242,Small Whale Orders
2023-01-19,0.076704655,7265643.599,10,73395.2855040804,5629.760053216987,562.9760053216987,0.0077484671199559,Small Whale Orders
2023-01-20,0.08156853,7423530.658,13,301452.79162105976,24589.06107692616,1891.466236686628,0.0254793348855949,Small Whale Orders
2023-01-21,0.08192714,7969337.13,26,747641.5191627615,61252.13141026024,2355.8512080869323,0.0295614449440029,Small Whale Orders
2023-01-22,0.085889444,7948126.147,26,413126.22888834623,35483.18210103679,1364.7377731167996,0.0171705600524711,Small Whale Orders
2023-01-23,0.093437091,8326024.646,26,579743.7425802171,54169.568832148325,2083.444955082628,0.0250232859457551,Small Whale Orders
2023-01-24,0.086196286,9058406.446,12,41860.40171066781,3608.211157927612,300.6842631606343,0.0033193946965518,Normal
2023-01-25,0.086838768,8345112.001,15,218955.31728687533,19013.81000024136,1267.5873333494235,0.0151895784406192,Small Whale Orders
2023-01-26,0.087004613,8428218.923,17,178113.40220583038,15496.687629031618,911.5698605312716,0.0108156879746403,Small Whale Orders
2023-01-27,0.078944052,8425941.086,17,458012.25429638,36157.343219810646,2126.9025423418025,0.0252423144267615,Small Whale Orders
2023-01-28,0.079737937,7653632.331,76,5148033.930573228,410493.6052299104,5401.231647761978,0.0705708272121332,Big Whale Orders
2023-01-29,0.083233933,7749562.573,14,207365.976794412,17259.88581898564,1232.848987070403,0.0159086267832165,Small Whale Orders
2023-01-30,0.079271198,8071959.633,13,966268.9367598688,76597.29620714104,5892.099708241619,0.0729946627105688,Big Whale Orders
2023-01-31,0.080550644,7684369.771,10,210549.9292272468,16959.932393409155,1695.9932393409156,0.0220706875109187,Small Whale Orders
2023-02-01,0.081972547,7809145.561,13,199997.2285857699,16394.28222011677,1261.0986323166746,0.0161489963590227,Small Whale Orders
2023-02-02,0.084268037,7930160.707,23,679513.9963252692,57261.31058435564,2489.6221993198105,0.0313943473695584,Small Whale Orders
2023-02-03,0.086556087,8183689.457,10,203621.86082030364,17624.711500264093,1762.4711500264093,0.0215363884380884,Small Whale Orders
2023-02-04,0.085502716,8423538.622,15,1120036.9265316925,95766.19923875216,6384.413282583478,0.07579253291377,Big Whale Orders
2023-02-05,0.076976837,8289477.797,19,271657.1504781363,20911.30819223997,1100.5951680126302,0.0132770144871,Small Whale Orders
2023-02-06,0.082115041,7473224.301,20,302894.345413366,24872.18159228672,1243.6090796143358,0.0166408638296582,Small Whale Orders
2023-02-07,0.105574033,7961962.035,64,3521745.1873143325,371804.8426231145,5809.4506659861645,0.0729650636419565,Big Whale Orders
2023-02-08,0.095169188,10252569.63,39,1440851.9664743177,137124.71167756402,3516.018248142668,0.034294019694872,Small Whale Orders
2023-02-09,0.094998143,9136469.791,57,1636975.4886385775,155509.63155718244,2728.239150126008,0.0298609770790628,Small Whale Orders
2023-02-10,0.10294276,9292909.121,60,2045387.616180526,210557.846479444,3509.2974413240668,0.0377631740032171,Small Whale Orders
2023-02-11,0.123448898,9999894.72,38,1378227.685000879,170140.68890644965,4477.386550169727,0.044774336885916,Small Whale Orders
2023-02-12,0.128408915,11968459.93,44,1240923.1554665917,159345.59599184137,3621.490817996395,0.0302586200662192,Small Whale Orders
2023-02-13,0.131558729,12559413.49,54,1258230.6999249393,165531.23167090543,3065.3931790908414,0.0244071363804651,Small Whale Orders
2023-02-14,0.138713902,12758967.99,42,1129862.600695909,156727.65006639744,3731.610715866606,0.0292469635380487,Small Whale Orders
2023-02-15,0.145157663,13463420.48,21,785111.7131020101,113964.98146781424,5426.903879419726,0.0403085076892712,Small Whale Orders
2023-02-16,0.144126818,14073140.38,20,988087.172723021,142409.8601111854,7120.49300555927,0.0505963332510953,Big Whale Orders
2023-02-17,0.149190855,13973515.8,20,1890107.651437148,281986.77655995014,14099.338827997508,0.1009004393010204,Big Whale Orders
2023-02-18,0.164922793,14340003.79,33,724362.0352518433,119463.80999689846,3620.115454451469,0.0252448709739948,Small Whale Orders
2023-02-19,0.178676065,15989384.1,48,2071794.98381274,370180.175194399,7712.086983216646,0.0482325456376812,Small Whale Orders
2023-02-20,0.178020973,17618004.03,45,1158570.641417611,206249.8728743972,4583.3305083199375,0.0260150383693602,Small Whale Orders
2023-02-21,0.15423088,17259262.12,25,462787.0239037938,71376.04994926315,2855.041997970526,0.0165420860875744,Small Whale Orders
2023-02-22,0.150435391,15004458.47,23,225485.79085605324,33921.043112374595,1474.8279614075911,0.0098292648438887,Small Whale Orders
2023-02-23,0.157572797,14659464.72,14,206170.8383753734,32486.91566264252,2320.493975903037,0.0158293226950993,Small Whale Orders
2023-02-24,0.150117986,15278616.81,22,291209.8023239888,43715.82902833533,1987.0831376516053,0.013005648105207,Small Whale Orders
2023-02-25,0.139118984,14548607.34,24,803875.5163981502,111834.345103786,4659.764379324416,0.0320289376874777,Small Whale Orders
2023-02-26,0.146530582,13483602.06,31,292586.75195743353,42872.90704981237,1382.9970016068503,0.0102568808798474,Small Whale Orders
2023-02-27,0.184593032,14209505.47,64,2044647.94244592,377427.76306865376,5897.308797947715,0.0415025618618359,Small Whale Orders
2023-02-28,0.179142063,18022915.59,66,1391110.726853576,249206.44546997908,3775.855234393623,0.0209503019394301,Small Whale Orders
2023-03-01,0.227862567,17395095.67,109,1285621.9698436134,292945.12224016234,2687.569928808829,0.0154501589401653,Small Whale Orders
2023-03-02,0.20057481,22087030.79,67,1747958.975217437,350596.53934203205,5232.78416928406,0.0236916596849823,Small Whale Orders
2023-03-03,0.220324943,19442478.36,80,1193104.9304124825,262870.77578614914,3285.884697326864,0.0169005444495547,Small Whale Orders
2023-03-04,0.209846003,21378780.91,46,355575.1732422602,74616.02887092084,1622.087584150453,0.0075873717541663,Small Whale Orders
2023-03-05,0.224108154,20335905.62,49,462469.0902746777,103643.0941035174,2115.1651857860693,0.0104011359282954,Small Whale Orders
2023-03-06,0.262562742,21682860.51,97,999748.1200454942,262496.6077084901,2706.1505949328875,0.0124805977222646,Small Whale Orders
2023-03-07,0.266436308,25788360.09,116,1523943.9624954024,406034.0029661655,3500.293129018668,0.0135731512853195,Small Whale Orders
2023-03-08,0.239449627,25847662.48,52,1015570.339106691,243177.93889136068,4676.49882483386,0.0180925405864161,Small Whale Orders
2023-03-09,0.213644939,23121217.07,49,1359188.4097281608,290383.72488588,5926.198467058774,0.0256309970583169,Small Whale Orders
2023-03-10,0.263868892,20919948.93,103,751556.785058737,198312.4561485311,1925.3636519274864,0.0092034816068142,Small Whale Orders
2023-03-11,0.251839295,25475451.1,93,660180.8598216494,166259.48230997802,1787.7363689244949,0.0070174866066434,Small Whale Orders
2023-03-12,0.283345155,24422790.3,74,314419.4753307515,89089.23497261046,1203.908580710952,0.0049294473150799,Normal
2023-03-13,0.33573596,27139055.59,84,1592899.1555454766,534793.52717025,6366.589609169642,0.0234591420768361,Small Whale Orders
2023-03-14,0.316196551,32626781.9,71,1799699.4307106126,569058.7528273591,8014.912011652946,0.0245654384064551,Small Whale Orders
2023-03-15,0.303891689,30508093.08,75,866125.0965033484,263208.2184616906,3509.442912822541,0.0115033178364176,Small Whale Orders
2023-03-16,0.310025552,29463875.56,69,410472.31501768896,127256.90604407692,1844.3029861460425,0.0062595396942616,Small Whale Orders
2023-03-17,0.326755025,30052257.09,51,503927.6848378125,164660.90325737154,3228.645161909246,0.010743436515401,Small Whale Orders
2023-03-18,0.385558364,31260151.6,87,678670.6515542008,261667.14610805167,3007.6683460695594,0.0096214131798054,Small Whale Orders
2023-03-19,0.380843998,37353969.81,92,1017583.202389842,387540.4550957906,4212.396251041202,0.0112769707542931,Small Whale Orders
2023-03-20,0.360301504,36928807.16,45,153317.08536897736,55240.37644733894,1227.5639210519764,0.0033241364004349,Normal
2023-03-21,0.383730254,34930974.39,73,767057.3939894614,294343.12862815405,4032.0976524404655,0.0115430437394118,Small Whale Orders
2023-03-22,0.372704712,37299309.07,79,472057.3332321396,175937.99242977262,2227.0631953135776,0.005970789408281,Small Whale Orders
2023-03-23,0.368560693,35985553.7,46,9693427.676036345,3572616.421825335,77665.57438750728,0.2158243139315854,Big Whale Orders
2023-03-24,0.308322649,35714893.94,48,274122.88906925026,84518.29530936437,1760.7978189450912,0.0049301499310152,Normal
2023-03-25,0.259154621,29973185.01,51,282900.37577847403,73314.939665628,1437.5478365809413,0.0047961130460487,Normal
2023-03-26,0.325202237,25106928.06,58,356389.8203098427,115898.76680878887,1998.2546001515325,0.0079589768823017,Small Whale Orders
2023-03-27,0.300579779,31286196.58,39,329658.9954239423,99088.8279898906,2540.739179227964,0.0081209589434471,Small Whale Orders
2023-03-28,0.31714768,29010466.72,36,1602661.618588025,508280.41416023695,14118.900393339914,0.0486682979960686,Small Whale Orders
2023-03-29,0.329483518,30614373.02,47,428794.708397484,141280.78902258715,3005.9742345231307,0.0098188332407113,Small Whale Orders
2023-03-30,0.344891558,32038336.44,72,677981.0107272632,233829.92708414048,3247.637876168618,0.0101367244277824,Small Whale Orders
2023-03-31,0.365558276,33517826.34,62,429553.3173850919,157026.77015337502,2532.689841183468,0.0075562472801554,Small Whale Orders
2023-04-01,0.378919131,35412814.72,55,337831.9796107655,128011.000138121,2327.472729784018,0.0065724025276915,Small Whale Orders
2023-04-02,0.361601999,36748016.64,40,273825.22915463353,99015.75023894856,2475.393755973714,0.0067361288643786,Small Whale Orders
2023-04-03,0.360666723,35142459.71,37,331689.2576508616,119629.27761123893,3233.223719222673,0.0092003341425262,Small Whale Orders
2023-04-04,0.393295815,34871517.6,58,1634205.112572743,642726.0316264639,11081.48330390455,0.0317780356766134,Small Whale Orders
2023-04-05,0.548169464,38355006.56,175,1452764.584297772,796361.1834926925,4550.635334243957,0.0118645145507282,Small Whale Orders
2023-04-06,0.506379288,52977063.46,110,2737616.239666414,1386272.162259516,12602.474202359235,0.0237885480607558,Small Whale Orders
2023-04-07,0.536720028,49049600.53,95,387809.2998078901,208145.0182515512,2191.0001921215908,0.0044669073110626,Normal
2023-04-08,0.471688226,51797232.37,61,285276.54343044705,134561.58669011953,2205.927650657697,0.00425877513088,Normal
2023-04-09,0.485766367,45785347.9,71,335391.46341740625,162921.8927070868,2294.674545170237,0.0050118097828633,Small Whale Orders
2023-04-10,0.540078278,46889368.77,75,536214.6888747565,289597.9058057842,3861.3054107437897,0.0082349272597038,Small Whale Orders
2023-04-11,0.520231015,52111325.59,70,1481570.075688139,770758.7042688674,11010.838632412391,0.0211294541210545,Small Whale Orders
2023-04-12,0.5247211,50539770.57,77,318471.3470803896,167108.63555850383,2170.24202024031,0.004294127171065,Normal
2023-04-13,0.572934445,51059392.62,80,737042.3971680792,422276.976762963,5278.462209537038,0.0103378867994396,Small Whale Orders
2023-04-14,0.610496171,55465801.29,103,510221.0119342429,311487.9741496006,3024.155088831074,0.0054522877493817,Small Whale Orders
2023-04-15,0.641304103,59509929.28,98,590614.701479122,378763.631350681,3864.93501378246,0.0064946052877958,Small Whale Orders
2023-04-16,0.606468644,62307059.61,59,974410.7857994406,590949.5879627612,10016.09471123324,0.016075376970005,Small Whale Orders
2023-04-17,0.549961419,58883949.93,54,767838.8725687595,422281.7559212751,7820.032517060649,0.0132804143172408,Small Whale Orders
2023-04-18,0.535908514,53306564.42,76,361062.0440823808,193496.2235059912,2546.0029408683044,0.0047761527469833,Normal
2023-04-19,0.48984989,52000636.7,56,1100675.5268041603,539165.78573071,9627.960459476964,0.018515081872982,Small Whale Orders
2023-04-20,0.421728349,47630352.19,105,984935.6863638756,415375.3008814192,3955.955246489706,0.0083055343170866,Small Whale Orders
2023-04-21,0.365014879,40924540.07,79,791740.8629633663,288997.1952939288,3658.1923454927687,0.0089388722249182,Small Whale Orders
2023-04-22,0.44522272,35242862.12,76,281070.4307636743,125138.94169617476,1646.565022318089,0.0046720525044521,Normal
2023-04-23,0.434362362,43379721.25,39,174809.67625336826,75930.74387786834,1946.9421507145728,0.0044881389151724,Normal
2023-04-24,0.452983992,41909026.35,43,1306168.059134113,591673.2216494624,13759.842363940985,0.0328326462395635,Small Whale Orders
2023-04-25,0.424790174,43309655.53,48,2286993.161755864,971492.2231190836,20239.421314980907,0.0467318916932076,Small Whale Orders
2023-04-26,0.477393312,41151288.11,62,611079.97728135,291725.49425122846,4705.249907277878,0.011434028248886,Small Whale Orders
2023-04-27,0.49421868,46178866.19,48,717246.1628121998,354476.4518201105,7384.926079585635,0.0159920038945972,Small Whale Orders
2023-04-28,0.467005454,47827916.27,111,5298675.350244518,2474510.2875395506,22292.885473329283,0.0466106140762658,Small Whale Orders
2023-04-29,0.484375506,45263114.6,34,530136.5142544138,256785.14234105792,7552.504186501704,0.016685781023345,Small Whale Orders
2023-04-30,0.478768314,47011642.79,35,1475595.8366043612,706468.5308364895,20184.81516675684,0.0429357792428611,Small Whale Orders
2023-05-01,0.470150631,46490313.69,42,2981354.1624716963,1401685.5407205443,33373.46525525106,0.0717858465696471,Big Whale Orders
2023-05-02,0.448219026,45599160.51,37,734159.9828128489,329064.4724245519,8893.634389852754,0.0195039432533025,Small Whale Orders
2023-05-03,0.442065969,43280081.09,33,358967.81253504194,158687.45388811367,4808.710723882233,0.0111106786373219,Small Whale Orders
2023-05-04,0.400518139,42745493.15,22,344590.4918481627,138014.7425121208,6273.397386914582,0.0146761609812298,Small Whale Orders
2023-05-05,0.411465313,38983824.03,37,1784693.4519294086,734339.4498071846,19847.012156950936,0.0509108909933455,Big Whale Orders
2023-05-06,0.358608823,39649705.83,30,318901.34986027825,114360.8377265056,3812.0279242168535,0.0096142653379601,Small Whale Orders
2023-05-07,0.376058936,35101135.06,22,471206.875097059,177201.5560848849,8054.616185676587,0.022946882406818,Small Whale Orders
2023-05-08,0.357131179,36162727.24,47,626219.8436122665,223642.6310624444,4758.3538523924335,0.0131581720062561,Small Whale Orders
2023-05-09,0.311311857,34624126.1,33,521839.9802884435,162454.97332043876,4922.877979407235,0.0142180569848584,Small Whale Orders
2023-05-10,0.381864416,30342124.1,38,1162256.7176528652,443824.4827285883,11679.591650752323,0.0384929928183647,Small Whale Orders
2023-05-11,0.356575001,36925632.33,22,614169.8696009755,218997.6218671377,9954.437357597168,0.0269580687708623,Small Whale Orders
2023-05-12,0.399923985,34213969.73,31,239118.0839831376,95629.05703210105,3084.808291358098,0.0090162244127235,Small Whale Orders
2023-05-13,0.436254629,38704166.7,35,592997.1865299102,258697.76760764976,7391.364788789993,0.0190970777024634,Small Whale Orders
2023-05-14,0.480054014,42443184.11,39,133159.40661639988,63923.70764806092,1639.0694268733569,0.0038617965669714,Normal
2023-05-15,0.454336773,46518376.6,38,393241.1111852385,178663.89746683548,4701.681512285144,0.0101071487354637,Small Whale Orders
2023-05-16,0.432418562,43968949.04,24,863375.240636985,373339.48002264905,15555.811667610376,0.035379084575023,Small Whale Orders
2023-05-17,0.452455378,41963726.57,29,133444.57548217295,60377.71584183609,2081.990201442624,0.0049614044595625,Normal
2023-05-18,0.414881442,43479969.16,33,228915.05215504,94972.6069335882,2877.9577858663088,0.0066190428407983,Small Whale Orders
2023-05-19,0.424840825,40286493.54,24,171855.9056124345,73011.40472150879,3042.1418633962,0.0075512699073094,Small Whale Orders
2023-05-20,0.44612587,41067274.53,33,147054.43795120556,65604.7890683426,1988.0239111618969,0.0048408956618478,Normal
2023-05-21,0.457705724,43231591.09,32,79465.57948894052,36371.85059306507,1136.6203310332835,0.0026291429539732,Normal
2023-05-22,0.452288059,44320284.27,27,75503.15340154903,34149.17470036586,1264.7842481616983,0.0028537367686015,Normal
2023-05-23,0.450713143,43766966.7,36,80990.76605027968,36503.60272049925,1013.9889644583124,0.0023167905863997,Normal
2023-05-24,0.412446762,43517580.35,26,367996.2113141652,151778.84578479518,5837.647914799814,0.0134144588643238,Small Whale Orders
2023-05-25,0.419427142,39994055.87,34,80501.00930889821,33764.308262546576,993.0678900748992,0.0024830387128098,Normal
2023-05-26,0.42501958,40685543.44,33,136384.3784519624,57966.03124821412,1756.5464014610338,0.0043173723463997,Normal
2023-05-27,0.419541497,41172934.23,27,65750.20219610524,27584.93825740668,1021.664379903951,0.0024813980324956,Normal
2023-05-28,0.410263427,40683035.52,25,43363.22296047839,17790.344457530948,711.6137783012379,0.0017491658850072,Normal
2023-05-29,0.399654147,39800763.56,29,52121.55872154115,20830.59709116794,718.2964514195842,0.0018047303297001,Normal
2023-05-30,0.394167954,38854143.93,50,120792.42549690387,47612.50321681203,952.2500643362406,0.0024508326989569,Normal
2023-05-31,0.377864914,38189643.37,39,61132.62195022425,23099.872935816,592.3044342516922,0.0015509556570433,Normal
2023-06-01,0.358913659,36579150.1,56,351772.39910054445,126255.91889638473,2254.569980292584,0.0061635384478016,Small Whale Orders
2023-06-02,0.413672966,34770787.55,54,242541.1729106215,100332.72637505564,1858.0134513899195,0.0053436047392315,Small Whale Orders
2023-06-03,0.407211508,39935575.08,51,100679.7027293726,40997.93357341954,803.8810504592067,0.0020129447212137,Normal
2023-06-04,0.436943662,39525004.63,40,246141.1772158052,107549.82734166487,2688.7456835416224,0.0068026448287897,Small Whale Orders
2023-06-05,0.428637771,42321740.01,35,208669.87978782592,89443.79214709165,2555.536918488333,0.006038355034279,Small Whale Orders
2023-06-06,0.538154249,41619570.36,96,517793.6092333464,278652.83091397095,2902.633655353864,0.0069742037946252,Small Whale Orders
2023-06-07,0.542160191,52306828.63,85,853477.8331669323,462721.7050440502,5443.78476522412,0.0104074074223301,Small Whale Orders
2023-06-08,0.588631815,52689458.69,100,495333.08630253,291568.81361980987,2915.6881361980986,0.0055337219411431,Small Whale Orders
2023-06-09,0.588142991,56825603.21,87,214991.18750371409,126445.56005707622,1453.3972420353589,0.0025576450753444,Normal
2023-06-10,0.5239829,56998251.57,81,394188.1558126528,206547.85302836564,2549.9734941773536,0.0044737749385973,Normal
2023-06-11,0.523103069,50833374.83,55,52179.52243572123,27295.26832508013,496.27760591054783,0.0009762830179389,Normal
2023-06-12,0.480125614,50779702.8,52,217359.3120629784,104359.77316285508,2006.91871467029,0.0039522064998582,Normal
2023-06-13,0.48640991,46533475.47,47,70626.51378203275,34353.43621233231,730.9241747304746,0.0015707491592836,Normal
2023-06-14,0.451253891,47094624.46,41,3524092.113036584,1590260.2782501704,38786.8360548822,0.0823593700971667,Big Whale Orders
2023-06-15,0.454498715,43648462.04,55,499493.8327777096,227019.3051478939,4127.623729961707,0.0094565158474062,Small Whale Orders
2023-06-16,0.513081535,44013346.11,58,213248.22813992723,109413.72823006408,1886.4435901735185,0.0042860717416459,Normal
2023-06-17,0.52900231,49718486.09,34,79280.42652013306,41939.52876693565,1233.5155519686955,0.0024809998231559,Normal
2023-06-18,0.532640102,51280838.61,37,124081.71815968366,66090.89901690916,1786.2405139705177,0.0034832513710534,Normal
2023-06-19,0.512907658,51538410.62,47,128773.9425432976,66049.14128130933,1405.3008783257303,0.0027267058906554,Normal
2023-06-20,0.599207428,49963155.98,69,137694.78291096553,82507.73671709801,1195.764300247797,0.0023932921705875,Normal
2023-06-21,0.626671569,57815688.01,80,664536.7048331369,416446.25947587175,5205.578243448397,0.0090037469458947,Small Whale Orders
2023-06-22,0.61406146,60606762.82,80,152860.3908308804,93865.67476978104,1173.320934622263,0.0019359571111015,Normal
2023-06-23,0.661148554,59531765.02,84,123463.15760901898,81627.488125477,971.7558110175834,0.0016323315975783,Normal
2023-06-24,0.631372683,64054019.93,65,295226.0738445948,186397.678334818,2867.65658976643,0.0044769346137842,Normal
2023-06-25,0.710945799,61182129.99,96,1075930.4164781943,764928.2096114928,7968.00218345305,0.0130234141648147,Small Whale Orders
2023-06-26,0.742387792,68926709.51,139,1037735.9738412448,770402.5182989716,5542.464160424256,0.008041097855716,Small Whale Orders
2023-06-27,0.763394056,72147896.7,128,4764673.528285167,3637323.450273445,28416.589455261288,0.0393865805588498,Small Whale Orders
2023-06-28,0.679378216,73378183.51,69,198689.92632760163,134985.60768561743,1956.3131548640208,0.0026660692065202,Normal
2023-06-29,0.783707825,66065262.33,107,367198.1308778929,287776.0484943788,2689.4957803212974,0.0040709681388792,Normal
2023-06-30,0.828614156,75146917.4,112,1848711.8978992736,1531868.8489649647,13677.400437187183,0.0182008802362226,Small Whale Orders
2023-07-01,0.887066475,80361020.15,114,581660.1255855775,515971.1972512555,4526.063133782943,0.0056321623659514,Small Whale Orders
2023-07-02,0.967286703,85889014.32,125,1094427.646420459,1058625.3097780957,8469.002478224764,0.0098604024569096,Small Whale Orders
2023-07-03,0.856593818,93172656.12,571,1743786.3195634782,1493716.581251048,2615.9659916830965,0.0028076541987961,Normal
2023-07-04,0.948199692,81959185.18,208,764815.9232314893,725198.2228447937,3486.5299175230466,0.0042539831379068,Normal
2023-07-05,0.874746801,91949328.98,115,919187.678070202,804056.4809105272,6991.795486178497,0.0076039657534632,Small Whale Orders
2023-07-06,0.865618786,84345735.51,122,1844637.2290012888,1596752.6387785,13088.136383430328,0.0155172473205579,Small Whale Orders
2023-07-07,0.916225579,84503760.23,118,477010.1581408297,437048.9083314632,3703.804307893756,0.0043830053216718,Normal
2023-07-08,0.883158803,88846985.24,126,585591.0991510304,517169.9341736784,4104.523287092686,0.0046197665300687,Normal
2023-07-09,0.876213857,85217971.57,87,129855.9842741878,113781.61283541744,1307.8346302921543,0.0015346934527981,Normal
2023-07-10,0.813424843,85063929.16,94,199220.2719851999,162050.71846197854,1723.9438134253037,0.0020266449368717,Normal
2023-07-11,0.768472297,79077203.79,88,551213.6885728886,423592.4493954503,4813.550561311935,0.0060871532257197,Small Whale Orders
2023-07-12,0.790279441,74570591.94,90,233099.0858428481,184213.41525749705,2046.8157250833003,0.0027448028396102,Normal
2023-07-13,0.805624982,75484639.44,78,269774.5118963876,217337.08629058607,2786.37290116136,0.0036913111353948,Normal
2023-07-14,0.907151758,78159367.53,143,438770.61299729056,398031.5329392298,2783.437293281327,0.0035612331333322,Normal
2023-07-15,0.879489882,88490635.49,98,294450.2195014079,258965.9888041673,2642.510089838442,0.0029862030882771,Normal
2023-07-16,0.874464971,85253857.06,68,227567.03625572912,198999.40175992213,2926.46179058709,0.0034326444474265,Normal
2023-07-17,0.881898872,84733586.83,86,292585.7555394949,258031.04777354831,3000.361020622655,0.0035409347495724,Normal
2023-07-18,0.852087403,85622044.56,73,351424.22722095804,299444.157123988,4101.974755123124,0.0047907928106629,Normal
2023-07-19,0.798729951,82610728.34,90,178177.7037587805,142315.86859254327,1581.2874288060364,0.0019141429455723,Normal
2023-07-20,0.809634495,77668875.61,77,513404.2581503196,415669.7972783836,5398.309055563424,0.0069504148388474,Small Whale Orders
2023-07-21,0.796630279,78477561.63,53,131983.60793452922,105142.13841231064,1983.813932307748,0.0025278740713949,Normal
2023-07-22,0.75631244,77212987.04,59,144915.5806379774,109601.45638632544,1857.651803158058,0.0024058799877742,Normal
2023-07-23,0.762205046,73218362.19,71,92776.5579634792,70714.76063027534,995.9825440883852,0.0013602906624759,Normal
2023-07-24,0.690055977,73876749.03,63,710412.0697088288,490224.0948355179,7781.334838659015,0.0105328603935984,Small Whale Orders
2023-07-25,0.707070724,66804801.99,65,537775.1320579734,380245.0519734269,5849.92387651426,0.0087567415848189,Small Whale Orders
2023-07-26,0.73734635,68540247.57,61,435494.4862576461,321110.26988720056,5264.102785036075,0.0076803089741685,Small Whale Orders
2023-07-27,0.784055373,71366556.33,74,220519.9013175869,172899.81348148375,2336.4839659659965,0.0032739200069596,Normal
2023-07-28,0.816526742,75953331.85,58,664831.8276940358,542852.9662449164,9359.53390077442,0.0123227430223318,Small Whale Orders
2023-07-29,0.742522262,78939724.82,73,96588.53314652915,71719.1361152228,982.4539193866136,0.0012445621284173,Normal
2023-07-30,0.708751526,72055744.48,61,148093.66324500434,104961.60981582696,1720.6821281283103,0.0023879874402045,Normal
2023-07-31,0.727424717,68706593.29,60,85212.29029108972,61985.52614991779,1033.09210249863,0.0015036287684037,Normal
2023-08-01,0.742395391,70612282.12,64,134535.99951873906,99878.90596629008,1560.6079057232826,0.0022101082968415,Normal
2023-08-02,0.710935191,72010812.75,58,249121.94330464484,177109.5563455789,3053.613040441015,0.0042404923980545,Normal
2023-08-03,0.703756627,68815577.01,54,255947.24460820144,180124.56955541176,3335.6401769520694,0.0048472167522003,Normal
2023-08-04,0.701398576,68371792.67,61,114830.96197524416,80542.27321014639,1320.365134592564,0.0019311547687002,Normal
2023-08-05,0.705792432,67948715.3,46,69972.50135108357,49386.06190170456,1073.6100413414033,0.0015800299337541,Normal
2023-08-06,0.735299808,68374543.95,57,95788.5586345503,70433.30877258157,1235.6720837295013,0.0018072107137315,Normal
2023-08-07,0.721108325,71273771.83,36,44969.061400824525,32427.564543570727,900.7656817658536,0.001263810878305,Normal
2023-08-08,0.728301183,69805700.04,45,106969.79179972965,77906.22591300681,1731.2494647334847,0.002480097561863,Normal
2023-08-09,0.701790458,70541346.89,78,273407.76007472863,191874.9571635979,2459.935348251255,0.0034872248074412,Normal
2023-08-10,0.70085502,68038864.65,53,249471.8345208024,174843.5875725136,3298.935614575729,0.0048486047372275,Normal
2023-08-11,0.696769491,67952749.38,37,63283.83358913868,44094.24451843286,1191.7363383360232,0.0017537720683996,Normal
2023-08-12,0.696139116,67588884.07,46,66799.2988811822,46501.60487256597,1010.9044537514342,0.0014956667322757,Normal
2023-08-13,0.709787547,67504078.45,51,80749.78591971911,57315.19246873257,1123.8273033084818,0.0016648287468154,Normal
2023-08-14,0.713810722,68802179.68,62,181641.08290200884,129657.35253114476,2091.247621470077,0.0030395078051255,Normal
2023-08-15,0.627065237,69241694.92,68,204547.18910102808,128264.43161132,1886.2416413429407,0.0027241413479584,Normal
2023-08-16,0.59655044,60833802.52,54,238569.5857625855,142318.79135728814,2635.5331732831137,0.0043323498846166,Normal
2023-08-17,0.517154479,57892342.33,77,139417.7012385771,72100.488647414,936.369982433948,0.0016174332299363,Normal
2023-08-18,0.540889406,50112023.04,71,5113351.386075671,2765757.5938837463,38954.332308221776,0.0777345035085252,Big Whale Orders
2023-08-19,0.549923732,52481778.06,71,153366.7490100453,84340.01498031142,1187.8875349339637,0.0022634285248032,Normal
2023-08-20,0.555389971,53312995.23,44,95884.99726780236,53253.56585189983,1210.3083148159053,0.0022701938047083,Normal
2023-08-21,0.539931935,53725546.06,44,115125.75314664122,62160.07066479834,1412.7288787454168,0.002629529120407,Normal
2023-08-22,0.532036847,52371420.79,81,82174.6776745995,43719.95641323521,539.7525483115458,0.0010306242224664,Normal
2023-08-23,0.590905261,51638435.75,119,340820.4643239237,201392.6054254693,1692.3748355081457,0.0032773549603662,Normal
2023-08-24,0.590532173,57391393.08,85,103276.52689904028,60988.11184958321,717.5071982303907,0.0012502000033876,Normal
2023-08-25,0.607869471,56930299.89,84,1412455.4972193437,858588.5759057645,10221.29257030672,0.017954046597429,Small Whale Orders
2023-08-26,0.600228219,58512460.92,52,82454.75471273203,49491.670569305,951.7628955635578,0.0016265986434322,Normal
2023-08-27,0.619940717,58074443.9,52,45567.98789909557,28249.45109041263,543.2586748156275,0.0009354522201729,Normal
2023-08-28,0.611591739,60030513.88,56,60962.444054611056,37284.12717304979,665.7879852330319,0.0011090826018313,Normal
2023-08-29,0.681473485,59818175.87,56,147406.43846894414,100453.57933486944,1793.8139166940969,0.0029987773625737,Normal
2023-08-30,0.681158171,65905927.98,76,596012.0326637576,405978.4660632373,5341.821921884702,0.0081052222244799,Small Whale Orders
2023-08-31,0.638484495,66022742.81,58,127565.86587651388,81448.8274534037,1404.2901285069604,0.0021269793842831,Normal
2023-09-01,0.658771771,61811521.98,74,269564.3591856001,177581.39029917785,2399.748517556457,0.0038823643888479,Normal
2023-09-02,0.615187685,63988450.74,51,73184.45560462313,45022.17582139338,882.7877612037918,0.0013796048364895,Normal
2023-09-03,0.611779127,59688926.44,61,95094.29953009602,58176.707549198654,953.716517199978,0.0015978114770729,Normal
2023-09-04,0.617854946,59778564.04,52,131833.7621397336,81454.14198782195,1566.4258074581144,0.0026203804534514,Normal
2023-09-05,0.61354926,59922012.57,49,312905.286624632,191982.8070586309,3918.016470584303,0.0065385261651673,Small Whale Orders
2023-09-06,0.615558313,59399030.43,67,76624.84307441232,47167.05913677498,703.9859572652982,0.0011851808896021,Normal
2023-09-07,0.612129049,59632313.25,78,245447.6959130669,150245.66467850684,1926.2264702372672,0.0032301723097036,Normal
2023-09-08,0.598152765,59324836.4,81,53704.91986042464,32123.74630861641,396.5894606002026,0.0006685049376726,Normal
2023-09-09,0.627780429,57994538.02,67,54043.1136506499,33927.20907210075,506.37625480747386,0.0008731447341348,Normal
2023-09-10,0.590585404,60873606.18,61,52997.414547281856,31299.49948136193,513.1065488747859,0.00084290480074,Normal
2023-09-11,0.548130366,57321262.94,58,142860.90749747434,78306.40151368275,1350.110370925565,0.0023553395401262,Normal
2023-09-12,0.556476841,52988888.17,55,78811.28639021203,43856.655685571495,797.3937397376635,0.0015048319888868,Normal
2023-09-13,0.565955935,54029251.73,51,132883.59916841678,75206.26161352654,1474.6325806573832,0.0027293226047744,Normal
2023-09-14,0.580362239,54939279.33,78,183817.4624253889,106680.71406049706,1367.7014623140649,0.0024894783459003,Normal
2023-09-15,0.612305059,56264735.02,74,104640.94830705484,64072.18202696715,865.8402976617183,0.001538868524581,Normal
2023-09-16,0.6313974,58916406.8,85,248703.5532448623,157030.7768895676,1847.4209045831485,0.0031356645880569,Normal
2023-09-17,0.602496126,61263681.77,56,60383.991881637405,36381.12118110199,649.6628782339641,0.0010604372108633,Normal
2023-09-18,0.60963446,58201141.66,65,817680.7952192698,498486.3900458702,7669.02138532108,0.0131767542123521,Small Whale Orders
2023-09-19,0.649561104,59123356.46,80,164455.8476533697,106824.12196097863,1335.3015245122328,0.0022585008775941,Normal
2023-09-20,0.673792902,63008502.22,61,100629.2952345692,67803.30486231514,1111.5295879068055,0.0017640946042897,Normal
2023-09-21,0.651301805,65434573.73,66,96502.15029591024,62852.024674107626,952.3034041531458,0.0014553520407767,Normal
2023-09-22,0.673898455,63146556.05,82,135581.70539774606,91368.30179380624,1114.2475828512956,0.0017645421263655,Normal
2023-09-23,0.638527487,65389995.38,70,75487.67492241274,48200.95536768113,688.585076681159,0.0010530434704569,Normal
2023-09-24,0.63285125,61722050.58,59,562297.9226561587,355850.9432253533,6031.371919073785,0.0097718268631667,Small Whale Orders
2023-09-25,0.627420989,61357090.69,61,261733.16273437312,164216.87981689832,2692.079996998333,0.004387561350651,Normal
2023-09-26,0.631751117,60849693.68,76,265939.93984234816,168007.85405031624,2210.6296585567925,0.0036329347361749,Normal
2023-09-27,0.636048963,61312661.18,63,174249.98486497632,110831.52217613388,1759.2305107322838,0.0028692776938315,Normal
2023-09-28,0.71371403,61730204.7,119,2346366.806497849,1674634.9093238106,14072.5622632253,0.0227968825498245,Small Whale Orders
2023-09-29,0.728957623,69083029.61,113,371300.5501654984,270662.3664672339,2395.242181125964,0.0034671933102065,Normal
2023-09-30,0.725720019,70310921.57,84,251713.41601850424,182673.46505550385,2174.684107803617,0.0030929534974712,Normal
2023-10-01,0.764154584,70335617.75,114,363362.0295101942,277664.7605017582,2435.655793875072,0.0034629052417401,Normal
2023-10-02,0.719193978,74234570.61,81,319155.7994783613,229534.929028613,2833.7645559088023,0.0038173111700158,Normal
2023-10-03,0.673436697,69895802.06,87,236566.1290400168,159312.3125627847,1831.1760064687896,0.0026198655033629,Normal
2023-10-04,0.685666576,65277160.79,83,216923.71183875948,148737.3387496929,1792.016129514372,0.0027452421456861,Normal
2023-10-05,0.661009848,66509187.16,97,95535.40027358376,63149.84041346077,651.0292826129976,0.0009788561707224,Normal
2023-10-06,0.678615838,64245409.19,86,123063.6669586434,83512.95348049272,971.080854424334,0.0015115178915779,Normal
2023-10-07,0.68059176,65801190.74,96,105055.4822895165,71499.89558907087,744.7905790528216,0.0011318800931668,Normal
2023-10-08,0.684163403,65884750.89,82,145324.96484733533,99426.02249080832,1212.5124694001015,0.0018403537283224,Normal
2023-10-09,0.653984763,66318584.74,93,1446233.0194169628,945814.3584461767,10170.046865012657,0.0153351385661862,Small Whale Orders
2023-10-10,0.631383216,63469059.75,82,111050.1067814494,70115.17355681493,855.0630921562796,0.0013472124772673,Normal
2023-10-11,0.62178414,61343813.22,87,74653.01723755113,46418.06212145592,533.5409439247807,0.0008697550998522,Normal
2023-10-12,0.608671622,60039751.14,115,173797.1994974045,105785.42331714278,919.873246236024,0.0015321070270445,Normal
2023-10-13,0.611533071,59029997.8,113,60000.20314547921,36692.10849017876,324.70892469184747,0.000550074431295,Normal
2023-10-14,0.628051038,59306369.94,74,87003.2509640354,54642.48207733693,738.4119199640126,0.0012450802851549,Normal
2023-10-15,0.640570663,61044660.32,87,118244.33162085136,75743.84990236061,870.6189643949496,0.0014262000309791,Normal
2023-10-16,0.720857935,62079062.53,89,372594.71032676176,268587.8534780726,3017.8410503154228,0.0048612864423605,Normal
2023-10-17,0.697362442,68478512.32,83,433642.73305216426,302406.1552768114,3643.447653937487,0.0053205706877971,Small Whale Orders
2023-10-18,0.696186666,67653069.26,79,1053449.7864206375,733397.6946065957,9283.515121602475,0.0137222379163976,Small Whale Orders
2023-10-19,0.683757055,67412024.96,94,192659.33475859888,131732.1793527987,1401.4061633276458,0.0020788667365491,Normal
2023-10-20,0.737451833,66318258.66,108,648276.7405437925,478072.8706052852,4426.60065375264,0.0066747842045233,Small Whale Orders
2023-10-21,0.735831791,71610890.65,92,249198.97012001745,183368.52449876792,1993.136135856173,0.0027832863378248,Normal
2023-10-22,0.772436745,71294629.36,96,365855.8422010143,282600.4958889852,2943.755165510262,0.0041289998867177,Normal
2023-10-23,0.818958991,73311815.37,108,144388.01057691377,118247.85945456664,1094.8875875422837,0.0014934667515958,Normal
2023-10-24,0.791993862,79118779.2,119,738110.8118640925,584579.2324721981,4912.430524976455,0.0062089311471282,Small Whale Orders
2023-10-25,0.811647644,76897245.47,97,249400.544774646,202425.3645786579,2086.859428645958,0.0027138285850045,Normal
2023-10-26,0.810848874,77947672.92,95,561574.8999535458,455352.3752939953,4793.18289783153,0.0061492315527506,Small Whale Orders
2023-10-27,0.831426363,79273330.24,101,235582.66729128847,195869.64025183505,1939.3033688300493,0.0024463503210459,Normal
2023-10-28,0.904753005,80584252.56,103,483796.3801161561,437716.2287182145,4249.672123477811,0.0052735763979614,Small Whale Orders
2023-10-29,0.893011046,86746910.65,90,163735.36711446627,146217.49145408353,1624.6387939342617,0.0018728491674928,Normal
2023-10-30,0.926986775,86517306.72,109,291587.8561482379,270298.086400019,2479.7989577983394,0.0028662461324921,Normal
2023-10-31,0.920380659,89603575.63,106,460298.9491817396,423650.250184897,3996.700473442425,0.0044604252066301,Normal
2023-11-01,0.924255113,89246298.53,105,314482.1553217508,290661.7400033883,2768.207047651317,0.0031017611858947,Normal
2023-11-02,0.901614541,89601824.37,117,289609.9538417511,261116.5456020616,2231.7653470261675,0.002490758824073,Normal
2023-11-03,0.903495465,87481478.3,79,224213.3352835532,202575.7316212148,2564.249767357149,0.0029311916272877,Normal
2023-11-04,0.937518936,88975456.17,101,199060.84041777905,186623.307307742,1847.755517898436,0.0020767024946385,Normal
2023-11-05,0.949754296,90826255.84,100,437059.21700638457,415098.8689582101,4150.9886895821,0.0045702519069975,Normal
2023-11-06,0.991547595,92294769.88,92,600389.1844553781,595314.4519107415,6470.809259899364,0.0070110248590603,Small Whale Orders
2023-11-07,0.958925422,95913754.14,85,252514.31149474648,242142.3927111392,2848.7340318957554,0.0029700996040021,Normal
2023-11-08,0.94155237,92897168.37,97,218790.66957053792,206002.87346802687,2123.7409635879058,0.0022861202347193,Normal
2023-11-09,1.105357522,91570375.39,155,639232.5356549516,706580.491593334,4558.583816731187,0.0049782299104007,Normal
2023-11-10,1.167877918,107230692.2,168,532488.0095059527,621880.9879017763,3701.672547034383,0.0034520643960129,Normal
2023-11-11,1.13788207,113576058.9,130,275087.9843057802,313017.6850139887,2407.828346261452,0.0021200139972997,Normal
2023-11-12,1.086507074,110074996.5,125,414233.5296178768,450067.6602178116,3600.5412817424926,0.0032709892311852,Normal
2023-11-13,1.079130522,105030028.2,114,373048.77606895054,402568.3204507477,3531.3010565855066,0.0033621823369038,Normal
2023-11-14,1.032137376,104903384.6,115,455714.3810948128,470359.8455086642,4090.0856131188193,0.0038989071980036,Normal
2023-11-15,1.094612806,100138675.3,109,386384.8662748927,422941.8226690951,3880.200207973349,0.0038748267803112,Normal
2023-11-16,1.004129762,105734963.8,94,513780.0233404765,515901.8125572272,5488.317154864119,0.0051906360560593,Small Whale Orders
2023-11-17,1.083251767,97416604.1,111,2290820.399432456,2481535.245564854,22356.17338346715,0.022949037887338,Small Whale Orders
2023-11-18,1.178607668,104833692.2,119,1086152.7922486828,1280148.0095639084,10757.546298856374,0.0102615352689603,Small Whale Orders
2023-11-19,1.145356227,114025119.5,106,533458.05815625,610999.5087525891,5764.14630898669,0.0050551548064693,Small Whale Orders
2023-11-20,1.10241189,111252596.3,127,508258.7912356777,560310.5346552389,4411.893973663298,0.0039656548434755,Normal
2023-11-21,0.992620048,106939134.3,115,721428.741259332,716104.6317774178,6226.996798064503,0.0058229354845866,Small Whale Orders
2023-11-22,1.092163982,97001939.1,153,341661.3044368913,373150.1707491094,2438.89000489614,0.002514269330618,Normal
2023-11-23,1.075800278,105919407.9,90,245760.94358210883,264389.691427175,2937.6632380797223,0.0027734891048987,Normal
2023-11-24,1.144229297,104300040.3,121,299944.6003094291,343205.39915100404,2836.4082574463146,0.0027194699534994,Normal
2023-11-25,1.135544062,110946438.4,94,189816.56271126136,215545.07065602345,2293.032666553441,0.0020667924988148,Normal
2023-11-26,1.039423606,109915945.5,104,178140.33567266533,185163.27007893223,1780.4160584512715,0.0016197977921695,Normal
2023-11-27,1.017616424,100766446.7,94,397328.1349582785,404327.6358508327,4301.357828200347,0.0042686409703482,Normal
2023-11-28,1.063172322,98683158.49,139,397786.5341285268,422915.6331497581,3042.5585118687627,0.0030831588271235,Normal
2023-11-29,1.04847097,102995628.3,182,502751.6651050391,527120.5259817954,2896.266626273601,0.0028120286987691,Normal
2023-11-30,1.046637699,101624632.6,134,355597.104408032,372181.3351286853,2777.4726502140693,0.0027330702991531,Normal
2023-12-01,1.074600326,101605700.7,113,357717.1279558016,384402.9423170881,3401.7959497087445,0.0033480365041257,Normal
2023-12-02,1.106590407,103984336.4,99,160885.32145679675,178034.15335120258,1798.3247813252783,0.0017294189140252,Normal
2023-12-03,1.103077203,106936740.6,117,274661.7401302797,302973.1040740218,2589.5137100343745,0.0024215379069019,Normal
2023-12-04,1.244957229,106822044.5,173,573724.9988104866,714263.0847271318,4128.688351023883,0.0038650152881354,Normal
2023-12-05,1.348766208,120689258.0,120,217546.79791367688,293419.76968457224,2445.164747371435,0.0020260003150996,Normal
2023-12-06,1.214142887,131296042.7,141,672613.0086134027,816648.3001116326,5791.831915685338,0.0044112768340772,Normal
2023-12-07,1.291264461,118380566.1,138,202208.63892122748,261104.8291461624,1892.063979320017,0.0015982893490488,Normal
2023-12-08,1.258371366,125235192.8,111,893928.4221342424,1124893.9296672912,10134.179546552174,0.0080921179741675,Small Whale Orders
2023-12-09,1.221568484,122159683.1,120,164549.0849590104,201007.9762569656,1675.0664688080462,0.0013712105551525,Normal
2023-12-10,1.24789703,118325281.3,97,146953.4908820668,183382.82481986328,1890.5445857717864,0.0015977520315193,Normal
2023-12-11,1.130748216,120800885.9,117,223207.89670409664,252391.9309952696,2157.19599141256,0.0017857451750795,Normal
2023-12-12,1.128517779,109473526.9,116,1775311.8246070782,2003470.9573380167,17271.30135636222,0.015776692178867,Small Whale Orders
2023-12-13,1.129292805,109447211.9,106,222815.72133044983,251624.190939362,2373.8131220694527,0.0021689114604749,Normal
2023-12-14,1.189586344,109450651.8,113,950197.2395468962,1130341.6602714844,10003.023542225526,0.0091393001117107,Small Whale Orders
2023-12-15,1.098921607,115272177.8,72,147626.30019889493,162229.73105003405,2253.1907090282507,0.001954670027088,Normal
2023-12-16,1.127639909,106463513.2,73,160229.36534351276,180681.02695508648,2475.082561028582,0.0023248176644132,Normal
2023-12-17,1.079891339,108998814.6,90,176641.003580702,190753.08987906808,2119.47877643409,0.0019444970885344,Normal
2023-12-18,1.067648623,104909592.0,121,120687.23907083747,128851.56460765144,1064.888963699599,0.0010150539558857,Normal
2023-12-19,1.030537852,103235410.1,115,103148.5638494736,106298.49942632136,924.3347776201856,0.0008953660151345,Normal
2023-12-20,1.048952831,99641654.37,101,2302790.8860753765,2415519.019149765,23916.02989257193,0.0240020401545766,Small Whale Orders
2023-12-21,1.106134112,101496607.6,129,1707243.0846891142,1888439.813450734,14639.06832132352,0.0144232094721986,Small Whale Orders
2023-12-22,1.187402183,107099405.9,101,95002.14875914504,112805.75882629956,1116.8887012504906,0.0010428523779985,Normal
2023-12-23,1.183608937,115191187.7,124,128034.02654042494,151542.21805334213,1222.114661720501,0.0010609445792879,Normal
2023-12-24,1.187465052,114907821.2,129,223053.46507904056,264868.1945088631,2053.2418178981634,0.0017868599338633,Normal
2023-12-25,1.173407703,115319640.4,95,339599.0497540502,398488.1409128828,4194.612009609293,0.0036373786763987,Normal
2023-12-26,1.112731666,114065075.2,99,134658.00544383717,149838.226737758,1513.5174417955354,0.001326889443716,Normal
2023-12-27,1.267178472,107841643.3,118,503757.9767677933,638351.2632584237,5409.7564682917255,0.0050163891264551,Small Whale Orders
2023-12-28,1.223317348,122846656.5,118,182731.91454475897,223539.1210958572,1894.399331320824,0.001542084567292,Normal
2023-12-29,1.19676297,119018919.0,110,160359.69325809978,191912.5427718525,1744.6594797441137,0.0014658673548733,Normal
2023-12-30,1.200218841,115801125.6,98,107951.73362551478,129565.70461595609,1322.099026693429,0.0011416979065127,Normal
2023-12-31,1.188676471,116546518.1,109,286286.5242218361,340302.05530686816,3122.0372046501666,0.0026787906284522,Normal
2024-01-01,1.256948472,115061044.8,107,505664.6588845546,635594.4203293421,5940.134769433104,0.0051625941514422,Small Whale Orders
2024-01-02,1.225870369,121841756.9,121,338174.60664749425,414558.2298373936,3426.101073036311,0.002811926846925,Normal
2024-01-03,1.350687352,118470832.0,127,539642.8543456817,728888.7779618904,5739.281716235358,0.0048444681440536,Normal
2024-01-04,1.401338809,130408653.2,163,695183.4781060894,974187.5872456648,5976.610964697331,0.0045829864951763,Normal
2024-01-05,1.41965045,135543180.9,124,356458.0451703272,506045.8242321753,4081.0147115498,0.0030108594799473,Normal
2024-01-06,1.27009156,137563823.8,78,115206.35739734324,146322.6221887092,1875.9310537014,0.0013636805098037,Normal
2024-01-07,1.25007591,123157005.8,74,59160.749717749735,73955.42803969825,999.3976762121384,0.0008114826028127,Normal
2024-01-08,1.25650102,121280778.4,112,541642.7733849799,680574.6972338562,6076.559796730859,0.0050103238756347,Small Whale Orders
2024-01-09,1.323128695,121569124.7,111,431526.3348385318,570964.8762730397,5143.827714171529,0.0042311958129706,Normal
2024-01-10,1.687580256,127868666.2,171,406126.00568864937,685370.2286483083,4008.0130330310426,0.0031344762967669,Normal
2024-01-11,1.878377059,163684322.6,215,1662597.8433887523,3122985.647364307,14525.514638903756,0.0088741025457888,Small Whale Orders
2024-01-12,1.745863878,181708192.9,190,602333.3925462533,1051592.112559698,5534.695329261569,0.0030459250300879,Normal
2024-01-13,1.705514477,168208186.8,158,414750.90995659935,707363.6812799036,4476.985324556352,0.0026615739755161,Normal
2024-01-14,1.62019226,165720237.8,139,299025.8330751277,484479.3402883738,3485.4628797724736,0.0021032210223949,Normal
2024-01-15,1.692013808,157693218.4,153,1543493.8349039122,2611612.881220292,17069.365236733935,0.0108244130026164,Small Whale Orders
2024-01-16,2.073244697,164182953.3,199,349251.2457333905,724083.2931373956,3638.6095132532446,0.0022161920224474,Normal
2024-01-17,2.009814001,201480928.6,167,424933.298391624,854036.8925985966,5113.993368853872,0.00253820220325,Normal
2024-01-18,1.926410008,194974778.6,171,239305.51413433303,461000.5373979646,2695.9095754266937,0.0013826965696714,Normal
2024-01-19,2.158756722,187013550.6,199,287058.8478566848,619690.2174201936,3114.0211930662995,0.0016651313143221,Normal
2024-01-20,2.034172926,209031778.9,154,406679.4480440076,827256.3227717439,5371.794303712622,0.0025698457583726,Normal
2024-01-21,2.310669994,196762476.6,229,351929.5008178432,813192.9375431886,3551.060862634012,0.0018047449513725,Normal
2024-01-22,1.989642064,224123232.4,205,258578.0731191625,514477.8111059536,2509.647859053432,0.0011197624771779,Normal
2024-01-23,2.111123797,193283378.8,268,1851514.7858954333,3908776.92500121,14584.988526123918,0.0075459093361647,Small Whale Orders
2024-01-24,2.411494115,205132830.7,231,4652463.335280122,11219387.953281283,48568.7790185337,0.0236767458689067,Small Whale Orders
2024-01-25,2.433364982,234654160.6,230,453411.2326917741,1103315.0160776167,4797.021809033116,0.0020442943763568,Normal
2024-01-26,2.409252095,235571087.8,195,227241.874316704,547482.9617692457,2807.6049321499777,0.001191829166461,Normal
2024-01-27,2.308072092,234281206.4,160,161749.99574667745,373330.651064025,2333.3165691501563,0.0009959469668968,Normal
2024-01-28,2.24079354,223534641.2,178,107724.5883982301,241388.56178191293,1356.1155156287243,0.0006066690640648,Normal
2024-01-29,2.594568489,217441285.5,249,308602.899928743,800691.359769137,3215.627950880068,0.0014788488503854,Normal
2024-01-30,2.734337546,251665593.5,281,775801.1791424028,2121302.292360144,7549.11847814998,0.0029996625176933,Normal
2024-01-31,2.557869623,263714038.6,212,1394415.417062886,3566732.837148032,16824.211495981282,0.0063797178130134,Small Whale Orders
2024-02-01,2.549133948,248359957.9,227,1025715.498636127,2614686.1985630994,11518.44140336167,0.004637801319003,Normal
2024-02-02,2.866379942,246632719.6,291,1304945.831327001,3740470.556312231,12853.85070897674,0.0052117378139541,Small Whale Orders
2024-02-03,2.933349494,277614138.5,218,224773.12271579943,659338.1257831902,3024.486815519221,0.0010894570542628,Normal
2024-02-04,3.049343188,283292805.3,262,280766.0875200738,856152.1564007489,3267.756322140263,0.0011534907562088,Normal
2024-02-05,2.895065986,295636027.9,301,539507.2998842334,1561909.2330935458,5189.067219579886,0.0017552215325173,Normal
2024-02-06,3.147472494,281381931.0,292,586844.7300241762,1847077.6459999504,6325.60837671216,0.0022480506670174,Normal
2024-02-07,2.958182509,305597144.0,265,824678.0050285797,2439548.0500325584,9205.841698236069,0.0030124109072943,Normal
2024-02-08,2.845925562,286762019.4,256,388375.7642835387,1105288.5152358094,4317.53326263988,0.0015056154478454,Normal
2024-02-09,3.170011318,277244085.4,212,467545.8226669817,1482125.5495379528,6991.158252537513,0.002521661821009,Normal
2024-02-10,3.114851995,308584302.3,233,215306.05648330017,670646.4995725901,2878.311156963906,0.0009327471084921,Normal
2024-02-11,3.142677756,302254917.5,231,206545.86272391025,649107.0883762622,2809.9873955682347,0.0009296746662751,Normal
2024-02-12,3.201691104,303800410.5,180,210850.5091702808,675078.1994843583,3750.434441579768,0.0012345060480356,Normal
2024-02-13,3.232948574,308844515.3,177,446032.260338885,1441999.3600205951,8146.889039664379,0.0026378610064519,Normal
2024-02-14,3.266176241,313702043.9,251,873276.6879839574,2852275.570112372,11363.647689690724,0.0036224334238998,Normal
2024-02-15,3.105652097,316547788.9,220,288091.51866259985,894712.0290624178,4066.8728593746255,0.0012847579423969,Normal
2024-02-16,3.044617848,301607944.7,178,211285.4465807784,643283.4416824885,3613.951919564543,0.0011982283567361,Normal
2024-02-17,3.006000719,295469539.1,204,189809.948753259,570568.8424256498,2796.9060903218124,0.0009465971006152,Normal
2024-02-18,2.93247105,292351038.7,189,226337.7199494937,663728.8112748979,3511.792652248137,0.0012012246195067,Normal
2024-02-19,2.849374459,284952866.4,184,322558.9936056964,919091.3579008156,4995.061727721824,0.001752943141379,Normal
2024-02-20,2.742490269,276080221.0,214,355423.9346642034,974746.6821862696,4554.891038253597,0.0016498433034265,Normal
2024-02-21,2.566127617,266030516.6,203,686932.4855750344,1762756.4222485498,8683.529173638177,0.003264110179771,Normal
2024-02-22,2.681908625,247810884.4,234,260454.40311869225,698514.9101432477,2985.1064536036224,0.0012045905331523,Normal
2024-02-23,2.709320502,259888707.4,208,438841.9064254893,1188963.3742153435,5716.170068342999,0.0021994684284396,Normal
2024-02-24,2.86534913,263263954.4,167,179238.67067998118,513581.3690952406,3075.3375394924587,0.001168157466335,Normal
2024-02-25,2.771750102,278129266.1,209,1319679.5277025383,3657821.8655168223,17501.54002639628,0.0062925920280908,Small Whale Orders
2024-02-26,2.849343386,268763143.2,162,629511.944131199,1793695.6944182336,11072.195644556998,0.0041196852785419,Normal
2024-02-27,2.831032639,276245902.4,181,266306.5864837276,753922.6383161091,4165.318443735409,0.0015078299469955,Normal
2024-02-28,2.958015337,274121994.6,205,442372.3335962756,1308544.1474422636,6383.142182645188,0.0023285771694312,Normal
2024-02-29,3.164036962,287646482.6,215,896725.7801176218,2837273.51307044,13196.620991025302,0.0045877915390248,Normal
2024-03-01,3.469290033,307975706.0,233,536711.6909567768,1862008.5200309225,7991.452875669194,0.0025948322286398,Normal
2024-03-02,3.419245945,337187977.7,175,206384.30734261504,705678.7059928703,4032.449748530688,0.0011959055527532,Normal
2024-03-03,3.295420561,332138855.8,169,172351.0693673645,567969.2577035502,3360.764838482545,0.0010118553670535,Normal
2024-03-04,3.100128476,318495855.8,282,180477.0242612413,559501.9621760171,1984.049511262472,0.0006229435878463,Normal
2024-03-05,2.823620176,299955798.2,201,390443.6038581024,1102464.4374438892,5484.897698725817,0.0018285686529948,Normal
2024-03-06,3.109927465,275777224.2,179,385502.2848007384,1198884.1433220685,6697.676778335578,0.0024286547947405,Normal
2024-03-07,3.240944057,301658427.9,201,246085.1429589792,797548.181588899,3967.901400939796,0.0013153623548867,Normal
2024-03-08,3.086898099,314070898.5,142,198332.5785601211,612232.4597270059,4311.496195260605,0.001372777998806,Normal
2024-03-09,3.125814771,299027115.3,161,222576.94775000084,695734.3109610479,4321.331123981664,0.0014451301915032,Normal
2024-03-10,3.016342149,303448754.1,148,125985.8830396934,380016.52919161145,2567.679251294672,0.000846165692428,Normal
2024-03-11,3.13819637,291999891.5,134,272684.5531038137,855737.6747054604,6386.102050040749,0.0021870220626574,Normal
2024-03-12,3.024011186,305031594.7,144,310140.9411073528,937869.675145202,6512.983855175013,0.0021351833607861,Normal
2024-03-13,3.005630283,293199480.0,147,459633.5156759807,1381488.413797483,9397.880365969271,0.0032052854820783,Normal
2024-03-14,2.869974366,291461010.1,199,600947.0864590402,1724702.7334598312,8666.847906833324,0.0029735874118667,Normal
2024-03-15,2.730294701,278162448.3,218,220650.12541934347,602439.868207419,2763.485633978986,0.0009934790446618,Normal
2024-03-16,2.523570928,264799674.4,235,225041.4950525977,567908.1745083912,2416.6305298229413,0.0009126259446121,Normal
2024-03-17,2.787474862,243185559.6,236,199353.1040369293,555691.7661646111,2354.6261278161487,0.0009682425764461,Normal
2024-03-18,2.593508301,269876526.7,312,127667.31686393949,331106.2460530243,1061.2379681186676,0.0003932309271559,Retail Orders
2024-03-19,2.405627768,251442505.8,264,412251.6159491709,991723.9347301972,3756.530055796201,0.0014939916558038,Normal
2024-03-20,2.762929821,233691296.7,271,412864.76488585793,1140716.3709432906,4209.285501635759,0.001801216203203,Normal
2024-03-21,3.063628331,268330924.4,253,245630.0364592528,752519.1386411296,2974.3839471981405,0.0011084760185017,Normal
2024-03-22,3.082729612,296876252.1,246,292234.4223068074,900879.7072909088,3662.112631263856,0.0012335485258114,Normal
2024-03-23,3.463633272,298408837.1,315,274947.24903933465,952316.4398175096,3023.226793071459,0.0010131157047665,Normal
2024-03-24,3.551034458,337249258.3,275,321912.58314693463,1143122.6752185551,4156.809728067473,0.0012325630452149,Normal
2024-03-25,4.018306626,344330404.8,329,1047357.3018957408,4208602.785997138,12792.1057325141,0.0037150671431249,Normal
2024-03-26,4.032889742,387547726.3,364,366822.32247625466,1479353.9814511037,4064.1592897008336,0.0010486861395116,Normal
2024-03-27,4.177963816,391081827.8,327,523675.6958094636,2187898.108410562,6690.819903396214,0.0017108490928956,Normal
2024-03-28,4.140187321,406009315.1,464,489062.8709476128,2024811.897469166,4363.818744545616,0.0010748075431399,Normal
2024-03-29,4.400217418,402062171.6,531,462493.0492213905,2035069.9708878936,3832.523485664584,0.0009532166307546,Normal
2024-03-30,4.559653198,427235268.7,380,167129.09715908428,762050.7223402713,2005.396637737556,0.0004693893001482,Retail Orders
2024-03-31,5.499221372,442983227.6,493,642251.4962424572,3531883.1543354983,7164.063193378292,0.001617231250987,Normal
2024-04-01,5.339138366,533555295.2,461,479455.8316255043,2559881.025434166,5552.887256907085,0.0010407332298755,Normal
2024-04-02,5.229204832,521059167.5,397,350890.0898521216,1834876.1533556285,4621.854290568333,0.0008870114142206,Normal
2024-04-03,4.866084349,507897191.0,348,197472.6408669304,960918.527078268,2761.260135282379,0.0005436651716552,Normal
2024-04-04,6.255311096,473044644.9,585,591419.9840881126,3699515.988862514,6323.958955320537,0.0013368630262493,Normal
2024-04-05,5.970312373,606456935.6,520,694007.2105529989,4143439.8361157854,7968.153530991895,0.0013138861250071,Normal
2024-04-06,6.487296432,579254743.1,629,789038.7410613506,5118728.209597072,8137.882686163866,0.0014048883989472,Normal
2024-04-07,6.70702246,632244589.3,463,728833.3168148922,4888301.4254737785,10557.886448107512,0.0016699053857933,Normal
2024-04-08,6.463433333,649723703.1,453,542160.3834643994,3504217.4943158617,7735.579457650909,0.0011905952362123,Normal
2024-04-09,6.528677562,627342266.0,360,548761.5456183691,3582687.189767086,9951.908860464127,0.0015863603330791,Normal
2024-04-10,6.956867073,634501993.5,394,513403.898705256,3571682.6780524226,9065.184462061989,0.0014287085864076,Normal
2024-04-11,6.726194167,674646470.6,483,385061.1732908288,2589996.2177269487,5362.311009786643,0.000794832737362,Normal
2024-04-12,6.055024977,654437147.7,432,627323.6722433665,3798460.504096946,8792.732648372561,0.0013435564712783,Normal
2024-04-13,5.867088759,588246249.0,509,596909.394100035,3502120.396265816,6880.39370582675,0.001169645147338,Normal
2024-04-14,6.834173718,576631594.4,491,305723.0054258992,2089364.128669652,4255.324090976887,0.0007379623545263,Normal
2024-04-15,6.468260897,664887810.6,428,1256521.6540640944,8127509.881216545,18989.50906826296,0.0028560471053194,Normal
2024-04-16,5.955422022,625020354.8,366,150955.49614477283,899003.6860825162,2456.29422426917,0.0003929942769712,Retail Orders
2024-04-17,6.020011026,577993971.2,354,1441936.3572344584,8680472.769341713,24521.109517914443,0.0042424507416582,Normal
2024-04-18,5.943755817,583887238.0,341,168065.34151679685,998939.351276553,2929.4409128344664,0.0005017134683177,Normal
2024-04-19,5.711424107,576359162.8,332,311995.3559056574,1781937.7969916165,5367.282521059085,0.0009312392111516,Normal
2024-04-20,6.28344184,555071175.2,354,146941.011722194,923295.3010671644,2608.1788165739104,0.0004698818697681,Retail Orders
2024-04-21,5.883616727,606643749.3,289,83747.11039417272,492735.8995530702,1704.9685105642568,0.0002810493823651,Retail Orders
2024-04-22,6.62841455,569878570.9,397,366811.9963689824,2431381.97384671,6124.387843442594,0.0010746829511013,Normal
2024-04-23,6.501269762,640187900.6,413,173757.05371196687,1129641.47923182,2735.2093928131235,0.0004272510289947,Retail Orders
2024-04-24,6.301088658,630917273.6,395,908842.1589757547,5726695.019834362,14497.962075530031,0.0022979180761377,Normal
2024-04-25,5.916266394,610831898.0,744,325686.63672585285,1926848.903836049,2589.850677198991,0.0004239874645837,Retail Orders
2024-04-26,5.376301749,575175463.7,437,986553.7090775972,5304010.431596323,12137.32364209685,0.0021101949592946,Normal
2024-04-27,5.464384517,520033364.2,347,79419.77322456663,433980.17915197305,1250.6633404955996,0.0002404967501305,Retail Orders
2024-04-28,5.459091577,530093758.2,303,109463.83493550854,597573.099282553,1972.1884464770724,0.0003720452119968,Retail Orders
2024-04-29,4.878288661,529321448.4,417,416692.3183995973,2032745.4119745567,4874.689237349058,0.0009209317423437,Normal
2024-04-30,4.209782244,473838081.2,725,1325396.011356043,5579628.594875093,7696.039441207024,0.0016241918382154,Normal
2024-05-01,4.306040712,408757516.9,532,554369.5610443325,2387137.899350465,4487.101314568543,0.0010977416020623,Normal
2024-05-02,4.545092175,421179828.7,361,231950.84700512773,1054237.9797076285,2920.326813594538,0.0006933681564495,Normal
2024-05-03,5.028013134,439748927.1,403,471330.03851618886,2369853.624108124,5880.530084635542,0.0013372471704287,Normal
2024-05-04,5.096294953,487200951.3,330,259754.6806036437,1323786.4677784764,4011.474144783262,0.0008233715747227,Normal
2024-05-05,5.047835443,492747746.9,300,184814.0321491556,932910.8218462492,3109.7027394874976,0.0006310942584824,Normal
2024-05-06,4.988141921,490156982.8,313,485520.1790318962,2421843.558520427,7737.519356295294,0.0015785798484589,Normal
2024-05-07,4.740296633,483474222.2,275,106896.91876545112,506723.1041019424,1842.6294694616088,0.0003811225883102,Retail Orders
2024-05-08,4.631527563,462052220.7,276,96436.05762969484,446646.258978988,1618.2835470253187,0.0003502382359668,Retail Orders
2024-05-09,4.648955263,448231494.9,310,150031.7565406896,697490.9241869737,2249.970723183786,0.0005019662270019,Normal
2024-05-10,4.350132661,451452567.5,282,175112.47327957556,761762.4893619714,2701.285423269402,0.0005983542054546,Normal
2024-05-11,4.339865499,974109216.4,261,241416.3454448201,1047714.4684906406,4014.231680040769,0.0004120925674921,Retail Orders
2024-05-12,4.207312994,969359873.2,236,92417.59079966608,388829.7306456098,1647.5836044305502,0.0001699661446673,Retail Orders
2024-05-13,3.925918547,938409242.3,335,431850.9977829983,1695411.8417367288,5060.9308708559065,0.0005393095722769,Normal
2024-05-14,3.879549612,877041664.7,237,255012.241550804,989332.642763672,4174.399336555578,0.0004759636291604,Retail Orders
2024-05-15,4.424741346,605278732.6,376,1404339.3654966347,6213838.454328366,16526.166101937142,0.0027303397941884,Normal
2024-05-16,4.256941255,681650119.3,325,215936.28494981345,919228.0798542964,2828.394091859373,0.0004149334111118,Retail Orders
2024-05-17,4.743226043,655942639.1,328,1167007.565131479,5535380.67530965,16876.160595456247,0.0025728104241876,Normal
2024-05-18,5.036373028,735056443.6,323,105742.26748635972,532557.5038878635,1648.7848417580913,0.0002243072428129,Retail Orders
2024-05-19,4.812766031,775662921.0,266,169371.7168767835,815146.445596733,3064.460321792229,0.0003950762939449,Retail Orders
2024-05-20,6.048218674,740079079.7,389,275364.34321478725,1665463.7627854217,4281.397847777433,0.0005785054550539,Normal
2024-05-21,6.418750818,934189512.3,393,359472.4065692199,2307363.803714609,5871.154716831065,0.0006284757685168,Normal
2024-05-22,6.027382098,980081207.2,338,618648.5772574085,3728831.359514474,11032.045442350514,0.0011256256482937,Normal
2024-05-23,6.182728932,928560759.3,354,509167.9667339944,3148047.51917388,8892.789602186102,0.0009576960379943,Normal
2024-05-24,6.71252487,946736987.5,381,287319.6443199468,1928640.2581371968,5062.04792161994,0.0005346836543259,Normal
2024-05-25,6.716163831,1033994491.0,537,219787.40905802487,1476128.2472247086,2748.842173602809,0.000265846887728,Retail Orders
2024-05-26,6.763533732,1033787278.0,354,188955.6249295543,1278007.7430621805,3610.191364582431,0.0003492199450903,Retail Orders
2024-05-27,6.880570978,1040692250.0,357,232700.44016275133,1601111.8951516524,4484.90726933236,0.0004309542296805,Retail Orders
2024-05-28,6.558775275,1059123284.0,277,275315.74647797376,1805734.110817903,6518.895706923838,0.0006154992346409,Normal
2024-05-29,6.222725032,1012855843.0,325,326078.7912291133,2029098.6565857048,6243.38048180217,0.0006164135325822,Normal
2024-05-30,6.254352615,957783869.0,301,329982.7908256184,2063828.730705205,6856.573856163471,0.000715879028462,Normal
2024-05-31,6.175534382,964455190.6,228,219503.85571466977,1355553.6079475104,5945.410561173291,0.0006164527516798,Normal
2024-06-01,6.094762619,952800052.1,276,338826.4507693266,2065066.7864773355,7482.126037961359,0.000785277668853,Normal
2024-06-02,5.851776227,940133004.5,267,87116.94429606108,509788.86360057344,1909.3215865190016,0.0002030905815857,Retail Orders
2024-06-03,6.053811025,903057959.9,256,193851.34385922985,1173539.4026660714,4584.1382916643415,0.0005076239283879,Normal
2024-06-04,6.12497459,933891349.6,288,277800.04291110235,1701518.2039314115,5908.0493192062895,0.0006326270525727,Normal
2024-06-05,6.167517868,945355931.2,283,127464.40199887226,786138.9768619796,2777.8762433285497,0.0002938444824482,Retail Orders
2024-06-06,5.937287795,953173359.2,230,1691717.174200625,10044211.73097326,43670.485786840254,0.0045815890011333,Normal
2024-06-07,5.503148888,925176862.6,305,475779.71026801184,2618286.583494372,8584.54617539138,0.000927881632412,Normal
2024-06-08,5.422565361,854239157.4,287,143996.34145695568,780829.5732952162,2720.660534129673,0.0003184893259178,Retail Orders
2024-06-09,5.341328979,848197783.4,271,172781.5837973225,922883.2805741556,3405.4733600522345,0.0004014951968397,Retail Orders
2024-06-10,5.221129331,835533041.3,218,223021.8682150262,1164426.01759189,5341.403750421514,0.0006392809723132,Normal
2024-06-11,4.932230654,815935804.2,283,273255.8169709176,1347760.716847773,4762.405359886124,0.0005836740262373,Normal
2024-06-12,5.489078073,761924014.9,293,304938.8595290113,1673833.2074463232,5712.7413223424,0.0007497783519911,Normal
2024-06-13,4.962536594,849386871.6,204,732510.0270219754,3635107.814568482,17819.15595376707,0.0020978845505583,Normal
2024-06-14,4.920015321,766824357.0,261,234957.83860200425,1155996.1657109065,4429.104083183549,0.0005775904276842,Normal
2024-06-15,5.341269501,761848704.4,254,105800.7269890067,565110.196250009,2224.84329232287,0.0002920321685228,Retail Orders
2024-06-16,5.719581734,822210430.7,280,225574.7941491188,1290193.47226611,4607.833829521822,0.000560420259519,Normal
2024-06-17,5.230169068,882619721.0,245,383835.2491599613,2007523.2473645024,8193.97243822246,0.0009283695167085,Normal
2024-06-18,5.347110259,809010787.2,345,213555.16975988948,1141903.0390855914,3309.863881407512,0.0004091248143752,Retail Orders
2024-06-19,5.806358421,827191138.8,402,425814.4902276489,2472431.5511171315,6150.327241584904,0.0007435194785218,Normal
2024-06-20,5.867976568,897728060.2,309,441807.5009288029,2592516.0630168533,8390.019621413765,0.0009345836443549,Normal
2024-06-21,6.076195785,910892891.5,300,235569.4281926032,1431365.9666587554,4771.219888862518,0.0005237959296186,Normal
2024-06-22,6.011464968,940240767.2,326,85015.20483461079,511065.925610607,1567.686888376095,0.0001667324948103,Retail Orders
2024-06-23,5.678757213,931171830.4,292,156239.57228562722,887246.5980730405,3038.515746825481,0.0003263109608374,Retail Orders
2024-06-24,6.010600613,880713634.6,357,247308.44230556893,1486472.274921928,4163.787884935373,0.0004727743186156,Retail Orders
2024-06-25,5.64186295,931680384.6,368,233308.5485886836,1316294.8562007688,3576.8881961977413,0.0003839179460382,Retail Orders
2024-06-26,5.385551685,872172685.6,442,295510.5056795484,1591487.1017976943,3600.649551578494,0.0004128367708628,Retail Orders
2024-06-27,5.252881256,832027136.9,1266,269758.92495426623,1417011.6005309755,1119.2824648743883,0.0001345247546906,Retail Orders
2024-06-28,4.925019782,811816624.6,791,285225.42831114616,1404740.8767618176,1775.9050275117795,0.0002187569179661,Retail Orders
2024-06-29,4.961802906,763813223.1,665,88253.92169086533,437898.56511163205,658.4940828746346,8.621140129023705e-05,Retail Orders
2024-06-30,5.052047229,767458281.6,502,95035.4722081711,480123.6940259973,956.4217012470066,0.0001246219793541,Retail Orders
2024-07-01,4.987382937,780560434.0,425,133057.90618603694,663610.7309451874,1561.4370139886762,0.0002000405024358,Retail Orders
2024-07-02,4.10586447,770098641.1,531,403650.6805906097,1657334.987728303,3121.158168979855,0.0004052932965212,Retail Orders
2024-07-03,4.116415553,639226419.9,608,573897.8081523087,2362401.863310774,3885.529380445352,0.0006078486838909,Normal
2024-07-04,3.797484955,637721282.1,462,487301.01911435067,1850518.288642914,4005.4508412184286,0.0006280879992006,Normal
2024-07-05,3.524948729,602018258.0,520,597107.203530925,2104772.2781630782,4047.638996467458,0.0006723448903218,Normal
2024-07-06,4.012828525,551759494.5,433,329303.28756125405,1321437.625702078,3051.8189970024896,0.0005531067480348,Normal
2024-07-07,3.590529662,624200933.7,508,115920.5853013649,416216.2999609519,819.3234251199841,0.00013125956417,Retail Orders
2024-07-08,3.332034635,558361224.0,405,1298253.303696545,4325824.972920062,10681.049315852006,0.0019129282007326,Normal
2024-07-09,3.472538786,519795170.5,421,225197.3397359441,782006.4967370848,1857.497616952696,0.0003573518421046,Retail Orders
2024-07-10,3.624490771,541611192.1,370,220110.6996948928,797789.1996424913,2156.1870260607875,0.0003981060689866,Retail Orders
2024-07-11,3.598736834,563598628.5,381,990326.6261398126,3563924.9071802907,9354.133614646433,0.0016597154679993,Normal
2024-07-12,3.824798473,557802309.9,339,228702.80544076004,874742.1410206353,2580.360297995974,0.0004625940502932,Retail Orders
2024-07-13,3.788206429,591676484.7,314,111094.71694941256,420849.7209757,1340.2857355914011,0.0002265234076813,Retail Orders
2024-07-14,4.209152677,587091298.1,274,142621.59360230793,600316.0625091604,2190.934534704965,0.000373184637857,Retail Orders
2024-07-15,4.611912018,652827883.3,379,319624.6055286282,1474080.55948599,3889.394616058021,0.0005957764237025,Normal
2024-07-16,4.56328148,718261789.9,299,298093.0171295657,1360282.3443846698,4549.439278878494,0.0006333956981773,Normal
2024-07-17,4.535746972,709711484.3,363,408476.5352611253,1852746.2079437005,5103.98404392204,0.0007191632313736,Normal
2024-07-18,4.615819726,707600917.1,371,660451.5731662028,3048525.399488291,8217.04959430806,0.0011612547971227,Normal
2024-07-19,4.607034314,720670903.5,298,120659.8649058623,555884.137943912,1865.383013234604,0.0002588397844529,Retail Orders
2024-07-20,4.568150513,719135473.5,336,102911.15182649104,470113.6310096059,1399.147711338113,0.0001945596849128,Retail Orders
2024-07-21,4.482735801,714195206.1,285,464539.6683131552,2082408.602132046,7306.696849586126,0.0010230671932797,Normal
2024-07-22,4.09960781,700527012.3,298,323653.19026666257,1326851.146548626,4452.5206260021005,0.0006355958510983,Normal
2024-07-23,4.150493974,640999353.5,308,360929.9197512276,1498037.4569637736,4863.757977155109,0.0007587773607879,Normal
2024-07-24,3.767434628,649039750.4,360,248593.8265271272,936560.990365324,2601.5583065703445,0.0004008318912619,Retail Orders
2024-07-25,3.699785625,589849568.1,567,655867.7620637072,2426570.1179842246,4279.665111083288,0.0007255519614719,Normal
2024-07-26,3.91999812,580277127.5,413,874407.6727846414,3427676.433429369,8299.458676584429,0.001430257765344,Normal
2024-07-27,3.968237764,615315200.2,298,137951.3367905919,547423.7042467092,1836.9922961298969,0.0002985449238914,Retail Orders
2024-07-28,3.805080937,624093018.0,270,110286.7912486195,419650.1669830205,1554.2598777148908,0.0002490429844409,Retail Orders
2024-07-29,3.927646576,597020745.6,326,150493.18279621014,591084.0341208768,1813.1412089597447,0.0003036981917835,Retail Orders
2024-07-30,3.687622103,616384108.9,288,201310.7360132983,742357.9196938368,2577.6316656036,0.0004181859376945,Retail Orders
2024-07-31,3.45674858,579013444.5,299,419773.5801681812,1451051.727167877,4853.015809926009,0.000838152525822,Normal
2024-08-01,3.400714456,544257870.2,336,449869.2683997859,1529876.9243572962,4553.2051320157625,0.0008365896721608,Normal
2024-08-02,2.976233613,535305182.3,362,687580.3873404167,2046399.860442108,5653.03828851411,0.0010560402692582,Normal
2024-08-03,2.694656463,466347178.3,380,289132.7326896955,779113.3868071393,2050.298386334577,0.0004396506469297,Retail Orders
2024-08-04,2.457943788,424081300.5,406,973284.511737224,2392278.619581123,5892.311870889465,0.00138942977772,Normal
2024-08-05,2.195846945,384864841.6,551,987603.2753705564,2168625.6350944303,3935.7997007158447,0.0010226446469762,Normal
2024-08-06,2.73103264,346125131.4,632,1207655.213202696,3298145.805122722,5218.585134687851,0.0015077163318305,Normal
2024-08-07,2.486720435,430054298.9,385,488052.8409656726,1213650.972989143,3152.3401895821903,0.0007330098077487,Normal
2024-08-08,2.769228043,391460337.2,406,468420.0424721223,1297161.9175170525,3194.9800924065325,0.0008161695550714,Normal
2024-08-09,2.683191582,437033638.3,333,734122.6133239124,1969791.6162265628,5915.290138818506,0.0013535091170162,Normal
2024-08-10,2.597484389,423218569.1,297,113871.27945934117,295778.87075109506,995.8884537073908,0.0002353130335999,Retail Orders
2024-08-11,2.499666769,409831278.6,297,499928.7127107948,1249655.1900321215,4207.593232431386,0.0010266647403791,Normal
2024-08-12,2.771503827,394465172.4,275,163686.3484872286,453657.3412600097,1649.663059127308,0.0004182024610919,Retail Orders
2024-08-13,2.904689122,439078301.8,285,383079.27807879774,1112726.2118990968,3904.302497891568,0.0008892041537661,Normal
2024-08-14,2.816988242,458847297.0,324,212548.71539425623,598747.2321178243,1847.9852843142723,0.0004027451608403,Retail Orders
2024-08-15,2.690242358,444655206.0,286,439743.8751087113,1183017.599488517,4136.425173036773,0.0009302545246792,Normal
2024-08-16,2.614950849,425975453.8,320,188323.9991507909,492458.001466436,1538.9312545826126,0.0003612722847887,Retail Orders
2024-08-17,2.671263107,412821447.0,239,85642.39430048832,228773.3682900416,957.2107459834374,0.0002318704013416,Retail Orders
2024-08-18,2.924608492,421634654.3,280,560333.3486263145,1638755.6697433162,5852.698820511844,0.0013880971976149,Normal
2024-08-19,2.884140319,462031498.0,275,174224.52273394607,502487.970575506,1827.2289839109308,0.0003954771464327,Retail Orders
2024-08-20,2.769593733,454975567.7,304,156766.62894540248,434179.8730707231,1428.22326668001,0.0003139120796969,Retail Orders
2024-08-21,2.841305779,436936223.8,315,213439.4314059649,606446.6899202421,1925.227587048388,0.0004406198163898,Retail Orders
2024-08-22,2.951363552,448238168.3,326,201846.25764557192,595721.6879227423,1827.367140867308,0.000407677719146,Retail Orders
2024-08-23,3.222687283,466713623.2,332,578889.3194943108,1865579.24819884,5619.214603008552,0.0012039962674499,Normal
2024-08-24,3.468782219,508767324.2,383,220808.1480878515,765935.3778974582,1999.8312738837028,0.000393073843142,Retail Orders
2024-08-25,3.389306403,547473334.9,274,281592.0316611123,954401.6759427869,3483.2177954116305,0.0006362351503471,Normal
2024-08-26,3.336133953,535533353.4,256,149389.80127874642,498384.3882779488,1946.8140167107376,0.000363528061203,Retail Orders
2024-08-27,3.119418388,526992483.5,304,235953.6946223812,736038.2937215928,2421.178597768397,0.0004594332317015,Retail Orders
2024-08-28,3.201115076,493447105.2,336,241484.24026364475,773018.8421243593,2300.651315846308,0.0004662407158947,Retail Orders
2024-08-29,3.302340329,505147579.1,416,144967.90786221804,478733.3685441588,1150.8013666926895,0.0002278148830769,Retail Orders
2024-08-30,3.28818357,521926334.9,328,169287.13046506344,556647.1610076681,1697.095003072159,0.0003251598721105,Retail Orders
2024-08-31,3.195213129,520241978.5,286,271351.1256287063,867024.6791777707,3031.5548222998978,0.0005827201470824,Normal
2024-09-01,2.94407304,505017358.0,285,127943.31779799488,376674.4725772289,1321.6648160604525,0.0002617068097014,Retail Orders
2024-09-02,3.186063854,465673261.0,260,226046.72119895145,720199.2877271947,2769.9972604892105,0.0005948370869611,Normal
2024-09-03,2.846826013,504376001.1,300,101149.81879577388,287955.93535804533,959.8531178601512,0.0001903050731531,Retail Orders
2024-09-04,2.892229994,451576484.8,338,202981.7636883156,587069.9451743665,1736.893328918244,0.0003846288253223,Retail Orders
2024-09-05,2.684129478,457695041.6,253,110427.84336881273,296402.629578197,1171.551895565996,0.0002559677927622,Retail Orders
2024-09-06,2.621597243,424839323.2,296,230846.9525904336,605187.7344660324,2044.553156979839,0.0004812532751393,Retail Orders
2024-09-07,2.699092798,414670619.4,222,101966.87877624788,275218.06813950976,1239.7210276554497,0.0002989652436551,Retail Orders
2024-09-08,2.767234917,427627513.7,210,56816.53701055751,157224.70507863752,748.6890718030359,0.0001750797242499,Retail Orders
2024-09-09,3.026086966,437679297.6,243,304071.7768278937,920147.64058735,3786.6158048862135,0.0008651576224075,Normal
2024-09-10,3.219774096,479016883.1,226,154099.440140555,496165.3855726616,2195.4220600560247,0.0004583183051603,Retail Orders
2024-09-11,3.299463496,509614187.9,233,658806.3962639176,2173707.655404107,9329.21740516784,0.0018306431858993,Normal
2024-09-12,3.429928437,522144605.9,323,351399.05805363384,1205273.6219531726,3731.4972815887695,0.0007146482486699,Normal
2024-09-13,3.454811719,542699333.9,259,1295443.4845933646,4475513.331875352,17279.97425434499,0.0031840787660758,Normal
2024-09-14,3.331768049,547843593.1,260,59419.63599842358,197972.4447027579,761.432479625992,0.0001389872016787,Retail Orders
2024-09-15,3.273707753,527803780.0,247,141526.42960496296,463316.169852176,1875.7739670128583,0.0003553922950329,Retail Orders
2024-09-16,3.223440477,519294072.9,209,328910.1215405075,1060222.1990686613,5072.8334883668,0.0009768710549761,Normal
2024-09-17,3.3271665,510914017.0,203,271454.0592966079,903172.8523806876,4449.127351629002,0.0008708172419605,Normal
2024-09-18,3.419031996,526473441.4,230,173469.40284924922,593097.4386685967,2578.6845159504205,0.0004898033429935,Retail Orders
2024-09-19,3.447005281,539726866.8,241,532815.4293060346,1836617.5986161835,7620.819911270471,0.0014119771277004,Normal
2024-09-20,3.609861677,547211142.4,285,696631.4592406184,2514743.207705296,8823.66037791332,0.0016124781997701,Normal
2024-09-21,3.679695759,573961657.1,249,544684.128192393,2004271.8765041605,8049.284644595022,0.0014024080781397,Normal
2024-09-22,4.096264913,590768288.7,377,1313608.153061553,5380886.986816771,14272.909779354832,0.0024159911850994,Normal
2024-09-23,3.981560568,658735584.0,280,755070.1556969212,3006357.557996482,10736.991278558864,0.0016299394687867,Normal
2024-09-24,4.141475376,640222210.0,243,460951.6941709586,1909020.090934508,7856.049756932131,0.00122708172791,Normal
2024-09-25,4.077841679,666514884.4,307,689969.5702156452,2813586.670667075,9164.77742888298,0.0013750296720129,Normal
2024-09-26,4.536967927,655652269.3,647,993525.6772840634,4507594.132488748,6966.915197045979,0.0010625930120678,Normal
2024-09-27,4.66125234,734213787.7,523,339965.68967847485,1584665.8665335048,3029.953855704598,0.0004126800540202,Retail Orders
2024-09-28,4.47656222,752209785.6,522,197049.02769077136,882102.2328482409,1689.8510207820707,0.0002246515603933,Retail Orders
2024-09-29,4.339403202,724252490.5,367,124787.58178444036,541503.6319652373,1475.4867356001016,0.0002037254624532,Retail Orders
2024-09-30,4.227591356,701382763.5,339,215338.2495683776,910362.1224914436,2685.433989650276,0.0003828771006931,Retail Orders
2024-10-01,3.867164168,683890449.9,346,555950.2163766945,2149950.7559637995,6213.730508565895,0.0009085856527861,Normal
2024-10-02,3.698273052,625695962.7,378,192975.58677037625,713676.41224677,1888.032836631667,0.0003017492439114,Retail Orders
2024-10-03,3.680335282,597398261.2,363,264586.79618822085,973768.1211628524,2682.556807611163,0.0004490399423364,Retail Orders
2024-10-04,3.826703996,594111057.3,364,236889.2223094128,906504.9336207624,2490.3981692878087,0.0004191805788981,Retail Orders
2024-10-05,3.809988305,616874209.2,272,178300.1443900609,679321.4649059433,2497.505385683615,0.0004048646139579,Retail Orders
2024-10-06,3.878729185,614643213.2,223,212376.2814312121,823750.0809890159,3693.9465515202505,0.0006009903749345,Normal
2024-10-07,3.881034569,625104904.1,386,308844.8898976144,1198637.6941516402,3105.2790003928503,0.0004967612603941,Retail Orders
2024-10-08,3.8306165,628371381.7,279,506571.78457088425,1940482.2364116749,6955.133463841129,0.0011068507679367,Normal
2024-10-09,3.722933495,617636587.3,283,311870.5965949794,1161073.4901690818,4102.733180809477,0.0006642633006481,Normal
2024-10-10,3.724256266,598108198.8,445,291141.4460109618,1084285.354598625,2436.5963024688203,0.0004073838658887,Retail Orders
2024-10-11,4.011556342,598156723.1,491,508291.5658737359,2039040.2546658963,4152.831475897956,0.0006942714702554,Normal
2024-10-12,4.175480828,644539994.7,290,433908.087164525,1811774.8990696275,6247.499651964232,0.0009692958859553,Normal
2024-10-13,4.054435557,671309272.8,245,130998.25206713522,531123.9710858418,2167.852943207517,0.0003229290926022,Retail Orders
2024-10-14,4.356105617,651881875.4,371,376635.2420301124,1640662.8933675268,4422.271949777701,0.0006783854739118,Normal
2024-10-15,4.236851524,700667188.2,262,229368.73530942097,971801.2757536728,3709.16517463234,0.000529376177035,Normal
2024-10-16,4.220443775,681471030.4,282,140975.05822515802,594977.3069166306,2109.8486060873424,0.0003096020978102,Retail Orders
2024-10-17,4.189427862,678515779.4,283,230900.18783512432,967339.6802575032,3418.1614143374672,0.0005037703643915,Normal
2024-10-18,4.546415098,673699273.9,257,319619.5586593213,1453123.187104835,5654.175825310642,0.0008392729581819,Normal
2024-10-19,4.861306438,731267271.2,371,355511.5697784926,1728250.6829476724,4658.357635977553,0.0006370253147434,Normal
2024-10-20,5.033507694,781815568.6,379,130826.15315802328,658514.4484973325,1737.5051411539116,0.0002222397725163,Retail Orders
2024-10-21,4.800268144,809499125.0,347,157049.40007790746,753879.2322282904,2172.5626288999724,0.0002683835672953,Retail Orders
2024-10-22,4.875664609,773172737.1,324,1406427.1330332304,6857266.997667457,21164.404313788447,0.0027373448775717,Normal
2024-10-23,4.683558294,781487328.1,268,184878.9366547662,865891.277155331,3230.937601325862,0.0004134344198748,Retail Orders
2024-10-24,4.931816744,753341505.5,362,525489.8743925638,2591619.7613317026,7159.170611413543,0.0009503220729437,Normal
2024-10-25,4.356675711,793545640.5,353,270263.6856121075,1177451.234671609,3335.5559055852946,0.0004203357356337,Retail Orders
2024-10-26,4.508246598,701261445.1,354,268900.34120213945,1212269.0484255846,3424.4888373604085,0.0004883326840921,Retail Orders
2024-10-27,4.509786793,725331697.4,263,72195.91491690304,325588.18360080104,1237.9778844136922,0.0001706774829848,Retail Orders
2024-10-28,4.620334826,725976444.6,249,387729.333289914,1791439.3416611506,7194.53550867932,0.0009910150063675,Normal
2024-10-29,5.041227363,741274849.1,358,503629.8678267804,2538912.6705124388,7091.934833833628,0.0009567213621835,Normal
2024-10-30,5.103174146,811655386.9,339,462217.3427129759,2358775.59316568,6958.040097833864,0.0008572653135968,Normal
2024-10-31,4.772306863,821263382.6,417,159785.82254527448,762546.9775429135,1828.6498262419989,0.0002226630171252,Retail Orders
2024-11-01,4.840272095,768387449.8,315,217292.08823049653,1051752.8311263504,3338.897876591589,0.0004345331092355,Retail Orders
2024-11-02,4.584723066,779137235.1,344,170351.26841003593,781013.3896018488,2270.387760470491,0.0002913976714486,Retail Orders
2024-11-03,4.406525796,737953543.3,353,221857.62276974096,977621.3377741006,2769.465546102268,0.0003752899584596,Retail Orders
2024-11-04,4.108174191,711150560.7,296,336483.07139897003,1382331.0696296587,4670.037397397496,0.0006566875786191,Normal
2024-11-05,4.258959625,662126976.0,297,2108526.287400153,8980128.3262884,30236.122310735354,0.0045665141893773,Normal
2024-11-06,5.137615595,694047540.6,383,306021.8422762114,1572222.589288894,4105.019815375703,0.0005914608978841,Normal
2024-11-07,5.453618162,836850506.4,356,255334.65066453183,1392497.6882520162,3911.5103602584727,0.0004674084953458,Retail Orders
2024-11-08,5.258537734,887519769.5,333,229365.3946773872,1206126.582784843,3622.0017501046336,0.0004081037825382,Retail Orders
2024-11-09,5.584428351,859297431.4,317,336331.44720287086,1878218.8690925715,5924.980659598017,0.0006895145316499,Normal
2024-11-10,5.401571202,911630365.5,346,1011111.2732684944,5461589.535704653,15784.940854637724,0.0017315066996457,Normal
2024-11-11,5.925322183,883260373.5,453,892799.2137332709,5290122.986098708,11677.975686752114,0.001322144187277,Normal
2024-11-12,5.555602419,966526512.3,390,575053.5798844539,3194769.0594606823,8191.715537078672,0.0008475417314301,Normal
2024-11-13,5.420520226,911645843.4,281,486836.7878249201,2638908.6551658497,9391.134004148931,0.0010301296355528,Normal
2024-11-14,5.118140298,886216906.0,305,531491.3730114165,2720247.41424908,8918.843981144526,0.0010063951523335,Normal
2024-11-15,5.253161247,837494938.1,295,215961.365263353,1134479.874850658,3845.69449101918,0.0004591901772855,Retail Orders
2024-11-16,5.424566091,859064189.8,316,288492.2637731653,1564945.3515797404,4952.358707530824,0.0005764829644084,Normal
2024-11-17,5.174075522,888133741.9,376,244503.74868797863,1265080.86112371,3364.576758307739,0.000378836722396,Retail Orders
2024-11-18,5.429870007,846937679.5,345,286478.8670344106,1555543.0077494872,4508.820312317354,0.0005323674245995,Normal
2024-11-19,5.083488029,889333571.0,314,1617150.2484190213,8220763.92893247,26180.77684373398,0.0029438646754665,Normal
2024-11-20,4.922160774,833745704.9,299,229675.64847720915,1130500.4676775318,3780.938018988401,0.0004534881555332,Retail Orders
2024-11-21,5.222909918,806864766.2,351,372955.8629270967,1947914.875458182,5549.615029795391,0.0006877998968689,Normal
2024-11-22,5.15171522,856570818.2,363,185191.50465304425,954053.8931357889,2628.247639492531,0.0003068336655474,Retail Orders
2024-11-23,5.352395901,844350166.0,379,280669.5888567438,1502254.7569321909,3963.7328678949625,0.0004694418296466,Retail Orders
2024-11-24,5.414906743,878185625.1,361,466262.3015949564,2524766.880913229,6993.814074551881,0.0007963935954605,Normal
2024-11-25,5.238252171,888031616.3,350,251107.2392945912,1315363.0413887086,3758.180118253453,0.0004232034140757,Retail Orders
2024-11-26,5.002399248,861139879.1,369,1026165.0505659662,5133287.277275071,13911.34763489179,0.0016154573690665,Normal
2024-11-27,5.638868121,822180503.2,306,390664.6163474534,2202906.25112435,7199.040036354085,0.0008756033508864,Normal
2024-11-28,5.492890636,925300306.0,332,776640.1118665573,4265999.198013806,12849.39517474038,0.0013886729628662,Normal
2024-11-29,5.627910429,905060683.9,423,249770.03024852867,1405683.35808734,3323.1285061166427,0.0003671718996561,Retail Orders
2024-11-30,5.752116195,927339416.0,367,160671.40706854133,924200.602672394,2518.2577729493023,0.0002715572884641,Retail Orders
2024-12-01,5.841988123,948469709.8,360,259200.9115379042,1514248.64667521,4206.2462407644725,0.0004434771292434,Retail Orders
2024-12-02,5.787018146,963434984.4,391,450082.2698233859,2604634.262660803,6661.468702457296,0.0006914289817496,Normal
2024-12-03,6.255125375,954666219.6,394,645938.0860014684,4040423.712426717,10254.882518849536,0.0010741851244245,Normal
2024-12-04,6.400823072,1036589584.0,436,824833.8210578505,5279615.352393008,12109.209523837171,0.0011681778121973,Normal
2024-12-05,6.187630666,1057153350.0,344,1174840.1841854304,7269477.151314856,21132.20102126412,0.0019989721473487,Normal
2024-12-06,6.854315555,1024104187.0,372,426353.603129982,2922362.1338641327,7855.812187806809,0.0007670911111905,Normal
2024-12-07,6.758428927,1134613412.0,370,284321.7297580796,1921568.2029716813,5193.427575599139,0.0004577266160149,Retail Orders
2024-12-08,6.748605945,1119066637.0,367,476243.0848891089,3213976.91394778,8757.430283236457,0.0007825655768554,Normal
2024-12-09,5.711870819,1121417588.0,353,548168.7404390292,3131069.032401676,8869.883944480667,0.0007909528118155,Normal
2024-12-10,5.882889231,947760048.2,373,1275019.113081277,7500796.209665016,20109.373216260097,0.0021217789517982,Normal
2024-12-11,6.13437251,973725747.1,315,619890.8475565504,3802641.374451504,12071.877379211122,0.0012397615463249,Normal
2024-12-12,6.067876667,1009796412.0,306,352844.2385286648,2141015.3220534674,6996.782098213946,0.0006928903702832,Normal
2024-12-13,5.923538931,999292749.6,307,191798.41022623464,1136125.3498790096,3700.734038693842,0.0003703353236751,Retail Orders
2024-12-14,5.857200993,977122505.0,390,527116.002788495,3087424.374958964,7916.4727563050365,0.000810182215208,Normal
2024-12-15,6.198427759,965050878.8,375,165397.08368560908,1025201.8747745252,2733.871666065401,0.0002832878272143,Retail Orders
2024-12-16,6.303987484,1012244652.0,308,365857.5559015483,2306361.453330191,7488.186536786334,0.000739760543263,Normal
2024-12-17,6.025632917,1038889676.0,309,737906.6383182963,4446354.52952354,14389.496859299485,0.0013850842097789,Normal
2024-12-18,5.703608061,997462297.0,340,779655.9012410517,4446851.683124683,13078.975538602008,0.0013112250536124,Normal
2024-12-19,4.81944193,941338200.5,421,1109422.9959012703,5346799.704552799,12700.236827916387,0.0013491683245374,Normal
2024-12-20,5.421774939,799218902.8,492,818123.9410564459,4435683.880615751,9015.61764352795,0.0011280536048312,Normal
2024-12-21,5.050757957,894528258.3,431,157756.24123614113,796788.5906898513,1848.6974261945504,0.0002066673030215,Retail Orders
2024-12-22,4.936310959,828599738.4,354,413140.1418978901,2039388.21005337,5760.98364421856,0.0006952673742503,Normal
2024-12-23,5.273418678,808596763.2,320,242473.4225384972,1278663.875333097,3995.824610415928,0.0004941677721541,Retail Orders
2024-12-24,5.361557691,863654070.2,390,229744.8295445768,1231790.1578122096,3158.436302082589,0.0003657061792519,Retail Orders
2024-12-25,5.307184409,878861645.8,421,184532.59434219208,979348.5076452036,2326.24348609312,0.0002646882472582,Retail Orders
2024-12-26,4.88216267,864384139.5,835,297071.20283065736,1450349.9367918335,1736.9460320860285,0.0002009460785676,Retail Orders
2024-12-27,5.246424836,796098730.3,533,255054.4750608893,1338124.132492392,2510.5518433253137,0.0003153568455484,Retail Orders
2024-12-28,5.414387819,852164783.1,472,155342.86284579692,841086.5043608705,1781.9629329679458,0.0002091101355403,Retail Orders
2024-12-29,5.25726798,879821056.8,418,79940.00440733292,420266.0254917302,1005.4211136165794,0.0001142756366019,Retail Orders
2024-12-30,5.082177081,853685768.7,473,234596.4375953886,1192260.638431531,2520.635599220995,0.0002952650368131,Retail Orders
2024-12-31,4.85816279,824632384.3,394,808870.5327897071,3929624.724326429,9973.666813011245,0.0012094682434133,Normal
2025-01-01,5.07031023,772107026.3,248,316603.6462846287,1605278.7066122545,6472.898010533283,0.0008383420678803,Normal
2025-01-02,5.250776608,805613066.5,267,108789.18723021624,571227.7195117518,2139.429661092703,0.0002655654122378,Retail Orders
2025-01-03,5.539310431,834946599.1,307,365137.79542045953,2022611.5989248955,6588.311397149496,0.0007890697925174,Normal
2025-01-04,5.422447793,880825477.3,295,243561.70006817373,1320700.6029939966,4476.951196589819,0.0005082676775327,Normal
2025-01-05,5.383121128,862430171.6,301,146136.2877408196,786669.3381050935,2613.5193956979847,0.0003030412758924,Retail Orders
2025-01-06,5.373688535,856290337.0,260,3413816.7200648845,18344787.769203976,70556.87603539991,0.0082398309296114,Small Whale Orders
2025-01-07,4.74058324,871849577.5,319,164803.60600388792,781265.2125135945,2449.107249258917,0.0002809093807536,Retail Orders
2025-01-08,4.259428194,771842958.5,397,587365.952530157,2501843.098402616,6301.871784389461,0.0008164707230906,Normal
2025-01-09,3.95962259,692016804.0,418,1136796.4290094462,4501284.820537134,10768.623972576876,0.0015561217459362,Normal
2025-01-10,3.937336356,643060353.7,424,660783.7325051776,2601727.8134460147,6136.150503410412,0.000954210669046,Normal
2025-01-11,3.930639691,642672964.7,406,254113.7560590996,998829.6155949888,2460.17146698273,0.0003828030121247,Retail Orders
2025-01-12,3.952934243,641518556.9,323,180948.94792377565,715279.2924827166,2214.4869736307014,0.0003451945309784,Retail Orders
2025-01-13,3.733420306,643994110.7,379,425658.9971396201,1589163.9433526536,4193.044705415973,0.0006510998525837,Normal
2025-01-14,3.836413708,608737941.1,301,288509.76625864656,1106842.8221665476,3677.218678294178,0.0006040725294121,Normal
2025-01-15,4.040801725,626135692.3,302,208421.15883620505,842188.5781518363,2788.703901165021,0.0004453833147446,Retail Orders
2025-01-16,3.804846398,657363964.9,317,1602056.3078908096,6095578.172471527,19228.95322546223,0.0029251608320798,Normal
2025-01-17,4.356461298,625113742.9,320,423958.8562864522,1846960.3493562727,5771.751091738353,0.000923312142357,Normal
2025-01-18,4.021345916,716598620.1,243,690323.0784453125,2776027.8922266047,11423.983095582736,0.0015941955196604,Normal
2025-01-19,3.662915931,660448399.8,236,257290.23113735305,942432.4865236828,3993.3579937444174,0.0006046434505638,Normal
2025-01-20,3.735872985,602169744.9,232,196499.8461630784,734098.4668373006,3164.217529471124,0.0005254693641236,Normal
2025-01-21,3.791649821,613615103.0,281,819109.0164554412,3105774.55562276,11052.57848976071,0.0018012233459906,Normal
2025-01-22,3.591821776,622626274.7,242,153396.43929310987,550972.6710138541,2276.746574437413,0.000365668245455,Retail Orders
2025-01-23,3.597367447,590633281.0,380,568097.0213809065,2043653.731453336,5378.036135403516,0.00091055419808,Normal
2025-01-24,3.651725234,590187085.6,297,456263.7392856016,1666149.810108428,5609.932020567098,0.0009505345266685,Normal
2025-01-25,3.703443328,601010216.2,297,237955.6524295252,881255.273350012,2967.189472558963,0.0004937003386264,Retail Orders
2025-01-26,3.672369558,609719922.3,280,146260.53346156923,537122.7306211072,1918.2954665039545,0.0003146191220499,Retail Orders
2025-01-27,3.508873366,604859949.2,257,361930.4437777005,1269968.0945161337,4941.510095393516,0.0008169676471271,Normal
2025-01-28,3.139265767,576336124.3,286,252380.09517998272,792288.1930707215,2770.238437310215,0.0004806636822695,Retail Orders
2025-01-29,3.285663972,516648094.0,313,297719.9727469863,978207.7881995948,3125.264499040239,0.0006049116478575,Normal
2025-01-30,3.565849863,540149277.2,362,148180.75953748674,528390.341095983,1459.6418262319974,0.0002702293398962,Retail Orders
2025-01-31,3.720940192,587244725.1,291,235792.2738819252,877368.9488503274,3015.0135699323964,0.000513416884148,Normal
2025-02-01,3.279116086,613150457.7,269,212673.7917549773,697382.0516143604,2592.498333138886,0.0004228160153159,Retail Orders
2025-02-02,2.670047346,540535790.9,337,450418.11088196334,1202637.68155072,3568.657808755845,0.0006602074957541,Normal
2025-02-03,3.105777954,440757627.7,361,835160.950693482,2593824.468705497,7185.109331594175,0.0016301724303872,Normal
2025-02-04,2.816616411,510881920.3,335,1109831.7705635133,3125970.378418378,9331.254860950385,0.0018264993318751,Normal
2025-02-05,2.993033936,462799569.3,319,551912.5501989609,1651892.9924497933,5178.347938714085,0.0011189180548604,Normal
2025-02-06,2.889400539,492358900.1,334,446235.90609419823,1289354.2675897295,3860.342118532125,0.0007840504391711,Normal
2025-02-07,3.143166368,475766181.3,338,830905.6514825211,2611674.6987209897,7726.848221068017,0.0016240852176493,Normal
2025-02-08,3.242078412,517431092.9,262,287350.3689784987,931612.4279454252,3555.7726257458976,0.0006871973243465,Normal
2025-02-09,3.18624496,533381670.8,262,1342936.2501709322,4278923.858708432,16331.77045308562,0.0030619294488672,Normal
2025-02-10,3.46523771,524931879.4,265,122255.311245483,423643.7147756348,1598.6555274552254,0.0003045453305831,Retail Orders
2025-02-11,3.613818781,569385663.0,304,1375463.4505467182,4970675.650164795,16350.906743963142,0.002871675176683,Normal
2025-02-12,3.589295076,595235614.3,267,218625.6321863953,784711.9050940158,2938.995899228524,0.0004937533690225,Retail Orders
2025-02-13,3.410086988,591399598.1,265,473304.0208164747,1614007.8827543417,6090.595783978648,0.0010298613329373,Normal
2025-02-14,3.679616294,562563149.8,296,782830.361903184,2880515.355096873,9731.470794246192,0.0017298450489879,Normal
2025-02-15,3.636265279,607318339.3,249,135823.98378389882,493892.03628885024,1983.502153770483,0.0003266000753503,Retail Orders
2025-02-16,3.543843633,597480536.5,259,247367.75551496423,876632.6453912067,3384.682028537478,0.0005664924331032,Normal
2025-02-17,3.440682161,582804305.0,264,186436.2766019029,641467.971067429,2429.8029207099585,0.0004169157468234,Retail Orders
2025-02-18,3.225926206,565636010.4,263,289133.2733486994,932722.6035221308,3546.473777650687,0.000626988683967,Normal
2025-02-19,3.290094443,529805417.0,257,370908.7770997,1220324.9063956486,4748.345939282679,0.0008962433729292,Normal
2025-02-20,3.547999294,539890233.1,329,218676.01948141403,775862.3627347872,2358.244263631572,0.0004368006900385,Retail Orders
2025-02-21,3.383431088,581765958.7,583,627369.4459691942,2122661.287153508,3640.92845137823,0.000625840752098,Normal
2025-02-22,3.492136962,555265057.9,368,1018450.0737794734,3556567.1465969263,9664.584637491647,0.0017405353533396,Normal
2025-02-23,3.418324023,574000645.7,293,562769.4514926412,1923728.3354478283,6565.625718251975,0.0011438359464291,Normal
2025-02-24,2.934879515,561489048.3,313,755087.6236878276,2216091.1987914336,7080.163574413526,0.0012609620073356,Normal
2025-02-25,2.884888755,481669216.5,379,617201.9380947109,1780558.9307736375,4698.044672225957,0.0009753674329374,Normal
2025-02-26,2.738604834,474461249.2,348,161277.19941394567,441674.5179290136,1269.1796492213034,0.0002674991163896,Retail Orders
2025-02-27,2.93077535,451597328.8,457,400389.78544620087,1173452.513577514,2567.729789009877,0.0005685883474627,Normal
2025-02-28,2.870258419,483737721.2,370,1390428.6376736846,3990889.503301594,10786.187846761064,0.0022297595110019,Normal
2025-03-01,2.85382845,475138829.6,260,523051.9177391176,1492700.4436709534,5741.15555258059,0.0012083111703191,Normal
2025-03-02,3.067620885,472209906.4,269,337442.21844752145,1035144.7967903492,3848.1219211537145,0.0008149176603453,Normal
2025-03-03,2.477662028,509720758.9,308,746673.0754718587,1850003.5264266024,6006.504955930528,0.0011783912762142,Normal
2025-03-04,2.461211153,409755292.3,311,649724.2247021777,1599108.5082112777,5141.828000679349,0.0012548533471813,Normal
2025-03-05,2.526569719,408132958.5,264,412117.1099183852,1041242.6106015864,3944.1007977332815,0.0009663764505147,Normal
2025-03-06,2.441463192,418147902.5,318,547780.8024801485,1337386.666539505,4205.6184482374365,0.0010057729389752,Normal
2025-03-07,2.416169546,404681541.4,301,541839.3048700708,1309175.6272528742,4349.420688547755,0.0010747761495374,Normal
2025-03-08,2.388002911,400733566.2,215,140563.36683374608,335665.7291789466,1561.235949669519,0.0003895945040177,Retail Orders
2025-03-09,2.058591083,395395469.4,309,279927.6581298216,576256.5809111232,1864.9080288385865,0.0004716563980028,Retail Orders
2025-03-10,1.91452168,340555475.1,297,822913.6501924988,1575486.024061475,5304.666747681734,0.0015576512890077,Normal
2025-03-11,2.075667368,317644373.5,310,693013.6458607729,1438465.8102919145,4640.212291264241,0.0014608199226498,Normal
2025-03-12,2.070873551,343023359.0,258,439039.54463109066,909195.3808196096,3524.013103951976,0.0010273391043179,Normal
2025-03-13,2.029324325,343084609.3,277,166439.71078956267,337760.1537512245,1219.3507355639874,0.0003554081711948,Retail Orders
2025-03-14,2.11959484,335968625.3,239,94388.1847444494,200064.70934130164,837.0908340640236,0.0002491574424,Retail Orders
2025-03-15,2.193831709,343169235.7,223,85700.6293321975,188012.75811023035,843.1065386108984,0.0002456824362157,Retail Orders
2025-03-16,2.064950265,354987822.6,208,109717.26022532216,226560.6855773529,1089.2340652757352,0.0003068370225485,Retail Orders
2025-03-17,2.315448516,334210352.8,270,456663.1713147874,1057380.0623326784,3916.222453083994,0.0011717837045663,Normal
2025-03-18,2.393818556,373846175.0,260,646224.4311091421,1546944.0345296075,5949.784748190799,0.0015915061183094,Normal
2025-03-19,2.544965605,386695301.7,276,767951.2866782417,1954409.61091162,7081.194242433405,0.0018312077264199,Normal
2025-03-20,2.507110893,409172708.1,321,339671.9460680737,851595.2360337761,2652.944660541358,0.0006483679404866,Normal
2025-03-21,2.506001815,404867526.1,299,241284.36217893925,604659.049551539,2022.271068734244,0.0004994895708762,Retail Orders
2025-03-22,2.637189181,404610480.4,241,330921.23884642083,872701.910848898,3621.169754559743,0.0008949767566524,Normal
2025-03-23,2.681816146,424837982.8,249,147426.74950959865,395371.4371871393,1587.8370971371055,0.0003737512090308,Retail Orders
2025-03-24,2.849795498,430193107.2,336,256321.870062782,730464.9113438573,2174.0027123329087,0.0005053550779748,Normal
2025-03-25,2.939892723,457619059.2,297,856416.5348591538,2517772.738689302,8477.349288516169,0.0018524904323994,Normal
2025-03-26,2.892557792,472799993.6,328,1189415.8485400956,3440454.080622945,10489.189270191906,0.0022185256793945,Normal
2025-03-27,2.877201551,465936287.8,738,473883.6092877394,1363458.655636162,1847.504953436534,0.0003965145024784,Retail Orders
2025-03-28,2.706775151,463312015.4,468,678895.1828054306,1837616.610951342,3926.5312199815,0.0008474917743265,Normal
2025-03-29,2.503745083,435876785.0,290,289884.20103418734,725796.1429787301,2502.745320616311,0.0005741864230315,Normal
2025-03-30,2.526650958,403045511.6,266,94243.822523108,238121.2444635928,895.1926483593714,0.0002221070878089,Retail Orders
2025-03-31,2.721955206,406297402.9,251,578003.7718911768,1573300.3759868252,6268.128987995319,0.0015427440449423,Normal
2025-04-01,3.037683705,439134645.2,352,1513820.603665477,4598508.180047881,13063.943693317844,0.0029749289508615,Normal
2025-04-02,2.973203047,490566706.3,347,1399789.9620532086,4161859.780336614,11993.832219990243,0.0024448932359171,Normal
2025-04-03,3.178512701,480465949.7,342,830519.8072394357,2639817.7557426183,7718.765367668475,0.001606516626722,Normal
2025-04-04,3.191561719,512067696.7,324,577249.6294360963,1842327.8196151808,5686.196974120928,0.0011104385241961,Normal
2025-04-05,3.062960002,515187905.3,263,613061.7129286687,1877783.5054581189,7139.861237483342,0.0013858751659408,Normal
2025-04-06,2.645441229,495561573.2,311,294010.2087543316,777786.7279856055,2500.921954937638,0.000504664221398,Normal
2025-04-07,2.863527581,425483491.6,393,1100253.101608543,3150605.1025368585,8016.806876684119,0.0018841640239759,Normal
2025-04-08,2.71618127,466200820.9,319,929233.0102832284,2523965.297997022,7912.116921620759,0.0016971477884458,Normal
2025-04-09,3.341925507,438070971.5,332,525616.2525358935,1756570.3612434557,5290.874582058602,0.0012077665324278,Normal
2025-04-10,3.175303595,539424838.7,600,447805.1486959393,1421917.2985137256,2369.862164189543,0.000439331301447,Retail Orders
2025-04-11,3.252225826,513947370.8,361,124271.41136913213,404158.6934881615,1119.553167557234,0.0002178342046607,Retail Orders
2025-04-12,3.450665354,525600079.8,321,216056.1754898757,745537.5592806583,2322.5469136469105,0.0004418848099358,Retail Orders
2025-04-13,3.219003288,558619491.4,289,91010.20709648552,292962.15588514786,1013.7098819555288,0.0001814669730579,Retail Orders
2025-04-14,3.104288172,520293173.8,331,470996.3559066141,1462108.4166960043,4417.245971891251,0.0008489917212692,Normal
2025-04-15,3.049310689,501765020.9,310,159622.76150975825,486739.3928794036,1570.1270738045278,0.0003129207912875,Retail Orders
2025-04-16,3.148488103,492964719.3,273,430442.2949261208,1355242.4446029088,4964.258038838494,0.0010070209579881,Normal
2025-04-17,3.109115733,508240115.0,326,237840.7928400352,739474.5509681472,2268.3268434605743,0.0004463100759885,Retail Orders
2025-04-18,3.174461996,502398724.8,280,252422.54618196865,801305.7797882142,2861.80635638648,0.0005696285072231,Normal
2025-04-19,3.177740823,512105291.5,250,201089.32203539409,639009.7477012653,2556.038990805061,0.0004991237218655,Retail Orders
2025-04-20,3.114427485,513483172.8,243,84307.83918229619,262570.6515503032,1080.5376607008363,0.0002104329251548,Retail Orders
2025-04-21,3.240587862,502849056.2,325,628887.7356044885,2037965.9625605703,6270.664500186371,0.0012470271988921,Normal
2025-04-22,3.466876542,522722866.1,316,159279.7057331173,552203.0754228072,1747.4780867810357,0.0003343029739293,Retail Orders
2025-04-23,3.266589312,560054796.2,385,929220.8710389351,3035382.965823116,7884.111599540562,0.0014077393235509,Normal
2025-04-24,3.436481374,526897793.2,419,810138.8571249031,2784027.0928633763,6644.456068886339,0.0012610521726676,Normal
2025-04-25,3.566132147,556495019.8,407,618599.5274421092,2206007.6609303146,5420.166243072026,0.0009739828839833,Normal
2025-04-26,3.454662425,577974193.9,309,257385.3567849212,889179.5208300859,2877.6036272818315,0.000497877527691,Retail Orders
2025-04-27,3.306915379,559828960.6,287,173321.61796471485,573159.9239606782,1997.072905786335,0.0003567291166298,Retail Orders
2025-04-28,3.375059476,535910302.2,285,462949.3738671907,1562481.6711787286,5482.391828697293,0.0010230054929325,Normal
2025-04-29,3.324983499,546565812.6,298,111621.09700641756,371138.3056866167,1245.430555995358,0.0002278647012462,Retail Orders
2025-04-30,3.432621847,538664692.4,322,427660.66918983066,1467997.3561636526,4558.998000508238,0.0008463517406711,Normal
2025-05-01,3.513354671,554767438.4,377,312777.0744023387,1098896.7953331713,2914.845610963319,0.000525417573059,Normal
2025-05-02,3.613858298,568825745.0,333,271968.38239565626,982855.1955141794,2951.5171036461843,0.0005188789589061,Normal
2025-05-03,3.339425173,585440402.5,267,190786.27023913173,637116.4734993372,2386.2040205967687,0.0004075912783618,Retail Orders
2025-05-04,3.210693775,541645370.2,254,69410.23581575982,222855.0120549421,877.3819372241817,0.0001619845724703,Retail Orders
2025-05-05,3.232410748,520833291.1,294,253706.2831798913,820082.9165858122,2789.397675461946,0.0005355643971165,Normal
2025-05-06,3.209307096,524544144.6,330,213386.51068623483,684822.8429360132,2075.220736169737,0.0003956236586631,Retail Orders
2025-05-07,3.226520925,519486385.7,382,166346.5161864472,536720.5152764231,1405.027526901631,0.0002704647447128,Retail Orders
2025-05-08,3.669651094,523059574.5,444,933345.8549666835,3425053.637758856,7714.084769727153,0.001474800413911,Normal
2025-05-09,3.856150003,595062148.2,334,657973.8118746746,2537245.716634448,7596.544061779785,0.0012765967529204,Normal
2025-05-10,4.091160022,624871861.8,282,261331.42441071232,1069148.6760414212,3791.307361849012,0.0006067335710921,Normal
2025-05-11,3.901610415,664426667.0,297,174652.2174887648,681424.91075701,2294.3599688788213,0.0003453142510426,Retail Orders
2025-05-12,3.832681505,632499702.6,297,94914.3297259658,363776.39610018086,1224.8363505056595,0.000193650106944,Retail Orders
2025-05-13,4.190622889,622023503.5,333,846256.7047855796,3546342.7170441654,10649.677828961458,0.001712102158365,Normal
2025-05-14,4.202725423,683833101.9,349,478131.9987606098,2009457.50674102,5757.757898971402,0.0008419829170266,Normal
2025-05-15,4.05761612,681688037.5,410,763015.5189171374,3096024.069368341,7551.278217971563,0.0011077322473876,Normal
2025-05-16,4.020956134,657989080.0,379,756133.0355794014,3040377.767533035,8022.104927527796,0.0012191851158879,Normal
2025-05-17,3.897475012,652498277.6,362,459347.2700113637,1790294.5066997071,4945.56493563455,0.0007579429870413,Normal
2025-05-18,4.117425381,632362540.6,347,334657.4631959968,1377927.132904271,3970.9715645656215,0.0006279580635497,Normal
2025-05-19,4.121556316,667478559.2,317,284931.1813131746,1174359.909966656,3704.605394216581,0.0005550148904643,Normal
2025-05-20,4.379794218,668298941.3,347,724415.6455586053,3172791.455846317,9143.491227222816,0.0013681738309261,Normal
2025-05-21,4.385852103,710915958.2,359,420832.0468563842,1845707.117714868,5141.245453244756,0.0007231861085608,Normal
2025-05-22,4.64556245,713078011.7,405,425686.3983640895,1977552.747715956,4882.84629065668,0.0006847562553521,Normal
2025-05-23,4.257299158,752179402.6,360,286457.051470778,1219533.364029706,3387.5926778602943,0.0004503703060932,Retail Orders
2025-05-24,4.424053058,692393836.2,356,162789.25976512875,720188.3224734741,2023.0009058243647,0.0002921748866117,Retail Orders
2025-05-25,4.421089531,718395143.4,312,113218.240874544,500547.9794486827,1604.320446950906,0.0002233200574488,Retail Orders
2025-05-26,4.332498889,717771429.6,354,674021.4348917082,2920197.117830512,8249.144400651165,0.0011492717682073,Normal
2025-05-27,4.569396606,703621057.5,364,250197.4263419331,1143251.270756764,3140.800194386715,0.0004463766626806,Retail Orders
2025-05-28,4.498616916,741759944.5,354,476713.01310090936,2144549.2248130804,6058.048657664069,0.0008167128331184,Normal
2025-05-29,4.335143398,730208277.1,660,284589.9056233084,1233738.0505003284,1869.3000765156487,0.0002559954652855,Retail Orders
2025-05-30,3.944558138,704177572.5,435,271808.0728634051,1072162.7457874415,2464.741944338946,0.000350017103724,Retail Orders
2025-05-31,4.006243248,640468737.2,421,272444.90132899355,1091480.5464013063,2592.5903714995407,0.0004047957723641,Retail Orders
2025-06-01,4.115443892,650514637.7,350,134784.72987989514,554698.9933190844,1584.8542666259557,0.0002436308385356,Retail Orders
2025-06-02,4.295729203,668723156.8,313,517843.76577839337,2224516.5872457363,7107.081748388934,0.0010627838554893,Normal
2025-06-03,4.226308423,697968102.3,331,781042.3752061897,3300925.969053846,9972.58600922612,0.0014288025450394,Normal
2025-06-04,4.122121959,685981882.9,326,162335.56726758456,669167.006560432,2052.6595293264786,0.0002992294083116,Retail Orders
2025-06-05,3.986498545,668771075.9,323,231627.02153169003,923380.784318766,2858.7640381385945,0.0004274652629513,Retail Orders
2025-06-06,4.014880513,646154354.4,313,146755.71390053944,589206.6559106789,1882.4493799063223,0.0002913312224993,Retail Orders
2025-06-07,4.099355073,651969454.1,306,146559.30327546762,600798.6233776336,1963.3941940445543,0.0003011481874952,Retail Orders
2025-06-08,4.058140067,665483979.4,266,28456.30715141437,115479.68021001332,434.1341361278696,6.523585083434838e-05,Retail Orders
2025-06-09,4.326975006,658365186.5,312,364820.5988201298,1578569.6127686547,5059.517989643124,0.0007684971947773,Normal
2025-06-10,4.46620772,703423318.7,299,263212.24216786405,1175560.5479686242,3931.6406286576057,0.0005589295270909,Normal
2025-06-11,4.021187364,725876868.2,342,828614.6376063621,3332014.710368143,9742.73307125188,0.001342201893747,Normal
2025-06-12,3.872382786,653100597.4,344,359758.9575733107,1393124.3944161928,4049.7802163261417,0.0006200852108309,Normal
2025-06-13,3.826807218,629528718.3,337,1155324.2182711351,4421203.057610187,13119.296906855154,0.0020839870406997,Normal
2025-06-14,3.710903172,621587264.2,292,113353.30849196766,420643.1520395374,1440.558739861429,0.0002317548673902,Retail Orders
2025-06-15,3.697098035,603036589.0,281,162934.39973393228,602384.4490902255,2143.716900676959,0.0003554870367371,Retail Orders
2025-06-16,4.076623205,600286987.7,291,200332.06885718936,816678.360608876,2806.454847453182,0.0004675188543076,Retail Orders
2025-06-17,3.934691685,662188804.4,323,437503.2027797945,1721440.2141385267,5329.536266682745,0.0008048363595503,Normal
2025-06-18,3.773971088,641730491.7,330,578605.5811104258,2183640.734466186,6617.093134746017,0.0010311327294448,Normal
2025-06-19,3.895795686,611991869.1,388,2335268.839786391,9097730.271690046,23447.75843219084,0.0038313839800965,Normal
2025-06-20,3.659922803,635610081.6,352,284419.40305568505,1040953.0588591496,2957.253008122585,0.0004652621306254,Retail Orders
2025-06-21,3.481965215,596579570.4,325,104883.5745697316,365200.9582766639,1123.695256235889,0.0001883563085277,Retail Orders
2025-06-22,3.2681055,564342487.6,349,84251.21126547006,275341.8469183446,788.94512010987,0.0001397989939522,Retail Orders
2025-06-23,3.601060563,531959030.0,296,580297.6702947029,2089687.0552990308,7059.7535651994285,0.0013271235503229,Normal
2025-06-24,3.540482444,587694988.7,290,997172.722487372,3530472.517602225,12174.043164145603,0.002071490041301,Normal
2025-06-25,3.357026205,576322453.8,293,242291.96546121905,813380.4773142672,2776.042584690332,0.0004816821844067,Retail Orders
2025-06-26,3.334207879,546102361.5,488,230265.63908923065,767753.5081142832,1573.2653854800883,0.0002880898337737,Retail Orders
2025-06-27,3.446600885,542357332.9,401,343984.3268720219,1185576.68542324,2956.550337713816,0.0005451295959999,Normal
2025-06-28,3.568150103,561091662.9,322,70129.76139713441,250233.51535255057,777.122718486182,0.0001385019186472,Retail Orders
2025-06-29,3.714915723,580749954.6,324,79235.07075157615,294351.6101480476,908.4926239137272,0.0001564343856969,Retail Orders
2025-06-30,3.458001747,605009483.4,310,271534.4041163017,938966.4438047752,3028.9240122734686,0.0005006407495055,Normal
2025-07-01,3.309790229,563020281.6,303,2241840.710216098,7420022.47764766,24488.52302854013,0.0043494921637544,Normal
2025-07-02,3.529495246,545272823.4,305,376283.37332028645,1328090.3772827943,4354.394679615719,0.0007985717411082,Normal
2025-07-03,3.522759085,580941868.1,331,118238.38691369664,416525.35169596993,1258.3847483261932,0.0002166111305493,Retail Orders
2025-07-04,3.333392145,579924904.3,317,152735.4221738673,509127.0565376281,1606.0790427054517,0.0002769460374605,Retail Orders
2025-07-05,3.347498533,548925273.3,299,86526.48093905648,289647.26800914406,968.7199598968028,0.0001764757439702,Retail Orders
2025-07-06,3.421480919,551054655.7,279,81320.1026821238,278235.17965800734,997.2587084516392,0.0001809727398428,Retail Orders
2025-07-07,3.398432455,563417005.5,272,207696.8250298357,705843.6309818502,2595.013349197978,0.0004605848463688,Retail Orders
2025-07-08,3.450635921,559432199.0,356,64773.045254574696,223508.196667994,627.8320131123428,0.0001122266494911,Retail Orders
2025-07-09,3.715590859,568320074.0,297,360364.84623028594,1338968.3285581912,4508.3108705663,0.0007932696867164,Normal
2025-07-10,4.049610452,611485922.5,364,218089.01980204493,883175.574056796,2426.306522134055,0.0003967886148898,Retail Orders
2025-07-11,3.953344224,666678267.5,391,487540.79006177967,1927416.5663551327,4929.454133900596,0.0007394052535094,Normal
2025-07-12,3.847343594,650866262.1,371,91757.7942126796,353023.7617637231,951.5465276650218,0.0001461969352344,Retail Orders
2025-07-13,3.920670343,633520994.5,308,189358.2603828036,742411.3156849296,2410.4263496263948,0.0003804808949589,Retail Orders
2025-07-14,4.04119346,645810135.8,319,467152.2252880909,1887852.5176586795,5918.032970716863,0.0009163735040153,Normal
2025-07-15,4.061572102,665560108.0,299,289891.5304158966,1177415.3525432902,3937.8439884390978,0.0005916586557857,Normal
2025-07-16,4.212262362,669022984.4,367,423486.0510392157,1783834.3536244992,4860.584069821523,0.0007265197434405,Normal
2025-07-17,4.17406059,694184219.1,377,488783.7650578816,2040213.0507599225,5411.705704933481,0.0007795777483892,Normal
2025-07-18,4.478327825,688389216.1,343,506601.02879518975,2268725.483427125,6614.360009991617,0.0009608459655229,Normal
2025-07-19,4.478061614,738757427.9,345,259097.4338366244,1160254.2727496922,3363.055863042586,0.0004552314110197,Retail Orders
2025-07-20,4.62215902,738542392.2,381,325761.141902456,1505719.8004099368,3952.020473516895,0.000535110850136,Normal
2025-07-21,4.598781326,762152846.0,418,402507.5202757764,1851044.0678188067,4428.335090475614,0.0005810297912966,Normal
2025-07-22,4.865217979,758581773.3,386,2704781.1416713176,13159349.83971944,34091.57989564622,0.0044941206202912,Normal
2025-07-23,4.367368933,803785101.5,368,549357.0898518383,2399245.0873422083,6519.687737342957,0.0008111232374394,Normal
2025-07-24,4.267178174,724676052.3,380,384584.9310463207,1641092.4238101544,4318.664273184617,0.0005959441131631,Normal
2025-07-25,4.482642535,707330525.7,418,612282.6663171866,2744644.323476632,6566.134745159407,0.0009282979465167,Normal
2025-07-26,4.443788787,742943745.4,361,171750.7980604055,763224.2705791313,2114.1946553438543,0.0002845699514174,Retail Orders
2025-07-27,4.429167423,736797684.9,399,211324.4162267373,935991.2200359572,2345.8426567317224,0.0003183835542385,Retail Orders
2025-07-28,4.507064357,733730085.9,406,513212.4445771088,2313081.516522325,5697.245114587007,0.0007764769666762,Normal
2025-07-29,4.363715558,747062311.2,343,612873.3099991548,2674404.7979262685,7797.098536228188,0.0010437012307184,Normal
2025-07-30,4.320570728,723659450.2,305,1197414.812286996,5173515.387240808,16962.345531937077,0.0023439679433812,Normal
2025-07-31,4.036300398,716379103.9,548,355245.90524417936,1433879.1887249514,2616.5678626367726,0.0003652490487776,Retail Orders
2025-08-01,3.920366975,669709199.1,469,596319.8806240722,2337792.766534555,4984.632764466001,0.0007442980880604,Normal
2025-08-02,3.734281083,650507795.2,368,167753.4357095887,626438.4815785737,1702.278482550472,0.0002616845632152,Retail Orders
2025-08-03,3.97471935,619856266.1,335,155498.96259920322,618064.7355479794,1844.9693598447143,0.0002976447058368,Retail Orders
2025-08-04,4.05222597,659910478.9,361,499317.1809270844,2023346.04781992,5604.836697562106,0.0008493328832881,Normal
2025-08-05,3.87025896,671892959.6,326,494140.4042624769,1912451.3270948727,5866.415113787955,0.0008731175152185,Normal
2025-08-06,4.006875032,640853419.5,343,1081292.848556937,4332605.317162948,12631.502382399263,0.0019710439233131,Normal
2025-08-07,5.0194917,666007808.4,449,1009240.623690136,5065874.933915461,11282.572235891896,0.0016940600535895,Normal
2025-08-08,5.4393147,834402599.5,638,1546830.449071545,8413697.600042457,13187.613793169994,0.001580485703313,Normal
2025-08-09,5.669012122,908366099.0,513,1082220.8960459428,6135123.378366152,11959.304831123103,0.0013165732235371,Normal
2025-08-10,5.467020628,950092807.6,432,328340.9456247039,1795046.7227472826,4155.200747100192,0.000437346826948,Retail Orders
2025-08-11,5.430765895,916248876.6,475,1034382.409510618,5617488.711958189,11826.292025175131,0.0012907292251271,Normal
2025-08-12,5.705210628,909159958.7,532,1487525.2393957176,8486644.805218693,15952.339859433634,0.0017546241128176,Normal
2025-08-13,5.641020772,956305068.4,540,677645.6923103499,3822613.426379005,7078.913752553713,0.0007402359337483,Normal
2025-08-14,5.461831499,947338510.0,742,588285.0716503307,3213113.934731248,4330.342230096021,0.0004571061119531,Retail Orders
2025-08-15,5.293590351,914501036.6,457,205445.7079877636,1087545.417458389,2379.749272337832,0.0002602237916739,Retail Orders
2025-08-16,5.43776116,884329023.2,387,199758.9080312629,1086241.2314564134,2806.8248874842725,0.0003173959933292,Retail Orders
2025-08-17,5.566270481,910053023.6,397,173315.31878934687,964719.9428822462,2430.0250450434414,0.0002670201605869,Retail Orders
2025-08-18,5.338795331,932222973.6,357,1685290.1619506867,8997419.248002559,25202.855036421734,0.0027035221991038,Normal
2025-08-19,5.087766864,894619871.7,356,260824.9565664236,1327016.5713228893,3727.5746385474417,0.0004166657545247,Retail Orders
2025-08-20,5.491077732,851745944.4,599,317346.4550573045,1742574.0526943037,2909.1386522442467,0.0003415500445139,Retail Orders
2025-08-21,5.420672912,919267782.8,346,560381.098678021,3037642.6420007474,8779.313994221813,0.0009550333600815,Normal
2025-08-22,5.87888479,907693062.5,453,765065.7409634496,4497733.347900104,9928.771187417447,0.0010938467635823,Normal
2025-08-23,6.097176374,985925195.2,436,1687493.5330774237,10288945.701157456,23598.49931458132,0.0023935385188928,Normal
2025-08-24,5.895883634,1021638426.0,417,432186.1458363105,2548119.2240778403,6110.59765965909,0.000598117445874,Normal
2025-08-25,5.140698974,989511572.9,448,1571254.7138797198,8077347.495534139,18029.79351681728,0.0018220902120403,Normal
2025-08-26,5.203575669,863222342.5,448,932396.4545227787,4851795.504616597,10829.90067994776,0.001254589941287,Normal
2025-08-27,5.091658063,873699379.1,352,2334496.6907940987,11886458.898728589,33768.34914411531,0.0038649849080698,Normal
2025-08-28,4.89761612,854619291.6,412,427064.3593796207,2091597.2907751035,5076.69245333763,0.000594029704599,Normal
2025-08-29,4.638866331,821605590.7,458,495250.934868751,2297402.887158923,5016.163509080618,0.0006105318130572,Normal
2025-08-30,4.806973211,783053452.3,352,161853.72343585768,778026.5126567708,2210.302592774917,0.0002822671410594,Retail Orders
2025-08-31,4.596400601,811479993.1,328,1062670.658481462,4884460.053309258,14891.64650399164,0.0018351218305583,Normal
2025-09-01,4.503580778,778069130.4,307,449843.1391077629,2025904.9144009007,6599.038809123455,0.0008481301405353,Normal
2025-09-02,4.557874114,758935784.0,346,521616.18049464753,2377460.8865201054,6871.274238497414,0.000905382824655,Normal
2025-09-03,4.75339606,769891893.8,340,1187102.7233068596,5642769.407782096,16596.380611123812,0.0021556767573182,Normal
2025-09-04,4.496165741,804239368.0,415,635863.8407570964,2858949.2167527364,6889.034257235509,0.0008565900316925,Normal
2025-09-05,4.727708246,761726013.4,330,1413681.427694362,6683473.342927688,20252.949524023297,0.0026588234047073,Normal
2025-09-06,4.598679776,800872504.9,314,98609.348591056,453472.8170902233,1444.180946147208,0.0001803259491755,Retail Orders
2025-09-07,4.63840701,778741989.5,279,37710.03004170718,174914.46769276517,626.9335759597317,8.050594220073601e-05,Retail Orders
2025-09-08,4.861322327,786223285.3,354,376753.8203234823,1831521.7585210905,5173.790278308165,0.0006580560986989,Normal
2025-09-09,4.736019879,820963204.7,344,292610.7302601613,1385810.2353208305,4028.518125932647,0.0004907062951018,Retail Orders
2025-09-10,4.791026164,802649246.3,357,1209735.483923445,5795874.354996426,16234.942170858336,0.0020226695839679,Normal
2025-09-11,5.336593514,808741581.9,471,1006195.711200422,5369657.506206789,11400.546722307408,0.0014096649631299,Normal
2025-09-12,5.266672693,898483485.9,367,1517647.148147246,7992950.792756427,21779.15747345076,0.0024239908484945,Normal
2025-09-13,5.189863143,889302920.9,373,328501.78282643965,1704879.2951007294,4570.721970779436,0.0005139668231555,Normal
2025-09-14,5.058759056,875685402.2,365,108628.21164993408,549523.9494211888,1505.5450669073666,0.000171927619568,Retail Orders
2025-09-15,4.934183081,854446674.0,354,252127.4780269484,1244043.1363357678,3514.246147841152,0.0004112891131508,Retail Orders
2025-09-16,4.980965026,831569030.7,407,631235.8367302499,3144163.625911221,7725.217754081624,0.0009289929601609,Normal
2025-09-17,5.194540195,844126163.0,363,328513.85987847106,1706478.4497533157,4701.0425613039,0.000556912315642,Normal
2025-09-18,5.275406642,879306654.6,444,549961.3448067328,2901269.7312366907,6534.391286569123,0.0007431299709134,Normal
2025-09-19,5.151233933,894563925.0,368,1350483.1812106243,6956654.7889979575,18903.95323097271,0.0021132031711398,Normal
2025-09-20,5.076376676,877209704.6,388,48190.40048958057,244632.62505240573,630.4964563206333,7.187522584558435e-05,Retail Orders
2025-09-21,5.024145595,858960049.9,339,35813.10824688502,179930.27004184556,530.7677582355326,6.179190269644375e-05,Retail Orders
2025-09-22,4.880716683,850152435.2,529,291076.954020046,1420664.1455224622,2685.565492481025,0.0003158922307679,Retail Orders
2025-09-23,4.70639766,824393843.6,456,137100.62566970877,645250.0638364532,1415.0220698167834,0.0001716439394595,Retail Orders
2025-09-24,4.74009848,796260337.0,458,962146.7836285644,4560670.506614647,9957.795865970844,0.001250570372937,Normal
2025-09-25,4.446792163,804845348.6,1034,1502104.2101112255,6679545.229531903,6459.908345775535,0.0008026272820004,Normal
2025-09-26,4.667677881,751224961.7,629,392469.77004763286,1831922.4646124924,2912.436350735282,0.0003876916368892,Retail Orders
2025-09-27,4.60535998,792097950.7,408,158725.72431165288,730989.0985413992,1791.6399474053903,0.0002261891910996,Retail Orders
2025-09-28,4.82435582,781625302.9,363,103758.6415181316,500568.60608329193,1378.9768762625122,0.0001764242881014,Retail Orders
2025-09-29,4.733254715,817950786.3,396,136192.98545910313,644636.0905742265,1627.868915591481,0.0001990179535073,Retail Orders
2025-09-30,4.474298766,802283836.9,528,259401.7375630164,1160640.87427646,2198.183474008447,0.0002739907465295,Retail Orders
2025-10-01,4.828638486,758731149.2,391,275433.9276529868,1329970.8634153516,3401.4600087349145,0.0004483089975047,Retail Orders
2025-10-02,5.00459122,817548732.7,381,512492.8749918221,2564817.3424966307,6731.804048547588,0.0008234131837395,Normal
2025-10-03,4.875649435,848905405.0,419,152274.40560884494,742436.6196717257,1771.925106615097,0.0002087305718845,Retail Orders
2025-10-04,4.770210732,827052138.1,345,100664.77635203,480192.19648883335,1391.8614390980676,0.0001682918615379,Retail Orders
2025-10-05,4.694406608,808244970.5,338,198548.77911546576,932068.7006899748,2757.5997061833577,0.0003411836518422,Retail Orders
2025-10-06,5.02967472,795794860.6,355,210872.13688974813,1060618.2560667456,2987.6570593429456,0.0003754305546897,Retail Orders
2025-10-07,4.8048452,850545557.7,339,414456.313334768,1991398.427736256,5874.331645239693,0.0006906545560151,Normal
2025-10-08,4.713890724,815598730.8,349,262790.3176816633,1238764.8408766056,3549.4694580991563,0.0004351980114801,Retail Orders
2025-10-09,4.541645602,799541373.6,393,1083459.527135837,4920689.196361472,12520.837649774738,0.0015660024688151,Normal
2025-10-10,3.563346904,772076901.1,465,818736.8359459372,2917443.3695587115,6274.0717624918525,0.0008126226485409,Normal
2025-10-11,3.362282092,611459277.3,676,1257823.4525696596,4229157.269472578,6256.149806912097,0.0010231506887158,Normal
2025-10-12,3.856021062,570865412.9,441,916216.019101292,3532948.2669963767,8011.220560082486,0.0014033466346096,Normal
2025-10-13,3.869388361,659997713.8,392,454773.2386924312,1759694.2766907683,4489.016011966246,0.0006801562972271,Normal
2025-10-14,3.608589942,658167868.7,369,898736.8488538557,3243172.753278798,8789.086052246064,0.001335386680241,Normal
2025-10-15,3.275592991,612371148.5,435,1738744.8006622095,5695420.282186826,13092.920188935232,0.0021380694079083,Normal
2025-10-16,3.224593588,556392490.2,498,720119.4530051325,2322092.5707544177,4662.836487458671,0.0008380480631186,Normal
2025-10-17,3.149737063,547491354.5,432,676693.2944328118,2131405.9497585986,4933.810068885645,0.0009011667542022,Normal
2025-10-18,3.234998072,533235413.0,346,223384.2426198072,722647.5941902564,2088.57686182155,0.0003916800742979,Retail Orders
2025-10-19,3.206406036,547590027.7,312,282237.1673078116,904966.9568393092,2900.5351180747084,0.000529691004465,Normal
2025-10-20,3.193067242,543199921.0,333,597290.4626294348,1907188.6101810727,5727.293123666887,0.0010543619213204,Normal
2025-10-21,3.1229242,539952665.6,312,1102457.7920332912,3442892.118219333,11034.910635318374,0.0020436811110204,Normal
2025-10-22,3.032074394,527757546.4,344,391792.4774611749,1187943.9386718504,3453.325403115844,0.0006543393697867,Normal
2025-10-23,3.09574175,512126429.7,482,1064887.442437679,3296616.514605045,6839.453349802998,0.0013355009531161,Normal
2025-10-24,3.218603649,522232701.2,337,384404.4815760109,1237245.667092502,3671.352127870925,0.0007030107688459,Normal
2025-10-25,3.209889618,542641203.8,276,160615.17594441335,515556.9857572158,1867.9600933232457,0.0003442348425151,Retail Orders
2025-10-26,3.451331732,541688183.5,298,124864.1896940185,430947.74008143344,1446.1333559779646,0.0002669678608519,Retail Orders
2025-10-27,3.282819653,581532115.5,356,1305535.538174546,4285837.72240933,12038.870006767782,0.0020701986504076,Normal
2025-10-28,3.226531374,555147462.5,310,369594.0279599965,1192506.7268559618,3846.795893083748,0.0006929322662775,Normal
2025-10-29,3.281921907,546353561.6,306,102070.973415274,334988.96372040233,1094.7351755568704,0.0002003711977919,Retail Orders
2025-10-30,3.047022444,553122512.0,535,768139.4994791911,2340538.295036022,4374.83793464677,0.0007909347097134,Normal
2025-10-31,3.060798957,514819789.2,373,457249.86354511743,1399549.9054272876,3752.1445185718167,0.000728826785078,Normal
2025-11-01,3.125262797,516662787.1,318,98871.39687986855,308999.0983560751,971.6952778492928,0.0001880714659755,Retail Orders
2025-11-02,3.054425886,527294375.3,296,118687.83319413374,362523.19006141217,1224.7405069642302,0.0002322688358409,Retail Orders
2025-11-03,2.717350172,515133921.2,386,759376.9644309627,2063493.1249093143,5345.837111164027,0.001037756764049,Normal
2025-11-04,2.628265815,457833131.2,425,244956.36548135147,643810.441561282,1514.8480977912518,0.0003308734109785,Retail Orders
2025-11-05,2.724476232,443032132.6,580,420429.6602049173,1145450.6164561333,1974.9148559588505,0.0004457723741997,Retail Orders
2025-11-06,2.592910499,459077462.3,387,2403406.046128928,6231816.770367773,16102.885711544634,0.0035076620034598,Normal
2025-11-07,2.779631292,436203686.5,368,285210.0290680885,792778.7215898883,2154.2900043203485,0.0004938724891588,Retail Orders
2025-11-08,2.762101109,467579394.5,307,269894.83901342703,745476.8341523634,2428.263303427894,0.0005193264142925,Normal
2025-11-09,2.801061727,465944368.7,275,258498.1615179328,724069.3067277458,2632.9792971918027,0.0005650844766163,Normal
2025-11-10,2.919632269,471879513.9,303,434943.6504764433,1269875.517127681,4191.008307352083,0.0008881522049376,Normal
2025-11-11,2.673312811,488307543.2,304,195647.7178141841,523027.55047557136,1720.4853634064848,0.0003523364296467,Retail Orders
2025-11-12,2.582101417,447984646.7,308,152605.25323968896,394042.24063184473,1279.357924129366,0.0002855807522765,Retail Orders
2025-11-13,2.500378351,431942977.7,326,468260.7730675964,1170829.099600742,3591.500305523749,0.0008314755629661,Normal
2025-11-14,2.11449469,416512920.0,377,318996.6685631918,674516.7618045588,1789.169129455063,0.0004295590949387,Retail Orders
2025-11-15,2.327236952,350990900.7,306,172164.43173115834,400667.427344833,1309.370677597493,0.0003730497500038,Retail Orders
2025-11-16,2.431875634,386694895.4,272,165150.9165291633,401626.48984004,1476.5679773530885,0.0003818431520348,Retail Orders
2025-11-17,2.273946273,404477911.7,285,234356.0540307933,532913.0756183091,1869.8704407659968,0.0004622923493911,Retail Orders
2025-11-18,2.419874286,377130645.3,324,186467.3233390463,451227.4809274058,1392.6774102697711,0.0003692824827751,Retail Orders
2025-11-19,2.388045968,399982540.2,313,269968.223438228,644696.5274697834,2059.733314599947,0.0005149558062134,Normal
2025-11-20,2.282624839,395083496.7,340,301262.0893054159,687668.3280975786,2022.553906169349,0.0005119307495916,Normal
2025-11-21,2.140894388,377450164.5,384,776158.7854056646,1661673.9878718837,4327.27601008303,0.0011464496288709,Normal
2025-11-22,2.159295272,352953100.8,323,88152.90522074775,190348.1514562248,589.3131624031726,0.0001669664216201,Retail Orders
2025-11-23,2.22539207,356079494.9,276,46751.41697223219,104040.23259126893,376.9573644611193,0.0001058632608336,Retail Orders
2025-11-24,2.420213597,365965071.9,298,169123.4877156354,409314.9645414432,1373.5401494679302,0.0003753200113707,Retail Orders
2025-11-25,2.470281987,397545135.4,351,652176.0481712596,1611058.7441503068,4589.910951995176,0.0011545634805408,Normal
2025-11-26,2.751253171,405534245.3,337,384456.9929461973,1057738.5209563498,3138.689973164243,0.0007739642236236,Normal
2025-11-27,2.745850029,452287723.8,432,514173.5135143592,1411843.3569944352,3268.1559189686,0.0007225833793388,Normal
2025-11-28,2.751573573,451687348.8,441,99931.09075538564,274967.7484435838,623.5096336589202,0.0001380400924036,Retail Orders
2025-11-29,2.672657734,452776926.9,325,103009.73632326863,275309.7684616847,847.1069798821068,0.0001870914637108,Retail Orders
2025-11-30,2.6596855,439533925.9,266,391663.5458417026,1041701.853753762,3916.172382532939,0.0008909829598509,Normal
2025-12-01,2.474532045,438257416.8,309,490924.4416506229,1214808.262538199,3931.41832536634,0.0008970568836169,Normal
2025-12-02,2.639979952,406350485.8,304,188864.38276591487,498598.1841488696,1640.1256057528603,0.0004036233899225,Retail Orders
2025-12-03,2.746442435,434088116.0,303,205064.0236992046,563196.5365793413,1858.7344441562416,0.0004281928888733,Retail Orders
2025-12-04,2.615017065,451302165.8,302,778271.6551441931,2035193.65940786,6739.051852343907,0.0014932460694926,Normal
2025-12-05,2.420333778,429279669.8,282,242768.59359790327,587581.02732256,2083.620664264397,0.000485376040574,Retail Orders
2025-12-06,2.409265331,397700833.9,237,137269.97879147026,330719.8008893946,1395.4421978455468,0.0003508773628059,Retail Orders
2025-12-07,2.363168134,395652337.9,238,151672.53262455767,358427.69590143004,1505.9987222749162,0.0003806368819323,Retail Orders
2025-12-08,2.390537269,388047300.7,231,83155.58215389361,198786.518264274,860.5476981137402,0.0002217636088593,Retail Orders
2025-12-09,2.352340313,392763366.7,286,2591662.6744871973,6096472.586893631,21316.337716411297,0.005427272379171,Small Whale Orders
2025-12-10,2.38579769,386870025.1,280,77602.93776880925,185144.90966603888,661.2318202358531,0.0001709183388051,Retail Orders
2025-12-11,2.298283098,391753273.8,401,163771.78421857848,376393.9235988621,938.6382134634966,0.0002395993285158,Retail Orders
2025-12-12,2.210200763,377387050.1,265,4236362.383279737,9363211.371869372,35332.87310139386,0.0093625027917707,Small Whale Orders
2025-12-13,2.180329951,363167167.2,225,1779355.6321237434,3879582.378199936,17242.58834755527,0.0047478378842709,Normal
2025-12-14,2.102287974,358322353.8,233,105816.44204818444,222456.633569366,954.7495002977082,0.0002664498851865,Retail Orders
2025-12-15,2.021800526,344638175.2,287,135367.059813347,273685.1927336984,953.606943322991,0.0002766980015401,Retail Orders
2025-12-16,2.037903875,332062770.7,270,141109.92907218117,287568.4712571732,1065.0684120636045,0.0003207430961978,Retail Orders
2025-12-17,1.831291047,334558829.0,298,163364.9066559136,299168.6909529653,1003.92178172136,0.0003000733188605,Retail Orders
2025-12-18,1.762949987,300839993.0,375,567447.5393436181,1000381.6321090136,2667.6843522907025,0.0008867452514169,Normal
2025-12-19,1.820643387,289448160.2,308,104900.85991689852,190987.05689831465,620.08784707245,0.0002142310549301,Retail Orders
2025-12-20,1.921645327,299048868.0,290,94952.61502856882,182465.24895607925,629.1905136416526,0.0002103972229855,Retail Orders
2025-12-21,1.88649628,315106251.6,238,247094.047071944,466142.0006113671,1958.5798345015423,0.0006215617191206,Normal
2025-12-22,1.822920466,309728347.8,269,210456.73100825853,383645.8821624113,1426.1928704922352,0.000460465721211,Retail Orders
2025-12-23,1.689096317,299078006.4,298,207179.7374465235,349946.5314779498,1174.3172197246638,0.000392645796279,Retail Orders
2025-12-24,1.746789047,276666654.0,279,219828.4563148935,383993.939709774,1376.3223645511612,0.0004974659376735,Retail Orders
2025-12-25,1.711747056,286312008.1,261,690146.5973554228,1181356.4062315626,4526.269755676485,0.0015808871537429,Normal
2025-12-26,1.826853376,281756144.7,283,868314.3755446391,1586283.0483930556,5605.240453685708,0.0019893942187681,Normal
2025-12-27,1.899809455,300528913.8,225,128043.47262743472,243258.19994863417,1081.147555327263,0.0003597482657015,Retail Orders
2025-12-28,1.88347772,312557256.4,250,142251.16383681982,267926.8977307198,1071.7075909228793,0.0003428836057964,Retail Orders
2025-12-29,1.863673543,309920278.3,246,148688.57229272084,277106.95832838665,1126.451050115393,0.0003634647775532,Retail Orders
2025-12-30,1.849222486,306465135.8,254,548007.8990554038,1013388.5294388708,3989.718619838074,0.0013018507339907,Normal
2025-12-31,1.881288837,305220031.7,352,655243.6668085412,1232702.5958818558,3501.9960110279994,0.0011473676847232,Normal
2026-01-01,2.031621147,310090275.7,280,978863.5540046544,1988679.8963434324,7102.428201226544,0.0022904388682274,Normal
2026-01-02,2.184294754,337618835.4,293,3047629.21098106,6656920.497683087,22719.86517980576,0.0067294424355465,Small Whale Orders
2026-01-03,2.213664951,369461066.3,260,238904.7438739001,528855.0581412847,2034.0579159280185,0.0005505472975267,Normal
2026-01-04,2.211504873,374447424.5,236,180848.6062189316,399947.5739284254,1694.6931098662092,0.00045258506241,Retail Orders
2026-01-05,2.339282226,374094369.0,313,245977.8619173388,575411.6403727129,1838.3758478361435,0.0004914203474247,Retail Orders
2026-01-06,2.325503054,395368717.3,270,662260.6466079934,1540089.1562309037,5704.0339119663095,0.001442712501616,Normal
2026-01-07,2.175648779,393048095.5,280,377087.3561844855,820409.6460591139,2930.034450211121,0.0007454646094859,Normal
2026-01-08,2.108773004,366070146.3,263,98779.2004328568,208302.9112295136,792.0262784392149,0.0002163591558734,Retail Orders
2026-01-09,2.642921024,354833177.2,247,134846.8692904997,356389.62586844165,1442.87297922446,0.0004066341796475,Retail Orders
2026-01-10,2.064420165,444843126.8,201,187178.2741070072,386414.6035164031,1922.460714011956,0.0004321659925019,Retail Orders
2026-01-11,2.194463963,347484634.7,246,442422.250587398,970879.6853434003,3946.6653875747984,0.001135781267273,Normal
2026-01-12,2.602457213,369702055.5,232,95709.50430810884,249079.88983929247,1073.6202148245366,0.0002904014729841,Retail Orders
2026-01-13,2.73251106,438329623.3,282,155170.54870198685,424005.2405144478,1503.5646826753468,0.0003430214621032,Retail Orders
2026-01-14,2.713630913,460310502.0,282,426693.7213382838,1157889.2726065745,4105.990328392108,0.0008920044862222,Normal
2026-01-15,2.644264939,457999936.2,318,414371.2715432678,1095707.4250707116,3445.620833555697,0.0007523190640906,Normal
2026-01-16,2.828511752,447114412.6,254,203809.6759293528,576478.0635374859,2269.5986753444326,0.0005076102696279,Normal
2026-01-17,2.105124949,478296908.8,217,118759.32432424094,250003.21656134207,1152.088555582222,0.0002408730925049,Retail Orders
2026-01-18,1.932089679,355952362.1,240,105459.3244442533,203756.8723130542,848.9869679710591,0.0002385114016275,Retail Orders
2026-01-19,2.325585534,326694979.6,298,278063.2685876008,646659.9149640809,2169.9997146445667,0.0006642280567952,Normal
2026-01-20,2.151494166,393462486.9,348,2737623.7475578142,5889981.5215736935,16925.23425739567,0.0043016131958971,Normal
2026-01-21,2.27652473,365575522.6,331,1709199.2835116696,3891034.4374125977,11755.391049584889,0.0032155848307292,Normal
2026-01-22,2.394278779,386400218.2,299,112676.18735762707,269778.2042889946,902.2682417692128,0.0002335061418889,Retail Orders
2026-01-23,2.407113543,406170558.5,277,781122.7453893019,1880251.139171929,6787.910249718157,0.0016711970150633,Normal
2026-01-24,2.007788004,407918925.4,258,92703.08922711865,186128.15048395045,721.426939860273,0.0001768554717467,Retail Orders
2026-01-25,2.34253437,340105160.7,262,2456863.059583346,5755286.159457346,21966.741066631093,0.0064588085112908,Small Whale Orders
2026-01-26,2.504608654,397423761.3,276,245853.7257672763,615767.369174863,2231.041192662547,0.0005613758939235,Normal
2026-01-27,2.562689701,419233356.3,278,164176.08648911538,420732.3659961412,1513.425776964537,0.0003609984163286,Retail Orders
2026-01-28,2.431039015,424658308.3,321,236298.36647891064,574450.548091,1789.5655703769469,0.0004214130597234,Retail Orders
2026-01-29,2.391409411,396650286.4,523,159867.47193342494,382308.5768943708,730.9915428190645,0.0001842911924893,Retail Orders
2026-01-30,2.139959899,390195051.2,376,254478.3807302664,544573.5299252244,1448.3338561841074,0.0003711820156944,Retail Orders
2026-01-31,1.933896651,349315408.3,362,144120.58948814718,278714.32535127364,769.9290755560045,0.0002204108542772,Retail Orders
2026-02-01,2.063595268,315705257.6,390,132185.2377829776,272776.83118840744,699.4277722779677,0.0002215445436655,Retail Orders
2026-02-02,2.042287859,336917228.4,260,397800.8956532351,812423.9394919279,3124.707459584338,0.0009274406875609,Normal
2026-02-03,1.94733081,333587582.3,281,215099.95885312487,418870.77710442233,1490.6433348911826,0.0004468521653634,Retail Orders
2026-02-04,1.984685955,318117273.0,286,457968.2327171812,908923.119309961,3178.052864720143,0.0009990192719651,Normal
2026-02-05,1.514451582,324261979.9,489,892782.8188804048,1352076.3524358484,2764.982315819731,0.0008527001274316,Normal
2026-02-06,1.650380977,248827189.1,396,349367.5313206429,576589.5276730407,1456.034160790507,0.0005851587867294,Normal
2026-02-07,1.793925783,271273195.5,240,172840.08124850853,310062.2780875143,1291.9261586979762,0.0004762454161078,Retail Orders
2026-02-08,1.165618901,294893653.1,215,606207.1805468893,706606.5475673737,3286.542081708715,0.0011144838307504,Normal
2026-02-09,1.13499584,201569617.9,229,163585.66248245302,185669.04640122823,810.7818620140972,0.0004022341613091,Retail Orders
2026-02-10,1.13521702,196273994.6,226,604818.7766574323,686600.569277096,3038.055616270336,0.0015478645668071,Normal
2026-02-11,1.103079892,196312243.1,241,585161.6329978504,645480.0309298125,2678.3403773021264,0.0013643267149353,Normal
2026-02-12,1.143928436,190754793.1,247,398780.4637653497,456176.3122224512,1846.8676608196404,0.0009681893863875,Normal
2026-02-13,1.183406907,197818701.8,228,236160.7964246091,279474.3176515033,1225.7645511030846,0.0006196403777547,Normal
2026-02-14,1.29710165,204645684.8,252,505049.19109624944,655100.1391021105,2599.603726595677,0.0012702949144206,Normal
2026-02-15,1.255168556,224306832.9,192,808475.1647131011,1014772.6050548054,5285.2739846604445,0.0023562697205112,Normal
2026-02-16,1.246796213,217055373.9,194,161175.88549868116,200953.4836666773,1035.8426993127696,0.0004772250880966,Retail Orders
2026-02-17,1.219165318,215607550.8,187,139010.36080579628,169476.61073709335,906.2920360272371,0.000420343365835,Retail Orders
2026-02-18,1.191338595,210829360.4,211,507722.4802566976,604869.3862789293,2866.6795558243093,0.0013597155303158,Normal
2026-02-19,1.191380486,206017305.7,184,147367.92702609775,175571.27252116485,954.1916984845916,0.0004631609442917,Retail Orders
2026-02-20,1.219201841,206024549.8,183,117757.91635531557,143570.66841272474,784.5391716542335,0.0003807988768405,Retail Orders
2026-02-21,1.217197957,210835676.3,184,315272.0058774296,383748.4414532993,2085.5893557244526,0.0009892013497548,Normal
2026-02-22,1.127540158,210489146.2,175,136594.1938453972,154015.4389103218,880.088222344696,0.0004181157262657,Retail Orders
2026-02-23,1.189599633,194984689.1,209,259259.4497775389,308414.9463071423,1475.669599555705,0.000756813063819,Normal
2026-02-24,1.190354973,205716588.2,223,128215.4975961534,152621.95517925074,684.4033864540392,0.0003326923669318,Retail Orders
2026-02-25,1.282303083,205847208.7,216,4283471.280874711,5492708.429407601,25429.205691701856,0.0123534372179717,Small Whale Orders
2026-02-26,1.301912779,221747727.6,235,294209.4341252314,383035.0219899975,1629.9362637872232,0.0007350407967775,Normal
2026-02-27,1.318871976,225138818.0,196,264212.4146158828,348462.34934818064,1777.869129327452,0.0007896768514292,Normal
2026-02-28,1.291635841,228071559.3,201,263775.14543144323,340701.4318042395,1695.0319990260673,0.0007432018285087,Normal
2026-03-01,1.260349407,223361634.6,187,256603.1594542836,323409.6398525328,1729.4633147194263,0.0007742884393806,Normal
2026-03-02,1.316645921,217951294.7,185,180120.06070724054,237154.34322046064,1281.9153687592466,0.0005881659801671,Normal
2026-03-03,1.263241833,227686609.4,200,1771592.4886339495,2237949.742670982,11189.748713354911,0.0049145396573132,Normal
2026-03-04,1.301724858,218451479.6,194,190331.24011375936,247758.9065100473,1277.107765515708,0.0005846185010301,Normal
2026-03-05,1.276943912,225106320.8,252,205719.0817233801,262691.72898890066,1042.4274959877011,0.0004630822858652,Retail Orders
2026-03-06,1.232158903,220820970.1,188,128508.37064758368,158342.73300344407,842.2485798055535,0.0003814169367266,Retail Orders
2026-03-07,1.202939545,213076331.6,196,256185.61416638765,308175.8061408599,1572.3255415349995,0.0007379165624489,Normal
2026-03-08,1.182579362,208023449.4,153,133559.56977138034,157944.79080923344,1032.3188941779963,0.0004962512145411,Retail Orders
2026-03-09,1.214956769,204502578.0,169,144921.7657476194,176073.68027050258,1041.8560962751633,0.0005094586613353,Normal
2026-03-10,1.274017905,210101579.1,153,251467.11521109103,320373.60729762784,2093.9451457361297,0.0009966346539163,Normal
2026-03-11,1.292159225,220314977.8,226,1743487.364134856,2252863.281237788,9968.421598397292,0.0045246227460061,Normal
2026-03-12,1.261142088,223452143.0,208,1690920.33674639,2132490.8041260056,10252.35963522118,0.0045881679618625,Normal
2026-03-13,1.272400483,218088372.4,174,294225.3658804361,374372.4976571186,2151.5660784891875,0.0009865569882574,Normal
2026-03-14,1.263665741,220035278.4,169,60360.76407732834,76275.8296651033,451.33627020771183,0.0002051199578038,Retail Orders
2026-03-15,1.29479695,218524785.8,194,163552.10457178525,211766.7661656286,1091.5812688949927,0.000499522864145,Retail Orders
2026-03-16,1.372164185,223908282.9,232,455309.14501637226,624758.9018944373,2692.9263012691263,0.0012026916853593,Normal
2026-03-17,1.342198911,237287341.8,201,125057.62933228296,167852.2139020319,835.0856413036412,0.0003519301261369,Retail Orders
2026-03-18,1.260502365,232105469.1,190,256637.04818375065,323491.6061822367,1702.5874009591405,0.0007335404062476,Normal
2026-03-19,1.245967952,217977745.5,201,365833.7663634658,455817.148648334,2267.747008200666,0.0010403571259069,Normal
2026-03-20,1.266634864,215464320.2,237,211285.67108028388,267621.79725392413,1129.2058955861778,0.0005240802256902,Normal
2026-03-21,1.20176999,219038234.0,169,283196.5433170048,340337.1070301115,2013.829035681133,0.0009193961250076,Normal
2026-03-22,1.168757854,207821199.1,209,127302.79866656676,148786.14577773065,711.8954343432089,0.0003425518847096,Retail Orders
2026-03-23,1.24485979,202112434.8,183,1845355.766355906,2297209.191781102,12553.055692792908,0.0062109269551944,Small Whale Orders
2026-03-24,1.242984366,215272686.5,193,289770.38065930846,360180.0528893892,1866.217890618597,0.0008669088127065,Normal
2026-03-25,1.28894197,214948370.9,227,307669.9652927825,396568.7311743107,1746.9988157458622,0.0008127527593863,Normal
2026-03-26,1.198287087,222895785.5,215,200394.32946429343,240129.93730508647,1116.8834293259836,0.0005010787560745,Normal
2026-03-27,1.169991263,207218903.2,260,342408.61287982465,400615.08544534416,1540.827251712862,0.0007435746584498,Normal
2026-03-28,1.143497134,202325727.4,197,151767.97455809172,173546.2439401628,880.9454007114863,0.0004354094815484,Retail Orders
2026-03-29,1.112223009,189625747.1,185,272414.5595866802,302985.7411589073,1637.7607630211205,0.0008636805856102,Normal
2026-03-30,1.116221516,185124633.6,190,295108.9539114558,329406.96392021934,1733.7208627379964,0.0009365154863636,Normal
2026-03-31,1.111945707,185650483.2,190,207765.18957543976,231023.61061245145,1215.9137400655338,0.0006549477917359,Normal
2026-04-01,1.132402767,184952603.6,207,264449.07665362244,299462.8661331572,1446.680512720566,0.0007821898608409,Normal
2026-04-02,1.085662468,188365776.3,274,533027.1787613285,578687.6024051011,2111.9985489237265,0.0011212220130476,Normal
2026-04-03,1.067245497,180598163.0,224,541473.3978598554,577885.0456112203,2579.843953621519,0.0014284995543512,Normal
2026-04-04,1.057105899,177970128.2,192,169795.13272487244,179491.4364249506,934.8512313799512,0.000525285473936,Normal
2026-04-05,1.025316985,176284704.3,196,180037.462289295,184595.4680215112,941.8136123546489,0.0005342571359746,Normal
2026-04-06,1.018156161,170994423.5,199,401804.9073348377,409100.1419229991,2055.779607653262,0.0012022495035653,Normal
2026-04-07,1.082854236,169838169.6,194,212126.96209630623,229702.57947579664,1184.033914823694,0.0006971541895513,Normal
2026-04-08,1.019757422,180636752.4,201,421390.42810442176,429716.0166192415,2137.890629946475,0.0011835302625527,Normal
2026-04-09,1.065926291,170117612.8,167,595766.2229864754,635042.8803710527,3802.651978269777,0.002235307629634,Normal
2026-04-10,1.085810379,177724187.3,222,169683.5576692687,184244.1680629369,829.9286849681846,0.0004669756534417,Retail Orders
2026-04-11,1.125158193,181073925.5,172,903733.6159497432,1016843.2822753692,5911.879548112612,0.0032648983180698,Normal
2026-04-12,1.038687415,187644736.4,124,313686.2825398922,325821.9939323202,2627.596725260647,0.0014003039870297,Normal
2026-04-13,1.108583161,173262644.9,146,286467.21132441127,317572.7266528709,2175.155662005965,0.0012554094757478,Normal
2026-04-14,1.058316229,184936850.1,166,278894.5885642932,295158.66925786925,1778.0642726377666,0.0009614440127407,Normal
2026-04-15,1.098817544,176560420.9,164,420959.15331433935,462557.30296918185,2820.471359568182,0.0015974539170166,Normal
2026-04-16,1.276906686,183323526.5,168,128492.62531060984,164073.09236081052,976.6255497667293,0.0005327333422023,Normal
2026-04-17,1.432592395,213044068.9,256,671081.4324562781,961386.15656257,3755.414674072539,0.0017627407763392,Normal
2026-04-18,1.360141896,239038311.8,201,351395.1343893344,477947.2443334841,2377.846986733752,0.0009947555974722,Normal
2026-04-19,1.238765058,226965969.8,231,375256.2372563198,464854.3145096868,2012.356339868774,0.0008866335079404,Normal
2026-04-20,1.328794162,206724835.7,197,171489.62806226328,227874.4166126868,1156.7229269679533,0.0005595471502256,Normal
2026-04-21,1.339722289,221767545.9,211,318724.8195141399,427002.7447605954,2023.709690808509,0.0009125364500904,Normal
2026-04-22,1.322816904,223676530.6,150,637163.7298676426,842850.9524846073,5619.006349897382,0.002512112618532,Normal
2026-04-23,1.309843396,220965396.9,134,121196.0585068389,158747.85685641257,1184.6854989284518,0.0005361407331413,Normal
2026-04-24,1.290066172,218823602.6,175,253403.05098588,326906.7039584751,1868.0383083341435,0.0008536731349537,Normal
2026-04-25,1.28373403,215527415.9,137,192183.5083723625,246712.50970239163,1800.8212387035885,0.0008355416090262,Normal
2026-04-26,1.336852208,214570220.4,141,283479.40197877085,378970.06445783935,2687.7309536016974,0.0012526113589254,Normal
2026-04-27,1.319749707,223453120.5,119,376776.0294333832,497250.0544493307,4178.57188612883,0.0018699993433874,Normal
2026-04-28,1.342590786,221165702.0,119,409527.0578740247,549827.2545193542,4620.397096801295,0.0020891110398308,Normal
2026-04-29,1.319021969,225015289.8,152,324226.5096923393,427661.88921638695,2813.5650606341246,0.0012503883905555,Normal
2026-04-30,1.424640102,221075675.8,188,350349.13911789784,499121.4332885342,2654.901240896458,0.0012009015606485,Normal
2026-05-01,1.576118649,240545404.5,234,227371.2681660888,358364.0960033526,1531.470495740823,0.0006366658714283,Normal
2026-05-02,1.601088684,266134927.2,164,73353.52778873431,117445.50327402206,716.1311175245248,0.0002690857322106,Retail Orders
2026-05-03,1.585084381,271650324.9,154,174809.23352779297,277087.38571948616,1799.2687384382218,0.0006623473537536,Normal
2026-05-04,1.889047097,268940316.6,273,3492064.046278893,6596673.449161216,24163.63900791654,0.0089847588912656,Small Whale Orders
2026-05-05,1.969815838,320533458.1,254,2827359.299043099,5569377.126971674,21926.681602250686,0.006840684193227,Small Whale Orders
2026-05-06,1.949718224,334258142.4,234,848295.3664644762,1653936.9353305476,7068.106561241657,0.0021145652609962,Normal
2026-05-07,1.871849255,330854646.1,203,334486.210550887,626107.764027451,3084.274699642616,0.0009322144137913,Normal
2026-05-08,2.070736815,317645858.5,227,288764.900717835,597956.110796241,2634.1678889702243,0.0008292782098307,Normal
2026-05-09,2.012140174,351496513.1,255,107071.35991613998,215442.5847720785,844.8728814591313,0.0002403645128675,Retail Orders
2026-05-10,1.978126041,341560390.8,167,230109.09769863565,455184.7984286844,2725.6574756208643,0.0007980016269558,Normal
2026-05-11,2.150737329,335791984.2,192,373334.64419289306,802944.7554745881,4182.00393476348,0.0012454150579939,Normal
2026-05-12,2.031995071,365139161.2,224,948854.87137204,1928068.421722324,8607.448311260374,0.0023573062618024,Normal
2026-05-13,1.95145035,344989911.3,186,1067583.732351069,2083336.6481508005,11200.734667477422,0.0032466847002193,Normal
2026-05-14,2.018070545,332491108.4,189,1181388.959540986,2384126.261437861,12614.424663692384,0.0037939133844495,Normal
2026-05-15,1.976976518,343857973.5,168,255688.74250868,505490.6398566088,3008.8728562893384,0.0008750336150891,Normal
2026-05-16,1.832655557,336875781.7,193,155822.51548666498,285568.9989123552,1479.6321187168662,0.0004392218731931,Retail Orders
2026-05-17,1.836494228,312279002.9,154,58491.089993821945,107418.54916308256,697.5230465135231,0.0002233653367776,Retail Orders
2026-05-18,1.837324051,312964001.8,170,300338.25857216906,551818.7059101032,3245.9923877064894,0.0010371775568555,Normal
2026-05-19,1.720234117,313119386.3,213,165343.10135835258,284428.84396722715,1335.3466852921465,0.0004264656689166,Retail Orders
2026-05-20,1.844939414,293193657.7,214,638475.6494109822,1177948.890477567,5504.434067652182,0.0018774055724235,Normal
2026-05-21,1.900592201,314457213.3,214,707406.5188334729,1344491.312631458,6282.6696851937295,0.0019979410296433,Normal
2026-05-22,1.831011279,323975402.3,212,840248.9882825073,1538505.3747136097,7257.1008241208,0.0022400159927576,Normal
2026-05-23,1.890359547,312129960.1,217,57445.010581152535,108591.72417959772,500.4226920718789,0.0001603251068598,Retail Orders
2026-05-24,1.820746777,322253325.2,155,51631.290204787736,94007.50523271896,606.5000337594771,0.0001882059815466,Retail Orders
2026-05-25,1.919917726,310400389.9,173,94534.29173566612,181498.0624181608,1049.121748081854,0.0003379898293361,Retail Orders
2026-05-26,1.792522856,327316633.9,187,462413.6068503253,828886.959204606,4432.550583981851,0.0013542087767333,Normal
2026-05-27,1.574876795,305865739.2,266,673898.2204103444,1061306.6695160468,3989.8746974287474,0.0013044529628798,Normal
2026-05-28,1.457264259,268730708.7,323,1006792.4908831462,1467162.7131935924,4542.299421651989,0.0016902792552535,Normal
2026-05-29,1.382094978,248669468.8,278,177193.19375742498,244897.823227918,880.9274216831583,0.0003542563652603,Retail Orders
2026-05-30,1.340963659,235849677.1,219,228769.2247179867,306771.2166444247,1400.7818111617569,0.0005939299253599,Normal
2026-05-31,1.37004968,228837070.3,187,355618.4857942988,487214.9926645634,2605.4277682596976,0.0011385514439789,Normal
2026-06-01,1.420311769,233805105.9,244,501047.6730661744,711643.9068859519,2916.573388876852,0.0012474378511324,Normal
2026-06-02,1.309542384,242247962.6,266,585947.5077626472,767323.0962143557,2884.673294038931,0.0011907936244657,Normal
2026-06-03,1.342950284,223443514.9,258,282412.88143150386,379266.4593236965,1470.0250361383582,0.0006578955924481,Normal
2026-06-04,1.319329309,229149113.7,342,423202.0587703167,558342.8797648193,1632.5815197801733,0.0007124537788601,Normal
2026-06-05,1.225938942,225146651.1,273,582944.2530770677,714654.0608622805,2617.780442718976,0.0011627001467395,Normal
2026-06-06,1.219407817,209185615.2,278,187203.5742856745,228277.50185429168,821.1420930010493,0.0003925423324237,Retail Orders
2026-06-07,1.266347421,208091064.3,148,61692.75140891442,78124.4566410729,527.8679502775196,0.0002536716086551,Retail Orders
2026-06-08,1.272812778,216104603.2,203,186100.4775903559,236871.06586890767,1166.852541226146,0.000539948026996,Normal
2026-06-09,1.248335941,217211368.2,185,114628.46590490162,143094.83385078178,773.4855883826042,0.0003560981153023,Retail Orders
2026-06-10,1.173743748,213037988.2,160,62083.82018011029,72870.49578836068,455.4405986772543,0.0002137837493328,Retail Orders
2026-06-11,1.245764482,200310657.5,168,183954.43629882537,229163.9030474082,1364.070851472668,0.0006809776716312,Normal
2026-06-12,1.252861388,212606539.5,121,1532849.549690745,1920448.0144207217,15871.471193559682,0.0074651848578532,Small Whale Orders
2026-06-13,1.319048735,214073990.8,149,104366.69423682736,137664.75600921895,923.9245369746238,0.0004315912145711,Retail Orders
2026-06-14,1.383227377,225386724.5,150,48990.31835504166,67764.74955663923,451.7649970442615,0.0002004399318755,Retail Orders
2026-06-15,1.352633738,236356098.9,177,180674.24359170208,244386.0774697665,1380.7123020890765,0.0005841661410536,Normal
2026-06-16,1.397546876,231262435.6,162,257490.2746308324,359854.7289107018,2221.3254871030977,0.0009605215310216,Normal
2026-06-17,1.458172938,238946101.7,177,1026454.9648498956,1496748.851819859,8456.208202372085,0.0035389605196359,Normal
2026-06-18,1.40469866,249331097.3,318,294620.14141519275,413852.51785493176,1301.4230121224268,0.0005219657821328,Normal
2026-06-19,1.38600642,240192293.1,170,48479.16189663421,67192.42962495438,395.2495860291434,0.000164555482163,Retail Orders
2026-06-20,1.411175364,236999596.8,195,360205.3404755428,508312.9024603181,2606.7328331298363,0.0010998891425666,Normal
2026-06-21,1.394022423,241306264.7,153,132153.45922883652,184224.8854420144,1204.0842185752576,0.0004989858925014,Retail Orders
2026-06-22,1.356374325,238382864.1,200,112574.20976524928,152692.7677827484,763.463838913742,0.0003202679193389,Retail Orders
2026-06-23,1.309122219,231950327.0,177,206881.730037684,270833.4694974918,1530.132596031027,0.0006596811549358,Normal
2026-06-24,1.252909767,223876660.3,231,257178.71274000875,322221.7210564443,1394.8992253525726,0.0006230659433115,Normal
2026-06-25,1.243154286,214265869.8,372,225972.2131771016,280918.3253280195,755.1567885161815,0.0003524391398504,Retail Orders
2026-06-26,1.272265071,212787515.2,286,135107.1010586427,171892.04552097825,601.0211381852387,0.0002824513165729,Retail Orders
2026-06-27,1.237490396,217772557.0,317,183254.8357841521,226776.0993034454,715.3820167301117,0.0003284996174839,Retail Orders
2026-06-28,1.259541161,211824968.6,251,160410.90131531365,202044.13287974647,804.9567047001856,0.0003800103028553,Retail Orders
2026-06-29,1.348914509,215603620.1,291,179098.12366423375,241588.0575453612,830.1995104651586,0.0003850582425657,Retail Orders
2026-06-30,1.315850191,230905791.7,373,657144.9222837706,864704.2715017797,2318.24201475008,0.0010039774219964,Normal
2026-07-01,1.424046583,225253362.1,221,370600.9972915785,527753.0838494645,2388.0230038437307,0.0010601497716085,Normal
2026-07-02,1.512083402,243777930.5,181,162346.66499845148,245481.6975142129,1356.2524724542147,0.0005563475207425,Normal
2026-07-03,1.477941614,258858307.4,146,1122780.1689642796,1659403.53508626,11365.777637577125,0.0043907331975304,Normal
2026-07-04,1.462286044,252870486.3,200,97506.34102304702,142582.16167950636,712.9108083975318,0.0002819272501227,Retail Orders
2026-07-05,1.418287888,250194348.8,154,175599.93338462422,249051.2586530193,1617.2159652793466,0.000646383890378,Normal
2026-07-06,1.436864317,242671301.4,152,263278.6829172028,378295.7449104862,2488.787795463725,0.001025579778534,Normal
2026-07-07,1.479868663,245866442.2,154,271312.42022926727,401506.74857997993,2607.186679090779,0.0010604076976759,Normal
2026-07-08,1.495349448,253234721.4,144,165617.38756614423,247655.86907623583,1719.8324241405269,0.0006791455826564,Normal
2026-07-09,1.517732265,255894683.5,141,536887.5810454945,814851.6044305495,5779.089393124465,0.0022583858773777,Normal
2026-07-10,1.510125914,259733112.1,117,56477.235567966505,85287.73698226873,728.9550169424678,0.0002806554047147,Retail Orders
2026-07-11,1.528901297,258435313.0,169,232458.45426847425,355406.03222968546,2102.994273548434,0.0008137410670144,Normal
2026-07-12,1.534713208,261652600.2,116,77664.56450077414,119192.83293290602,1027.5244218353969,0.0003927056031738,Retail Orders
2026-07-13,1.462288026,262653795.7,115,33356.42589707721,48776.70217945231,424.1452363430636,0.0001614845257471,Retail Orders
2026-07-14,1.575427514,250261840.7,146,168387.78634023157,265282.7516219542,1817.0051480955767,0.0007260416302434,Normal
2026-07-15,1.586458155,269627100.8,146,266882.35091753,423397.6820386872,2899.9841235526524,0.0010755536498179,Normal
2026-07-16,1.550448512,271518623.1,127,299473.04249126866,464317.5331147002,3656.043567832285,0.0013465166868078,Normal
2026-07-17,1.538456861,265359129.4,99,63408.870903206334,97551.81248930104,985.3718433262732,0.0003713351960244,Retail Orders
2026-07-18,1.531183269,263310276.0,145,201157.77566221217,308009.42052323464,2124.202900160239,0.0008067299660421,Normal
2026-07-19,1.57832616,262082192.1,111,97916.39825461568,154544.01285823827,1392.2884041282728,0.0005312411320174,Normal
2026-07-20,1.592068394,270251496.4,136,1119004.868552876,1781532.2839551582,13099.502087905576,0.0048471524718283,Normal
2026-07-21,1.605075775,273244419.3,140,103949.41460071589,166846.68720104033,1191.7620514360024,0.0004361523849193,Retail Orders
2026-07-22,1.631088914,275495041.0,125,511486.67917268106,834280.2520572348,6674.242016457878,0.0024226359909171,Normal
2026-07-23,1.573129443,279961460.6,139,59534.297024365806,93655.15551733712,673.7780972470297,0.0002406681604685,Retail Orders
2026-07-24,1.475789287,270015732.4,127,97493.66245533472,143880.10260197712,1132.9141937163554,0.0004195734017594,Retail Orders
2026-07-25,1.482473861,253309636.0,142,50180.14877610448,74390.75890166603,523.8785838145495,0.0002068135235939,Retail Orders
2026-07-26,1.557478978,254463081.0,135,113918.08873148644,177425.0284132288,1314.2594697276209,0.0005164833596146,Normal
2026-07-27,1.494264947,267362647.0,118,191739.13878992765,286509.0740617569,2428.0430005233634,0.0009081459312913,Normal
2026-07-28,1.476940603,256514611.1,113,223815.45126911445,330562.12755812303,2925.328562461266,0.0011404140099141,Normal
2026-07-29,1.421920428,253541985.9,131,120761.27994818216,171712.930869747,1310.78573183013,0.0005169896130525,Normal
2026-07-30,1.433485233,244098559.6,144,784040.2406279595,1123910.107017947,7804.931298735741,0.0031974507803428,Normal
2026-07-31,1.43469018,246129708.0,127,497559.6728363224,713843.9765822844,5620.818713246335,0.002283681542923,Normal
2026-08-01,1.384402927,246478886.4,94,57235.20044831777,79236.57902808284,842.9423300859876,0.0003419937270886,Retail Orders
2026-08-02,1.383783637,237840804.7,179,115390.93963477523,159676.09412465672,892.0452185735013,0.0003750597882893,Retail Orders
2026-08-03,1.366612181,237741744.2,140,417297.6480879409,570284.0489796313,4073.457492711652,0.0017133959820219,Normal
2026-08-04,1.348302281,235141652.4,121,123848.59604700789,166985.3445488283,1380.0441698250272,0.00058689906945,Normal
2026-08-05,1.395290552,231999228.9,138,199347.2929836069,278147.3944668026,2015.560829469584,0.000868779107166,Normal
2026-08-06,1.365249777,240087765.4,119,47599.87422231204,64985.71766723956,546.098467791929,0.0002274578493752,Retail Orders
2026-08-07,1.390862095,234923098.2,130,58602.03511114508,81507.3493259508,626.9796101996216,0.0002668871707395,Retail Orders
2026-08-08,1.401131257,239332587.7,128,94055.40681637116,131783.9703802685,1029.5622685958476,0.0004301805610719,Retail Orders
2026-08-09,1.359929394,241100271.0,94,35091.917959052975,47722.53072435263,507.6864970675811,0.0002105706870265,Retail Orders
2026-08-10,1.35316437,234014019.9,130,1328398.9588722598,1797542.1402910375,13827.24723300798,0.0059087259980905,Small Whale Orders
2026-08-11,1.345992701,232852696.5,116,125150.1670588627,168451.21139015982,1452.1656154324123,0.0006236413136973,Normal
2026-08-12,1.330500078,231623049.5,135,110512.56044707044,147036.97029480693,1089.162742924496,0.0004702307241337,Retail Orders
2026-08-13,1.347336012,228958747.7,159,120636.23879400337,162537.54887939218,1022.2487350905168,0.0004464772564313,Retail Orders
2026-08-14,1.303280948,231941842.7,175,56701.06912644281,73897.42312372391,422.2709892784224,0.0001820589956356,Retail Orders
2026-08-15,1.30270814,224359434.6,133,64322.65243778713,83793.64291709615,630.0273903541064,0.0002808116322263,Retail Orders
2026-08-16,1.256261204,224268297.1,125,66864.79663349788,83999.64992401321,671.9971993921057,0.0002996398546213,Retail Orders
2026-08-17,1.324481333,216274831.5,129,127846.63305212802,169330.4789644444,1312.6393718173983,0.0006069311730419,Normal
2026-08-18,1.324267078,228021250.7,113,211415.14975967657,279970.1226171793,2477.611704576808,0.0010865705266376,Normal
2026-08-19,1.451190516,227985825.1,169,216054.6881395261,313536.514365418,1855.245647132651,0.0008137548228355,Normal
2026-08-20,1.514354755,249838777.7,214,1118036.2854322752,1693103.565106903,7911.698902368706,0.0031667217456006,Normal
2026-08-21,1.6527691,260731431.3,206,159541.05092163163,263684.51914479927,1280.021937596113,0.0004909350327323,Retail Orders
2026-08-22,1.677556324,284590270.5,203,161215.62385542388,270448.2893262716,1332.2575828880372,0.0004681318094773,Retail Orders
2026-08-23,1.863235582,288860789.2,219,413471.1151055579,770394.0937938931,3517.7812502004253,0.0012178119640062,Normal
2026-08-24,1.768550606,320836086.6,230,168931.1837985259,298763.3474791804,1298.9710759964364,0.0004048706271672,Retail Orders
2026-08-25,1.713789023,304557495.0,191,157391.8809731978,269736.477921189,1412.2328686973244,0.000463699922636,Retail Orders
2026-08-26,1.753293944,295129284.4,155,102791.25308174004,180223.2815243861,1162.7308485444266,0.0003939733906475,Retail Orders
2026-08-27,1.782266085,302057138.3,268,184056.33715957444,328037.3674488348,1224.0200277941597,0.000405227975966,Retail Orders
2026-08-28,1.699439679,307055325.3,209,117890.17207656257,200347.23619104823,958.5992162251111,0.0003121910409104,Retail Orders
2026-08-29,1.698887254,292787726.5,195,50355.68848437017,85548.63733249105,438.7109606794413,0.0001498392592899,Retail Orders
2026-08-30,1.714606274,292694695.0,166,101431.9520126161,173915.86130489848,1047.6859114752922,0.0003579449608662,Retail Orders
2026-08-31,1.756903007,295414455.5,168,98213.26064417703,172551.17295302937,1027.0903151966031,0.0003476777442925,Retail Orders
2026-09-01,1.82411444,302729005.4,154,379104.7442561216,691530.4382700985,4490.457391364276,0.0014833257835439,Normal
2026-09-02,1.849429738,314310092.4,138,87525.82381319109,161872.86140306416,1172.9917492975665,0.0003731956999346,Retail Orders
2026-09-03,1.969276951,318674392.7,180,588541.8302111962,1159001.8609342645,6438.899227412579,0.0020205260839624,Normal
2026-09-04,1.922393584,339324602.7,180,170848.99892731162,328439.0193706867,1824.6612187260373,0.000537733251349,Normal
2026-09-05,2.01637611,331259657.9,197,144626.38836572197,291621.1943762237,1480.3106313513897,0.0004468731993312,Retail Orders
2026-09-06,2.104534206,347456246.2,215,458912.2269248279,965796.4791149345,4492.076647046206,0.0012928467098158,Normal
2026-09-07,2.230704011,362669674.6,178,842701.8435103379,1879818.3823956049,10560.77742918879,0.0029119549189869,Normal
2026-09-08,2.13251749,384414560.5,199,251509.3593009778,536348.1076080294,2695.216621145876,0.0007011224074447,Normal
2026-09-09,2.00328496,368776330.4,183,360259.61089815595,721702.6602077278,3943.730383648786,0.0010694098450871,Normal
2026-09-10,1.968105329,346430978.3,171,278881.5332916692,548868.2318310251,3209.755741701901,0.0009265209934321,Normal
2026-09-11,2.010552161,340393493.0,167,810196.3243984092,1628941.9708534789,9754.143538044784,0.0028655493535079,Normal
2026-09-12,2.195691516,347736731.1,198,495121.41093095305,1087133.8813710434,5490.575158439613,0.0015789459862555,Normal
2026-09-13,2.088985702,379809263.8,141,544133.829674203,1136687.790163913,8061.615533077397,0.0021225431555883,Normal
2026-09-14,2.364636987,361352757.8,201,291507.89356111,689310.3471170599,3429.404712025173,0.0009490462264365,Normal
2026-09-15,2.261860001,410219183.6,207,1080926.5089938529,2444904.4347137627,11811.132534849095,0.0028792248161573,Normal
2026-09-16,2.32771819,392389347.6,192,235334.7218331361,547792.912749581,2853.0880872374014,0.0007271064071152,Normal
2026-09-17,2.347455958,403816456.1,195,467166.2631980485,1096652.227920855,5623.857579081307,0.0013926766713262,Normal
2026-09-18,2.586100826,407464490.3,298,576660.5699248489,1491302.3762042825,5004.370389947257,0.0012281733768414,Normal
2026-09-19,2.613749399,448888908.6,274,85745.0308248179,224116.0227856043,817.9416889985558,0.0001822147246964,Retail Orders
2026-09-20,2.711519917,453690173.7,215,137328.26897677418,372368.3364976564,1731.94575115189,0.0003817463660337,Retail Orders
2026-09-21,2.517794525,470672107.2,278,253724.5803499316,638826.3592629803,2297.93654411144,0.000488224500445,Retail Orders
2026-09-22,2.509851063,437053339.6,293,585192.1074775507,1468745.033011741,5012.7816826339285,0.0011469496348481,Normal
2026-09-23,2.468054511,435691534.8,199,640280.8668752969,1580248.0817985672,7940.945134666167,0.0018226071659416,Normal
2026-09-24,2.590805507,428429345.2,245,1609915.521907129,4170977.9999617687,17024.399999843954,0.0039736773847497,Normal
2026-09-25,2.551359346,449756242.7,246,405159.4926649714,1033707.4582313932,4202.062838338997,0.0009342978350034,Normal
2026-09-26,2.567355391,442949715.5,229,92610.36574640796,237763.7217615222,1038.2695273428917,0.0002343989602004,Retail Orders
2026-09-27,2.63534741,445729658.1,186,58951.66734094714,155358.12384214663,835.2587303341217,0.0001873913290613,Retail Orders
2026-09-28,2.38193242,457547750.9,209,726888.0126420098,1731398.123021373,8284.201545556809,0.0018105654610391,Normal
2026-09-29,2.323455936,413560463.4,210,405855.49327692256,942987.3550124738,4490.415976249875,0.0010857943090915,Normal
2026-09-30,2.384788206,403409961.3,197,523879.10322805576,1249340.706748124,6341.830998721442,0.0015720561233254,Normal
2026-10-01,2.374254334,414061016.9,178,429043.6056573568,1018658.6402069664,5722.80134947734,0.0013821154650884,Normal
2026-10-02,2.350636952,412246969.2,177,4034184.002570161,9482901.987608684,53575.71744411686,0.0129960245791703,Small Whale Orders
2026-10-03,2.4005528293856875,416816159.1951174,195,75784.633203027,181925.015659483,932.948798253759,0.0002238274063211,Retail Orders
2026-10-04,2.438587935235041,423421639.6179984,162,163844.16757770415,399548.4103136176,2466.3482118124543,0.0005824804358222076,Normal
2026-10-05,2.456987765136147,426618369.39502007,201,765248.7096062565,1880206.7167887967,9354.262272581078,0.002192653421334433,Normal
2026-10-06,2.377713949756484,413107557.0064776,169,168284.30335571576,400131.93561393727,2367.6445894315816,0.0005731303020909047,Normal
2026-10-07,2.2443580737190287,389941810.6890711,208,512309.0793788106,1149805.0185433961,5527.908742997097,0.0014176240124721838,Normal
