day,bucket_id,price_low,price_high,price_mid,sth_tokens,lth_tokens,exchange_tokens
2026-07-13,0,0.00027544,0.0185624342399999,0.0094189371199999,4426821784.28071,0.0,4829573133.21477
2026-07-13,1,0.0185624342399999,0.03684942848,0.0277059313599999,0.0,0.0,0.0
2026-07-13,2,0.03684942848,0.05513642272,0.0459929256,0.0,0.0,0.0
2026-07-13,3,0.05513642272,0.07342341696,0.06427991984,0.0,0.0,0.0
2026-07-13,4,0.07342341696,0.0917104112,0.08256691408,0.0,0.0,0.0
2026-07-13,5,0.0917104112,0.10999740544,0.1008539083199999,0.0,0.0,0.0
2026-07-13,6,0.10999740544,0.12828439968,0.11914090256,0.0,0.0,0.0
2026-07-13,7,0.12828439968,0.14657139392,0.1374278968,0.0,0.0,0.0
2026-07-13,8,0.14657139392,0.1648583881599999,0.1557148910399999,0.0,0.0,0.0
2026-07-13,9,0.1648583881599999,0.1831453823999999,0.17400188528,0.0,0.0,0.0
2026-07-13,10,0.1831453823999999,0.20143237664,0.1922888795199999,0.0,0.0,0.0
2026-07-13,11,0.20143237664,0.21971937088,0.2105758737599999,0.0,0.0,0.0
2026-07-13,12,0.21971937088,0.2380063651199999,0.228862868,0.0,0.0,0.0
2026-07-13,13,0.2380063651199999,0.25629335936,0.24714986224,0.0,0.0,0.0
2026-07-13,14,0.25629335936,0.2745803536,0.26543685648,0.0,0.0,0.0
2026-07-13,15,0.2745803536,0.29286734784,0.28372385072,0.0,0.0,0.0
2026-07-13,16,0.29286734784,0.31115434208,0.30201084496,0.0,0.0,0.0
2026-07-13,17,0.31115434208,0.32944133632,0.3202978392,0.0,0.0,0.0
2026-07-13,18,0.32944133632,0.34772833056,0.33858483344,0.0,0.0,0.0
2026-07-13,19,0.34772833056,0.3660153248,0.35687182768,0.0,0.0,0.0
2026-07-13,20,0.3660153248,0.38430231904,0.37515882192,0.0,0.0,0.0
2026-07-13,21,0.38430231904,0.40258931328,0.39344581616,0.0,0.0,0.0
2026-07-13,22,0.40258931328,0.42087630752,0.4117328104,0.0,0.0,0.0
2026-07-13,23,0.42087630752,0.43916330176,0.43001980464,0.0,0.0,0.0
2026-07-13,24,0.43916330176,0.457450296,0.44830679888,0.0,0.0,0.0
2026-07-13,25,0.457450296,0.47573729024,0.46659379312,0.0,0.0,0.0
2026-07-13,26,0.47573729024,0.49402428448,0.48488078736,0.0,0.0,0.0
2026-07-13,27,0.49402428448,0.51231127872,0.5031677816,0.0,0.0,0.0
2026-07-13,28,0.51231127872,0.5305982729600001,0.5214547758400001,0.0,0.0,0.0
2026-07-13,29,0.5305982729600001,0.5488852672,0.53974177008,0.0,0.0,0.0
2026-07-13,30,0.5488852672,0.56717226144,0.5580287643199999,0.0,0.0,0.0
2026-07-13,31,0.56717226144,0.58545925568,0.5763157585600001,0.0,0.0,0.0
2026-07-13,32,0.58545925568,0.60374624992,0.5946027528,0.0,0.0,0.0
2026-07-13,33,0.60374624992,0.62203324416,0.6128897470400001,0.0,0.0,0.0
2026-07-13,34,0.62203324416,0.6403202384,0.63117674128,0.0,0.0,0.0
2026-07-13,35,0.6403202384,0.65860723264,0.6494637355199999,0.0,0.0,0.0
2026-07-13,36,0.65860723264,0.67689422688,0.66775072976,0.0,0.0,0.0
2026-07-13,37,0.67689422688,0.69518122112,0.686037724,0.0,0.0,0.0
2026-07-13,38,0.69518122112,0.71346821536,0.7043247182400001,0.0,0.0,0.0
2026-07-13,39,0.71346821536,0.7317552096,0.72261171248,0.0,0.0,0.0
2026-07-13,40,0.7317552096,0.75004220384,0.7408987067199999,0.0,0.0,0.0
2026-07-13,41,0.75004220384,0.76832919808,0.75918570096,0.0,0.0,0.0
2026-07-13,42,0.76832919808,0.78661619232,0.7774726952,0.0,0.0,0.0
2026-07-13,43,0.78661619232,0.80490318656,0.7957596894400001,0.0,0.0,0.0
2026-07-13,44,0.80490318656,0.8231901808000001,0.81404668368,0.0,0.0,0.0
2026-07-13,45,0.8231901808000001,0.84147717504,0.83233367792,0.0,0.0,0.0
2026-07-13,46,0.84147717504,0.85976416928,0.85062067216,0.0,0.0,0.0
2026-07-13,47,0.85976416928,0.87805116352,0.8689076664,0.0,0.0,0.0
2026-07-13,48,0.87805116352,0.89633815776,0.8871946606400001,0.0,0.0,0.0
2026-07-13,49,0.89633815776,0.914625152,0.90548165488,0.0,0.0,0.0
2026-07-14,0,0.00027544,0.0185624342399999,0.0094189371199999,6873903011.354069,0.0,6404112657.641458
2026-07-14,1,0.0185624342399999,0.03684942848,0.0277059313599999,0.0,0.0,0.0
2026-07-14,2,0.03684942848,0.05513642272,0.0459929256,0.0,0.0,0.0
2026-07-14,3,0.05513642272,0.07342341696,0.06427991984,0.0,0.0,0.0
2026-07-14,4,0.07342341696,0.0917104112,0.08256691408,0.0,0.0,0.0
2026-07-14,5,0.0917104112,0.10999740544,0.1008539083199999,0.0,0.0,0.0
2026-07-14,6,0.10999740544,0.12828439968,0.11914090256,0.0,0.0,0.0
2026-07-14,7,0.12828439968,0.14657139392,0.1374278968,0.0,0.0,0.0
2026-07-14,8,0.14657139392,0.1648583881599999,0.1557148910399999,0.0,0.0,0.0
2026-07-14,9,0.1648583881599999,0.1831453823999999,0.17400188528,0.0,0.0,0.0
2026-07-14,10,0.1831453823999999,0.20143237664,0.1922888795199999,0.0,0.0,0.0
2026-07-14,11,0.20143237664,0.21971937088,0.2105758737599999,0.0,0.0,0.0
2026-07-14,12,0.21971937088,0.2380063651199999,0.228862868,0.0,0.0,0.0
2026-07-14,13,0.2380063651199999,0.25629335936,0.24714986224,0.0,0.0,0.0
2026-07-14,14,0.25629335936,0.2745803536,0.26543685648,0.0,0.0,0.0
2026-07-14,15,0.2745803536,0.29286734784,0.28372385072,0.0,0.0,0.0
2026-07-14,16,0.29286734784,0.31115434208,0.30201084496,0.0,0.0,0.0
2026-07-14,17,0.31115434208,0.32944133632,0.3202978392,0.0,0.0,0.0
2026-07-14,18,0.32944133632,0.34772833056,0.33858483344,0.0,0.0,0.0
2026-07-14,19,0.34772833056,0.3660153248,0.35687182768,0.0,0.0,0.0
2026-07-14,20,0.3660153248,0.38430231904,0.37515882192,0.0,0.0,0.0
2026-07-14,21,0.38430231904,0.40258931328,0.39344581616,0.0,0.0,0.0
2026-07-14,22,0.40258931328,0.42087630752,0.4117328104,0.0,0.0,0.0
2026-07-14,23,0.42087630752,0.43916330176,0.43001980464,0.0,0.0,0.0
2026-07-14,24,0.43916330176,0.457450296,0.44830679888,0.0,0.0,0.0
2026-07-14,25,0.457450296,0.47573729024,0.46659379312,0.0,0.0,0.0
2026-07-14,26,0.47573729024,0.49402428448,0.48488078736,0.0,0.0,0.0
2026-07-14,27,0.49402428448,0.51231127872,0.5031677816,0.0,0.0,0.0
2026-07-14,28,0.51231127872,0.5305982729600001,0.5214547758400001,0.0,0.0,0.0
2026-07-14,29,0.5305982729600001,0.5488852672,0.53974177008,0.0,0.0,0.0
2026-07-14,30,0.5488852672,0.56717226144,0.5580287643199999,0.0,0.0,0.0
2026-07-14,31,0.56717226144,0.58545925568,0.5763157585600001,0.0,0.0,0.0
2026-07-14,32,0.58545925568,0.60374624992,0.5946027528,0.0,0.0,0.0
2026-07-14,33,0.60374624992,0.62203324416,0.6128897470400001,0.0,0.0,0.0
2026-07-14,34,0.62203324416,0.6403202384,0.63117674128,0.0,0.0,0.0
2026-07-14,35,0.6403202384,0.65860723264,0.6494637355199999,0.0,0.0,0.0
2026-07-14,36,0.65860723264,0.67689422688,0.66775072976,0.0,0.0,0.0
2026-07-14,37,0.67689422688,0.69518122112,0.686037724,0.0,0.0,0.0
2026-07-14,38,0.69518122112,0.71346821536,0.7043247182400001,0.0,0.0,0.0
2026-07-14,39,0.71346821536,0.7317552096,0.72261171248,0.0,0.0,0.0
2026-07-14,40,0.7317552096,0.75004220384,0.7408987067199999,0.0,0.0,0.0
2026-07-14,41,0.75004220384,0.76832919808,0.75918570096,0.0,0.0,0.0
2026-07-14,42,0.76832919808,0.78661619232,0.7774726952,0.0,0.0,0.0
2026-07-14,43,0.78661619232,0.80490318656,0.7957596894400001,0.0,0.0,0.0
2026-07-14,44,0.80490318656,0.8231901808000001,0.81404668368,0.0,0.0,0.0
2026-07-14,45,0.8231901808000001,0.84147717504,0.83233367792,0.0,0.0,0.0
2026-07-14,46,0.84147717504,0.85976416928,0.85062067216,0.0,0.0,0.0
2026-07-14,47,0.85976416928,0.87805116352,0.8689076664,0.0,0.0,0.0
2026-07-14,48,0.87805116352,0.89633815776,0.8871946606400001,0.0,0.0,0.0
2026-07-14,49,0.89633815776,0.914625152,0.90548165488,0.0,0.0,0.0
2026-07-15,0,0.00027544,0.0185624342399999,0.0094189371199999,7496614953.430494,0.0,6433742628.877587
2026-07-15,1,0.0185624342399999,0.03684942848,0.0277059313599999,0.0,0.0,0.0
2026-07-15,2,0.03684942848,0.05513642272,0.0459929256,0.0,0.0,0.0
2026-07-15,3,0.05513642272,0.07342341696,0.06427991984,0.0,0.0,0.0
2026-07-15,4,0.07342341696,0.0917104112,0.08256691408,0.0,0.0,0.0
2026-07-15,5,0.0917104112,0.10999740544,0.1008539083199999,0.0,0.0,0.0
2026-07-15,6,0.10999740544,0.12828439968,0.11914090256,0.0,0.0,0.0
2026-07-15,7,0.12828439968,0.14657139392,0.1374278968,0.0,0.0,0.0
2026-07-15,8,0.14657139392,0.1648583881599999,0.1557148910399999,0.0,0.0,0.0
2026-07-15,9,0.1648583881599999,0.1831453823999999,0.17400188528,0.0,0.0,0.0
2026-07-15,10,0.1831453823999999,0.20143237664,0.1922888795199999,0.0,0.0,0.0
2026-07-15,11,0.20143237664,0.21971937088,0.2105758737599999,0.0,0.0,0.0
2026-07-15,12,0.21971937088,0.2380063651199999,0.228862868,0.0,0.0,0.0
2026-07-15,13,0.2380063651199999,0.25629335936,0.24714986224,0.0,0.0,0.0
2026-07-15,14,0.25629335936,0.2745803536,0.26543685648,0.0,0.0,0.0
2026-07-15,15,0.2745803536,0.29286734784,0.28372385072,0.0,0.0,0.0
2026-07-15,16,0.29286734784,0.31115434208,0.30201084496,0.0,0.0,0.0
2026-07-15,17,0.31115434208,0.32944133632,0.3202978392,0.0,0.0,0.0
2026-07-15,18,0.32944133632,0.34772833056,0.33858483344,0.0,0.0,0.0
2026-07-15,19,0.34772833056,0.3660153248,0.35687182768,0.0,0.0,0.0
2026-07-15,20,0.3660153248,0.38430231904,0.37515882192,0.0,0.0,0.0
2026-07-15,21,0.38430231904,0.40258931328,0.39344581616,0.0,0.0,0.0
2026-07-15,22,0.40258931328,0.42087630752,0.4117328104,0.0,0.0,0.0
2026-07-15,23,0.42087630752,0.43916330176,0.43001980464,0.0,0.0,0.0
2026-07-15,24,0.43916330176,0.457450296,0.44830679888,0.0,0.0,0.0
2026-07-15,25,0.457450296,0.47573729024,0.46659379312,0.0,0.0,0.0
2026-07-15,26,0.47573729024,0.49402428448,0.48488078736,0.0,0.0,0.0
2026-07-15,27,0.49402428448,0.51231127872,0.5031677816,0.0,0.0,0.0
2026-07-15,28,0.51231127872,0.5305982729600001,0.5214547758400001,0.0,0.0,0.0
2026-07-15,29,0.5305982729600001,0.5488852672,0.53974177008,0.0,0.0,0.0
2026-07-15,30,0.5488852672,0.56717226144,0.5580287643199999,0.0,0.0,0.0
2026-07-15,31,0.56717226144,0.58545925568,0.5763157585600001,0.0,0.0,0.0
2026-07-15,32,0.58545925568,0.60374624992,0.5946027528,0.0,0.0,0.0
2026-07-15,33,0.60374624992,0.62203324416,0.6128897470400001,0.0,0.0,0.0
2026-07-15,34,0.62203324416,0.6403202384,0.63117674128,0.0,0.0,0.0
2026-07-15,35,0.6403202384,0.65860723264,0.6494637355199999,0.0,0.0,0.0
2026-07-15,36,0.65860723264,0.67689422688,0.66775072976,0.0,0.0,0.0
2026-07-15,37,0.67689422688,0.69518122112,0.686037724,0.0,0.0,0.0
2026-07-15,38,0.69518122112,0.71346821536,0.7043247182400001,0.0,0.0,0.0
2026-07-15,39,0.71346821536,0.7317552096,0.72261171248,0.0,0.0,0.0
2026-07-15,40,0.7317552096,0.75004220384,0.7408987067199999,0.0,0.0,0.0
2026-07-15,41,0.75004220384,0.76832919808,0.75918570096,0.0,0.0,0.0
2026-07-15,42,0.76832919808,0.78661619232,0.7774726952,0.0,0.0,0.0
2026-07-15,43,0.78661619232,0.80490318656,0.7957596894400001,0.0,0.0,0.0
2026-07-15,44,0.80490318656,0.8231901808000001,0.81404668368,0.0,0.0,0.0
2026-07-15,45,0.8231901808000001,0.84147717504,0.83233367792,0.0,0.0,0.0
2026-07-15,46,0.84147717504,0.85976416928,0.85062067216,0.0,0.0,0.0
2026-07-15,47,0.85976416928,0.87805116352,0.8689076664,0.0,0.0,0.0
2026-07-15,48,0.87805116352,0.89633815776,0.8871946606400001,0.0,0.0,0.0
2026-07-15,49,0.89633815776,0.914625152,0.90548165488,0.0,0.0,0.0
2026-07-16,0,0.00027544,0.0185624342399999,0.0094189371199999,7768367409.8947315,0.0,6488222396.54792
2026-07-16,1,0.0185624342399999,0.03684942848,0.0277059313599999,0.0,0.0,0.0
2026-07-16,2,0.03684942848,0.05513642272,0.0459929256,0.0,0.0,0.0
2026-07-16,3,0.05513642272,0.07342341696,0.06427991984,0.0,0.0,0.0
2026-07-16,4,0.07342341696,0.0917104112,0.08256691408,0.0,0.0,0.0
2026-07-16,5,0.0917104112,0.10999740544,0.1008539083199999,0.0,0.0,0.0
2026-07-16,6,0.10999740544,0.12828439968,0.11914090256,0.0,0.0,0.0
2026-07-16,7,0.12828439968,0.14657139392,0.1374278968,0.0,0.0,0.0
2026-07-16,8,0.14657139392,0.1648583881599999,0.1557148910399999,0.0,0.0,0.0
2026-07-16,9,0.1648583881599999,0.1831453823999999,0.17400188528,0.0,0.0,0.0
2026-07-16,10,0.1831453823999999,0.20143237664,0.1922888795199999,0.0,0.0,0.0
2026-07-16,11,0.20143237664,0.21971937088,0.2105758737599999,0.0,0.0,0.0
2026-07-16,12,0.21971937088,0.2380063651199999,0.228862868,0.0,0.0,0.0
2026-07-16,13,0.2380063651199999,0.25629335936,0.24714986224,0.0,0.0,0.0
2026-07-16,14,0.25629335936,0.2745803536,0.26543685648,0.0,0.0,0.0
2026-07-16,15,0.2745803536,0.29286734784,0.28372385072,0.0,0.0,0.0
2026-07-16,16,0.29286734784,0.31115434208,0.30201084496,0.0,0.0,0.0
2026-07-16,17,0.31115434208,0.32944133632,0.3202978392,0.0,0.0,0.0
2026-07-16,18,0.32944133632,0.34772833056,0.33858483344,0.0,0.0,0.0
2026-07-16,19,0.34772833056,0.3660153248,0.35687182768,0.0,0.0,0.0
2026-07-16,20,0.3660153248,0.38430231904,0.37515882192,0.0,0.0,0.0
2026-07-16,21,0.38430231904,0.40258931328,0.39344581616,0.0,0.0,0.0
2026-07-16,22,0.40258931328,0.42087630752,0.4117328104,0.0,0.0,0.0
2026-07-16,23,0.42087630752,0.43916330176,0.43001980464,0.0,0.0,0.0
2026-07-16,24,0.43916330176,0.457450296,0.44830679888,0.0,0.0,0.0
2026-07-16,25,0.457450296,0.47573729024,0.46659379312,0.0,0.0,0.0
2026-07-16,26,0.47573729024,0.49402428448,0.48488078736,0.0,0.0,0.0
2026-07-16,27,0.49402428448,0.51231127872,0.5031677816,0.0,0.0,0.0
2026-07-16,28,0.51231127872,0.5305982729600001,0.5214547758400001,0.0,0.0,0.0
2026-07-16,29,0.5305982729600001,0.5488852672,0.53974177008,0.0,0.0,0.0
2026-07-16,30,0.5488852672,0.56717226144,0.5580287643199999,0.0,0.0,0.0
2026-07-16,31,0.56717226144,0.58545925568,0.5763157585600001,0.0,0.0,0.0
2026-07-16,32,0.58545925568,0.60374624992,0.5946027528,0.0,0.0,0.0
2026-07-16,33,0.60374624992,0.62203324416,0.6128897470400001,0.0,0.0,0.0
2026-07-16,34,0.62203324416,0.6403202384,0.63117674128,0.0,0.0,0.0
2026-07-16,35,0.6403202384,0.65860723264,0.6494637355199999,0.0,0.0,0.0
2026-07-16,36,0.65860723264,0.67689422688,0.66775072976,0.0,0.0,0.0
2026-07-16,37,0.67689422688,0.69518122112,0.686037724,0.0,0.0,0.0
2026-07-16,38,0.69518122112,0.71346821536,0.7043247182400001,0.0,0.0,0.0
2026-07-16,39,0.71346821536,0.7317552096,0.72261171248,0.0,0.0,0.0
2026-07-16,40,0.7317552096,0.75004220384,0.7408987067199999,0.0,0.0,0.0
2026-07-16,41,0.75004220384,0.76832919808,0.75918570096,0.0,0.0,0.0
2026-07-16,42,0.76832919808,0.78661619232,0.7774726952,0.0,0.0,0.0
2026-07-16,43,0.78661619232,0.80490318656,0.7957596894400001,0.0,0.0,0.0
2026-07-16,44,0.80490318656,0.8231901808000001,0.81404668368,0.0,0.0,0.0
2026-07-16,45,0.8231901808000001,0.84147717504,0.83233367792,0.0,0.0,0.0
2026-07-16,46,0.84147717504,0.85976416928,0.85062067216,0.0,0.0,0.0
2026-07-16,47,0.85976416928,0.87805116352,0.8689076664,0.0,0.0,0.0
2026-07-16,48,0.87805116352,0.89633815776,0.8871946606400001,0.0,0.0,0.0
2026-07-16,49,0.89633815776,0.914625152,0.90548165488,0.0,0.0,0.0
2026-07-17,0,0.00027544,0.0185624342399999,0.0094189371199999,8070439905.793406,0.0,6521992936.378055
2026-07-17,1,0.0185624342399999,0.03684942848,0.0277059313599999,0.0,0.0,0.0
2026-07-17,2,0.03684942848,0.05513642272,0.0459929256,0.0,0.0,0.0
2026-07-17,3,0.05513642272,0.07342341696,0.06427991984,0.0,0.0,0.0
2026-07-17,4,0.07342341696,0.0917104112,0.08256691408,0.0,0.0,0.0
2026-07-17,5,0.0917104112,0.10999740544,0.1008539083199999,0.0,0.0,0.0
2026-07-17,6,0.10999740544,0.12828439968,0.11914090256,0.0,0.0,0.0
2026-07-17,7,0.12828439968,0.14657139392,0.1374278968,0.0,0.0,0.0
2026-07-17,8,0.14657139392,0.1648583881599999,0.1557148910399999,0.0,0.0,0.0
2026-07-17,9,0.1648583881599999,0.1831453823999999,0.17400188528,0.0,0.0,0.0
2026-07-17,10,0.1831453823999999,0.20143237664,0.1922888795199999,0.0,0.0,0.0
2026-07-17,11,0.20143237664,0.21971937088,0.2105758737599999,0.0,0.0,0.0
2026-07-17,12,0.21971937088,0.2380063651199999,0.228862868,0.0,0.0,0.0
2026-07-17,13,0.2380063651199999,0.25629335936,0.24714986224,0.0,0.0,0.0
2026-07-17,14,0.25629335936,0.2745803536,0.26543685648,0.0,0.0,0.0
2026-07-17,15,0.2745803536,0.29286734784,0.28372385072,0.0,0.0,0.0
2026-07-17,16,0.29286734784,0.31115434208,0.30201084496,0.0,0.0,0.0
2026-07-17,17,0.31115434208,0.32944133632,0.3202978392,0.0,0.0,0.0
2026-07-17,18,0.32944133632,0.34772833056,0.33858483344,0.0,0.0,0.0
2026-07-17,19,0.34772833056,0.3660153248,0.35687182768,0.0,0.0,0.0
2026-07-17,20,0.3660153248,0.38430231904,0.37515882192,0.0,0.0,0.0
2026-07-17,21,0.38430231904,0.40258931328,0.39344581616,0.0,0.0,0.0
2026-07-17,22,0.40258931328,0.42087630752,0.4117328104,0.0,0.0,0.0
2026-07-17,23,0.42087630752,0.43916330176,0.43001980464,0.0,0.0,0.0
2026-07-17,24,0.43916330176,0.457450296,0.44830679888,0.0,0.0,0.0
2026-07-17,25,0.457450296,0.47573729024,0.46659379312,0.0,0.0,0.0
2026-07-17,26,0.47573729024,0.49402428448,0.48488078736,0.0,0.0,0.0
2026-07-17,27,0.49402428448,0.51231127872,0.5031677816,0.0,0.0,0.0
2026-07-17,28,0.51231127872,0.5305982729600001,0.5214547758400001,0.0,0.0,0.0
2026-07-17,29,0.5305982729600001,0.5488852672,0.53974177008,0.0,0.0,0.0
2026-07-17,30,0.5488852672,0.56717226144,0.5580287643199999,0.0,0.0,0.0
2026-07-17,31,0.56717226144,0.58545925568,0.5763157585600001,0.0,0.0,0.0
2026-07-17,32,0.58545925568,0.60374624992,0.5946027528,0.0,0.0,0.0
2026-07-17,33,0.60374624992,0.62203324416,0.6128897470400001,0.0,0.0,0.0
2026-07-17,34,0.62203324416,0.6403202384,0.63117674128,0.0,0.0,0.0
2026-07-17,35,0.6403202384,0.65860723264,0.6494637355199999,0.0,0.0,0.0
2026-07-17,36,0.65860723264,0.67689422688,0.66775072976,0.0,0.0,0.0
2026-07-17,37,0.67689422688,0.69518122112,0.686037724,0.0,0.0,0.0
2026-07-17,38,0.69518122112,0.71346821536,0.7043247182400001,0.0,0.0,0.0
2026-07-17,39,0.71346821536,0.7317552096,0.72261171248,0.0,0.0,0.0
2026-07-17,40,0.7317552096,0.75004220384,0.7408987067199999,0.0,0.0,0.0
2026-07-17,41,0.75004220384,0.76832919808,0.75918570096,0.0,0.0,0.0
2026-07-17,42,0.76832919808,0.78661619232,0.7774726952,0.0,0.0,0.0
2026-07-17,43,0.78661619232,0.80490318656,0.7957596894400001,0.0,0.0,0.0
2026-07-17,44,0.80490318656,0.8231901808000001,0.81404668368,0.0,0.0,0.0
2026-07-17,45,0.8231901808000001,0.84147717504,0.83233367792,0.0,0.0,0.0
2026-07-17,46,0.84147717504,0.85976416928,0.85062067216,0.0,0.0,0.0
2026-07-17,47,0.85976416928,0.87805116352,0.8689076664,0.0,0.0,0.0
2026-07-17,48,0.87805116352,0.89633815776,0.8871946606400001,0.0,0.0,0.0
2026-07-17,49,0.89633815776,0.914625152,0.90548165488,0.0,0.0,0.0
2026-07-18,0,0.00027544,0.0185624342399999,0.0094189371199999,8227503351.617096,0.0,6532265662.307325
2026-07-18,1,0.0185624342399999,0.03684942848,0.0277059313599999,0.0,0.0,0.0
2026-07-18,2,0.03684942848,0.05513642272,0.0459929256,0.0,0.0,0.0
2026-07-18,3,0.05513642272,0.07342341696,0.06427991984,0.0,0.0,0.0
2026-07-18,4,0.07342341696,0.0917104112,0.08256691408,0.0,0.0,0.0
2026-07-18,5,0.0917104112,0.10999740544,0.1008539083199999,0.0,0.0,0.0
2026-07-18,6,0.10999740544,0.12828439968,0.11914090256,0.0,0.0,0.0
2026-07-18,7,0.12828439968,0.14657139392,0.1374278968,0.0,0.0,0.0
2026-07-18,8,0.14657139392,0.1648583881599999,0.1557148910399999,0.0,0.0,0.0
2026-07-18,9,0.1648583881599999,0.1831453823999999,0.17400188528,0.0,0.0,0.0
2026-07-18,10,0.1831453823999999,0.20143237664,0.1922888795199999,0.0,0.0,0.0
2026-07-18,11,0.20143237664,0.21971937088,0.2105758737599999,0.0,0.0,0.0
2026-07-18,12,0.21971937088,0.2380063651199999,0.228862868,0.0,0.0,0.0
2026-07-18,13,0.2380063651199999,0.25629335936,0.24714986224,0.0,0.0,0.0
2026-07-18,14,0.25629335936,0.2745803536,0.26543685648,0.0,0.0,0.0
2026-07-18,15,0.2745803536,0.29286734784,0.28372385072,0.0,0.0,0.0
2026-07-18,16,0.29286734784,0.31115434208,0.30201084496,0.0,0.0,0.0
2026-07-18,17,0.31115434208,0.32944133632,0.3202978392,0.0,0.0,0.0
2026-07-18,18,0.32944133632,0.34772833056,0.33858483344,0.0,0.0,0.0
2026-07-18,19,0.34772833056,0.3660153248,0.35687182768,0.0,0.0,0.0
2026-07-18,20,0.3660153248,0.38430231904,0.37515882192,0.0,0.0,0.0
2026-07-18,21,0.38430231904,0.40258931328,0.39344581616,0.0,0.0,0.0
2026-07-18,22,0.40258931328,0.42087630752,0.4117328104,0.0,0.0,0.0
2026-07-18,23,0.42087630752,0.43916330176,0.43001980464,0.0,0.0,0.0
2026-07-18,24,0.43916330176,0.457450296,0.44830679888,0.0,0.0,0.0
2026-07-18,25,0.457450296,0.47573729024,0.46659379312,0.0,0.0,0.0
2026-07-18,26,0.47573729024,0.49402428448,0.48488078736,0.0,0.0,0.0
2026-07-18,27,0.49402428448,0.51231127872,0.5031677816,0.0,0.0,0.0
2026-07-18,28,0.51231127872,0.5305982729600001,0.5214547758400001,0.0,0.0,0.0
2026-07-18,29,0.5305982729600001,0.5488852672,0.53974177008,0.0,0.0,0.0
2026-07-18,30,0.5488852672,0.56717226144,0.5580287643199999,0.0,0.0,0.0
2026-07-18,31,0.56717226144,0.58545925568,0.5763157585600001,0.0,0.0,0.0
2026-07-18,32,0.58545925568,0.60374624992,0.5946027528,0.0,0.0,0.0
2026-07-18,33,0.60374624992,0.62203324416,0.6128897470400001,0.0,0.0,0.0
2026-07-18,34,0.62203324416,0.6403202384,0.63117674128,0.0,0.0,0.0
2026-07-18,35,0.6403202384,0.65860723264,0.6494637355199999,0.0,0.0,0.0
2026-07-18,36,0.65860723264,0.67689422688,0.66775072976,0.0,0.0,0.0
2026-07-18,37,0.67689422688,0.69518122112,0.686037724,0.0,0.0,0.0
2026-07-18,38,0.69518122112,0.71346821536,0.7043247182400001,0.0,0.0,0.0
2026-07-18,39,0.71346821536,0.7317552096,0.72261171248,0.0,0.0,0.0
2026-07-18,40,0.7317552096,0.75004220384,0.7408987067199999,0.0,0.0,0.0
2026-07-18,41,0.75004220384,0.76832919808,0.75918570096,0.0,0.0,0.0
2026-07-18,42,0.76832919808,0.78661619232,0.7774726952,0.0,0.0,0.0
2026-07-18,43,0.78661619232,0.80490318656,0.7957596894400001,0.0,0.0,0.0
2026-07-18,44,0.80490318656,0.8231901808000001,0.81404668368,0.0,0.0,0.0
2026-07-18,45,0.8231901808000001,0.84147717504,0.83233367792,0.0,0.0,0.0
2026-07-18,46,0.84147717504,0.85976416928,0.85062067216,0.0,0.0,0.0
2026-07-18,47,0.85976416928,0.87805116352,0.8689076664,0.0,0.0,0.0
2026-07-18,48,0.87805116352,0.89633815776,0.8871946606400001,0.0,0.0,0.0
2026-07-18,49,0.89633815776,0.914625152,0.90548165488,0.0,0.0,0.0
2026-07-19,0,0.00027544,0.0185624342399999,0.0094189371199999,8274456990.689059,0.0,6549215574.632052
2026-07-19,1,0.0185624342399999,0.03684942848,0.0277059313599999,0.0,0.0,0.0
2026-07-19,2,0.03684942848,0.05513642272,0.0459929256,0.0,0.0,0.0
2026-07-19,3,0.05513642272,0.07342341696,0.06427991984,0.0,0.0,0.0
2026-07-19,4,0.07342341696,0.0917104112,0.08256691408,0.0,0.0,0.0
2026-07-19,5,0.0917104112,0.10999740544,0.1008539083199999,0.0,0.0,0.0
2026-07-19,6,0.10999740544,0.12828439968,0.11914090256,0.0,0.0,0.0
2026-07-19,7,0.12828439968,0.14657139392,0.1374278968,0.0,0.0,0.0
2026-07-19,8,0.14657139392,0.1648583881599999,0.1557148910399999,0.0,0.0,0.0
2026-07-19,9,0.1648583881599999,0.1831453823999999,0.17400188528,0.0,0.0,0.0
2026-07-19,10,0.1831453823999999,0.20143237664,0.1922888795199999,0.0,0.0,0.0
2026-07-19,11,0.20143237664,0.21971937088,0.2105758737599999,0.0,0.0,0.0
2026-07-19,12,0.21971937088,0.2380063651199999,0.228862868,0.0,0.0,0.0
2026-07-19,13,0.2380063651199999,0.25629335936,0.24714986224,0.0,0.0,0.0
2026-07-19,14,0.25629335936,0.2745803536,0.26543685648,0.0,0.0,0.0
2026-07-19,15,0.2745803536,0.29286734784,0.28372385072,0.0,0.0,0.0
2026-07-19,16,0.29286734784,0.31115434208,0.30201084496,0.0,0.0,0.0
2026-07-19,17,0.31115434208,0.32944133632,0.3202978392,0.0,0.0,0.0
2026-07-19,18,0.32944133632,0.34772833056,0.33858483344,0.0,0.0,0.0
2026-07-19,19,0.34772833056,0.3660153248,0.35687182768,0.0,0.0,0.0
2026-07-19,20,0.3660153248,0.38430231904,0.37515882192,0.0,0.0,0.0
2026-07-19,21,0.38430231904,0.40258931328,0.39344581616,0.0,0.0,0.0
2026-07-19,22,0.40258931328,0.42087630752,0.4117328104,0.0,0.0,0.0
2026-07-19,23,0.42087630752,0.43916330176,0.43001980464,0.0,0.0,0.0
2026-07-19,24,0.43916330176,0.457450296,0.44830679888,0.0,0.0,0.0
2026-07-19,25,0.457450296,0.47573729024,0.46659379312,0.0,0.0,0.0
2026-07-19,26,0.47573729024,0.49402428448,0.48488078736,0.0,0.0,0.0
2026-07-19,27,0.49402428448,0.51231127872,0.5031677816,0.0,0.0,0.0
2026-07-19,28,0.51231127872,0.5305982729600001,0.5214547758400001,0.0,0.0,0.0
2026-07-19,29,0.5305982729600001,0.5488852672,0.53974177008,0.0,0.0,0.0
2026-07-19,30,0.5488852672,0.56717226144,0.5580287643199999,0.0,0.0,0.0
2026-07-19,31,0.56717226144,0.58545925568,0.5763157585600001,0.0,0.0,0.0
2026-07-19,32,0.58545925568,0.60374624992,0.5946027528,0.0,0.0,0.0
2026-07-19,33,0.60374624992,0.62203324416,0.6128897470400001,0.0,0.0,0.0
2026-07-19,34,0.62203324416,0.6403202384,0.63117674128,0.0,0.0,0.0
2026-07-19,35,0.6403202384,0.65860723264,0.6494637355199999,0.0,0.0,0.0
2026-07-19,36,0.65860723264,0.67689422688,0.66775072976,0.0,0.0,0.0
2026-07-19,37,0.67689422688,0.69518122112,0.686037724,0.0,0.0,0.0
2026-07-19,38,0.69518122112,0.71346821536,0.7043247182400001,0.0,0.0,0.0
2026-07-19,39,0.71346821536,0.7317552096,0.72261171248,0.0,0.0,0.0
2026-07-19,40,0.7317552096,0.75004220384,0.7408987067199999,0.0,0.0,0.0
2026-07-19,41,0.75004220384,0.76832919808,0.75918570096,0.0,0.0,0.0
2026-07-19,42,0.76832919808,0.78661619232,0.7774726952,0.0,0.0,0.0
2026-07-19,43,0.78661619232,0.80490318656,0.7957596894400001,0.0,0.0,0.0
2026-07-19,44,0.80490318656,0.8231901808000001,0.81404668368,0.0,0.0,0.0
2026-07-19,45,0.8231901808000001,0.84147717504,0.83233367792,0.0,0.0,0.0
2026-07-19,46,0.84147717504,0.85976416928,0.85062067216,0.0,0.0,0.0
2026-07-19,47,0.85976416928,0.87805116352,0.8689076664,0.0,0.0,0.0
2026-07-19,48,0.87805116352,0.89633815776,0.8871946606400001,0.0,0.0,0.0
2026-07-19,49,0.89633815776,0.914625152,0.90548165488,0.0,0.0,0.0
2026-07-20,0,0.00027544,0.0185624342399999,0.0094189371199999,7892572271.784947,0.0,6165728058.2329855
2026-07-20,1,0.0185624342399999,0.03684942848,0.0277059313599999,414404637.346215,0.0,390461564.5072803
2026-07-20,2,0.03684942848,0.05513642272,0.0459929256,0.0,0.0,0.0
2026-07-20,3,0.05513642272,0.07342341696,0.06427991984,0.0,0.0,0.0
2026-07-20,4,0.07342341696,0.0917104112,0.08256691408,0.0,0.0,0.0
2026-07-20,5,0.0917104112,0.10999740544,0.1008539083199999,0.0,0.0,0.0
2026-07-20,6,0.10999740544,0.12828439968,0.11914090256,0.0,0.0,0.0
2026-07-20,7,0.12828439968,0.14657139392,0.1374278968,0.0,0.0,0.0
2026-07-20,8,0.14657139392,0.1648583881599999,0.1557148910399999,0.0,0.0,0.0
2026-07-20,9,0.1648583881599999,0.1831453823999999,0.17400188528,0.0,0.0,0.0
2026-07-20,10,0.1831453823999999,0.20143237664,0.1922888795199999,0.0,0.0,0.0
2026-07-20,11,0.20143237664,0.21971937088,0.2105758737599999,0.0,0.0,0.0
2026-07-20,12,0.21971937088,0.2380063651199999,0.228862868,0.0,0.0,0.0
2026-07-20,13,0.2380063651199999,0.25629335936,0.24714986224,0.0,0.0,0.0
2026-07-20,14,0.25629335936,0.2745803536,0.26543685648,0.0,0.0,0.0
2026-07-20,15,0.2745803536,0.29286734784,0.28372385072,0.0,0.0,0.0
2026-07-20,16,0.29286734784,0.31115434208,0.30201084496,0.0,0.0,0.0
2026-07-20,17,0.31115434208,0.32944133632,0.3202978392,0.0,0.0,0.0
2026-07-20,18,0.32944133632,0.34772833056,0.33858483344,0.0,0.0,0.0
2026-07-20,19,0.34772833056,0.3660153248,0.35687182768,0.0,0.0,0.0
2026-07-20,20,0.3660153248,0.38430231904,0.37515882192,0.0,0.0,0.0
2026-07-20,21,0.38430231904,0.40258931328,0.39344581616,0.0,0.0,0.0
2026-07-20,22,0.40258931328,0.42087630752,0.4117328104,0.0,0.0,0.0
2026-07-20,23,0.42087630752,0.43916330176,0.43001980464,0.0,0.0,0.0
2026-07-20,24,0.43916330176,0.457450296,0.44830679888,0.0,0.0,0.0
2026-07-20,25,0.457450296,0.47573729024,0.46659379312,0.0,0.0,0.0
2026-07-20,26,0.47573729024,0.49402428448,0.48488078736,0.0,0.0,0.0
2026-07-20,27,0.49402428448,0.51231127872,0.5031677816,0.0,0.0,0.0
2026-07-20,28,0.51231127872,0.5305982729600001,0.5214547758400001,0.0,0.0,0.0
2026-07-20,29,0.5305982729600001,0.5488852672,0.53974177008,0.0,0.0,0.0
2026-07-20,30,0.5488852672,0.56717226144,0.5580287643199999,0.0,0.0,0.0
2026-07-20,31,0.56717226144,0.58545925568,0.5763157585600001,0.0,0.0,0.0
2026-07-20,32,0.58545925568,0.60374624992,0.5946027528,0.0,0.0,0.0
2026-07-20,33,0.60374624992,0.62203324416,0.6128897470400001,0.0,0.0,0.0
2026-07-20,34,0.62203324416,0.6403202384,0.63117674128,0.0,0.0,0.0
2026-07-20,35,0.6403202384,0.65860723264,0.6494637355199999,0.0,0.0,0.0
2026-07-20,36,0.65860723264,0.67689422688,0.66775072976,0.0,0.0,0.0
2026-07-20,37,0.67689422688,0.69518122112,0.686037724,0.0,0.0,0.0
2026-07-20,38,0.69518122112,0.71346821536,0.7043247182400001,0.0,0.0,0.0
2026-07-20,39,0.71346821536,0.7317552096,0.72261171248,0.0,0.0,0.0
2026-07-20,40,0.7317552096,0.75004220384,0.7408987067199999,0.0,0.0,0.0
2026-07-20,41,0.75004220384,0.76832919808,0.75918570096,0.0,0.0,0.0
2026-07-20,42,0.76832919808,0.78661619232,0.7774726952,0.0,0.0,0.0
2026-07-20,43,0.78661619232,0.80490318656,0.7957596894400001,0.0,0.0,0.0
2026-07-20,44,0.80490318656,0.8231901808000001,0.81404668368,0.0,0.0,0.0
2026-07-20,45,0.8231901808000001,0.84147717504,0.83233367792,0.0,0.0,0.0
2026-07-20,46,0.84147717504,0.85976416928,0.85062067216,0.0,0.0,0.0
2026-07-20,47,0.85976416928,0.87805116352,0.8689076664,0.0,0.0,0.0
2026-07-20,48,0.87805116352,0.89633815776,0.8871946606400001,0.0,0.0,0.0
2026-07-20,49,0.89633815776,0.914625152,0.90548165488,0.0,0.0,0.0
2026-07-21,0,0.00027544,0.0185624342399999,0.0094189371199999,7558471995.55739,0.0,5660467314.78336
2026-07-21,1,0.0185624342399999,0.03684942848,0.0277059313599999,256556491.96748465,0.0,311655814.18499327
2026-07-21,2,0.03684942848,0.05513642272,0.0459929256,617752906.3421879,0.0,598047231.1200476
2026-07-21,3,0.05513642272,0.07342341696,0.06427991984,0.0,0.0,0.0
2026-07-21,4,0.07342341696,0.0917104112,0.08256691408,0.0,0.0,0.0
2026-07-21,5,0.0917104112,0.10999740544,0.1008539083199999,0.0,0.0,0.0
2026-07-21,6,0.10999740544,0.12828439968,0.11914090256,0.0,0.0,0.0
2026-07-21,7,0.12828439968,0.14657139392,0.1374278968,0.0,0.0,0.0
2026-07-21,8,0.14657139392,0.1648583881599999,0.1557148910399999,0.0,0.0,0.0
2026-07-21,9,0.1648583881599999,0.1831453823999999,0.17400188528,0.0,0.0,0.0
2026-07-21,10,0.1831453823999999,0.20143237664,0.1922888795199999,0.0,0.0,0.0
2026-07-21,11,0.20143237664,0.21971937088,0.2105758737599999,0.0,0.0,0.0
2026-07-21,12,0.21971937088,0.2380063651199999,0.228862868,0.0,0.0,0.0
2026-07-21,13,0.2380063651199999,0.25629335936,0.24714986224,0.0,0.0,0.0
2026-07-21,14,0.25629335936,0.2745803536,0.26543685648,0.0,0.0,0.0
2026-07-21,15,0.2745803536,0.29286734784,0.28372385072,0.0,0.0,0.0
2026-07-21,16,0.29286734784,0.31115434208,0.30201084496,0.0,0.0,0.0
2026-07-21,17,0.31115434208,0.32944133632,0.3202978392,0.0,0.0,0.0
2026-07-21,18,0.32944133632,0.34772833056,0.33858483344,0.0,0.0,0.0
2026-07-21,19,0.34772833056,0.3660153248,0.35687182768,0.0,0.0,0.0
2026-07-21,20,0.3660153248,0.38430231904,0.37515882192,0.0,0.0,0.0
2026-07-21,21,0.38430231904,0.40258931328,0.39344581616,0.0,0.0,0.0
2026-07-21,22,0.40258931328,0.42087630752,0.4117328104,0.0,0.0,0.0
2026-07-21,23,0.42087630752,0.43916330176,0.43001980464,0.0,0.0,0.0
2026-07-21,24,0.43916330176,0.457450296,0.44830679888,0.0,0.0,0.0
2026-07-21,25,0.457450296,0.47573729024,0.46659379312,0.0,0.0,0.0
2026-07-21,26,0.47573729024,0.49402428448,0.48488078736,0.0,0.0,0.0
2026-07-21,27,0.49402428448,0.51231127872,0.5031677816,0.0,0.0,0.0
2026-07-21,28,0.51231127872,0.5305982729600001,0.5214547758400001,0.0,0.0,0.0
2026-07-21,29,0.5305982729600001,0.5488852672,0.53974177008,0.0,0.0,0.0
2026-07-21,30,0.5488852672,0.56717226144,0.5580287643199999,0.0,0.0,0.0
2026-07-21,31,0.56717226144,0.58545925568,0.5763157585600001,0.0,0.0,0.0
2026-07-21,32,0.58545925568,0.60374624992,0.5946027528,0.0,0.0,0.0
2026-07-21,33,0.60374624992,0.62203324416,0.6128897470400001,0.0,0.0,0.0
2026-07-21,34,0.62203324416,0.6403202384,0.63117674128,0.0,0.0,0.0
2026-07-21,35,0.6403202384,0.65860723264,0.6494637355199999,0.0,0.0,0.0
2026-07-21,36,0.65860723264,0.67689422688,0.66775072976,0.0,0.0,0.0
2026-07-21,37,0.67689422688,0.69518122112,0.686037724,0.0,0.0,0.0
2026-07-21,38,0.69518122112,0.71346821536,0.7043247182400001,0.0,0.0,0.0
2026-07-21,39,0.71346821536,0.7317552096,0.72261171248,0.0,0.0,0.0
2026-07-21,40,0.7317552096,0.75004220384,0.7408987067199999,0.0,0.0,0.0
2026-07-21,41,0.75004220384,0.76832919808,0.75918570096,0.0,0.0,0.0
2026-07-21,42,0.76832919808,0.78661619232,0.7774726952,0.0,0.0,0.0
2026-07-21,43,0.78661619232,0.80490318656,0.7957596894400001,0.0,0.0,0.0
2026-07-21,44,0.80490318656,0.8231901808000001,0.81404668368,0.0,0.0,0.0
2026-07-21,45,0.8231901808000001,0.84147717504,0.83233367792,0.0,0.0,0.0
2026-07-21,46,0.84147717504,0.85976416928,0.85062067216,0.0,0.0,0.0
2026-07-21,47,0.85976416928,0.87805116352,0.8689076664,0.0,0.0,0.0
2026-07-21,48,0.87805116352,0.89633815776,0.8871946606400001,0.0,0.0,0.0
2026-07-21,49,0.89633815776,0.914625152,0.90548165488,0.0,0.0,0.0
2026-07-22,0,0.00027544,0.0185624342399999,0.0094189371199999,7399901449.310991,0.0,5353910085.273672
2026-07-22,1,0.0185624342399999,0.03684942848,0.0277059313599999,677106204.2554731,0.0,793143570.4139556
2026-07-22,2,0.03684942848,0.05513642272,0.0459929256,406521807.047355,0.0,456194402.4081211
2026-07-22,3,0.05513642272,0.07342341696,0.06427991984,0.0,0.0,0.0
2026-07-22,4,0.07342341696,0.0917104112,0.08256691408,0.0,0.0,0.0
2026-07-22,5,0.0917104112,0.10999740544,0.1008539083199999,0.0,0.0,0.0
2026-07-22,6,0.10999740544,0.12828439968,0.11914090256,0.0,0.0,0.0
2026-07-22,7,0.12828439968,0.14657139392,0.1374278968,0.0,0.0,0.0
2026-07-22,8,0.14657139392,0.1648583881599999,0.1557148910399999,0.0,0.0,0.0
2026-07-22,9,0.1648583881599999,0.1831453823999999,0.17400188528,0.0,0.0,0.0
2026-07-22,10,0.1831453823999999,0.20143237664,0.1922888795199999,0.0,0.0,0.0
2026-07-22,11,0.20143237664,0.21971937088,0.2105758737599999,0.0,0.0,0.0
2026-07-22,12,0.21971937088,0.2380063651199999,0.228862868,0.0,0.0,0.0
2026-07-22,13,0.2380063651199999,0.25629335936,0.24714986224,0.0,0.0,0.0
2026-07-22,14,0.25629335936,0.2745803536,0.26543685648,0.0,0.0,0.0
2026-07-22,15,0.2745803536,0.29286734784,0.28372385072,0.0,0.0,0.0
2026-07-22,16,0.29286734784,0.31115434208,0.30201084496,0.0,0.0,0.0
2026-07-22,17,0.31115434208,0.32944133632,0.3202978392,0.0,0.0,0.0
2026-07-22,18,0.32944133632,0.34772833056,0.33858483344,0.0,0.0,0.0
2026-07-22,19,0.34772833056,0.3660153248,0.35687182768,0.0,0.0,0.0
2026-07-22,20,0.3660153248,0.38430231904,0.37515882192,0.0,0.0,0.0
2026-07-22,21,0.38430231904,0.40258931328,0.39344581616,0.0,0.0,0.0
2026-07-22,22,0.40258931328,0.42087630752,0.4117328104,0.0,0.0,0.0
2026-07-22,23,0.42087630752,0.43916330176,0.43001980464,0.0,0.0,0.0
2026-07-22,24,0.43916330176,0.457450296,0.44830679888,0.0,0.0,0.0
2026-07-22,25,0.457450296,0.47573729024,0.46659379312,0.0,0.0,0.0
2026-07-22,26,0.47573729024,0.49402428448,0.48488078736,0.0,0.0,0.0
2026-07-22,27,0.49402428448,0.51231127872,0.5031677816,0.0,0.0,0.0
2026-07-22,28,0.51231127872,0.5305982729600001,0.5214547758400001,0.0,0.0,0.0
2026-07-22,29,0.5305982729600001,0.5488852672,0.53974177008,0.0,0.0,0.0
2026-07-22,30,0.5488852672,0.56717226144,0.5580287643199999,0.0,0.0,0.0
2026-07-22,31,0.56717226144,0.58545925568,0.5763157585600001,0.0,0.0,0.0
2026-07-22,32,0.58545925568,0.60374624992,0.5946027528,0.0,0.0,0.0
2026-07-22,33,0.60374624992,0.62203324416,0.6128897470400001,0.0,0.0,0.0
2026-07-22,34,0.62203324416,0.6403202384,0.63117674128,0.0,0.0,0.0
2026-07-22,35,0.6403202384,0.65860723264,0.6494637355199999,0.0,0.0,0.0
2026-07-22,36,0.65860723264,0.67689422688,0.66775072976,0.0,0.0,0.0
2026-07-22,37,0.67689422688,0.69518122112,0.686037724,0.0,0.0,0.0
2026-07-22,38,0.69518122112,0.71346821536,0.7043247182400001,0.0,0.0,0.0
2026-07-22,39,0.71346821536,0.7317552096,0.72261171248,0.0,0.0,0.0
2026-07-22,40,0.7317552096,0.75004220384,0.7408987067199999,0.0,0.0,0.0
2026-07-22,41,0.75004220384,0.76832919808,0.75918570096,0.0,0.0,0.0
2026-07-22,42,0.76832919808,0.78661619232,0.7774726952,0.0,0.0,0.0
2026-07-22,43,0.78661619232,0.80490318656,0.7957596894400001,0.0,0.0,0.0
2026-07-22,44,0.80490318656,0.8231901808000001,0.81404668368,0.0,0.0,0.0
2026-07-22,45,0.8231901808000001,0.84147717504,0.83233367792,0.0,0.0,0.0
2026-07-22,46,0.84147717504,0.85976416928,0.85062067216,0.0,0.0,0.0
2026-07-22,47,0.85976416928,0.87805116352,0.8689076664,0.0,0.0,0.0
2026-07-22,48,0.87805116352,0.89633815776,0.8871946606400001,0.0,0.0,0.0
2026-07-22,49,0.89633815776,0.914625152,0.90548165488,0.0,0.0,0.0
2026-07-23,0,0.00027544,0.0185624342399999,0.0094189371199999,7284443110.688706,0.0,5076613148.251249
2026-07-23,1,0.0185624342399999,0.03684942848,0.0277059313599999,1004066647.001438,0.0,1151587069.5960608
2026-07-23,2,0.03684942848,0.05513642272,0.0459929256,265323182.6201,0.0,395472522.34706765
2026-07-23,3,0.05513642272,0.07342341696,0.06427991984,0.0,0.0,0.0
2026-07-23,4,0.07342341696,0.0917104112,0.08256691408,0.0,0.0,0.0
2026-07-23,5,0.0917104112,0.10999740544,0.1008539083199999,0.0,0.0,0.0
2026-07-23,6,0.10999740544,0.12828439968,0.11914090256,0.0,0.0,0.0
2026-07-23,7,0.12828439968,0.14657139392,0.1374278968,0.0,0.0,0.0
2026-07-23,8,0.14657139392,0.1648583881599999,0.1557148910399999,0.0,0.0,0.0
2026-07-23,9,0.1648583881599999,0.1831453823999999,0.17400188528,0.0,0.0,0.0
2026-07-23,10,0.1831453823999999,0.20143237664,0.1922888795199999,0.0,0.0,0.0
2026-07-23,11,0.20143237664,0.21971937088,0.2105758737599999,0.0,0.0,0.0
2026-07-23,12,0.21971937088,0.2380063651199999,0.228862868,0.0,0.0,0.0
2026-07-23,13,0.2380063651199999,0.25629335936,0.24714986224,0.0,0.0,0.0
2026-07-23,14,0.25629335936,0.2745803536,0.26543685648,0.0,0.0,0.0
2026-07-23,15,0.2745803536,0.29286734784,0.28372385072,0.0,0.0,0.0
2026-07-23,16,0.29286734784,0.31115434208,0.30201084496,0.0,0.0,0.0
2026-07-23,17,0.31115434208,0.32944133632,0.3202978392,0.0,0.0,0.0
2026-07-23,18,0.32944133632,0.34772833056,0.33858483344,0.0,0.0,0.0
2026-07-23,19,0.34772833056,0.3660153248,0.35687182768,0.0,0.0,0.0
2026-07-23,20,0.3660153248,0.38430231904,0.37515882192,0.0,0.0,0.0
2026-07-23,21,0.38430231904,0.40258931328,0.39344581616,0.0,0.0,0.0
2026-07-23,22,0.40258931328,0.42087630752,0.4117328104,0.0,0.0,0.0
2026-07-23,23,0.42087630752,0.43916330176,0.43001980464,0.0,0.0,0.0
2026-07-23,24,0.43916330176,0.457450296,0.44830679888,0.0,0.0,0.0
2026-07-23,25,0.457450296,0.47573729024,0.46659379312,0.0,0.0,0.0
2026-07-23,26,0.47573729024,0.49402428448,0.48488078736,0.0,0.0,0.0
2026-07-23,27,0.49402428448,0.51231127872,0.5031677816,0.0,0.0,0.0
2026-07-23,28,0.51231127872,0.5305982729600001,0.5214547758400001,0.0,0.0,0.0
2026-07-23,29,0.5305982729600001,0.5488852672,0.53974177008,0.0,0.0,0.0
2026-07-23,30,0.5488852672,0.56717226144,0.5580287643199999,0.0,0.0,0.0
2026-07-23,31,0.56717226144,0.58545925568,0.5763157585600001,0.0,0.0,0.0
2026-07-23,32,0.58545925568,0.60374624992,0.5946027528,0.0,0.0,0.0
2026-07-23,33,0.60374624992,0.62203324416,0.6128897470400001,0.0,0.0,0.0
2026-07-23,34,0.62203324416,0.6403202384,0.63117674128,0.0,0.0,0.0
2026-07-23,35,0.6403202384,0.65860723264,0.6494637355199999,0.0,0.0,0.0
2026-07-23,36,0.65860723264,0.67689422688,0.66775072976,0.0,0.0,0.0
2026-07-23,37,0.67689422688,0.69518122112,0.686037724,0.0,0.0,0.0
2026-07-23,38,0.69518122112,0.71346821536,0.7043247182400001,0.0,0.0,0.0
2026-07-23,39,0.71346821536,0.7317552096,0.72261171248,0.0,0.0,0.0
2026-07-23,40,0.7317552096,0.75004220384,0.7408987067199999,0.0,0.0,0.0
2026-07-23,41,0.75004220384,0.76832919808,0.75918570096,0.0,0.0,0.0
2026-07-23,42,0.76832919808,0.78661619232,0.7774726952,0.0,0.0,0.0
2026-07-23,43,0.78661619232,0.80490318656,0.7957596894400001,0.0,0.0,0.0
2026-07-23,44,0.80490318656,0.8231901808000001,0.81404668368,0.0,0.0,0.0
2026-07-23,45,0.8231901808000001,0.84147717504,0.83233367792,0.0,0.0,0.0
2026-07-23,46,0.84147717504,0.85976416928,0.85062067216,0.0,0.0,0.0
2026-07-23,47,0.85976416928,0.87805116352,0.8689076664,0.0,0.0,0.0
2026-07-23,48,0.87805116352,0.89633815776,0.8871946606400001,0.0,0.0,0.0
2026-07-23,49,0.89633815776,0.914625152,0.90548165488,0.0,0.0,0.0
2026-07-24,0,0.00027544,0.0185624342399999,0.0094189371199999,7220926521.400794,0.0,4942788265.781123
2026-07-24,1,0.0185624342399999,0.03684942848,0.0277059313599999,841389795.893086,0.0,1065120231.7971474
2026-07-24,2,0.03684942848,0.05513642272,0.0459929256,510570812.4826372,0.0,623536174.277079
2026-07-24,3,0.05513642272,0.07342341696,0.06427991984,0.0,0.0,0.0
2026-07-24,4,0.07342341696,0.0917104112,0.08256691408,0.0,0.0,0.0
2026-07-24,5,0.0917104112,0.10999740544,0.1008539083199999,0.0,0.0,0.0
2026-07-24,6,0.10999740544,0.12828439968,0.11914090256,0.0,0.0,0.0
2026-07-24,7,0.12828439968,0.14657139392,0.1374278968,0.0,0.0,0.0
2026-07-24,8,0.14657139392,0.1648583881599999,0.1557148910399999,0.0,0.0,0.0
2026-07-24,9,0.1648583881599999,0.1831453823999999,0.17400188528,0.0,0.0,0.0
2026-07-24,10,0.1831453823999999,0.20143237664,0.1922888795199999,0.0,0.0,0.0
2026-07-24,11,0.20143237664,0.21971937088,0.2105758737599999,0.0,0.0,0.0
2026-07-24,12,0.21971937088,0.2380063651199999,0.228862868,0.0,0.0,0.0
2026-07-24,13,0.2380063651199999,0.25629335936,0.24714986224,0.0,0.0,0.0
2026-07-24,14,0.25629335936,0.2745803536,0.26543685648,0.0,0.0,0.0
2026-07-24,15,0.2745803536,0.29286734784,0.28372385072,0.0,0.0,0.0
2026-07-24,16,0.29286734784,0.31115434208,0.30201084496,0.0,0.0,0.0
2026-07-24,17,0.31115434208,0.32944133632,0.3202978392,0.0,0.0,0.0
2026-07-24,18,0.32944133632,0.34772833056,0.33858483344,0.0,0.0,0.0
2026-07-24,19,0.34772833056,0.3660153248,0.35687182768,0.0,0.0,0.0
2026-07-24,20,0.3660153248,0.38430231904,0.37515882192,0.0,0.0,0.0
2026-07-24,21,0.38430231904,0.40258931328,0.39344581616,0.0,0.0,0.0
2026-07-24,22,0.40258931328,0.42087630752,0.4117328104,0.0,0.0,0.0
2026-07-24,23,0.42087630752,0.43916330176,0.43001980464,0.0,0.0,0.0
2026-07-24,24,0.43916330176,0.457450296,0.44830679888,0.0,0.0,0.0
2026-07-24,25,0.457450296,0.47573729024,0.46659379312,0.0,0.0,0.0
2026-07-24,26,0.47573729024,0.49402428448,0.48488078736,0.0,0.0,0.0
2026-07-24,27,0.49402428448,0.51231127872,0.5031677816,0.0,0.0,0.0
2026-07-24,28,0.51231127872,0.5305982729600001,0.5214547758400001,0.0,0.0,0.0
2026-07-24,29,0.5305982729600001,0.5488852672,0.53974177008,0.0,0.0,0.0
2026-07-24,30,0.5488852672,0.56717226144,0.5580287643199999,0.0,0.0,0.0
2026-07-24,31,0.56717226144,0.58545925568,0.5763157585600001,0.0,0.0,0.0
2026-07-24,32,0.58545925568,0.60374624992,0.5946027528,0.0,0.0,0.0
2026-07-24,33,0.60374624992,0.62203324416,0.6128897470400001,0.0,0.0,0.0
2026-07-24,34,0.62203324416,0.6403202384,0.63117674128,0.0,0.0,0.0
2026-07-24,35,0.6403202384,0.65860723264,0.6494637355199999,0.0,0.0,0.0
2026-07-24,36,0.65860723264,0.67689422688,0.66775072976,0.0,0.0,0.0
2026-07-24,37,0.67689422688,0.69518122112,0.686037724,0.0,0.0,0.0
2026-07-24,38,0.69518122112,0.71346821536,0.7043247182400001,0.0,0.0,0.0
2026-07-24,39,0.71346821536,0.7317552096,0.72261171248,0.0,0.0,0.0
2026-07-24,40,0.7317552096,0.75004220384,0.7408987067199999,0.0,0.0,0.0
2026-07-24,41,0.75004220384,0.76832919808,0.75918570096,0.0,0.0,0.0
2026-07-24,42,0.76832919808,0.78661619232,0.7774726952,0.0,0.0,0.0
2026-07-24,43,0.78661619232,0.80490318656,0.7957596894400001,0.0,0.0,0.0
2026-07-24,44,0.80490318656,0.8231901808000001,0.81404668368,0.0,0.0,0.0
2026-07-24,45,0.8231901808000001,0.84147717504,0.83233367792,0.0,0.0,0.0
2026-07-24,46,0.84147717504,0.85976416928,0.85062067216,0.0,0.0,0.0
2026-07-24,47,0.85976416928,0.87805116352,0.8689076664,0.0,0.0,0.0
2026-07-24,48,0.87805116352,0.89633815776,0.8871946606400001,0.0,0.0,0.0
2026-07-24,49,0.89633815776,0.914625152,0.90548165488,0.0,0.0,0.0
2026-07-25,0,0.00027544,0.0185624342399999,0.0094189371199999,7192222819.987721,0.0,4887296666.232288
2026-07-25,1,0.0185624342399999,0.03684942848,0.0277059313599999,770157309.9414535,0.0,1030915301.2639588
2026-07-25,2,0.03684942848,0.05513642272,0.0459929256,611323317.7973522,0.0,721063322.8561852
2026-07-25,3,0.05513642272,0.07342341696,0.06427991984,0.0,0.0,0.0
2026-07-25,4,0.07342341696,0.0917104112,0.08256691408,0.0,0.0,0.0
2026-07-25,5,0.0917104112,0.10999740544,0.1008539083199999,0.0,0.0,0.0
2026-07-25,6,0.10999740544,0.12828439968,0.11914090256,0.0,0.0,0.0
2026-07-25,7,0.12828439968,0.14657139392,0.1374278968,0.0,0.0,0.0
2026-07-25,8,0.14657139392,0.1648583881599999,0.1557148910399999,0.0,0.0,0.0
2026-07-25,9,0.1648583881599999,0.1831453823999999,0.17400188528,0.0,0.0,0.0
2026-07-25,10,0.1831453823999999,0.20143237664,0.1922888795199999,0.0,0.0,0.0
2026-07-25,11,0.20143237664,0.21971937088,0.2105758737599999,0.0,0.0,0.0
2026-07-25,12,0.21971937088,0.2380063651199999,0.228862868,0.0,0.0,0.0
2026-07-25,13,0.2380063651199999,0.25629335936,0.24714986224,0.0,0.0,0.0
2026-07-25,14,0.25629335936,0.2745803536,0.26543685648,0.0,0.0,0.0
2026-07-25,15,0.2745803536,0.29286734784,0.28372385072,0.0,0.0,0.0
2026-07-25,16,0.29286734784,0.31115434208,0.30201084496,0.0,0.0,0.0
2026-07-25,17,0.31115434208,0.32944133632,0.3202978392,0.0,0.0,0.0
2026-07-25,18,0.32944133632,0.34772833056,0.33858483344,0.0,0.0,0.0
2026-07-25,19,0.34772833056,0.3660153248,0.35687182768,0.0,0.0,0.0
2026-07-25,20,0.3660153248,0.38430231904,0.37515882192,0.0,0.0,0.0
2026-07-25,21,0.38430231904,0.40258931328,0.39344581616,0.0,0.0,0.0
2026-07-25,22,0.40258931328,0.42087630752,0.4117328104,0.0,0.0,0.0
2026-07-25,23,0.42087630752,0.43916330176,0.43001980464,0.0,0.0,0.0
2026-07-25,24,0.43916330176,0.457450296,0.44830679888,0.0,0.0,0.0
2026-07-25,25,0.457450296,0.47573729024,0.46659379312,0.0,0.0,0.0
2026-07-25,26,0.47573729024,0.49402428448,0.48488078736,0.0,0.0,0.0
2026-07-25,27,0.49402428448,0.51231127872,0.5031677816,0.0,0.0,0.0
2026-07-25,28,0.51231127872,0.5305982729600001,0.5214547758400001,0.0,0.0,0.0
2026-07-25,29,0.5305982729600001,0.5488852672,0.53974177008,0.0,0.0,0.0
2026-07-25,30,0.5488852672,0.56717226144,0.5580287643199999,0.0,0.0,0.0
2026-07-25,31,0.56717226144,0.58545925568,0.5763157585600001,0.0,0.0,0.0
2026-07-25,32,0.58545925568,0.60374624992,0.5946027528,0.0,0.0,0.0
2026-07-25,33,0.60374624992,0.62203324416,0.6128897470400001,0.0,0.0,0.0
2026-07-25,34,0.62203324416,0.6403202384,0.63117674128,0.0,0.0,0.0
2026-07-25,35,0.6403202384,0.65860723264,0.6494637355199999,0.0,0.0,0.0
2026-07-25,36,0.65860723264,0.67689422688,0.66775072976,0.0,0.0,0.0
2026-07-25,37,0.67689422688,0.69518122112,0.686037724,0.0,0.0,0.0
2026-07-25,38,0.69518122112,0.71346821536,0.7043247182400001,0.0,0.0,0.0
2026-07-25,39,0.71346821536,0.7317552096,0.72261171248,0.0,0.0,0.0
2026-07-25,40,0.7317552096,0.75004220384,0.7408987067199999,0.0,0.0,0.0
2026-07-25,41,0.75004220384,0.76832919808,0.75918570096,0.0,0.0,0.0
2026-07-25,42,0.76832919808,0.78661619232,0.7774726952,0.0,0.0,0.0
2026-07-25,43,0.78661619232,0.80490318656,0.7957596894400001,0.0,0.0,0.0
2026-07-25,44,0.80490318656,0.8231901808000001,0.81404668368,0.0,0.0,0.0
2026-07-25,45,0.8231901808000001,0.84147717504,0.83233367792,0.0,0.0,0.0
2026-07-25,46,0.84147717504,0.85976416928,0.85062067216,0.0,0.0,0.0
2026-07-25,47,0.85976416928,0.87805116352,0.8689076664,0.0,0.0,0.0
2026-07-25,48,0.87805116352,0.89633815776,0.8871946606400001,0.0,0.0,0.0
2026-07-25,49,0.89633815776,0.914625152,0.90548165488,0.0,0.0,0.0
2026-07-26,0,0.00027544,0.0185624342399999,0.0094189371199999,7155980302.230957,0.0,4808879874.207576
2026-07-26,1,0.0185624342399999,0.03684942848,0.0277059313599999,681398772.9259628,0.0,985847071.5395776
2026-07-26,2,0.03684942848,0.05513642272,0.0459929256,754459285.3953494,0.0,845312405.2722975
2026-07-26,3,0.05513642272,0.07342341696,0.06427991984,0.0,0.0,0.0
2026-07-26,4,0.07342341696,0.0917104112,0.08256691408,0.0,0.0,0.0
2026-07-26,5,0.0917104112,0.10999740544,0.1008539083199999,0.0,0.0,0.0
2026-07-26,6,0.10999740544,0.12828439968,0.11914090256,0.0,0.0,0.0
2026-07-26,7,0.12828439968,0.14657139392,0.1374278968,0.0,0.0,0.0
2026-07-26,8,0.14657139392,0.1648583881599999,0.1557148910399999,0.0,0.0,0.0
2026-07-26,9,0.1648583881599999,0.1831453823999999,0.17400188528,0.0,0.0,0.0
2026-07-26,10,0.1831453823999999,0.20143237664,0.1922888795199999,0.0,0.0,0.0
2026-07-26,11,0.20143237664,0.21971937088,0.2105758737599999,0.0,0.0,0.0
2026-07-26,12,0.21971937088,0.2380063651199999,0.228862868,0.0,0.0,0.0
2026-07-26,13,0.2380063651199999,0.25629335936,0.24714986224,0.0,0.0,0.0
2026-07-26,14,0.25629335936,0.2745803536,0.26543685648,0.0,0.0,0.0
2026-07-26,15,0.2745803536,0.29286734784,0.28372385072,0.0,0.0,0.0
2026-07-26,16,0.29286734784,0.31115434208,0.30201084496,0.0,0.0,0.0
2026-07-26,17,0.31115434208,0.32944133632,0.3202978392,0.0,0.0,0.0
2026-07-26,18,0.32944133632,0.34772833056,0.33858483344,0.0,0.0,0.0
2026-07-26,19,0.34772833056,0.3660153248,0.35687182768,0.0,0.0,0.0
2026-07-26,20,0.3660153248,0.38430231904,0.37515882192,0.0,0.0,0.0
2026-07-26,21,0.38430231904,0.40258931328,0.39344581616,0.0,0.0,0.0
2026-07-26,22,0.40258931328,0.42087630752,0.4117328104,0.0,0.0,0.0
2026-07-26,23,0.42087630752,0.43916330176,0.43001980464,0.0,0.0,0.0
2026-07-26,24,0.43916330176,0.457450296,0.44830679888,0.0,0.0,0.0
2026-07-26,25,0.457450296,0.47573729024,0.46659379312,0.0,0.0,0.0
2026-07-26,26,0.47573729024,0.49402428448,0.48488078736,0.0,0.0,0.0
2026-07-26,27,0.49402428448,0.51231127872,0.5031677816,0.0,0.0,0.0
2026-07-26,28,0.51231127872,0.5305982729600001,0.5214547758400001,0.0,0.0,0.0
2026-07-26,29,0.5305982729600001,0.5488852672,0.53974177008,0.0,0.0,0.0
2026-07-26,30,0.5488852672,0.56717226144,0.5580287643199999,0.0,0.0,0.0
2026-07-26,31,0.56717226144,0.58545925568,0.5763157585600001,0.0,0.0,0.0
2026-07-26,32,0.58545925568,0.60374624992,0.5946027528,0.0,0.0,0.0
2026-07-26,33,0.60374624992,0.62203324416,0.6128897470400001,0.0,0.0,0.0
2026-07-26,34,0.62203324416,0.6403202384,0.63117674128,0.0,0.0,0.0
2026-07-26,35,0.6403202384,0.65860723264,0.6494637355199999,0.0,0.0,0.0
2026-07-26,36,0.65860723264,0.67689422688,0.66775072976,0.0,0.0,0.0
2026-07-26,37,0.67689422688,0.69518122112,0.686037724,0.0,0.0,0.0
2026-07-26,38,0.69518122112,0.71346821536,0.7043247182400001,0.0,0.0,0.0
2026-07-26,39,0.71346821536,0.7317552096,0.72261171248,0.0,0.0,0.0
2026-07-26,40,0.7317552096,0.75004220384,0.7408987067199999,0.0,0.0,0.0
2026-07-26,41,0.75004220384,0.76832919808,0.75918570096,0.0,0.0,0.0
2026-07-26,42,0.76832919808,0.78661619232,0.7774726952,0.0,0.0,0.0
2026-07-26,43,0.78661619232,0.80490318656,0.7957596894400001,0.0,0.0,0.0
2026-07-26,44,0.80490318656,0.8231901808000001,0.81404668368,0.0,0.0,0.0
2026-07-26,45,0.8231901808000001,0.84147717504,0.83233367792,0.0,0.0,0.0
2026-07-26,46,0.84147717504,0.85976416928,0.85062067216,0.0,0.0,0.0
2026-07-26,47,0.85976416928,0.87805116352,0.8689076664,0.0,0.0,0.0
2026-07-26,48,0.87805116352,0.89633815776,0.8871946606400001,0.0,0.0,0.0
2026-07-26,49,0.89633815776,0.914625152,0.90548165488,0.0,0.0,0.0
2026-07-27,0,0.00027544,0.0185624342399999,0.0094189371199999,7108323748.208536,0.0,4681264456.333599
2026-07-27,1,0.0185624342399999,0.03684942848,0.0277059313599999,598038056.8486593,0.0,925256741.6838368
2026-07-27,2,0.03684942848,0.05513642272,0.0459929256,946404875.4390776,0.0,1042162077.2746804
2026-07-27,3,0.05513642272,0.07342341696,0.06427991984,0.0,0.0,0.0
2026-07-27,4,0.07342341696,0.0917104112,0.08256691408,0.0,0.0,0.0
2026-07-27,5,0.0917104112,0.10999740544,0.1008539083199999,0.0,0.0,0.0
2026-07-27,6,0.10999740544,0.12828439968,0.11914090256,0.0,0.0,0.0
2026-07-27,7,0.12828439968,0.14657139392,0.1374278968,0.0,0.0,0.0
2026-07-27,8,0.14657139392,0.1648583881599999,0.1557148910399999,0.0,0.0,0.0
2026-07-27,9,0.1648583881599999,0.1831453823999999,0.17400188528,0.0,0.0,0.0
2026-07-27,10,0.1831453823999999,0.20143237664,0.1922888795199999,0.0,0.0,0.0
2026-07-27,11,0.20143237664,0.21971937088,0.2105758737599999,0.0,0.0,0.0
2026-07-27,12,0.21971937088,0.2380063651199999,0.228862868,0.0,0.0,0.0
2026-07-27,13,0.2380063651199999,0.25629335936,0.24714986224,0.0,0.0,0.0
2026-07-27,14,0.25629335936,0.2745803536,0.26543685648,0.0,0.0,0.0
2026-07-27,15,0.2745803536,0.29286734784,0.28372385072,0.0,0.0,0.0
2026-07-27,16,0.29286734784,0.31115434208,0.30201084496,0.0,0.0,0.0
2026-07-27,17,0.31115434208,0.32944133632,0.3202978392,0.0,0.0,0.0
2026-07-27,18,0.32944133632,0.34772833056,0.33858483344,0.0,0.0,0.0
2026-07-27,19,0.34772833056,0.3660153248,0.35687182768,0.0,0.0,0.0
2026-07-27,20,0.3660153248,0.38430231904,0.37515882192,0.0,0.0,0.0
2026-07-27,21,0.38430231904,0.40258931328,0.39344581616,0.0,0.0,0.0
2026-07-27,22,0.40258931328,0.42087630752,0.4117328104,0.0,0.0,0.0
2026-07-27,23,0.42087630752,0.43916330176,0.43001980464,0.0,0.0,0.0
2026-07-27,24,0.43916330176,0.457450296,0.44830679888,0.0,0.0,0.0
2026-07-27,25,0.457450296,0.47573729024,0.46659379312,0.0,0.0,0.0
2026-07-27,26,0.47573729024,0.49402428448,0.48488078736,0.0,0.0,0.0
2026-07-27,27,0.49402428448,0.51231127872,0.5031677816,0.0,0.0,0.0
2026-07-27,28,0.51231127872,0.5305982729600001,0.5214547758400001,0.0,0.0,0.0
2026-07-27,29,0.5305982729600001,0.5488852672,0.53974177008,0.0,0.0,0.0
2026-07-27,30,0.5488852672,0.56717226144,0.5580287643199999,0.0,0.0,0.0
2026-07-27,31,0.56717226144,0.58545925568,0.5763157585600001,0.0,0.0,0.0
2026-07-27,32,0.58545925568,0.60374624992,0.5946027528,0.0,0.0,0.0
2026-07-27,33,0.60374624992,0.62203324416,0.6128897470400001,0.0,0.0,0.0
2026-07-27,34,0.62203324416,0.6403202384,0.63117674128,0.0,0.0,0.0
2026-07-27,35,0.6403202384,0.65860723264,0.6494637355199999,0.0,0.0,0.0
2026-07-27,36,0.65860723264,0.67689422688,0.66775072976,0.0,0.0,0.0
2026-07-27,37,0.67689422688,0.69518122112,0.686037724,0.0,0.0,0.0
2026-07-27,38,0.69518122112,0.71346821536,0.7043247182400001,0.0,0.0,0.0
2026-07-27,39,0.71346821536,0.7317552096,0.72261171248,0.0,0.0,0.0
2026-07-27,40,0.7317552096,0.75004220384,0.7408987067199999,0.0,0.0,0.0
2026-07-27,41,0.75004220384,0.76832919808,0.75918570096,0.0,0.0,0.0
2026-07-27,42,0.76832919808,0.78661619232,0.7774726952,0.0,0.0,0.0
2026-07-27,43,0.78661619232,0.80490318656,0.7957596894400001,0.0,0.0,0.0
2026-07-27,44,0.80490318656,0.8231901808000001,0.81404668368,0.0,0.0,0.0
2026-07-27,45,0.8231901808000001,0.84147717504,0.83233367792,0.0,0.0,0.0
2026-07-27,46,0.84147717504,0.85976416928,0.85062067216,0.0,0.0,0.0
2026-07-27,47,0.85976416928,0.87805116352,0.8689076664,0.0,0.0,0.0
2026-07-27,48,0.87805116352,0.89633815776,0.8871946606400001,0.0,0.0,0.0
2026-07-27,49,0.89633815776,0.914625152,0.90548165488,0.0,0.0,0.0
2026-07-28,0,0.00027544,0.0185624342399999,0.0094189371199999,7076441369.618942,0.0,4578497413.322147
2026-07-28,1,0.0185624342399999,0.03684942848,0.0277059313599999,755792125.1665231,0.0,1108728831.789277
2026-07-28,2,0.03684942848,0.05513642272,0.0459929256,855657835.955333,0.0,984973814.8871526
2026-07-28,3,0.05513642272,0.07342341696,0.06427991984,0.0,0.0,0.0
2026-07-28,4,0.07342341696,0.0917104112,0.08256691408,0.0,0.0,0.0
2026-07-28,5,0.0917104112,0.10999740544,0.1008539083199999,0.0,0.0,0.0
2026-07-28,6,0.10999740544,0.12828439968,0.11914090256,0.0,0.0,0.0
2026-07-28,7,0.12828439968,0.14657139392,0.1374278968,0.0,0.0,0.0
2026-07-28,8,0.14657139392,0.1648583881599999,0.1557148910399999,0.0,0.0,0.0
2026-07-28,9,0.1648583881599999,0.1831453823999999,0.17400188528,0.0,0.0,0.0
2026-07-28,10,0.1831453823999999,0.20143237664,0.1922888795199999,0.0,0.0,0.0
2026-07-28,11,0.20143237664,0.21971937088,0.2105758737599999,0.0,0.0,0.0
2026-07-28,12,0.21971937088,0.2380063651199999,0.228862868,0.0,0.0,0.0
2026-07-28,13,0.2380063651199999,0.25629335936,0.24714986224,0.0,0.0,0.0
2026-07-28,14,0.25629335936,0.2745803536,0.26543685648,0.0,0.0,0.0
2026-07-28,15,0.2745803536,0.29286734784,0.28372385072,0.0,0.0,0.0
2026-07-28,16,0.29286734784,0.31115434208,0.30201084496,0.0,0.0,0.0
2026-07-28,17,0.31115434208,0.32944133632,0.3202978392,0.0,0.0,0.0
2026-07-28,18,0.32944133632,0.34772833056,0.33858483344,0.0,0.0,0.0
2026-07-28,19,0.34772833056,0.3660153248,0.35687182768,0.0,0.0,0.0
2026-07-28,20,0.3660153248,0.38430231904,0.37515882192,0.0,0.0,0.0
2026-07-28,21,0.38430231904,0.40258931328,0.39344581616,0.0,0.0,0.0
2026-07-28,22,0.40258931328,0.42087630752,0.4117328104,0.0,0.0,0.0
2026-07-28,23,0.42087630752,0.43916330176,0.43001980464,0.0,0.0,0.0
2026-07-28,24,0.43916330176,0.457450296,0.44830679888,0.0,0.0,0.0
2026-07-28,25,0.457450296,0.47573729024,0.46659379312,0.0,0.0,0.0
2026-07-28,26,0.47573729024,0.49402428448,0.48488078736,0.0,0.0,0.0
2026-07-28,27,0.49402428448,0.51231127872,0.5031677816,0.0,0.0,0.0
2026-07-28,28,0.51231127872,0.5305982729600001,0.5214547758400001,0.0,0.0,0.0
2026-07-28,29,0.5305982729600001,0.5488852672,0.53974177008,0.0,0.0,0.0
2026-07-28,30,0.5488852672,0.56717226144,0.5580287643199999,0.0,0.0,0.0
2026-07-28,31,0.56717226144,0.58545925568,0.5763157585600001,0.0,0.0,0.0
2026-07-28,32,0.58545925568,0.60374624992,0.5946027528,0.0,0.0,0.0
2026-07-28,33,0.60374624992,0.62203324416,0.6128897470400001,0.0,0.0,0.0
2026-07-28,34,0.62203324416,0.6403202384,0.63117674128,0.0,0.0,0.0
2026-07-28,35,0.6403202384,0.65860723264,0.6494637355199999,0.0,0.0,0.0
2026-07-28,36,0.65860723264,0.67689422688,0.66775072976,0.0,0.0,0.0
2026-07-28,37,0.67689422688,0.69518122112,0.686037724,0.0,0.0,0.0
2026-07-28,38,0.69518122112,0.71346821536,0.7043247182400001,0.0,0.0,0.0
2026-07-28,39,0.71346821536,0.7317552096,0.72261171248,0.0,0.0,0.0
2026-07-28,40,0.7317552096,0.75004220384,0.7408987067199999,0.0,0.0,0.0
2026-07-28,41,0.75004220384,0.76832919808,0.75918570096,0.0,0.0,0.0
2026-07-28,42,0.76832919808,0.78661619232,0.7774726952,0.0,0.0,0.0
2026-07-28,43,0.78661619232,0.80490318656,0.7957596894400001,0.0,0.0,0.0
2026-07-28,44,0.80490318656,0.8231901808000001,0.81404668368,0.0,0.0,0.0
2026-07-28,45,0.8231901808000001,0.84147717504,0.83233367792,0.0,0.0,0.0
2026-07-28,46,0.84147717504,0.85976416928,0.85062067216,0.0,0.0,0.0
2026-07-28,47,0.85976416928,0.87805116352,0.8689076664,0.0,0.0,0.0
2026-07-28,48,0.87805116352,0.89633815776,0.8871946606400001,0.0,0.0,0.0
2026-07-28,49,0.89633815776,0.914625152,0.90548165488,0.0,0.0,0.0
2026-07-29,0,0.00027544,0.0185624342399999,0.0094189371199999,7040416091.249239,0.0,4438328156.337755
2026-07-29,1,0.0185624342399999,0.03684942848,0.0277059313599999,664451374.4188097,0.0,1077692833.2371364
2026-07-29,2,0.03684942848,0.05513642272,0.0459929256,1043700376.1324484,0.0,1159102057.8910038
2026-07-29,3,0.05513642272,0.07342341696,0.06427991984,0.0,0.0,0.0
2026-07-29,4,0.07342341696,0.0917104112,0.08256691408,0.0,0.0,0.0
2026-07-29,5,0.0917104112,0.10999740544,0.1008539083199999,0.0,0.0,0.0
2026-07-29,6,0.10999740544,0.12828439968,0.11914090256,0.0,0.0,0.0
2026-07-29,7,0.12828439968,0.14657139392,0.1374278968,0.0,0.0,0.0
2026-07-29,8,0.14657139392,0.1648583881599999,0.1557148910399999,0.0,0.0,0.0
2026-07-29,9,0.1648583881599999,0.1831453823999999,0.17400188528,0.0,0.0,0.0
2026-07-29,10,0.1831453823999999,0.20143237664,0.1922888795199999,0.0,0.0,0.0
2026-07-29,11,0.20143237664,0.21971937088,0.2105758737599999,0.0,0.0,0.0
2026-07-29,12,0.21971937088,0.2380063651199999,0.228862868,0.0,0.0,0.0
2026-07-29,13,0.2380063651199999,0.25629335936,0.24714986224,0.0,0.0,0.0
2026-07-29,14,0.25629335936,0.2745803536,0.26543685648,0.0,0.0,0.0
2026-07-29,15,0.2745803536,0.29286734784,0.28372385072,0.0,0.0,0.0
2026-07-29,16,0.29286734784,0.31115434208,0.30201084496,0.0,0.0,0.0
2026-07-29,17,0.31115434208,0.32944133632,0.3202978392,0.0,0.0,0.0
2026-07-29,18,0.32944133632,0.34772833056,0.33858483344,0.0,0.0,0.0
2026-07-29,19,0.34772833056,0.3660153248,0.35687182768,0.0,0.0,0.0
2026-07-29,20,0.3660153248,0.38430231904,0.37515882192,0.0,0.0,0.0
2026-07-29,21,0.38430231904,0.40258931328,0.39344581616,0.0,0.0,0.0
2026-07-29,22,0.40258931328,0.42087630752,0.4117328104,0.0,0.0,0.0
2026-07-29,23,0.42087630752,0.43916330176,0.43001980464,0.0,0.0,0.0
2026-07-29,24,0.43916330176,0.457450296,0.44830679888,0.0,0.0,0.0
2026-07-29,25,0.457450296,0.47573729024,0.46659379312,0.0,0.0,0.0
2026-07-29,26,0.47573729024,0.49402428448,0.48488078736,0.0,0.0,0.0
2026-07-29,27,0.49402428448,0.51231127872,0.5031677816,0.0,0.0,0.0
2026-07-29,28,0.51231127872,0.5305982729600001,0.5214547758400001,0.0,0.0,0.0
2026-07-29,29,0.5305982729600001,0.5488852672,0.53974177008,0.0,0.0,0.0
2026-07-29,30,0.5488852672,0.56717226144,0.5580287643199999,0.0,0.0,0.0
2026-07-29,31,0.56717226144,0.58545925568,0.5763157585600001,0.0,0.0,0.0
2026-07-29,32,0.58545925568,0.60374624992,0.5946027528,0.0,0.0,0.0
2026-07-29,33,0.60374624992,0.62203324416,0.6128897470400001,0.0,0.0,0.0
2026-07-29,34,0.62203324416,0.6403202384,0.63117674128,0.0,0.0,0.0
2026-07-29,35,0.6403202384,0.65860723264,0.6494637355199999,0.0,0.0,0.0
2026-07-29,36,0.65860723264,0.67689422688,0.66775072976,0.0,0.0,0.0
2026-07-29,37,0.67689422688,0.69518122112,0.686037724,0.0,0.0,0.0
2026-07-29,38,0.69518122112,0.71346821536,0.7043247182400001,0.0,0.0,0.0
2026-07-29,39,0.71346821536,0.7317552096,0.72261171248,0.0,0.0,0.0
2026-07-29,40,0.7317552096,0.75004220384,0.7408987067199999,0.0,0.0,0.0
2026-07-29,41,0.75004220384,0.76832919808,0.75918570096,0.0,0.0,0.0
2026-07-29,42,0.76832919808,0.78661619232,0.7774726952,0.0,0.0,0.0
2026-07-29,43,0.78661619232,0.80490318656,0.7957596894400001,0.0,0.0,0.0
2026-07-29,44,0.80490318656,0.8231901808000001,0.81404668368,0.0,0.0,0.0
2026-07-29,45,0.8231901808000001,0.84147717504,0.83233367792,0.0,0.0,0.0
2026-07-29,46,0.84147717504,0.85976416928,0.85062067216,0.0,0.0,0.0
2026-07-29,47,0.85976416928,0.87805116352,0.8689076664,0.0,0.0,0.0
2026-07-29,48,0.87805116352,0.89633815776,0.8871946606400001,0.0,0.0,0.0
2026-07-29,49,0.89633815776,0.914625152,0.90548165488,0.0,0.0,0.0
2026-07-30,0,0.00027544,0.0185624342399999,0.0094189371199999,7016875664.689568,0.0,4330473544.972141
2026-07-30,1,0.0185624342399999,0.03684942848,0.0277059313599999,629965152.502614,0.0,1059398173.702822
2026-07-30,2,0.03684942848,0.05513642272,0.0459929256,1118505700.01945,0.0,1285900930.9679184
2026-07-30,3,0.05513642272,0.07342341696,0.06427991984,0.0,0.0,0.0
2026-07-30,4,0.07342341696,0.0917104112,0.08256691408,0.0,0.0,0.0
2026-07-30,5,0.0917104112,0.10999740544,0.1008539083199999,0.0,0.0,0.0
2026-07-30,6,0.10999740544,0.12828439968,0.11914090256,0.0,0.0,0.0
2026-07-30,7,0.12828439968,0.14657139392,0.1374278968,0.0,0.0,0.0
2026-07-30,8,0.14657139392,0.1648583881599999,0.1557148910399999,0.0,0.0,0.0
2026-07-30,9,0.1648583881599999,0.1831453823999999,0.17400188528,0.0,0.0,0.0
2026-07-30,10,0.1831453823999999,0.20143237664,0.1922888795199999,0.0,0.0,0.0
2026-07-30,11,0.20143237664,0.21971937088,0.2105758737599999,0.0,0.0,0.0
2026-07-30,12,0.21971937088,0.2380063651199999,0.228862868,0.0,0.0,0.0
2026-07-30,13,0.2380063651199999,0.25629335936,0.24714986224,0.0,0.0,0.0
2026-07-30,14,0.25629335936,0.2745803536,0.26543685648,0.0,0.0,0.0
2026-07-30,15,0.2745803536,0.29286734784,0.28372385072,0.0,0.0,0.0
2026-07-30,16,0.29286734784,0.31115434208,0.30201084496,0.0,0.0,0.0
2026-07-30,17,0.31115434208,0.32944133632,0.3202978392,0.0,0.0,0.0
2026-07-30,18,0.32944133632,0.34772833056,0.33858483344,0.0,0.0,0.0
2026-07-30,19,0.34772833056,0.3660153248,0.35687182768,0.0,0.0,0.0
2026-07-30,20,0.3660153248,0.38430231904,0.37515882192,0.0,0.0,0.0
2026-07-30,21,0.38430231904,0.40258931328,0.39344581616,0.0,0.0,0.0
2026-07-30,22,0.40258931328,0.42087630752,0.4117328104,0.0,0.0,0.0
2026-07-30,23,0.42087630752,0.43916330176,0.43001980464,0.0,0.0,0.0
2026-07-30,24,0.43916330176,0.457450296,0.44830679888,0.0,0.0,0.0
2026-07-30,25,0.457450296,0.47573729024,0.46659379312,0.0,0.0,0.0
2026-07-30,26,0.47573729024,0.49402428448,0.48488078736,0.0,0.0,0.0
2026-07-30,27,0.49402428448,0.51231127872,0.5031677816,0.0,0.0,0.0
2026-07-30,28,0.51231127872,0.5305982729600001,0.5214547758400001,0.0,0.0,0.0
2026-07-30,29,0.5305982729600001,0.5488852672,0.53974177008,0.0,0.0,0.0
2026-07-30,30,0.5488852672,0.56717226144,0.5580287643199999,0.0,0.0,0.0
2026-07-30,31,0.56717226144,0.58545925568,0.5763157585600001,0.0,0.0,0.0
2026-07-30,32,0.58545925568,0.60374624992,0.5946027528,0.0,0.0,0.0
2026-07-30,33,0.60374624992,0.62203324416,0.6128897470400001,0.0,0.0,0.0
2026-07-30,34,0.62203324416,0.6403202384,0.63117674128,0.0,0.0,0.0
2026-07-30,35,0.6403202384,0.65860723264,0.6494637355199999,0.0,0.0,0.0
2026-07-30,36,0.65860723264,0.67689422688,0.66775072976,0.0,0.0,0.0
2026-07-30,37,0.67689422688,0.69518122112,0.686037724,0.0,0.0,0.0
2026-07-30,38,0.69518122112,0.71346821536,0.7043247182400001,0.0,0.0,0.0
2026-07-30,39,0.71346821536,0.7317552096,0.72261171248,0.0,0.0,0.0
2026-07-30,40,0.7317552096,0.75004220384,0.7408987067199999,0.0,0.0,0.0
2026-07-30,41,0.75004220384,0.76832919808,0.75918570096,0.0,0.0,0.0
2026-07-30,42,0.76832919808,0.78661619232,0.7774726952,0.0,0.0,0.0
2026-07-30,43,0.78661619232,0.80490318656,0.7957596894400001,0.0,0.0,0.0
2026-07-30,44,0.80490318656,0.8231901808000001,0.81404668368,0.0,0.0,0.0
2026-07-30,45,0.8231901808000001,0.84147717504,0.83233367792,0.0,0.0,0.0
2026-07-30,46,0.84147717504,0.85976416928,0.85062067216,0.0,0.0,0.0
2026-07-30,47,0.85976416928,0.87805116352,0.8689076664,0.0,0.0,0.0
2026-07-30,48,0.87805116352,0.89633815776,0.8871946606400001,0.0,0.0,0.0
2026-07-30,49,0.89633815776,0.914625152,0.90548165488,0.0,0.0,0.0
2026-07-31,0,0.00027544,0.0185624342399999,0.0094189371199999,6985030351.052909,0.0,4238141098.990134
2026-07-31,1,0.0185624342399999,0.03684942848,0.0277059313599999,760831972.9317647,0.0,1231597833.0883374
2026-07-31,2,0.03684942848,0.05513642272,0.0459929256,1017717383.3628912,0.0,1228656074.6869502
2026-07-31,3,0.05513642272,0.07342341696,0.06427991984,0.0,0.0,0.0
2026-07-31,4,0.07342341696,0.0917104112,0.08256691408,0.0,0.0,0.0
2026-07-31,5,0.0917104112,0.10999740544,0.1008539083199999,0.0,0.0,0.0
2026-07-31,6,0.10999740544,0.12828439968,0.11914090256,0.0,0.0,0.0
2026-07-31,7,0.12828439968,0.14657139392,0.1374278968,0.0,0.0,0.0
2026-07-31,8,0.14657139392,0.1648583881599999,0.1557148910399999,0.0,0.0,0.0
2026-07-31,9,0.1648583881599999,0.1831453823999999,0.17400188528,0.0,0.0,0.0
2026-07-31,10,0.1831453823999999,0.20143237664,0.1922888795199999,0.0,0.0,0.0
2026-07-31,11,0.20143237664,0.21971937088,0.2105758737599999,0.0,0.0,0.0
2026-07-31,12,0.21971937088,0.2380063651199999,0.228862868,0.0,0.0,0.0
2026-07-31,13,0.2380063651199999,0.25629335936,0.24714986224,0.0,0.0,0.0
2026-07-31,14,0.25629335936,0.2745803536,0.26543685648,0.0,0.0,0.0
2026-07-31,15,0.2745803536,0.29286734784,0.28372385072,0.0,0.0,0.0
2026-07-31,16,0.29286734784,0.31115434208,0.30201084496,0.0,0.0,0.0
2026-07-31,17,0.31115434208,0.32944133632,0.3202978392,0.0,0.0,0.0
2026-07-31,18,0.32944133632,0.34772833056,0.33858483344,0.0,0.0,0.0
2026-07-31,19,0.34772833056,0.3660153248,0.35687182768,0.0,0.0,0.0
2026-07-31,20,0.3660153248,0.38430231904,0.37515882192,0.0,0.0,0.0
2026-07-31,21,0.38430231904,0.40258931328,0.39344581616,0.0,0.0,0.0
2026-07-31,22,0.40258931328,0.42087630752,0.4117328104,0.0,0.0,0.0
2026-07-31,23,0.42087630752,0.43916330176,0.43001980464,0.0,0.0,0.0
2026-07-31,24,0.43916330176,0.457450296,0.44830679888,0.0,0.0,0.0
2026-07-31,25,0.457450296,0.47573729024,0.46659379312,0.0,0.0,0.0
2026-07-31,26,0.47573729024,0.49402428448,0.48488078736,0.0,0.0,0.0
2026-07-31,27,0.49402428448,0.51231127872,0.5031677816,0.0,0.0,0.0
2026-07-31,28,0.51231127872,0.5305982729600001,0.5214547758400001,0.0,0.0,0.0
2026-07-31,29,0.5305982729600001,0.5488852672,0.53974177008,0.0,0.0,0.0
2026-07-31,30,0.5488852672,0.56717226144,0.5580287643199999,0.0,0.0,0.0
2026-07-31,31,0.56717226144,0.58545925568,0.5763157585600001,0.0,0.0,0.0
2026-07-31,32,0.58545925568,0.60374624992,0.5946027528,0.0,0.0,0.0
2026-07-31,33,0.60374624992,0.62203324416,0.6128897470400001,0.0,0.0,0.0
2026-07-31,34,0.62203324416,0.6403202384,0.63117674128,0.0,0.0,0.0
2026-07-31,35,0.6403202384,0.65860723264,0.6494637355199999,0.0,0.0,0.0
2026-07-31,36,0.65860723264,0.67689422688,0.66775072976,0.0,0.0,0.0
2026-07-31,37,0.67689422688,0.69518122112,0.686037724,0.0,0.0,0.0
2026-07-31,38,0.69518122112,0.71346821536,0.7043247182400001,0.0,0.0,0.0
2026-07-31,39,0.71346821536,0.7317552096,0.72261171248,0.0,0.0,0.0
2026-07-31,40,0.7317552096,0.75004220384,0.7408987067199999,0.0,0.0,0.0
2026-07-31,41,0.75004220384,0.76832919808,0.75918570096,0.0,0.0,0.0
2026-07-31,42,0.76832919808,0.78661619232,0.7774726952,0.0,0.0,0.0
2026-07-31,43,0.78661619232,0.80490318656,0.7957596894400001,0.0,0.0,0.0
2026-07-31,44,0.80490318656,0.8231901808000001,0.81404668368,0.0,0.0,0.0
2026-07-31,45,0.8231901808000001,0.84147717504,0.83233367792,0.0,0.0,0.0
2026-07-31,46,0.84147717504,0.85976416928,0.85062067216,0.0,0.0,0.0
2026-07-31,47,0.85976416928,0.87805116352,0.8689076664,0.0,0.0,0.0
2026-07-31,48,0.87805116352,0.89633815776,0.8871946606400001,0.0,0.0,0.0
2026-07-31,49,0.89633815776,0.914625152,0.90548165488,0.0,0.0,0.0
2026-08-01,0,0.00027544,0.0185624342399999,0.0094189371199999,6927909417.653752,0.0,4013052168.7526274
2026-08-01,1,0.0185624342399999,0.03684942848,0.0277059313599999,982276037.915821,0.0,1534576382.7771575
2026-08-01,2,0.03684942848,0.05513642272,0.0459929256,905959379.4258657,0.0,1183188566.643049
2026-08-01,3,0.05513642272,0.07342341696,0.06427991984,0.0,0.0,0.0
2026-08-01,4,0.07342341696,0.0917104112,0.08256691408,0.0,0.0,0.0
2026-08-01,5,0.0917104112,0.10999740544,0.1008539083199999,0.0,0.0,0.0
2026-08-01,6,0.10999740544,0.12828439968,0.11914090256,0.0,0.0,0.0
2026-08-01,7,0.12828439968,0.14657139392,0.1374278968,0.0,0.0,0.0
2026-08-01,8,0.14657139392,0.1648583881599999,0.1557148910399999,0.0,0.0,0.0
2026-08-01,9,0.1648583881599999,0.1831453823999999,0.17400188528,0.0,0.0,0.0
2026-08-01,10,0.1831453823999999,0.20143237664,0.1922888795199999,0.0,0.0,0.0
2026-08-01,11,0.20143237664,0.21971937088,0.2105758737599999,0.0,0.0,0.0
2026-08-01,12,0.21971937088,0.2380063651199999,0.228862868,0.0,0.0,0.0
2026-08-01,13,0.2380063651199999,0.25629335936,0.24714986224,0.0,0.0,0.0
2026-08-01,14,0.25629335936,0.2745803536,0.26543685648,0.0,0.0,0.0
2026-08-01,15,0.2745803536,0.29286734784,0.28372385072,0.0,0.0,0.0
2026-08-01,16,0.29286734784,0.31115434208,0.30201084496,0.0,0.0,0.0
2026-08-01,17,0.31115434208,0.32944133632,0.3202978392,0.0,0.0,0.0
2026-08-01,18,0.32944133632,0.34772833056,0.33858483344,0.0,0.0,0.0
2026-08-01,19,0.34772833056,0.3660153248,0.35687182768,0.0,0.0,0.0
2026-08-01,20,0.3660153248,0.38430231904,0.37515882192,0.0,0.0,0.0
2026-08-01,21,0.38430231904,0.40258931328,0.39344581616,0.0,0.0,0.0
2026-08-01,22,0.40258931328,0.42087630752,0.4117328104,0.0,0.0,0.0
2026-08-01,23,0.42087630752,0.43916330176,0.43001980464,0.0,0.0,0.0
2026-08-01,24,0.43916330176,0.457450296,0.44830679888,0.0,0.0,0.0
2026-08-01,25,0.457450296,0.47573729024,0.46659379312,0.0,0.0,0.0
2026-08-01,26,0.47573729024,0.49402428448,0.48488078736,0.0,0.0,0.0
2026-08-01,27,0.49402428448,0.51231127872,0.5031677816,0.0,0.0,0.0
2026-08-01,28,0.51231127872,0.5305982729600001,0.5214547758400001,0.0,0.0,0.0
2026-08-01,29,0.5305982729600001,0.5488852672,0.53974177008,0.0,0.0,0.0
2026-08-01,30,0.5488852672,0.56717226144,0.5580287643199999,0.0,0.0,0.0
2026-08-01,31,0.56717226144,0.58545925568,0.5763157585600001,0.0,0.0,0.0
2026-08-01,32,0.58545925568,0.60374624992,0.5946027528,0.0,0.0,0.0
2026-08-01,33,0.60374624992,0.62203324416,0.6128897470400001,0.0,0.0,0.0
2026-08-01,34,0.62203324416,0.6403202384,0.63117674128,0.0,0.0,0.0
2026-08-01,35,0.6403202384,0.65860723264,0.6494637355199999,0.0,0.0,0.0
2026-08-01,36,0.65860723264,0.67689422688,0.66775072976,0.0,0.0,0.0
2026-08-01,37,0.67689422688,0.69518122112,0.686037724,0.0,0.0,0.0
2026-08-01,38,0.69518122112,0.71346821536,0.7043247182400001,0.0,0.0,0.0
2026-08-01,39,0.71346821536,0.7317552096,0.72261171248,0.0,0.0,0.0
2026-08-01,40,0.7317552096,0.75004220384,0.7408987067199999,0.0,0.0,0.0
2026-08-01,41,0.75004220384,0.76832919808,0.75918570096,0.0,0.0,0.0
2026-08-01,42,0.76832919808,0.78661619232,0.7774726952,0.0,0.0,0.0
2026-08-01,43,0.78661619232,0.80490318656,0.7957596894400001,0.0,0.0,0.0
2026-08-01,44,0.80490318656,0.8231901808000001,0.81404668368,0.0,0.0,0.0
2026-08-01,45,0.8231901808000001,0.84147717504,0.83233367792,0.0,0.0,0.0
2026-08-01,46,0.84147717504,0.85976416928,0.85062067216,0.0,0.0,0.0
2026-08-01,47,0.85976416928,0.87805116352,0.8689076664,0.0,0.0,0.0
2026-08-01,48,0.87805116352,0.89633815776,0.8871946606400001,0.0,0.0,0.0
2026-08-01,49,0.89633815776,0.914625152,0.90548165488,0.0,0.0,0.0
2026-08-02,0,0.00027544,0.0185624342399999,0.0094189371199999,6909724143.005162,0.0,3897067089.810762
2026-08-02,1,0.0185624342399999,0.03684942848,0.0277059313599999,1062752691.5617929,0.0,1696254017.032397
2026-08-02,2,0.03684942848,0.05513642272,0.0459929256,873176157.9427134,0.0,1132896519.9662576
2026-08-02,3,0.05513642272,0.07342341696,0.06427991984,0.0,0.0,0.0
2026-08-02,4,0.07342341696,0.0917104112,0.08256691408,0.0,0.0,0.0
2026-08-02,5,0.0917104112,0.10999740544,0.1008539083199999,0.0,0.0,0.0
2026-08-02,6,0.10999740544,0.12828439968,0.11914090256,0.0,0.0,0.0
2026-08-02,7,0.12828439968,0.14657139392,0.1374278968,0.0,0.0,0.0
2026-08-02,8,0.14657139392,0.1648583881599999,0.1557148910399999,0.0,0.0,0.0
2026-08-02,9,0.1648583881599999,0.1831453823999999,0.17400188528,0.0,0.0,0.0
2026-08-02,10,0.1831453823999999,0.20143237664,0.1922888795199999,0.0,0.0,0.0
2026-08-02,11,0.20143237664,0.21971937088,0.2105758737599999,0.0,0.0,0.0
2026-08-02,12,0.21971937088,0.2380063651199999,0.228862868,0.0,0.0,0.0
2026-08-02,13,0.2380063651199999,0.25629335936,0.24714986224,0.0,0.0,0.0
2026-08-02,14,0.25629335936,0.2745803536,0.26543685648,0.0,0.0,0.0
2026-08-02,15,0.2745803536,0.29286734784,0.28372385072,0.0,0.0,0.0
2026-08-02,16,0.29286734784,0.31115434208,0.30201084496,0.0,0.0,0.0
2026-08-02,17,0.31115434208,0.32944133632,0.3202978392,0.0,0.0,0.0
2026-08-02,18,0.32944133632,0.34772833056,0.33858483344,0.0,0.0,0.0
2026-08-02,19,0.34772833056,0.3660153248,0.35687182768,0.0,0.0,0.0
2026-08-02,20,0.3660153248,0.38430231904,0.37515882192,0.0,0.0,0.0
2026-08-02,21,0.38430231904,0.40258931328,0.39344581616,0.0,0.0,0.0
2026-08-02,22,0.40258931328,0.42087630752,0.4117328104,0.0,0.0,0.0
2026-08-02,23,0.42087630752,0.43916330176,0.43001980464,0.0,0.0,0.0
2026-08-02,24,0.43916330176,0.457450296,0.44830679888,0.0,0.0,0.0
2026-08-02,25,0.457450296,0.47573729024,0.46659379312,0.0,0.0,0.0
2026-08-02,26,0.47573729024,0.49402428448,0.48488078736,0.0,0.0,0.0
2026-08-02,27,0.49402428448,0.51231127872,0.5031677816,0.0,0.0,0.0
2026-08-02,28,0.51231127872,0.5305982729600001,0.5214547758400001,0.0,0.0,0.0
2026-08-02,29,0.5305982729600001,0.5488852672,0.53974177008,0.0,0.0,0.0
2026-08-02,30,0.5488852672,0.56717226144,0.5580287643199999,0.0,0.0,0.0
2026-08-02,31,0.56717226144,0.58545925568,0.5763157585600001,0.0,0.0,0.0
2026-08-02,32,0.58545925568,0.60374624992,0.5946027528,0.0,0.0,0.0
2026-08-02,33,0.60374624992,0.62203324416,0.6128897470400001,0.0,0.0,0.0
2026-08-02,34,0.62203324416,0.6403202384,0.63117674128,0.0,0.0,0.0
2026-08-02,35,0.6403202384,0.65860723264,0.6494637355199999,0.0,0.0,0.0
2026-08-02,36,0.65860723264,0.67689422688,0.66775072976,0.0,0.0,0.0
2026-08-02,37,0.67689422688,0.69518122112,0.686037724,0.0,0.0,0.0
2026-08-02,38,0.69518122112,0.71346821536,0.7043247182400001,0.0,0.0,0.0
2026-08-02,39,0.71346821536,0.7317552096,0.72261171248,0.0,0.0,0.0
2026-08-02,40,0.7317552096,0.75004220384,0.7408987067199999,0.0,0.0,0.0
2026-08-02,41,0.75004220384,0.76832919808,0.75918570096,0.0,0.0,0.0
2026-08-02,42,0.76832919808,0.78661619232,0.7774726952,0.0,0.0,0.0
2026-08-02,43,0.78661619232,0.80490318656,0.7957596894400001,0.0,0.0,0.0
2026-08-02,44,0.80490318656,0.8231901808000001,0.81404668368,0.0,0.0,0.0
2026-08-02,45,0.8231901808000001,0.84147717504,0.83233367792,0.0,0.0,0.0
2026-08-02,46,0.84147717504,0.85976416928,0.85062067216,0.0,0.0,0.0
2026-08-02,47,0.85976416928,0.87805116352,0.8689076664,0.0,0.0,0.0
2026-08-02,48,0.87805116352,0.89633815776,0.8871946606400001,0.0,0.0,0.0
2026-08-02,49,0.89633815776,0.914625152,0.90548165488,0.0,0.0,0.0
2026-08-03,0,0.00027544,0.0185624342399999,0.0094189371199999,6896276050.402297,0.0,3794645836.974788
2026-08-03,1,0.0185624342399999,0.03684942848,0.0277059313599999,1118214022.5334115,0.0,1854318457.132202
2026-08-03,2,0.03684942848,0.05513642272,0.0459929256,839519766.4526736,0.0,1083300388.7598038
2026-08-03,3,0.05513642272,0.07342341696,0.06427991984,0.0,0.0,0.0
2026-08-03,4,0.07342341696,0.0917104112,0.08256691408,0.0,0.0,0.0
2026-08-03,5,0.0917104112,0.10999740544,0.1008539083199999,0.0,0.0,0.0
2026-08-03,6,0.10999740544,0.12828439968,0.11914090256,0.0,0.0,0.0
2026-08-03,7,0.12828439968,0.14657139392,0.1374278968,0.0,0.0,0.0
2026-08-03,8,0.14657139392,0.1648583881599999,0.1557148910399999,0.0,0.0,0.0
2026-08-03,9,0.1648583881599999,0.1831453823999999,0.17400188528,0.0,0.0,0.0
2026-08-03,10,0.1831453823999999,0.20143237664,0.1922888795199999,0.0,0.0,0.0
2026-08-03,11,0.20143237664,0.21971937088,0.2105758737599999,0.0,0.0,0.0
2026-08-03,12,0.21971937088,0.2380063651199999,0.228862868,0.0,0.0,0.0
2026-08-03,13,0.2380063651199999,0.25629335936,0.24714986224,0.0,0.0,0.0
2026-08-03,14,0.25629335936,0.2745803536,0.26543685648,0.0,0.0,0.0
2026-08-03,15,0.2745803536,0.29286734784,0.28372385072,0.0,0.0,0.0
2026-08-03,16,0.29286734784,0.31115434208,0.30201084496,0.0,0.0,0.0
2026-08-03,17,0.31115434208,0.32944133632,0.3202978392,0.0,0.0,0.0
2026-08-03,18,0.32944133632,0.34772833056,0.33858483344,0.0,0.0,0.0
2026-08-03,19,0.34772833056,0.3660153248,0.35687182768,0.0,0.0,0.0
2026-08-03,20,0.3660153248,0.38430231904,0.37515882192,0.0,0.0,0.0
2026-08-03,21,0.38430231904,0.40258931328,0.39344581616,0.0,0.0,0.0
2026-08-03,22,0.40258931328,0.42087630752,0.4117328104,0.0,0.0,0.0
2026-08-03,23,0.42087630752,0.43916330176,0.43001980464,0.0,0.0,0.0
2026-08-03,24,0.43916330176,0.457450296,0.44830679888,0.0,0.0,0.0
2026-08-03,25,0.457450296,0.47573729024,0.46659379312,0.0,0.0,0.0
2026-08-03,26,0.47573729024,0.49402428448,0.48488078736,0.0,0.0,0.0
2026-08-03,27,0.49402428448,0.51231127872,0.5031677816,0.0,0.0,0.0
2026-08-03,28,0.51231127872,0.5305982729600001,0.5214547758400001,0.0,0.0,0.0
2026-08-03,29,0.5305982729600001,0.5488852672,0.53974177008,0.0,0.0,0.0
2026-08-03,30,0.5488852672,0.56717226144,0.5580287643199999,0.0,0.0,0.0
2026-08-03,31,0.56717226144,0.58545925568,0.5763157585600001,0.0,0.0,0.0
2026-08-03,32,0.58545925568,0.60374624992,0.5946027528,0.0,0.0,0.0
2026-08-03,33,0.60374624992,0.62203324416,0.6128897470400001,0.0,0.0,0.0
2026-08-03,34,0.62203324416,0.6403202384,0.63117674128,0.0,0.0,0.0
2026-08-03,35,0.6403202384,0.65860723264,0.6494637355199999,0.0,0.0,0.0
2026-08-03,36,0.65860723264,0.67689422688,0.66775072976,0.0,0.0,0.0
2026-08-03,37,0.67689422688,0.69518122112,0.686037724,0.0,0.0,0.0
2026-08-03,38,0.69518122112,0.71346821536,0.7043247182400001,0.0,0.0,0.0
2026-08-03,39,0.71346821536,0.7317552096,0.72261171248,0.0,0.0,0.0
2026-08-03,40,0.7317552096,0.75004220384,0.7408987067199999,0.0,0.0,0.0
2026-08-03,41,0.75004220384,0.76832919808,0.75918570096,0.0,0.0,0.0
2026-08-03,42,0.76832919808,0.78661619232,0.7774726952,0.0,0.0,0.0
2026-08-03,43,0.78661619232,0.80490318656,0.7957596894400001,0.0,0.0,0.0
2026-08-03,44,0.80490318656,0.8231901808000001,0.81404668368,0.0,0.0,0.0
2026-08-03,45,0.8231901808000001,0.84147717504,0.83233367792,0.0,0.0,0.0
2026-08-03,46,0.84147717504,0.85976416928,0.85062067216,0.0,0.0,0.0
2026-08-03,47,0.85976416928,0.87805116352,0.8689076664,0.0,0.0,0.0
2026-08-03,48,0.87805116352,0.89633815776,0.8871946606400001,0.0,0.0,0.0
2026-08-03,49,0.89633815776,0.914625152,0.90548165488,0.0,0.0,0.0
2026-08-04,0,0.00027544,0.0185624342399999,0.0094189371199999,6868043542.210719,0.0,3604975239.996576
2026-08-04,1,0.0185624342399999,0.03684942848,0.0277059313599999,1261148024.724927,0.0,2102874810.0653515
2026-08-04,2,0.03684942848,0.05513642272,0.0459929256,777405012.4654654,0.0,1029707721.7164158
2026-08-04,3,0.05513642272,0.07342341696,0.06427991984,0.0,0.0,0.0
2026-08-04,4,0.07342341696,0.0917104112,0.08256691408,0.0,0.0,0.0
2026-08-04,5,0.0917104112,0.10999740544,0.1008539083199999,0.0,0.0,0.0
2026-08-04,6,0.10999740544,0.12828439968,0.11914090256,0.0,0.0,0.0
2026-08-04,7,0.12828439968,0.14657139392,0.1374278968,0.0,0.0,0.0
2026-08-04,8,0.14657139392,0.1648583881599999,0.1557148910399999,0.0,0.0,0.0
2026-08-04,9,0.1648583881599999,0.1831453823999999,0.17400188528,0.0,0.0,0.0
2026-08-04,10,0.1831453823999999,0.20143237664,0.1922888795199999,0.0,0.0,0.0
2026-08-04,11,0.20143237664,0.21971937088,0.2105758737599999,0.0,0.0,0.0
2026-08-04,12,0.21971937088,0.2380063651199999,0.228862868,0.0,0.0,0.0
2026-08-04,13,0.2380063651199999,0.25629335936,0.24714986224,0.0,0.0,0.0
2026-08-04,14,0.25629335936,0.2745803536,0.26543685648,0.0,0.0,0.0
2026-08-04,15,0.2745803536,0.29286734784,0.28372385072,0.0,0.0,0.0
2026-08-04,16,0.29286734784,0.31115434208,0.30201084496,0.0,0.0,0.0
2026-08-04,17,0.31115434208,0.32944133632,0.3202978392,0.0,0.0,0.0
2026-08-04,18,0.32944133632,0.34772833056,0.33858483344,0.0,0.0,0.0
2026-08-04,19,0.34772833056,0.3660153248,0.35687182768,0.0,0.0,0.0
2026-08-04,20,0.3660153248,0.38430231904,0.37515882192,0.0,0.0,0.0
2026-08-04,21,0.38430231904,0.40258931328,0.39344581616,0.0,0.0,0.0
2026-08-04,22,0.40258931328,0.42087630752,0.4117328104,0.0,0.0,0.0
2026-08-04,23,0.42087630752,0.43916330176,0.43001980464,0.0,0.0,0.0
2026-08-04,24,0.43916330176,0.457450296,0.44830679888,0.0,0.0,0.0
2026-08-04,25,0.457450296,0.47573729024,0.46659379312,0.0,0.0,0.0
2026-08-04,26,0.47573729024,0.49402428448,0.48488078736,0.0,0.0,0.0
2026-08-04,27,0.49402428448,0.51231127872,0.5031677816,0.0,0.0,0.0
2026-08-04,28,0.51231127872,0.5305982729600001,0.5214547758400001,0.0,0.0,0.0
2026-08-04,29,0.5305982729600001,0.5488852672,0.53974177008,0.0,0.0,0.0
2026-08-04,30,0.5488852672,0.56717226144,0.5580287643199999,0.0,0.0,0.0
2026-08-04,31,0.56717226144,0.58545925568,0.5763157585600001,0.0,0.0,0.0
2026-08-04,32,0.58545925568,0.60374624992,0.5946027528,0.0,0.0,0.0
2026-08-04,33,0.60374624992,0.62203324416,0.6128897470400001,0.0,0.0,0.0
2026-08-04,34,0.62203324416,0.6403202384,0.63117674128,0.0,0.0,0.0
2026-08-04,35,0.6403202384,0.65860723264,0.6494637355199999,0.0,0.0,0.0
2026-08-04,36,0.65860723264,0.67689422688,0.66775072976,0.0,0.0,0.0
2026-08-04,37,0.67689422688,0.69518122112,0.686037724,0.0,0.0,0.0
2026-08-04,38,0.69518122112,0.71346821536,0.7043247182400001,0.0,0.0,0.0
2026-08-04,39,0.71346821536,0.7317552096,0.72261171248,0.0,0.0,0.0
2026-08-04,40,0.7317552096,0.75004220384,0.7408987067199999,0.0,0.0,0.0
2026-08-04,41,0.75004220384,0.76832919808,0.75918570096,0.0,0.0,0.0
2026-08-04,42,0.76832919808,0.78661619232,0.7774726952,0.0,0.0,0.0
2026-08-04,43,0.78661619232,0.80490318656,0.7957596894400001,0.0,0.0,0.0
2026-08-04,44,0.80490318656,0.8231901808000001,0.81404668368,0.0,0.0,0.0
2026-08-04,45,0.8231901808000001,0.84147717504,0.83233367792,0.0,0.0,0.0
2026-08-04,46,0.84147717504,0.85976416928,0.85062067216,0.0,0.0,0.0
2026-08-04,47,0.85976416928,0.87805116352,0.8689076664,0.0,0.0,0.0
2026-08-04,48,0.87805116352,0.89633815776,0.8871946606400001,0.0,0.0,0.0
2026-08-04,49,0.89633815776,0.914625152,0.90548165488,0.0,0.0,0.0
2026-08-05,0,0.00027544,0.0185624342399999,0.0094189371199999,7337191691.185318,0.0,3932366176.882312
2026-08-05,1,0.0185624342399999,0.03684942848,0.0277059313599999,1003667095.8622088,0.0,1877297157.0565703
2026-08-05,2,0.03684942848,0.05513642272,0.0459929256,673738041.3262582,0.0,980338465.9516162
2026-08-05,3,0.05513642272,0.07342341696,0.06427991984,0.0,0.0,0.0
2026-08-05,4,0.07342341696,0.0917104112,0.08256691408,0.0,0.0,0.0
2026-08-05,5,0.0917104112,0.10999740544,0.1008539083199999,0.0,0.0,0.0
2026-08-05,6,0.10999740544,0.12828439968,0.11914090256,0.0,0.0,0.0
2026-08-05,7,0.12828439968,0.14657139392,0.1374278968,0.0,0.0,0.0
2026-08-05,8,0.14657139392,0.1648583881599999,0.1557148910399999,0.0,0.0,0.0
2026-08-05,9,0.1648583881599999,0.1831453823999999,0.17400188528,0.0,0.0,0.0
2026-08-05,10,0.1831453823999999,0.20143237664,0.1922888795199999,0.0,0.0,0.0
2026-08-05,11,0.20143237664,0.21971937088,0.2105758737599999,0.0,0.0,0.0
2026-08-05,12,0.21971937088,0.2380063651199999,0.228862868,0.0,0.0,0.0
2026-08-05,13,0.2380063651199999,0.25629335936,0.24714986224,0.0,0.0,0.0
2026-08-05,14,0.25629335936,0.2745803536,0.26543685648,0.0,0.0,0.0
2026-08-05,15,0.2745803536,0.29286734784,0.28372385072,0.0,0.0,0.0
2026-08-05,16,0.29286734784,0.31115434208,0.30201084496,0.0,0.0,0.0
2026-08-05,17,0.31115434208,0.32944133632,0.3202978392,0.0,0.0,0.0
2026-08-05,18,0.32944133632,0.34772833056,0.33858483344,0.0,0.0,0.0
2026-08-05,19,0.34772833056,0.3660153248,0.35687182768,0.0,0.0,0.0
2026-08-05,20,0.3660153248,0.38430231904,0.37515882192,0.0,0.0,0.0
2026-08-05,21,0.38430231904,0.40258931328,0.39344581616,0.0,0.0,0.0
2026-08-05,22,0.40258931328,0.42087630752,0.4117328104,0.0,0.0,0.0
2026-08-05,23,0.42087630752,0.43916330176,0.43001980464,0.0,0.0,0.0
2026-08-05,24,0.43916330176,0.457450296,0.44830679888,0.0,0.0,0.0
2026-08-05,25,0.457450296,0.47573729024,0.46659379312,0.0,0.0,0.0
2026-08-05,26,0.47573729024,0.49402428448,0.48488078736,0.0,0.0,0.0
2026-08-05,27,0.49402428448,0.51231127872,0.5031677816,0.0,0.0,0.0
2026-08-05,28,0.51231127872,0.5305982729600001,0.5214547758400001,0.0,0.0,0.0
2026-08-05,29,0.5305982729600001,0.5488852672,0.53974177008,0.0,0.0,0.0
2026-08-05,30,0.5488852672,0.56717226144,0.5580287643199999,0.0,0.0,0.0
2026-08-05,31,0.56717226144,0.58545925568,0.5763157585600001,0.0,0.0,0.0
2026-08-05,32,0.58545925568,0.60374624992,0.5946027528,0.0,0.0,0.0
2026-08-05,33,0.60374624992,0.62203324416,0.6128897470400001,0.0,0.0,0.0
2026-08-05,34,0.62203324416,0.6403202384,0.63117674128,0.0,0.0,0.0
2026-08-05,35,0.6403202384,0.65860723264,0.6494637355199999,0.0,0.0,0.0
2026-08-05,36,0.65860723264,0.67689422688,0.66775072976,0.0,0.0,0.0
2026-08-05,37,0.67689422688,0.69518122112,0.686037724,0.0,0.0,0.0
2026-08-05,38,0.69518122112,0.71346821536,0.7043247182400001,0.0,0.0,0.0
2026-08-05,39,0.71346821536,0.7317552096,0.72261171248,0.0,0.0,0.0
2026-08-05,40,0.7317552096,0.75004220384,0.7408987067199999,0.0,0.0,0.0
2026-08-05,41,0.75004220384,0.76832919808,0.75918570096,0.0,0.0,0.0
2026-08-05,42,0.76832919808,0.78661619232,0.7774726952,0.0,0.0,0.0
2026-08-05,43,0.78661619232,0.80490318656,0.7957596894400001,0.0,0.0,0.0
2026-08-05,44,0.80490318656,0.8231901808000001,0.81404668368,0.0,0.0,0.0
2026-08-05,45,0.8231901808000001,0.84147717504,0.83233367792,0.0,0.0,0.0
2026-08-05,46,0.84147717504,0.85976416928,0.85062067216,0.0,0.0,0.0
2026-08-05,47,0.85976416928,0.87805116352,0.8689076664,0.0,0.0,0.0
2026-08-05,48,0.87805116352,0.89633815776,0.8871946606400001,0.0,0.0,0.0
2026-08-05,49,0.89633815776,0.914625152,0.90548165488,0.0,0.0,0.0
2026-08-06,0,0.00027544,0.0185624342399999,0.0094189371199999,7095372026.708727,0.0,3653960564.3534994
2026-08-06,1,0.0185624342399999,0.03684942848,0.0277059313599999,1368896882.6807446,0.0,2179656057.868817
2026-08-06,2,0.03684942848,0.05513642272,0.0459929256,621352426.6924573,0.0,971914939.200786
2026-08-06,3,0.05513642272,0.07342341696,0.06427991984,0.0,0.0,0.0
2026-08-06,4,0.07342341696,0.0917104112,0.08256691408,0.0,0.0,0.0
2026-08-06,5,0.0917104112,0.10999740544,0.1008539083199999,0.0,0.0,0.0
2026-08-06,6,0.10999740544,0.12828439968,0.11914090256,0.0,0.0,0.0
2026-08-06,7,0.12828439968,0.14657139392,0.1374278968,0.0,0.0,0.0
2026-08-06,8,0.14657139392,0.1648583881599999,0.1557148910399999,0.0,0.0,0.0
2026-08-06,9,0.1648583881599999,0.1831453823999999,0.17400188528,0.0,0.0,0.0
2026-08-06,10,0.1831453823999999,0.20143237664,0.1922888795199999,0.0,0.0,0.0
2026-08-06,11,0.20143237664,0.21971937088,0.2105758737599999,0.0,0.0,0.0
2026-08-06,12,0.21971937088,0.2380063651199999,0.228862868,0.0,0.0,0.0
2026-08-06,13,0.2380063651199999,0.25629335936,0.24714986224,0.0,0.0,0.0
2026-08-06,14,0.25629335936,0.2745803536,0.26543685648,0.0,0.0,0.0
2026-08-06,15,0.2745803536,0.29286734784,0.28372385072,0.0,0.0,0.0
2026-08-06,16,0.29286734784,0.31115434208,0.30201084496,0.0,0.0,0.0
2026-08-06,17,0.31115434208,0.32944133632,0.3202978392,0.0,0.0,0.0
2026-08-06,18,0.32944133632,0.34772833056,0.33858483344,0.0,0.0,0.0
2026-08-06,19,0.34772833056,0.3660153248,0.35687182768,0.0,0.0,0.0
2026-08-06,20,0.3660153248,0.38430231904,0.37515882192,0.0,0.0,0.0
2026-08-06,21,0.38430231904,0.40258931328,0.39344581616,0.0,0.0,0.0
2026-08-06,22,0.40258931328,0.42087630752,0.4117328104,0.0,0.0,0.0
2026-08-06,23,0.42087630752,0.43916330176,0.43001980464,0.0,0.0,0.0
2026-08-06,24,0.43916330176,0.457450296,0.44830679888,0.0,0.0,0.0
2026-08-06,25,0.457450296,0.47573729024,0.46659379312,0.0,0.0,0.0
2026-08-06,26,0.47573729024,0.49402428448,0.48488078736,0.0,0.0,0.0
2026-08-06,27,0.49402428448,0.51231127872,0.5031677816,0.0,0.0,0.0
2026-08-06,28,0.51231127872,0.5305982729600001,0.5214547758400001,0.0,0.0,0.0
2026-08-06,29,0.5305982729600001,0.5488852672,0.53974177008,0.0,0.0,0.0
2026-08-06,30,0.5488852672,0.56717226144,0.5580287643199999,0.0,0.0,0.0
2026-08-06,31,0.56717226144,0.58545925568,0.5763157585600001,0.0,0.0,0.0
2026-08-06,32,0.58545925568,0.60374624992,0.5946027528,0.0,0.0,0.0
2026-08-06,33,0.60374624992,0.62203324416,0.6128897470400001,0.0,0.0,0.0
2026-08-06,34,0.62203324416,0.6403202384,0.63117674128,0.0,0.0,0.0
2026-08-06,35,0.6403202384,0.65860723264,0.6494637355199999,0.0,0.0,0.0
2026-08-06,36,0.65860723264,0.67689422688,0.66775072976,0.0,0.0,0.0
2026-08-06,37,0.67689422688,0.69518122112,0.686037724,0.0,0.0,0.0
2026-08-06,38,0.69518122112,0.71346821536,0.7043247182400001,0.0,0.0,0.0
2026-08-06,39,0.71346821536,0.7317552096,0.72261171248,0.0,0.0,0.0
2026-08-06,40,0.7317552096,0.75004220384,0.7408987067199999,0.0,0.0,0.0
2026-08-06,41,0.75004220384,0.76832919808,0.75918570096,0.0,0.0,0.0
2026-08-06,42,0.76832919808,0.78661619232,0.7774726952,0.0,0.0,0.0
2026-08-06,43,0.78661619232,0.80490318656,0.7957596894400001,0.0,0.0,0.0
2026-08-06,44,0.80490318656,0.8231901808000001,0.81404668368,0.0,0.0,0.0
2026-08-06,45,0.8231901808000001,0.84147717504,0.83233367792,0.0,0.0,0.0
2026-08-06,46,0.84147717504,0.85976416928,0.85062067216,0.0,0.0,0.0
2026-08-06,47,0.85976416928,0.87805116352,0.8689076664,0.0,0.0,0.0
2026-08-06,48,0.87805116352,0.89633815776,0.8871946606400001,0.0,0.0,0.0
2026-08-06,49,0.89633815776,0.914625152,0.90548165488,0.0,0.0,0.0
2026-08-07,0,0.00027544,0.0185624342399999,0.0094189371199999,6955030233.177479,0.0,3336668588.30872
2026-08-07,1,0.0185624342399999,0.03684942848,0.0277059313599999,1589176295.6729908,0.0,2503865354.8333898
2026-08-07,2,0.03684942848,0.05513642272,0.0459929256,599701771.6860156,0.0,960900590.5655544
2026-08-07,3,0.05513642272,0.07342341696,0.06427991984,0.0,0.0,0.0
2026-08-07,4,0.07342341696,0.0917104112,0.08256691408,0.0,0.0,0.0
2026-08-07,5,0.0917104112,0.10999740544,0.1008539083199999,0.0,0.0,0.0
2026-08-07,6,0.10999740544,0.12828439968,0.11914090256,0.0,0.0,0.0
2026-08-07,7,0.12828439968,0.14657139392,0.1374278968,0.0,0.0,0.0
2026-08-07,8,0.14657139392,0.1648583881599999,0.1557148910399999,0.0,0.0,0.0
2026-08-07,9,0.1648583881599999,0.1831453823999999,0.17400188528,0.0,0.0,0.0
2026-08-07,10,0.1831453823999999,0.20143237664,0.1922888795199999,0.0,0.0,0.0
2026-08-07,11,0.20143237664,0.21971937088,0.2105758737599999,0.0,0.0,0.0
2026-08-07,12,0.21971937088,0.2380063651199999,0.228862868,0.0,0.0,0.0
2026-08-07,13,0.2380063651199999,0.25629335936,0.24714986224,0.0,0.0,0.0
2026-08-07,14,0.25629335936,0.2745803536,0.26543685648,0.0,0.0,0.0
2026-08-07,15,0.2745803536,0.29286734784,0.28372385072,0.0,0.0,0.0
2026-08-07,16,0.29286734784,0.31115434208,0.30201084496,0.0,0.0,0.0
2026-08-07,17,0.31115434208,0.32944133632,0.3202978392,0.0,0.0,0.0
2026-08-07,18,0.32944133632,0.34772833056,0.33858483344,0.0,0.0,0.0
2026-08-07,19,0.34772833056,0.3660153248,0.35687182768,0.0,0.0,0.0
2026-08-07,20,0.3660153248,0.38430231904,0.37515882192,0.0,0.0,0.0
2026-08-07,21,0.38430231904,0.40258931328,0.39344581616,0.0,0.0,0.0
2026-08-07,22,0.40258931328,0.42087630752,0.4117328104,0.0,0.0,0.0
2026-08-07,23,0.42087630752,0.43916330176,0.43001980464,0.0,0.0,0.0
2026-08-07,24,0.43916330176,0.457450296,0.44830679888,0.0,0.0,0.0
2026-08-07,25,0.457450296,0.47573729024,0.46659379312,0.0,0.0,0.0
2026-08-07,26,0.47573729024,0.49402428448,0.48488078736,0.0,0.0,0.0
2026-08-07,27,0.49402428448,0.51231127872,0.5031677816,0.0,0.0,0.0
2026-08-07,28,0.51231127872,0.5305982729600001,0.5214547758400001,0.0,0.0,0.0
2026-08-07,29,0.5305982729600001,0.5488852672,0.53974177008,0.0,0.0,0.0
2026-08-07,30,0.5488852672,0.56717226144,0.5580287643199999,0.0,0.0,0.0
2026-08-07,31,0.56717226144,0.58545925568,0.5763157585600001,0.0,0.0,0.0
2026-08-07,32,0.58545925568,0.60374624992,0.5946027528,0.0,0.0,0.0
2026-08-07,33,0.60374624992,0.62203324416,0.6128897470400001,0.0,0.0,0.0
2026-08-07,34,0.62203324416,0.6403202384,0.63117674128,0.0,0.0,0.0
2026-08-07,35,0.6403202384,0.65860723264,0.6494637355199999,0.0,0.0,0.0
2026-08-07,36,0.65860723264,0.67689422688,0.66775072976,0.0,0.0,0.0
2026-08-07,37,0.67689422688,0.69518122112,0.686037724,0.0,0.0,0.0
2026-08-07,38,0.69518122112,0.71346821536,0.7043247182400001,0.0,0.0,0.0
2026-08-07,39,0.71346821536,0.7317552096,0.72261171248,0.0,0.0,0.0
2026-08-07,40,0.7317552096,0.75004220384,0.7408987067199999,0.0,0.0,0.0
2026-08-07,41,0.75004220384,0.76832919808,0.75918570096,0.0,0.0,0.0
2026-08-07,42,0.76832919808,0.78661619232,0.7774726952,0.0,0.0,0.0
2026-08-07,43,0.78661619232,0.80490318656,0.7957596894400001,0.0,0.0,0.0
2026-08-07,44,0.80490318656,0.8231901808000001,0.81404668368,0.0,0.0,0.0
2026-08-07,45,0.8231901808000001,0.84147717504,0.83233367792,0.0,0.0,0.0
2026-08-07,46,0.84147717504,0.85976416928,0.85062067216,0.0,0.0,0.0
2026-08-07,47,0.85976416928,0.87805116352,0.8689076664,0.0,0.0,0.0
2026-08-07,48,0.87805116352,0.89633815776,0.8871946606400001,0.0,0.0,0.0
2026-08-07,49,0.89633815776,0.914625152,0.90548165488,0.0,0.0,0.0
2026-08-08,0,0.00027544,0.0185624342399999,0.0094189371199999,6926210826.465937,0.0,3245560381.6596174
2026-08-08,1,0.0185624342399999,0.03684942848,0.0277059313599999,1640256757.239961,0.0,2622445841.9107027
2026-08-08,2,0.03684942848,0.05513642272,0.0459929256,590495442.5889456,0.0,954644757.5816674
2026-08-08,3,0.05513642272,0.07342341696,0.06427991984,0.0,0.0,0.0
2026-08-08,4,0.07342341696,0.0917104112,0.08256691408,0.0,0.0,0.0
2026-08-08,5,0.0917104112,0.10999740544,0.1008539083199999,0.0,0.0,0.0
2026-08-08,6,0.10999740544,0.12828439968,0.11914090256,0.0,0.0,0.0
2026-08-08,7,0.12828439968,0.14657139392,0.1374278968,0.0,0.0,0.0
2026-08-08,8,0.14657139392,0.1648583881599999,0.1557148910399999,0.0,0.0,0.0
2026-08-08,9,0.1648583881599999,0.1831453823999999,0.17400188528,0.0,0.0,0.0
2026-08-08,10,0.1831453823999999,0.20143237664,0.1922888795199999,0.0,0.0,0.0
2026-08-08,11,0.20143237664,0.21971937088,0.2105758737599999,0.0,0.0,0.0
2026-08-08,12,0.21971937088,0.2380063651199999,0.228862868,0.0,0.0,0.0
2026-08-08,13,0.2380063651199999,0.25629335936,0.24714986224,0.0,0.0,0.0
2026-08-08,14,0.25629335936,0.2745803536,0.26543685648,0.0,0.0,0.0
2026-08-08,15,0.2745803536,0.29286734784,0.28372385072,0.0,0.0,0.0
2026-08-08,16,0.29286734784,0.31115434208,0.30201084496,0.0,0.0,0.0
2026-08-08,17,0.31115434208,0.32944133632,0.3202978392,0.0,0.0,0.0
2026-08-08,18,0.32944133632,0.34772833056,0.33858483344,0.0,0.0,0.0
2026-08-08,19,0.34772833056,0.3660153248,0.35687182768,0.0,0.0,0.0
2026-08-08,20,0.3660153248,0.38430231904,0.37515882192,0.0,0.0,0.0
2026-08-08,21,0.38430231904,0.40258931328,0.39344581616,0.0,0.0,0.0
2026-08-08,22,0.40258931328,0.42087630752,0.4117328104,0.0,0.0,0.0
2026-08-08,23,0.42087630752,0.43916330176,0.43001980464,0.0,0.0,0.0
2026-08-08,24,0.43916330176,0.457450296,0.44830679888,0.0,0.0,0.0
2026-08-08,25,0.457450296,0.47573729024,0.46659379312,0.0,0.0,0.0
2026-08-08,26,0.47573729024,0.49402428448,0.48488078736,0.0,0.0,0.0
2026-08-08,27,0.49402428448,0.51231127872,0.5031677816,0.0,0.0,0.0
2026-08-08,28,0.51231127872,0.5305982729600001,0.5214547758400001,0.0,0.0,0.0
2026-08-08,29,0.5305982729600001,0.5488852672,0.53974177008,0.0,0.0,0.0
2026-08-08,30,0.5488852672,0.56717226144,0.5580287643199999,0.0,0.0,0.0
2026-08-08,31,0.56717226144,0.58545925568,0.5763157585600001,0.0,0.0,0.0
2026-08-08,32,0.58545925568,0.60374624992,0.5946027528,0.0,0.0,0.0
2026-08-08,33,0.60374624992,0.62203324416,0.6128897470400001,0.0,0.0,0.0
2026-08-08,34,0.62203324416,0.6403202384,0.63117674128,0.0,0.0,0.0
2026-08-08,35,0.6403202384,0.65860723264,0.6494637355199999,0.0,0.0,0.0
2026-08-08,36,0.65860723264,0.67689422688,0.66775072976,0.0,0.0,0.0
2026-08-08,37,0.67689422688,0.69518122112,0.686037724,0.0,0.0,0.0
2026-08-08,38,0.69518122112,0.71346821536,0.7043247182400001,0.0,0.0,0.0
2026-08-08,39,0.71346821536,0.7317552096,0.72261171248,0.0,0.0,0.0
2026-08-08,40,0.7317552096,0.75004220384,0.7408987067199999,0.0,0.0,0.0
2026-08-08,41,0.75004220384,0.76832919808,0.75918570096,0.0,0.0,0.0
2026-08-08,42,0.76832919808,0.78661619232,0.7774726952,0.0,0.0,0.0
2026-08-08,43,0.78661619232,0.80490318656,0.7957596894400001,0.0,0.0,0.0
2026-08-08,44,0.80490318656,0.8231901808000001,0.81404668368,0.0,0.0,0.0
2026-08-08,45,0.8231901808000001,0.84147717504,0.83233367792,0.0,0.0,0.0
2026-08-08,46,0.84147717504,0.85976416928,0.85062067216,0.0,0.0,0.0
2026-08-08,47,0.85976416928,0.87805116352,0.8689076664,0.0,0.0,0.0
2026-08-08,48,0.87805116352,0.89633815776,0.8871946606400001,0.0,0.0,0.0
2026-08-08,49,0.89633815776,0.914625152,0.90548165488,0.0,0.0,0.0
2026-08-09,0,0.00027544,0.0185624342399999,0.0094189371199999,6911401901.506311,0.0,3184881487.780312
2026-08-09,1,0.0185624342399999,0.03684942848,0.0277059313599999,1533477943.4352143,0.0,2521073779.55654
2026-08-09,2,0.03684942848,0.05513642272,0.0459929256,740341983.452299,0.0,1098618256.6091976
2026-08-09,3,0.05513642272,0.07342341696,0.06427991984,0.0,0.0,0.0
2026-08-09,4,0.07342341696,0.0917104112,0.08256691408,0.0,0.0,0.0
2026-08-09,5,0.0917104112,0.10999740544,0.1008539083199999,0.0,0.0,0.0
2026-08-09,6,0.10999740544,0.12828439968,0.11914090256,0.0,0.0,0.0
2026-08-09,7,0.12828439968,0.14657139392,0.1374278968,0.0,0.0,0.0
2026-08-09,8,0.14657139392,0.1648583881599999,0.1557148910399999,0.0,0.0,0.0
2026-08-09,9,0.1648583881599999,0.1831453823999999,0.17400188528,0.0,0.0,0.0
2026-08-09,10,0.1831453823999999,0.20143237664,0.1922888795199999,0.0,0.0,0.0
2026-08-09,11,0.20143237664,0.21971937088,0.2105758737599999,0.0,0.0,0.0
2026-08-09,12,0.21971937088,0.2380063651199999,0.228862868,0.0,0.0,0.0
2026-08-09,13,0.2380063651199999,0.25629335936,0.24714986224,0.0,0.0,0.0
2026-08-09,14,0.25629335936,0.2745803536,0.26543685648,0.0,0.0,0.0
2026-08-09,15,0.2745803536,0.29286734784,0.28372385072,0.0,0.0,0.0
2026-08-09,16,0.29286734784,0.31115434208,0.30201084496,0.0,0.0,0.0
2026-08-09,17,0.31115434208,0.32944133632,0.3202978392,0.0,0.0,0.0
2026-08-09,18,0.32944133632,0.34772833056,0.33858483344,0.0,0.0,0.0
2026-08-09,19,0.34772833056,0.3660153248,0.35687182768,0.0,0.0,0.0
2026-08-09,20,0.3660153248,0.38430231904,0.37515882192,0.0,0.0,0.0
2026-08-09,21,0.38430231904,0.40258931328,0.39344581616,0.0,0.0,0.0
2026-08-09,22,0.40258931328,0.42087630752,0.4117328104,0.0,0.0,0.0
2026-08-09,23,0.42087630752,0.43916330176,0.43001980464,0.0,0.0,0.0
2026-08-09,24,0.43916330176,0.457450296,0.44830679888,0.0,0.0,0.0
2026-08-09,25,0.457450296,0.47573729024,0.46659379312,0.0,0.0,0.0
2026-08-09,26,0.47573729024,0.49402428448,0.48488078736,0.0,0.0,0.0
2026-08-09,27,0.49402428448,0.51231127872,0.5031677816,0.0,0.0,0.0
2026-08-09,28,0.51231127872,0.5305982729600001,0.5214547758400001,0.0,0.0,0.0
2026-08-09,29,0.5305982729600001,0.5488852672,0.53974177008,0.0,0.0,0.0
2026-08-09,30,0.5488852672,0.56717226144,0.5580287643199999,0.0,0.0,0.0
2026-08-09,31,0.56717226144,0.58545925568,0.5763157585600001,0.0,0.0,0.0
2026-08-09,32,0.58545925568,0.60374624992,0.5946027528,0.0,0.0,0.0
2026-08-09,33,0.60374624992,0.62203324416,0.6128897470400001,0.0,0.0,0.0
2026-08-09,34,0.62203324416,0.6403202384,0.63117674128,0.0,0.0,0.0
2026-08-09,35,0.6403202384,0.65860723264,0.6494637355199999,0.0,0.0,0.0
2026-08-09,36,0.65860723264,0.67689422688,0.66775072976,0.0,0.0,0.0
2026-08-09,37,0.67689422688,0.69518122112,0.686037724,0.0,0.0,0.0
2026-08-09,38,0.69518122112,0.71346821536,0.7043247182400001,0.0,0.0,0.0
2026-08-09,39,0.71346821536,0.7317552096,0.72261171248,0.0,0.0,0.0
2026-08-09,40,0.7317552096,0.75004220384,0.7408987067199999,0.0,0.0,0.0
2026-08-09,41,0.75004220384,0.76832919808,0.75918570096,0.0,0.0,0.0
2026-08-09,42,0.76832919808,0.78661619232,0.7774726952,0.0,0.0,0.0
2026-08-09,43,0.78661619232,0.80490318656,0.7957596894400001,0.0,0.0,0.0
2026-08-09,44,0.80490318656,0.8231901808000001,0.81404668368,0.0,0.0,0.0
2026-08-09,45,0.8231901808000001,0.84147717504,0.83233367792,0.0,0.0,0.0
2026-08-09,46,0.84147717504,0.85976416928,0.85062067216,0.0,0.0,0.0
2026-08-09,47,0.85976416928,0.87805116352,0.8689076664,0.0,0.0,0.0
2026-08-09,48,0.87805116352,0.89633815776,0.8871946606400001,0.0,0.0,0.0
2026-08-09,49,0.89633815776,0.914625152,0.90548165488,0.0,0.0,0.0
2026-08-10,0,0.00027544,0.0185624342399999,0.0094189371199999,6888979462.709537,0.0,3128173594.9984007
2026-08-10,1,0.0185624342399999,0.03684942848,0.0277059313599999,1572943813.7149458,0.0,2598096789.627352
2026-08-10,2,0.03684942848,0.05513642272,0.0459929256,722463601.6215351,0.0,1091176856.035813
2026-08-10,3,0.05513642272,0.07342341696,0.06427991984,0.0,0.0,0.0
2026-08-10,4,0.07342341696,0.0917104112,0.08256691408,0.0,0.0,0.0
2026-08-10,5,0.0917104112,0.10999740544,0.1008539083199999,0.0,0.0,0.0
2026-08-10,6,0.10999740544,0.12828439968,0.11914090256,0.0,0.0,0.0
2026-08-10,7,0.12828439968,0.14657139392,0.1374278968,0.0,0.0,0.0
2026-08-10,8,0.14657139392,0.1648583881599999,0.1557148910399999,0.0,0.0,0.0
2026-08-10,9,0.1648583881599999,0.1831453823999999,0.17400188528,0.0,0.0,0.0
2026-08-10,10,0.1831453823999999,0.20143237664,0.1922888795199999,0.0,0.0,0.0
2026-08-10,11,0.20143237664,0.21971937088,0.2105758737599999,0.0,0.0,0.0
2026-08-10,12,0.21971937088,0.2380063651199999,0.228862868,0.0,0.0,0.0
2026-08-10,13,0.2380063651199999,0.25629335936,0.24714986224,0.0,0.0,0.0
2026-08-10,14,0.25629335936,0.2745803536,0.26543685648,0.0,0.0,0.0
2026-08-10,15,0.2745803536,0.29286734784,0.28372385072,0.0,0.0,0.0
2026-08-10,16,0.29286734784,0.31115434208,0.30201084496,0.0,0.0,0.0
2026-08-10,17,0.31115434208,0.32944133632,0.3202978392,0.0,0.0,0.0
2026-08-10,18,0.32944133632,0.34772833056,0.33858483344,0.0,0.0,0.0
2026-08-10,19,0.34772833056,0.3660153248,0.35687182768,0.0,0.0,0.0
2026-08-10,20,0.3660153248,0.38430231904,0.37515882192,0.0,0.0,0.0
2026-08-10,21,0.38430231904,0.40258931328,0.39344581616,0.0,0.0,0.0
2026-08-10,22,0.40258931328,0.42087630752,0.4117328104,0.0,0.0,0.0
2026-08-10,23,0.42087630752,0.43916330176,0.43001980464,0.0,0.0,0.0
2026-08-10,24,0.43916330176,0.457450296,0.44830679888,0.0,0.0,0.0
2026-08-10,25,0.457450296,0.47573729024,0.46659379312,0.0,0.0,0.0
2026-08-10,26,0.47573729024,0.49402428448,0.48488078736,0.0,0.0,0.0
2026-08-10,27,0.49402428448,0.51231127872,0.5031677816,0.0,0.0,0.0
2026-08-10,28,0.51231127872,0.5305982729600001,0.5214547758400001,0.0,0.0,0.0
2026-08-10,29,0.5305982729600001,0.5488852672,0.53974177008,0.0,0.0,0.0
2026-08-10,30,0.5488852672,0.56717226144,0.5580287643199999,0.0,0.0,0.0
2026-08-10,31,0.56717226144,0.58545925568,0.5763157585600001,0.0,0.0,0.0
2026-08-10,32,0.58545925568,0.60374624992,0.5946027528,0.0,0.0,0.0
2026-08-10,33,0.60374624992,0.62203324416,0.6128897470400001,0.0,0.0,0.0
2026-08-10,34,0.62203324416,0.6403202384,0.63117674128,0.0,0.0,0.0
2026-08-10,35,0.6403202384,0.65860723264,0.6494637355199999,0.0,0.0,0.0
2026-08-10,36,0.65860723264,0.67689422688,0.66775072976,0.0,0.0,0.0
2026-08-10,37,0.67689422688,0.69518122112,0.686037724,0.0,0.0,0.0
2026-08-10,38,0.69518122112,0.71346821536,0.7043247182400001,0.0,0.0,0.0
2026-08-10,39,0.71346821536,0.7317552096,0.72261171248,0.0,0.0,0.0
2026-08-10,40,0.7317552096,0.75004220384,0.7408987067199999,0.0,0.0,0.0
2026-08-10,41,0.75004220384,0.76832919808,0.75918570096,0.0,0.0,0.0
2026-08-10,42,0.76832919808,0.78661619232,0.7774726952,0.0,0.0,0.0
2026-08-10,43,0.78661619232,0.80490318656,0.7957596894400001,0.0,0.0,0.0
2026-08-10,44,0.80490318656,0.8231901808000001,0.81404668368,0.0,0.0,0.0
2026-08-10,45,0.8231901808000001,0.84147717504,0.83233367792,0.0,0.0,0.0
2026-08-10,46,0.84147717504,0.85976416928,0.85062067216,0.0,0.0,0.0
2026-08-10,47,0.85976416928,0.87805116352,0.8689076664,0.0,0.0,0.0
2026-08-10,48,0.87805116352,0.89633815776,0.8871946606400001,0.0,0.0,0.0
2026-08-10,49,0.89633815776,0.914625152,0.90548165488,0.0,0.0,0.0
2026-08-11,0,0.00027544,0.0185624342399999,0.0094189371199999,6875305346.95055,0.0,3080644995.940432
2026-08-11,1,0.0185624342399999,0.03684942848,0.0277059313599999,1465408335.5223973,0.0,2527510330.9762373
2026-08-11,2,0.03684942848,0.05513642272,0.0459929256,855860279.2589246,0.0,1217238811.9460082
2026-08-11,3,0.05513642272,0.07342341696,0.06427991984,0.0,0.0,0.0
2026-08-11,4,0.07342341696,0.0917104112,0.08256691408,0.0,0.0,0.0
2026-08-11,5,0.0917104112,0.10999740544,0.1008539083199999,0.0,0.0,0.0
2026-08-11,6,0.10999740544,0.12828439968,0.11914090256,0.0,0.0,0.0
2026-08-11,7,0.12828439968,0.14657139392,0.1374278968,0.0,0.0,0.0
2026-08-11,8,0.14657139392,0.1648583881599999,0.1557148910399999,0.0,0.0,0.0
2026-08-11,9,0.1648583881599999,0.1831453823999999,0.17400188528,0.0,0.0,0.0
2026-08-11,10,0.1831453823999999,0.20143237664,0.1922888795199999,0.0,0.0,0.0
2026-08-11,11,0.20143237664,0.21971937088,0.2105758737599999,0.0,0.0,0.0
2026-08-11,12,0.21971937088,0.2380063651199999,0.228862868,0.0,0.0,0.0
2026-08-11,13,0.2380063651199999,0.25629335936,0.24714986224,0.0,0.0,0.0
2026-08-11,14,0.25629335936,0.2745803536,0.26543685648,0.0,0.0,0.0
2026-08-11,15,0.2745803536,0.29286734784,0.28372385072,0.0,0.0,0.0
2026-08-11,16,0.29286734784,0.31115434208,0.30201084496,0.0,0.0,0.0
2026-08-11,17,0.31115434208,0.32944133632,0.3202978392,0.0,0.0,0.0
2026-08-11,18,0.32944133632,0.34772833056,0.33858483344,0.0,0.0,0.0
2026-08-11,19,0.34772833056,0.3660153248,0.35687182768,0.0,0.0,0.0
2026-08-11,20,0.3660153248,0.38430231904,0.37515882192,0.0,0.0,0.0
2026-08-11,21,0.38430231904,0.40258931328,0.39344581616,0.0,0.0,0.0
2026-08-11,22,0.40258931328,0.42087630752,0.4117328104,0.0,0.0,0.0
2026-08-11,23,0.42087630752,0.43916330176,0.43001980464,0.0,0.0,0.0
2026-08-11,24,0.43916330176,0.457450296,0.44830679888,0.0,0.0,0.0
2026-08-11,25,0.457450296,0.47573729024,0.46659379312,0.0,0.0,0.0
2026-08-11,26,0.47573729024,0.49402428448,0.48488078736,0.0,0.0,0.0
2026-08-11,27,0.49402428448,0.51231127872,0.5031677816,0.0,0.0,0.0
2026-08-11,28,0.51231127872,0.5305982729600001,0.5214547758400001,0.0,0.0,0.0
2026-08-11,29,0.5305982729600001,0.5488852672,0.53974177008,0.0,0.0,0.0
2026-08-11,30,0.5488852672,0.56717226144,0.5580287643199999,0.0,0.0,0.0
2026-08-11,31,0.56717226144,0.58545925568,0.5763157585600001,0.0,0.0,0.0
2026-08-11,32,0.58545925568,0.60374624992,0.5946027528,0.0,0.0,0.0
2026-08-11,33,0.60374624992,0.62203324416,0.6128897470400001,0.0,0.0,0.0
2026-08-11,34,0.62203324416,0.6403202384,0.63117674128,0.0,0.0,0.0
2026-08-11,35,0.6403202384,0.65860723264,0.6494637355199999,0.0,0.0,0.0
2026-08-11,36,0.65860723264,0.67689422688,0.66775072976,0.0,0.0,0.0
2026-08-11,37,0.67689422688,0.69518122112,0.686037724,0.0,0.0,0.0
2026-08-11,38,0.69518122112,0.71346821536,0.7043247182400001,0.0,0.0,0.0
2026-08-11,39,0.71346821536,0.7317552096,0.72261171248,0.0,0.0,0.0
2026-08-11,40,0.7317552096,0.75004220384,0.7408987067199999,0.0,0.0,0.0
2026-08-11,41,0.75004220384,0.76832919808,0.75918570096,0.0,0.0,0.0
2026-08-11,42,0.76832919808,0.78661619232,0.7774726952,0.0,0.0,0.0
2026-08-11,43,0.78661619232,0.80490318656,0.7957596894400001,0.0,0.0,0.0
2026-08-11,44,0.80490318656,0.8231901808000001,0.81404668368,0.0,0.0,0.0
2026-08-11,45,0.8231901808000001,0.84147717504,0.83233367792,0.0,0.0,0.0
2026-08-11,46,0.84147717504,0.85976416928,0.85062067216,0.0,0.0,0.0
2026-08-11,47,0.85976416928,0.87805116352,0.8689076664,0.0,0.0,0.0
2026-08-11,48,0.87805116352,0.89633815776,0.8871946606400001,0.0,0.0,0.0
2026-08-11,49,0.89633815776,0.914625152,0.90548165488,0.0,0.0,0.0
2026-08-12,0,0.00027544,0.0185624342399999,0.0094189371199999,6868454397.784752,0.0,3051498047.3684783
2026-08-12,1,0.0185624342399999,0.03684942848,0.0277059313599999,1387092036.4015536,0.0,2472261037.2914424
2026-08-12,2,0.03684942848,0.05513642272,0.0459929256,962861728.4325027,0.0,1313195996.2124703
2026-08-12,3,0.05513642272,0.07342341696,0.06427991984,0.0,0.0,0.0
2026-08-12,4,0.07342341696,0.0917104112,0.08256691408,0.0,0.0,0.0
2026-08-12,5,0.0917104112,0.10999740544,0.1008539083199999,0.0,0.0,0.0
2026-08-12,6,0.10999740544,0.12828439968,0.11914090256,0.0,0.0,0.0
2026-08-12,7,0.12828439968,0.14657139392,0.1374278968,0.0,0.0,0.0
2026-08-12,8,0.14657139392,0.1648583881599999,0.1557148910399999,0.0,0.0,0.0
2026-08-12,9,0.1648583881599999,0.1831453823999999,0.17400188528,0.0,0.0,0.0
2026-08-12,10,0.1831453823999999,0.20143237664,0.1922888795199999,0.0,0.0,0.0
2026-08-12,11,0.20143237664,0.21971937088,0.2105758737599999,0.0,0.0,0.0
2026-08-12,12,0.21971937088,0.2380063651199999,0.228862868,0.0,0.0,0.0
2026-08-12,13,0.2380063651199999,0.25629335936,0.24714986224,0.0,0.0,0.0
2026-08-12,14,0.25629335936,0.2745803536,0.26543685648,0.0,0.0,0.0
2026-08-12,15,0.2745803536,0.29286734784,0.28372385072,0.0,0.0,0.0
2026-08-12,16,0.29286734784,0.31115434208,0.30201084496,0.0,0.0,0.0
2026-08-12,17,0.31115434208,0.32944133632,0.3202978392,0.0,0.0,0.0
2026-08-12,18,0.32944133632,0.34772833056,0.33858483344,0.0,0.0,0.0
2026-08-12,19,0.34772833056,0.3660153248,0.35687182768,0.0,0.0,0.0
2026-08-12,20,0.3660153248,0.38430231904,0.37515882192,0.0,0.0,0.0
2026-08-12,21,0.38430231904,0.40258931328,0.39344581616,0.0,0.0,0.0
2026-08-12,22,0.40258931328,0.42087630752,0.4117328104,0.0,0.0,0.0
2026-08-12,23,0.42087630752,0.43916330176,0.43001980464,0.0,0.0,0.0
2026-08-12,24,0.43916330176,0.457450296,0.44830679888,0.0,0.0,0.0
2026-08-12,25,0.457450296,0.47573729024,0.46659379312,0.0,0.0,0.0
2026-08-12,26,0.47573729024,0.49402428448,0.48488078736,0.0,0.0,0.0
2026-08-12,27,0.49402428448,0.51231127872,0.5031677816,0.0,0.0,0.0
2026-08-12,28,0.51231127872,0.5305982729600001,0.5214547758400001,0.0,0.0,0.0
2026-08-12,29,0.5305982729600001,0.5488852672,0.53974177008,0.0,0.0,0.0
2026-08-12,30,0.5488852672,0.56717226144,0.5580287643199999,0.0,0.0,0.0
2026-08-12,31,0.56717226144,0.58545925568,0.5763157585600001,0.0,0.0,0.0
2026-08-12,32,0.58545925568,0.60374624992,0.5946027528,0.0,0.0,0.0
2026-08-12,33,0.60374624992,0.62203324416,0.6128897470400001,0.0,0.0,0.0
2026-08-12,34,0.62203324416,0.6403202384,0.63117674128,0.0,0.0,0.0
2026-08-12,35,0.6403202384,0.65860723264,0.6494637355199999,0.0,0.0,0.0
2026-08-12,36,0.65860723264,0.67689422688,0.66775072976,0.0,0.0,0.0
2026-08-12,37,0.67689422688,0.69518122112,0.686037724,0.0,0.0,0.0
2026-08-12,38,0.69518122112,0.71346821536,0.7043247182400001,0.0,0.0,0.0
2026-08-12,39,0.71346821536,0.7317552096,0.72261171248,0.0,0.0,0.0
2026-08-12,40,0.7317552096,0.75004220384,0.7408987067199999,0.0,0.0,0.0
2026-08-12,41,0.75004220384,0.76832919808,0.75918570096,0.0,0.0,0.0
2026-08-12,42,0.76832919808,0.78661619232,0.7774726952,0.0,0.0,0.0
2026-08-12,43,0.78661619232,0.80490318656,0.7957596894400001,0.0,0.0,0.0
2026-08-12,44,0.80490318656,0.8231901808000001,0.81404668368,0.0,0.0,0.0
2026-08-12,45,0.8231901808000001,0.84147717504,0.83233367792,0.0,0.0,0.0
2026-08-12,46,0.84147717504,0.85976416928,0.85062067216,0.0,0.0,0.0
2026-08-12,47,0.85976416928,0.87805116352,0.8689076664,0.0,0.0,0.0
2026-08-12,48,0.87805116352,0.89633815776,0.8871946606400001,0.0,0.0,0.0
2026-08-12,49,0.89633815776,0.914625152,0.90548165488,0.0,0.0,0.0
2026-08-13,0,0.00027544,0.0185624342399999,0.0094189371199999,6857779831.772743,0.0,3019984928.436926
2026-08-13,1,0.0185624342399999,0.03684942848,0.0277059313599999,1320379295.9575782,0.0,2411106206.3799653
2026-08-13,2,0.03684942848,0.05513642272,0.0459929256,1039552038.8912174,0.0,1415837978.4880896
2026-08-13,3,0.05513642272,0.07342341696,0.06427991984,0.0,0.0,0.0
2026-08-13,4,0.07342341696,0.0917104112,0.08256691408,0.0,0.0,0.0
2026-08-13,5,0.0917104112,0.10999740544,0.1008539083199999,0.0,0.0,0.0
2026-08-13,6,0.10999740544,0.12828439968,0.11914090256,0.0,0.0,0.0
2026-08-13,7,0.12828439968,0.14657139392,0.1374278968,0.0,0.0,0.0
2026-08-13,8,0.14657139392,0.1648583881599999,0.1557148910399999,0.0,0.0,0.0
2026-08-13,9,0.1648583881599999,0.1831453823999999,0.17400188528,0.0,0.0,0.0
2026-08-13,10,0.1831453823999999,0.20143237664,0.1922888795199999,0.0,0.0,0.0
2026-08-13,11,0.20143237664,0.21971937088,0.2105758737599999,0.0,0.0,0.0
2026-08-13,12,0.21971937088,0.2380063651199999,0.228862868,0.0,0.0,0.0
2026-08-13,13,0.2380063651199999,0.25629335936,0.24714986224,0.0,0.0,0.0
2026-08-13,14,0.25629335936,0.2745803536,0.26543685648,0.0,0.0,0.0
2026-08-13,15,0.2745803536,0.29286734784,0.28372385072,0.0,0.0,0.0
2026-08-13,16,0.29286734784,0.31115434208,0.30201084496,0.0,0.0,0.0
2026-08-13,17,0.31115434208,0.32944133632,0.3202978392,0.0,0.0,0.0
2026-08-13,18,0.32944133632,0.34772833056,0.33858483344,0.0,0.0,0.0
2026-08-13,19,0.34772833056,0.3660153248,0.35687182768,0.0,0.0,0.0
2026-08-13,20,0.3660153248,0.38430231904,0.37515882192,0.0,0.0,0.0
2026-08-13,21,0.38430231904,0.40258931328,0.39344581616,0.0,0.0,0.0
2026-08-13,22,0.40258931328,0.42087630752,0.4117328104,0.0,0.0,0.0
2026-08-13,23,0.42087630752,0.43916330176,0.43001980464,0.0,0.0,0.0
2026-08-13,24,0.43916330176,0.457450296,0.44830679888,0.0,0.0,0.0
2026-08-13,25,0.457450296,0.47573729024,0.46659379312,0.0,0.0,0.0
2026-08-13,26,0.47573729024,0.49402428448,0.48488078736,0.0,0.0,0.0
2026-08-13,27,0.49402428448,0.51231127872,0.5031677816,0.0,0.0,0.0
2026-08-13,28,0.51231127872,0.5305982729600001,0.5214547758400001,0.0,0.0,0.0
2026-08-13,29,0.5305982729600001,0.5488852672,0.53974177008,0.0,0.0,0.0
2026-08-13,30,0.5488852672,0.56717226144,0.5580287643199999,0.0,0.0,0.0
2026-08-13,31,0.56717226144,0.58545925568,0.5763157585600001,0.0,0.0,0.0
2026-08-13,32,0.58545925568,0.60374624992,0.5946027528,0.0,0.0,0.0
2026-08-13,33,0.60374624992,0.62203324416,0.6128897470400001,0.0,0.0,0.0
2026-08-13,34,0.62203324416,0.6403202384,0.63117674128,0.0,0.0,0.0
2026-08-13,35,0.6403202384,0.65860723264,0.6494637355199999,0.0,0.0,0.0
2026-08-13,36,0.65860723264,0.67689422688,0.66775072976,0.0,0.0,0.0
2026-08-13,37,0.67689422688,0.69518122112,0.686037724,0.0,0.0,0.0
2026-08-13,38,0.69518122112,0.71346821536,0.7043247182400001,0.0,0.0,0.0
2026-08-13,39,0.71346821536,0.7317552096,0.72261171248,0.0,0.0,0.0
2026-08-13,40,0.7317552096,0.75004220384,0.7408987067199999,0.0,0.0,0.0
2026-08-13,41,0.75004220384,0.76832919808,0.75918570096,0.0,0.0,0.0
2026-08-13,42,0.76832919808,0.78661619232,0.7774726952,0.0,0.0,0.0
2026-08-13,43,0.78661619232,0.80490318656,0.7957596894400001,0.0,0.0,0.0
2026-08-13,44,0.80490318656,0.8231901808000001,0.81404668368,0.0,0.0,0.0
2026-08-13,45,0.8231901808000001,0.84147717504,0.83233367792,0.0,0.0,0.0
2026-08-13,46,0.84147717504,0.85976416928,0.85062067216,0.0,0.0,0.0
2026-08-13,47,0.85976416928,0.87805116352,0.8689076664,0.0,0.0,0.0
2026-08-13,48,0.87805116352,0.89633815776,0.8871946606400001,0.0,0.0,0.0
2026-08-13,49,0.89633815776,0.914625152,0.90548165488,0.0,0.0,0.0
2026-08-14,0,0.00027544,0.0185624342399999,0.0094189371199999,6849997947.628546,0.0,2990780672.8310027
2026-08-14,1,0.0185624342399999,0.03684942848,0.0277059313599999,1280722110.70006,0.0,2370290215.2662044
2026-08-14,2,0.03684942848,0.05513642272,0.0459929256,1095088053.048271,0.0,1500864415.5888562
2026-08-14,3,0.05513642272,0.07342341696,0.06427991984,0.0,0.0,0.0
2026-08-14,4,0.07342341696,0.0917104112,0.08256691408,0.0,0.0,0.0
2026-08-14,5,0.0917104112,0.10999740544,0.1008539083199999,0.0,0.0,0.0
2026-08-14,6,0.10999740544,0.12828439968,0.11914090256,0.0,0.0,0.0
2026-08-14,7,0.12828439968,0.14657139392,0.1374278968,0.0,0.0,0.0
2026-08-14,8,0.14657139392,0.1648583881599999,0.1557148910399999,0.0,0.0,0.0
2026-08-14,9,0.1648583881599999,0.1831453823999999,0.17400188528,0.0,0.0,0.0
2026-08-14,10,0.1831453823999999,0.20143237664,0.1922888795199999,0.0,0.0,0.0
2026-08-14,11,0.20143237664,0.21971937088,0.2105758737599999,0.0,0.0,0.0
2026-08-14,12,0.21971937088,0.2380063651199999,0.228862868,0.0,0.0,0.0
2026-08-14,13,0.2380063651199999,0.25629335936,0.24714986224,0.0,0.0,0.0
2026-08-14,14,0.25629335936,0.2745803536,0.26543685648,0.0,0.0,0.0
2026-08-14,15,0.2745803536,0.29286734784,0.28372385072,0.0,0.0,0.0
2026-08-14,16,0.29286734784,0.31115434208,0.30201084496,0.0,0.0,0.0
2026-08-14,17,0.31115434208,0.32944133632,0.3202978392,0.0,0.0,0.0
2026-08-14,18,0.32944133632,0.34772833056,0.33858483344,0.0,0.0,0.0
2026-08-14,19,0.34772833056,0.3660153248,0.35687182768,0.0,0.0,0.0
2026-08-14,20,0.3660153248,0.38430231904,0.37515882192,0.0,0.0,0.0
2026-08-14,21,0.38430231904,0.40258931328,0.39344581616,0.0,0.0,0.0
2026-08-14,22,0.40258931328,0.42087630752,0.4117328104,0.0,0.0,0.0
2026-08-14,23,0.42087630752,0.43916330176,0.43001980464,0.0,0.0,0.0
2026-08-14,24,0.43916330176,0.457450296,0.44830679888,0.0,0.0,0.0
2026-08-14,25,0.457450296,0.47573729024,0.46659379312,0.0,0.0,0.0
2026-08-14,26,0.47573729024,0.49402428448,0.48488078736,0.0,0.0,0.0
2026-08-14,27,0.49402428448,0.51231127872,0.5031677816,0.0,0.0,0.0
2026-08-14,28,0.51231127872,0.5305982729600001,0.5214547758400001,0.0,0.0,0.0
2026-08-14,29,0.5305982729600001,0.5488852672,0.53974177008,0.0,0.0,0.0
2026-08-14,30,0.5488852672,0.56717226144,0.5580287643199999,0.0,0.0,0.0
2026-08-14,31,0.56717226144,0.58545925568,0.5763157585600001,0.0,0.0,0.0
2026-08-14,32,0.58545925568,0.60374624992,0.5946027528,0.0,0.0,0.0
2026-08-14,33,0.60374624992,0.62203324416,0.6128897470400001,0.0,0.0,0.0
2026-08-14,34,0.62203324416,0.6403202384,0.63117674128,0.0,0.0,0.0
2026-08-14,35,0.6403202384,0.65860723264,0.6494637355199999,0.0,0.0,0.0
2026-08-14,36,0.65860723264,0.67689422688,0.66775072976,0.0,0.0,0.0
2026-08-14,37,0.67689422688,0.69518122112,0.686037724,0.0,0.0,0.0
2026-08-14,38,0.69518122112,0.71346821536,0.7043247182400001,0.0,0.0,0.0
2026-08-14,39,0.71346821536,0.7317552096,0.72261171248,0.0,0.0,0.0
2026-08-14,40,0.7317552096,0.75004220384,0.7408987067199999,0.0,0.0,0.0
2026-08-14,41,0.75004220384,0.76832919808,0.75918570096,0.0,0.0,0.0
2026-08-14,42,0.76832919808,0.78661619232,0.7774726952,0.0,0.0,0.0
2026-08-14,43,0.78661619232,0.80490318656,0.7957596894400001,0.0,0.0,0.0
2026-08-14,44,0.80490318656,0.8231901808000001,0.81404668368,0.0,0.0,0.0
2026-08-14,45,0.8231901808000001,0.84147717504,0.83233367792,0.0,0.0,0.0
2026-08-14,46,0.84147717504,0.85976416928,0.85062067216,0.0,0.0,0.0
2026-08-14,47,0.85976416928,0.87805116352,0.8689076664,0.0,0.0,0.0
2026-08-14,48,0.87805116352,0.89633815776,0.8871946606400001,0.0,0.0,0.0
2026-08-14,49,0.89633815776,0.914625152,0.90548165488,0.0,0.0,0.0
2026-08-15,0,0.00027544,0.0185624342399999,0.0094189371199999,6846515210.846762,0.0,2970031317.516254
2026-08-15,1,0.0185624342399999,0.03684942848,0.0277059313599999,1332135859.0916133,0.0,2450044738.596152
2026-08-15,2,0.03684942848,0.05513642272,0.0459929256,1049346031.3653677,0.0,1453765829.8893297
2026-08-15,3,0.05513642272,0.07342341696,0.06427991984,0.0,0.0,0.0
2026-08-15,4,0.07342341696,0.0917104112,0.08256691408,0.0,0.0,0.0
2026-08-15,5,0.0917104112,0.10999740544,0.1008539083199999,0.0,0.0,0.0
2026-08-15,6,0.10999740544,0.12828439968,0.11914090256,0.0,0.0,0.0
2026-08-15,7,0.12828439968,0.14657139392,0.1374278968,0.0,0.0,0.0
2026-08-15,8,0.14657139392,0.1648583881599999,0.1557148910399999,0.0,0.0,0.0
2026-08-15,9,0.1648583881599999,0.1831453823999999,0.17400188528,0.0,0.0,0.0
2026-08-15,10,0.1831453823999999,0.20143237664,0.1922888795199999,0.0,0.0,0.0
2026-08-15,11,0.20143237664,0.21971937088,0.2105758737599999,0.0,0.0,0.0
2026-08-15,12,0.21971937088,0.2380063651199999,0.228862868,0.0,0.0,0.0
2026-08-15,13,0.2380063651199999,0.25629335936,0.24714986224,0.0,0.0,0.0
2026-08-15,14,0.25629335936,0.2745803536,0.26543685648,0.0,0.0,0.0
2026-08-15,15,0.2745803536,0.29286734784,0.28372385072,0.0,0.0,0.0
2026-08-15,16,0.29286734784,0.31115434208,0.30201084496,0.0,0.0,0.0
2026-08-15,17,0.31115434208,0.32944133632,0.3202978392,0.0,0.0,0.0
2026-08-15,18,0.32944133632,0.34772833056,0.33858483344,0.0,0.0,0.0
2026-08-15,19,0.34772833056,0.3660153248,0.35687182768,0.0,0.0,0.0
2026-08-15,20,0.3660153248,0.38430231904,0.37515882192,0.0,0.0,0.0
2026-08-15,21,0.38430231904,0.40258931328,0.39344581616,0.0,0.0,0.0
2026-08-15,22,0.40258931328,0.42087630752,0.4117328104,0.0,0.0,0.0
2026-08-15,23,0.42087630752,0.43916330176,0.43001980464,0.0,0.0,0.0
2026-08-15,24,0.43916330176,0.457450296,0.44830679888,0.0,0.0,0.0
2026-08-15,25,0.457450296,0.47573729024,0.46659379312,0.0,0.0,0.0
2026-08-15,26,0.47573729024,0.49402428448,0.48488078736,0.0,0.0,0.0
2026-08-15,27,0.49402428448,0.51231127872,0.5031677816,0.0,0.0,0.0
2026-08-15,28,0.51231127872,0.5305982729600001,0.5214547758400001,0.0,0.0,0.0
2026-08-15,29,0.5305982729600001,0.5488852672,0.53974177008,0.0,0.0,0.0
2026-08-15,30,0.5488852672,0.56717226144,0.5580287643199999,0.0,0.0,0.0
2026-08-15,31,0.56717226144,0.58545925568,0.5763157585600001,0.0,0.0,0.0
2026-08-15,32,0.58545925568,0.60374624992,0.5946027528,0.0,0.0,0.0
2026-08-15,33,0.60374624992,0.62203324416,0.6128897470400001,0.0,0.0,0.0
2026-08-15,34,0.62203324416,0.6403202384,0.63117674128,0.0,0.0,0.0
2026-08-15,35,0.6403202384,0.65860723264,0.6494637355199999,0.0,0.0,0.0
2026-08-15,36,0.65860723264,0.67689422688,0.66775072976,0.0,0.0,0.0
2026-08-15,37,0.67689422688,0.69518122112,0.686037724,0.0,0.0,0.0
2026-08-15,38,0.69518122112,0.71346821536,0.7043247182400001,0.0,0.0,0.0
2026-08-15,39,0.71346821536,0.7317552096,0.72261171248,0.0,0.0,0.0
2026-08-15,40,0.7317552096,0.75004220384,0.7408987067199999,0.0,0.0,0.0
2026-08-15,41,0.75004220384,0.76832919808,0.75918570096,0.0,0.0,0.0
2026-08-15,42,0.76832919808,0.78661619232,0.7774726952,0.0,0.0,0.0
2026-08-15,43,0.78661619232,0.80490318656,0.7957596894400001,0.0,0.0,0.0
2026-08-15,44,0.80490318656,0.8231901808000001,0.81404668368,0.0,0.0,0.0
2026-08-15,45,0.8231901808000001,0.84147717504,0.83233367792,0.0,0.0,0.0
2026-08-15,46,0.84147717504,0.85976416928,0.85062067216,0.0,0.0,0.0
2026-08-15,47,0.85976416928,0.87805116352,0.8689076664,0.0,0.0,0.0
2026-08-15,48,0.87805116352,0.89633815776,0.8871946606400001,0.0,0.0,0.0
2026-08-15,49,0.89633815776,0.914625152,0.90548165488,0.0,0.0,0.0
2026-08-16,0,0.00027544,0.0185624342399999,0.0094189371199999,6840073552.499148,0.0,2932174471.7338653
2026-08-16,1,0.0185624342399999,0.03684942848,0.0277059313599999,1391148133.7344773,0.0,2572009801.189864
2026-08-16,2,0.03684942848,0.05513642272,0.0459929256,1004214139.1950104,0.0,1375569724.386927
2026-08-16,3,0.05513642272,0.07342341696,0.06427991984,0.0,0.0,0.0
2026-08-16,4,0.07342341696,0.0917104112,0.08256691408,0.0,0.0,0.0
2026-08-16,5,0.0917104112,0.10999740544,0.1008539083199999,0.0,0.0,0.0
2026-08-16,6,0.10999740544,0.12828439968,0.11914090256,0.0,0.0,0.0
2026-08-16,7,0.12828439968,0.14657139392,0.1374278968,0.0,0.0,0.0
2026-08-16,8,0.14657139392,0.1648583881599999,0.1557148910399999,0.0,0.0,0.0
2026-08-16,9,0.1648583881599999,0.1831453823999999,0.17400188528,0.0,0.0,0.0
2026-08-16,10,0.1831453823999999,0.20143237664,0.1922888795199999,0.0,0.0,0.0
2026-08-16,11,0.20143237664,0.21971937088,0.2105758737599999,0.0,0.0,0.0
2026-08-16,12,0.21971937088,0.2380063651199999,0.228862868,0.0,0.0,0.0
2026-08-16,13,0.2380063651199999,0.25629335936,0.24714986224,0.0,0.0,0.0
2026-08-16,14,0.25629335936,0.2745803536,0.26543685648,0.0,0.0,0.0
2026-08-16,15,0.2745803536,0.29286734784,0.28372385072,0.0,0.0,0.0
2026-08-16,16,0.29286734784,0.31115434208,0.30201084496,0.0,0.0,0.0
2026-08-16,17,0.31115434208,0.32944133632,0.3202978392,0.0,0.0,0.0
2026-08-16,18,0.32944133632,0.34772833056,0.33858483344,0.0,0.0,0.0
2026-08-16,19,0.34772833056,0.3660153248,0.35687182768,0.0,0.0,0.0
2026-08-16,20,0.3660153248,0.38430231904,0.37515882192,0.0,0.0,0.0
2026-08-16,21,0.38430231904,0.40258931328,0.39344581616,0.0,0.0,0.0
2026-08-16,22,0.40258931328,0.42087630752,0.4117328104,0.0,0.0,0.0
2026-08-16,23,0.42087630752,0.43916330176,0.43001980464,0.0,0.0,0.0
2026-08-16,24,0.43916330176,0.457450296,0.44830679888,0.0,0.0,0.0
2026-08-16,25,0.457450296,0.47573729024,0.46659379312,0.0,0.0,0.0
2026-08-16,26,0.47573729024,0.49402428448,0.48488078736,0.0,0.0,0.0
2026-08-16,27,0.49402428448,0.51231127872,0.5031677816,0.0,0.0,0.0
2026-08-16,28,0.51231127872,0.5305982729600001,0.5214547758400001,0.0,0.0,0.0
2026-08-16,29,0.5305982729600001,0.5488852672,0.53974177008,0.0,0.0,0.0
2026-08-16,30,0.5488852672,0.56717226144,0.5580287643199999,0.0,0.0,0.0
2026-08-16,31,0.56717226144,0.58545925568,0.5763157585600001,0.0,0.0,0.0
2026-08-16,32,0.58545925568,0.60374624992,0.5946027528,0.0,0.0,0.0
2026-08-16,33,0.60374624992,0.62203324416,0.6128897470400001,0.0,0.0,0.0
2026-08-16,34,0.62203324416,0.6403202384,0.63117674128,0.0,0.0,0.0
2026-08-16,35,0.6403202384,0.65860723264,0.6494637355199999,0.0,0.0,0.0
2026-08-16,36,0.65860723264,0.67689422688,0.66775072976,0.0,0.0,0.0
2026-08-16,37,0.67689422688,0.69518122112,0.686037724,0.0,0.0,0.0
2026-08-16,38,0.69518122112,0.71346821536,0.7043247182400001,0.0,0.0,0.0
2026-08-16,39,0.71346821536,0.7317552096,0.72261171248,0.0,0.0,0.0
2026-08-16,40,0.7317552096,0.75004220384,0.7408987067199999,0.0,0.0,0.0
2026-08-16,41,0.75004220384,0.76832919808,0.75918570096,0.0,0.0,0.0
2026-08-16,42,0.76832919808,0.78661619232,0.7774726952,0.0,0.0,0.0
2026-08-16,43,0.78661619232,0.80490318656,0.7957596894400001,0.0,0.0,0.0
2026-08-16,44,0.80490318656,0.8231901808000001,0.81404668368,0.0,0.0,0.0
2026-08-16,45,0.8231901808000001,0.84147717504,0.83233367792,0.0,0.0,0.0
2026-08-16,46,0.84147717504,0.85976416928,0.85062067216,0.0,0.0,0.0
2026-08-16,47,0.85976416928,0.87805116352,0.8689076664,0.0,0.0,0.0
2026-08-16,48,0.87805116352,0.89633815776,0.8871946606400001,0.0,0.0,0.0
2026-08-16,49,0.89633815776,0.914625152,0.90548165488,0.0,0.0,0.0
2026-08-17,0,0.00027544,0.0185624342399999,0.0094189371199999,6833502322.199377,0.0,2908205670.3776827
2026-08-17,1,0.0185624342399999,0.03684942848,0.0277059313599999,1438757095.730662,0.0,2679776825.774211
2026-08-17,2,0.03684942848,0.05513642272,0.0459929256,968208953.7495048,0.0,1291765702.431755
2026-08-17,3,0.05513642272,0.07342341696,0.06427991984,0.0,0.0,0.0
2026-08-17,4,0.07342341696,0.0917104112,0.08256691408,0.0,0.0,0.0
2026-08-17,5,0.0917104112,0.10999740544,0.1008539083199999,0.0,0.0,0.0
2026-08-17,6,0.10999740544,0.12828439968,0.11914090256,0.0,0.0,0.0
2026-08-17,7,0.12828439968,0.14657139392,0.1374278968,0.0,0.0,0.0
2026-08-17,8,0.14657139392,0.1648583881599999,0.1557148910399999,0.0,0.0,0.0
2026-08-17,9,0.1648583881599999,0.1831453823999999,0.17400188528,0.0,0.0,0.0
2026-08-17,10,0.1831453823999999,0.20143237664,0.1922888795199999,0.0,0.0,0.0
2026-08-17,11,0.20143237664,0.21971937088,0.2105758737599999,0.0,0.0,0.0
2026-08-17,12,0.21971937088,0.2380063651199999,0.228862868,0.0,0.0,0.0
2026-08-17,13,0.2380063651199999,0.25629335936,0.24714986224,0.0,0.0,0.0
2026-08-17,14,0.25629335936,0.2745803536,0.26543685648,0.0,0.0,0.0
2026-08-17,15,0.2745803536,0.29286734784,0.28372385072,0.0,0.0,0.0
2026-08-17,16,0.29286734784,0.31115434208,0.30201084496,0.0,0.0,0.0
2026-08-17,17,0.31115434208,0.32944133632,0.3202978392,0.0,0.0,0.0
2026-08-17,18,0.32944133632,0.34772833056,0.33858483344,0.0,0.0,0.0
2026-08-17,19,0.34772833056,0.3660153248,0.35687182768,0.0,0.0,0.0
2026-08-17,20,0.3660153248,0.38430231904,0.37515882192,0.0,0.0,0.0
2026-08-17,21,0.38430231904,0.40258931328,0.39344581616,0.0,0.0,0.0
2026-08-17,22,0.40258931328,0.42087630752,0.4117328104,0.0,0.0,0.0
2026-08-17,23,0.42087630752,0.43916330176,0.43001980464,0.0,0.0,0.0
2026-08-17,24,0.43916330176,0.457450296,0.44830679888,0.0,0.0,0.0
2026-08-17,25,0.457450296,0.47573729024,0.46659379312,0.0,0.0,0.0
2026-08-17,26,0.47573729024,0.49402428448,0.48488078736,0.0,0.0,0.0
2026-08-17,27,0.49402428448,0.51231127872,0.5031677816,0.0,0.0,0.0
2026-08-17,28,0.51231127872,0.5305982729600001,0.5214547758400001,0.0,0.0,0.0
2026-08-17,29,0.5305982729600001,0.5488852672,0.53974177008,0.0,0.0,0.0
2026-08-17,30,0.5488852672,0.56717226144,0.5580287643199999,0.0,0.0,0.0
2026-08-17,31,0.56717226144,0.58545925568,0.5763157585600001,0.0,0.0,0.0
2026-08-17,32,0.58545925568,0.60374624992,0.5946027528,0.0,0.0,0.0
2026-08-17,33,0.60374624992,0.62203324416,0.6128897470400001,0.0,0.0,0.0
2026-08-17,34,0.62203324416,0.6403202384,0.63117674128,0.0,0.0,0.0
2026-08-17,35,0.6403202384,0.65860723264,0.6494637355199999,0.0,0.0,0.0
2026-08-17,36,0.65860723264,0.67689422688,0.66775072976,0.0,0.0,0.0
2026-08-17,37,0.67689422688,0.69518122112,0.686037724,0.0,0.0,0.0
2026-08-17,38,0.69518122112,0.71346821536,0.7043247182400001,0.0,0.0,0.0
2026-08-17,39,0.71346821536,0.7317552096,0.72261171248,0.0,0.0,0.0
2026-08-17,40,0.7317552096,0.75004220384,0.7408987067199999,0.0,0.0,0.0
2026-08-17,41,0.75004220384,0.76832919808,0.75918570096,0.0,0.0,0.0
2026-08-17,42,0.76832919808,0.78661619232,0.7774726952,0.0,0.0,0.0
2026-08-17,43,0.78661619232,0.80490318656,0.7957596894400001,0.0,0.0,0.0
2026-08-17,44,0.80490318656,0.8231901808000001,0.81404668368,0.0,0.0,0.0
2026-08-17,45,0.8231901808000001,0.84147717504,0.83233367792,0.0,0.0,0.0
2026-08-17,46,0.84147717504,0.85976416928,0.85062067216,0.0,0.0,0.0
2026-08-17,47,0.85976416928,0.87805116352,0.8689076664,0.0,0.0,0.0
2026-08-17,48,0.87805116352,0.89633815776,0.8871946606400001,0.0,0.0,0.0
2026-08-17,49,0.89633815776,0.914625152,0.90548165488,0.0,0.0,0.0
2026-08-18,0,0.00027544,0.0185624342399999,0.0094189371199999,6827115287.790252,0.0,2887087843.542233
2026-08-18,1,0.0185624342399999,0.03684942848,0.0277059313599999,1462206119.3318272,0.0,2779030615.2066474
2026-08-18,2,0.03684942848,0.05513642272,0.0459929256,952375606.243338,0.0,1219930431.9518309
2026-08-18,3,0.05513642272,0.07342341696,0.06427991984,0.0,0.0,0.0
2026-08-18,4,0.07342341696,0.0917104112,0.08256691408,0.0,0.0,0.0
2026-08-18,5,0.0917104112,0.10999740544,0.1008539083199999,0.0,0.0,0.0
2026-08-18,6,0.10999740544,0.12828439968,0.11914090256,0.0,0.0,0.0
2026-08-18,7,0.12828439968,0.14657139392,0.1374278968,0.0,0.0,0.0
2026-08-18,8,0.14657139392,0.1648583881599999,0.1557148910399999,0.0,0.0,0.0
2026-08-18,9,0.1648583881599999,0.1831453823999999,0.17400188528,0.0,0.0,0.0
2026-08-18,10,0.1831453823999999,0.20143237664,0.1922888795199999,0.0,0.0,0.0
2026-08-18,11,0.20143237664,0.21971937088,0.2105758737599999,0.0,0.0,0.0
2026-08-18,12,0.21971937088,0.2380063651199999,0.228862868,0.0,0.0,0.0
2026-08-18,13,0.2380063651199999,0.25629335936,0.24714986224,0.0,0.0,0.0
2026-08-18,14,0.25629335936,0.2745803536,0.26543685648,0.0,0.0,0.0
2026-08-18,15,0.2745803536,0.29286734784,0.28372385072,0.0,0.0,0.0
2026-08-18,16,0.29286734784,0.31115434208,0.30201084496,0.0,0.0,0.0
2026-08-18,17,0.31115434208,0.32944133632,0.3202978392,0.0,0.0,0.0
2026-08-18,18,0.32944133632,0.34772833056,0.33858483344,0.0,0.0,0.0
2026-08-18,19,0.34772833056,0.3660153248,0.35687182768,0.0,0.0,0.0
2026-08-18,20,0.3660153248,0.38430231904,0.37515882192,0.0,0.0,0.0
2026-08-18,21,0.38430231904,0.40258931328,0.39344581616,0.0,0.0,0.0
2026-08-18,22,0.40258931328,0.42087630752,0.4117328104,0.0,0.0,0.0
2026-08-18,23,0.42087630752,0.43916330176,0.43001980464,0.0,0.0,0.0
2026-08-18,24,0.43916330176,0.457450296,0.44830679888,0.0,0.0,0.0
2026-08-18,25,0.457450296,0.47573729024,0.46659379312,0.0,0.0,0.0
2026-08-18,26,0.47573729024,0.49402428448,0.48488078736,0.0,0.0,0.0
2026-08-18,27,0.49402428448,0.51231127872,0.5031677816,0.0,0.0,0.0
2026-08-18,28,0.51231127872,0.5305982729600001,0.5214547758400001,0.0,0.0,0.0
2026-08-18,29,0.5305982729600001,0.5488852672,0.53974177008,0.0,0.0,0.0
2026-08-18,30,0.5488852672,0.56717226144,0.5580287643199999,0.0,0.0,0.0
2026-08-18,31,0.56717226144,0.58545925568,0.5763157585600001,0.0,0.0,0.0
2026-08-18,32,0.58545925568,0.60374624992,0.5946027528,0.0,0.0,0.0
2026-08-18,33,0.60374624992,0.62203324416,0.6128897470400001,0.0,0.0,0.0
2026-08-18,34,0.62203324416,0.6403202384,0.63117674128,0.0,0.0,0.0
2026-08-18,35,0.6403202384,0.65860723264,0.6494637355199999,0.0,0.0,0.0
2026-08-18,36,0.65860723264,0.67689422688,0.66775072976,0.0,0.0,0.0
2026-08-18,37,0.67689422688,0.69518122112,0.686037724,0.0,0.0,0.0
2026-08-18,38,0.69518122112,0.71346821536,0.7043247182400001,0.0,0.0,0.0
2026-08-18,39,0.71346821536,0.7317552096,0.72261171248,0.0,0.0,0.0
2026-08-18,40,0.7317552096,0.75004220384,0.7408987067199999,0.0,0.0,0.0
2026-08-18,41,0.75004220384,0.76832919808,0.75918570096,0.0,0.0,0.0
2026-08-18,42,0.76832919808,0.78661619232,0.7774726952,0.0,0.0,0.0
2026-08-18,43,0.78661619232,0.80490318656,0.7957596894400001,0.0,0.0,0.0
2026-08-18,44,0.80490318656,0.8231901808000001,0.81404668368,0.0,0.0,0.0
2026-08-18,45,0.8231901808000001,0.84147717504,0.83233367792,0.0,0.0,0.0
2026-08-18,46,0.84147717504,0.85976416928,0.85062067216,0.0,0.0,0.0
2026-08-18,47,0.85976416928,0.87805116352,0.8689076664,0.0,0.0,0.0
2026-08-18,48,0.87805116352,0.89633815776,0.8871946606400001,0.0,0.0,0.0
2026-08-18,49,0.89633815776,0.914625152,0.90548165488,0.0,0.0,0.0
2026-08-19,0,0.00027544,0.0185624342399999,0.0094189371199999,6822655056.283406,0.0,2857555795.993247
2026-08-19,1,0.0185624342399999,0.03684942848,0.0277059313599999,1408472217.8534915,0.0,2687436132.8912725
2026-08-19,2,0.03684942848,0.05513642272,0.0459929256,1038519055.7840556,0.0,1327113542.4820156
2026-08-19,3,0.05513642272,0.07342341696,0.06427991984,0.0,0.0,0.0
2026-08-19,4,0.07342341696,0.0917104112,0.08256691408,0.0,0.0,0.0
2026-08-19,5,0.0917104112,0.10999740544,0.1008539083199999,0.0,0.0,0.0
2026-08-19,6,0.10999740544,0.12828439968,0.11914090256,0.0,0.0,0.0
2026-08-19,7,0.12828439968,0.14657139392,0.1374278968,0.0,0.0,0.0
2026-08-19,8,0.14657139392,0.1648583881599999,0.1557148910399999,0.0,0.0,0.0
2026-08-19,9,0.1648583881599999,0.1831453823999999,0.17400188528,0.0,0.0,0.0
2026-08-19,10,0.1831453823999999,0.20143237664,0.1922888795199999,0.0,0.0,0.0
2026-08-19,11,0.20143237664,0.21971937088,0.2105758737599999,0.0,0.0,0.0
2026-08-19,12,0.21971937088,0.2380063651199999,0.228862868,0.0,0.0,0.0
2026-08-19,13,0.2380063651199999,0.25629335936,0.24714986224,0.0,0.0,0.0
2026-08-19,14,0.25629335936,0.2745803536,0.26543685648,0.0,0.0,0.0
2026-08-19,15,0.2745803536,0.29286734784,0.28372385072,0.0,0.0,0.0
2026-08-19,16,0.29286734784,0.31115434208,0.30201084496,0.0,0.0,0.0
2026-08-19,17,0.31115434208,0.32944133632,0.3202978392,0.0,0.0,0.0
2026-08-19,18,0.32944133632,0.34772833056,0.33858483344,0.0,0.0,0.0
2026-08-19,19,0.34772833056,0.3660153248,0.35687182768,0.0,0.0,0.0
2026-08-19,20,0.3660153248,0.38430231904,0.37515882192,0.0,0.0,0.0
2026-08-19,21,0.38430231904,0.40258931328,0.39344581616,0.0,0.0,0.0
2026-08-19,22,0.40258931328,0.42087630752,0.4117328104,0.0,0.0,0.0
2026-08-19,23,0.42087630752,0.43916330176,0.43001980464,0.0,0.0,0.0
2026-08-19,24,0.43916330176,0.457450296,0.44830679888,0.0,0.0,0.0
2026-08-19,25,0.457450296,0.47573729024,0.46659379312,0.0,0.0,0.0
2026-08-19,26,0.47573729024,0.49402428448,0.48488078736,0.0,0.0,0.0
2026-08-19,27,0.49402428448,0.51231127872,0.5031677816,0.0,0.0,0.0
2026-08-19,28,0.51231127872,0.5305982729600001,0.5214547758400001,0.0,0.0,0.0
2026-08-19,29,0.5305982729600001,0.5488852672,0.53974177008,0.0,0.0,0.0
2026-08-19,30,0.5488852672,0.56717226144,0.5580287643199999,0.0,0.0,0.0
2026-08-19,31,0.56717226144,0.58545925568,0.5763157585600001,0.0,0.0,0.0
2026-08-19,32,0.58545925568,0.60374624992,0.5946027528,0.0,0.0,0.0
2026-08-19,33,0.60374624992,0.62203324416,0.6128897470400001,0.0,0.0,0.0
2026-08-19,34,0.62203324416,0.6403202384,0.63117674128,0.0,0.0,0.0
2026-08-19,35,0.6403202384,0.65860723264,0.6494637355199999,0.0,0.0,0.0
2026-08-19,36,0.65860723264,0.67689422688,0.66775072976,0.0,0.0,0.0
2026-08-19,37,0.67689422688,0.69518122112,0.686037724,0.0,0.0,0.0
2026-08-19,38,0.69518122112,0.71346821536,0.7043247182400001,0.0,0.0,0.0
2026-08-19,39,0.71346821536,0.7317552096,0.72261171248,0.0,0.0,0.0
2026-08-19,40,0.7317552096,0.75004220384,0.7408987067199999,0.0,0.0,0.0
2026-08-19,41,0.75004220384,0.76832919808,0.75918570096,0.0,0.0,0.0
2026-08-19,42,0.76832919808,0.78661619232,0.7774726952,0.0,0.0,0.0
2026-08-19,43,0.78661619232,0.80490318656,0.7957596894400001,0.0,0.0,0.0
2026-08-19,44,0.80490318656,0.8231901808000001,0.81404668368,0.0,0.0,0.0
2026-08-19,45,0.8231901808000001,0.84147717504,0.83233367792,0.0,0.0,0.0
2026-08-19,46,0.84147717504,0.85976416928,0.85062067216,0.0,0.0,0.0
2026-08-19,47,0.85976416928,0.87805116352,0.8689076664,0.0,0.0,0.0
2026-08-19,48,0.87805116352,0.89633815776,0.8871946606400001,0.0,0.0,0.0
2026-08-19,49,0.89633815776,0.914625152,0.90548165488,0.0,0.0,0.0
2026-08-20,0,0.00027544,0.0185624342399999,0.0094189371199999,6819234328.599703,0.0,2844645247.131599
2026-08-20,1,0.0185624342399999,0.03684942848,0.0277059313599999,1451754897.50496,0.0,2730090722.382828
2026-08-20,2,0.03684942848,0.05513642272,0.0459929256,991162811.731936,0.0,1310023742.6236808
2026-08-20,3,0.05513642272,0.07342341696,0.06427991984,0.0,0.0,0.0
2026-08-20,4,0.07342341696,0.0917104112,0.08256691408,0.0,0.0,0.0
2026-08-20,5,0.0917104112,0.10999740544,0.1008539083199999,0.0,0.0,0.0
2026-08-20,6,0.10999740544,0.12828439968,0.11914090256,0.0,0.0,0.0
2026-08-20,7,0.12828439968,0.14657139392,0.1374278968,0.0,0.0,0.0
2026-08-20,8,0.14657139392,0.1648583881599999,0.1557148910399999,0.0,0.0,0.0
2026-08-20,9,0.1648583881599999,0.1831453823999999,0.17400188528,0.0,0.0,0.0
2026-08-20,10,0.1831453823999999,0.20143237664,0.1922888795199999,0.0,0.0,0.0
2026-08-20,11,0.20143237664,0.21971937088,0.2105758737599999,0.0,0.0,0.0
2026-08-20,12,0.21971937088,0.2380063651199999,0.228862868,0.0,0.0,0.0
2026-08-20,13,0.2380063651199999,0.25629335936,0.24714986224,0.0,0.0,0.0
2026-08-20,14,0.25629335936,0.2745803536,0.26543685648,0.0,0.0,0.0
2026-08-20,15,0.2745803536,0.29286734784,0.28372385072,0.0,0.0,0.0
2026-08-20,16,0.29286734784,0.31115434208,0.30201084496,0.0,0.0,0.0
2026-08-20,17,0.31115434208,0.32944133632,0.3202978392,0.0,0.0,0.0
2026-08-20,18,0.32944133632,0.34772833056,0.33858483344,0.0,0.0,0.0
2026-08-20,19,0.34772833056,0.3660153248,0.35687182768,0.0,0.0,0.0
2026-08-20,20,0.3660153248,0.38430231904,0.37515882192,0.0,0.0,0.0
2026-08-20,21,0.38430231904,0.40258931328,0.39344581616,0.0,0.0,0.0
2026-08-20,22,0.40258931328,0.42087630752,0.4117328104,0.0,0.0,0.0
2026-08-20,23,0.42087630752,0.43916330176,0.43001980464,0.0,0.0,0.0
2026-08-20,24,0.43916330176,0.457450296,0.44830679888,0.0,0.0,0.0
2026-08-20,25,0.457450296,0.47573729024,0.46659379312,0.0,0.0,0.0
2026-08-20,26,0.47573729024,0.49402428448,0.48488078736,0.0,0.0,0.0
2026-08-20,27,0.49402428448,0.51231127872,0.5031677816,0.0,0.0,0.0
2026-08-20,28,0.51231127872,0.5305982729600001,0.5214547758400001,0.0,0.0,0.0
2026-08-20,29,0.5305982729600001,0.5488852672,0.53974177008,0.0,0.0,0.0
2026-08-20,30,0.5488852672,0.56717226144,0.5580287643199999,0.0,0.0,0.0
2026-08-20,31,0.56717226144,0.58545925568,0.5763157585600001,0.0,0.0,0.0
2026-08-20,32,0.58545925568,0.60374624992,0.5946027528,0.0,0.0,0.0
2026-08-20,33,0.60374624992,0.62203324416,0.6128897470400001,0.0,0.0,0.0
2026-08-20,34,0.62203324416,0.6403202384,0.63117674128,0.0,0.0,0.0
2026-08-20,35,0.6403202384,0.65860723264,0.6494637355199999,0.0,0.0,0.0
2026-08-20,36,0.65860723264,0.67689422688,0.66775072976,0.0,0.0,0.0
2026-08-20,37,0.67689422688,0.69518122112,0.686037724,0.0,0.0,0.0
2026-08-20,38,0.69518122112,0.71346821536,0.7043247182400001,0.0,0.0,0.0
2026-08-20,39,0.71346821536,0.7317552096,0.72261171248,0.0,0.0,0.0
2026-08-20,40,0.7317552096,0.75004220384,0.7408987067199999,0.0,0.0,0.0
2026-08-20,41,0.75004220384,0.76832919808,0.75918570096,0.0,0.0,0.0
2026-08-20,42,0.76832919808,0.78661619232,0.7774726952,0.0,0.0,0.0
2026-08-20,43,0.78661619232,0.80490318656,0.7957596894400001,0.0,0.0,0.0
2026-08-20,44,0.80490318656,0.8231901808000001,0.81404668368,0.0,0.0,0.0
2026-08-20,45,0.8231901808000001,0.84147717504,0.83233367792,0.0,0.0,0.0
2026-08-20,46,0.84147717504,0.85976416928,0.85062067216,0.0,0.0,0.0
2026-08-20,47,0.85976416928,0.87805116352,0.8689076664,0.0,0.0,0.0
2026-08-20,48,0.87805116352,0.89633815776,0.8871946606400001,0.0,0.0,0.0
2026-08-20,49,0.89633815776,0.914625152,0.90548165488,0.0,0.0,0.0
2026-08-21,0,0.00027544,0.0185624342399999,0.0094189371199999,6814513459.14461,0.0,2816599856.2157173
2026-08-21,1,0.0185624342399999,0.03684942848,0.0277059313599999,1502843834.0758574,0.0,2765471824.6798606
2026-08-21,2,0.03684942848,0.05513642272,0.0459929256,952206023.597062,0.0,1304923529.8523114
2026-08-21,3,0.05513642272,0.07342341696,0.06427991984,0.0,0.0,0.0
2026-08-21,4,0.07342341696,0.0917104112,0.08256691408,0.0,0.0,0.0
2026-08-21,5,0.0917104112,0.10999740544,0.1008539083199999,0.0,0.0,0.0
2026-08-21,6,0.10999740544,0.12828439968,0.11914090256,0.0,0.0,0.0
2026-08-21,7,0.12828439968,0.14657139392,0.1374278968,0.0,0.0,0.0
2026-08-21,8,0.14657139392,0.1648583881599999,0.1557148910399999,0.0,0.0,0.0
2026-08-21,9,0.1648583881599999,0.1831453823999999,0.17400188528,0.0,0.0,0.0
2026-08-21,10,0.1831453823999999,0.20143237664,0.1922888795199999,0.0,0.0,0.0
2026-08-21,11,0.20143237664,0.21971937088,0.2105758737599999,0.0,0.0,0.0
2026-08-21,12,0.21971937088,0.2380063651199999,0.228862868,0.0,0.0,0.0
2026-08-21,13,0.2380063651199999,0.25629335936,0.24714986224,0.0,0.0,0.0
2026-08-21,14,0.25629335936,0.2745803536,0.26543685648,0.0,0.0,0.0
2026-08-21,15,0.2745803536,0.29286734784,0.28372385072,0.0,0.0,0.0
2026-08-21,16,0.29286734784,0.31115434208,0.30201084496,0.0,0.0,0.0
2026-08-21,17,0.31115434208,0.32944133632,0.3202978392,0.0,0.0,0.0
2026-08-21,18,0.32944133632,0.34772833056,0.33858483344,0.0,0.0,0.0
2026-08-21,19,0.34772833056,0.3660153248,0.35687182768,0.0,0.0,0.0
2026-08-21,20,0.3660153248,0.38430231904,0.37515882192,0.0,0.0,0.0
2026-08-21,21,0.38430231904,0.40258931328,0.39344581616,0.0,0.0,0.0
2026-08-21,22,0.40258931328,0.42087630752,0.4117328104,0.0,0.0,0.0
2026-08-21,23,0.42087630752,0.43916330176,0.43001980464,0.0,0.0,0.0
2026-08-21,24,0.43916330176,0.457450296,0.44830679888,0.0,0.0,0.0
2026-08-21,25,0.457450296,0.47573729024,0.46659379312,0.0,0.0,0.0
2026-08-21,26,0.47573729024,0.49402428448,0.48488078736,0.0,0.0,0.0
2026-08-21,27,0.49402428448,0.51231127872,0.5031677816,0.0,0.0,0.0
2026-08-21,28,0.51231127872,0.5305982729600001,0.5214547758400001,0.0,0.0,0.0
2026-08-21,29,0.5305982729600001,0.5488852672,0.53974177008,0.0,0.0,0.0
2026-08-21,30,0.5488852672,0.56717226144,0.5580287643199999,0.0,0.0,0.0
2026-08-21,31,0.56717226144,0.58545925568,0.5763157585600001,0.0,0.0,0.0
2026-08-21,32,0.58545925568,0.60374624992,0.5946027528,0.0,0.0,0.0
2026-08-21,33,0.60374624992,0.62203324416,0.6128897470400001,0.0,0.0,0.0
2026-08-21,34,0.62203324416,0.6403202384,0.63117674128,0.0,0.0,0.0
2026-08-21,35,0.6403202384,0.65860723264,0.6494637355199999,0.0,0.0,0.0
2026-08-21,36,0.65860723264,0.67689422688,0.66775072976,0.0,0.0,0.0
2026-08-21,37,0.67689422688,0.69518122112,0.686037724,0.0,0.0,0.0
2026-08-21,38,0.69518122112,0.71346821536,0.7043247182400001,0.0,0.0,0.0
2026-08-21,39,0.71346821536,0.7317552096,0.72261171248,0.0,0.0,0.0
2026-08-21,40,0.7317552096,0.75004220384,0.7408987067199999,0.0,0.0,0.0
2026-08-21,41,0.75004220384,0.76832919808,0.75918570096,0.0,0.0,0.0
2026-08-21,42,0.76832919808,0.78661619232,0.7774726952,0.0,0.0,0.0
2026-08-21,43,0.78661619232,0.80490318656,0.7957596894400001,0.0,0.0,0.0
2026-08-21,44,0.80490318656,0.8231901808000001,0.81404668368,0.0,0.0,0.0
2026-08-21,45,0.8231901808000001,0.84147717504,0.83233367792,0.0,0.0,0.0
2026-08-21,46,0.84147717504,0.85976416928,0.85062067216,0.0,0.0,0.0
2026-08-21,47,0.85976416928,0.87805116352,0.8689076664,0.0,0.0,0.0
2026-08-21,48,0.87805116352,0.89633815776,0.8871946606400001,0.0,0.0,0.0
2026-08-21,49,0.89633815776,0.914625152,0.90548165488,0.0,0.0,0.0
2026-08-22,0,0.00027544,0.0185624342399999,0.0094189371199999,6813107173.917491,0.0,2789235589.4973493
2026-08-22,1,0.0185624342399999,0.03684942848,0.0277059313599999,1471219481.112075,0.0,2711372523.1871905
2026-08-22,2,0.03684942848,0.05513642272,0.0459929256,998057898.0030493,0.0,1381996370.383817
2026-08-22,3,0.05513642272,0.07342341696,0.06427991984,0.0,0.0,0.0
2026-08-22,4,0.07342341696,0.0917104112,0.08256691408,0.0,0.0,0.0
2026-08-22,5,0.0917104112,0.10999740544,0.1008539083199999,0.0,0.0,0.0
2026-08-22,6,0.10999740544,0.12828439968,0.11914090256,0.0,0.0,0.0
2026-08-22,7,0.12828439968,0.14657139392,0.1374278968,0.0,0.0,0.0
2026-08-22,8,0.14657139392,0.1648583881599999,0.1557148910399999,0.0,0.0,0.0
2026-08-22,9,0.1648583881599999,0.1831453823999999,0.17400188528,0.0,0.0,0.0
2026-08-22,10,0.1831453823999999,0.20143237664,0.1922888795199999,0.0,0.0,0.0
2026-08-22,11,0.20143237664,0.21971937088,0.2105758737599999,0.0,0.0,0.0
2026-08-22,12,0.21971937088,0.2380063651199999,0.228862868,0.0,0.0,0.0
2026-08-22,13,0.2380063651199999,0.25629335936,0.24714986224,0.0,0.0,0.0
2026-08-22,14,0.25629335936,0.2745803536,0.26543685648,0.0,0.0,0.0
2026-08-22,15,0.2745803536,0.29286734784,0.28372385072,0.0,0.0,0.0
2026-08-22,16,0.29286734784,0.31115434208,0.30201084496,0.0,0.0,0.0
2026-08-22,17,0.31115434208,0.32944133632,0.3202978392,0.0,0.0,0.0
2026-08-22,18,0.32944133632,0.34772833056,0.33858483344,0.0,0.0,0.0
2026-08-22,19,0.34772833056,0.3660153248,0.35687182768,0.0,0.0,0.0
2026-08-22,20,0.3660153248,0.38430231904,0.37515882192,0.0,0.0,0.0
2026-08-22,21,0.38430231904,0.40258931328,0.39344581616,0.0,0.0,0.0
2026-08-22,22,0.40258931328,0.42087630752,0.4117328104,0.0,0.0,0.0
2026-08-22,23,0.42087630752,0.43916330176,0.43001980464,0.0,0.0,0.0
2026-08-22,24,0.43916330176,0.457450296,0.44830679888,0.0,0.0,0.0
2026-08-22,25,0.457450296,0.47573729024,0.46659379312,0.0,0.0,0.0
2026-08-22,26,0.47573729024,0.49402428448,0.48488078736,0.0,0.0,0.0
2026-08-22,27,0.49402428448,0.51231127872,0.5031677816,0.0,0.0,0.0
2026-08-22,28,0.51231127872,0.5305982729600001,0.5214547758400001,0.0,0.0,0.0
2026-08-22,29,0.5305982729600001,0.5488852672,0.53974177008,0.0,0.0,0.0
2026-08-22,30,0.5488852672,0.56717226144,0.5580287643199999,0.0,0.0,0.0
2026-08-22,31,0.56717226144,0.58545925568,0.5763157585600001,0.0,0.0,0.0
2026-08-22,32,0.58545925568,0.60374624992,0.5946027528,0.0,0.0,0.0
2026-08-22,33,0.60374624992,0.62203324416,0.6128897470400001,0.0,0.0,0.0
2026-08-22,34,0.62203324416,0.6403202384,0.63117674128,0.0,0.0,0.0
2026-08-22,35,0.6403202384,0.65860723264,0.6494637355199999,0.0,0.0,0.0
2026-08-22,36,0.65860723264,0.67689422688,0.66775072976,0.0,0.0,0.0
2026-08-22,37,0.67689422688,0.69518122112,0.686037724,0.0,0.0,0.0
2026-08-22,38,0.69518122112,0.71346821536,0.7043247182400001,0.0,0.0,0.0
2026-08-22,39,0.71346821536,0.7317552096,0.72261171248,0.0,0.0,0.0
2026-08-22,40,0.7317552096,0.75004220384,0.7408987067199999,0.0,0.0,0.0
2026-08-22,41,0.75004220384,0.76832919808,0.75918570096,0.0,0.0,0.0
2026-08-22,42,0.76832919808,0.78661619232,0.7774726952,0.0,0.0,0.0
2026-08-22,43,0.78661619232,0.80490318656,0.7957596894400001,0.0,0.0,0.0
2026-08-22,44,0.80490318656,0.8231901808000001,0.81404668368,0.0,0.0,0.0
2026-08-22,45,0.8231901808000001,0.84147717504,0.83233367792,0.0,0.0,0.0
2026-08-22,46,0.84147717504,0.85976416928,0.85062067216,0.0,0.0,0.0
2026-08-22,47,0.85976416928,0.87805116352,0.8689076664,0.0,0.0,0.0
2026-08-22,48,0.87805116352,0.89633815776,0.8871946606400001,0.0,0.0,0.0
2026-08-22,49,0.89633815776,0.914625152,0.90548165488,0.0,0.0,0.0
2026-08-23,0,0.00027544,0.0185624342399999,0.0094189371199999,6807849485.214857,0.0,2735422925.4980817
2026-08-23,1,0.0185624342399999,0.03684942848,0.0277059313599999,1423079424.9630456,0.0,2569198376.2981086
2026-08-23,2,0.03684942848,0.05513642272,0.0459929256,914532687.2360969,0.0,1348474665.8038087
2026-08-23,3,0.05513642272,0.07342341696,0.06427991984,173537477.77430752,0.0,225197634.4476216
2026-08-23,4,0.07342341696,0.0917104112,0.08256691408,0.0,0.0,0.0
2026-08-23,5,0.0917104112,0.10999740544,0.1008539083199999,0.0,0.0,0.0
2026-08-23,6,0.10999740544,0.12828439968,0.11914090256,0.0,0.0,0.0
2026-08-23,7,0.12828439968,0.14657139392,0.1374278968,0.0,0.0,0.0
2026-08-23,8,0.14657139392,0.1648583881599999,0.1557148910399999,0.0,0.0,0.0
2026-08-23,9,0.1648583881599999,0.1831453823999999,0.17400188528,0.0,0.0,0.0
2026-08-23,10,0.1831453823999999,0.20143237664,0.1922888795199999,0.0,0.0,0.0
2026-08-23,11,0.20143237664,0.21971937088,0.2105758737599999,0.0,0.0,0.0
2026-08-23,12,0.21971937088,0.2380063651199999,0.228862868,0.0,0.0,0.0
2026-08-23,13,0.2380063651199999,0.25629335936,0.24714986224,0.0,0.0,0.0
2026-08-23,14,0.25629335936,0.2745803536,0.26543685648,0.0,0.0,0.0
2026-08-23,15,0.2745803536,0.29286734784,0.28372385072,0.0,0.0,0.0
2026-08-23,16,0.29286734784,0.31115434208,0.30201084496,0.0,0.0,0.0
2026-08-23,17,0.31115434208,0.32944133632,0.3202978392,0.0,0.0,0.0
2026-08-23,18,0.32944133632,0.34772833056,0.33858483344,0.0,0.0,0.0
2026-08-23,19,0.34772833056,0.3660153248,0.35687182768,0.0,0.0,0.0
2026-08-23,20,0.3660153248,0.38430231904,0.37515882192,0.0,0.0,0.0
2026-08-23,21,0.38430231904,0.40258931328,0.39344581616,0.0,0.0,0.0
2026-08-23,22,0.40258931328,0.42087630752,0.4117328104,0.0,0.0,0.0
2026-08-23,23,0.42087630752,0.43916330176,0.43001980464,0.0,0.0,0.0
2026-08-23,24,0.43916330176,0.457450296,0.44830679888,0.0,0.0,0.0
2026-08-23,25,0.457450296,0.47573729024,0.46659379312,0.0,0.0,0.0
2026-08-23,26,0.47573729024,0.49402428448,0.48488078736,0.0,0.0,0.0
2026-08-23,27,0.49402428448,0.51231127872,0.5031677816,0.0,0.0,0.0
2026-08-23,28,0.51231127872,0.5305982729600001,0.5214547758400001,0.0,0.0,0.0
2026-08-23,29,0.5305982729600001,0.5488852672,0.53974177008,0.0,0.0,0.0
2026-08-23,30,0.5488852672,0.56717226144,0.5580287643199999,0.0,0.0,0.0
2026-08-23,31,0.56717226144,0.58545925568,0.5763157585600001,0.0,0.0,0.0
2026-08-23,32,0.58545925568,0.60374624992,0.5946027528,0.0,0.0,0.0
2026-08-23,33,0.60374624992,0.62203324416,0.6128897470400001,0.0,0.0,0.0
2026-08-23,34,0.62203324416,0.6403202384,0.63117674128,0.0,0.0,0.0
2026-08-23,35,0.6403202384,0.65860723264,0.6494637355199999,0.0,0.0,0.0
2026-08-23,36,0.65860723264,0.67689422688,0.66775072976,0.0,0.0,0.0
2026-08-23,37,0.67689422688,0.69518122112,0.686037724,0.0,0.0,0.0
2026-08-23,38,0.69518122112,0.71346821536,0.7043247182400001,0.0,0.0,0.0
2026-08-23,39,0.71346821536,0.7317552096,0.72261171248,0.0,0.0,0.0
2026-08-23,40,0.7317552096,0.75004220384,0.7408987067199999,0.0,0.0,0.0
2026-08-23,41,0.75004220384,0.76832919808,0.75918570096,0.0,0.0,0.0
2026-08-23,42,0.76832919808,0.78661619232,0.7774726952,0.0,0.0,0.0
2026-08-23,43,0.78661619232,0.80490318656,0.7957596894400001,0.0,0.0,0.0
2026-08-23,44,0.80490318656,0.8231901808000001,0.81404668368,0.0,0.0,0.0
2026-08-23,45,0.8231901808000001,0.84147717504,0.83233367792,0.0,0.0,0.0
2026-08-23,46,0.84147717504,0.85976416928,0.85062067216,0.0,0.0,0.0
2026-08-23,47,0.85976416928,0.87805116352,0.8689076664,0.0,0.0,0.0
2026-08-23,48,0.87805116352,0.89633815776,0.8871946606400001,0.0,0.0,0.0
2026-08-23,49,0.89633815776,0.914625152,0.90548165488,0.0,0.0,0.0
2026-08-24,0,0.00027544,0.0185624342399999,0.0094189371199999,6799127369.398321,0.0,2666372505.080481
2026-08-24,1,0.0185624342399999,0.03684942848,0.0277059313599999,1349370811.9372573,0.0,2490373293.8720345
2026-08-24,2,0.03684942848,0.05513642272,0.0459929256,833765115.9015772,0.0,1275049351.7551403
2026-08-24,3,0.05513642272,0.07342341696,0.06427991984,137674478.1134331,0.0,158538625.50631124
2026-08-24,4,0.07342341696,0.0917104112,0.08256691408,222960450.3057722,0.0,298135359.3089767
2026-08-24,5,0.0917104112,0.10999740544,0.1008539083199999,0.0,0.0,0.0
2026-08-24,6,0.10999740544,0.12828439968,0.11914090256,0.0,0.0,0.0
2026-08-24,7,0.12828439968,0.14657139392,0.1374278968,0.0,0.0,0.0
2026-08-24,8,0.14657139392,0.1648583881599999,0.1557148910399999,0.0,0.0,0.0
2026-08-24,9,0.1648583881599999,0.1831453823999999,0.17400188528,0.0,0.0,0.0
2026-08-24,10,0.1831453823999999,0.20143237664,0.1922888795199999,0.0,0.0,0.0
2026-08-24,11,0.20143237664,0.21971937088,0.2105758737599999,0.0,0.0,0.0
2026-08-24,12,0.21971937088,0.2380063651199999,0.228862868,0.0,0.0,0.0
2026-08-24,13,0.2380063651199999,0.25629335936,0.24714986224,0.0,0.0,0.0
2026-08-24,14,0.25629335936,0.2745803536,0.26543685648,0.0,0.0,0.0
2026-08-24,15,0.2745803536,0.29286734784,0.28372385072,0.0,0.0,0.0
2026-08-24,16,0.29286734784,0.31115434208,0.30201084496,0.0,0.0,0.0
2026-08-24,17,0.31115434208,0.32944133632,0.3202978392,0.0,0.0,0.0
2026-08-24,18,0.32944133632,0.34772833056,0.33858483344,0.0,0.0,0.0
2026-08-24,19,0.34772833056,0.3660153248,0.35687182768,0.0,0.0,0.0
2026-08-24,20,0.3660153248,0.38430231904,0.37515882192,0.0,0.0,0.0
2026-08-24,21,0.38430231904,0.40258931328,0.39344581616,0.0,0.0,0.0
2026-08-24,22,0.40258931328,0.42087630752,0.4117328104,0.0,0.0,0.0
2026-08-24,23,0.42087630752,0.43916330176,0.43001980464,0.0,0.0,0.0
2026-08-24,24,0.43916330176,0.457450296,0.44830679888,0.0,0.0,0.0
2026-08-24,25,0.457450296,0.47573729024,0.46659379312,0.0,0.0,0.0
2026-08-24,26,0.47573729024,0.49402428448,0.48488078736,0.0,0.0,0.0
2026-08-24,27,0.49402428448,0.51231127872,0.5031677816,0.0,0.0,0.0
2026-08-24,28,0.51231127872,0.5305982729600001,0.5214547758400001,0.0,0.0,0.0
2026-08-24,29,0.5305982729600001,0.5488852672,0.53974177008,0.0,0.0,0.0
2026-08-24,30,0.5488852672,0.56717226144,0.5580287643199999,0.0,0.0,0.0
2026-08-24,31,0.56717226144,0.58545925568,0.5763157585600001,0.0,0.0,0.0
2026-08-24,32,0.58545925568,0.60374624992,0.5946027528,0.0,0.0,0.0
2026-08-24,33,0.60374624992,0.62203324416,0.6128897470400001,0.0,0.0,0.0
2026-08-24,34,0.62203324416,0.6403202384,0.63117674128,0.0,0.0,0.0
2026-08-24,35,0.6403202384,0.65860723264,0.6494637355199999,0.0,0.0,0.0
2026-08-24,36,0.65860723264,0.67689422688,0.66775072976,0.0,0.0,0.0
2026-08-24,37,0.67689422688,0.69518122112,0.686037724,0.0,0.0,0.0
2026-08-24,38,0.69518122112,0.71346821536,0.7043247182400001,0.0,0.0,0.0
2026-08-24,39,0.71346821536,0.7317552096,0.72261171248,0.0,0.0,0.0
2026-08-24,40,0.7317552096,0.75004220384,0.7408987067199999,0.0,0.0,0.0
2026-08-24,41,0.75004220384,0.76832919808,0.75918570096,0.0,0.0,0.0
2026-08-24,42,0.76832919808,0.78661619232,0.7774726952,0.0,0.0,0.0
2026-08-24,43,0.78661619232,0.80490318656,0.7957596894400001,0.0,0.0,0.0
2026-08-24,44,0.80490318656,0.8231901808000001,0.81404668368,0.0,0.0,0.0
2026-08-24,45,0.8231901808000001,0.84147717504,0.83233367792,0.0,0.0,0.0
2026-08-24,46,0.84147717504,0.85976416928,0.85062067216,0.0,0.0,0.0
2026-08-24,47,0.85976416928,0.87805116352,0.8689076664,0.0,0.0,0.0
2026-08-24,48,0.87805116352,0.89633815776,0.8871946606400001,0.0,0.0,0.0
2026-08-24,49,0.89633815776,0.914625152,0.90548165488,0.0,0.0,0.0
2026-08-25,0,0.00027544,0.0185624342399999,0.0094189371199999,6789081672.601422,0.0,2624927435.6013017
2026-08-25,1,0.0185624342399999,0.03684942848,0.0277059313599999,1251307200.2878065,0.0,2420358031.375827
2026-08-25,2,0.03684942848,0.05513642272,0.0459929256,798157101.2677189,0.0,1247022987.1121247
2026-08-25,3,0.05513642272,0.07342341696,0.06427991984,123216532.0524982,0.0,117371754.58199506
2026-08-25,4,0.07342341696,0.0917104112,0.08256691408,190914018.62326497,0.0,235095476.2648197
2026-08-25,5,0.0917104112,0.10999740544,0.1008539083199999,208857490.11061373,0.0,246967185.12413287
2026-08-25,6,0.10999740544,0.12828439968,0.11914090256,0.0,0.0,0.0
2026-08-25,7,0.12828439968,0.14657139392,0.1374278968,0.0,0.0,0.0
2026-08-25,8,0.14657139392,0.1648583881599999,0.1557148910399999,0.0,0.0,0.0
2026-08-25,9,0.1648583881599999,0.1831453823999999,0.17400188528,0.0,0.0,0.0
2026-08-25,10,0.1831453823999999,0.20143237664,0.1922888795199999,0.0,0.0,0.0
2026-08-25,11,0.20143237664,0.21971937088,0.2105758737599999,0.0,0.0,0.0
2026-08-25,12,0.21971937088,0.2380063651199999,0.228862868,0.0,0.0,0.0
2026-08-25,13,0.2380063651199999,0.25629335936,0.24714986224,0.0,0.0,0.0
2026-08-25,14,0.25629335936,0.2745803536,0.26543685648,0.0,0.0,0.0
2026-08-25,15,0.2745803536,0.29286734784,0.28372385072,0.0,0.0,0.0
2026-08-25,16,0.29286734784,0.31115434208,0.30201084496,0.0,0.0,0.0
2026-08-25,17,0.31115434208,0.32944133632,0.3202978392,0.0,0.0,0.0
2026-08-25,18,0.32944133632,0.34772833056,0.33858483344,0.0,0.0,0.0
2026-08-25,19,0.34772833056,0.3660153248,0.35687182768,0.0,0.0,0.0
2026-08-25,20,0.3660153248,0.38430231904,0.37515882192,0.0,0.0,0.0
2026-08-25,21,0.38430231904,0.40258931328,0.39344581616,0.0,0.0,0.0
2026-08-25,22,0.40258931328,0.42087630752,0.4117328104,0.0,0.0,0.0
2026-08-25,23,0.42087630752,0.43916330176,0.43001980464,0.0,0.0,0.0
2026-08-25,24,0.43916330176,0.457450296,0.44830679888,0.0,0.0,0.0
2026-08-25,25,0.457450296,0.47573729024,0.46659379312,0.0,0.0,0.0
2026-08-25,26,0.47573729024,0.49402428448,0.48488078736,0.0,0.0,0.0
2026-08-25,27,0.49402428448,0.51231127872,0.5031677816,0.0,0.0,0.0
2026-08-25,28,0.51231127872,0.5305982729600001,0.5214547758400001,0.0,0.0,0.0
2026-08-25,29,0.5305982729600001,0.5488852672,0.53974177008,0.0,0.0,0.0
2026-08-25,30,0.5488852672,0.56717226144,0.5580287643199999,0.0,0.0,0.0
2026-08-25,31,0.56717226144,0.58545925568,0.5763157585600001,0.0,0.0,0.0
2026-08-25,32,0.58545925568,0.60374624992,0.5946027528,0.0,0.0,0.0
2026-08-25,33,0.60374624992,0.62203324416,0.6128897470400001,0.0,0.0,0.0
2026-08-25,34,0.62203324416,0.6403202384,0.63117674128,0.0,0.0,0.0
2026-08-25,35,0.6403202384,0.65860723264,0.6494637355199999,0.0,0.0,0.0
2026-08-25,36,0.65860723264,0.67689422688,0.66775072976,0.0,0.0,0.0
2026-08-25,37,0.67689422688,0.69518122112,0.686037724,0.0,0.0,0.0
2026-08-25,38,0.69518122112,0.71346821536,0.7043247182400001,0.0,0.0,0.0
2026-08-25,39,0.71346821536,0.7317552096,0.72261171248,0.0,0.0,0.0
2026-08-25,40,0.7317552096,0.75004220384,0.7408987067199999,0.0,0.0,0.0
2026-08-25,41,0.75004220384,0.76832919808,0.75918570096,0.0,0.0,0.0
2026-08-25,42,0.76832919808,0.78661619232,0.7774726952,0.0,0.0,0.0
2026-08-25,43,0.78661619232,0.80490318656,0.7957596894400001,0.0,0.0,0.0
2026-08-25,44,0.80490318656,0.8231901808000001,0.81404668368,0.0,0.0,0.0
2026-08-25,45,0.8231901808000001,0.84147717504,0.83233367792,0.0,0.0,0.0
2026-08-25,46,0.84147717504,0.85976416928,0.85062067216,0.0,0.0,0.0
2026-08-25,47,0.85976416928,0.87805116352,0.8689076664,0.0,0.0,0.0
2026-08-25,48,0.87805116352,0.89633815776,0.8871946606400001,0.0,0.0,0.0
2026-08-25,49,0.89633815776,0.914625152,0.90548165488,0.0,0.0,0.0
2026-08-26,0,0.00027544,0.0185624342399999,0.0094189371199999,6779088150.513661,0.0,2599285615.6092024
2026-08-26,1,0.0185624342399999,0.03684942848,0.0277059313599999,1183291244.9300923,0.0,2367937047.3203955
2026-08-26,2,0.03684942848,0.05513642272,0.0459929256,753971137.3662592,0.0,1237043204.193524
2026-08-26,3,0.05513642272,0.07342341696,0.06427991984,116959755.58916278,0.0,82746169.96924317
2026-08-26,4,0.07342341696,0.0917104112,0.08256691408,177883642.06989717,0.0,180543483.8719528
2026-08-26,5,0.0917104112,0.10999740544,0.1008539083199999,188748982.9399948,0.0,242666109.7068559
2026-08-26,6,0.10999740544,0.12828439968,0.11914090256,185430020.441002,0.0,182274507.8527196
2026-08-26,7,0.12828439968,0.14657139392,0.1374278968,0.0,0.0,0.0
2026-08-26,8,0.14657139392,0.1648583881599999,0.1557148910399999,0.0,0.0,0.0
2026-08-26,9,0.1648583881599999,0.1831453823999999,0.17400188528,0.0,0.0,0.0
2026-08-26,10,0.1831453823999999,0.20143237664,0.1922888795199999,0.0,0.0,0.0
2026-08-26,11,0.20143237664,0.21971937088,0.2105758737599999,0.0,0.0,0.0
2026-08-26,12,0.21971937088,0.2380063651199999,0.228862868,0.0,0.0,0.0
2026-08-26,13,0.2380063651199999,0.25629335936,0.24714986224,0.0,0.0,0.0
2026-08-26,14,0.25629335936,0.2745803536,0.26543685648,0.0,0.0,0.0
2026-08-26,15,0.2745803536,0.29286734784,0.28372385072,0.0,0.0,0.0
2026-08-26,16,0.29286734784,0.31115434208,0.30201084496,0.0,0.0,0.0
2026-08-26,17,0.31115434208,0.32944133632,0.3202978392,0.0,0.0,0.0
2026-08-26,18,0.32944133632,0.34772833056,0.33858483344,0.0,0.0,0.0
2026-08-26,19,0.34772833056,0.3660153248,0.35687182768,0.0,0.0,0.0
2026-08-26,20,0.3660153248,0.38430231904,0.37515882192,0.0,0.0,0.0
2026-08-26,21,0.38430231904,0.40258931328,0.39344581616,0.0,0.0,0.0
2026-08-26,22,0.40258931328,0.42087630752,0.4117328104,0.0,0.0,0.0
2026-08-26,23,0.42087630752,0.43916330176,0.43001980464,0.0,0.0,0.0
2026-08-26,24,0.43916330176,0.457450296,0.44830679888,0.0,0.0,0.0
2026-08-26,25,0.457450296,0.47573729024,0.46659379312,0.0,0.0,0.0
2026-08-26,26,0.47573729024,0.49402428448,0.48488078736,0.0,0.0,0.0
2026-08-26,27,0.49402428448,0.51231127872,0.5031677816,0.0,0.0,0.0
2026-08-26,28,0.51231127872,0.5305982729600001,0.5214547758400001,0.0,0.0,0.0
2026-08-26,29,0.5305982729600001,0.5488852672,0.53974177008,0.0,0.0,0.0
2026-08-26,30,0.5488852672,0.56717226144,0.5580287643199999,0.0,0.0,0.0
2026-08-26,31,0.56717226144,0.58545925568,0.5763157585600001,0.0,0.0,0.0
2026-08-26,32,0.58545925568,0.60374624992,0.5946027528,0.0,0.0,0.0
2026-08-26,33,0.60374624992,0.62203324416,0.6128897470400001,0.0,0.0,0.0
2026-08-26,34,0.62203324416,0.6403202384,0.63117674128,0.0,0.0,0.0
2026-08-26,35,0.6403202384,0.65860723264,0.6494637355199999,0.0,0.0,0.0
2026-08-26,36,0.65860723264,0.67689422688,0.66775072976,0.0,0.0,0.0
2026-08-26,37,0.67689422688,0.69518122112,0.686037724,0.0,0.0,0.0
2026-08-26,38,0.69518122112,0.71346821536,0.7043247182400001,0.0,0.0,0.0
2026-08-26,39,0.71346821536,0.7317552096,0.72261171248,0.0,0.0,0.0
2026-08-26,40,0.7317552096,0.75004220384,0.7408987067199999,0.0,0.0,0.0
2026-08-26,41,0.75004220384,0.76832919808,0.75918570096,0.0,0.0,0.0
2026-08-26,42,0.76832919808,0.78661619232,0.7774726952,0.0,0.0,0.0
2026-08-26,43,0.78661619232,0.80490318656,0.7957596894400001,0.0,0.0,0.0
2026-08-26,44,0.80490318656,0.8231901808000001,0.81404668368,0.0,0.0,0.0
2026-08-26,45,0.8231901808000001,0.84147717504,0.83233367792,0.0,0.0,0.0
2026-08-26,46,0.84147717504,0.85976416928,0.85062067216,0.0,0.0,0.0
2026-08-26,47,0.85976416928,0.87805116352,0.8689076664,0.0,0.0,0.0
2026-08-26,48,0.87805116352,0.89633815776,0.8871946606400001,0.0,0.0,0.0
2026-08-26,49,0.89633815776,0.914625152,0.90548165488,0.0,0.0,0.0
2026-08-27,0,0.00027544,0.0185624342399999,0.0094189371199999,6769049809.909468,0.0,2581784322.975796
2026-08-27,1,0.0185624342399999,0.03684942848,0.0277059313599999,1141258626.3081796,0.0,2336055283.5092726
2026-08-27,2,0.03684942848,0.05513642272,0.0459929256,728653601.2725067,0.0,1213723270.9374106
2026-08-27,3,0.05513642272,0.07342341696,0.06427991984,88529102.87653519,0.0,73368056.36983734
2026-08-27,4,0.07342341696,0.0917104112,0.08256691408,165430186.02547112,0.0,156290104.29130816
2026-08-27,5,0.0917104112,0.10999740544,0.1008539083199999,177512930.82841423,0.0,210344931.0101073
2026-08-27,6,0.10999740544,0.12828439968,0.11914090256,325771756.9924968,0.0,332688010.17978626
2026-08-27,7,0.12828439968,0.14657139392,0.1374278968,0.0,0.0,0.0
2026-08-27,8,0.14657139392,0.1648583881599999,0.1557148910399999,0.0,0.0,0.0
2026-08-27,9,0.1648583881599999,0.1831453823999999,0.17400188528,0.0,0.0,0.0
2026-08-27,10,0.1831453823999999,0.20143237664,0.1922888795199999,0.0,0.0,0.0
2026-08-27,11,0.20143237664,0.21971937088,0.2105758737599999,0.0,0.0,0.0
2026-08-27,12,0.21971937088,0.2380063651199999,0.228862868,0.0,0.0,0.0
2026-08-27,13,0.2380063651199999,0.25629335936,0.24714986224,0.0,0.0,0.0
2026-08-27,14,0.25629335936,0.2745803536,0.26543685648,0.0,0.0,0.0
2026-08-27,15,0.2745803536,0.29286734784,0.28372385072,0.0,0.0,0.0
2026-08-27,16,0.29286734784,0.31115434208,0.30201084496,0.0,0.0,0.0
2026-08-27,17,0.31115434208,0.32944133632,0.3202978392,0.0,0.0,0.0
2026-08-27,18,0.32944133632,0.34772833056,0.33858483344,0.0,0.0,0.0
2026-08-27,19,0.34772833056,0.3660153248,0.35687182768,0.0,0.0,0.0
2026-08-27,20,0.3660153248,0.38430231904,0.37515882192,0.0,0.0,0.0
2026-08-27,21,0.38430231904,0.40258931328,0.39344581616,0.0,0.0,0.0
2026-08-27,22,0.40258931328,0.42087630752,0.4117328104,0.0,0.0,0.0
2026-08-27,23,0.42087630752,0.43916330176,0.43001980464,0.0,0.0,0.0
2026-08-27,24,0.43916330176,0.457450296,0.44830679888,0.0,0.0,0.0
2026-08-27,25,0.457450296,0.47573729024,0.46659379312,0.0,0.0,0.0
2026-08-27,26,0.47573729024,0.49402428448,0.48488078736,0.0,0.0,0.0
2026-08-27,27,0.49402428448,0.51231127872,0.5031677816,0.0,0.0,0.0
2026-08-27,28,0.51231127872,0.5305982729600001,0.5214547758400001,0.0,0.0,0.0
2026-08-27,29,0.5305982729600001,0.5488852672,0.53974177008,0.0,0.0,0.0
2026-08-27,30,0.5488852672,0.56717226144,0.5580287643199999,0.0,0.0,0.0
2026-08-27,31,0.56717226144,0.58545925568,0.5763157585600001,0.0,0.0,0.0
2026-08-27,32,0.58545925568,0.60374624992,0.5946027528,0.0,0.0,0.0
2026-08-27,33,0.60374624992,0.62203324416,0.6128897470400001,0.0,0.0,0.0
2026-08-27,34,0.62203324416,0.6403202384,0.63117674128,0.0,0.0,0.0
2026-08-27,35,0.6403202384,0.65860723264,0.6494637355199999,0.0,0.0,0.0
2026-08-27,36,0.65860723264,0.67689422688,0.66775072976,0.0,0.0,0.0
2026-08-27,37,0.67689422688,0.69518122112,0.686037724,0.0,0.0,0.0
2026-08-27,38,0.69518122112,0.71346821536,0.7043247182400001,0.0,0.0,0.0
2026-08-27,39,0.71346821536,0.7317552096,0.72261171248,0.0,0.0,0.0
2026-08-27,40,0.7317552096,0.75004220384,0.7408987067199999,0.0,0.0,0.0
2026-08-27,41,0.75004220384,0.76832919808,0.75918570096,0.0,0.0,0.0
2026-08-27,42,0.76832919808,0.78661619232,0.7774726952,0.0,0.0,0.0
2026-08-27,43,0.78661619232,0.80490318656,0.7957596894400001,0.0,0.0,0.0
2026-08-27,44,0.80490318656,0.8231901808000001,0.81404668368,0.0,0.0,0.0
2026-08-27,45,0.8231901808000001,0.84147717504,0.83233367792,0.0,0.0,0.0
2026-08-27,46,0.84147717504,0.85976416928,0.85062067216,0.0,0.0,0.0
2026-08-27,47,0.85976416928,0.87805116352,0.8689076664,0.0,0.0,0.0
2026-08-27,48,0.87805116352,0.89633815776,0.8871946606400001,0.0,0.0,0.0
2026-08-27,49,0.89633815776,0.914625152,0.90548165488,0.0,0.0,0.0
2026-08-28,0,0.00027544,0.0185624342399999,0.0094189371199999,6762540888.457636,0.0,2569113574.8760915
2026-08-28,1,0.0185624342399999,0.03684942848,0.0277059313599999,1111136085.5613775,0.0,2320385077.6484165
2026-08-28,2,0.03684942848,0.05513642272,0.0459929256,705652131.6285158,0.0,1183362682.397814
2026-08-28,3,0.05513642272,0.07342341696,0.06427991984,81554316.79995944,0.0,73260826.16266553
2026-08-28,4,0.07342341696,0.0917104112,0.08256691408,136316789.11322567,0.0,126213834.13387644
2026-08-28,5,0.0917104112,0.10999740544,0.1008539083199999,163060347.7344014,0.0,180796255.59248176
2026-08-28,6,0.10999740544,0.12828439968,0.11914090256,292625853.54770213,0.0,315987708.58259624
2026-08-28,7,0.12828439968,0.14657139392,0.1374278968,0.0,0.0,0.0
2026-08-28,8,0.14657139392,0.1648583881599999,0.1557148910399999,160324269.88929874,0.0,143959929.0089052
2026-08-28,9,0.1648583881599999,0.1831453823999999,0.17400188528,0.0,0.0,0.0
2026-08-28,10,0.1831453823999999,0.20143237664,0.1922888795199999,0.0,0.0,0.0
2026-08-28,11,0.20143237664,0.21971937088,0.2105758737599999,0.0,0.0,0.0
2026-08-28,12,0.21971937088,0.2380063651199999,0.228862868,0.0,0.0,0.0
2026-08-28,13,0.2380063651199999,0.25629335936,0.24714986224,0.0,0.0,0.0
2026-08-28,14,0.25629335936,0.2745803536,0.26543685648,0.0,0.0,0.0
2026-08-28,15,0.2745803536,0.29286734784,0.28372385072,0.0,0.0,0.0
2026-08-28,16,0.29286734784,0.31115434208,0.30201084496,0.0,0.0,0.0
2026-08-28,17,0.31115434208,0.32944133632,0.3202978392,0.0,0.0,0.0
2026-08-28,18,0.32944133632,0.34772833056,0.33858483344,0.0,0.0,0.0
2026-08-28,19,0.34772833056,0.3660153248,0.35687182768,0.0,0.0,0.0
2026-08-28,20,0.3660153248,0.38430231904,0.37515882192,0.0,0.0,0.0
2026-08-28,21,0.38430231904,0.40258931328,0.39344581616,0.0,0.0,0.0
2026-08-28,22,0.40258931328,0.42087630752,0.4117328104,0.0,0.0,0.0
2026-08-28,23,0.42087630752,0.43916330176,0.43001980464,0.0,0.0,0.0
2026-08-28,24,0.43916330176,0.457450296,0.44830679888,0.0,0.0,0.0
2026-08-28,25,0.457450296,0.47573729024,0.46659379312,0.0,0.0,0.0
2026-08-28,26,0.47573729024,0.49402428448,0.48488078736,0.0,0.0,0.0
2026-08-28,27,0.49402428448,0.51231127872,0.5031677816,0.0,0.0,0.0
2026-08-28,28,0.51231127872,0.5305982729600001,0.5214547758400001,0.0,0.0,0.0
2026-08-28,29,0.5305982729600001,0.5488852672,0.53974177008,0.0,0.0,0.0
2026-08-28,30,0.5488852672,0.56717226144,0.5580287643199999,0.0,0.0,0.0
2026-08-28,31,0.56717226144,0.58545925568,0.5763157585600001,0.0,0.0,0.0
2026-08-28,32,0.58545925568,0.60374624992,0.5946027528,0.0,0.0,0.0
2026-08-28,33,0.60374624992,0.62203324416,0.6128897470400001,0.0,0.0,0.0
2026-08-28,34,0.62203324416,0.6403202384,0.63117674128,0.0,0.0,0.0
2026-08-28,35,0.6403202384,0.65860723264,0.6494637355199999,0.0,0.0,0.0
2026-08-28,36,0.65860723264,0.67689422688,0.66775072976,0.0,0.0,0.0
2026-08-28,37,0.67689422688,0.69518122112,0.686037724,0.0,0.0,0.0
2026-08-28,38,0.69518122112,0.71346821536,0.7043247182400001,0.0,0.0,0.0
2026-08-28,39,0.71346821536,0.7317552096,0.72261171248,0.0,0.0,0.0
2026-08-28,40,0.7317552096,0.75004220384,0.7408987067199999,0.0,0.0,0.0
2026-08-28,41,0.75004220384,0.76832919808,0.75918570096,0.0,0.0,0.0
2026-08-28,42,0.76832919808,0.78661619232,0.7774726952,0.0,0.0,0.0
2026-08-28,43,0.78661619232,0.80490318656,0.7957596894400001,0.0,0.0,0.0
2026-08-28,44,0.80490318656,0.8231901808000001,0.81404668368,0.0,0.0,0.0
2026-08-28,45,0.8231901808000001,0.84147717504,0.83233367792,0.0,0.0,0.0
2026-08-28,46,0.84147717504,0.85976416928,0.85062067216,0.0,0.0,0.0
2026-08-28,47,0.85976416928,0.87805116352,0.8689076664,0.0,0.0,0.0
2026-08-28,48,0.87805116352,0.89633815776,0.8871946606400001,0.0,0.0,0.0
2026-08-28,49,0.89633815776,0.914625152,0.90548165488,0.0,0.0,0.0
2026-08-29,0,0.00027544,0.0185624342399999,0.0094189371199999,6752050473.760839,0.0,2554598328.2175565
2026-08-29,1,0.0185624342399999,0.03684942848,0.0277059313599999,1088492421.491222,0.0,2306298422.888367
2026-08-29,2,0.03684942848,0.05513642272,0.0459929256,692326994.8099385,0.0,1147912552.651189
2026-08-29,3,0.05513642272,0.07342341696,0.06427991984,67689092.80619696,0.0,73089541.84765272
2026-08-29,4,0.07342341696,0.0917104112,0.08256691408,129329025.18644908,0.0,100145101.29973964
2026-08-29,5,0.0917104112,0.10999740544,0.1008539083199999,125105956.71009992,0.0,155830122.53151006
2026-08-29,6,0.10999740544,0.12828439968,0.11914090256,259848233.4734833,0.0,290602300.5688122
2026-08-29,7,0.12828439968,0.14657139392,0.1374278968,0.0,0.0,0.0
2026-08-29,8,0.14657139392,0.1648583881599999,0.1557148910399999,139737794.11795476,0.0,129890292.61819284
2026-08-29,9,0.1648583881599999,0.1831453823999999,0.17400188528,0.0,0.0,0.0
2026-08-29,10,0.1831453823999999,0.20143237664,0.1922888795199999,0.0,0.0,0.0
2026-08-29,11,0.20143237664,0.21971937088,0.2105758737599999,0.0,0.0,0.0
2026-08-29,12,0.21971937088,0.2380063651199999,0.228862868,0.0,0.0,0.0
2026-08-29,13,0.2380063651199999,0.25629335936,0.24714986224,182351288.9185004,0.0,160733038.46437162
2026-08-29,14,0.25629335936,0.2745803536,0.26543685648,0.0,0.0,0.0
2026-08-29,15,0.2745803536,0.29286734784,0.28372385072,0.0,0.0,0.0
2026-08-29,16,0.29286734784,0.31115434208,0.30201084496,0.0,0.0,0.0
2026-08-29,17,0.31115434208,0.32944133632,0.3202978392,0.0,0.0,0.0
2026-08-29,18,0.32944133632,0.34772833056,0.33858483344,0.0,0.0,0.0
2026-08-29,19,0.34772833056,0.3660153248,0.35687182768,0.0,0.0,0.0
2026-08-29,20,0.3660153248,0.38430231904,0.37515882192,0.0,0.0,0.0
2026-08-29,21,0.38430231904,0.40258931328,0.39344581616,0.0,0.0,0.0
2026-08-29,22,0.40258931328,0.42087630752,0.4117328104,0.0,0.0,0.0
2026-08-29,23,0.42087630752,0.43916330176,0.43001980464,0.0,0.0,0.0
2026-08-29,24,0.43916330176,0.457450296,0.44830679888,0.0,0.0,0.0
2026-08-29,25,0.457450296,0.47573729024,0.46659379312,0.0,0.0,0.0
2026-08-29,26,0.47573729024,0.49402428448,0.48488078736,0.0,0.0,0.0
2026-08-29,27,0.49402428448,0.51231127872,0.5031677816,0.0,0.0,0.0
2026-08-29,28,0.51231127872,0.5305982729600001,0.5214547758400001,0.0,0.0,0.0
2026-08-29,29,0.5305982729600001,0.5488852672,0.53974177008,0.0,0.0,0.0
2026-08-29,30,0.5488852672,0.56717226144,0.5580287643199999,0.0,0.0,0.0
2026-08-29,31,0.56717226144,0.58545925568,0.5763157585600001,0.0,0.0,0.0
2026-08-29,32,0.58545925568,0.60374624992,0.5946027528,0.0,0.0,0.0
2026-08-29,33,0.60374624992,0.62203324416,0.6128897470400001,0.0,0.0,0.0
2026-08-29,34,0.62203324416,0.6403202384,0.63117674128,0.0,0.0,0.0
2026-08-29,35,0.6403202384,0.65860723264,0.6494637355199999,0.0,0.0,0.0
2026-08-29,36,0.65860723264,0.67689422688,0.66775072976,0.0,0.0,0.0
2026-08-29,37,0.67689422688,0.69518122112,0.686037724,0.0,0.0,0.0
2026-08-29,38,0.69518122112,0.71346821536,0.7043247182400001,0.0,0.0,0.0
2026-08-29,39,0.71346821536,0.7317552096,0.72261171248,0.0,0.0,0.0
2026-08-29,40,0.7317552096,0.75004220384,0.7408987067199999,0.0,0.0,0.0
2026-08-29,41,0.75004220384,0.76832919808,0.75918570096,0.0,0.0,0.0
2026-08-29,42,0.76832919808,0.78661619232,0.7774726952,0.0,0.0,0.0
2026-08-29,43,0.78661619232,0.80490318656,0.7957596894400001,0.0,0.0,0.0
2026-08-29,44,0.80490318656,0.8231901808000001,0.81404668368,0.0,0.0,0.0
2026-08-29,45,0.8231901808000001,0.84147717504,0.83233367792,0.0,0.0,0.0
2026-08-29,46,0.84147717504,0.85976416928,0.85062067216,0.0,0.0,0.0
2026-08-29,47,0.85976416928,0.87805116352,0.8689076664,0.0,0.0,0.0
2026-08-29,48,0.87805116352,0.89633815776,0.8871946606400001,0.0,0.0,0.0
2026-08-29,49,0.89633815776,0.914625152,0.90548165488,0.0,0.0,0.0
2026-08-30,0,0.00027544,0.0185624342399999,0.0094189371199999,6740833568.543285,0.0,2529535097.2774105
2026-08-30,1,0.0185624342399999,0.03684942848,0.0277059313599999,1059851122.8085763,0.0,2286904997.5460863
2026-08-30,2,0.03684942848,0.05513642272,0.0459929256,678663702.8790721,0.0,1105071665.8691726
2026-08-30,3,0.05513642272,0.07342341696,0.06427991984,56151084.96068247,0.0,69055655.20074879
2026-08-30,4,0.07342341696,0.0917104112,0.08256691408,106162823.7535126,0.0,94907257.79292648
2026-08-30,5,0.0917104112,0.10999740544,0.1008539083199999,112448770.8947522,0.0,102594717.08274776
2026-08-30,6,0.10999740544,0.12828439968,0.11914090256,192551445.9911882,0.0,258985949.8211224
2026-08-30,7,0.12828439968,0.14657139392,0.1374278968,0.0,0.0,0.0
2026-08-30,8,0.14657139392,0.1648583881599999,0.1557148910399999,124706009.35061422,0.0,107347619.22622874
2026-08-30,9,0.1648583881599999,0.1831453823999999,0.17400188528,0.0,0.0,0.0
2026-08-30,10,0.1831453823999999,0.20143237664,0.1922888795199999,0.0,0.0,0.0
2026-08-30,11,0.20143237664,0.21971937088,0.2105758737599999,0.0,0.0,0.0
2026-08-30,12,0.21971937088,0.2380063651199999,0.228862868,0.0,0.0,0.0
2026-08-30,13,0.2380063651199999,0.25629335936,0.24714986224,145457864.64831054,0.0,133250594.84152453
2026-08-30,14,0.25629335936,0.2745803536,0.26543685648,0.0,0.0,0.0
2026-08-30,15,0.2745803536,0.29286734784,0.28372385072,0.0,0.0,0.0
2026-08-30,16,0.29286734784,0.31115434208,0.30201084496,0.0,0.0,0.0
2026-08-30,17,0.31115434208,0.32944133632,0.3202978392,279716628.58087844,0.0,234389334.69754088
2026-08-30,18,0.32944133632,0.34772833056,0.33858483344,0.0,0.0,0.0
2026-08-30,19,0.34772833056,0.3660153248,0.35687182768,0.0,0.0,0.0
2026-08-30,20,0.3660153248,0.38430231904,0.37515882192,0.0,0.0,0.0
2026-08-30,21,0.38430231904,0.40258931328,0.39344581616,0.0,0.0,0.0
2026-08-30,22,0.40258931328,0.42087630752,0.4117328104,0.0,0.0,0.0
2026-08-30,23,0.42087630752,0.43916330176,0.43001980464,0.0,0.0,0.0
2026-08-30,24,0.43916330176,0.457450296,0.44830679888,0.0,0.0,0.0
2026-08-30,25,0.457450296,0.47573729024,0.46659379312,0.0,0.0,0.0
2026-08-30,26,0.47573729024,0.49402428448,0.48488078736,0.0,0.0,0.0
2026-08-30,27,0.49402428448,0.51231127872,0.5031677816,0.0,0.0,0.0
2026-08-30,28,0.51231127872,0.5305982729600001,0.5214547758400001,0.0,0.0,0.0
2026-08-30,29,0.5305982729600001,0.5488852672,0.53974177008,0.0,0.0,0.0
2026-08-30,30,0.5488852672,0.56717226144,0.5580287643199999,0.0,0.0,0.0
2026-08-30,31,0.56717226144,0.58545925568,0.5763157585600001,0.0,0.0,0.0
2026-08-30,32,0.58545925568,0.60374624992,0.5946027528,0.0,0.0,0.0
2026-08-30,33,0.60374624992,0.62203324416,0.6128897470400001,0.0,0.0,0.0
2026-08-30,34,0.62203324416,0.6403202384,0.63117674128,0.0,0.0,0.0
2026-08-30,35,0.6403202384,0.65860723264,0.6494637355199999,0.0,0.0,0.0
2026-08-30,36,0.65860723264,0.67689422688,0.66775072976,0.0,0.0,0.0
2026-08-30,37,0.67689422688,0.69518122112,0.686037724,0.0,0.0,0.0
2026-08-30,38,0.69518122112,0.71346821536,0.7043247182400001,0.0,0.0,0.0
2026-08-30,39,0.71346821536,0.7317552096,0.72261171248,0.0,0.0,0.0
2026-08-30,40,0.7317552096,0.75004220384,0.7408987067199999,0.0,0.0,0.0
2026-08-30,41,0.75004220384,0.76832919808,0.75918570096,0.0,0.0,0.0
2026-08-30,42,0.76832919808,0.78661619232,0.7774726952,0.0,0.0,0.0
2026-08-30,43,0.78661619232,0.80490318656,0.7957596894400001,0.0,0.0,0.0
2026-08-30,44,0.80490318656,0.8231901808000001,0.81404668368,0.0,0.0,0.0
2026-08-30,45,0.8231901808000001,0.84147717504,0.83233367792,0.0,0.0,0.0
2026-08-30,46,0.84147717504,0.85976416928,0.85062067216,0.0,0.0,0.0
2026-08-30,47,0.85976416928,0.87805116352,0.8689076664,0.0,0.0,0.0
2026-08-30,48,0.87805116352,0.89633815776,0.8871946606400001,0.0,0.0,0.0
2026-08-30,49,0.89633815776,0.914625152,0.90548165488,0.0,0.0,0.0
2026-08-31,0,0.00027544,0.0185624342399999,0.0094189371199999,6731835951.334449,0.0,2509347680.6587043
2026-08-31,1,0.0185624342399999,0.03684942848,0.0277059313599999,1030393180.540979,0.0,2258298285.1771183
2026-08-31,2,0.03684942848,0.05513642272,0.0459929256,667118561.0125495,0.0,1084531157.4004104
2026-08-31,3,0.05513642272,0.07342341696,0.06427991984,51804632.65908246,0.0,68582387.16693263
2026-08-31,4,0.07342341696,0.0917104112,0.08256691408,91882557.89368594,0.0,91838836.33685347
2026-08-31,5,0.0917104112,0.10999740544,0.1008539083199999,101140243.19771424,0.0,89407809.2509463
2026-08-31,6,0.10999740544,0.12828439968,0.11914090256,173393939.4836902,0.0,199935380.8157055
2026-08-31,7,0.12828439968,0.14657139392,0.1374278968,0.0,0.0,0.0
2026-08-31,8,0.14657139392,0.1648583881599999,0.1557148910399999,83992523.97922488,0.0,105728846.02501884
2026-08-31,9,0.1648583881599999,0.1831453823999999,0.17400188528,0.0,0.0,0.0
2026-08-31,10,0.1831453823999999,0.20143237664,0.1922888795199999,0.0,0.0,0.0
2026-08-31,11,0.20143237664,0.21971937088,0.2105758737599999,0.0,0.0,0.0
2026-08-31,12,0.21971937088,0.2380063651199999,0.228862868,0.0,0.0,0.0
2026-08-31,13,0.2380063651199999,0.25629335936,0.24714986224,120726712.93426792,0.0,115088120.95046093
2026-08-31,14,0.25629335936,0.2745803536,0.26543685648,0.0,0.0,0.0
2026-08-31,15,0.2745803536,0.29286734784,0.28372385072,0.0,0.0,0.0
2026-08-31,16,0.29286734784,0.31115434208,0.30201084496,0.0,0.0,0.0
2026-08-31,17,0.31115434208,0.32944133632,0.3202978392,215840262.6921681,0.0,188156164.8973872
2026-08-31,18,0.32944133632,0.34772833056,0.33858483344,0.0,0.0,0.0
2026-08-31,19,0.34772833056,0.3660153248,0.35687182768,0.0,0.0,0.0
2026-08-31,20,0.3660153248,0.38430231904,0.37515882192,0.0,0.0,0.0
2026-08-31,21,0.38430231904,0.40258931328,0.39344581616,268921607.4470846,0.0,237912330.10176912
2026-08-31,22,0.40258931328,0.42087630752,0.4117328104,0.0,0.0,0.0
2026-08-31,23,0.42087630752,0.43916330176,0.43001980464,0.0,0.0,0.0
2026-08-31,24,0.43916330176,0.457450296,0.44830679888,0.0,0.0,0.0
2026-08-31,25,0.457450296,0.47573729024,0.46659379312,0.0,0.0,0.0
2026-08-31,26,0.47573729024,0.49402428448,0.48488078736,0.0,0.0,0.0
2026-08-31,27,0.49402428448,0.51231127872,0.5031677816,0.0,0.0,0.0
2026-08-31,28,0.51231127872,0.5305982729600001,0.5214547758400001,0.0,0.0,0.0
2026-08-31,29,0.5305982729600001,0.5488852672,0.53974177008,0.0,0.0,0.0
2026-08-31,30,0.5488852672,0.56717226144,0.5580287643199999,0.0,0.0,0.0
2026-08-31,31,0.56717226144,0.58545925568,0.5763157585600001,0.0,0.0,0.0
2026-08-31,32,0.58545925568,0.60374624992,0.5946027528,0.0,0.0,0.0
2026-08-31,33,0.60374624992,0.62203324416,0.6128897470400001,0.0,0.0,0.0
2026-08-31,34,0.62203324416,0.6403202384,0.63117674128,0.0,0.0,0.0
2026-08-31,35,0.6403202384,0.65860723264,0.6494637355199999,0.0,0.0,0.0
2026-08-31,36,0.65860723264,0.67689422688,0.66775072976,0.0,0.0,0.0
2026-08-31,37,0.67689422688,0.69518122112,0.686037724,0.0,0.0,0.0
2026-08-31,38,0.69518122112,0.71346821536,0.7043247182400001,0.0,0.0,0.0
2026-08-31,39,0.71346821536,0.7317552096,0.72261171248,0.0,0.0,0.0
2026-08-31,40,0.7317552096,0.75004220384,0.7408987067199999,0.0,0.0,0.0
2026-08-31,41,0.75004220384,0.76832919808,0.75918570096,0.0,0.0,0.0
2026-08-31,42,0.76832919808,0.78661619232,0.7774726952,0.0,0.0,0.0
2026-08-31,43,0.78661619232,0.80490318656,0.7957596894400001,0.0,0.0,0.0
2026-08-31,44,0.80490318656,0.8231901808000001,0.81404668368,0.0,0.0,0.0
2026-08-31,45,0.8231901808000001,0.84147717504,0.83233367792,0.0,0.0,0.0
2026-08-31,46,0.84147717504,0.85976416928,0.85062067216,0.0,0.0,0.0
2026-08-31,47,0.85976416928,0.87805116352,0.8689076664,0.0,0.0,0.0
2026-08-31,48,0.87805116352,0.89633815776,0.8871946606400001,0.0,0.0,0.0
2026-08-31,49,0.89633815776,0.914625152,0.90548165488,0.0,0.0,0.0
2026-09-01,0,0.00027544,0.0185624342399999,0.0094189371199999,6724111666.963407,0.0,2493967059.2193985
2026-09-01,1,0.0185624342399999,0.03684942848,0.0277059313599999,1013696461.3505608,0.0,2215628606.7309737
2026-09-01,2,0.03684942848,0.05513642272,0.0459929256,656965897.5090193,0.0,1078193228.168735
2026-09-01,3,0.05513642272,0.07342341696,0.06427991984,49659070.19686092,0.0,68481270.84846188
2026-09-01,4,0.07342341696,0.0917104112,0.08256691408,79883582.94624846,0.0,90978096.74377874
2026-09-01,5,0.0917104112,0.10999740544,0.1008539083199999,88769573.53834067,0.0,87530900.1814587
2026-09-01,6,0.10999740544,0.12828439968,0.11914090256,164819810.5900617,0.0,157988784.92909443
2026-09-01,7,0.12828439968,0.14657139392,0.1374278968,0.0,0.0,0.0
2026-09-01,8,0.14657139392,0.1648583881599999,0.1557148910399999,78271220.65405966,0.0,84102359.96311599
2026-09-01,9,0.1648583881599999,0.1831453823999999,0.17400188528,0.0,0.0,0.0
2026-09-01,10,0.1831453823999999,0.20143237664,0.1922888795199999,0.0,0.0,0.0
2026-09-01,11,0.20143237664,0.21971937088,0.2105758737599999,0.0,0.0,0.0
2026-09-01,12,0.21971937088,0.2380063651199999,0.228862868,0.0,0.0,0.0
2026-09-01,13,0.2380063651199999,0.25629335936,0.24714986224,86012693.35365553,0.0,113518113.03108448
2026-09-01,14,0.25629335936,0.2745803536,0.26543685648,0.0,0.0,0.0
2026-09-01,15,0.2745803536,0.29286734784,0.28372385072,0.0,0.0,0.0
2026-09-01,16,0.29286734784,0.31115434208,0.30201084496,0.0,0.0,0.0
2026-09-01,17,0.31115434208,0.32944133632,0.3202978392,182933100.46715832,0.0,161790108.6714937
2026-09-01,18,0.32944133632,0.34772833056,0.33858483344,0.0,0.0,0.0
2026-09-01,19,0.34772833056,0.3660153248,0.35687182768,0.0,0.0,0.0
2026-09-01,20,0.3660153248,0.38430231904,0.37515882192,0.0,0.0,0.0
2026-09-01,21,0.38430231904,0.40258931328,0.39344581616,203997166.5643932,0.0,199044955.66492343
2026-09-01,22,0.40258931328,0.42087630752,0.4117328104,0.0,0.0,0.0
2026-09-01,23,0.42087630752,0.43916330176,0.43001980464,0.0,0.0,0.0
2026-09-01,24,0.43916330176,0.457450296,0.44830679888,246681184.0211631,0.0,215585021.6985742
2026-09-01,25,0.457450296,0.47573729024,0.46659379312,0.0,0.0,0.0
2026-09-01,26,0.47573729024,0.49402428448,0.48488078736,0.0,0.0,0.0
2026-09-01,27,0.49402428448,0.51231127872,0.5031677816,0.0,0.0,0.0
2026-09-01,28,0.51231127872,0.5305982729600001,0.5214547758400001,0.0,0.0,0.0
2026-09-01,29,0.5305982729600001,0.5488852672,0.53974177008,0.0,0.0,0.0
2026-09-01,30,0.5488852672,0.56717226144,0.5580287643199999,0.0,0.0,0.0
2026-09-01,31,0.56717226144,0.58545925568,0.5763157585600001,0.0,0.0,0.0
2026-09-01,32,0.58545925568,0.60374624992,0.5946027528,0.0,0.0,0.0
2026-09-01,33,0.60374624992,0.62203324416,0.6128897470400001,0.0,0.0,0.0
2026-09-01,34,0.62203324416,0.6403202384,0.63117674128,0.0,0.0,0.0
2026-09-01,35,0.6403202384,0.65860723264,0.6494637355199999,0.0,0.0,0.0
2026-09-01,36,0.65860723264,0.67689422688,0.66775072976,0.0,0.0,0.0
2026-09-01,37,0.67689422688,0.69518122112,0.686037724,0.0,0.0,0.0
2026-09-01,38,0.69518122112,0.71346821536,0.7043247182400001,0.0,0.0,0.0
2026-09-01,39,0.71346821536,0.7317552096,0.72261171248,0.0,0.0,0.0
2026-09-01,40,0.7317552096,0.75004220384,0.7408987067199999,0.0,0.0,0.0
2026-09-01,41,0.75004220384,0.76832919808,0.75918570096,0.0,0.0,0.0
2026-09-01,42,0.76832919808,0.78661619232,0.7774726952,0.0,0.0,0.0
2026-09-01,43,0.78661619232,0.80490318656,0.7957596894400001,0.0,0.0,0.0
2026-09-01,44,0.80490318656,0.8231901808000001,0.81404668368,0.0,0.0,0.0
2026-09-01,45,0.8231901808000001,0.84147717504,0.83233367792,0.0,0.0,0.0
2026-09-01,46,0.84147717504,0.85976416928,0.85062067216,0.0,0.0,0.0
2026-09-01,47,0.85976416928,0.87805116352,0.8689076664,0.0,0.0,0.0
2026-09-01,48,0.87805116352,0.89633815776,0.8871946606400001,0.0,0.0,0.0
2026-09-01,49,0.89633815776,0.914625152,0.90548165488,0.0,0.0,0.0
2026-09-02,0,0.00027544,0.0185624342399999,0.0094189371199999,6721533044.755287,0.0,2482025317.938438
2026-09-02,1,0.0185624342399999,0.03684942848,0.0277059313599999,1001783094.7373708,0.0,2167553135.19069
2026-09-02,2,0.03684942848,0.05513642272,0.0459929256,641537289.9895226,0.0,1071221481.517555
2026-09-02,3,0.05513642272,0.07342341696,0.06427991984,48242517.50835779,0.0,66831752.61429322
2026-09-02,4,0.07342341696,0.0917104112,0.08256691408,75858099.40832843,0.0,88593608.49428248
2026-09-02,5,0.0917104112,0.10999740544,0.1008539083199999,70462376.5490265,0.0,85625037.89496948
2026-09-02,6,0.10999740544,0.12828439968,0.11914090256,161414297.72747043,0.0,153011058.10758805
2026-09-02,7,0.12828439968,0.14657139392,0.1374278968,0.0,0.0,0.0
2026-09-02,8,0.14657139392,0.1648583881599999,0.1557148910399999,74042485.02102269,0.0,55843366.3006897
2026-09-02,9,0.1648583881599999,0.1831453823999999,0.17400188528,0.0,0.0,0.0
2026-09-02,10,0.1831453823999999,0.20143237664,0.1922888795199999,0.0,0.0,0.0
2026-09-02,11,0.20143237664,0.21971937088,0.2105758737599999,0.0,0.0,0.0
2026-09-02,12,0.21971937088,0.2380063651199999,0.228862868,0.0,0.0,0.0
2026-09-02,13,0.2380063651199999,0.25629335936,0.24714986224,80822600.23488818,0.0,75101472.33231272
2026-09-02,14,0.25629335936,0.2745803536,0.26543685648,0.0,0.0,0.0
2026-09-02,15,0.2745803536,0.29286734784,0.28372385072,0.0,0.0,0.0
2026-09-02,16,0.29286734784,0.31115434208,0.30201084496,0.0,0.0,0.0
2026-09-02,17,0.31115434208,0.32944133632,0.3202978392,134111481.06043552,0.0,160833791.4352062
2026-09-02,18,0.32944133632,0.34772833056,0.33858483344,0.0,0.0,0.0
2026-09-02,19,0.34772833056,0.3660153248,0.35687182768,0.0,0.0,0.0
2026-09-02,20,0.3660153248,0.38430231904,0.37515882192,0.0,0.0,0.0
2026-09-02,21,0.38430231904,0.40258931328,0.39344581616,178421847.07300913,0.0,161735346.61602145
2026-09-02,22,0.40258931328,0.42087630752,0.4117328104,0.0,0.0,0.0
2026-09-02,23,0.42087630752,0.43916330176,0.43001980464,0.0,0.0,0.0
2026-09-02,24,0.43916330176,0.457450296,0.44830679888,193895990.4224285,0.0,172210284.09896466
2026-09-02,25,0.457450296,0.47573729024,0.46659379312,226821791.4612312,0.0,236210222.0597275
2026-09-02,26,0.47573729024,0.49402428448,0.48488078736,0.0,0.0,0.0
2026-09-02,27,0.49402428448,0.51231127872,0.5031677816,0.0,0.0,0.0
2026-09-02,28,0.51231127872,0.5305982729600001,0.5214547758400001,0.0,0.0,0.0
2026-09-02,29,0.5305982729600001,0.5488852672,0.53974177008,0.0,0.0,0.0
2026-09-02,30,0.5488852672,0.56717226144,0.5580287643199999,0.0,0.0,0.0
2026-09-02,31,0.56717226144,0.58545925568,0.5763157585600001,0.0,0.0,0.0
2026-09-02,32,0.58545925568,0.60374624992,0.5946027528,0.0,0.0,0.0
2026-09-02,33,0.60374624992,0.62203324416,0.6128897470400001,0.0,0.0,0.0
2026-09-02,34,0.62203324416,0.6403202384,0.63117674128,0.0,0.0,0.0
2026-09-02,35,0.6403202384,0.65860723264,0.6494637355199999,0.0,0.0,0.0
2026-09-02,36,0.65860723264,0.67689422688,0.66775072976,0.0,0.0,0.0
2026-09-02,37,0.67689422688,0.69518122112,0.686037724,0.0,0.0,0.0
2026-09-02,38,0.69518122112,0.71346821536,0.7043247182400001,0.0,0.0,0.0
2026-09-02,39,0.71346821536,0.7317552096,0.72261171248,0.0,0.0,0.0
2026-09-02,40,0.7317552096,0.75004220384,0.7408987067199999,0.0,0.0,0.0
2026-09-02,41,0.75004220384,0.76832919808,0.75918570096,0.0,0.0,0.0
2026-09-02,42,0.76832919808,0.78661619232,0.7774726952,0.0,0.0,0.0
2026-09-02,43,0.78661619232,0.80490318656,0.7957596894400001,0.0,0.0,0.0
2026-09-02,44,0.80490318656,0.8231901808000001,0.81404668368,0.0,0.0,0.0
2026-09-02,45,0.8231901808000001,0.84147717504,0.83233367792,0.0,0.0,0.0
2026-09-02,46,0.84147717504,0.85976416928,0.85062067216,0.0,0.0,0.0
2026-09-02,47,0.85976416928,0.87805116352,0.8689076664,0.0,0.0,0.0
2026-09-02,48,0.87805116352,0.89633815776,0.8871946606400001,0.0,0.0,0.0
2026-09-02,49,0.89633815776,0.914625152,0.90548165488,0.0,0.0,0.0
2026-09-03,0,0.00027544,0.0185624342399999,0.0094189371199999,6717586476.838924,0.0,2465795971.409909
2026-09-03,1,0.0185624342399999,0.03684942848,0.0277059313599999,991063256.2336726,0.0,2125409746.9422767
2026-09-03,2,0.03684942848,0.05513642272,0.0459929256,634100493.267848,0.0,1062972350.7401444
2026-09-03,3,0.05513642272,0.07342341696,0.06427991984,46239280.06949354,0.0,66751188.01036941
2026-09-03,4,0.07342341696,0.0917104112,0.08256691408,74072097.2348102,0.0,88315103.27710791
2026-09-03,5,0.0917104112,0.10999740544,0.1008539083199999,66052655.18063094,0.0,85061660.24768698
2026-09-03,6,0.10999740544,0.12828439968,0.11914090256,143283232.26818568,0.0,150222930.29435584
2026-09-03,7,0.12828439968,0.14657139392,0.1374278968,0.0,0.0,0.0
2026-09-03,8,0.14657139392,0.1648583881599999,0.1557148910399999,70783688.68962695,0.0,54967089.89460088
2026-09-03,9,0.1648583881599999,0.1831453823999999,0.17400188528,0.0,0.0,0.0
2026-09-03,10,0.1831453823999999,0.20143237664,0.1922888795199999,0.0,0.0,0.0
2026-09-03,11,0.20143237664,0.21971937088,0.2105758737599999,0.0,0.0,0.0
2026-09-03,12,0.21971937088,0.2380063651199999,0.228862868,0.0,0.0,0.0
2026-09-03,13,0.2380063651199999,0.25629335936,0.24714986224,76916950.31214634,0.0,59442192.35866395
2026-09-03,14,0.25629335936,0.2745803536,0.26543685648,0.0,0.0,0.0
2026-09-03,15,0.2745803536,0.29286734784,0.28372385072,0.0,0.0,0.0
2026-09-03,16,0.29286734784,0.31115434208,0.30201084496,0.0,0.0,0.0
2026-09-03,17,0.31115434208,0.32944133632,0.3202978392,124953947.78220546,0.0,116845393.55097865
2026-09-03,18,0.32944133632,0.34772833056,0.33858483344,0.0,0.0,0.0
2026-09-03,19,0.34772833056,0.3660153248,0.35687182768,0.0,0.0,0.0
2026-09-03,20,0.3660153248,0.38430231904,0.37515882192,0.0,0.0,0.0
2026-09-03,21,0.38430231904,0.40258931328,0.39344581616,132073524.85710424,0.0,154938639.2195353
2026-09-03,22,0.40258931328,0.42087630752,0.4117328104,0.0,0.0,0.0
2026-09-03,23,0.42087630752,0.43916330176,0.43001980464,0.0,0.0,0.0
2026-09-03,24,0.43916330176,0.457450296,0.44830679888,163398184.6183274,0.0,137154249.14555448
2026-09-03,25,0.457450296,0.47573729024,0.46659379312,186112662.5795341,0.0,190206677.0027392
2026-09-03,26,0.47573729024,0.49402428448,0.48488078736,0.0,0.0,0.0
2026-09-03,27,0.49402428448,0.51231127872,0.5031677816,0.0,0.0,0.0
2026-09-03,28,0.51231127872,0.5305982729600001,0.5214547758400001,0.0,0.0,0.0
2026-09-03,29,0.5305982729600001,0.5488852672,0.53974177008,0.0,0.0,0.0
2026-09-03,30,0.5488852672,0.56717226144,0.5580287643199999,0.0,0.0,0.0
2026-09-03,31,0.56717226144,0.58545925568,0.5763157585600001,0.0,0.0,0.0
2026-09-03,32,0.58545925568,0.60374624992,0.5946027528,0.0,0.0,0.0
2026-09-03,33,0.60374624992,0.62203324416,0.6128897470400001,0.0,0.0,0.0
2026-09-03,34,0.62203324416,0.6403202384,0.63117674128,0.0,0.0,0.0
2026-09-03,35,0.6403202384,0.65860723264,0.6494637355199999,0.0,0.0,0.0
2026-09-03,36,0.65860723264,0.67689422688,0.66775072976,0.0,0.0,0.0
2026-09-03,37,0.67689422688,0.69518122112,0.686037724,211969761.4648156,0.0,243974609.28880665
2026-09-03,38,0.69518122112,0.71346821536,0.7043247182400001,0.0,0.0,0.0
2026-09-03,39,0.71346821536,0.7317552096,0.72261171248,0.0,0.0,0.0
2026-09-03,40,0.7317552096,0.75004220384,0.7408987067199999,0.0,0.0,0.0
2026-09-03,41,0.75004220384,0.76832919808,0.75918570096,0.0,0.0,0.0
2026-09-03,42,0.76832919808,0.78661619232,0.7774726952,0.0,0.0,0.0
2026-09-03,43,0.78661619232,0.80490318656,0.7957596894400001,0.0,0.0,0.0
2026-09-03,44,0.80490318656,0.8231901808000001,0.81404668368,0.0,0.0,0.0
2026-09-03,45,0.8231901808000001,0.84147717504,0.83233367792,0.0,0.0,0.0
2026-09-03,46,0.84147717504,0.85976416928,0.85062067216,0.0,0.0,0.0
2026-09-03,47,0.85976416928,0.87805116352,0.8689076664,0.0,0.0,0.0
2026-09-03,48,0.87805116352,0.89633815776,0.8871946606400001,0.0,0.0,0.0
2026-09-03,49,0.89633815776,0.914625152,0.90548165488,0.0,0.0,0.0
2026-09-04,0,0.00027544,0.0185624342399999,0.0094189371199999,6712962581.638022,0.0,2452109156.8284955
2026-09-04,1,0.0185624342399999,0.03684942848,0.0277059313599999,981156796.6074775,0.0,2087894545.667598
2026-09-04,2,0.03684942848,0.05513642272,0.0459929256,628730271.9352158,0.0,1054871418.0829057
2026-09-04,3,0.05513642272,0.07342341696,0.06427991984,44040892.12143771,0.0,66588172.896033145
2026-09-04,4,0.07342341696,0.0917104112,0.08256691408,69746419.93996435,0.0,87383097.32799591
2026-09-04,5,0.0917104112,0.10999740544,0.1008539083199999,61100317.16398272,0.0,84664123.08982478
2026-09-04,6,0.10999740544,0.12828439968,0.11914090256,122811629.34670344,0.0,147584598.4967895
2026-09-04,7,0.12828439968,0.14657139392,0.1374278968,0.0,0.0,0.0
2026-09-04,8,0.14657139392,0.1648583881599999,0.1557148910399999,67987063.43263337,0.0,53913010.81696175
2026-09-04,9,0.1648583881599999,0.1831453823999999,0.17400188528,0.0,0.0,0.0
2026-09-04,10,0.1831453823999999,0.20143237664,0.1922888795199999,0.0,0.0,0.0
2026-09-04,11,0.20143237664,0.21971937088,0.2105758737599999,0.0,0.0,0.0
2026-09-04,12,0.21971937088,0.2380063651199999,0.228862868,0.0,0.0,0.0
2026-09-04,13,0.2380063651199999,0.25629335936,0.24714986224,74825052.94876899,0.0,57514740.24738039
2026-09-04,14,0.25629335936,0.2745803536,0.26543685648,0.0,0.0,0.0
2026-09-04,15,0.2745803536,0.29286734784,0.28372385072,0.0,0.0,0.0
2026-09-04,16,0.29286734784,0.31115434208,0.30201084496,0.0,0.0,0.0
2026-09-04,17,0.31115434208,0.32944133632,0.3202978392,113717227.53736088,0.0,86492405.00986576
2026-09-04,18,0.32944133632,0.34772833056,0.33858483344,0.0,0.0,0.0
2026-09-04,19,0.34772833056,0.3660153248,0.35687182768,0.0,0.0,0.0
2026-09-04,20,0.3660153248,0.38430231904,0.37515882192,0.0,0.0,0.0
2026-09-04,21,0.38430231904,0.40258931328,0.39344581616,108068596.31726624,0.0,132694389.73294608
2026-09-04,22,0.40258931328,0.42087630752,0.4117328104,0.0,0.0,0.0
2026-09-04,23,0.42087630752,0.43916330176,0.43001980464,0.0,0.0,0.0
2026-09-04,24,0.43916330176,0.457450296,0.44830679888,124874415.16001524,0.0,135632362.98328865
2026-09-04,25,0.457450296,0.47573729024,0.46659379312,157799176.93215114,0.0,150446899.4185283
2026-09-04,26,0.47573729024,0.49402428448,0.48488078736,0.0,0.0,0.0
2026-09-04,27,0.49402428448,0.51231127872,0.5031677816,0.0,0.0,0.0
2026-09-04,28,0.51231127872,0.5305982729600001,0.5214547758400001,0.0,0.0,0.0
2026-09-04,29,0.5305982729600001,0.5488852672,0.53974177008,0.0,0.0,0.0
2026-09-04,30,0.5488852672,0.56717226144,0.5580287643199999,0.0,0.0,0.0
2026-09-04,31,0.56717226144,0.58545925568,0.5763157585600001,0.0,0.0,0.0
2026-09-04,32,0.58545925568,0.60374624992,0.5946027528,0.0,0.0,0.0
2026-09-04,33,0.60374624992,0.62203324416,0.6128897470400001,0.0,0.0,0.0
2026-09-04,34,0.62203324416,0.6403202384,0.63117674128,0.0,0.0,0.0
2026-09-04,35,0.6403202384,0.65860723264,0.6494637355199999,0.0,0.0,0.0
2026-09-04,36,0.65860723264,0.67689422688,0.66775072976,0.0,0.0,0.0
2026-09-04,37,0.67689422688,0.69518122112,0.686037724,175019252.988552,0.0,200775589.1706512
2026-09-04,38,0.69518122112,0.71346821536,0.7043247182400001,224041151.8594548,0.0,221280766.30524543
2026-09-04,39,0.71346821536,0.7317552096,0.72261171248,0.0,0.0,0.0
2026-09-04,40,0.7317552096,0.75004220384,0.7408987067199999,0.0,0.0,0.0
2026-09-04,41,0.75004220384,0.76832919808,0.75918570096,0.0,0.0,0.0
2026-09-04,42,0.76832919808,0.78661619232,0.7774726952,0.0,0.0,0.0
2026-09-04,43,0.78661619232,0.80490318656,0.7957596894400001,0.0,0.0,0.0
2026-09-04,44,0.80490318656,0.8231901808000001,0.81404668368,0.0,0.0,0.0
2026-09-04,45,0.8231901808000001,0.84147717504,0.83233367792,0.0,0.0,0.0
2026-09-04,46,0.84147717504,0.85976416928,0.85062067216,0.0,0.0,0.0
2026-09-04,47,0.85976416928,0.87805116352,0.8689076664,0.0,0.0,0.0
2026-09-04,48,0.87805116352,0.89633815776,0.8871946606400001,0.0,0.0,0.0
2026-09-04,49,0.89633815776,0.914625152,0.90548165488,0.0,0.0,0.0
2026-09-05,0,0.00027544,0.0185624342399999,0.0094189371199999,6709472133.395561,0.0,2437332186.5470247
2026-09-05,1,0.0185624342399999,0.03684942848,0.0277059313599999,971543873.0770344,0.0,2052078129.696735
2026-09-05,2,0.03684942848,0.05513642272,0.0459929256,625273046.1239678,0.0,1052072694.68918
2026-09-05,3,0.05513642272,0.07342341696,0.06427991984,43064166.876629375,0.0,66558392.54896415
2026-09-05,4,0.07342341696,0.0917104112,0.08256691408,68332059.43603718,0.0,87031496.78922431
2026-09-05,5,0.0917104112,0.10999740544,0.1008539083199999,59612611.212161325,0.0,84498902.74321891
2026-09-05,6,0.10999740544,0.12828439968,0.11914090256,110634149.27419338,0.0,147019633.94478792
2026-09-05,7,0.12828439968,0.14657139392,0.1374278968,0.0,0.0,0.0
2026-09-05,8,0.14657139392,0.1648583881599999,0.1557148910399999,59347689.470440105,0.0,53904762.77368602
2026-09-05,9,0.1648583881599999,0.1831453823999999,0.17400188528,0.0,0.0,0.0
2026-09-05,10,0.1831453823999999,0.20143237664,0.1922888795199999,0.0,0.0,0.0
2026-09-05,11,0.20143237664,0.21971937088,0.2105758737599999,0.0,0.0,0.0
2026-09-05,12,0.21971937088,0.2380063651199999,0.228862868,0.0,0.0,0.0
2026-09-05,13,0.2380063651199999,0.25629335936,0.24714986224,69199267.65941979,0.0,57225898.95098077
2026-09-05,14,0.25629335936,0.2745803536,0.26543685648,0.0,0.0,0.0
2026-09-05,15,0.2745803536,0.29286734784,0.28372385072,0.0,0.0,0.0
2026-09-05,16,0.29286734784,0.31115434208,0.30201084496,0.0,0.0,0.0
2026-09-05,17,0.31115434208,0.32944133632,0.3202978392,111119430.06066908,0.0,83444823.68083729
2026-09-05,18,0.32944133632,0.34772833056,0.33858483344,0.0,0.0,0.0
2026-09-05,19,0.34772833056,0.3660153248,0.35687182768,0.0,0.0,0.0
2026-09-05,20,0.3660153248,0.38430231904,0.37515882192,0.0,0.0,0.0
2026-09-05,21,0.38430231904,0.40258931328,0.39344581616,101039952.04126632,0.0,99005928.51978198
2026-09-05,22,0.40258931328,0.42087630752,0.4117328104,0.0,0.0,0.0
2026-09-05,23,0.42087630752,0.43916330176,0.43001980464,0.0,0.0,0.0
2026-09-05,24,0.43916330176,0.457450296,0.44830679888,101564555.33215508,0.0,127125857.61752345
2026-09-05,25,0.457450296,0.47573729024,0.46659379312,137553889.50586918,0.0,147287378.19851258
2026-09-05,26,0.47573729024,0.49402428448,0.48488078736,0.0,0.0,0.0
2026-09-05,27,0.49402428448,0.51231127872,0.5031677816,0.0,0.0,0.0
2026-09-05,28,0.51231127872,0.5305982729600001,0.5214547758400001,0.0,0.0,0.0
2026-09-05,29,0.5305982729600001,0.5488852672,0.53974177008,0.0,0.0,0.0
2026-09-05,30,0.5488852672,0.56717226144,0.5580287643199999,0.0,0.0,0.0
2026-09-05,31,0.56717226144,0.58545925568,0.5763157585600001,0.0,0.0,0.0
2026-09-05,32,0.58545925568,0.60374624992,0.5946027528,0.0,0.0,0.0
2026-09-05,33,0.60374624992,0.62203324416,0.6128897470400001,0.0,0.0,0.0
2026-09-05,34,0.62203324416,0.6403202384,0.63117674128,0.0,0.0,0.0
2026-09-05,35,0.6403202384,0.65860723264,0.6494637355199999,0.0,0.0,0.0
2026-09-05,36,0.65860723264,0.67689422688,0.66775072976,0.0,0.0,0.0
2026-09-05,37,0.67689422688,0.69518122112,0.686037724,157012915.3991548,0.0,160580786.31036398
2026-09-05,38,0.69518122112,0.71346821536,0.7043247182400001,189161247.9108448,0.0,179798936.47104225
2026-09-05,39,0.71346821536,0.7317552096,0.72261171248,0.0,0.0,0.0
2026-09-05,40,0.7317552096,0.75004220384,0.7408987067199999,0.0,0.0,0.0
2026-09-05,41,0.75004220384,0.76832919808,0.75918570096,0.0,0.0,0.0
2026-09-05,42,0.76832919808,0.78661619232,0.7774726952,0.0,0.0,0.0
2026-09-05,43,0.78661619232,0.80490318656,0.7957596894400001,0.0,0.0,0.0
2026-09-05,44,0.80490318656,0.8231901808000001,0.81404668368,0.0,0.0,0.0
2026-09-05,45,0.8231901808000001,0.84147717504,0.83233367792,0.0,0.0,0.0
2026-09-05,46,0.84147717504,0.85976416928,0.85062067216,0.0,0.0,0.0
2026-09-05,47,0.85976416928,0.87805116352,0.8689076664,0.0,0.0,0.0
2026-09-05,48,0.87805116352,0.89633815776,0.8871946606400001,0.0,0.0,0.0
2026-09-05,49,0.89633815776,0.914625152,0.90548165488,173347359.5401476,0.0,191053782.90660515
2026-09-06,0,0.00027544,0.0185624342399999,0.0094189371199999,6706543179.984639,0.0,2409079382.927635
2026-09-06,1,0.0185624342399999,0.03684942848,0.0277059313599999,965504464.0642774,0.0,2014038023.9858527
2026-09-06,2,0.03684942848,0.05513642272,0.0459929256,617366859.7228004,0.0,1050201046.6245928
2026-09-06,3,0.05513642272,0.07342341696,0.06427991984,41932486.35861826,0.0,66458006.22344184
2026-09-06,4,0.07342341696,0.0917104112,0.08256691408,65868094.138420574,0.0,86672228.85727873
2026-09-06,5,0.0917104112,0.10999740544,0.1008539083199999,57066727.51619086,0.0,84466515.9110158
2026-09-06,6,0.10999740544,0.12828439968,0.11914090256,99561834.87852126,0.0,146088717.152399
2026-09-06,7,0.12828439968,0.14657139392,0.1374278968,0.0,0.0,0.0
2026-09-06,8,0.14657139392,0.1648583881599999,0.1557148910399999,55718449.24852321,0.0,53195252.00857279
2026-09-06,9,0.1648583881599999,0.1831453823999999,0.17400188528,0.0,0.0,0.0
2026-09-06,10,0.1831453823999999,0.20143237664,0.1922888795199999,0.0,0.0,0.0
2026-09-06,11,0.20143237664,0.21971937088,0.2105758737599999,0.0,0.0,0.0
2026-09-06,12,0.21971937088,0.2380063651199999,0.228862868,0.0,0.0,0.0
2026-09-06,13,0.2380063651199999,0.25629335936,0.24714986224,62512572.080122665,0.0,57144171.54223772
2026-09-06,14,0.25629335936,0.2745803536,0.26543685648,0.0,0.0,0.0
2026-09-06,15,0.2745803536,0.29286734784,0.28372385072,0.0,0.0,0.0
2026-09-06,16,0.29286734784,0.31115434208,0.30201084496,0.0,0.0,0.0
2026-09-06,17,0.31115434208,0.32944133632,0.3202978392,98968395.09088476,0.0,81544045.29623327
2026-09-06,18,0.32944133632,0.34772833056,0.33858483344,0.0,0.0,0.0
2026-09-06,19,0.34772833056,0.3660153248,0.35687182768,0.0,0.0,0.0
2026-09-06,20,0.3660153248,0.38430231904,0.37515882192,0.0,0.0,0.0
2026-09-06,21,0.38430231904,0.40258931328,0.39344581616,97546105.53909545,0.0,82308813.32339787
2026-09-06,22,0.40258931328,0.42087630752,0.4117328104,0.0,0.0,0.0
2026-09-06,23,0.42087630752,0.43916330176,0.43001980464,0.0,0.0,0.0
2026-09-06,24,0.43916330176,0.457450296,0.44830679888,96595337.66137934,0.0,84273429.51914792
2026-09-06,25,0.457450296,0.47573729024,0.46659379312,99324373.85604306,0.0,144040786.72931877
2026-09-06,26,0.47573729024,0.49402428448,0.48488078736,0.0,0.0,0.0
2026-09-06,27,0.49402428448,0.51231127872,0.5031677816,0.0,0.0,0.0
2026-09-06,28,0.51231127872,0.5305982729600001,0.5214547758400001,0.0,0.0,0.0
2026-09-06,29,0.5305982729600001,0.5488852672,0.53974177008,0.0,0.0,0.0
2026-09-06,30,0.5488852672,0.56717226144,0.5580287643199999,0.0,0.0,0.0
2026-09-06,31,0.56717226144,0.58545925568,0.5763157585600001,0.0,0.0,0.0
2026-09-06,32,0.58545925568,0.60374624992,0.5946027528,0.0,0.0,0.0
2026-09-06,33,0.60374624992,0.62203324416,0.6128897470400001,0.0,0.0,0.0
2026-09-06,34,0.62203324416,0.6403202384,0.63117674128,0.0,0.0,0.0
2026-09-06,35,0.6403202384,0.65860723264,0.6494637355199999,0.0,0.0,0.0
2026-09-06,36,0.65860723264,0.67689422688,0.66775072976,0.0,0.0,0.0
2026-09-06,37,0.67689422688,0.69518122112,0.686037724,140241903.42177084,0.0,150639945.58147913
2026-09-06,38,0.69518122112,0.71346821536,0.7043247182400001,166552148.25806946,0.0,131450875.45512964
2026-09-06,39,0.71346821536,0.7317552096,0.72261171248,0.0,0.0,0.0
2026-09-06,40,0.7317552096,0.75004220384,0.7408987067199999,0.0,0.0,0.0
2026-09-06,41,0.75004220384,0.76832919808,0.75918570096,0.0,0.0,0.0
2026-09-06,42,0.76832919808,0.78661619232,0.7774726952,0.0,0.0,0.0
2026-09-06,43,0.78661619232,0.80490318656,0.7957596894400001,0.0,0.0,0.0
2026-09-06,44,0.80490318656,0.8231901808000001,0.81404668368,0.0,0.0,0.0
2026-09-06,45,0.8231901808000001,0.84147717504,0.83233367792,0.0,0.0,0.0
2026-09-06,46,0.84147717504,0.85976416928,0.85062067216,207378049.3845577,0.0,246827028.83455744
2026-09-06,47,0.85976416928,0.87805116352,0.8689076664,0.0,0.0,0.0
2026-09-06,48,0.87805116352,0.89633815776,0.8871946606400001,0.0,0.0,0.0
2026-09-06,49,0.89633815776,0.914625152,0.90548165488,136811430.32508615,0.0,154118392.5491485
2026-09-07,0,0.00027544,0.0185624342399999,0.0094189371199999,6705292712.48013,0.0,2370926116.5279703
2026-09-07,1,0.0185624342399999,0.03684942848,0.0277059313599999,958884048.2438116,0.0,1987581562.2823408
2026-09-07,2,0.03684942848,0.05513642272,0.0459929256,614072209.892867,0.0,1049183010.7010816
2026-09-07,3,0.05513642272,0.07342341696,0.06427991984,40642261.72478264,0.0,66387802.63705546
2026-09-07,4,0.07342341696,0.0917104112,0.08256691408,62140248.50333156,0.0,85893230.26703869
2026-09-07,5,0.0917104112,0.10999740544,0.1008539083199999,54818309.76319508,0.0,84368413.68600832
2026-09-07,6,0.10999740544,0.12828439968,0.11914090256,93841123.75143772,0.0,145764022.08320546
2026-09-07,7,0.12828439968,0.14657139392,0.1374278968,0.0,0.0,0.0
2026-09-07,8,0.14657139392,0.1648583881599999,0.1557148910399999,52743416.25687262,0.0,52509890.04613156
2026-09-07,9,0.1648583881599999,0.1831453823999999,0.17400188528,0.0,0.0,0.0
2026-09-07,10,0.1831453823999999,0.20143237664,0.1922888795199999,0.0,0.0,0.0
2026-09-07,11,0.20143237664,0.21971937088,0.2105758737599999,0.0,0.0,0.0
2026-09-07,12,0.21971937088,0.2380063651199999,0.228862868,0.0,0.0,0.0
2026-09-07,13,0.2380063651199999,0.25629335936,0.24714986224,59975936.86078143,0.0,55653807.04505087
2026-09-07,14,0.25629335936,0.2745803536,0.26543685648,0.0,0.0,0.0
2026-09-07,15,0.2745803536,0.29286734784,0.28372385072,0.0,0.0,0.0
2026-09-07,16,0.29286734784,0.31115434208,0.30201084496,0.0,0.0,0.0
2026-09-07,17,0.31115434208,0.32944133632,0.3202978392,90443610.24665022,0.0,81257970.2254845
2026-09-07,18,0.32944133632,0.34772833056,0.33858483344,0.0,0.0,0.0
2026-09-07,19,0.34772833056,0.3660153248,0.35687182768,0.0,0.0,0.0
2026-09-07,20,0.3660153248,0.38430231904,0.37515882192,0.0,0.0,0.0
2026-09-07,21,0.38430231904,0.40258931328,0.39344581616,88130490.36510716,0.0,79071656.39820597
2026-09-07,22,0.40258931328,0.42087630752,0.4117328104,0.0,0.0,0.0
2026-09-07,23,0.42087630752,0.43916330176,0.43001980464,0.0,0.0,0.0
2026-09-07,24,0.43916330176,0.457450296,0.44830679888,88205430.82413644,0.0,69084036.41495013
2026-09-07,25,0.457450296,0.47573729024,0.46659379312,93300419.10070302,0.0,101017401.89551252
2026-09-07,26,0.47573729024,0.49402428448,0.48488078736,0.0,0.0,0.0
2026-09-07,27,0.49402428448,0.51231127872,0.5031677816,0.0,0.0,0.0
2026-09-07,28,0.51231127872,0.5305982729600001,0.5214547758400001,0.0,0.0,0.0
2026-09-07,29,0.5305982729600001,0.5488852672,0.53974177008,0.0,0.0,0.0
2026-09-07,30,0.5488852672,0.56717226144,0.5580287643199999,0.0,0.0,0.0
2026-09-07,31,0.56717226144,0.58545925568,0.5763157585600001,0.0,0.0,0.0
2026-09-07,32,0.58545925568,0.60374624992,0.5946027528,0.0,0.0,0.0
2026-09-07,33,0.60374624992,0.62203324416,0.6128897470400001,0.0,0.0,0.0
2026-09-07,34,0.62203324416,0.6403202384,0.63117674128,0.0,0.0,0.0
2026-09-07,35,0.6403202384,0.65860723264,0.6494637355199999,0.0,0.0,0.0
2026-09-07,36,0.65860723264,0.67689422688,0.66775072976,0.0,0.0,0.0
2026-09-07,37,0.67689422688,0.69518122112,0.686037724,108177162.631472,0.0,144800477.62856004
2026-09-07,38,0.69518122112,0.71346821536,0.7043247182400001,156884450.9476073,0.0,128220868.03717773
2026-09-07,39,0.71346821536,0.7317552096,0.72261171248,186295808.7417292,0.0,231567271.2613728
2026-09-07,40,0.7317552096,0.75004220384,0.7408987067199999,0.0,0.0,0.0
2026-09-07,41,0.75004220384,0.76832919808,0.75918570096,0.0,0.0,0.0
2026-09-07,42,0.76832919808,0.78661619232,0.7774726952,0.0,0.0,0.0
2026-09-07,43,0.78661619232,0.80490318656,0.7957596894400001,0.0,0.0,0.0
2026-09-07,44,0.80490318656,0.8231901808000001,0.81404668368,0.0,0.0,0.0
2026-09-07,45,0.8231901808000001,0.84147717504,0.83233367792,0.0,0.0,0.0
2026-09-07,46,0.84147717504,0.85976416928,0.85062067216,159427650.8858767,0.0,203189420.7359273
2026-09-07,47,0.85976416928,0.87805116352,0.8689076664,0.0,0.0,0.0
2026-09-07,48,0.87805116352,0.89633815776,0.8871946606400001,0.0,0.0,0.0
2026-09-07,49,0.89633815776,0.914625152,0.90548165488,122927591.58804365,0.0,115878153.64717682
2026-09-08,0,0.00027544,0.0185624342399999,0.0094189371199999,6704872510.980777,0.0,2238275004.921973
2026-09-08,1,0.0185624342399999,0.03684942848,0.0277059313599999,953737874.2382176,0.0,1971839023.9581287
2026-09-08,2,0.03684942848,0.05513642272,0.0459929256,612035185.6723049,0.0,1048744351.9839098
2026-09-08,3,0.05513642272,0.07342341696,0.06427991984,39608952.559846886,0.0,65814234.58028694
2026-09-08,4,0.07342341696,0.0917104112,0.08256691408,61615749.5355361,0.0,84282988.66466363
2026-09-08,5,0.0917104112,0.10999740544,0.1008539083199999,53336862.89559624,0.0,84189952.16653387
2026-09-08,6,0.10999740544,0.12828439968,0.11914090256,91033176.50337398,0.0,145625374.4276437
2026-09-08,7,0.12828439968,0.14657139392,0.1374278968,0.0,0.0,0.0
2026-09-08,8,0.14657139392,0.1648583881599999,0.1557148910399999,51966625.9027648,0.0,52482640.3702059
2026-09-08,9,0.1648583881599999,0.1831453823999999,0.17400188528,0.0,0.0,0.0
2026-09-08,10,0.1831453823999999,0.20143237664,0.1922888795199999,0.0,0.0,0.0
2026-09-08,11,0.20143237664,0.21971937088,0.2105758737599999,0.0,0.0,0.0
2026-09-08,12,0.21971937088,0.2380063651199999,0.228862868,0.0,0.0,0.0
2026-09-08,13,0.2380063651199999,0.25629335936,0.24714986224,59020600.11465567,0.0,54872496.1350048
2026-09-08,14,0.25629335936,0.2745803536,0.26543685648,0.0,0.0,0.0
2026-09-08,15,0.2745803536,0.29286734784,0.28372385072,0.0,0.0,0.0
2026-09-08,16,0.29286734784,0.31115434208,0.30201084496,0.0,0.0,0.0
2026-09-08,17,0.31115434208,0.32944133632,0.3202978392,86157352.31301516,0.0,79741727.72233619
2026-09-08,18,0.32944133632,0.34772833056,0.33858483344,0.0,0.0,0.0
2026-09-08,19,0.34772833056,0.3660153248,0.35687182768,0.0,0.0,0.0
2026-09-08,20,0.3660153248,0.38430231904,0.37515882192,0.0,0.0,0.0
2026-09-08,21,0.38430231904,0.40258931328,0.39344581616,81979706.02154426,0.0,78288274.86830942
2026-09-08,22,0.40258931328,0.42087630752,0.4117328104,0.0,0.0,0.0
2026-09-08,23,0.42087630752,0.43916330176,0.43001980464,0.0,0.0,0.0
2026-09-08,24,0.43916330176,0.457450296,0.44830679888,86618299.05145518,0.0,67328785.15825444
2026-09-08,25,0.457450296,0.47573729024,0.46659379312,88449989.75278415,0.0,83820792.40901463
2026-09-08,26,0.47573729024,0.49402428448,0.48488078736,0.0,0.0,0.0
2026-09-08,27,0.49402428448,0.51231127872,0.5031677816,0.0,0.0,0.0
2026-09-08,28,0.51231127872,0.5305982729600001,0.5214547758400001,0.0,0.0,0.0
2026-09-08,29,0.5305982729600001,0.5488852672,0.53974177008,0.0,0.0,0.0
2026-09-08,30,0.5488852672,0.56717226144,0.5580287643199999,0.0,0.0,0.0
2026-09-08,31,0.56717226144,0.58545925568,0.5763157585600001,0.0,0.0,0.0
2026-09-08,32,0.58545925568,0.60374624992,0.5946027528,0.0,0.0,0.0
2026-09-08,33,0.60374624992,0.62203324416,0.6128897470400001,0.0,0.0,0.0
2026-09-08,34,0.62203324416,0.6403202384,0.63117674128,0.0,0.0,0.0
2026-09-08,35,0.6403202384,0.65860723264,0.6494637355199999,0.0,0.0,0.0
2026-09-08,36,0.65860723264,0.67689422688,0.66775072976,0.0,0.0,0.0
2026-09-08,37,0.67689422688,0.69518122112,0.686037724,97437261.42470632,0.0,98357041.44813274
2026-09-08,38,0.69518122112,0.71346821536,0.7043247182400001,136070907.69115064,0.0,96700656.2745154
2026-09-08,39,0.71346821536,0.7317552096,0.72261171248,151101018.36409825,0.0,190067354.68261385
2026-09-08,40,0.7317552096,0.75004220384,0.7408987067199999,0.0,0.0,0.0
2026-09-08,41,0.75004220384,0.76832919808,0.75918570096,0.0,0.0,0.0
2026-09-08,42,0.76832919808,0.78661619232,0.7774726952,262439424.43419304,0.0,404543946.7016536
2026-09-08,43,0.78661619232,0.80490318656,0.7957596894400001,0.0,0.0,0.0
2026-09-08,44,0.80490318656,0.8231901808000001,0.81404668368,0.0,0.0,0.0
2026-09-08,45,0.8231901808000001,0.84147717504,0.83233367792,0.0,0.0,0.0
2026-09-08,46,0.84147717504,0.85976416928,0.85062067216,148234683.59353337,0.0,117464207.88479751
2026-09-08,47,0.85976416928,0.87805116352,0.8689076664,0.0,0.0,0.0
2026-09-08,48,0.87805116352,0.89633815776,0.8871946606400001,0.0,0.0,0.0
2026-09-08,49,0.89633815776,0.914625152,0.90548165488,116930890.3986574,0.0,89865712.96889654
2026-09-09,0,0.00027544,0.0185624342399999,0.0094189371199999,6703026785.618414,0.0,2012872368.5086484
2026-09-09,1,0.0185624342399999,0.03684942848,0.0277059313599999,946059831.8438066,0.0,1960932341.998987
2026-09-09,2,0.03684942848,0.05513642272,0.0459929256,608398897.8152305,0.0,1036334178.7296308
2026-09-09,3,0.05513642272,0.07342341696,0.06427991984,37848281.21560157,0.0,65692572.35145595
2026-09-09,4,0.07342341696,0.0917104112,0.08256691408,61145657.27303079,0.0,83176384.38462232
2026-09-09,5,0.0917104112,0.10999740544,0.1008539083199999,52407470.453649774,0.0,82325117.63409106
2026-09-09,6,0.10999740544,0.12828439968,0.11914090256,88314401.5781628,0.0,145385383.94382808
2026-09-09,7,0.12828439968,0.14657139392,0.1374278968,0.0,0.0,0.0
2026-09-09,8,0.14657139392,0.1648583881599999,0.1557148910399999,50452941.93511451,0.0,52091269.29119204
2026-09-09,9,0.1648583881599999,0.1831453823999999,0.17400188528,0.0,0.0,0.0
2026-09-09,10,0.1831453823999999,0.20143237664,0.1922888795199999,0.0,0.0,0.0
2026-09-09,11,0.20143237664,0.21971937088,0.2105758737599999,0.0,0.0,0.0
2026-09-09,12,0.21971937088,0.2380063651199999,0.228862868,0.0,0.0,0.0
2026-09-09,13,0.2380063651199999,0.25629335936,0.24714986224,57378115.19356376,0.0,54823703.33364777
2026-09-09,14,0.25629335936,0.2745803536,0.26543685648,0.0,0.0,0.0
2026-09-09,15,0.2745803536,0.29286734784,0.28372385072,0.0,0.0,0.0
2026-09-09,16,0.29286734784,0.31115434208,0.30201084496,0.0,0.0,0.0
2026-09-09,17,0.31115434208,0.32944133632,0.3202978392,83791577.70948347,0.0,79719470.69392541
2026-09-09,18,0.32944133632,0.34772833056,0.33858483344,0.0,0.0,0.0
2026-09-09,19,0.34772833056,0.3660153248,0.35687182768,0.0,0.0,0.0
2026-09-09,20,0.3660153248,0.38430231904,0.37515882192,0.0,0.0,0.0
2026-09-09,21,0.38430231904,0.40258931328,0.39344581616,76065843.14846075,0.0,75898820.472295
2026-09-09,22,0.40258931328,0.42087630752,0.4117328104,0.0,0.0,0.0
2026-09-09,23,0.42087630752,0.43916330176,0.43001980464,0.0,0.0,0.0
2026-09-09,24,0.43916330176,0.457450296,0.44830679888,83065312.93182199,0.0,66502460.54032099
2026-09-09,25,0.457450296,0.47573729024,0.46659379312,84156885.3132296,0.0,81390599.19875365
2026-09-09,26,0.47573729024,0.49402428448,0.48488078736,0.0,0.0,0.0
2026-09-09,27,0.49402428448,0.51231127872,0.5031677816,0.0,0.0,0.0
2026-09-09,28,0.51231127872,0.5305982729600001,0.5214547758400001,0.0,0.0,0.0
2026-09-09,29,0.5305982729600001,0.5488852672,0.53974177008,0.0,0.0,0.0
2026-09-09,30,0.5488852672,0.56717226144,0.5580287643199999,0.0,0.0,0.0
2026-09-09,31,0.56717226144,0.58545925568,0.5763157585600001,0.0,0.0,0.0
2026-09-09,32,0.58545925568,0.60374624992,0.5946027528,0.0,0.0,0.0
2026-09-09,33,0.60374624992,0.62203324416,0.6128897470400001,0.0,0.0,0.0
2026-09-09,34,0.62203324416,0.6403202384,0.63117674128,0.0,0.0,0.0
2026-09-09,35,0.6403202384,0.65860723264,0.6494637355199999,0.0,0.0,0.0
2026-09-09,36,0.65860723264,0.67689422688,0.66775072976,0.0,0.0,0.0
2026-09-09,37,0.67689422688,0.69518122112,0.686037724,451230222.6292853,0.0,714693746.3861619
2026-09-09,38,0.69518122112,0.71346821536,0.7043247182400001,100151702.7331873,0.0,88369097.27045222
2026-09-09,39,0.71346821536,0.7317552096,0.72261171248,122679396.09892228,0.0,119857510.7068684
2026-09-09,40,0.7317552096,0.75004220384,0.7408987067199999,0.0,0.0,0.0
2026-09-09,41,0.75004220384,0.76832919808,0.75918570096,0.0,0.0,0.0
2026-09-09,42,0.76832919808,0.78661619232,0.7774726952,106380557.52999876,0.0,229327052.2033988
2026-09-09,43,0.78661619232,0.80490318656,0.7957596894400001,0.0,0.0,0.0
2026-09-09,44,0.80490318656,0.8231901808000001,0.81404668368,0.0,0.0,0.0
2026-09-09,45,0.8231901808000001,0.84147717504,0.83233367792,0.0,0.0,0.0
2026-09-09,46,0.84147717504,0.85976416928,0.85062067216,135151164.04555112,0.0,106258775.5212086
2026-09-09,47,0.85976416928,0.87805116352,0.8689076664,0.0,0.0,0.0
2026-09-09,48,0.87805116352,0.89633815776,0.8871946606400001,0.0,0.0,0.0
2026-09-09,49,0.89633815776,0.914625152,0.90548165488,104947321.29369882,0.0,82681758.91104773
2026-09-10,0,0.00027544,0.0185624342399999,0.0094189371199999,6701652104.540627,0.0,1787987367.2570672
2026-09-10,1,0.0185624342399999,0.03684942848,0.0277059313599999,940696241.614316,0.0,1950082934.2560213
2026-09-10,2,0.03684942848,0.05513642272,0.0459929256,604706862.9890624,0.0,1017892851.0603324
2026-09-10,3,0.05513642272,0.07342341696,0.06427991984,35337710.78037458,0.0,64942835.41582415
2026-09-10,4,0.07342341696,0.0917104112,0.08256691408,59142120.19385212,0.0,82567314.45833817
2026-09-10,5,0.0917104112,0.10999740544,0.1008539083199999,51115350.18709806,0.0,81055207.12053116
2026-09-10,6,0.10999740544,0.12828439968,0.11914090256,84793645.67348757,0.0,144498943.4237174
2026-09-10,7,0.12828439968,0.14657139392,0.1374278968,0.0,0.0,0.0
2026-09-10,8,0.14657139392,0.1648583881599999,0.1557148910399999,46795625.29711781,0.0,51829513.13846085
2026-09-10,9,0.1648583881599999,0.1831453823999999,0.17400188528,0.0,0.0,0.0
2026-09-10,10,0.1831453823999999,0.20143237664,0.1922888795199999,0.0,0.0,0.0
2026-09-10,11,0.20143237664,0.21971937088,0.2105758737599999,0.0,0.0,0.0
2026-09-10,12,0.21971937088,0.2380063651199999,0.228862868,0.0,0.0,0.0
2026-09-10,13,0.2380063651199999,0.25629335936,0.24714986224,49098470.41131059,0.0,54787267.83134892
2026-09-10,14,0.25629335936,0.2745803536,0.26543685648,0.0,0.0,0.0
2026-09-10,15,0.2745803536,0.29286734784,0.28372385072,0.0,0.0,0.0
2026-09-10,16,0.29286734784,0.31115434208,0.30201084496,0.0,0.0,0.0
2026-09-10,17,0.31115434208,0.32944133632,0.3202978392,81039160.71991624,0.0,79661016.94820829
2026-09-10,18,0.32944133632,0.34772833056,0.33858483344,0.0,0.0,0.0
2026-09-10,19,0.34772833056,0.3660153248,0.35687182768,0.0,0.0,0.0
2026-09-10,20,0.3660153248,0.38430231904,0.37515882192,0.0,0.0,0.0
2026-09-10,21,0.38430231904,0.40258931328,0.39344581616,69337058.98902471,0.0,75560956.08506386
2026-09-10,22,0.40258931328,0.42087630752,0.4117328104,0.0,0.0,0.0
2026-09-10,23,0.42087630752,0.43916330176,0.43001980464,0.0,0.0,0.0
2026-09-10,24,0.43916330176,0.457450296,0.44830679888,79483993.54388808,0.0,63507180.810029216
2026-09-10,25,0.457450296,0.47573729024,0.46659379312,79020555.74564053,0.0,80850536.399716
2026-09-10,26,0.47573729024,0.49402428448,0.48488078736,0.0,0.0,0.0
2026-09-10,27,0.49402428448,0.51231127872,0.5031677816,0.0,0.0,0.0
2026-09-10,28,0.51231127872,0.5305982729600001,0.5214547758400001,0.0,0.0,0.0
2026-09-10,29,0.5305982729600001,0.5488852672,0.53974177008,0.0,0.0,0.0
2026-09-10,30,0.5488852672,0.56717226144,0.5580287643199999,400816339.1389359,0.0,665193971.036312
2026-09-10,31,0.56717226144,0.58545925568,0.5763157585600001,0.0,0.0,0.0
2026-09-10,32,0.58545925568,0.60374624992,0.5946027528,0.0,0.0,0.0
2026-09-10,33,0.60374624992,0.62203324416,0.6128897470400001,0.0,0.0,0.0
2026-09-10,34,0.62203324416,0.6403202384,0.63117674128,0.0,0.0,0.0
2026-09-10,35,0.6403202384,0.65860723264,0.6494637355199999,0.0,0.0,0.0
2026-09-10,36,0.65860723264,0.67689422688,0.66775072976,0.0,0.0,0.0
2026-09-10,37,0.67689422688,0.69518122112,0.686037724,387345964.5540872,0.0,436173567.0805552
2026-09-10,38,0.69518122112,0.71346821536,0.7043247182400001,93239691.9810244,0.0,83577713.03909329
2026-09-10,39,0.71346821536,0.7317552096,0.72261171248,113853424.56844622,0.0,105642474.66914536
2026-09-10,40,0.7317552096,0.75004220384,0.7408987067199999,0.0,0.0,0.0
2026-09-10,41,0.75004220384,0.76832919808,0.75918570096,0.0,0.0,0.0
2026-09-10,42,0.76832919808,0.78661619232,0.7774726952,83268752.60180199,0.0,189811555.6988153
2026-09-10,43,0.78661619232,0.80490318656,0.7957596894400001,0.0,0.0,0.0
2026-09-10,44,0.80490318656,0.8231901808000001,0.81404668368,0.0,0.0,0.0
2026-09-10,45,0.8231901808000001,0.84147717504,0.83233367792,0.0,0.0,0.0
2026-09-10,46,0.84147717504,0.85976416928,0.85062067216,129205945.91445903,0.0,89606640.80796018
2026-09-10,47,0.85976416928,0.87805116352,0.8689076664,0.0,0.0,0.0
2026-09-10,48,0.87805116352,0.89633815776,0.8871946606400001,0.0,0.0,0.0
2026-09-10,49,0.89633815776,0.914625152,0.90548165488,99596685.745251,0.0,75837355.696656
2026-09-11,0,0.00027544,0.0185624342399999,0.0094189371199999,6701152958.278113,0.0,1592733790.6543505
2026-09-11,1,0.0185624342399999,0.03684942848,0.0277059313599999,938206773.7452435,0.0,1945692659.10344
2026-09-11,2,0.03684942848,0.05513642272,0.0459929256,602860733.9625348,0.0,1004391493.249156
2026-09-11,3,0.05513642272,0.07342341696,0.06427991984,34292848.769225985,0.0,64926678.84588501
2026-09-11,4,0.07342341696,0.0917104112,0.08256691408,57305104.34083889,0.0,82372377.88833563
2026-09-11,5,0.0917104112,0.10999740544,0.1008539083199999,49181879.14690216,0.0,80942762.51619968
2026-09-11,6,0.10999740544,0.12828439968,0.11914090256,83030272.50735418,0.0,143685773.16710615
2026-09-11,7,0.12828439968,0.14657139392,0.1374278968,0.0,0.0,0.0
2026-09-11,8,0.14657139392,0.1648583881599999,0.1557148910399999,43292924.062388256,0.0,51400699.42232021
2026-09-11,9,0.1648583881599999,0.1831453823999999,0.17400188528,0.0,0.0,0.0
2026-09-11,10,0.1831453823999999,0.20143237664,0.1922888795199999,0.0,0.0,0.0
2026-09-11,11,0.20143237664,0.21971937088,0.2105758737599999,0.0,0.0,0.0
2026-09-11,12,0.21971937088,0.2380063651199999,0.228862868,0.0,0.0,0.0
2026-09-11,13,0.2380063651199999,0.25629335936,0.24714986224,48722431.32119084,0.0,54573953.01274678
2026-09-11,14,0.25629335936,0.2745803536,0.26543685648,0.0,0.0,0.0
2026-09-11,15,0.2745803536,0.29286734784,0.28372385072,0.0,0.0,0.0
2026-09-11,16,0.29286734784,0.31115434208,0.30201084496,0.0,0.0,0.0
2026-09-11,17,0.31115434208,0.32944133632,0.3202978392,80472626.69345973,0.0,79572464.46696617
2026-09-11,18,0.32944133632,0.34772833056,0.33858483344,0.0,0.0,0.0
2026-09-11,19,0.34772833056,0.3660153248,0.35687182768,0.0,0.0,0.0
2026-09-11,20,0.3660153248,0.38430231904,0.37515882192,0.0,0.0,0.0
2026-09-11,21,0.38430231904,0.40258931328,0.39344581616,68096922.55709194,0.0,75363856.42936736
2026-09-11,22,0.40258931328,0.42087630752,0.4117328104,0.0,0.0,0.0
2026-09-11,23,0.42087630752,0.43916330176,0.43001980464,0.0,0.0,0.0
2026-09-11,24,0.43916330176,0.457450296,0.44830679888,71504445.98578289,0.0,61340567.60609341
2026-09-11,25,0.457450296,0.47573729024,0.46659379312,75750000.23309483,0.0,79530941.52063161
2026-09-11,26,0.47573729024,0.49402428448,0.48488078736,0.0,0.0,0.0
2026-09-11,27,0.49402428448,0.51231127872,0.5031677816,0.0,0.0,0.0
2026-09-11,28,0.51231127872,0.5305982729600001,0.5214547758400001,0.0,0.0,0.0
2026-09-11,29,0.5305982729600001,0.5488852672,0.53974177008,0.0,0.0,0.0
2026-09-11,30,0.5488852672,0.56717226144,0.5580287643199999,221475589.4366024,0.0,398101043.35436606
2026-09-11,31,0.56717226144,0.58545925568,0.5763157585600001,0.0,0.0,0.0
2026-09-11,32,0.58545925568,0.60374624992,0.5946027528,314163900.8521176,0.0,563562934.2907418
2026-09-11,33,0.60374624992,0.62203324416,0.6128897470400001,0.0,0.0,0.0
2026-09-11,34,0.62203324416,0.6403202384,0.63117674128,0.0,0.0,0.0
2026-09-11,35,0.6403202384,0.65860723264,0.6494637355199999,0.0,0.0,0.0
2026-09-11,36,0.65860723264,0.67689422688,0.66775072976,0.0,0.0,0.0
2026-09-11,37,0.67689422688,0.69518122112,0.686037724,370035224.7957337,0.0,393143711.0533735
2026-09-11,38,0.69518122112,0.71346821536,0.7043247182400001,89542268.99587348,0.0,78675070.17267565
2026-09-11,39,0.71346821536,0.7317552096,0.72261171248,107988828.77253976,0.0,92790619.71596844
2026-09-11,40,0.7317552096,0.75004220384,0.7408987067199999,0.0,0.0,0.0
2026-09-11,41,0.75004220384,0.76832919808,0.75918570096,0.0,0.0,0.0
2026-09-11,42,0.76832919808,0.78661619232,0.7774726952,76980723.10430977,0.0,182375927.3604196
2026-09-11,43,0.78661619232,0.80490318656,0.7957596894400001,0.0,0.0,0.0
2026-09-11,44,0.80490318656,0.8231901808000001,0.81404668368,0.0,0.0,0.0
2026-09-11,45,0.8231901808000001,0.84147717504,0.83233367792,0.0,0.0,0.0
2026-09-11,46,0.84147717504,0.85976416928,0.85062067216,124456186.7868372,0.0,88487840.5087659
2026-09-11,47,0.85976416928,0.87805116352,0.8689076664,0.0,0.0,0.0
2026-09-11,48,0.87805116352,0.89633815776,0.8871946606400001,0.0,0.0,0.0
2026-09-11,49,0.89633815776,0.914625152,0.90548165488,93899565.74799426,0.0,74449157.02330723
2026-09-12,0,0.00027544,0.0185624342399999,0.0094189371199999,6701005660.2402525,0.0,1350577686.2860982
2026-09-12,1,0.0185624342399999,0.03684942848,0.0277059313599999,937016696.9560604,0.0,1942702900.1307688
2026-09-12,2,0.03684942848,0.05513642272,0.0459929256,602251213.2339786,0.0,998378662.0468968
2026-09-12,3,0.05513642272,0.07342341696,0.06427991984,34054916.730210006,0.0,64921640.98343941
2026-09-12,4,0.07342341696,0.0917104112,0.08256691408,56138796.60672067,0.0,82296758.64169596
2026-09-12,5,0.0917104112,0.10999740544,0.1008539083199999,48880152.17694818,0.0,80936231.10644975
2026-09-12,6,0.10999740544,0.12828439968,0.11914090256,82293399.06934978,0.0,143566900.4253015
2026-09-12,7,0.12828439968,0.14657139392,0.1374278968,0.0,0.0,0.0
2026-09-12,8,0.14657139392,0.1648583881599999,0.1557148910399999,40707766.949466,0.0,51398097.72908819
2026-09-12,9,0.1648583881599999,0.1831453823999999,0.17400188528,0.0,0.0,0.0
2026-09-12,10,0.1831453823999999,0.20143237664,0.1922888795199999,0.0,0.0,0.0
2026-09-12,11,0.20143237664,0.21971937088,0.2105758737599999,0.0,0.0,0.0
2026-09-12,12,0.21971937088,0.2380063651199999,0.228862868,0.0,0.0,0.0
2026-09-12,13,0.2380063651199999,0.25629335936,0.24714986224,48456561.76486927,0.0,54281897.97235455
2026-09-12,14,0.25629335936,0.2745803536,0.26543685648,0.0,0.0,0.0
2026-09-12,15,0.2745803536,0.29286734784,0.28372385072,0.0,0.0,0.0
2026-09-12,16,0.29286734784,0.31115434208,0.30201084496,0.0,0.0,0.0
2026-09-12,17,0.31115434208,0.32944133632,0.3202978392,79925714.22169463,0.0,78964819.80133341
2026-09-12,18,0.32944133632,0.34772833056,0.33858483344,0.0,0.0,0.0
2026-09-12,19,0.34772833056,0.3660153248,0.35687182768,0.0,0.0,0.0
2026-09-12,20,0.3660153248,0.38430231904,0.37515882192,0.0,0.0,0.0
2026-09-12,21,0.38430231904,0.40258931328,0.39344581616,67734077.14053723,0.0,75121146.68452205
2026-09-12,22,0.40258931328,0.42087630752,0.4117328104,0.0,0.0,0.0
2026-09-12,23,0.42087630752,0.43916330176,0.43001980464,0.0,0.0,0.0
2026-09-12,24,0.43916330176,0.457450296,0.44830679888,68970360.15924671,0.0,61213331.172411226
2026-09-12,25,0.457450296,0.47573729024,0.46659379312,71598841.01919036,0.0,78225092.9443821
2026-09-12,26,0.47573729024,0.49402428448,0.48488078736,0.0,0.0,0.0
2026-09-12,27,0.49402428448,0.51231127872,0.5031677816,0.0,0.0,0.0
2026-09-12,28,0.51231127872,0.5305982729600001,0.5214547758400001,0.0,0.0,0.0
2026-09-12,29,0.5305982729600001,0.5488852672,0.53974177008,0.0,0.0,0.0
2026-09-12,30,0.5488852672,0.56717226144,0.5580287643199999,204691618.0771657,0.0,354586977.0592522
2026-09-12,31,0.56717226144,0.58545925568,0.5763157585600001,0.0,0.0,0.0
2026-09-12,32,0.58545925568,0.60374624992,0.5946027528,599741217.1175526,0.0,885042990.7746731
2026-09-12,33,0.60374624992,0.62203324416,0.6128897470400001,0.0,0.0,0.0
2026-09-12,34,0.62203324416,0.6403202384,0.63117674128,0.0,0.0,0.0
2026-09-12,35,0.6403202384,0.65860723264,0.6494637355199999,0.0,0.0,0.0
2026-09-12,36,0.65860723264,0.67689422688,0.66775072976,0.0,0.0,0.0
2026-09-12,37,0.67689422688,0.69518122112,0.686037724,365687939.3147956,0.0,380632878.9474765
2026-09-12,38,0.69518122112,0.71346821536,0.7043247182400001,88714420.9984795,0.0,74462835.27304128
2026-09-12,39,0.71346821536,0.7317552096,0.72261171248,105742455.61278108,0.0,89563488.13165154
2026-09-12,40,0.7317552096,0.75004220384,0.7408987067199999,0.0,0.0,0.0
2026-09-12,41,0.75004220384,0.76832919808,0.75918570096,0.0,0.0,0.0
2026-09-12,42,0.76832919808,0.78661619232,0.7774726952,75220600.47612435,0.0,179116747.15705517
2026-09-12,43,0.78661619232,0.80490318656,0.7957596894400001,0.0,0.0,0.0
2026-09-12,44,0.80490318656,0.8231901808000001,0.81404668368,0.0,0.0,0.0
2026-09-12,45,0.8231901808000001,0.84147717504,0.83233367792,0.0,0.0,0.0
2026-09-12,46,0.84147717504,0.85976416928,0.85062067216,121628035.86776055,0.0,88418707.8467218
2026-09-12,47,0.85976416928,0.87805116352,0.8689076664,0.0,0.0,0.0
2026-09-12,48,0.87805116352,0.89633815776,0.8871946606400001,0.0,0.0,0.0
2026-09-12,49,0.89633815776,0.914625152,0.90548165488,92520264.88991168,0.0,74049751.09949848
2026-09-13,0,0.00027544,0.0185624342399999,0.0094189371199999,6700648010.877333,0.0,968549111.4298818
2026-09-13,1,0.0185624342399999,0.03684942848,0.0277059313599999,934200381.8737268,0.0,1940495971.40964
2026-09-13,2,0.03684942848,0.05513642272,0.0459929256,601182970.3035505,0.0,991602983.5917376
2026-09-13,3,0.05513642272,0.07342341696,0.06427991984,33479861.16987841,0.0,64875053.19129796
2026-09-13,4,0.07342341696,0.0917104112,0.08256691408,54722647.8658925,0.0,81762848.30788243
2026-09-13,5,0.0917104112,0.10999740544,0.1008539083199999,48069373.72032586,0.0,80909396.29759637
2026-09-13,6,0.10999740544,0.12828439968,0.11914090256,81581780.96113475,0.0,143458315.4152847
2026-09-13,7,0.12828439968,0.14657139392,0.1374278968,0.0,0.0,0.0
2026-09-13,8,0.14657139392,0.1648583881599999,0.1557148910399999,39150474.02681247,0.0,51360160.35205619
2026-09-13,9,0.1648583881599999,0.1831453823999999,0.17400188528,0.0,0.0,0.0
2026-09-13,10,0.1831453823999999,0.20143237664,0.1922888795199999,0.0,0.0,0.0
2026-09-13,11,0.20143237664,0.21971937088,0.2105758737599999,0.0,0.0,0.0
2026-09-13,12,0.21971937088,0.2380063651199999,0.228862868,0.0,0.0,0.0
2026-09-13,13,0.2380063651199999,0.25629335936,0.24714986224,47995357.173120834,0.0,54130377.44058935
2026-09-13,14,0.25629335936,0.2745803536,0.26543685648,0.0,0.0,0.0
2026-09-13,15,0.2745803536,0.29286734784,0.28372385072,0.0,0.0,0.0
2026-09-13,16,0.29286734784,0.31115434208,0.30201084496,0.0,0.0,0.0
2026-09-13,17,0.31115434208,0.32944133632,0.3202978392,79176101.0970348,0.0,78957580.72693218
2026-09-13,18,0.32944133632,0.34772833056,0.33858483344,0.0,0.0,0.0
2026-09-13,19,0.34772833056,0.3660153248,0.35687182768,0.0,0.0,0.0
2026-09-13,20,0.3660153248,0.38430231904,0.37515882192,0.0,0.0,0.0
2026-09-13,21,0.38430231904,0.40258931328,0.39344581616,67125353.43593796,0.0,74666560.89799574
2026-09-13,22,0.40258931328,0.42087630752,0.4117328104,0.0,0.0,0.0
2026-09-13,23,0.42087630752,0.43916330176,0.43001980464,0.0,0.0,0.0
2026-09-13,24,0.43916330176,0.457450296,0.44830679888,66381421.75338307,0.0,59943563.518423386
2026-09-13,25,0.457450296,0.47573729024,0.46659379312,66921937.30299303,0.0,76760939.8078112
2026-09-13,26,0.47573729024,0.49402428448,0.48488078736,0.0,0.0,0.0
2026-09-13,27,0.49402428448,0.51231127872,0.5031677816,0.0,0.0,0.0
2026-09-13,28,0.51231127872,0.5305982729600001,0.5214547758400001,0.0,0.0,0.0
2026-09-13,29,0.5305982729600001,0.5488852672,0.53974177008,458347625.43194354,0.0,863284040.9210329
2026-09-13,30,0.5488852672,0.56717226144,0.5580287643199999,190267890.82397145,0.0,340780771.82476526
2026-09-13,31,0.56717226144,0.58545925568,0.5763157585600001,0.0,0.0,0.0
2026-09-13,32,0.58545925568,0.60374624992,0.5946027528,445824464.2167544,0.0,596968190.2434136
2026-09-13,33,0.60374624992,0.62203324416,0.6128897470400001,0.0,0.0,0.0
2026-09-13,34,0.62203324416,0.6403202384,0.63117674128,0.0,0.0,0.0
2026-09-13,35,0.6403202384,0.65860723264,0.6494637355199999,0.0,0.0,0.0
2026-09-13,36,0.65860723264,0.67689422688,0.66775072976,0.0,0.0,0.0
2026-09-13,37,0.67689422688,0.69518122112,0.686037724,360396912.65560144,0.0,370318292.1711305
2026-09-13,38,0.69518122112,0.71346821536,0.7043247182400001,87711561.95620377,0.0,68551143.83833537
2026-09-13,39,0.71346821536,0.7317552096,0.72261171248,100515086.98197743,0.0,87712742.01854704
2026-09-13,40,0.7317552096,0.75004220384,0.7408987067199999,0.0,0.0,0.0
2026-09-13,41,0.75004220384,0.76832919808,0.75918570096,0.0,0.0,0.0
2026-09-13,42,0.76832919808,0.78661619232,0.7774726952,73239324.73726311,0.0,173688887.32282272
2026-09-13,43,0.78661619232,0.80490318656,0.7957596894400001,0.0,0.0,0.0
2026-09-13,44,0.80490318656,0.8231901808000001,0.81404668368,0.0,0.0,0.0
2026-09-13,45,0.8231901808000001,0.84147717504,0.83233367792,0.0,0.0,0.0
2026-09-13,46,0.84147717504,0.85976416928,0.85062067216,119599113.9385494,0.0,88377117.95000307
2026-09-13,47,0.85976416928,0.87805116352,0.8689076664,0.0,0.0,0.0
2026-09-13,48,0.87805116352,0.89633815776,0.8871946606400001,0.0,0.0,0.0
2026-09-13,49,0.89633815776,0.914625152,0.90548165488,90804141.58831662,0.0,73462634.38264601
2026-09-14,0,0.00027544,0.0185624342399999,0.0094189371199999,6695083359.559501,0.0,765092966.588271
2026-09-14,1,0.0185624342399999,0.03684942848,0.0277059313599999,931827231.567951,0.0,1933817686.7138925
2026-09-14,2,0.03684942848,0.05513642272,0.0459929256,599063598.2298226,0.0,977730538.2550164
2026-09-14,3,0.05513642272,0.07342341696,0.06427991984,33313004.60804707,0.0,64842700.69003218
2026-09-14,4,0.07342341696,0.0917104112,0.08256691408,52918548.09862401,0.0,81557996.24148454
2026-09-14,5,0.0917104112,0.10999740544,0.1008539083199999,46862442.19582321,0.0,80909396.29759637
2026-09-14,6,0.10999740544,0.12828439968,0.11914090256,80958872.41806313,0.0,143425706.79511335
2026-09-14,7,0.12828439968,0.14657139392,0.1374278968,0.0,0.0,0.0
2026-09-14,8,0.14657139392,0.1648583881599999,0.1557148910399999,35047744.34185653,0.0,51316895.27696252
2026-09-14,9,0.1648583881599999,0.1831453823999999,0.17400188528,0.0,0.0,0.0
2026-09-14,10,0.1831453823999999,0.20143237664,0.1922888795199999,0.0,0.0,0.0
2026-09-14,11,0.20143237664,0.21971937088,0.2105758737599999,0.0,0.0,0.0
2026-09-14,12,0.21971937088,0.2380063651199999,0.228862868,0.0,0.0,0.0
2026-09-14,13,0.2380063651199999,0.25629335936,0.24714986224,47855684.964384064,0.0,53893466.76256552
2026-09-14,14,0.25629335936,0.2745803536,0.26543685648,0.0,0.0,0.0
2026-09-14,15,0.2745803536,0.29286734784,0.28372385072,0.0,0.0,0.0
2026-09-14,16,0.29286734784,0.31115434208,0.30201084496,0.0,0.0,0.0
2026-09-14,17,0.31115434208,0.32944133632,0.3202978392,78657526.73613694,0.0,78899111.6275308
2026-09-14,18,0.32944133632,0.34772833056,0.33858483344,0.0,0.0,0.0
2026-09-14,19,0.34772833056,0.3660153248,0.35687182768,0.0,0.0,0.0
2026-09-14,20,0.3660153248,0.38430231904,0.37515882192,0.0,0.0,0.0
2026-09-14,21,0.38430231904,0.40258931328,0.39344581616,66656204.57468808,0.0,74415145.6605757
2026-09-14,22,0.40258931328,0.42087630752,0.4117328104,0.0,0.0,0.0
2026-09-14,23,0.42087630752,0.43916330176,0.43001980464,0.0,0.0,0.0
2026-09-14,24,0.43916330176,0.457450296,0.44830679888,65747532.44892065,0.0,58851857.15201366
2026-09-14,25,0.457450296,0.47573729024,0.46659379312,58465983.156776085,0.0,74083708.81231645
2026-09-14,26,0.47573729024,0.49402428448,0.48488078736,0.0,0.0,0.0
2026-09-14,27,0.49402428448,0.51231127872,0.5031677816,0.0,0.0,0.0
2026-09-14,28,0.51231127872,0.5305982729600001,0.5214547758400001,0.0,0.0,0.0
2026-09-14,29,0.5305982729600001,0.5488852672,0.53974177008,420049522.24327457,0.0,615253708.9525256
2026-09-14,30,0.5488852672,0.56717226144,0.5580287643199999,175198828.42413256,0.0,305239537.9154393
2026-09-14,31,0.56717226144,0.58545925568,0.5763157585600001,0.0,0.0,0.0
2026-09-14,32,0.58545925568,0.60374624992,0.5946027528,367571274.6873091,0.0,568222576.5525646
2026-09-14,33,0.60374624992,0.62203324416,0.6128897470400001,0.0,0.0,0.0
2026-09-14,34,0.62203324416,0.6403202384,0.63117674128,0.0,0.0,0.0
2026-09-14,35,0.6403202384,0.65860723264,0.6494637355199999,335796221.4939916,0.0,583789832.4350141
2026-09-14,36,0.65860723264,0.67689422688,0.66775072976,0.0,0.0,0.0
2026-09-14,37,0.67689422688,0.69518122112,0.686037724,349953591.31577826,0.0,359028429.4441395
2026-09-14,38,0.69518122112,0.71346821536,0.7043247182400001,86969979.0675709,0.0,66435171.50166274
2026-09-14,39,0.71346821536,0.7317552096,0.72261171248,98648470.49108644,0.0,87512701.0796839
2026-09-14,40,0.7317552096,0.75004220384,0.7408987067199999,0.0,0.0,0.0
2026-09-14,41,0.75004220384,0.76832919808,0.75918570096,0.0,0.0,0.0
2026-09-14,42,0.76832919808,0.78661619232,0.7774726952,72506595.46476987,0.0,168294242.49983147
2026-09-14,43,0.78661619232,0.80490318656,0.7957596894400001,0.0,0.0,0.0
2026-09-14,44,0.80490318656,0.8231901808000001,0.81404668368,0.0,0.0,0.0
2026-09-14,45,0.8231901808000001,0.84147717504,0.83233367792,0.0,0.0,0.0
2026-09-14,46,0.84147717504,0.85976416928,0.85062067216,112997243.2016454,0.0,87950348.89929084
2026-09-14,47,0.85976416928,0.87805116352,0.8689076664,0.0,0.0,0.0
2026-09-14,48,0.87805116352,0.89633815776,0.8871946606400001,0.0,0.0,0.0
2026-09-14,49,0.89633815776,0.914625152,0.90548165488,88195493.17355846,0.0,65475080.89078154
2026-09-15,0,0.00027544,0.0185624342399999,0.0094189371199999,6694658572.234433,0.0,702800872.8073457
2026-09-15,1,0.0185624342399999,0.03684942848,0.0277059313599999,930364566.9920388,0.0,1785723814.4308026
2026-09-15,2,0.03684942848,0.05513642272,0.0459929256,597842758.9350947,0.0,838238220.3834318
2026-09-15,3,0.05513642272,0.07342341696,0.06427991984,33267777.080060218,0.0,64842318.76364688
2026-09-15,4,0.07342341696,0.0917104112,0.08256691408,52496512.16100132,0.0,81479990.40573402
2026-09-15,5,0.0917104112,0.10999740544,0.1008539083199999,46338158.08909147,0.0,80881917.98355028
2026-09-15,6,0.10999740544,0.12828439968,0.11914090256,79346135.46459498,0.0,143361147.71916562
2026-09-15,7,0.12828439968,0.14657139392,0.1374278968,0.0,0.0,0.0
2026-09-15,8,0.14657139392,0.1648583881599999,0.1557148910399999,33507023.49571807,0.0,51267112.57750837
2026-09-15,9,0.1648583881599999,0.1831453823999999,0.17400188528,0.0,0.0,0.0
2026-09-15,10,0.1831453823999999,0.20143237664,0.1922888795199999,0.0,0.0,0.0
2026-09-15,11,0.20143237664,0.21971937088,0.2105758737599999,0.0,0.0,0.0
2026-09-15,12,0.21971937088,0.2380063651199999,0.228862868,0.0,0.0,0.0
2026-09-15,13,0.2380063651199999,0.25629335936,0.24714986224,45977828.25250296,0.0,53252164.32561158
2026-09-15,14,0.25629335936,0.2745803536,0.26543685648,0.0,0.0,0.0
2026-09-15,15,0.2745803536,0.29286734784,0.28372385072,0.0,0.0,0.0
2026-09-15,16,0.29286734784,0.31115434208,0.30201084496,0.0,0.0,0.0
2026-09-15,17,0.31115434208,0.32944133632,0.3202978392,78166410.92161882,0.0,78844326.51408243
2026-09-15,18,0.32944133632,0.34772833056,0.33858483344,0.0,0.0,0.0
2026-09-15,19,0.34772833056,0.3660153248,0.35687182768,0.0,0.0,0.0
2026-09-15,20,0.3660153248,0.38430231904,0.37515882192,0.0,0.0,0.0
2026-09-15,21,0.38430231904,0.40258931328,0.39344581616,65536456.8528048,0.0,74275225.85732421
2026-09-15,22,0.40258931328,0.42087630752,0.4117328104,0.0,0.0,0.0
2026-09-15,23,0.42087630752,0.43916330176,0.43001980464,0.0,0.0,0.0
2026-09-15,24,0.43916330176,0.457450296,0.44830679888,65175032.949853405,0.0,58352902.19139384
2026-09-15,25,0.457450296,0.47573729024,0.46659379312,55350590.33248024,0.0,71625503.02043948
2026-09-15,26,0.47573729024,0.49402428448,0.48488078736,0.0,0.0,0.0
2026-09-15,27,0.49402428448,0.51231127872,0.5031677816,0.0,0.0,0.0
2026-09-15,28,0.51231127872,0.5305982729600001,0.5214547758400001,0.0,0.0,0.0
2026-09-15,29,0.5305982729600001,0.5488852672,0.53974177008,393166303.51692784,0.0,433945960.4262481
2026-09-15,30,0.5488852672,0.56717226144,0.5580287643199999,170466163.83833772,0.0,296792014.6268757
2026-09-15,31,0.56717226144,0.58545925568,0.5763157585600001,0.0,0.0,0.0
2026-09-15,32,0.58545925568,0.60374624992,0.5946027528,354519589.9300502,0.0,544596440.8203257
2026-09-15,33,0.60374624992,0.62203324416,0.6128897470400001,0.0,0.0,0.0
2026-09-15,34,0.62203324416,0.6403202384,0.63117674128,441875278.62510747,0.0,827982774.1100999
2026-09-15,35,0.6403202384,0.65860723264,0.6494637355199999,219007458.1740178,0.0,352826886.7525641
2026-09-15,36,0.65860723264,0.67689422688,0.66775072976,0.0,0.0,0.0
2026-09-15,37,0.67689422688,0.69518122112,0.686037724,344786307.17434025,0.0,350949019.74748886
2026-09-15,38,0.69518122112,0.71346821536,0.7043247182400001,85361112.1048456,0.0,65651445.85155713
2026-09-15,39,0.71346821536,0.7317552096,0.72261171248,94379799.43836312,0.0,87137224.70141138
2026-09-15,40,0.7317552096,0.75004220384,0.7408987067199999,0.0,0.0,0.0
2026-09-15,41,0.75004220384,0.76832919808,0.75918570096,0.0,0.0,0.0
2026-09-15,42,0.76832919808,0.78661619232,0.7774726952,69670900.46096842,0.0,167408576.8411451
2026-09-15,43,0.78661619232,0.80490318656,0.7957596894400001,0.0,0.0,0.0
2026-09-15,44,0.80490318656,0.8231901808000001,0.81404668368,0.0,0.0,0.0
2026-09-15,45,0.8231901808000001,0.84147717504,0.83233367792,0.0,0.0,0.0
2026-09-15,46,0.84147717504,0.85976416928,0.85062067216,108586697.92745104,0.0,85441606.73684232
2026-09-15,47,0.85976416928,0.87805116352,0.8689076664,0.0,0.0,0.0
2026-09-15,48,0.87805116352,0.89633815776,0.8871946606400001,0.0,0.0,0.0
2026-09-15,49,0.89633815776,0.914625152,0.90548165488,86187611.68913485,0.0,58952125.48847196
2026-09-16,0,0.00027544,0.0185624342399999,0.0094189371199999,6692211374.072331,0.0,699035594.1619906
2026-09-16,1,0.0185624342399999,0.03684942848,0.0277059313599999,927024099.3892984,0.0,1541053883.8254116
2026-09-16,2,0.03684942848,0.05513642272,0.0459929256,596184818.165446,0.0,736567848.6637157
2026-09-16,3,0.05513642272,0.07342341696,0.06427991984,33153681.20457965,0.0,64807816.23465154
2026-09-16,4,0.07342341696,0.0917104112,0.08256691408,52020533.17427976,0.0,81179973.76002283
2026-09-16,5,0.0917104112,0.10999740544,0.1008539083199999,44489982.13369359,0.0,80836260.15214486
2026-09-16,6,0.10999740544,0.12828439968,0.11914090256,77312123.93788028,0.0,143264726.502359
2026-09-16,7,0.12828439968,0.14657139392,0.1374278968,0.0,0.0,0.0
2026-09-16,8,0.14657139392,0.1648583881599999,0.1557148910399999,33017509.36404072,0.0,51078485.570981935
2026-09-16,9,0.1648583881599999,0.1831453823999999,0.17400188528,0.0,0.0,0.0
2026-09-16,10,0.1831453823999999,0.20143237664,0.1922888795199999,0.0,0.0,0.0
2026-09-16,11,0.20143237664,0.21971937088,0.2105758737599999,0.0,0.0,0.0
2026-09-16,12,0.21971937088,0.2380063651199999,0.228862868,0.0,0.0,0.0
2026-09-16,13,0.2380063651199999,0.25629335936,0.24714986224,44379106.01546747,0.0,53191589.53058783
2026-09-16,14,0.25629335936,0.2745803536,0.26543685648,0.0,0.0,0.0
2026-09-16,15,0.2745803536,0.29286734784,0.28372385072,0.0,0.0,0.0
2026-09-16,16,0.29286734784,0.31115434208,0.30201084496,0.0,0.0,0.0
2026-09-16,17,0.31115434208,0.32944133632,0.3202978392,77776175.39132234,0.0,78776410.85023594
2026-09-16,18,0.32944133632,0.34772833056,0.33858483344,0.0,0.0,0.0
2026-09-16,19,0.34772833056,0.3660153248,0.35687182768,0.0,0.0,0.0
2026-09-16,20,0.3660153248,0.38430231904,0.37515882192,0.0,0.0,0.0
2026-09-16,21,0.38430231904,0.40258931328,0.39344581616,65073153.21270374,0.0,74266414.6050222
2026-09-16,22,0.40258931328,0.42087630752,0.4117328104,0.0,0.0,0.0
2026-09-16,23,0.42087630752,0.43916330176,0.43001980464,0.0,0.0,0.0
2026-09-16,24,0.43916330176,0.457450296,0.44830679888,64290830.55339606,0.0,58325759.18770904
2026-09-16,25,0.457450296,0.47573729024,0.46659379312,54953491.40921775,0.0,71201998.88954163
2026-09-16,26,0.47573729024,0.49402428448,0.48488078736,0.0,0.0,0.0
2026-09-16,27,0.49402428448,0.51231127872,0.5031677816,0.0,0.0,0.0
2026-09-16,28,0.51231127872,0.5305982729600001,0.5214547758400001,0.0,0.0,0.0
2026-09-16,29,0.5305982729600001,0.5488852672,0.53974177008,386777753.5610015,0.0,429425070.6238244
2026-09-16,30,0.5488852672,0.56717226144,0.5580287643199999,166611360.82698682,0.0,292181074.58542854
2026-09-16,31,0.56717226144,0.58545925568,0.5763157585600001,426945714.2843859,0.0,796721594.8823135
2026-09-16,32,0.58545925568,0.60374624992,0.5946027528,349238356.2847901,0.0,525492143.2767875
2026-09-16,33,0.60374624992,0.62203324416,0.6128897470400001,0.0,0.0,0.0
2026-09-16,34,0.62203324416,0.6403202384,0.63117674128,318694912.72659564,0.0,486972744.1886329
2026-09-16,35,0.6403202384,0.65860723264,0.6494637355199999,188269841.69695896,0.0,299277205.01240706
2026-09-16,36,0.65860723264,0.67689422688,0.66775072976,0.0,0.0,0.0
2026-09-16,37,0.67689422688,0.69518122112,0.686037724,336774018.5931858,0.0,343273632.0759279
2026-09-16,38,0.69518122112,0.71346821536,0.7043247182400001,83903654.66913882,0.0,65054651.01914405
2026-09-16,39,0.71346821536,0.7317552096,0.72261171248,92324034.15901454,0.0,86450519.674859
2026-09-16,40,0.7317552096,0.75004220384,0.7408987067199999,0.0,0.0,0.0
2026-09-16,41,0.75004220384,0.76832919808,0.75918570096,0.0,0.0,0.0
2026-09-16,42,0.76832919808,0.78661619232,0.7774726952,68123857.67839964,0.0,167162862.6619883
2026-09-16,43,0.78661619232,0.80490318656,0.7957596894400001,0.0,0.0,0.0
2026-09-16,44,0.80490318656,0.8231901808000001,0.81404668368,0.0,0.0,0.0
2026-09-16,45,0.8231901808000001,0.84147717504,0.83233367792,0.0,0.0,0.0
2026-09-16,46,0.84147717504,0.85976416928,0.85062067216,106569934.77208848,0.0,79875080.48443022
2026-09-16,47,0.85976416928,0.87805116352,0.8689076664,0.0,0.0,0.0
2026-09-16,48,0.87805116352,0.89633815776,0.8871946606400001,0.0,0.0,0.0
2026-09-16,49,0.89633815776,0.914625152,0.90548165488,83885293.3387673,0.0,58865752.98805887
2026-09-17,0,0.00027544,0.0185624342399999,0.0094189371199999,6691398779.58976,0.0,692435997.9900578
2026-09-17,1,0.0185624342399999,0.03684942848,0.0277059313599999,925526015.8948474,0.0,1499254361.0571337
2026-09-17,2,0.03684942848,0.05513642272,0.0459929256,595129164.4329476,0.0,619059181.6859515
2026-09-17,3,0.05513642272,0.07342341696,0.06427991984,33074233.04316757,0.0,64749276.99273014
2026-09-17,4,0.07342341696,0.0917104112,0.08256691408,51571808.32440068,0.0,81093824.2611813
2026-09-17,5,0.0917104112,0.10999740544,0.1008539083199999,44431139.05710581,0.0,80781907.49288978
2026-09-17,6,0.10999740544,0.12828439968,0.11914090256,76488800.69019002,0.0,143264720.9861028
2026-09-17,7,0.12828439968,0.14657139392,0.1374278968,0.0,0.0,0.0
2026-09-17,8,0.14657139392,0.1648583881599999,0.1557148910399999,32708742.992090225,0.0,51072247.91966188
2026-09-17,9,0.1648583881599999,0.1831453823999999,0.17400188528,0.0,0.0,0.0
2026-09-17,10,0.1831453823999999,0.20143237664,0.1922888795199999,0.0,0.0,0.0
2026-09-17,11,0.20143237664,0.21971937088,0.2105758737599999,0.0,0.0,0.0
2026-09-17,12,0.21971937088,0.2380063651199999,0.228862868,0.0,0.0,0.0
2026-09-17,13,0.2380063651199999,0.25629335936,0.24714986224,41530936.594282456,0.0,53061238.791164495
2026-09-17,14,0.25629335936,0.2745803536,0.26543685648,0.0,0.0,0.0
2026-09-17,15,0.2745803536,0.29286734784,0.28372385072,0.0,0.0,0.0
2026-09-17,16,0.29286734784,0.31115434208,0.30201084496,0.0,0.0,0.0
2026-09-17,17,0.31115434208,0.32944133632,0.3202978392,77422690.20232144,0.0,78711769.70527236
2026-09-17,18,0.32944133632,0.34772833056,0.33858483344,0.0,0.0,0.0
2026-09-17,19,0.34772833056,0.3660153248,0.35687182768,0.0,0.0,0.0
2026-09-17,20,0.3660153248,0.38430231904,0.37515882192,0.0,0.0,0.0
2026-09-17,21,0.38430231904,0.40258931328,0.39344581616,64545851.47008281,0.0,74263836.4423189
2026-09-17,22,0.40258931328,0.42087630752,0.4117328104,0.0,0.0,0.0
2026-09-17,23,0.42087630752,0.43916330176,0.43001980464,0.0,0.0,0.0
2026-09-17,24,0.43916330176,0.457450296,0.44830679888,63676836.13640645,0.0,58238566.39852611
2026-09-17,25,0.457450296,0.47573729024,0.46659379312,54013981.40212911,0.0,70721568.86157142
2026-09-17,26,0.47573729024,0.49402428448,0.48488078736,0.0,0.0,0.0
2026-09-17,27,0.49402428448,0.51231127872,0.5031677816,0.0,0.0,0.0
2026-09-17,28,0.51231127872,0.5305982729600001,0.5214547758400001,0.0,0.0,0.0
2026-09-17,29,0.5305982729600001,0.5488852672,0.53974177008,383154860.6053228,0.0,413976662.14702976
2026-09-17,30,0.5488852672,0.56717226144,0.5580287643199999,165606939.57507074,0.0,291468120.2141432
2026-09-17,31,0.56717226144,0.58545925568,0.5763157585600001,316957742.46487266,0.0,658569664.0510175
2026-09-17,32,0.58545925568,0.60374624992,0.5946027528,345582760.2829855,0.0,512343146.243147
2026-09-17,33,0.60374624992,0.62203324416,0.6128897470400001,0.0,0.0,0.0
2026-09-17,34,0.62203324416,0.6403202384,0.63117674128,296979853.8115042,0.0,409660775.5575696
2026-09-17,35,0.6403202384,0.65860723264,0.6494637355199999,171115683.11519617,0.0,286113106.0795731
2026-09-17,36,0.65860723264,0.67689422688,0.66775072976,0.0,0.0,0.0
2026-09-17,37,0.67689422688,0.69518122112,0.686037724,579866542.64382,0.0,778360881.9515624
2026-09-17,38,0.69518122112,0.71346821536,0.7043247182400001,77058048.00625311,0.0,64128081.07116703
2026-09-17,39,0.71346821536,0.7317552096,0.72261171248,89058533.79613179,0.0,85311988.97221585
2026-09-17,40,0.7317552096,0.75004220384,0.7408987067199999,0.0,0.0,0.0
2026-09-17,41,0.75004220384,0.76832919808,0.75918570096,0.0,0.0,0.0
2026-09-17,42,0.76832919808,0.78661619232,0.7774726952,67359000.50149608,0.0,166001614.95715696
2026-09-17,43,0.78661619232,0.80490318656,0.7957596894400001,0.0,0.0,0.0
2026-09-17,44,0.80490318656,0.8231901808000001,0.81404668368,0.0,0.0,0.0
2026-09-17,45,0.8231901808000001,0.84147717504,0.83233367792,0.0,0.0,0.0
2026-09-17,46,0.84147717504,0.85976416928,0.85062067216,102566490.11875977,0.0,73006802.46983954
2026-09-17,47,0.85976416928,0.87805116352,0.8689076664,0.0,0.0,0.0
2026-09-17,48,0.87805116352,0.89633815776,0.8871946606400001,0.0,0.0,0.0
2026-09-17,49,0.89633815776,0.914625152,0.90548165488,81804702.71274833,0.0,58410792.733454
2026-09-18,0,0.00027544,0.0185624342399999,0.0094189371199999,6691008071.232332,0.0,687394754.5868646
2026-09-18,1,0.0185624342399999,0.03684942848,0.0277059313599999,924408745.4723678,0.0,1370500511.4141371
2026-09-18,2,0.03684942848,0.05513642272,0.0459929256,594152861.2923025,0.0,492888938.9542927
2026-09-18,3,0.05513642272,0.07342341696,0.06427991984,32907616.94789324,0.0,64663004.81509239
2026-09-18,4,0.07342341696,0.0917104112,0.08256691408,51294010.9935562,0.0,80997249.63679142
2026-09-18,5,0.0917104112,0.10999740544,0.1008539083199999,44193611.46559488,0.0,80742632.10867122
2026-09-18,6,0.10999740544,0.12828439968,0.11914090256,75213798.74738714,0.0,143264608.3422896
2026-09-18,7,0.12828439968,0.14657139392,0.1374278968,0.0,0.0,0.0
2026-09-18,8,0.14657139392,0.1648583881599999,0.1557148910399999,32268813.312596545,0.0,50978283.54893773
2026-09-18,9,0.1648583881599999,0.1831453823999999,0.17400188528,0.0,0.0,0.0
2026-09-18,10,0.1831453823999999,0.20143237664,0.1922888795199999,0.0,0.0,0.0
2026-09-18,11,0.20143237664,0.21971937088,0.2105758737599999,0.0,0.0,0.0
2026-09-18,12,0.21971937088,0.2380063651199999,0.228862868,0.0,0.0,0.0
2026-09-18,13,0.2380063651199999,0.25629335936,0.24714986224,38355046.173329,0.0,53047023.60275365
2026-09-18,14,0.25629335936,0.2745803536,0.26543685648,0.0,0.0,0.0
2026-09-18,15,0.2745803536,0.29286734784,0.28372385072,0.0,0.0,0.0
2026-09-18,16,0.29286734784,0.31115434208,0.30201084496,0.0,0.0,0.0
2026-09-18,17,0.31115434208,0.32944133632,0.3202978392,76685234.14839765,0.0,78687089.80526166
2026-09-18,18,0.32944133632,0.34772833056,0.33858483344,0.0,0.0,0.0
2026-09-18,19,0.34772833056,0.3660153248,0.35687182768,0.0,0.0,0.0
2026-09-18,20,0.3660153248,0.38430231904,0.37515882192,0.0,0.0,0.0
2026-09-18,21,0.38430231904,0.40258931328,0.39344581616,64214847.51099516,0.0,74256772.1237384
2026-09-18,22,0.40258931328,0.42087630752,0.4117328104,0.0,0.0,0.0
2026-09-18,23,0.42087630752,0.43916330176,0.43001980464,0.0,0.0,0.0
2026-09-18,24,0.43916330176,0.457450296,0.44830679888,63327400.62393893,0.0,58208247.67773447
2026-09-18,25,0.457450296,0.47573729024,0.46659379312,53509818.67462282,0.0,68224513.5394624
2026-09-18,26,0.47573729024,0.49402428448,0.48488078736,0.0,0.0,0.0
2026-09-18,27,0.49402428448,0.51231127872,0.5031677816,0.0,0.0,0.0
2026-09-18,28,0.51231127872,0.5305982729600001,0.5214547758400001,0.0,0.0,0.0
2026-09-18,29,0.5305982729600001,0.5488852672,0.53974177008,382140247.5573911,0.0,409290148.92367005
2026-09-18,30,0.5488852672,0.56717226144,0.5580287643199999,163050893.0717009,0.0,289567681.73734075
2026-09-18,31,0.56717226144,0.58545925568,0.5763157585600001,297354145.792723,0.0,406813445.498531
2026-09-18,32,0.58545925568,0.60374624992,0.5946027528,342718628.0842494,0.0,509813663.8288498
2026-09-18,33,0.60374624992,0.62203324416,0.6128897470400001,0.0,0.0,0.0
2026-09-18,34,0.62203324416,0.6403202384,0.63117674128,285013825.51268274,0.0,401671890.0139766
2026-09-18,35,0.6403202384,0.65860723264,0.6494637355199999,164006042.90469524,0.0,268017737.5283612
2026-09-18,36,0.65860723264,0.67689422688,0.66775072976,336873495.87735057,0.0,626452897.1531626
2026-09-18,37,0.67689422688,0.69518122112,0.686037724,474413543.6530134,0.0,722100839.5430856
2026-09-18,38,0.69518122112,0.71346821536,0.7043247182400001,66830197.04483499,0.0,63655257.19627181
2026-09-18,39,0.71346821536,0.7317552096,0.72261171248,87599596.70497936,0.0,77818771.03874439
2026-09-18,40,0.7317552096,0.75004220384,0.7408987067199999,0.0,0.0,0.0
2026-09-18,41,0.75004220384,0.76832919808,0.75918570096,0.0,0.0,0.0
2026-09-18,42,0.76832919808,0.78661619232,0.7774726952,66463268.7369871,0.0,163051352.68055302
2026-09-18,43,0.78661619232,0.80490318656,0.7957596894400001,0.0,0.0,0.0
2026-09-18,44,0.80490318656,0.8231901808000001,0.81404668368,0.0,0.0,0.0
2026-09-18,45,0.8231901808000001,0.84147717504,0.83233367792,0.0,0.0,0.0
2026-09-18,46,0.84147717504,0.85976416928,0.85062067216,102000019.31268875,0.0,72983863.52631488
2026-09-18,47,0.85976416928,0.87805116352,0.8689076664,0.0,0.0,0.0
2026-09-18,48,0.87805116352,0.89633815776,0.8871946606400001,0.0,0.0,0.0
2026-09-18,49,0.89633815776,0.914625152,0.90548165488,78065011.23279046,0.0,58392288.17936673
2026-09-19,0,0.00027544,0.0185624342399999,0.0094189371199999,6690111979.312733,0.0,575334602.5822476
2026-09-19,1,0.0185624342399999,0.03684942848,0.0277059313599999,922866038.4442108,0.0,1117100799.0642688
2026-09-19,2,0.03684942848,0.05513642272,0.0459929256,593084812.0654749,0.0,486869433.24184537
2026-09-19,3,0.05513642272,0.07342341696,0.06427991984,32760922.65293871,0.0,64661443.05462664
2026-09-19,4,0.07342341696,0.0917104112,0.08256691408,50559605.64336914,0.0,80956597.81714915
2026-09-19,5,0.0917104112,0.10999740544,0.1008539083199999,43367489.78371839,0.0,80705614.96517889
2026-09-19,6,0.10999740544,0.12828439968,0.11914090256,72813913.25054525,0.0,143204574.80714405
2026-09-19,7,0.12828439968,0.14657139392,0.1374278968,0.0,0.0,0.0
2026-09-19,8,0.14657139392,0.1648583881599999,0.1557148910399999,31930716.59518113,0.0,50956064.97726696
2026-09-19,9,0.1648583881599999,0.1831453823999999,0.17400188528,0.0,0.0,0.0
2026-09-19,10,0.1831453823999999,0.20143237664,0.1922888795199999,0.0,0.0,0.0
2026-09-19,11,0.20143237664,0.21971937088,0.2105758737599999,0.0,0.0,0.0
2026-09-19,12,0.21971937088,0.2380063651199999,0.228862868,0.0,0.0,0.0
2026-09-19,13,0.2380063651199999,0.25629335936,0.24714986224,36840327.788863525,0.0,52912580.22729536
2026-09-19,14,0.25629335936,0.2745803536,0.26543685648,0.0,0.0,0.0
2026-09-19,15,0.2745803536,0.29286734784,0.28372385072,0.0,0.0,0.0
2026-09-19,16,0.29286734784,0.31115434208,0.30201084496,0.0,0.0,0.0
2026-09-19,17,0.31115434208,0.32944133632,0.3202978392,75355738.76461248,0.0,78611825.4023797
2026-09-19,18,0.32944133632,0.34772833056,0.33858483344,0.0,0.0,0.0
2026-09-19,19,0.34772833056,0.3660153248,0.35687182768,0.0,0.0,0.0
2026-09-19,20,0.3660153248,0.38430231904,0.37515882192,0.0,0.0,0.0
2026-09-19,21,0.38430231904,0.40258931328,0.39344581616,61290380.681884,0.0,74241128.7636408
2026-09-19,22,0.40258931328,0.42087630752,0.4117328104,0.0,0.0,0.0
2026-09-19,23,0.42087630752,0.43916330176,0.43001980464,0.0,0.0,0.0
2026-09-19,24,0.43916330176,0.457450296,0.44830679888,62835219.460783504,0.0,58195308.53214444
2026-09-19,25,0.457450296,0.47573729024,0.46659379312,52883027.3218507,0.0,67781876.33468819
2026-09-19,26,0.47573729024,0.49402428448,0.48488078736,0.0,0.0,0.0
2026-09-19,27,0.49402428448,0.51231127872,0.5031677816,0.0,0.0,0.0
2026-09-19,28,0.51231127872,0.5305982729600001,0.5214547758400001,0.0,0.0,0.0
2026-09-19,29,0.5305982729600001,0.5488852672,0.53974177008,378154508.02812034,0.0,408469287.900964
2026-09-19,30,0.5488852672,0.56717226144,0.5580287643199999,152869597.1900238,0.0,284863760.00188154
2026-09-19,31,0.56717226144,0.58545925568,0.5763157585600001,741097821.7391593,0.0,1295518854.0735786
2026-09-19,32,0.58545925568,0.60374624992,0.5946027528,334972315.26794904,0.0,504545307.8300775
2026-09-19,33,0.60374624992,0.62203324416,0.6128897470400001,0.0,0.0,0.0
2026-09-19,34,0.62203324416,0.6403202384,0.63117674128,277597397.3926086,0.0,381177822.5185314
2026-09-19,35,0.6403202384,0.65860723264,0.6494637355199999,153691384.70322302,0.0,257512707.1280174
2026-09-19,36,0.65860723264,0.67689422688,0.66775072976,108644405.79781608,0.0,368567041.7907564
2026-09-19,37,0.67689422688,0.69518122112,0.686037724,436998525.3679094,0.0,567198654.6992093
2026-09-19,38,0.69518122112,0.71346821536,0.7043247182400001,65810465.9721715,0.0,62843058.0959397
2026-09-19,39,0.71346821536,0.7317552096,0.72261171248,85517718.77578533,0.0,75111317.2295714
2026-09-19,40,0.7317552096,0.75004220384,0.7408987067199999,0.0,0.0,0.0
2026-09-19,41,0.75004220384,0.76832919808,0.75918570096,0.0,0.0,0.0
2026-09-19,42,0.76832919808,0.78661619232,0.7774726952,64267135.44715314,0.0,157338172.93869796
2026-09-19,43,0.78661619232,0.80490318656,0.7957596894400001,0.0,0.0,0.0
2026-09-19,44,0.80490318656,0.8231901808000001,0.81404668368,0.0,0.0,0.0
2026-09-19,45,0.8231901808000001,0.84147717504,0.83233367792,0.0,0.0,0.0
2026-09-19,46,0.84147717504,0.85976416928,0.85062067216,100303621.88495477,0.0,72748474.00187983
2026-09-19,47,0.85976416928,0.87805116352,0.8689076664,0.0,0.0,0.0
2026-09-19,48,0.87805116352,0.89633815776,0.8871946606400001,0.0,0.0,0.0
2026-09-19,49,0.89633815776,0.914625152,0.90548165488,68596528.00905834,0.0,58379761.39412317
2026-09-20,0,0.00027544,0.0185624342399999,0.0094189371199999,6689916217.157675,0.0,570391908.9876139
2026-09-20,1,0.0185624342399999,0.03684942848,0.0277059313599999,922189853.3308582,0.0,823286587.0048155
2026-09-20,2,0.03684942848,0.05513642272,0.0459929256,592311920.9765974,0.0,388061273.9888938
2026-09-20,3,0.05513642272,0.07342341696,0.06427991984,32651136.568230897,0.0,51889369.769982
2026-09-20,4,0.07342341696,0.0917104112,0.08256691408,50366385.10498798,0.0,60961773.40862432
2026-09-20,5,0.0917104112,0.10999740544,0.1008539083199999,43090733.27073365,0.0,60656667.84169975
2026-09-20,6,0.10999740544,0.12828439968,0.11914090256,72366996.64955696,0.0,103570196.22347142
2026-09-20,7,0.12828439968,0.14657139392,0.1374278968,0.0,0.0,0.0
2026-09-20,8,0.14657139392,0.1648583881599999,0.1557148910399999,31844772.13767724,0.0,42184672.30077521
2026-09-20,9,0.1648583881599999,0.1831453823999999,0.17400188528,0.0,0.0,0.0
2026-09-20,10,0.1831453823999999,0.20143237664,0.1922888795199999,0.0,0.0,0.0
2026-09-20,11,0.20143237664,0.21971937088,0.2105758737599999,0.0,0.0,0.0
2026-09-20,12,0.21971937088,0.2380063651199999,0.228862868,0.0,0.0,0.0
2026-09-20,13,0.2380063651199999,0.25629335936,0.24714986224,36606702.92805609,0.0,39750268.06328481
2026-09-20,14,0.25629335936,0.2745803536,0.26543685648,0.0,0.0,0.0
2026-09-20,15,0.2745803536,0.29286734784,0.28372385072,0.0,0.0,0.0
2026-09-20,16,0.29286734784,0.31115434208,0.30201084496,0.0,0.0,0.0
2026-09-20,17,0.31115434208,0.32944133632,0.3202978392,75042019.73076354,0.0,71505020.3632134
2026-09-20,18,0.32944133632,0.34772833056,0.33858483344,0.0,0.0,0.0
2026-09-20,19,0.34772833056,0.3660153248,0.35687182768,0.0,0.0,0.0
2026-09-20,20,0.3660153248,0.38430231904,0.37515882192,0.0,0.0,0.0
2026-09-20,21,0.38430231904,0.40258931328,0.39344581616,60753851.84722637,0.0,74215519.04928789
2026-09-20,22,0.40258931328,0.42087630752,0.4117328104,0.0,0.0,0.0
2026-09-20,23,0.42087630752,0.43916330176,0.43001980464,0.0,0.0,0.0
2026-09-20,24,0.43916330176,0.457450296,0.44830679888,62700872.75483681,0.0,58180832.73520958
2026-09-20,25,0.457450296,0.47573729024,0.46659379312,52573652.892464064,0.0,67408568.8903829
2026-09-20,26,0.47573729024,0.49402428448,0.48488078736,0.0,0.0,0.0
2026-09-20,27,0.49402428448,0.51231127872,0.5031677816,0.0,0.0,0.0
2026-09-20,28,0.51231127872,0.5305982729600001,0.5214547758400001,0.0,0.0,0.0
2026-09-20,29,0.5305982729600001,0.5488852672,0.53974177008,377638229.6445158,0.0,405744963.6497136
2026-09-20,30,0.5488852672,0.56717226144,0.5580287643199999,151944781.37654743,0.0,284124599.2738388
2026-09-20,31,0.56717226144,0.58545925568,0.5763157585600001,656528232.6505011,0.0,895159869.1630144
2026-09-20,32,0.58545925568,0.60374624992,0.5946027528,333605864.71380544,0.0,499073737.8090567
2026-09-20,33,0.60374624992,0.62203324416,0.6128897470400001,590162687.782982,0.0,1141244792.1343253
2026-09-20,34,0.62203324416,0.6403202384,0.63117674128,274903879.15649605,0.0,376089006.2082728
2026-09-20,35,0.6403202384,0.65860723264,0.6494637355199999,149958146.10670754,0.0,246807049.7350087
2026-09-20,36,0.65860723264,0.67689422688,0.66775072976,92912030.60917576,0.0,334980217.29392403
2026-09-20,37,0.67689422688,0.69518122112,0.686037724,428019862.8255397,0.0,542522818.2290031
2026-09-20,38,0.69518122112,0.71346821536,0.7043247182400001,64647439.16796614,0.0,62647228.61413568
2026-09-20,39,0.71346821536,0.7317552096,0.72261171248,84792783.97847952,0.0,75100705.94583505
2026-09-20,40,0.7317552096,0.75004220384,0.7408987067199999,0.0,0.0,0.0
2026-09-20,41,0.75004220384,0.76832919808,0.75918570096,0.0,0.0,0.0
2026-09-20,42,0.76832919808,0.78661619232,0.7774726952,62918345.10465108,0.0,155782648.16879264
2026-09-20,43,0.78661619232,0.80490318656,0.7957596894400001,0.0,0.0,0.0
2026-09-20,44,0.80490318656,0.8231901808000001,0.81404668368,0.0,0.0,0.0
2026-09-20,45,0.8231901808000001,0.84147717504,0.83233367792,0.0,0.0,0.0
2026-09-20,46,0.84147717504,0.85976416928,0.85062067216,95492639.9874632,0.0,72741980.94953848
2026-09-20,47,0.85976416928,0.87805116352,0.8689076664,0.0,0.0,0.0
2026-09-20,48,0.87805116352,0.89633815776,0.8871946606400001,0.0,0.0,0.0
2026-09-20,49,0.89633815776,0.914625152,0.90548165488,63544150.20270708,0.0,58373853.616087735
2026-09-21,0,0.00027544,0.0185624342399999,0.0094189371199999,6689564866.416133,0.0,570110237.8387388
2026-09-21,1,0.0185624342399999,0.03684942848,0.0277059313599999,921252839.12428,0.0,813778864.506766
2026-09-21,2,0.03684942848,0.05513642272,0.0459929256,591474590.6576544,0.0,381763109.061522
2026-09-21,3,0.05513642272,0.07342341696,0.06427991984,32295753.078484874,0.0,51883159.44984555
2026-09-21,4,0.07342341696,0.0917104112,0.08256691408,49587434.05661082,0.0,60734178.76216182
2026-09-21,5,0.0917104112,0.10999740544,0.1008539083199999,42895846.15433624,0.0,60648035.78210896
2026-09-21,6,0.10999740544,0.12828439968,0.11914090256,71889491.90048936,0.0,103554090.73091929
2026-09-21,7,0.12828439968,0.14657139392,0.1374278968,0.0,0.0,0.0
2026-09-21,8,0.14657139392,0.1648583881599999,0.1557148910399999,31749009.067351017,0.0,42183441.45939397
2026-09-21,9,0.1648583881599999,0.1831453823999999,0.17400188528,0.0,0.0,0.0
2026-09-21,10,0.1831453823999999,0.20143237664,0.1922888795199999,0.0,0.0,0.0
2026-09-21,11,0.20143237664,0.21971937088,0.2105758737599999,0.0,0.0,0.0
2026-09-21,12,0.21971937088,0.2380063651199999,0.228862868,0.0,0.0,0.0
2026-09-21,13,0.2380063651199999,0.25629335936,0.24714986224,36424858.69755728,0.0,39742205.37601303
2026-09-21,14,0.25629335936,0.2745803536,0.26543685648,0.0,0.0,0.0
2026-09-21,15,0.2745803536,0.29286734784,0.28372385072,0.0,0.0,0.0
2026-09-21,16,0.29286734784,0.31115434208,0.30201084496,0.0,0.0,0.0
2026-09-21,17,0.31115434208,0.32944133632,0.3202978392,74812290.36931767,0.0,56202299.64894104
2026-09-21,18,0.32944133632,0.34772833056,0.33858483344,0.0,0.0,0.0
2026-09-21,19,0.34772833056,0.3660153248,0.35687182768,0.0,0.0,0.0
2026-09-21,20,0.3660153248,0.38430231904,0.37515882192,0.0,0.0,0.0
2026-09-21,21,0.38430231904,0.40258931328,0.39344581616,60568777.04330351,0.0,55852610.27507936
2026-09-21,22,0.40258931328,0.42087630752,0.4117328104,0.0,0.0,0.0
2026-09-21,23,0.42087630752,0.43916330176,0.43001980464,0.0,0.0,0.0
2026-09-21,24,0.43916330176,0.457450296,0.44830679888,62582396.25421672,0.0,44495616.63372551
2026-09-21,25,0.457450296,0.47573729024,0.46659379312,52313077.7797577,0.0,55972602.40006085
2026-09-21,26,0.47573729024,0.49402428448,0.48488078736,0.0,0.0,0.0
2026-09-21,27,0.49402428448,0.51231127872,0.5031677816,0.0,0.0,0.0
2026-09-21,28,0.51231127872,0.5305982729600001,0.5214547758400001,0.0,0.0,0.0
2026-09-21,29,0.5305982729600001,0.5488852672,0.53974177008,376481700.6475699,0.0,405687240.19731104
2026-09-21,30,0.5488852672,0.56717226144,0.5580287643199999,149402685.75458604,0.0,282767917.9252042
2026-09-21,31,0.56717226144,0.58545925568,0.5763157585600001,614632507.597478,0.0,854205301.9648285
2026-09-21,32,0.58545925568,0.60374624992,0.5946027528,332265708.6757058,0.0,498394240.42667705
2026-09-21,33,0.60374624992,0.62203324416,0.6128897470400001,732759848.4299989,0.0,1536273439.4425356
2026-09-21,34,0.62203324416,0.6403202384,0.63117674128,273474455.4507083,0.0,373268728.9304431
2026-09-21,35,0.6403202384,0.65860723264,0.6494637355199999,148557979.51788342,0.0,243379701.99313024
2026-09-21,36,0.65860723264,0.67689422688,0.66775072976,76468577.17651573,0.0,304619997.01683056
2026-09-21,37,0.67689422688,0.69518122112,0.686037724,422597995.3610071,0.0,513319885.1356486
2026-09-21,38,0.69518122112,0.71346821536,0.7043247182400001,63082720.35776654,0.0,50344325.16516193
2026-09-21,39,0.71346821536,0.7317552096,0.72261171248,84014238.71647796,0.0,42401343.87740056
2026-09-21,40,0.7317552096,0.75004220384,0.7408987067199999,0.0,0.0,0.0
2026-09-21,41,0.75004220384,0.76832919808,0.75918570096,0.0,0.0,0.0
2026-09-21,42,0.76832919808,0.78661619232,0.7774726952,62029899.33000677,0.0,33780410.24878485
2026-09-21,43,0.78661619232,0.80490318656,0.7957596894400001,0.0,0.0,0.0
2026-09-21,44,0.80490318656,0.8231901808000001,0.81404668368,0.0,0.0,0.0
2026-09-21,45,0.8231901808000001,0.84147717504,0.83233367792,0.0,0.0,0.0
2026-09-21,46,0.84147717504,0.85976416928,0.85062067216,89407940.9502342,0.0,44753030.21203943
2026-09-21,47,0.85976416928,0.87805116352,0.8689076664,0.0,0.0,0.0
2026-09-21,48,0.87805116352,0.89633815776,0.8871946606400001,0.0,0.0,0.0
2026-09-21,49,0.89633815776,0.914625152,0.90548165488,62862246.75336996,0.0,42485225.7202675
2026-09-22,0,0.00027544,0.0185624342399999,0.0094189371199999,6688798764.757785,0.0,566287292.7962238
2026-09-22,1,0.0185624342399999,0.03684942848,0.0277059313599999,920245177.6993318,0.0,804236074.4563078
2026-09-22,2,0.03684942848,0.05513642272,0.0459929256,590986016.3458956,0.0,372662430.1686685
2026-09-22,3,0.05513642272,0.07342341696,0.06427991984,32151610.90838089,0.0,51874842.61954881
2026-09-22,4,0.07342341696,0.0917104112,0.08256691408,49456229.91312692,0.0,60715386.263718575
2026-09-22,5,0.0917104112,0.10999740544,0.1008539083199999,42608258.59032852,0.0,59737459.63943389
2026-09-22,6,0.10999740544,0.12828439968,0.11914090256,71307193.10504296,0.0,103524083.52338348
2026-09-22,7,0.12828439968,0.14657139392,0.1374278968,0.0,0.0,0.0
2026-09-22,8,0.14657139392,0.1648583881599999,0.1557148910399999,31638752.53369467,0.0,42157565.58077355
2026-09-22,9,0.1648583881599999,0.1831453823999999,0.17400188528,0.0,0.0,0.0
2026-09-22,10,0.1831453823999999,0.20143237664,0.1922888795199999,0.0,0.0,0.0
2026-09-22,11,0.20143237664,0.21971937088,0.2105758737599999,0.0,0.0,0.0
2026-09-22,12,0.21971937088,0.2380063651199999,0.228862868,0.0,0.0,0.0
2026-09-22,13,0.2380063651199999,0.25629335936,0.24714986224,36253580.04726045,0.0,39733625.240915775
2026-09-22,14,0.25629335936,0.2745803536,0.26543685648,0.0,0.0,0.0
2026-09-22,15,0.2745803536,0.29286734784,0.28372385072,0.0,0.0,0.0
2026-09-22,16,0.29286734784,0.31115434208,0.30201084496,0.0,0.0,0.0
2026-09-22,17,0.31115434208,0.32944133632,0.3202978392,74550899.72736062,0.0,56202188.77795802
2026-09-22,18,0.32944133632,0.34772833056,0.33858483344,0.0,0.0,0.0
2026-09-22,19,0.34772833056,0.3660153248,0.35687182768,0.0,0.0,0.0
2026-09-22,20,0.3660153248,0.38430231904,0.37515882192,0.0,0.0,0.0
2026-09-22,21,0.38430231904,0.40258931328,0.39344581616,59652120.372234784,0.0,55814997.02260022
2026-09-22,22,0.40258931328,0.42087630752,0.4117328104,0.0,0.0,0.0
2026-09-22,23,0.42087630752,0.43916330176,0.43001980464,0.0,0.0,0.0
2026-09-22,24,0.43916330176,0.457450296,0.44830679888,62303119.15955956,0.0,44480972.78991383
2026-09-22,25,0.457450296,0.47573729024,0.46659379312,51573997.72062624,0.0,55846669.442326985
2026-09-22,26,0.47573729024,0.49402428448,0.48488078736,0.0,0.0,0.0
2026-09-22,27,0.49402428448,0.51231127872,0.5031677816,0.0,0.0,0.0
2026-09-22,28,0.51231127872,0.5305982729600001,0.5214547758400001,0.0,0.0,0.0
2026-09-22,29,0.5305982729600001,0.5488852672,0.53974177008,375515861.6556348,0.0,405648066.9318893
2026-09-22,30,0.5488852672,0.56717226144,0.5580287643199999,147957636.16682965,0.0,266397168.64436105
2026-09-22,31,0.56717226144,0.58545925568,0.5763157585600001,590543017.9623294,0.0,794860951.604023
2026-09-22,32,0.58545925568,0.60374624992,0.5946027528,330465952.30083686,0.0,496294876.3710378
2026-09-22,33,0.60374624992,0.62203324416,0.6128897470400001,511725850.91699976,0.0,1244016806.3898046
2026-09-22,34,0.62203324416,0.6403202384,0.63117674128,271064300.0593376,0.0,367528005.0689498
2026-09-22,35,0.6403202384,0.65860723264,0.6494637355199999,146847743.34445357,0.0,243339409.84323487
2026-09-22,36,0.65860723264,0.67689422688,0.66775072976,72544944.42823973,0.0,291881860.50332505
2026-09-22,37,0.67689422688,0.69518122112,0.686037724,415767629.4464073,0.0,286487164.6629896
2026-09-22,38,0.69518122112,0.71346821536,0.7043247182400001,439291510.601678,0.0,693862471.6615021
2026-09-22,39,0.71346821536,0.7317552096,0.72261171248,79017318.16201884,0.0,42309933.14810828
2026-09-22,40,0.7317552096,0.75004220384,0.7408987067199999,0.0,0.0,0.0
2026-09-22,41,0.75004220384,0.76832919808,0.75918570096,0.0,0.0,0.0
2026-09-22,42,0.76832919808,0.78661619232,0.7774726952,59627233.88414558,0.0,25899088.7928682
2026-09-22,43,0.78661619232,0.80490318656,0.7957596894400001,0.0,0.0,0.0
2026-09-22,44,0.80490318656,0.8231901808000001,0.81404668368,0.0,0.0,0.0
2026-09-22,45,0.8231901808000001,0.84147717504,0.83233367792,0.0,0.0,0.0
2026-09-22,46,0.84147717504,0.85976416928,0.85062067216,86688605.96731551,0.0,44735482.455948286
2026-09-22,47,0.85976416928,0.87805116352,0.8689076664,0.0,0.0,0.0
2026-09-22,48,0.87805116352,0.89633815776,0.8871946606400001,0.0,0.0,0.0
2026-09-22,49,0.89633815776,0.914625152,0.90548165488,62466379.95680072,0.0,42316012.305118605
2026-09-23,0,0.00027544,0.0185624342399999,0.0094189371199999,6687982284.638133,0.0,563592728.2495413
2026-09-23,1,0.0185624342399999,0.03684942848,0.0277059313599999,919063620.2962596,0.0,796383880.4282947
2026-09-23,2,0.03684942848,0.05513642272,0.0459929256,590608490.7739092,0.0,367408525.4634196
2026-09-23,3,0.05513642272,0.07342341696,0.06427991984,32124919.08491423,0.0,51863559.39539769
2026-09-23,4,0.07342341696,0.0917104112,0.08256691408,49409699.26195833,0.0,60621146.65668459
2026-09-23,5,0.0917104112,0.10999740544,0.1008539083199999,42509334.769024886,0.0,59727458.63943389
2026-09-23,6,0.10999740544,0.12828439968,0.11914090256,70739748.7854584,0.0,103517531.81638724
2026-09-23,7,0.12828439968,0.14657139392,0.1374278968,0.0,0.0,0.0
2026-09-23,8,0.14657139392,0.1648583881599999,0.1557148910399999,31612101.513917737,0.0,42154055.42756863
2026-09-23,9,0.1648583881599999,0.1831453823999999,0.17400188528,0.0,0.0,0.0
2026-09-23,10,0.1831453823999999,0.20143237664,0.1922888795199999,0.0,0.0,0.0
2026-09-23,11,0.20143237664,0.21971937088,0.2105758737599999,0.0,0.0,0.0
2026-09-23,12,0.21971937088,0.2380063651199999,0.228862868,0.0,0.0,0.0
2026-09-23,13,0.2380063651199999,0.25629335936,0.24714986224,35992051.53801921,0.0,39703362.17261614
2026-09-23,14,0.25629335936,0.2745803536,0.26543685648,0.0,0.0,0.0
2026-09-23,15,0.2745803536,0.29286734784,0.28372385072,0.0,0.0,0.0
2026-09-23,16,0.29286734784,0.31115434208,0.30201084496,0.0,0.0,0.0
2026-09-23,17,0.31115434208,0.32944133632,0.3202978392,74444043.7687252,0.0,56200968.89966964
2026-09-23,18,0.32944133632,0.34772833056,0.33858483344,0.0,0.0,0.0
2026-09-23,19,0.34772833056,0.3660153248,0.35687182768,0.0,0.0,0.0
2026-09-23,20,0.3660153248,0.38430231904,0.37515882192,0.0,0.0,0.0
2026-09-23,21,0.38430231904,0.40258931328,0.39344581616,59263604.7183125,0.0,55774698.95430122
2026-09-23,22,0.40258931328,0.42087630752,0.4117328104,0.0,0.0,0.0
2026-09-23,23,0.42087630752,0.43916330176,0.43001980464,0.0,0.0,0.0
2026-09-23,24,0.43916330176,0.457450296,0.44830679888,61417810.47150385,0.0,44474986.10124419
2026-09-23,25,0.457450296,0.47573729024,0.46659379312,50926393.050712585,0.0,55804518.58981294
2026-09-23,26,0.47573729024,0.49402428448,0.48488078736,0.0,0.0,0.0
2026-09-23,27,0.49402428448,0.51231127872,0.5031677816,0.0,0.0,0.0
2026-09-23,28,0.51231127872,0.5305982729600001,0.5214547758400001,0.0,0.0,0.0
2026-09-23,29,0.5305982729600001,0.5488852672,0.53974177008,374805499.6074552,0.0,404977646.64383584
2026-09-23,30,0.5488852672,0.56717226144,0.5580287643199999,144800096.97178254,0.0,96411837.33558458
2026-09-23,31,0.56717226144,0.58545925568,0.5763157585600001,579636348.0793058,0.0,777571630.5583158
2026-09-23,32,0.58545925568,0.60374624992,0.5946027528,328958386.94717014,0.0,493522488.8267792
2026-09-23,33,0.60374624992,0.62203324416,0.6128897470400001,483438209.0136581,0.0,982728284.705148
2026-09-23,34,0.62203324416,0.6403202384,0.63117674128,609764714.0468686,0.0,875273095.2043558
2026-09-23,35,0.6403202384,0.65860723264,0.6494637355199999,145514122.12495306,0.0,243324210.66672263
2026-09-23,36,0.65860723264,0.67689422688,0.66775072976,70560302.7702887,0.0,286861250.7702553
2026-09-23,37,0.67689422688,0.69518122112,0.686037724,405424362.755268,0.0,284213160.1249704
2026-09-23,38,0.69518122112,0.71346821536,0.7043247182400001,343407826.2515658,0.0,678626589.7516845
2026-09-23,39,0.71346821536,0.7317552096,0.72261171248,78109686.81544283,0.0,42246206.392464645
2026-09-23,40,0.7317552096,0.75004220384,0.7408987067199999,0.0,0.0,0.0
2026-09-23,41,0.75004220384,0.76832919808,0.75918570096,0.0,0.0,0.0
2026-09-23,42,0.76832919808,0.78661619232,0.7774726952,55027846.1057464,0.0,25807498.077534243
2026-09-23,43,0.78661619232,0.80490318656,0.7957596894400001,0.0,0.0,0.0
2026-09-23,44,0.80490318656,0.8231901808000001,0.81404668368,0.0,0.0,0.0
2026-09-23,45,0.8231901808000001,0.84147717504,0.83233367792,0.0,0.0,0.0
2026-09-23,46,0.84147717504,0.85976416928,0.85062067216,85200764.64799486,0.0,44715325.143664256
2026-09-23,47,0.85976416928,0.87805116352,0.8689076664,0.0,0.0,0.0
2026-09-23,48,0.87805116352,0.89633815776,0.8871946606400001,0.0,0.0,0.0
2026-09-23,49,0.89633815776,0.914625152,0.90548165488,61321293.93096384,0.0,41911883.49939962
2026-09-24,0,0.00027544,0.0185624342399999,0.0094189371199999,6687534184.076839,0.0,560402840.1630318
2026-09-24,1,0.0185624342399999,0.03684942848,0.0277059313599999,917679725.6271634,0.0,791053433.5586565
2026-09-24,2,0.03684942848,0.05513642272,0.0459929256,589699424.8596066,0.0,360132265.1943183
2026-09-24,3,0.05513642272,0.07342341696,0.06427991984,31498987.884497046,0.0,51853001.24560837
2026-09-24,4,0.07342341696,0.0917104112,0.08256691408,49239908.17830687,0.0,60599843.77372302
2026-09-24,5,0.0917104112,0.10999740544,0.1008539083199999,42334042.77298999,0.0,59713043.82953097
2026-09-24,6,0.10999740544,0.12828439968,0.11914090256,69594761.7016325,0.0,103505862.88923676
2026-09-24,7,0.12828439968,0.14657139392,0.1374278968,0.0,0.0,0.0
2026-09-24,8,0.14657139392,0.1648583881599999,0.1557148910399999,31589782.364683323,0.0,42144608.20568129
2026-09-24,9,0.1648583881599999,0.1831453823999999,0.17400188528,0.0,0.0,0.0
2026-09-24,10,0.1831453823999999,0.20143237664,0.1922888795199999,0.0,0.0,0.0
2026-09-24,11,0.20143237664,0.21971937088,0.2105758737599999,0.0,0.0,0.0
2026-09-24,12,0.21971937088,0.2380063651199999,0.228862868,0.0,0.0,0.0
2026-09-24,13,0.2380063651199999,0.25629335936,0.24714986224,35443752.83968699,0.0,39689207.876975566
2026-09-24,14,0.25629335936,0.2745803536,0.26543685648,0.0,0.0,0.0
2026-09-24,15,0.2745803536,0.29286734784,0.28372385072,0.0,0.0,0.0
2026-09-24,16,0.29286734784,0.31115434208,0.30201084496,0.0,0.0,0.0
2026-09-24,17,0.31115434208,0.32944133632,0.3202978392,73427541.449151,0.0,56200968.89966964
2026-09-24,18,0.32944133632,0.34772833056,0.33858483344,0.0,0.0,0.0
2026-09-24,19,0.34772833056,0.3660153248,0.35687182768,0.0,0.0,0.0
2026-09-24,20,0.3660153248,0.38430231904,0.37515882192,0.0,0.0,0.0
2026-09-24,21,0.38430231904,0.40258931328,0.39344581616,58677968.66861462,0.0,55709331.90010452
2026-09-24,22,0.40258931328,0.42087630752,0.4117328104,0.0,0.0,0.0
2026-09-24,23,0.42087630752,0.43916330176,0.43001980464,0.0,0.0,0.0
2026-09-24,24,0.43916330176,0.457450296,0.44830679888,61031310.22609006,0.0,44469233.1655306
2026-09-24,25,0.457450296,0.47573729024,0.46659379312,50673092.808290616,0.0,55804397.480304085
2026-09-24,26,0.47573729024,0.49402428448,0.48488078736,0.0,0.0,0.0
2026-09-24,27,0.49402428448,0.51231127872,0.5031677816,0.0,0.0,0.0
2026-09-24,28,0.51231127872,0.5305982729600001,0.5214547758400001,0.0,0.0,0.0
2026-09-24,29,0.5305982729600001,0.5488852672,0.53974177008,374540916.7281512,0.0,404269132.9977325
2026-09-24,30,0.5488852672,0.56717226144,0.5580287643199999,144328867.94447958,0.0,44385321.66977051
2026-09-24,31,0.56717226144,0.58545925568,0.5763157585600001,576508701.2755345,0.0,769953285.4143043
2026-09-24,32,0.58545925568,0.60374624992,0.5946027528,322605704.1347526,0.0,219418054.0115064
2026-09-24,33,0.60374624992,0.62203324416,0.6128897470400001,902069908.9230484,0.0,1671279605.1177073
2026-09-24,34,0.62203324416,0.6403202384,0.63117674128,419386846.873286,0.0,827087202.1895459
2026-09-24,35,0.6403202384,0.65860723264,0.6494637355199999,144715646.8341485,0.0,243321205.07324275
2026-09-24,36,0.65860723264,0.67689422688,0.66775072976,68281571.26115865,0.0,286819880.30922407
2026-09-24,37,0.67689422688,0.69518122112,0.686037724,403690785.8667005,0.0,281340125.90528214
2026-09-24,38,0.69518122112,0.71346821536,0.7043247182400001,325696818.0933891,0.0,398774710.5843507
2026-09-24,39,0.71346821536,0.7317552096,0.72261171248,77674764.56183724,0.0,42238649.019405216
2026-09-24,40,0.7317552096,0.75004220384,0.7408987067199999,0.0,0.0,0.0
2026-09-24,41,0.75004220384,0.76832919808,0.75918570096,0.0,0.0,0.0
2026-09-24,42,0.76832919808,0.78661619232,0.7774726952,54878107.95896378,0.0,25794556.44837193
2026-09-24,43,0.78661619232,0.80490318656,0.7957596894400001,0.0,0.0,0.0
2026-09-24,44,0.80490318656,0.8231901808000001,0.81404668368,0.0,0.0,0.0
2026-09-24,45,0.8231901808000001,0.84147717504,0.83233367792,0.0,0.0,0.0
2026-09-24,46,0.84147717504,0.85976416928,0.85062067216,84977986.19681339,0.0,44713945.031311646
2026-09-24,47,0.85976416928,0.87805116352,0.8689076664,0.0,0.0,0.0
2026-09-24,48,0.87805116352,0.89633815776,0.8871946606400001,0.0,0.0,0.0
2026-09-24,49,0.89633815776,0.914625152,0.90548165488,60788846.126691096,0.0,41670214.85661258
2026-09-25,0,0.00027544,0.0185624342399999,0.0094189371199999,6687348688.774134,0.0,556969990.6315535
2026-09-25,1,0.0185624342399999,0.03684942848,0.0277059313599999,916934240.7472785,0.0,785273720.973063
2026-09-25,2,0.03684942848,0.05513642272,0.0459929256,589461599.964044,0.0,356423397.21364355
2026-09-25,3,0.05513642272,0.07342341696,0.06427991984,31469902.21581037,0.0,51694640.01028707
2026-09-25,4,0.07342341696,0.0917104112,0.08256691408,49177799.55823124,0.0,60592467.24740891
2026-09-25,5,0.0917104112,0.10999740544,0.1008539083199999,42257571.01145688,0.0,59713015.14717342
2026-09-25,6,0.10999740544,0.12828439968,0.11914090256,68985772.83741206,0.0,103453681.76094908
2026-09-25,7,0.12828439968,0.14657139392,0.1374278968,0.0,0.0,0.0
2026-09-25,8,0.14657139392,0.1648583881599999,0.1557148910399999,31526554.46087072,0.0,42127927.19568128
2026-09-25,9,0.1648583881599999,0.1831453823999999,0.17400188528,0.0,0.0,0.0
2026-09-25,10,0.1831453823999999,0.20143237664,0.1922888795199999,0.0,0.0,0.0
2026-09-25,11,0.20143237664,0.21971937088,0.2105758737599999,0.0,0.0,0.0
2026-09-25,12,0.21971937088,0.2380063651199999,0.228862868,0.0,0.0,0.0
2026-09-25,13,0.2380063651199999,0.25629335936,0.24714986224,35112177.710071154,0.0,39657982.40784675
2026-09-25,14,0.25629335936,0.2745803536,0.26543685648,0.0,0.0,0.0
2026-09-25,15,0.2745803536,0.29286734784,0.28372385072,0.0,0.0,0.0
2026-09-25,16,0.29286734784,0.31115434208,0.30201084496,0.0,0.0,0.0
2026-09-25,17,0.31115434208,0.32944133632,0.3202978392,73298167.42698728,0.0,56186884.11390139
2026-09-25,18,0.32944133632,0.34772833056,0.33858483344,0.0,0.0,0.0
2026-09-25,19,0.34772833056,0.3660153248,0.35687182768,0.0,0.0,0.0
2026-09-25,20,0.3660153248,0.38430231904,0.37515882192,0.0,0.0,0.0
2026-09-25,21,0.38430231904,0.40258931328,0.39344581616,57731374.95891152,0.0,55654230.25827286
2026-09-25,22,0.40258931328,0.42087630752,0.4117328104,0.0,0.0,0.0
2026-09-25,23,0.42087630752,0.43916330176,0.43001980464,0.0,0.0,0.0
2026-09-25,24,0.43916330176,0.457450296,0.44830679888,60920929.04440501,0.0,44451864.86848422
2026-09-25,25,0.457450296,0.47573729024,0.46659379312,50406011.65645537,0.0,55804200.96588475
2026-09-25,26,0.47573729024,0.49402428448,0.48488078736,0.0,0.0,0.0
2026-09-25,27,0.49402428448,0.51231127872,0.5031677816,0.0,0.0,0.0
2026-09-25,28,0.51231127872,0.5305982729600001,0.5214547758400001,0.0,0.0,0.0
2026-09-25,29,0.5305982729600001,0.5488852672,0.53974177008,370704443.1353268,0.0,403601803.3273636
2026-09-25,30,0.5488852672,0.56717226144,0.5580287643199999,143850676.26837555,0.0,41658238.75054335
2026-09-25,31,0.56717226144,0.58545925568,0.5763157585600001,573894854.9342302,0.0,766418403.6590801
2026-09-25,32,0.58545925568,0.60374624992,0.5946027528,319705430.5478721,0.0,58590508.58523386
2026-09-25,33,0.60374624992,0.62203324416,0.6128897470400001,729607548.4980242,0.0,1634460985.6612265
2026-09-25,34,0.62203324416,0.6403202384,0.63117674128,355807904.96781933,0.0,635058165.4271293
2026-09-25,35,0.6403202384,0.65860723264,0.6494637355199999,144162468.47969764,0.0,242899049.7172441
2026-09-25,36,0.65860723264,0.67689422688,0.66775072976,339206416.1166474,0.0,724400342.2667383
2026-09-25,37,0.67689422688,0.69518122112,0.686037724,401638307.2149391,0.0,279405275.6849317
2026-09-25,38,0.69518122112,0.71346821536,0.7043247182400001,315954040.9660527,0.0,376730907.1249427
2026-09-25,39,0.71346821536,0.7317552096,0.72261171248,77547834.02055074,0.0,42238154.36145318
2026-09-25,40,0.7317552096,0.75004220384,0.7408987067199999,0.0,0.0,0.0
2026-09-25,41,0.75004220384,0.76832919808,0.75918570096,0.0,0.0,0.0
2026-09-25,42,0.76832919808,0.78661619232,0.7774726952,54752812.062993646,0.0,25789004.952378128
2026-09-25,43,0.78661619232,0.80490318656,0.7957596894400001,0.0,0.0,0.0
2026-09-25,44,0.80490318656,0.8231901808000001,0.81404668368,0.0,0.0,0.0
2026-09-25,45,0.8231901808000001,0.84147717504,0.83233367792,0.0,0.0,0.0
2026-09-25,46,0.84147717504,0.85976416928,0.85062067216,84699529.86154644,0.0,44689463.39149773
2026-09-25,47,0.85976416928,0.87805116352,0.8689076664,0.0,0.0,0.0
2026-09-25,48,0.87805116352,0.89633815776,0.8871946606400001,0.0,0.0,0.0
2026-09-25,49,0.89633815776,0.914625152,0.90548165488,60484167.098865606,0.0,41084602.61495727
2026-09-26,0,0.00027544,0.0185624342399999,0.0094189371199999,6687058664.337104,0.0,555332985.3451608
2026-09-26,1,0.0185624342399999,0.03684942848,0.0277059313599999,916147350.3612206,0.0,781755342.2824488
2026-09-26,2,0.03684942848,0.05513642272,0.0459929256,588575616.2394302,0.0,352313913.7943396
2026-09-26,3,0.05513642272,0.07342341696,0.06427991984,31463656.86799737,0.0,51508409.09876167
2026-09-26,4,0.07342341696,0.0917104112,0.08256691408,49078709.20983701,0.0,60485300.641372405
2026-09-26,5,0.0917104112,0.10999740544,0.1008539083199999,42228431.26548389,0.0,59713015.14717344
2026-09-26,6,0.10999740544,0.12828439968,0.11914090256,68952231.64688042,0.0,103453651.3016499
2026-09-26,7,0.12828439968,0.14657139392,0.1374278968,0.0,0.0,0.0
2026-09-26,8,0.14657139392,0.1648583881599999,0.1557148910399999,31407030.25580696,0.0,42127878.1956813
2026-09-26,9,0.1648583881599999,0.1831453823999999,0.17400188528,0.0,0.0,0.0
2026-09-26,10,0.1831453823999999,0.20143237664,0.1922888795199999,0.0,0.0,0.0
2026-09-26,11,0.20143237664,0.21971937088,0.2105758737599999,0.0,0.0,0.0
2026-09-26,12,0.21971937088,0.2380063651199999,0.228862868,0.0,0.0,0.0
2026-09-26,13,0.2380063651199999,0.25629335936,0.24714986224,34915686.739589214,0.0,39649429.10541994
2026-09-26,14,0.25629335936,0.2745803536,0.26543685648,0.0,0.0,0.0
2026-09-26,15,0.2745803536,0.29286734784,0.28372385072,0.0,0.0,0.0
2026-09-26,16,0.29286734784,0.31115434208,0.30201084496,0.0,0.0,0.0
2026-09-26,17,0.31115434208,0.32944133632,0.3202978392,73246965.81511682,0.0,56182875.76141764
2026-09-26,18,0.32944133632,0.34772833056,0.33858483344,0.0,0.0,0.0
2026-09-26,19,0.34772833056,0.3660153248,0.35687182768,0.0,0.0,0.0
2026-09-26,20,0.3660153248,0.38430231904,0.37515882192,0.0,0.0,0.0
2026-09-26,21,0.38430231904,0.40258931328,0.39344581616,57539526.833643004,0.0,55603738.13228361
2026-09-26,22,0.40258931328,0.42087630752,0.4117328104,0.0,0.0,0.0
2026-09-26,23,0.42087630752,0.43916330176,0.43001980464,0.0,0.0,0.0
2026-09-26,24,0.43916330176,0.457450296,0.44830679888,60464504.16849776,0.0,44435813.65983652
2026-09-26,25,0.457450296,0.47573729024,0.46659379312,50284405.841915615,0.0,55797548.41667103
2026-09-26,26,0.47573729024,0.49402428448,0.48488078736,0.0,0.0,0.0
2026-09-26,27,0.49402428448,0.51231127872,0.5031677816,0.0,0.0,0.0
2026-09-26,28,0.51231127872,0.5305982729600001,0.5214547758400001,0.0,0.0,0.0
2026-09-26,29,0.5305982729600001,0.5488852672,0.53974177008,370182777.1762649,0.0,181165618.52575043
2026-09-26,30,0.5488852672,0.56717226144,0.5580287643199999,143399736.2990014,0.0,41585810.19184651
2026-09-26,31,0.56717226144,0.58545925568,0.5763157585600001,570416875.1949635,0.0,762848651.0238448
2026-09-26,32,0.58545925568,0.60374624992,0.5946027528,319128577.6938784,0.0,54898189.07089167
2026-09-26,33,0.60374624992,0.62203324416,0.6128897470400001,518089767.9421459,0.0,1382102320.979637
2026-09-26,34,0.62203324416,0.6403202384,0.63117674128,648549406.9585463,0.0,1162481475.5460584
2026-09-26,35,0.6403202384,0.65860723264,0.6494637355199999,141306181.6698957,0.0,242672146.2585676
2026-09-26,36,0.65860723264,0.67689422688,0.66775072976,282985338.22516567,0.0,711182929.0454032
2026-09-26,37,0.67689422688,0.69518122112,0.686037724,400422449.0576523,0.0,277790883.8907607
2026-09-26,38,0.69518122112,0.71346821536,0.7043247182400001,306348194.17574763,0.0,360391295.64165306
2026-09-26,39,0.71346821536,0.7317552096,0.72261171248,77198031.06189622,0.0,42220216.01090679
2026-09-26,40,0.7317552096,0.75004220384,0.7408987067199999,0.0,0.0,0.0
2026-09-26,41,0.75004220384,0.76832919808,0.75918570096,0.0,0.0,0.0
2026-09-26,42,0.76832919808,0.78661619232,0.7774726952,54426639.47117998,0.0,25774063.36056212
2026-09-26,43,0.78661619232,0.80490318656,0.7957596894400001,0.0,0.0,0.0
2026-09-26,44,0.80490318656,0.8231901808000001,0.81404668368,0.0,0.0,0.0
2026-09-26,45,0.8231901808000001,0.84147717504,0.83233367792,0.0,0.0,0.0
2026-09-26,46,0.84147717504,0.85976416928,0.85062067216,84581891.70322628,0.0,44468662.570734136
2026-09-26,47,0.85976416928,0.87805116352,0.8689076664,0.0,0.0,0.0
2026-09-26,48,0.87805116352,0.89633815776,0.8871946606400001,0.0,0.0,0.0
2026-09-26,49,0.89633815776,0.914625152,0.90548165488,60303692.85195197,0.0,41073516.37618996
2026-09-27,0,0.00027544,0.0185624342399999,0.0094189371199999,6686799952.066982,0.0,553280803.5585645
2026-09-27,1,0.0185624342399999,0.03684942848,0.0277059313599999,915292330.2077116,0.0,777741830.1245811
2026-09-27,2,0.03684942848,0.05513642272,0.0459929256,587809321.7537214,0.0,346081805.1150781
2026-09-27,3,0.05513642272,0.07342341696,0.06427991984,31461468.4929896,0.0,51455801.65683222
2026-09-27,4,0.07342341696,0.0917104112,0.08256691408,48780350.94413609,0.0,60454506.7800409
2026-09-27,5,0.0917104112,0.10999740544,0.1008539083199999,42054201.20586618,0.0,59571919.92557043
2026-09-27,6,0.10999740544,0.12828439968,0.11914090256,68709897.6490061,0.0,103381035.09109949
2026-09-27,7,0.12828439968,0.14657139392,0.1374278968,0.0,0.0,0.0
2026-09-27,8,0.14657139392,0.1648583881599999,0.1557148910399999,31346073.36867536,0.0,42127164.33620053
2026-09-27,9,0.1648583881599999,0.1831453823999999,0.17400188528,0.0,0.0,0.0
2026-09-27,10,0.1831453823999999,0.20143237664,0.1922888795199999,0.0,0.0,0.0
2026-09-27,11,0.20143237664,0.21971937088,0.2105758737599999,0.0,0.0,0.0
2026-09-27,12,0.21971937088,0.2380063651199999,0.228862868,0.0,0.0,0.0
2026-09-27,13,0.2380063651199999,0.25629335936,0.24714986224,34715260.993885435,0.0,39608054.33217128
2026-09-27,14,0.25629335936,0.2745803536,0.26543685648,0.0,0.0,0.0
2026-09-27,15,0.2745803536,0.29286734784,0.28372385072,0.0,0.0,0.0
2026-09-27,16,0.29286734784,0.31115434208,0.30201084496,0.0,0.0,0.0
2026-09-27,17,0.31115434208,0.32944133632,0.3202978392,73158758.69834444,0.0,56181990.788386814
2026-09-27,18,0.32944133632,0.34772833056,0.33858483344,0.0,0.0,0.0
2026-09-27,19,0.34772833056,0.3660153248,0.35687182768,0.0,0.0,0.0
2026-09-27,20,0.3660153248,0.38430231904,0.37515882192,0.0,0.0,0.0
2026-09-27,21,0.38430231904,0.40258931328,0.39344581616,57488194.341948345,0.0,55596538.46222873
2026-09-27,22,0.40258931328,0.42087630752,0.4117328104,0.0,0.0,0.0
2026-09-27,23,0.42087630752,0.43916330176,0.43001980464,0.0,0.0,0.0
2026-09-27,24,0.43916330176,0.457450296,0.44830679888,60161808.145944566,0.0,44416420.293464
2026-09-27,25,0.457450296,0.47573729024,0.46659379312,49992763.27635396,0.0,55737591.9364248
2026-09-27,26,0.47573729024,0.49402428448,0.48488078736,0.0,0.0,0.0
2026-09-27,27,0.49402428448,0.51231127872,0.5031677816,0.0,0.0,0.0
2026-09-27,28,0.51231127872,0.5305982729600001,0.5214547758400001,0.0,0.0,0.0
2026-09-27,29,0.5305982729600001,0.5488852672,0.53974177008,369774222.06014353,0.0,24699407.18639531
2026-09-27,30,0.5488852672,0.56717226144,0.5580287643199999,142867896.05831316,0.0,41581254.48586747
2026-09-27,31,0.56717226144,0.58545925568,0.5763157585600001,881246680.3213059,0.0,1352298907.145745
2026-09-27,32,0.58545925568,0.60374624992,0.5946027528,318384482.2723815,0.0,51604818.57391312
2026-09-27,33,0.60374624992,0.62203324416,0.6128897470400001,507285348.3810805,0.0,1280191108.9650722
2026-09-27,34,0.62203324416,0.6403202384,0.63117674128,460017847.54347205,0.0,1141927506.3804154
2026-09-27,35,0.6403202384,0.65860723264,0.6494637355199999,138200277.8833909,0.0,144045945.14926106
2026-09-27,36,0.65860723264,0.67689422688,0.66775072976,188201142.71684548,0.0,528245027.8138231
2026-09-27,37,0.67689422688,0.69518122112,0.686037724,398732160.9734434,0.0,275507330.0521634
2026-09-27,38,0.69518122112,0.71346821536,0.7043247182400001,301337610.8308358,0.0,354218361.64183104
2026-09-27,39,0.71346821536,0.7317552096,0.72261171248,77056479.90436648,0.0,42195412.64248564
2026-09-27,40,0.7317552096,0.75004220384,0.7408987067199999,0.0,0.0,0.0
2026-09-27,41,0.75004220384,0.76832919808,0.75918570096,0.0,0.0,0.0
2026-09-27,42,0.76832919808,0.78661619232,0.7774726952,54223834.18274669,0.0,25772352.61081205
2026-09-27,43,0.78661619232,0.80490318656,0.7957596894400001,0.0,0.0,0.0
2026-09-27,44,0.80490318656,0.8231901808000001,0.81404668368,0.0,0.0,0.0
2026-09-27,45,0.8231901808000001,0.84147717504,0.83233367792,0.0,0.0,0.0
2026-09-27,46,0.84147717504,0.85976416928,0.85062067216,84449914.11807567,0.0,44327309.15104445
2026-09-27,47,0.85976416928,0.87805116352,0.8689076664,0.0,0.0,0.0
2026-09-27,48,0.87805116352,0.89633815776,0.8871946606400001,0.0,0.0,0.0
2026-09-27,49,0.89633815776,0.914625152,0.90548165488,60149966.80981353,0.0,41072900.65854163
2026-09-28,0,0.00027544,0.0185624342399999,0.0094189371199999,6686460124.624772,0.0,550915411.1641874
2026-09-28,1,0.0185624342399999,0.03684942848,0.0277059313599999,910409474.73983,0.0,772527144.2225723
2026-09-28,2,0.03684942848,0.05513642272,0.0459929256,586850590.5501505,0.0,338267609.4914119
2026-09-28,3,0.05513642272,0.07342341696,0.06427991984,31217673.559378024,0.0,49530409.547122285
2026-09-28,4,0.07342341696,0.0917104112,0.08256691408,48372482.20440486,0.0,58896087.05921376
2026-09-28,5,0.0917104112,0.10999740544,0.1008539083199999,41965576.30635833,0.0,59571610.37230728
2026-09-28,6,0.10999740544,0.12828439968,0.11914090256,68362249.7070891,0.0,103352587.67869914
2026-09-28,7,0.12828439968,0.14657139392,0.1374278968,0.0,0.0,0.0
2026-09-28,8,0.14657139392,0.1648583881599999,0.1557148910399999,31273677.432432085,0.0,42114583.78111772
2026-09-28,9,0.1648583881599999,0.1831453823999999,0.17400188528,0.0,0.0,0.0
2026-09-28,10,0.1831453823999999,0.20143237664,0.1922888795199999,0.0,0.0,0.0
2026-09-28,11,0.20143237664,0.21971937088,0.2105758737599999,0.0,0.0,0.0
2026-09-28,12,0.21971937088,0.2380063651199999,0.228862868,0.0,0.0,0.0
2026-09-28,13,0.2380063651199999,0.25629335936,0.24714986224,34332942.0664358,0.0,39463614.99752508
2026-09-28,14,0.25629335936,0.2745803536,0.26543685648,0.0,0.0,0.0
2026-09-28,15,0.2745803536,0.29286734784,0.28372385072,0.0,0.0,0.0
2026-09-28,16,0.29286734784,0.31115434208,0.30201084496,0.0,0.0,0.0
2026-09-28,17,0.31115434208,0.32944133632,0.3202978392,72925496.88808458,0.0,56103854.88978767
2026-09-28,18,0.32944133632,0.34772833056,0.33858483344,0.0,0.0,0.0
2026-09-28,19,0.34772833056,0.3660153248,0.35687182768,0.0,0.0,0.0
2026-09-28,20,0.3660153248,0.38430231904,0.37515882192,0.0,0.0,0.0
2026-09-28,21,0.38430231904,0.40258931328,0.39344581616,57339779.480400346,0.0,55526440.55091769
2026-09-28,22,0.40258931328,0.42087630752,0.4117328104,0.0,0.0,0.0
2026-09-28,23,0.42087630752,0.43916330176,0.43001980464,0.0,0.0,0.0
2026-09-28,24,0.43916330176,0.457450296,0.44830679888,59777517.52182069,0.0,44383547.27656661
2026-09-28,25,0.457450296,0.47573729024,0.46659379312,49352159.86234765,0.0,55724222.64092317
2026-09-28,26,0.47573729024,0.49402428448,0.48488078736,0.0,0.0,0.0
2026-09-28,27,0.49402428448,0.51231127872,0.5031677816,0.0,0.0,0.0
2026-09-28,28,0.51231127872,0.5305982729600001,0.5214547758400001,0.0,0.0,0.0
2026-09-28,29,0.5305982729600001,0.5488852672,0.53974177008,842401945.7958068,0.0,865037103.2163286
2026-09-28,30,0.5488852672,0.56717226144,0.5580287643199999,138574633.03049475,0.0,41556824.09569955
2026-09-28,31,0.56717226144,0.58545925568,0.5763157585600001,613162838.9362077,0.0,1228962633.0966048
2026-09-28,32,0.58545925568,0.60374624992,0.5946027528,315579806.3829904,0.0,47731489.62974028
2026-09-28,33,0.60374624992,0.62203324416,0.6128897470400001,488968111.9792184,0.0,1266869629.3132672
2026-09-28,34,0.62203324416,0.6403202384,0.63117674128,389349770.7109152,0.0,602941123.1636679
2026-09-28,35,0.6403202384,0.65860723264,0.6494637355199999,135146651.3912742,0.0,43871480.90915501
2026-09-28,36,0.65860723264,0.67689422688,0.66775072976,171221243.05501154,0.0,501234727.0946078
2026-09-28,37,0.67689422688,0.69518122112,0.686037724,392015075.556725,0.0,271965750.6661439
2026-09-28,38,0.69518122112,0.71346821536,0.7043247182400001,294886477.35904974,0.0,350515191.24232894
2026-09-28,39,0.71346821536,0.7317552096,0.72261171248,76907822.50046061,0.0,42185186.78014715
2026-09-28,40,0.7317552096,0.75004220384,0.7408987067199999,0.0,0.0,0.0
2026-09-28,41,0.75004220384,0.76832919808,0.75918570096,0.0,0.0,0.0
2026-09-28,42,0.76832919808,0.78661619232,0.7774726952,53991307.35557061,0.0,25748488.643660817
2026-09-28,43,0.78661619232,0.80490318656,0.7957596894400001,0.0,0.0,0.0
2026-09-28,44,0.80490318656,0.8231901808000001,0.81404668368,0.0,0.0,0.0
2026-09-28,45,0.8231901808000001,0.84147717504,0.83233367792,0.0,0.0,0.0
2026-09-28,46,0.84147717504,0.85976416928,0.85062067216,84255671.10516809,0.0,44137408.31324997
2026-09-28,47,0.85976416928,0.87805116352,0.8689076664,0.0,0.0,0.0
2026-09-28,48,0.87805116352,0.89633815776,0.8871946606400001,0.0,0.0,0.0
2026-09-28,49,0.89633815776,0.914625152,0.90548165488,59548494.86213048,0.0,41064142.54316216
2026-09-29,0,0.00027544,0.0185624342399999,0.0094189371199999,6685922533.141042,0.0,549862388.9237776
2026-09-29,1,0.0185624342399999,0.03684942848,0.0277059313599999,909658276.7511812,0.0,767947523.4622085
2026-09-29,2,0.03684942848,0.05513642272,0.0459929256,586603214.3602333,0.0,331724534.4429377
2026-09-29,3,0.05513642272,0.07342341696,0.06427991984,31205840.944861174,0.0,49253754.77937861
2026-09-29,4,0.07342341696,0.0917104112,0.08256691408,48001349.76059794,0.0,58669429.8273795
2026-09-29,5,0.0917104112,0.10999740544,0.1008539083199999,41651965.16894738,0.0,58534628.085878745
2026-09-29,6,0.10999740544,0.12828439968,0.11914090256,67063137.86310303,0.0,102228398.3273228
2026-09-29,7,0.12828439968,0.14657139392,0.1374278968,0.0,0.0,0.0
2026-09-29,8,0.14657139392,0.1648583881599999,0.1557148910399999,31171870.80547584,0.0,41863005.44341599
2026-09-29,9,0.1648583881599999,0.1831453823999999,0.17400188528,0.0,0.0,0.0
2026-09-29,10,0.1831453823999999,0.20143237664,0.1922888795199999,0.0,0.0,0.0
2026-09-29,11,0.20143237664,0.21971937088,0.2105758737599999,0.0,0.0,0.0
2026-09-29,12,0.21971937088,0.2380063651199999,0.228862868,0.0,0.0,0.0
2026-09-29,13,0.2380063651199999,0.25629335936,0.24714986224,34101726.2935281,0.0,39453824.31823165
2026-09-29,14,0.25629335936,0.2745803536,0.26543685648,0.0,0.0,0.0
2026-09-29,15,0.2745803536,0.29286734784,0.28372385072,0.0,0.0,0.0
2026-09-29,16,0.29286734784,0.31115434208,0.30201084496,0.0,0.0,0.0
2026-09-29,17,0.31115434208,0.32944133632,0.3202978392,72625198.39060594,0.0,56016432.29481477
2026-09-29,18,0.32944133632,0.34772833056,0.33858483344,0.0,0.0,0.0
2026-09-29,19,0.34772833056,0.3660153248,0.35687182768,0.0,0.0,0.0
2026-09-29,20,0.3660153248,0.38430231904,0.37515882192,0.0,0.0,0.0
2026-09-29,21,0.38430231904,0.40258931328,0.39344581616,57113686.34734773,0.0,55176176.85932215
2026-09-29,22,0.40258931328,0.42087630752,0.4117328104,0.0,0.0,0.0
2026-09-29,23,0.42087630752,0.43916330176,0.43001980464,0.0,0.0,0.0
2026-09-29,24,0.43916330176,0.457450296,0.44830679888,59335322.29947409,0.0,44326460.87249265
2026-09-29,25,0.457450296,0.47573729024,0.46659379312,49204384.10766029,0.0,55617071.97586854
2026-09-29,26,0.47573729024,0.49402428448,0.48488078736,0.0,0.0,0.0
2026-09-29,27,0.49402428448,0.51231127872,0.5031677816,493700961.0235745,0.0,819549901.0642588
2026-09-29,28,0.51231127872,0.5305982729600001,0.5214547758400001,0.0,0.0,0.0
2026-09-29,29,0.5305982729600001,0.5488852672,0.53974177008,759255814.8335186,0.0,642463812.3466877
2026-09-29,30,0.5488852672,0.56717226144,0.5580287643199999,137142958.75577226,0.0,41553487.95318469
2026-09-29,31,0.56717226144,0.58545925568,0.5763157585600001,598016337.3926116,0.0,797681406.8527083
2026-09-29,32,0.58545925568,0.60374624992,0.5946027528,315043507.42200416,0.0,45827362.4291347
2026-09-29,33,0.60374624992,0.62203324416,0.6128897470400001,480471494.0811425,0.0,1237233961.6849437
2026-09-29,34,0.62203324416,0.6403202384,0.63117674128,377244430.3159424,0.0,501999829.38703626
2026-09-29,35,0.6403202384,0.65860723264,0.6494637355199999,134349992.09987158,0.0,43419453.739608
2026-09-29,36,0.65860723264,0.67689422688,0.66775072976,163802431.64263222,0.0,492886296.2670776
2026-09-29,37,0.67689422688,0.69518122112,0.686037724,388010729.4659754,0.0,270187433.1536174
2026-09-29,38,0.69518122112,0.71346821536,0.7043247182400001,292886068.52078307,0.0,350081143.2609566
2026-09-29,39,0.71346821536,0.7317552096,0.72261171248,75493754.1502787,0.0,42153670.3852609
2026-09-29,40,0.7317552096,0.75004220384,0.7408987067199999,0.0,0.0,0.0
2026-09-29,41,0.75004220384,0.76832919808,0.75918570096,0.0,0.0,0.0
2026-09-29,42,0.76832919808,0.78661619232,0.7774726952,53818438.99270089,0.0,25716900.06879763
2026-09-29,43,0.78661619232,0.80490318656,0.7957596894400001,0.0,0.0,0.0
2026-09-29,44,0.80490318656,0.8231901808000001,0.81404668368,0.0,0.0,0.0
2026-09-29,45,0.8231901808000001,0.84147717504,0.83233367792,0.0,0.0,0.0
2026-09-29,46,0.84147717504,0.85976416928,0.85062067216,83916462.40299459,0.0,43984651.11514545
2026-09-29,47,0.85976416928,0.87805116352,0.8689076664,0.0,0.0,0.0
2026-09-29,48,0.87805116352,0.89633815776,0.8871946606400001,0.0,0.0,0.0
2026-09-29,49,0.89633815776,0.914625152,0.90548165488,58216934.747228384,0.0,40954564.44876288
2026-09-30,0,0.00027544,0.0185624342399999,0.0094189371199999,6685537309.461577,0.0,549733979.1425128
2026-09-30,1,0.0185624342399999,0.03684942848,0.0277059313599999,909193225.885534,0.0,761574907.4762028
2026-09-30,2,0.03684942848,0.05513642272,0.0459929256,585822194.9457569,0.0,329944444.7684203
2026-09-30,3,0.05513642272,0.07342341696,0.06427991984,31203855.59352517,0.0,49242129.16301176
2026-09-30,4,0.07342341696,0.0917104112,0.08256691408,47879910.12392621,0.0,58384249.94114365
2026-09-30,5,0.0917104112,0.10999740544,0.1008539083199999,41382039.4571238,0.0,58523619.41614461
2026-09-30,6,0.10999740544,0.12828439968,0.11914090256,66889214.39717396,0.0,97635306.00063726
2026-09-30,7,0.12828439968,0.14657139392,0.1374278968,0.0,0.0,0.0
2026-09-30,8,0.14657139392,0.1648583881599999,0.1557148910399999,31094087.466670938,0.0,41861991.274228185
2026-09-30,9,0.1648583881599999,0.1831453823999999,0.17400188528,0.0,0.0,0.0
2026-09-30,10,0.1831453823999999,0.20143237664,0.1922888795199999,0.0,0.0,0.0
2026-09-30,11,0.20143237664,0.21971937088,0.2105758737599999,0.0,0.0,0.0
2026-09-30,12,0.21971937088,0.2380063651199999,0.228862868,0.0,0.0,0.0
2026-09-30,13,0.2380063651199999,0.25629335936,0.24714986224,33907820.79041175,0.0,39433625.58990434
2026-09-30,14,0.25629335936,0.2745803536,0.26543685648,0.0,0.0,0.0
2026-09-30,15,0.2745803536,0.29286734784,0.28372385072,0.0,0.0,0.0
2026-09-30,16,0.29286734784,0.31115434208,0.30201084496,0.0,0.0,0.0
2026-09-30,17,0.31115434208,0.32944133632,0.3202978392,72084295.90778683,0.0,56016329.10212189
2026-09-30,18,0.32944133632,0.34772833056,0.33858483344,0.0,0.0,0.0
2026-09-30,19,0.34772833056,0.3660153248,0.35687182768,0.0,0.0,0.0
2026-09-30,20,0.3660153248,0.38430231904,0.37515882192,0.0,0.0,0.0
2026-09-30,21,0.38430231904,0.40258931328,0.39344581616,57025274.14322084,0.0,55137682.75215789
2026-09-30,22,0.40258931328,0.42087630752,0.4117328104,0.0,0.0,0.0
2026-09-30,23,0.42087630752,0.43916330176,0.43001980464,0.0,0.0,0.0
2026-09-30,24,0.43916330176,0.457450296,0.44830679888,59054403.33320807,0.0,44231503.18948374
2026-09-30,25,0.457450296,0.47573729024,0.46659379312,47403459.1785368,0.0,55574939.64181827
2026-09-30,26,0.47573729024,0.49402428448,0.48488078736,0.0,0.0,0.0
2026-09-30,27,0.49402428448,0.51231127872,0.5031677816,246093372.7341214,0.0,664825208.2579188
2026-09-30,28,0.51231127872,0.5305982729600001,0.5214547758400001,0.0,0.0,0.0
2026-09-30,29,0.5305982729600001,0.5488852672,0.53974177008,1128234554.1674268,0.0,1144358676.977607
2026-09-30,30,0.5488852672,0.56717226144,0.5580287643199999,136350060.1572884,0.0,41543626.51472116
2026-09-30,31,0.56717226144,0.58545925568,0.5763157585600001,587414235.1617975,0.0,716355758.5152783
2026-09-30,32,0.58545925568,0.60374624992,0.5946027528,313822477.3562578,0.0,45727241.37983556
2026-09-30,33,0.60374624992,0.62203324416,0.6128897470400001,475980160.38754016,0.0,1233104555.5376484
2026-09-30,34,0.62203324416,0.6403202384,0.63117674128,371395692.81763065,0.0,488756786.49753815
2026-09-30,35,0.6403202384,0.65860723264,0.6494637355199999,134109649.72653808,0.0,43016542.97901312
2026-09-30,36,0.65860723264,0.67689422688,0.66775072976,161267977.62449256,0.0,417158390.436415
2026-09-30,37,0.67689422688,0.69518122112,0.686037724,383836575.22478,0.0,123277942.46768536
2026-09-30,38,0.69518122112,0.71346821536,0.7043247182400001,290193052.0192901,0.0,345485368.0219397
2026-09-30,39,0.71346821536,0.7317552096,0.72261171248,75351690.56210712,0.0,42106820.03353511
2026-09-30,40,0.7317552096,0.75004220384,0.7408987067199999,0.0,0.0,0.0
2026-09-30,41,0.75004220384,0.76832919808,0.75918570096,0.0,0.0,0.0
2026-09-30,42,0.76832919808,0.78661619232,0.7774726952,52024627.40464346,0.0,25699846.018224142
2026-09-30,43,0.78661619232,0.80490318656,0.7957596894400001,0.0,0.0,0.0
2026-09-30,44,0.80490318656,0.8231901808000001,0.81404668368,0.0,0.0,0.0
2026-09-30,45,0.8231901808000001,0.84147717504,0.83233367792,0.0,0.0,0.0
2026-09-30,46,0.84147717504,0.85976416928,0.85062067216,83738499.32235965,0.0,43898064.2143998
2026-09-30,47,0.85976416928,0.87805116352,0.8689076664,0.0,0.0,0.0
2026-09-30,48,0.87805116352,0.89633815776,0.8871946606400001,0.0,0.0,0.0
2026-09-30,49,0.89633815776,0.914625152,0.90548165488,57941167.3584242,0.0,40947138.43487073
2026-10-01,0,0.00027544,0.0185624342399999,0.0094189371199999,6685199039.754992,0.0,549552750.222223
2026-10-01,1,0.0185624342399999,0.03684942848,0.0277059313599999,908750224.1906456,0.0,757508479.7130497
2026-10-01,2,0.03684942848,0.05513642272,0.0459929256,585486947.4003669,0.0,329702555.2811102
2026-10-01,3,0.05513642272,0.07342341696,0.06427991984,31177666.66137697,0.0,49223092.8984486
2026-10-01,4,0.07342341696,0.0917104112,0.08256691408,47798878.35180834,0.0,58378509.27010187
2026-10-01,5,0.0917104112,0.10999740544,0.1008539083199999,41361411.86254827,0.0,58523584.9360806
2026-10-01,6,0.10999740544,0.12828439968,0.11914090256,66787578.68597741,0.0,95882235.12516788
2026-10-01,7,0.12828439968,0.14657139392,0.1374278968,0.0,0.0,0.0
2026-10-01,8,0.14657139392,0.1648583881599999,0.1557148910399999,31083159.57704169,0.0,41860279.37536073
2026-10-01,9,0.1648583881599999,0.1831453823999999,0.17400188528,0.0,0.0,0.0
2026-10-01,10,0.1831453823999999,0.20143237664,0.1922888795199999,0.0,0.0,0.0
2026-10-01,11,0.20143237664,0.21971937088,0.2105758737599999,0.0,0.0,0.0
2026-10-01,12,0.21971937088,0.2380063651199999,0.228862868,0.0,0.0,0.0
2026-10-01,13,0.2380063651199999,0.25629335936,0.24714986224,33236699.38929352,0.0,39429437.97709653
2026-10-01,14,0.25629335936,0.2745803536,0.26543685648,0.0,0.0,0.0
2026-10-01,15,0.2745803536,0.29286734784,0.28372385072,0.0,0.0,0.0
2026-10-01,16,0.29286734784,0.31115434208,0.30201084496,0.0,0.0,0.0
2026-10-01,17,0.31115434208,0.32944133632,0.3202978392,71975997.63701774,0.0,56015996.85991532
2026-10-01,18,0.32944133632,0.34772833056,0.33858483344,0.0,0.0,0.0
2026-10-01,19,0.34772833056,0.3660153248,0.35687182768,0.0,0.0,0.0
2026-10-01,20,0.3660153248,0.38430231904,0.37515882192,0.0,0.0,0.0
2026-10-01,21,0.38430231904,0.40258931328,0.39344581616,57006229.61199227,0.0,55084050.13756805
2026-10-01,22,0.40258931328,0.42087630752,0.4117328104,0.0,0.0,0.0
2026-10-01,23,0.42087630752,0.43916330176,0.43001980464,0.0,0.0,0.0
2026-10-01,24,0.43916330176,0.457450296,0.44830679888,59034773.39125091,0.0,44215180.17971185
2026-10-01,25,0.457450296,0.47573729024,0.46659379312,47355146.14380952,0.0,55545439.87134234
2026-10-01,26,0.47573729024,0.49402428448,0.48488078736,0.0,0.0,0.0
2026-10-01,27,0.49402428448,0.51231127872,0.5031677816,498728262.70814943,0.0,956099835.8848572
2026-10-01,28,0.51231127872,0.5305982729600001,0.5214547758400001,0.0,0.0,0.0
2026-10-01,29,0.5305982729600001,0.5488852672,0.53974177008,950863597.9100828,0.0,1093760749.5525212
2026-10-01,30,0.5488852672,0.56717226144,0.5580287643199999,135852428.88402075,0.0,41541084.61114337
2026-10-01,31,0.56717226144,0.58545925568,0.5763157585600001,585929742.6850122,0.0,692438657.3824034
2026-10-01,32,0.58545925568,0.60374624992,0.5946027528,313182912.2164929,0.0,45723695.49243
2026-10-01,33,0.60374624992,0.62203324416,0.6128897470400001,472670684.4772628,0.0,1231753037.6240046
2026-10-01,34,0.62203324416,0.6403202384,0.63117674128,361454276.4796002,0.0,478938695.5293143
2026-10-01,35,0.6403202384,0.65860723264,0.6494637355199999,133941619.0601052,0.0,41601188.20291029
2026-10-01,36,0.65860723264,0.67689422688,0.66775072976,160149372.08499295,0.0,227382088.7570196
2026-10-01,37,0.67689422688,0.69518122112,0.686037724,381541615.14962775,0.0,123126569.31132644
2026-10-01,38,0.69518122112,0.71346821536,0.7043247182400001,288758026.9891591,0.0,344300000.3838895
2026-10-01,39,0.71346821536,0.7317552096,0.72261171248,75328214.4484954,0.0,42092772.6133971
2026-10-01,40,0.7317552096,0.75004220384,0.7408987067199999,0.0,0.0,0.0
2026-10-01,41,0.75004220384,0.76832919808,0.75918570096,0.0,0.0,0.0
2026-10-01,42,0.76832919808,0.78661619232,0.7774726952,51939031.84953948,0.0,25694314.406734183
2026-10-01,43,0.78661619232,0.80490318656,0.7957596894400001,0.0,0.0,0.0
2026-10-01,44,0.80490318656,0.8231901808000001,0.81404668368,0.0,0.0,0.0
2026-10-01,45,0.8231901808000001,0.84147717504,0.83233367792,0.0,0.0,0.0
2026-10-01,46,0.84147717504,0.85976416928,0.85062067216,83719829.35053709,0.0,43832370.28169447
2026-10-01,47,0.85976416928,0.87805116352,0.8689076664,0.0,0.0,0.0
2026-10-01,48,0.87805116352,0.89633815776,0.8871946606400001,0.0,0.0,0.0
2026-10-01,49,0.89633815776,0.914625152,0.90548165488,57473090.39453221,0.0,40938765.08160813
2026-10-02,0,0.00027544,0.0185624342399999,0.0094189371199999,6684500892.520015,0.0,549502769.1306307
2026-10-02,1,0.0185624342399999,0.03684942848,0.0277059313599999,908126626.117602,0.0,749680748.9149489
2026-10-02,2,0.03684942848,0.05513642272,0.0459929256,584781929.0982301,0.0,329588644.6144164
2026-10-02,3,0.05513642272,0.07342341696,0.06427991984,31002756.1919704,0.0,49213581.38349842
2026-10-02,4,0.07342341696,0.0917104112,0.08256691408,47484577.86317106,0.0,58170008.48502155
2026-10-02,5,0.0917104112,0.10999740544,0.1008539083199999,41212842.22226799,0.0,58522984.57945135
2026-10-02,6,0.10999740544,0.12828439968,0.11914090256,66391344.076596096,0.0,95531836.75260378
2026-10-02,7,0.12828439968,0.14657139392,0.1374278968,0.0,0.0,0.0
2026-10-02,8,0.14657139392,0.1648583881599999,0.1557148910399999,31029761.08885779,0.0,40252998.340705805
2026-10-02,9,0.1648583881599999,0.1831453823999999,0.17400188528,0.0,0.0,0.0
2026-10-02,10,0.1831453823999999,0.20143237664,0.1922888795199999,0.0,0.0,0.0
2026-10-02,11,0.20143237664,0.21971937088,0.2105758737599999,0.0,0.0,0.0
2026-10-02,12,0.21971937088,0.2380063651199999,0.228862868,0.0,0.0,0.0
2026-10-02,13,0.2380063651199999,0.25629335936,0.24714986224,33043761.793317128,0.0,37964477.462321885
2026-10-02,14,0.25629335936,0.2745803536,0.26543685648,0.0,0.0,0.0
2026-10-02,15,0.2745803536,0.29286734784,0.28372385072,0.0,0.0,0.0
2026-10-02,16,0.29286734784,0.31115434208,0.30201084496,0.0,0.0,0.0
2026-10-02,17,0.31115434208,0.32944133632,0.3202978392,71826477.13060692,0.0,54085287.65148027
2026-10-02,18,0.32944133632,0.34772833056,0.33858483344,0.0,0.0,0.0
2026-10-02,19,0.34772833056,0.3660153248,0.35687182768,0.0,0.0,0.0
2026-10-02,20,0.3660153248,0.38430231904,0.37515882192,0.0,0.0,0.0
2026-10-02,21,0.38430231904,0.40258931328,0.39344581616,56948646.54898053,0.0,55032295.97664838
2026-10-02,22,0.40258931328,0.42087630752,0.4117328104,0.0,0.0,0.0
2026-10-02,23,0.42087630752,0.43916330176,0.43001980464,0.0,0.0,0.0
2026-10-02,24,0.43916330176,0.457450296,0.44830679888,473563009.77301055,0.0,807826633.2243967
2026-10-02,25,0.457450296,0.47573729024,0.46659379312,47098290.41842543,0.0,55171520.65438409
2026-10-02,26,0.47573729024,0.49402428448,0.48488078736,0.0,0.0,0.0
2026-10-02,27,0.49402428448,0.51231127872,0.5031677816,333174510.12840056,0.0,881535445.3349234
2026-10-02,28,0.51231127872,0.5305982729600001,0.5214547758400001,0.0,0.0,0.0
2026-10-02,29,0.5305982729600001,0.5488852672,0.53974177008,832450682.3583492,0.0,761853397.5515283
2026-10-02,30,0.5488852672,0.56717226144,0.5580287643199999,135019174.11306766,0.0,41497539.16182746
2026-10-02,31,0.56717226144,0.58545925568,0.5763157585600001,582556470.0957911,0.0,377827010.624797
2026-10-02,32,0.58545925568,0.60374624992,0.5946027528,312535244.37041193,0.0,45516022.444704846
2026-10-02,33,0.60374624992,0.62203324416,0.6128897470400001,470563315.341907,0.0,1230304820.5896077
2026-10-02,34,0.62203324416,0.6403202384,0.63117674128,358771160.48097587,0.0,475140934.6385417
2026-10-02,35,0.6403202384,0.65860723264,0.6494637355199999,133510536.5582198,0.0,37496571.88457464
2026-10-02,36,0.65860723264,0.67689422688,0.66775072976,157781034.76915556,0.0,222746116.9652632
2026-10-02,37,0.67689422688,0.69518122112,0.686037724,378688835.4797421,0.0,119341041.82021238
2026-10-02,38,0.69518122112,0.71346821536,0.7043247182400001,287494627.2350702,0.0,342104618.1215641
2026-10-02,39,0.71346821536,0.7317552096,0.72261171248,75016462.39855427,0.0,41882985.608798735
2026-10-02,40,0.7317552096,0.75004220384,0.7408987067199999,0.0,0.0,0.0
2026-10-02,41,0.75004220384,0.76832919808,0.75918570096,0.0,0.0,0.0
2026-10-02,42,0.76832919808,0.78661619232,0.7774726952,51772983.412920974,0.0,25535841.49096057
2026-10-02,43,0.78661619232,0.80490318656,0.7957596894400001,0.0,0.0,0.0
2026-10-02,44,0.80490318656,0.8231901808000001,0.81404668368,0.0,0.0,0.0
2026-10-02,45,0.8231901808000001,0.84147717504,0.83233367792,0.0,0.0,0.0
2026-10-02,46,0.84147717504,0.85976416928,0.85062067216,83418867.4377087,0.0,43426380.71402861
2026-10-02,47,0.85976416928,0.87805116352,0.8689076664,0.0,0.0,0.0
2026-10-02,48,0.87805116352,0.89633815776,0.8871946606400001,0.0,0.0,0.0
2026-10-02,49,0.89633815776,0.914625152,0.90548165488,54796258.917752095,0.0,40779252.75068263
2026-10-03,0,0.00027544,0.0185624342399999,0.0094189371199999,6683683688.691622,0.0,543427207.8181267
2026-10-03,1,0.0185624342399999,0.03684942848,0.0277059313599999,907547383.8641082,0.0,742756430.1512641
2026-10-03,2,0.03684942848,0.05513642272,0.0459929256,584288257.5023636,0.0,329326851.6845376
2026-10-03,3,0.05513642272,0.07342341696,0.06427991984,30905640.14986032,0.0,49176754.19345184
2026-10-03,4,0.07342341696,0.0917104112,0.08256691408,47215325.19096775,0.0,58011709.07744611
2026-10-03,5,0.0917104112,0.10999740544,0.1008539083199999,40880884.21159673,0.0,58499090.50335465
2026-10-03,6,0.10999740544,0.12828439968,0.11914090256,65883363.42311933,0.0,95482499.8927749
2026-10-03,7,0.12828439968,0.14657139392,0.1374278968,0.0,0.0,0.0
2026-10-03,8,0.14657139392,0.1648583881599999,0.1557148910399999,30996151.494382493,0.0,40237184.51406799
2026-10-03,9,0.1648583881599999,0.1831453823999999,0.17400188528,0.0,0.0,0.0
2026-10-03,10,0.1831453823999999,0.20143237664,0.1922888795199999,0.0,0.0,0.0
2026-10-03,11,0.20143237664,0.21971937088,0.2105758737599999,0.0,0.0,0.0
2026-10-03,12,0.21971937088,0.2380063651199999,0.228862868,0.0,0.0,0.0
2026-10-03,13,0.2380063651199999,0.25629335936,0.24714986224,32704497.60479068,0.0,37954720.34672375
2026-10-03,14,0.25629335936,0.2745803536,0.26543685648,0.0,0.0,0.0
2026-10-03,15,0.2745803536,0.29286734784,0.28372385072,0.0,0.0,0.0
2026-10-03,16,0.29286734784,0.31115434208,0.30201084496,0.0,0.0,0.0
2026-10-03,17,0.31115434208,0.32944133632,0.3202978392,70366946.3338057,0.0,48581342.86615424
2026-10-03,18,0.32944133632,0.34772833056,0.33858483344,0.0,0.0,0.0
2026-10-03,19,0.34772833056,0.3660153248,0.35687182768,0.0,0.0,0.0
2026-10-03,20,0.3660153248,0.38430231904,0.37515882192,0.0,0.0,0.0
2026-10-03,21,0.38430231904,0.40258931328,0.39344581616,56327093.095725074,0.0,54763205.23817989
2026-10-03,22,0.40258931328,0.42087630752,0.4117328104,428587967.40086913,0.0,763856577.850412
2026-10-03,23,0.42087630752,0.43916330176,0.43001980464,0.0,0.0,0.0
2026-10-03,24,0.43916330176,0.457450296,0.44830679888,376877761.834152,0.0,651977718.6764227
2026-10-03,25,0.457450296,0.47573729024,0.46659379312,46709564.63975284,0.0,54727364.74203573
2026-10-03,26,0.47573729024,0.49402428448,0.48488078736,0.0,0.0,0.0
2026-10-03,27,0.49402428448,0.51231127872,0.5031677816,254247573.95477203,0.0,637229860.4773871
2026-10-03,28,0.51231127872,0.5305982729600001,0.5214547758400001,0.0,0.0,0.0
2026-10-03,29,0.5305982729600001,0.5488852672,0.53974177008,813766646.7175283,0.0,754453305.9466649
2026-10-03,30,0.5488852672,0.56717226144,0.5580287643199999,133836158.66100502,0.0,40280287.950262405
2026-10-03,31,0.56717226144,0.58545925568,0.5763157585600001,578089492.244929,0.0,341804971.2274292
2026-10-03,32,0.58545925568,0.60374624992,0.5946027528,311709146.71981484,0.0,43408690.057227015
2026-10-03,33,0.60374624992,0.62203324416,0.6128897470400001,467635617.6646807,0.0,949337885.9922476
2026-10-03,34,0.62203324416,0.6403202384,0.63117674128,348959012.1430914,0.0,465430007.5035512
2026-10-03,35,0.6403202384,0.65860723264,0.6494637355199999,131713143.63645458,0.0,32261712.789586984
2026-10-03,36,0.65860723264,0.67689422688,0.66775072976,150688603.7152769,0.0,221310632.9530285
2026-10-03,37,0.67689422688,0.69518122112,0.686037724,377477177.92911816,0.0,118542823.39380102
2026-10-03,38,0.69518122112,0.71346821536,0.7043247182400001,286503635.0971243,0.0,338870151.42889273
2026-10-03,39,0.71346821536,0.7317552096,0.72261171248,74589817.3474808,0.0,41746719.45069785
2026-10-03,40,0.7317552096,0.75004220384,0.7408987067199999,0.0,0.0,0.0
2026-10-03,41,0.75004220384,0.76832919808,0.75918570096,0.0,0.0,0.0
2026-10-03,42,0.76832919808,0.78661619232,0.7774726952,51622963.36164724,0.0,25263075.11903909
2026-10-03,43,0.78661619232,0.80490318656,0.7957596894400001,0.0,0.0,0.0
2026-10-03,44,0.80490318656,0.8231901808000001,0.81404668368,0.0,0.0,0.0
2026-10-03,45,0.8231901808000001,0.84147717504,0.83233367792,0.0,0.0,0.0
2026-10-03,46,0.84147717504,0.85976416928,0.85062067216,82655508.34175219,0.0,43178270.77689747
2026-10-03,47,0.85976416928,0.87805116352,0.8689076664,0.0,0.0,0.0
2026-10-03,48,0.87805116352,0.89633815776,0.8871946606400001,0.0,0.0,0.0
2026-10-03,49,0.89633815776,0.914625152,0.90548165488,53479274.88452175,0.0,40778531.63629495
2026-10-04,0,0.00027544,0.0185624342399999,0.0094189371199999,6683347634.505235,0.0,543370079.8156902
2026-10-04,1,0.0185624342399999,0.03684942848,0.0277059313599999,907221321.9498564,0.0,736350838.010646
2026-10-04,2,0.03684942848,0.05513642272,0.0459929256,583356565.0515035,0.0,328887842.75312656
2026-10-04,3,0.05513642272,0.07342341696,0.06427991984,30886034.25471091,0.0,49151553.65749434
2026-10-04,4,0.07342341696,0.0917104112,0.08256691408,47057856.17187889,0.0,57969365.25989832
2026-10-04,5,0.0917104112,0.10999740544,0.1008539083199999,40830248.21670296,0.0,58486221.40877151
2026-10-04,6,0.10999740544,0.12828439968,0.11914090256,65630100.661322415,0.0,95451983.7426373
2026-10-04,7,0.12828439968,0.14657139392,0.1374278968,0.0,0.0,0.0
2026-10-04,8,0.14657139392,0.1648583881599999,0.1557148910399999,30937868.393931404,0.0,40224490.07321171
2026-10-04,9,0.1648583881599999,0.1831453823999999,0.17400188528,0.0,0.0,0.0
2026-10-04,10,0.1831453823999999,0.20143237664,0.1922888795199999,0.0,0.0,0.0
2026-10-04,11,0.20143237664,0.21971937088,0.2105758737599999,0.0,0.0,0.0
2026-10-04,12,0.21971937088,0.2380063651199999,0.228862868,0.0,0.0,0.0
2026-10-04,13,0.2380063651199999,0.25629335936,0.24714986224,32434703.48888521,0.0,37912827.64602817
2026-10-04,14,0.25629335936,0.2745803536,0.26543685648,0.0,0.0,0.0
2026-10-04,15,0.2745803536,0.29286734784,0.28372385072,0.0,0.0,0.0
2026-10-04,16,0.29286734784,0.31115434208,0.30201084496,0.0,0.0,0.0
2026-10-04,17,0.31115434208,0.32944133632,0.3202978392,68429161.66389142,0.0,48572685.51168783
2026-10-04,18,0.32944133632,0.34772833056,0.33858483344,0.0,0.0,0.0
2026-10-04,19,0.34772833056,0.3660153248,0.35687182768,0.0,0.0,0.0
2026-10-04,20,0.3660153248,0.38430231904,0.37515882192,0.0,0.0,0.0
2026-10-04,21,0.38430231904,0.40258931328,0.39344581616,508393454.4859303,0.0,899563988.1227938
2026-10-04,22,0.40258931328,0.42087630752,0.4117328104,226592601.47897,0.0,561119227.9177577
2026-10-04,23,0.42087630752,0.43916330176,0.43001980464,0.0,0.0,0.0
2026-10-04,24,0.43916330176,0.457450296,0.44830679888,349702062.96306163,0.0,430236782.3827603
2026-10-04,25,0.457450296,0.47573729024,0.46659379312,46409633.06580444,0.0,54714510.29316653
2026-10-04,26,0.47573729024,0.49402428448,0.48488078736,0.0,0.0,0.0
2026-10-04,27,0.49402428448,0.51231127872,0.5031677816,242468674.9051996,0.0,627325842.5254396
2026-10-04,28,0.51231127872,0.5305982729600001,0.5214547758400001,0.0,0.0,0.0
2026-10-04,29,0.5305982729600001,0.5488852672,0.53974177008,799337527.5578653,0.0,737793254.8805777
2026-10-04,30,0.5488852672,0.56717226144,0.5580287643199999,132589351.79213582,0.0,40210965.78216945
2026-10-04,31,0.56717226144,0.58545925568,0.5763157585600001,574733604.4341125,0.0,338702023.3417217
2026-10-04,32,0.58545925568,0.60374624992,0.5946027528,311145864.117018,0.0,43323009.97933527
2026-10-04,33,0.60374624992,0.62203324416,0.6128897470400001,465706534.310169,0.0,584550361.2767402
2026-10-04,34,0.62203324416,0.6403202384,0.63117674128,345565895.4561478,0.0,460682164.80298406
2026-10-04,35,0.6403202384,0.65860723264,0.6494637355199999,131272113.7321514,0.0,32210678.50969394
2026-10-04,36,0.65860723264,0.67689422688,0.66775072976,150207623.27479404,0.0,219519407.7113264
2026-10-04,37,0.67689422688,0.69518122112,0.686037724,375839799.3224804,0.0,118309267.78489298
2026-10-04,38,0.69518122112,0.71346821536,0.7043247182400001,284853863.4426096,0.0,338667117.8655081
2026-10-04,39,0.71346821536,0.7317552096,0.72261171248,73516511.50057848,0.0,41734225.681514025
2026-10-04,40,0.7317552096,0.75004220384,0.7408987067199999,0.0,0.0,0.0
2026-10-04,41,0.75004220384,0.76832919808,0.75918570096,0.0,0.0,0.0
2026-10-04,42,0.76832919808,0.78661619232,0.7774726952,51511760.2136996,0.0,25195278.15630775
2026-10-04,43,0.78661619232,0.80490318656,0.7957596894400001,0.0,0.0,0.0
2026-10-04,44,0.80490318656,0.8231901808000001,0.81404668368,0.0,0.0,0.0
2026-10-04,45,0.8231901808000001,0.84147717504,0.83233367792,0.0,0.0,0.0
2026-10-04,46,0.84147717504,0.85976416928,0.85062067216,81451035.78638451,0.0,43061780.96784729
2026-10-04,47,0.85976416928,0.87805116352,0.8689076664,0.0,0.0,0.0
2026-10-04,48,0.87805116352,0.89633815776,0.8871946606400001,0.0,0.0,0.0
2026-10-04,49,0.89633815776,0.914625152,0.90548165488,51811662.79353955,0.0,40776539.37441221
2026-10-05,0,0.00027544,0.0185624342399999,0.0094189371199999,6683136333.537649,0.0,543171386.6052793
2026-10-05,1,0.0185624342399999,0.03684942848,0.0277059313599999,906226021.9140086,0.0,731688314.739643
2026-10-05,2,0.03684942848,0.05513642272,0.0459929256,583208024.9689636,0.0,326830501.4041116
2026-10-05,3,0.05513642272,0.07342341696,0.06427991984,30870505.69849702,0.0,48958798.0076288
2026-10-05,4,0.07342341696,0.0917104112,0.08256691408,46901458.42002852,0.0,57956173.394358814
2026-10-05,5,0.0917104112,0.10999740544,0.1008539083199999,40775035.285712,0.0,58486221.40877152
2026-10-05,6,0.10999740544,0.12828439968,0.11914090256,65128822.4236442,0.0,95066100.07223658
2026-10-05,7,0.12828439968,0.14657139392,0.1374278968,0.0,0.0,0.0
2026-10-05,8,0.14657139392,0.1648583881599999,0.1557148910399999,30855737.450824764,0.0,40219807.792556085
2026-10-05,9,0.1648583881599999,0.1831453823999999,0.17400188528,0.0,0.0,0.0
2026-10-05,10,0.1831453823999999,0.20143237664,0.1922888795199999,0.0,0.0,0.0
2026-10-05,11,0.20143237664,0.21971937088,0.2105758737599999,0.0,0.0,0.0
2026-10-05,12,0.21971937088,0.2380063651199999,0.228862868,0.0,0.0,0.0
2026-10-05,13,0.2380063651199999,0.25629335936,0.24714986224,31964201.60611249,0.0,37912141.01686543
2026-10-05,14,0.25629335936,0.2745803536,0.26543685648,0.0,0.0,0.0
2026-10-05,15,0.2745803536,0.29286734784,0.28372385072,0.0,0.0,0.0
2026-10-05,16,0.29286734784,0.31115434208,0.30201084496,0.0,0.0,0.0
2026-10-05,17,0.31115434208,0.32944133632,0.3202978392,67702385.20129403,0.0,48571020.29516536
2026-10-05,18,0.32944133632,0.34772833056,0.33858483344,0.0,0.0,0.0
2026-10-05,19,0.34772833056,0.3660153248,0.35687182768,0.0,0.0,0.0
2026-10-05,20,0.3660153248,0.38430231904,0.37515882192,0.0,0.0,0.0
2026-10-05,21,0.38430231904,0.40258931328,0.39344581616,766312809.3975754,0.0,1496044974.328069
2026-10-05,22,0.40258931328,0.42087630752,0.4117328104,202840604.60452735,0.0,399195079.6707858
2026-10-05,23,0.42087630752,0.43916330176,0.43001980464,0.0,0.0,0.0
2026-10-05,24,0.43916330176,0.457450296,0.44830679888,336085964.18013024,0.0,412882023.97832674
2026-10-05,25,0.457450296,0.47573729024,0.46659379312,46338186.43643648,0.0,54342360.497203
2026-10-05,26,0.47573729024,0.49402428448,0.48488078736,0.0,0.0,0.0
2026-10-05,27,0.49402428448,0.51231127872,0.5031677816,232918381.8305317,0.0,618090407.0486948
2026-10-05,28,0.51231127872,0.5305982729600001,0.5214547758400001,0.0,0.0,0.0
2026-10-05,29,0.5305982729600001,0.5488852672,0.53974177008,790764162.2932806,0.0,724046700.3254864
2026-10-05,30,0.5488852672,0.56717226144,0.5580287643199999,131714987.0666406,0.0,39756921.87513783
2026-10-05,31,0.56717226144,0.58545925568,0.5763157585600001,571364401.9732095,0.0,335132993.2900816
2026-10-05,32,0.58545925568,0.60374624992,0.5946027528,310570874.1235602,0.0,43306972.78129136
2026-10-05,33,0.60374624992,0.62203324416,0.6128897470400001,461914480.8530817,0.0,430261401.10429215
2026-10-05,34,0.62203324416,0.6403202384,0.63117674128,344185158.492213,0.0,458717492.5218
2026-10-05,35,0.6403202384,0.65860723264,0.6494637355199999,131131360.86493264,0.0,32209502.998973843
2026-10-05,36,0.65860723264,0.67689422688,0.66775072976,149723146.91161978,0.0,214723331.56292716
2026-10-05,37,0.67689422688,0.69518122112,0.686037724,375392906.5115215,0.0,116776556.08323292
2026-10-05,38,0.69518122112,0.71346821536,0.7043247182400001,284010243.12852657,0.0,119183241.14486428
2026-10-05,39,0.71346821536,0.7317552096,0.72261171248,73223673.61669171,0.0,41733919.98749536
2026-10-05,40,0.7317552096,0.75004220384,0.7408987067199999,0.0,0.0,0.0
2026-10-05,41,0.75004220384,0.76832919808,0.75918570096,0.0,0.0,0.0
2026-10-05,42,0.76832919808,0.78661619232,0.7774726952,51105800.02957244,0.0,25194341.25579311
2026-10-05,43,0.78661619232,0.80490318656,0.7957596894400001,0.0,0.0,0.0
2026-10-05,44,0.80490318656,0.8231901808000001,0.81404668368,0.0,0.0,0.0
2026-10-05,45,0.8231901808000001,0.84147717504,0.83233367792,0.0,0.0,0.0
2026-10-05,46,0.84147717504,0.85976416928,0.85062067216,81318612.70556165,0.0,43015367.8311996
2026-10-05,47,0.85976416928,0.87805116352,0.8689076664,0.0,0.0,0.0
2026-10-05,48,0.87805116352,0.89633815776,0.8871946606400001,0.0,0.0,0.0
2026-10-05,49,0.89633815776,0.914625152,0.90548165488,51211441.61066033,0.0,40776539.374412194
2026-10-06,0,0.00027544,0.018562434239999998,0.009418937119999998,6682972513.868658,0.0,543070811.672054
2026-10-06,1,0.018562434239999998,0.03684942848,0.027705931359999998,905497376.7849725,0.0,724849495.8769804
2026-10-06,2,0.03684942848,0.05513642272,0.0459929256,582745181.1231368,0.0,324183232.309317
2026-10-06,3,0.05513642272,0.07342341696,0.06427991984,30819796.977536596,0.0,48897666.64098258
2026-10-06,4,0.07342341696,0.0917104112,0.08256691408,46812811.23366608,0.0,57924519.90451268
2026-10-06,5,0.0917104112,0.10999740544,0.10085390831999999,40752130.55266963,0.0,58486154.56619869
2026-10-06,6,0.10999740544,0.12828439968,0.11914090256,64646758.94475575,0.0,95035631.7285791
2026-10-06,7,0.12828439968,0.14657139392,0.1374278968,0.0,0.0,0.0
2026-10-06,8,0.14657139392,0.16485838815999998,0.15571489103999997,30760341.8312918,0.0,40210580.28873962
2026-10-06,9,0.16485838815999998,0.18314538239999997,0.17400188528,0.0,0.0,0.0
2026-10-06,10,0.18314538239999997,0.20143237664,0.19228887951999998,0.0,0.0,0.0
2026-10-06,11,0.20143237664,0.21971937088,0.21057587375999998,0.0,0.0,0.0
2026-10-06,12,0.21971937088,0.23800636511999998,0.228862868,0.0,0.0,0.0
2026-10-06,13,0.23800636511999998,0.25629335936000003,0.24714986224000002,31792177.831111744,0.0,37912141.01686544
2026-10-06,14,0.25629335936000003,0.2745803536,0.26543685648000004,0.0,0.0,0.0
2026-10-06,15,0.2745803536,0.29286734784,0.28372385072,0.0,0.0,0.0
2026-10-06,16,0.29286734784,0.31115434208000003,0.30201084496,0.0,0.0,0.0
2026-10-06,17,0.31115434208000003,0.32944133632,0.3202978392,67627835.36980525,0.0,48571020.29516543
2026-10-06,18,0.32944133632,0.34772833056,0.33858483344,0.0,0.0,0.0
2026-10-06,19,0.34772833056,0.3660153248,0.35687182768000003,0.0,0.0,0.0
2026-10-06,20,0.3660153248,0.38430231904,0.37515882192,0.0,0.0,0.0
2026-10-06,21,0.38430231904,0.40258931328,0.39344581616,815882364.2531693,0.0,1918724490.3758779
2026-10-06,22,0.40258931328,0.42087630752,0.4117328104,192477131.3128987,0.0,391622002.77205503
2026-10-06,23,0.42087630752,0.43916330176,0.43001980464,0.0,0.0,0.0
2026-10-06,24,0.43916330176,0.45745029600000003,0.44830679888,328047718.845069,0.0,391433194.3325861
2026-10-06,25,0.45745029600000003,0.47573729024,0.46659379312000004,46045448.31367554,0.0,51523935.06740949
2026-10-06,26,0.47573729024,0.49402428448,0.48488078736,0.0,0.0,0.0
2026-10-06,27,0.49402428448,0.51231127872,0.5031677816,229609383.54687542,0.0,606315196.654447
2026-10-06,28,0.51231127872,0.5305982729600001,0.5214547758400001,0.0,0.0,0.0
2026-10-06,29,0.5305982729600001,0.5488852672,0.53974177008,788924620.3127493,0.0,723085184.5406464
2026-10-06,30,0.5488852672,0.56717226144,0.5580287643199999,131605921.0542016,0.0,39639233.7475636
2026-10-06,31,0.56717226144,0.58545925568,0.5763157585600001,568501714.192335,0.0,333480101.07151943
2026-10-06,32,0.58545925568,0.60374624992,0.5946027528,310177788.48951954,0.0,42991691.93891205
2026-10-06,33,0.60374624992,0.62203324416,0.6128897470400001,460417214.8026791,0.0,259408310.55134755
2026-10-06,34,0.62203324416,0.6403202384,0.63117674128,343083184.20185626,0.0,291222200.5096887
2026-10-06,35,0.6403202384,0.65860723264,0.6494637355199999,131024139.82391652,0.0,32207144.486620553
2026-10-06,36,0.65860723264,0.67689422688,0.66775072976,147824112.40277,0.0,212664441.83082876
2026-10-06,37,0.67689422688,0.69518122112,0.686037724,374733964.9301594,0.0,110929626.158636
2026-10-06,38,0.69518122112,0.71346821536,0.7043247182400001,283502371.89199036,0.0,100908413.9535981
2026-10-06,39,0.71346821536,0.7317552096,0.72261171248,73179214.47183898,0.0,41707273.84936742
2026-10-06,40,0.7317552096,0.75004220384,0.7408987067199999,0.0,0.0,0.0
2026-10-06,41,0.75004220384,0.76832919808,0.75918570096,0.0,0.0,0.0
2026-10-06,42,0.76832919808,0.78661619232,0.7774726952,51033167.53884064,0.0,25194341.255793124
2026-10-06,43,0.78661619232,0.80490318656,0.7957596894400001,0.0,0.0,0.0
2026-10-06,44,0.80490318656,0.8231901808000001,0.81404668368,0.0,0.0,0.0
2026-10-06,45,0.8231901808000001,0.84147717504,0.83233367792,0.0,0.0,0.0
2026-10-06,46,0.84147717504,0.85976416928,0.85062067216,81049890.50230646,0.0,42973615.54499957
2026-10-06,47,0.85976416928,0.87805116352,0.8689076664,0.0,0.0,0.0
2026-10-06,48,0.87805116352,0.89633815776,0.8871946606400001,0.0,0.0,0.0
2026-10-06,49,0.89633815776,0.914625152,0.90548165488,50600977.277387775,0.0,40776539.37441221
2026-10-07,0,0.00027544,0.018562434239999998,0.009418937119999998,6679783785.554502,0.0,542940218.2491885
2026-10-07,1,0.018562434239999998,0.03684942848,0.027705931359999998,904424970.4439951,0.0,719847346.67302
2026-10-07,2,0.03684942848,0.05513642272,0.0459929256,581863395.875756,0.0,322983107.9251117
2026-10-07,3,0.05513642272,0.07342341696,0.06427991984,30813038.970886562,0.0,48846098.61450339
2026-10-07,4,0.07342341696,0.0917104112,0.08256691408,46793476.37539029,0.0,57854642.14391041
2026-10-07,5,0.0917104112,0.10999740544,0.10085390831999999,40582237.43853059,0.0,58460517.925294176
2026-10-07,6,0.10999740544,0.12828439968,0.11914090256,64558611.83253316,0.0,94996999.01687475
2026-10-07,7,0.12828439968,0.14657139392,0.1374278968,0.0,0.0,0.0
2026-10-07,8,0.14657139392,0.16485838815999998,0.15571489103999997,30730183.36417166,0.0,40207908.1162089
2026-10-07,9,0.16485838815999998,0.18314538239999997,0.17400188528,0.0,0.0,0.0
2026-10-07,10,0.18314538239999997,0.20143237664,0.19228887951999998,0.0,0.0,0.0
2026-10-07,11,0.20143237664,0.21971937088,0.21057587375999998,0.0,0.0,0.0
2026-10-07,12,0.21971937088,0.23800636511999998,0.228862868,0.0,0.0,0.0
2026-10-07,13,0.23800636511999998,0.25629335936000003,0.24714986224000002,31141260.61916366,0.0,37894705.34543407
2026-10-07,14,0.25629335936000003,0.2745803536,0.26543685648000004,0.0,0.0,0.0
2026-10-07,15,0.2745803536,0.29286734784,0.28372385072,0.0,0.0,0.0
2026-10-07,16,0.29286734784,0.31115434208000003,0.30201084496,0.0,0.0,0.0
2026-10-07,17,0.31115434208000003,0.32944133632,0.3202978392,67480410.36642925,0.0,48553407.868999586
2026-10-07,18,0.32944133632,0.34772833056,0.33858483344,0.0,0.0,0.0
2026-10-07,19,0.34772833056,0.3660153248,0.35687182768000003,0.0,0.0,0.0
2026-10-07,20,0.3660153248,0.38430231904,0.37515882192,0.0,0.0,0.0
2026-10-07,21,0.38430231904,0.40258931328,0.39344581616,961336901.880545,0.0,2408601009.485607
2026-10-07,22,0.40258931328,0.42087630752,0.4117328104,183281915.69952938,0.0,360541213.73438305
2026-10-07,23,0.42087630752,0.43916330176,0.43001980464,0.0,0.0,0.0
2026-10-07,24,0.43916330176,0.45745029600000003,0.44830679888,323291566.74408466,0.0,384341668.1904937
2026-10-07,25,0.45745029600000003,0.47573729024,0.46659379312000004,46016128.64517131,0.0,51514651.13697567
2026-10-07,26,0.47573729024,0.49402428448,0.48488078736,0.0,0.0,0.0
2026-10-07,27,0.49402428448,0.51231127872,0.5031677816,228532795.9837168,0.0,605733262.4753628
2026-10-07,28,0.51231127872,0.5305982729600001,0.5214547758400001,0.0,0.0,0.0
2026-10-07,29,0.5305982729600001,0.5488852672,0.53974177008,786544608.3604964,0.0,718112477.2733818
2026-10-07,30,0.5488852672,0.56717226144,0.5580287643199999,131453621.40165335,0.0,39618356.30734966
2026-10-07,31,0.56717226144,0.58545925568,0.5763157585600001,566072495.8630255,0.0,331779587.46523225
2026-10-07,32,0.58545925568,0.60374624992,0.5946027528,309645765.6125176,0.0,42582784.947087385
2026-10-07,33,0.60374624992,0.62203324416,0.6128897470400001,458315070.37661093,0.0,104178280.57046899
2026-10-07,34,0.62203324416,0.6403202384,0.63117674128,341985398.0835908,0.0,188886928.51918167
2026-10-07,35,0.6403202384,0.65860723264,0.6494637355199999,130839788.5878425,0.0,32171941.84934686
2026-10-07,36,0.65860723264,0.67689422688,0.66775072976,145973204.18568766,0.0,48397117.56019433
2026-10-07,37,0.67689422688,0.69518122112,0.686037724,374059751.30965686,0.0,108302810.06679188
2026-10-07,38,0.69518122112,0.71346821536,0.7043247182400001,282842174.2929497,0.0,97200982.90088071
2026-10-07,39,0.71346821536,0.7317552096,0.72261171248,73148823.20164323,0.0,41659941.00765113
2026-10-07,40,0.7317552096,0.75004220384,0.7408987067199999,0.0,0.0,0.0
2026-10-07,41,0.75004220384,0.76832919808,0.75918570096,0.0,0.0,0.0
2026-10-07,42,0.76832919808,0.78661619232,0.7774726952,50771953.85454028,0.0,25127772.679513913
2026-10-07,43,0.78661619232,0.80490318656,0.7957596894400001,0.0,0.0,0.0
2026-10-07,44,0.80490318656,0.8231901808000001,0.81404668368,0.0,0.0,0.0
2026-10-07,45,0.8231901808000001,0.84147717504,0.83233367792,0.0,0.0,0.0
2026-10-07,46,0.84147717504,0.85976416928,0.85062067216,80857430.20040807,0.0,42884604.466392584
2026-10-07,47,0.85976416928,0.87805116352,0.8689076664,0.0,0.0,0.0
2026-10-07,48,0.87805116352,0.89633815776,0.8871946606400001,0.0,0.0,0.0
2026-10-07,49,0.89633815776,0.914625152,0.90548165488,50187045.41798544,0.0,40775932.4127721
2026-10-08,0,0.00027544,0.018562434239999998,0.009418937119999998,6679278441.540757,0.0,541118847.007194
2026-10-08,1,0.018562434239999998,0.03684942848,0.027705931359999998,899703189.4380621,0.0,711808340.5103846
2026-10-08,2,0.03684942848,0.05513642272,0.0459929256,580549327.2843441,0.0,318508908.43674296
2026-10-08,3,0.05513642272,0.07342341696,0.06427991984,30777634.191951524,0.0,48379813.3388428
2026-10-08,4,0.07342341696,0.0917104112,0.08256691408,46688140.63875989,0.0,57763723.23940432
2026-10-08,5,0.0917104112,0.10999740544,0.10085390831999999,40311984.27051775,0.0,58405592.17208512
2026-10-08,6,0.10999740544,0.12828439968,0.11914090256,64421038.85559437,0.0,94482659.76377097
2026-10-08,7,0.12828439968,0.14657139392,0.1374278968,0.0,0.0,0.0
2026-10-08,8,0.14657139392,0.16485838815999998,0.15571489103999997,30498330.00331973,0.0,38204417.19100749
2026-10-08,9,0.16485838815999998,0.18314538239999997,0.17400188528,0.0,0.0,0.0
2026-10-08,10,0.18314538239999997,0.20143237664,0.19228887951999998,0.0,0.0,0.0
2026-10-08,11,0.20143237664,0.21971937088,0.21057587375999998,0.0,0.0,0.0
2026-10-08,12,0.21971937088,0.23800636511999998,0.228862868,0.0,0.0,0.0
2026-10-08,13,0.23800636511999998,0.25629335936000003,0.24714986224000002,30873405.94935105,0.0,37856939.90054604
2026-10-08,14,0.25629335936000003,0.2745803536,0.26543685648000004,0.0,0.0,0.0
2026-10-08,15,0.2745803536,0.29286734784,0.28372385072,0.0,0.0,0.0
2026-10-08,16,0.29286734784,0.31115434208000003,0.30201084496,0.0,0.0,0.0
2026-10-08,17,0.31115434208000003,0.32944133632,0.3202978392,66694768.78594191,0.0,48536486.085692056
2026-10-08,18,0.32944133632,0.34772833056,0.33858483344,565067858.5082116,0.0,857231928.8612859
2026-10-08,19,0.34772833056,0.3660153248,0.35687182768000003,0.0,0.0,0.0
2026-10-08,20,0.3660153248,0.38430231904,0.37515882192,0.0,0.0,0.0
2026-10-08,21,0.38430231904,0.40258931328,0.39344581616,554706406.581565,0.0,1948913197.579765
2026-10-08,22,0.40258931328,0.42087630752,0.4117328104,179030385.53455102,0.0,351912120.99740213
2026-10-08,23,0.42087630752,0.43916330176,0.43001980464,0.0,0.0,0.0
2026-10-08,24,0.43916330176,0.45745029600000003,0.44830679888,319823742.4748537,0.0,381541222.17841023
2026-10-08,25,0.45745029600000003,0.47573729024,0.46659379312000004,45887515.71798407,0.0,51467589.83988057
2026-10-08,26,0.47573729024,0.49402428448,0.48488078736,0.0,0.0,0.0
2026-10-08,27,0.49402428448,0.51231127872,0.5031677816,224799611.1207535,0.0,596729350.3884723
2026-10-08,28,0.51231127872,0.5305982729600001,0.5214547758400001,0.0,0.0,0.0
2026-10-08,29,0.5305982729600001,0.5488852672,0.53974177008,768515492.2343122,0.0,701655669.8629248
2026-10-08,30,0.5488852672,0.56717226144,0.5580287643199999,130601673.30372204,0.0,39488925.10558223
2026-10-08,31,0.56717226144,0.58545925568,0.5763157585600001,563565948.0759002,0.0,129091843.69087406
2026-10-08,32,0.58545925568,0.60374624992,0.5946027528,307630735.81452465,0.0,42335452.80745915
2026-10-08,33,0.60374624992,0.62203324416,0.6128897470400001,453827332.5511434,0.0,89781323.59570214
2026-10-08,34,0.62203324416,0.6403202384,0.63117674128,337546288.8615435,0.0,63635666.674651384
2026-10-08,35,0.6403202384,0.65860723264,0.6494637355199999,130359558.04316546,0.0,32150725.844119173
2026-10-08,36,0.65860723264,0.67689422688,0.66775072976,144545020.66406566,0.0,44192484.71507774
2026-10-08,37,0.67689422688,0.69518122112,0.686037724,371589175.49792933,0.0,108040685.35284324
2026-10-08,38,0.69518122112,0.71346821536,0.7043247182400001,278610573.7814654,0.0,92897430.61683875
2026-10-08,39,0.71346821536,0.7317552096,0.72261171248,72500444.06208861,0.0,41584229.121229075
2026-10-08,40,0.7317552096,0.75004220384,0.7408987067199999,0.0,0.0,0.0
2026-10-08,41,0.75004220384,0.76832919808,0.75918570096,0.0,0.0,0.0
2026-10-08,42,0.76832919808,0.78661619232,0.7774726952,49972169.336730964,0.0,25111703.046949908
2026-10-08,43,0.78661619232,0.80490318656,0.7957596894400001,0.0,0.0,0.0
2026-10-08,44,0.80490318656,0.8231901808000001,0.81404668368,0.0,0.0,0.0
2026-10-08,45,0.8231901808000001,0.84147717504,0.83233367792,0.0,0.0,0.0
2026-10-08,46,0.84147717504,0.85976416928,0.85062067216,80486913.32745872,0.0,42388018.99795522
2026-10-08,47,0.85976416928,0.87805116352,0.8689076664,0.0,0.0,0.0
2026-10-08,48,0.87805116352,0.89633815776,0.8871946606400001,0.0,0.0,0.0
2026-10-08,49,0.89633815776,0.914625152,0.90548165488,49393205.28922828,0.0,40744012.08556216
